stratum	fuzzy	mpn	size	n_mismatch	signature	opc_jaccard	LSobj_imm	LSr1_imm	unit	symbol
>=99	99.993	100.000	12220	2	CODEGEN_REGALLOC	1.0	0	0	default/NextSongPanel	?CountOrCreateExpandedDetails@NextSongPanel@@QAAHHAAVDataArrayPtr@@_N@Z
>=99	99.993	99.993	584	1	SOURCE_ARGVAL	1.0	0	0	default/MetaMusic	?Start@MetaMusic@@QAAXXZ
>=99	99.990	99.990	792	2	SOURCE_ARGVAL	1.0	2	0	default/CharLipSyncDriver	?Poll@CharLipSyncDriver@@UAAXXZ
>=99	99.987	99.987	316	1	SOURCE_ARGVAL	1.0	0	0	default/band3/meta_band/BandProfile	??$LoadStdPtr@VTourCharLocal@@V?$StlNodeAlloc@PAVTourCharLocal@@@stlpmtx_std@@@FixedSizeSaveable@@SAXAAVFixedSizeSaveableStream@@AAV?$vector@PAVTourCharLocal@@V?$StlNodeAlloc@PAVTourCharLocal@@@stlpmtx_std@@@stlpmtx_std@@HH@Z
>=99	99.985	100.000	1356	1	SOURCE_ARGVAL	1.0	0	0	default/OvershellPanel	?ResolvePartWaitStates@OvershellPanel@@QAAXXZ
>=99	99.984	100.000	2432	1	CODEGEN_REGALLOC	1.0	0	0	default/DataFile	?ParseNode@@YA_NXZ
>=99	99.977	99.977	352	2	SOURCE_ARGVAL	1.0	2	0	default/Font	?SetKerning@KerningTable@@QAAXABV?$vector@VKernInfo@RndFont@@V?$StlNodeAlloc@VKernInfo@RndFont@@@stlpmtx_std@@@stlpmtx_std@@PAVRndFont@@@Z
>=99	99.977	99.977	352	2	SOURCE_ARGVAL	1.0	2	0	default/system/dsp/SndAnalysis	?RefinePeriod2@@YAMPBM00HH@Z
>=99	99.974	100.000	6160	8	CODEGEN_REGALLOC	1.0	0	0	default/MusicLibrary	?Handle@MusicLibrary@@UAA?AVDataNode@@PAVDataArray@@_N@Z
>=99	99.972	99.972	720	1	CLEAN?	0.989	0	0	default/Part	?UpdateParticles@RndParticleSys@@IAAXXZ
>=99	99.969	100.000	2596	2	CODEGEN_REGALLOC	1.0	0	0	default/TourProgress	?Handle@TourProgress@@UAA?AVDataNode@@PAVDataArray@@_N@Z
>=99	99.966	100.000	1176	1	CODEGEN_REGALLOC	1.0	0	0	default/MicInputArrow	?Update@MicInputArrow@@UAAXXZ
>=99	99.966	99.966	116	1	SOURCE_ARGVAL	1.0	0	0	default/DepthBuffer3D	?push_back@?$vector@UPropertyFilter@CameraManager@@V?$StlNodeAlloc@UPropertyFilter@CameraManager@@@stlpmtx_std@@@stlpmtx_std@@QAAXABUPropertyFilter@CameraManager@@@Z
>=99	99.966	99.966	116	1	SOURCE_ARGVAL	1.0	0	0	default/HamNavProvider	?push_back@?$vector@UNavItem@HamNavProvider@@V?$StlNodeAlloc@UNavItem@HamNavProvider@@@stlpmtx_std@@@stlpmtx_std@@QAAXABUNavItem@HamNavProvider@@@Z
>=99	99.966	99.966	116	1	SOURCE_ARGVAL	1.0	0	0	default/PracticeSection	?push_back@?$vector@VPracticeStep@@V?$StlNodeAlloc@VPracticeStep@@@stlpmtx_std@@@stlpmtx_std@@QAAXABVPracticeStep@@@Z
>=99	99.966	99.966	116	1	SOURCE_ARGVAL	1.0	0	0	default/RhythmBattle	?push_back@?$vector@VArchiveSkeleton@@V?$StlNodeAlloc@VArchiveSkeleton@@@stlpmtx_std@@@stlpmtx_std@@QAAXABVArchiveSkeleton@@@Z
>=99	99.966	99.966	116	1	SOURCE_ARGVAL	1.0	0	0	default/HolmesClient	?push_back@?$vector@URecurseInfo@@V?$StlNodeAlloc@URecurseInfo@@@stlpmtx_std@@@stlpmtx_std@@QAAXABURecurseInfo@@@Z
>=99	99.964	99.964	112	1	SOURCE_ARGVAL	1.0	0	0	default/Character	?_M_fill_insert@?$vector@ULod@Character@@V?$StlNodeAlloc@ULod@Character@@@stlpmtx_std@@@stlpmtx_std@@AAAXPAULod@Character@@IABU34@@Z
>=99	99.964	99.964	112	1	SOURCE_ARGVAL	1.0	0	0	default/HamMove	?_M_fill_insert@?$vector@UOldNodeWeight@@V?$StlNodeAlloc@UOldNodeWeight@@@stlpmtx_std@@@stlpmtx_std@@AAAXPAUOldNodeWeight@@IABU3@@Z
>=99	99.964	99.964	112	1	SOURCE_ARGVAL	1.0	0	0	default/SongLayout	?_M_fill_insert@?$vector@VSongPattern@@V?$StlNodeAlloc@VSongPattern@@@stlpmtx_std@@@stlpmtx_std@@AAAXPAVSongPattern@@IABV3@@Z
>=99	99.964	99.964	112	1	SOURCE_ARGVAL	1.0	0	0	default/SongLayout	?_M_fill_insert@?$vector@VSongSection@@V?$StlNodeAlloc@VSongSection@@@stlpmtx_std@@@stlpmtx_std@@AAAXPAVSongSection@@IABV3@@Z
>=99	99.964	99.964	112	1	SOURCE_ARGVAL	1.0	0	0	default/HamRibbon	?_M_fill_insert@?$vector@V?$Key@VTransform@@@@V?$StlNodeAlloc@V?$Key@VTransform@@@@@stlpmtx_std@@@stlpmtx_std@@AAAXPAV?$Key@VTransform@@@@IABV3@@Z
>=99	99.964	99.964	112	1	SOURCE_ARGVAL	1.0	0	0	default/MoveAsyncDetector	?_M_fill_insert@?$vector@VDetectFrame@@V?$StlNodeAlloc@VDetectFrame@@@stlpmtx_std@@@stlpmtx_std@@AAAXPAVDetectFrame@@IABV3@@Z
>=99	99.964	99.964	112	1	SOURCE_ARGVAL	1.0	0	0	default/SkeletonClip	?_M_fill_insert@?$vector@UMoveRating@SkeletonClip@@V?$StlNodeAlloc@UMoveRating@SkeletonClip@@@stlpmtx_std@@@stlpmtx_std@@AAAXPAUMoveRating@SkeletonClip@@IABU34@@Z
>=99	99.964	99.964	112	1	SOURCE_ARGVAL	1.0	0	0	default/SkeletonClip	?NewObject@SkeletonClip@@SAPAVObject@Hmx@@XZ
>=99	99.964	99.964	112	1	SOURCE_ARGVAL	1.0	0	0	default/Mat_NG	?NewObject@NgMat@@SAPAVObject@Hmx@@XZ
>=99	99.964	99.964	112	1	SOURCE_ARGVAL	1.0	0	0	default/SongCollision	?_M_fill_insert@?$vector@UBeatCollisionData@@V?$StlNodeAlloc@UBeatCollisionData@@@stlpmtx_std@@@stlpmtx_std@@AAAXPAUBeatCollisionData@@IABU3@@Z
>=99	99.964	99.964	336	3	SOURCE_ARGVAL	1.0	0	0	default/OriginalChoreoRemixer	?_M_insert_overflow_aux@?$vector@V?$set@PBVMoveParent@@U?$less@PBVMoveParent@@@stlpmtx_std@@V?$StlNodeAlloc@PBVMoveParent@@@3@@stlpmtx_std@@V?$StlNodeAlloc@V?$set@PBVMoveParent@@U?$less@PBVMoveParent@@@stlpmtx_std@@V?$StlNodeAlloc@PBVMoveParent@@@3@@stlpmtx_std@@@2@@stlpmtx_std@@IAAXPAV?$set@PBVMoveParent@@U?$less@PBVMoveParent@@@stlpmtx_std@@V?$StlNodeAlloc@PBVMoveParent@@@3@@2@ABV32@ABU__false_type@2@I_N@Z
>=99	99.964	99.964	112	1	SOURCE_ARGVAL	1.0	0	0	default/DrivenPropertyEntry	?_M_fill_insert@?$vector@VFlowMathOp@@V?$StlNodeAlloc@VFlowMathOp@@@stlpmtx_std@@@stlpmtx_std@@AAAXPAVFlowMathOp@@IABV3@@Z
>=99	99.964	100.000	1120	1	CODEGEN_REGALLOC	1.0	0	0	default/VocalPart	?HandlePhraseEnd@VocalPart@@QAAXAAHAAM10M@Z
>=99	99.964	99.964	112	1	SOURCE_ARGVAL	1.0	0	0	default/FlowNode	?_M_fill_insert@?$vector@VDrivenPropertyEntry@@V?$StlNodeAlloc@VDrivenPropertyEntry@@@stlpmtx_std@@@stlpmtx_std@@AAAXPAVDrivenPropertyEntry@@IABV3@@Z
>=99	99.964	99.964	112	1	SOURCE_ARGVAL	1.0	1	0	default/MicInputArrow	?NewObject@MicInputArrow@@SAPAVObject@Hmx@@XZ
>=99	99.964	99.964	112	1	SOURCE_ARGVAL	1.0	1	0	default/ScrollbarDisplay	?NewObject@ScrollbarDisplay@@SAPAVObject@Hmx@@XZ
>=99	99.964	99.964	112	1	SOURCE_ARGVAL	1.0	0	0	default/system/hamobj/MiniLeaderboardDisplay	?Save@MiniLeaderboardDisplay@@UAAXAAVBinStream@@@Z
>=99	99.964	100.000	1652	3	MIXED	1.0	0	0	default/RGUtl	?RGGetChordName@@YAXPADHABVGameGem@@HH_N@Z
>=99	99.963	99.963	328	3	SOURCE_ARGVAL	1.0	0	0	default/BandCamShot	?_M_insert_overflow_aux@?$vector@UDynamicPropertyEntry@Flow@@V?$StlNodeAlloc@UDynamicPropertyEntry@Flow@@@stlpmtx_std@@@stlpmtx_std@@IAAXPAUDynamicPropertyEntry@Flow@@ABU34@ABU__false_type@2@I_N@Z
>=99	99.963	99.963	328	3	SOURCE_ARGVAL	1.0	0	0	default/LightPreset	?_M_insert_overflow_aux@?$vector@UEntry@LocalePanel@@V?$StlNodeAlloc@UEntry@LocalePanel@@@stlpmtx_std@@@stlpmtx_std@@IAAXPAUEntry@LocalePanel@@ABU34@ABU__false_type@2@I_N@Z
>=99	99.963	99.963	328	3	SOURCE_ARGVAL	1.0	0	0	default/HamNavProvider	?_M_insert_overflow_aux@?$vector@UNavItem@HamNavProvider@@V?$StlNodeAlloc@UNavItem@HamNavProvider@@@stlpmtx_std@@@stlpmtx_std@@IAAXPAUNavItem@HamNavProvider@@ABU34@ABU__false_type@2@I_N@Z
>=99	99.963	99.963	328	3	SOURCE_ARGVAL	1.0	0	0	default/SkeletonClip	?_M_insert_overflow_aux@?$vector@UMoveRating@SkeletonClip@@V?$StlNodeAlloc@UMoveRating@SkeletonClip@@@stlpmtx_std@@@stlpmtx_std@@IAAXPAUMoveRating@SkeletonClip@@ABU34@ABU__false_type@2@I_N@Z
>=99	99.963	99.963	328	3	SOURCE_ARGVAL	1.0	0	0	default/Morph	?_M_insert_overflow_aux@?$vector@ULocalizedName@HamMove@@V?$StlNodeAlloc@ULocalizedName@HamMove@@@stlpmtx_std@@@stlpmtx_std@@IAAXPAULocalizedName@HamMove@@ABU34@ABU__false_type@2@I_N@Z
>=99	99.963	99.963	328	3	SOURCE_ARGVAL	1.0	0	0	default/PracticeSection	?_M_insert_overflow_aux@?$vector@VPracticeStep@@V?$StlNodeAlloc@VPracticeStep@@@stlpmtx_std@@@stlpmtx_std@@IAAXPAVPracticeStep@@ABV3@ABU__false_type@2@I_N@Z
>=99	99.963	99.963	328	3	SOURCE_ARGVAL	1.0	0	0	default/CameraShot	?_M_insert_overflow_aux@?$vector@VCamShotFrame@@V?$StlNodeAlloc@VCamShotFrame@@@stlpmtx_std@@@stlpmtx_std@@IAAXPAVCamShotFrame@@ABV3@ABU__false_type@2@I_N@Z
>=99	99.963	99.963	328	3	SOURCE_ARGVAL	1.0	0	0	default/InlineHelp	?_M_insert_overflow_aux@?$vector@UActionElement@InlineHelp@@V?$StlNodeAlloc@UActionElement@InlineHelp@@@stlpmtx_std@@@stlpmtx_std@@IAAXPAUActionElement@InlineHelp@@ABU34@ABU__false_type@2@I_N@Z
>=99	99.963	99.963	328	3	SOURCE_ARGVAL	1.0	0	0	default/DrivenPropertyEntry	?_M_insert_overflow_aux@?$vector@VFlowMathOp@@V?$StlNodeAlloc@VFlowMathOp@@@stlpmtx_std@@@stlpmtx_std@@IAAXPAVFlowMathOp@@ABV3@ABU__false_type@2@I_N@Z
>=99	99.963	99.963	328	3	SOURCE_ARGVAL	1.0	0	0	default/FlowNode	?_M_insert_overflow_aux@?$vector@VDrivenPropertyEntry@@V?$StlNodeAlloc@VDrivenPropertyEntry@@@stlpmtx_std@@@stlpmtx_std@@IAAXPAVDrivenPropertyEntry@@ABV3@ABU__false_type@2@I_N@Z
>=99	99.963	99.963	324	3	SOURCE_ARGVAL	1.0	0	0	default/RhythmBattle	?_M_insert_overflow_aux@?$vector@VArchiveSkeleton@@V?$StlNodeAlloc@VArchiveSkeleton@@@stlpmtx_std@@@stlpmtx_std@@IAAXPAVArchiveSkeleton@@ABV3@ABU__false_type@2@I_N@Z
>=99	99.961	99.961	620	6	SOURCE_ARGVAL	1.0	3	0	default/PropKeys	?SetFrame@FloatKeys@@UAAXMM@Z
>=99	99.960	99.960	100	1	SOURCE_ARGVAL	1.0	0	0	default/Mesh	??$_M_allocate_and_copy@PBVRndBone@@@?$vector@VRndBone@@V?$StlNodeAlloc@VRndBone@@@stlpmtx_std@@@stlpmtx_std@@IAAPAVRndBone@@IPBV2@0@Z
>=99	99.960	99.960	100	1	SOURCE_ARGVAL	1.0	0	0	default/SkeletonClip	??$_M_allocate_and_copy@PBUMoveRating@SkeletonClip@@@?$vector@UMoveRating@SkeletonClip@@V?$StlNodeAlloc@UMoveRating@SkeletonClip@@@stlpmtx_std@@@stlpmtx_std@@IAAPAUMoveRating@SkeletonClip@@IPBU23@0@Z
>=99	99.960	99.960	100	1	SOURCE_ARGVAL	1.0	0	0	default/TransAnim	??$_M_allocate_and_copy@PBV?$Key@VVector3@@@@@?$vector@V?$Key@VVector3@@@@V?$StlNodeAlloc@V?$Key@VVector3@@@@@stlpmtx_std@@@stlpmtx_std@@IAAPAV?$Key@VVector3@@@@IPBV2@0@Z
>=99	99.960	99.960	100	1	SOURCE_ARGVAL	1.0	0	0	default/ButtonHolder	??$_M_allocate_and_copy@PBVActionRec@@@?$vector@VActionRec@@V?$StlNodeAlloc@VActionRec@@@stlpmtx_std@@@stlpmtx_std@@IAAPAVActionRec@@IPBV2@0@Z
>=99	99.960	99.960	100	1	SOURCE_ARGVAL	1.0	0	0	default/PanelDir	??$_M_allocate_and_copy@PBVFilePath@@@?$vector@VFilePath@@V?$StlNodeAlloc@VFilePath@@@stlpmtx_std@@@stlpmtx_std@@IAAPAVFilePath@@IPBV2@0@Z
>=99	99.960	99.960	100	1	SOURCE_ARGVAL	1.0	0	0	default/MetaPanel	?NewObject@CharacterCreatorPanel@@SAPAVObject@Hmx@@XZ
>=99	99.958	99.958	96	1	SOURCE_ARGVAL	1.0	0	0	default/BandCamShot	??$__uninitialized_fill_n@PAUDynamicPropertyEntry@Flow@@IU12@@stlpmtx_std@@YAPAUDynamicPropertyEntry@Flow@@PAU12@IABU12@ABU__false_type@0@@Z
>=99	99.958	99.958	96	1	SOURCE_ARGVAL	1.0	1	0	default/MemHeap	?MemFindAddrHeap@@YAHPAX@Z
>=99	99.958	99.958	96	1	SOURCE_ARGVAL	1.0	0	0	default/DepthBuffer3D	??$__uninitialized_fill_n@PAV?$vector@VVector3@@V?$StlNodeAlloc@VVector3@@@stlpmtx_std@@@stlpmtx_std@@IV12@@stlpmtx_std@@YAPAV?$vector@VVector3@@V?$StlNodeAlloc@VVector3@@@stlpmtx_std@@@0@PAV10@IABV10@ABU__false_type@0@@Z
>=99	99.958	99.958	96	1	SOURCE_ARGVAL	1.0	0	0	default/MeshAnim	??4?$ObjVector@VConstraint@BandIKEffector@@@@QAAXABV0@@Z
>=99	99.958	99.958	96	1	SOURCE_ARGVAL	1.0	0	0	default/HamCamTransform	??$__uninitialized_fill_n@PAUNavItem@HamNavProvider@@IU12@@stlpmtx_std@@YAPAUNavItem@HamNavProvider@@PAU12@IABU12@ABU__false_type@0@@Z
>=99	99.958	99.958	96	1	SOURCE_ARGVAL	1.0	0	0	default/HamCamTransform	??$__uninitialized_fill_n@PAUDistEntry@@IU1@@stlpmtx_std@@YAPAUDistEntry@@PAU1@IABU1@ABU__false_type@0@@Z
>=99	99.958	99.958	384	4	SOURCE_ARGVAL	1.0	2	2	default/Mesh	?GetDistanceToPlane@RndMesh@@UAAMABVPlane@@AAVVector3@@@Z
>=99	99.958	99.958	96	1	SOURCE_ARGVAL	1.0	0	0	default/Mesh	??$__uninitialized_fill_n@PAV?$list@HV?$StlNodeAlloc@H@stlpmtx_std@@@stlpmtx_std@@IV12@@stlpmtx_std@@YAPAV?$list@HV?$StlNodeAlloc@H@stlpmtx_std@@@0@PAV10@IABV10@ABU__false_type@0@@Z
>=99	99.958	99.958	96	1	SOURCE_ARGVAL	1.0	0	0	default/Morph	??$__uninitialized_fill_n@PAULocalizedName@HamMove@@IU12@@stlpmtx_std@@YAPAULocalizedName@HamMove@@PAU12@IABU12@ABU__false_type@0@@Z
>=99	99.958	99.958	96	1	SOURCE_ARGVAL	1.0	0	0	default/PracticeSection	??$__uninitialized_fill_n@PAVPracticeStep@@IV1@@stlpmtx_std@@YAPAVPracticeStep@@PAV1@IABV1@ABU__false_type@0@@Z
>=99	99.958	99.958	96	1	SOURCE_ARGVAL	1.0	0	0	default/ByteGrinder	??$__uninitialized_fill_n@PAUMoveRating@SkeletonClip@@IU12@@stlpmtx_std@@YAPAUMoveRating@SkeletonClip@@PAU12@IABU12@ABU__false_type@0@@Z
>=99	99.958	99.958	96	1	SOURCE_ARGVAL	1.0	0	0	default/LabelShrinkWrapper	?Save@LabelShrinkWrapper@@UAAXAAVBinStream@@@Z
>=99	99.958	99.958	96	1	SOURCE_ARGVAL	1.0	0	0	default/HolmesClient	??$__uninitialized_fill_n@PAURecurseInfo@@IU1@@stlpmtx_std@@YAPAURecurseInfo@@PAU1@IABU1@ABU__false_type@0@@Z
>=99	99.958	99.958	96	1	SOURCE_ARGVAL	1.0	0	0	default/OriginalChoreoRemixer	??$__uninitialized_fill_n@PAV?$set@PBVMoveParent@@U?$less@PBVMoveParent@@@stlpmtx_std@@V?$StlNodeAlloc@PBVMoveParent@@@3@@stlpmtx_std@@IV12@@stlpmtx_std@@YAPAV?$set@PBVMoveParent@@U?$less@PBVMoveParent@@@stlpmtx_std@@V?$StlNodeAlloc@PBVMoveParent@@@3@@0@PAV10@IABV10@ABU__false_type@0@@Z
>=99	99.958	99.958	96	1	SOURCE_ARGVAL	1.0	0	0	default/Leaderboard	??$__uninitialized_fill_n@PAVLeaderboardRow@@IV1@@stlpmtx_std@@YAPAVLeaderboardRow@@PAV1@IABV1@ABU__false_type@0@@Z
>=99	99.958	99.958	96	1	SOURCE_ARGVAL	1.0	0	0	default/system/synth/OggMap	?Read@OggMap@@QAAXAAVBinStream@@@Z
>=99	99.958	99.958	1336	14	SOURCE_ARGVAL	1.0	0	0	default/DataFlex	yylex
>=99	99.957	100.000	4676	8	CODEGEN_REGALLOC	1.0	0	0	default/RockCentral	?RecordAccomplishmentData@RockCentral@@QAAXPBVProfile@@PAVAccomplishmentProgress@@HPAVObject@Hmx@@AAVDataResultList@@@Z
>=99	99.957	99.957	460	5	SOURCE_ARGVAL	1.0	0	0	default/Env_NG	?EstimateDraw@@YAMH@Z
>=99	99.955	99.955	88	1	SOURCE_ARGVAL	1.0	0	0	default/system/obj/Dir	??$remove_if@PAVFilePath@@P6A_NABV1@@Z@stlpmtx_std@@YAPAVFilePath@@PAV1@0P6A_NABV1@@Z@Z
>=99	99.955	99.955	88	1	SOURCE_ARGVAL	1.0	0	0	default/band3/meta_band/MusicLibraryNetSetlists	?clear@?$_List_base@VSetlistArtRecord@MusicLibraryNetSetlists@@V?$StlNodeAlloc@VSetlistArtRecord@MusicLibraryNetSetlists@@@stlpmtx_std@@@stlpmtx_std@@QAAXXZ
>=99	99.955	99.955	440	5	SOURCE_ARGVAL	1.0	0	2	default/SampleData	?Load@SampleData@@QAAXAAVBinStream@@ABVFilePath@@@Z
>=99	99.954	100.000	876	1	CODEGEN_REGALLOC	1.0	0	0	default/CharIKFingers	?Poll@CharIKFingers@@UAAXXZ
>=99	99.954	100.000	864	1	CODEGEN_REGALLOC	1.0	0	0	default/Synapse_dsp	?ProcessInPlace@Synapse@1DSP@@QAAXIPAM@Z
>=99	99.953	99.953	1104	13	SOURCE_ARGVAL	1.0	0	1	default/BandCrowdMeter	?SyncObjects@BandCrowdMeter@@UAAXXZ
>=99	99.952	99.952	84	1	SOURCE_ARGVAL	1.0	0	0	default/UIList	??$__destroy_mv_srcs@PAV?$vector@VVector3@@V?$StlNodeAlloc@VVector3@@@stlpmtx_std@@@stlpmtx_std@@V12@@stlpmtx_std@@YAXPAV?$vector@VVector3@@V?$StlNodeAlloc@VVector3@@@stlpmtx_std@@@0@00@Z
>=99	99.952	99.952	84	1	SOURCE_ARGVAL	1.0	0	0	default/BandSongMetadata	?_M_create_node@?$_Rb_tree@VSymbol@@U?$less@VSymbol@@@stlpmtx_std@@U?$pair@$$CBVSymbol@@VString@@@3@U?$_Select1st@U?$pair@$$CBVSymbol@@VString@@@stlpmtx_std@@@3@U?$_MapTraitsT@U?$pair@$$CBVSymbol@@VString@@@stlpmtx_std@@@priv@3@V?$StlNodeAlloc@U?$pair@$$CBVSymbol@@VString@@@stlpmtx_std@@@3@@stlpmtx_std@@IAAPAU_Rb_tree_node_base@2@ABU?$pair@$$CBVSymbol@@VString@@@2@@Z
>=99	99.952	99.952	84	1	SOURCE_ARGVAL	1.0	0	0	default/ClipDistMap	??$__destroy_range@PAUDistEntry@@U1@@stlpmtx_std@@YAXPAUDistEntry@@00@Z
>=99	99.951	100.000	1644	2	CODEGEN_REGALLOC	1.0	0	0	default/EQEffect	?SetParameter@EQEffect@@QAAXHM@Z
>=99	99.951	100.000	816	1	CODEGEN_REGALLOC	1.0	0	0	default/Lit_NG	?Shell@NgFur@@UBA_NHPAVRndMesh@@PAVRndMat@@@Z
>=99	99.950	99.950	80	1	SOURCE_ARGVAL	1.0	0	0	default/HamCamTransform	??$_Destroy_Range@PAUNavItem@HamNavProvider@@@stlpmtx_std@@YAXPAUNavItem@HamNavProvider@@0@Z
>=99	99.950	99.950	80	1	SOURCE_ARGVAL	1.0	0	0	default/HamCamTransform	??$_Destroy_Range@PAUCharInterestState@CharEyes@@@stlpmtx_std@@YAXPAUCharInterestState@CharEyes@@0@Z
>=99	99.950	99.950	80	1	SOURCE_ARGVAL	1.0	0	0	default/Character	??$_Destroy_Range@PAULod@Character@@@stlpmtx_std@@YAXPAULod@Character@@0@Z
>=99	99.950	99.950	80	1	SOURCE_ARGVAL	1.0	0	0	default/Flow	??$__destroy_range@PAUDynamicPropertyEntry@Flow@@U12@@stlpmtx_std@@YAXPAUDynamicPropertyEntry@Flow@@00@Z
>=99	99.950	99.950	80	1	SOURCE_ARGVAL	1.0	0	0	default/HamListRibbon	??_GHamListRibbon@@UAAPAXI@Z
>=99	99.950	99.950	80	1	SOURCE_ARGVAL	1.0	0	0	default/CharIKHand	??$_Destroy_Range@PAUIKTarget@CharIKHand@@@stlpmtx_std@@YAXPAUIKTarget@CharIKHand@@0@Z
>=99	99.950	99.950	80	1	SOURCE_ARGVAL	1.0	0	0	default/MeterDisplay	??_GMeterDisplay@@UAAPAXI@Z
>=99	99.950	99.950	80	1	SOURCE_ARGVAL	1.0	0	0	default/ScreenMask	??_GRndScreenMask@@UAAPAXI@Z
>=99	99.950	99.950	80	1	SOURCE_ARGVAL	1.0	0	0	default/CharFeedback	??_GCharFeedback@@UAAPAXI@Z
>=99	99.950	99.950	80	1	SOURCE_ARGVAL	1.0	0	0	default/Ribbon	??_GRndRibbon@@UAAPAXI@Z
>=99	99.950	99.950	80	1	SOURCE_ARGVAL	1.0	0	0	default/Leaderboard	??$_Destroy_Range@PAVLeaderboardRow@@@stlpmtx_std@@YAXPAVLeaderboardRow@@0@Z
>=99	99.946	99.946	224	3	SOURCE_ARGVAL	1.0	3	0	default/band3/meta_band/BandStorePanel	?Enter@BandStorePanel@@UAAXXZ
>=99	99.946	99.991	896	2	SOURCE_ARGVAL	1.0	2	0	default/GemManager	??0GemManager@@QAA@ABVTrackConfig@@PAVTrackDir@@@Z
>=99	99.946	100.000	736	1	CODEGEN_REGALLOC	1.0	0	0	default/band3/meta_band/Asset	??0Asset@@QAA@PAVDataArray@@H@Z
>=99	99.945	100.000	732	1	CODEGEN_REGALLOC	1.0	0	0	default/VocalTrack	?UpdateLyricZ@VocalTrack@@QAAXXZ
>=99	99.944	99.944	72	1	SOURCE_ARGVAL	1.0	0	0	default/EventTrigger	?_M_create_node@?$list@UAnim@EventTrigger@@V?$StlNodeAlloc@UAnim@EventTrigger@@@stlpmtx_std@@@stlpmtx_std@@IAAPAU_List_node_base@2@ABUAnim@EventTrigger@@@Z
>=99	99.944	99.944	72	1	SOURCE_ARGVAL	1.0	0	0	default/RhythmDetector	?_M_create_node@?$list@UFrame@RhythmDetector@@V?$StlNodeAlloc@UFrame@RhythmDetector@@@stlpmtx_std@@@stlpmtx_std@@IAAPAU_List_node_base@2@ABUFrame@RhythmDetector@@@Z
>=99	99.944	99.944	72	1	SOURCE_ARGVAL	1.0	0	0	default/Msg	?_M_create_node@?$list@UEventSinkElem@MsgSinks@@V?$StlNodeAlloc@UEventSinkElem@MsgSinks@@@stlpmtx_std@@@stlpmtx_std@@IAAPAU_List_node_base@2@ABUEventSinkElem@MsgSinks@@@Z
>=99	99.944	99.944	72	1	SOURCE_ARGVAL	1.0	0	0	default/Cheats	?_M_create_node@?$list@UPropTriggerDefn@FlowTrigger@@V?$StlNodeAlloc@UPropTriggerDefn@FlowTrigger@@@stlpmtx_std@@@stlpmtx_std@@IAAPAU_List_node_base@2@ABUPropTriggerDefn@FlowTrigger@@@Z
>=99	99.944	99.944	72	1	SOURCE_ARGVAL	1.0	0	0	default/FlowCommand	?_M_create_node@?$list@VDataNode@@V?$StlNodeAlloc@VDataNode@@@stlpmtx_std@@@stlpmtx_std@@IAAPAU_List_node_base@2@ABVDataNode@@@Z
>=99	99.941	99.941	136	2	SOURCE_ARGVAL	1.0	0	0	default/DepthBuffer3D	??1?$vector@VFlowMathOp@@V?$StlNodeAlloc@VFlowMathOp@@@stlpmtx_std@@@stlpmtx_std@@QAA@XZ
>=99	99.941	99.941	68	1	SOURCE_ARGVAL	1.0	1	0	default/HamCamTransform	?resize@?$ObjVector@UEyeDesc@CharEyes@@@@QAAXI@Z
>=99	99.941	99.941	136	2	SOURCE_ARGVAL	1.0	0	1	default/PlayerDiffIcon	?Save@PlayerDiffIcon@@UAAXAAVBinStream@@@Z
>=99	99.938	100.000	648	1	CODEGEN_REGALLOC	1.0	0	0	default/CalibrationPanel	?UpdateAnimation@CalibrationPanel@@QAAXXZ
>=99	99.938	100.000	1296	2	CODEGEN_REGALLOC	1.0	0	0	default/system/rndobj/Utl	?LinearizeKeys@@YAXPAVRndTransAnim@@MMMMM@Z
>=99	99.938	99.938	128	2	SOURCE_ARGVAL	1.0	0	0	default/Character	?resize@?$vector@ULod@Character@@V?$StlNodeAlloc@ULod@Character@@@stlpmtx_std@@@stlpmtx_std@@QAAXIABULod@Character@@@Z
>=99	99.938	99.938	128	2	SOURCE_ARGVAL	1.0	0	0	default/SongLayout	?resize@?$vector@VSongPattern@@V?$StlNodeAlloc@VSongPattern@@@stlpmtx_std@@@stlpmtx_std@@QAAXIABVSongPattern@@@Z
>=99	99.938	99.938	128	2	SOURCE_ARGVAL	1.0	0	0	default/HamRibbon	?resize@?$vector@V?$Key@VTransform@@@@V?$StlNodeAlloc@V?$Key@VTransform@@@@@stlpmtx_std@@@stlpmtx_std@@QAAXIABV?$Key@VTransform@@@@@Z
>=99	99.938	99.938	128	2	SOURCE_ARGVAL	1.0	0	0	default/CharHair	?resize@?$vector@VStrand@CharHair@@V?$StlNodeAlloc@VStrand@CharHair@@@stlpmtx_std@@@stlpmtx_std@@QAAXIABVStrand@CharHair@@@Z
>=99	99.938	99.938	128	2	SOURCE_ARGVAL	1.0	0	0	default/SongCollision	?resize@?$vector@UBeatCollisionData@@V?$StlNodeAlloc@UBeatCollisionData@@@stlpmtx_std@@@stlpmtx_std@@QAAXIABUBeatCollisionData@@@Z
>=99	99.938	99.938	128	2	SOURCE_ARGVAL	1.0	0	0	default/DrivenPropertyEntry	?resize@?$vector@VFlowMathOp@@V?$StlNodeAlloc@VFlowMathOp@@@stlpmtx_std@@@stlpmtx_std@@QAAXIABVFlowMathOp@@@Z
>=99	99.937	100.000	632	1	CODEGEN_REGALLOC	1.0	0	0	default/CompressionEffect	?Process@CompressionEffect@@QAAXPAMHH@Z
>=99	99.934	100.000	1820	3	CODEGEN_REGALLOC	1.0	0	0	default/CharIKHead	?Poll@CharIKHead@@UAAXXZ
>=99	99.933	100.000	596	1	CODEGEN_REGALLOC	1.0	0	0	default/CharHair	?SetRoot@Strand@CharHair@@QAAXPAVRndTransformable@@@Z
>=99	99.932	99.932	176	3	SOURCE_ARGVAL	1.0	0	1	default/OriginalChoreoRemixer	?_M_insert_overflow_aux@?$vector@V?$set@PBVMoveParent@@U?$less@PBVMoveParent@@@stlpmtx_std@@V?$StlNodeAlloc@PBVMoveParent@@@3@@stlpmtx_std@@V?$StlNodeAlloc@V?$set@PBVMoveParent@@U?$less@PBVMoveParent@@@stlpmtx_std@@V?$StlNodeAlloc@PBVMoveParent@@@3@@stlpmtx_std@@@2@@stlpmtx_std@@IAAXPAV?$set@PBVMoveParent@@U?$less@PBVMoveParent@@@stlpmtx_std@@V?$StlNodeAlloc@PBVMoveParent@@@3@@2@ABV32@ABU__true_type@2@I_N@Z
>=99	99.931	99.931	404	7	SOURCE_ARGVAL	1.0	0	0	default/MemTracker	?_M_insert_overflow_aux@?$vector@UMemDiffEntry@@V?$StlNodeAlloc@UMemDiffEntry@@@stlpmtx_std@@@stlpmtx_std@@IAAXPAUMemDiffEntry@@ABU3@ABU__false_type@2@I_N@Z
>=99	99.930	100.000	284	1	SOURCE_ARGVAL	1.0	0	0	default/band3/meta_band/AppMiniLeaderboardDisplay	??1AppMiniLeaderboardDisplay@@UAA@XZ
>=99	99.926	99.926	108	2	SOURCE_ARGVAL	1.0	0	0	default/ByteGrinder	?op59@@YA?AVDataNode@@PAVDataArray@@@Z
>=99	99.926	99.926	108	2	SOURCE_ARGVAL	1.0	0	0	default/band3/meta_band/ViewSetting	?InitData@ViewSetting@@UAAXPAVRndDir@@@Z
>=99	99.926	99.926	216	4	SOURCE_ARGVAL	1.0	4	0	default/ScrollbarDisplay	?PreLoad@ScrollbarDisplay@@UAAXAAVBinStream@@@Z
>=99	99.925	100.000	532	1	CODEGEN_REGALLOC	1.0	0	0	default/CharDriver	?OnGetClipOrGroupList@CharDriver@@IAA?AVDataNode@@PAVDataArray@@@Z
>=99	99.923	100.000	520	2	CODEGEN_REGALLOC	1.0	0	0	default/FileMerger	?MergeAction@FileMerger@@QAA?AW4Action@MergeFilter@@PAVObject@Hmx@@0PAVObjectDir@@@Z
>=99	99.920	99.920	100	2	SOURCE_ARGVAL	1.0	0	0	default/MeshAnim	??$__destroy_range_aux@V?$reverse_iterator@PAV?$Key@V?$vector@VVector3@@V?$StlNodeAlloc@VVector3@@@stlpmtx_std@@@stlpmtx_std@@@@@stlpmtx_std@@@stlpmtx_std@@YAXV?$reverse_iterator@PAV?$Key@V?$vector@VVector3@@V?$StlNodeAlloc@VVector3@@@stlpmtx_std@@@stlpmtx_std@@@@@0@0ABU__false_type@0@@Z
>=99	99.920	99.920	100	2	SOURCE_ARGVAL	1.0	0	0	default/HamNavProvider	??$?6UNavItem@HamNavProvider@@V?$StlNodeAlloc@UNavItem@HamNavProvider@@@stlpmtx_std@@@@YAAAVBinStream@@AAV0@ABV?$vector@UNavItem@HamNavProvider@@V?$StlNodeAlloc@UNavItem@HamNavProvider@@@stlpmtx_std@@@stlpmtx_std@@@Z
>=99	99.920	99.920	100	2	SOURCE_ARGVAL	1.0	0	0	default/CharHair	?_M_erase@?$vector@VStrand@CharHair@@V?$StlNodeAlloc@VStrand@CharHair@@@stlpmtx_std@@@stlpmtx_std@@IAAPAVStrand@CharHair@@PAV34@0ABU__false_type@2@@Z
>=99	99.920	100.000	500	1	CODEGEN_REGALLOC	1.0	0	0	default/PropKeys	?SetFrame@QuatKeys@@UAAXMM@Z
>=99	99.920	99.920	100	2	SOURCE_ARGVAL	1.0	0	0	default/OutfitConfig	??$?6UBoneOp@CharSignalApplier@@V?$StlNodeAlloc@UBoneOp@CharSignalApplier@@@stlpmtx_std@@@@YAAAVBinStream@@AAV0@ABV?$vector@UBoneOp@CharSignalApplier@@V?$StlNodeAlloc@UBoneOp@CharSignalApplier@@@stlpmtx_std@@@stlpmtx_std@@@Z
>=99	99.917	99.917	96	2	SOURCE_ARGVAL	1.0	0	0	default/MeshAnim	??$__uninitialized_copy@PBV?$Key@V?$vector@VColor@Hmx@@V?$StlNodeAlloc@VColor@Hmx@@@stlpmtx_std@@@stlpmtx_std@@@@PAV1@@stlpmtx_std@@YAPAV?$Key@V?$vector@VColor@Hmx@@V?$StlNodeAlloc@VColor@Hmx@@@stlpmtx_std@@@stlpmtx_std@@@@PBV1@0PAV1@ABU__false_type@0@@Z
>=99	99.917	99.917	96	2	SOURCE_ARGVAL	1.0	0	0	default/HamCamTransform	??$__uninitialized_copy@PAUNavItem@HamNavProvider@@PAU12@@stlpmtx_std@@YAPAUNavItem@HamNavProvider@@PAU12@00ABU__false_type@0@@Z
>=99	99.917	99.917	96	2	SOURCE_ARGVAL	1.0	0	0	default/HamCamTransform	??$__uninitialized_copy@PAUDistEntry@@PAU1@@stlpmtx_std@@YAPAUDistEntry@@PAU1@00ABU__false_type@0@@Z
>=99	99.917	99.917	96	2	SOURCE_ARGVAL	1.0	0	0	default/HamCamTransform	??$__destroy_range_aux@V?$reverse_iterator@PAUNavItem@HamNavProvider@@@stlpmtx_std@@@stlpmtx_std@@YAXV?$reverse_iterator@PAUNavItem@HamNavProvider@@@0@0ABU__false_type@0@@Z
>=99	99.917	99.917	96	2	SOURCE_ARGVAL	1.0	0	0	default/SkeletonClip	??$__uninitialized_copy@PBUMoveRating@SkeletonClip@@PAU12@@stlpmtx_std@@YAPAUMoveRating@SkeletonClip@@PBU12@0PAU12@ABU__false_type@0@@Z
>=99	99.917	99.917	96	2	SOURCE_ARGVAL	1.0	0	0	default/PracticeSection	??$__uninitialized_copy@PBVPracticeStep@@PAV1@@stlpmtx_std@@YAPAVPracticeStep@@PBV1@0PAV1@ABU__false_type@0@@Z
>=99	99.917	99.917	96	2	SOURCE_ARGVAL	1.0	0	0	default/WaveFile	??$__uninitialized_copy@PAVWaveFileMarker@@PAV1@@stlpmtx_std@@YAPAVWaveFileMarker@@PAV1@00ABU__false_type@0@@Z
>=99	99.917	99.917	96	2	SOURCE_ARGVAL	1.0	0	0	default/HolmesClient	??$__uninitialized_copy@PAURecurseInfo@@PAU1@@stlpmtx_std@@YAPAURecurseInfo@@PAU1@00ABU__false_type@0@@Z
>=99	99.917	99.917	96	2	SOURCE_ARGVAL	1.0	0	0	default/OriginalChoreoRemixer	??$__destroy_range_aux@V?$reverse_iterator@PAV?$set@PBVMoveParent@@U?$less@PBVMoveParent@@@stlpmtx_std@@V?$StlNodeAlloc@PBVMoveParent@@@3@@stlpmtx_std@@@stlpmtx_std@@@stlpmtx_std@@YAXV?$reverse_iterator@PAV?$set@PBVMoveParent@@U?$less@PBVMoveParent@@@stlpmtx_std@@V?$StlNodeAlloc@PBVMoveParent@@@3@@stlpmtx_std@@@0@0ABU__false_type@0@@Z
>=99	99.917	99.917	96	2	SOURCE_ARGVAL	1.0	0	0	default/SongDB	??$__uninitialized_copy@PAVTrackData@SongDB@@PAV12@@stlpmtx_std@@YAPAVTrackData@SongDB@@PAV12@00ABU__false_type@0@@Z
>=99	99.916	100.000	476	1	CODEGEN_REGALLOC	1.0	0	0	default/BandMachineMgr	?Dispatch@SyncMachineMsg@?A0x84a9b3fb@@UAAXXZ
>=99	99.915	99.915	284	6	SOURCE_ARGVAL	1.0	2	4	default/Geo	?Intersect@@YA_NABVPlane@@ABVBox@@@Z
>=99	99.913	100.000	460	1	CODEGEN_REGALLOC	1.0	0	0	default/BandList	?ConcealAnimPoll@BandList@@QAAXHAAVTransform@@@Z
>=99	99.912	99.912	320	7	SOURCE_ARGVAL	1.0	0	3	default/network/Platform/BandwidthCounter	??ABandwidthCounterMap@Quazal@@QAAPAVIOBandwidthCounter@01@I@Z
>=99	99.912	100.000	228	1	SOURCE_ARGVAL	1.0	0	0	default/MoviePanel	?SyncProperty@MoviePanel@@UAA_NAAVDataNode@@PAVDataArray@@HW4PropOp@@@Z
>=99	99.912	100.000	2268	5	CODEGEN_REGALLOC	1.0	0	0	default/CharLookAt	?Poll@CharLookAt@@UAAXXZ
>=99	99.911	100.000	1352	3	CODEGEN_REGALLOC	1.0	0	0	default/band3/meta_band/CharSync	?UpdateCharCache@CharSync@@QAAXXZ
>=99	99.910	99.910	268	6	SOURCE_ARGVAL	1.0	2	0	default/PracticeSection	?Handle@PracticeSection@@UAA?AVDataNode@@PAVDataArray@@_N@Z
>=99	99.910	100.000	444	1	CODEGEN_REGALLOC	1.0	0	0	default/SIVideo	?Load@SIVideo@@QAAXAAVBinStream@@_N@Z
>=99	99.910	100.000	444	1	CODEGEN_REGALLOC	1.0	0	0	default/FileMergerOrganizer	?Init@FileMergerOrganizer@@SAXXZ
>=99	99.909	100.000	440	1	CODEGEN_REGALLOC	1.0	0	0	default/Gen	?SetFrame@RndGenerator@@UAAXMM@Z
>=99	99.909	100.000	220	1	SOURCE_ARGVAL	1.0	0	0	default/Matchmaker	?CancelFindImpl@BandMatchmaker@@UAAXXZ
>=99	99.909	100.000	440	1	CODEGEN_REGALLOC	1.0	0	0	default/VocalNoteList	?DeterminePhraseTimes@VocalNoteList@@QAAXABVTempoMap@@@Z
>=99	99.906	100.000	424	1	CODEGEN_REGALLOC	1.0	0	0	default/DataFunc	?Quasiquote@@YA?AVDataNode@@ABV1@@Z
>=99	99.905	99.905	84	2	SOURCE_ARGVAL	1.0	2	0	default/CampaignSongInfoPanel	?Unload@CampaignSongInfoPanel@@UAAXXZ
>=99	99.903	100.000	412	2	CODEGEN_REGALLOC	1.0	0	0	default/PostProc_NG	?Bloom_Blur@@YAXPAVRndTex@@0W4BloomBlurStyle@@W4BloomBlurDirection@@IMM@Z
>=99	99.902	100.000	204	1	SOURCE_ARGVAL	1.0	0	0	default/CharBonesMeshes	??$PropSync@VRndTransformable@@@@YA_NAAV?$ObjOwnerPtr@VRndTransformable@@@@AAVDataNode@@PAVDataArray@@HW4PropOp@@@Z
>=99	99.902	100.000	204	1	SOURCE_ARGVAL	1.0	0	0	default/band3/meta_band/NetSync	??0StartTransitionMsg@@QAA@XZ
>=99	99.900	100.000	400	1	CODEGEN_REGALLOC	1.0	0	0	default/system/rndobj/Rnd	?SetupFont@Rnd@@IAAXXZ
>=99	99.899	99.988	1340	7	SOURCE_ARGVAL	1.0	2	2	default/Character	?CalcBoundingSphere@Character@@UAAXXZ
>=99	99.898	100.000	788	2	CODEGEN_REGALLOC	1.0	0	0	default/band3/meta_band/SongUpgradeMgr	??0SongUpgradeData@@QAA@PAVDataArray@@@Z
>=99	99.898	99.898	236	6	SOURCE_ARGVAL	1.0	3	3	default/Geo	?OnSide@BSPFace@@QAAXABVPlane@@AA_N1@Z
>=99	99.896	100.000	768	2	CODEGEN_REGALLOC	1.0	0	0	default/VocalPart	?SetDifficultyVariables@VocalPart@@QAAXH@Z
>=99	99.895	100.000	764	2	CODEGEN_REGALLOC	1.0	0	0	default/CharBonesSamples	?LoadData@CharBonesSamples@@QAAXAAVBinStream@@@Z
>=99	99.894	100.000	188	1	CODEGEN_REGALLOC	1.0	0	0	default/Task	?OnTimeTilNext@TaskMgr@@AAA?AVDataNode@@PAVDataArray@@@Z
>=99	99.894	100.000	752	2	CODEGEN_REGALLOC	1.0	0	0	default/CharBonesMeshes	?PoseMeshes@CharBonesMeshes@@QAAXXZ
>=99	99.890	100.000	364	1	CODEGEN_REGALLOC	1.0	0	0	default/Performer	?AddPoints@Performer@@UAAXM_N0@Z
>=99	99.888	100.000	716	2	CODEGEN_REGALLOC	1.0	0	0	default/ChordbookPanel	?SetFret@ChordbookPanel@@QAAXHH@Z
>=99	99.882	99.882	68	2	SOURCE_ARGVAL	1.0	0	0	default/FlowIf	??_GFlowIf@@UAAPAXI@Z
>=99	99.882	99.882	68	2	SOURCE_ARGVAL	1.0	0	0	default/FlowTrigger	??_GFlowTrigger@@UAAPAXI@Z
>=99	99.882	99.882	68	2	SOURCE_ARGVAL	1.0	0	0	default/PracticeSection	??_GPracticeSection@@UAAPAXI@Z
>=99	99.881	100.000	1012	3	CODEGEN_REGALLOC	1.0	0	0	default/CharHair	?Hookup@CharHair@@QAAXAAV?$ObjPtrList@VCharCollide@@VObjectDir@@@@@Z
>=99	99.875	99.875	96	3	SOURCE_ARGVAL	1.0	2	0	default/MeshAnim	??$__uninitialized_fill_n@PAV?$Key@V?$vector@VVector3@@V?$StlNodeAlloc@VVector3@@@stlpmtx_std@@@stlpmtx_std@@@@IV1@@stlpmtx_std@@YAPAV?$Key@V?$vector@VVector3@@V?$StlNodeAlloc@VVector3@@@stlpmtx_std@@@stlpmtx_std@@@@PAV1@IABV1@ABU__false_type@0@@Z
>=99	99.875	99.875	96	3	SOURCE_ARGVAL	1.0	2	0	default/Watcher	??$__uninitialized_fill_n@PAU?$pair@PAVDataArray@@VDataNode@@@stlpmtx_std@@IU12@@stlpmtx_std@@YAPAU?$pair@PAVDataArray@@VDataNode@@@0@PAU10@IABU10@ABU__false_type@0@@Z
>=99	99.875	99.875	96	3	SOURCE_ARGVAL	1.0	2	0	default/PanelDir	??$__uninitialized_fill_n@PAVFilePath@@IV1@@stlpmtx_std@@YAPAVFilePath@@PAV1@IABV1@ABU__false_type@0@@Z
>=99	99.875	99.875	96	3	SOURCE_ARGVAL	1.0	2	0	default/DrivenPropertyEntry	??$__uninitialized_fill_n@PAVFlowMathOp@@IV1@@stlpmtx_std@@YAPAVFlowMathOp@@PAV1@IABV1@ABU__false_type@0@@Z
>=99	99.875	99.875	96	3	SOURCE_ARGVAL	1.0	2	0	default/SpeechMgr	??$__uninitialized_fill_n@PAUGrammar@SpeechMgr@@IU12@@stlpmtx_std@@YAPAUGrammar@SpeechMgr@@PAU12@IABU12@ABU__false_type@0@@Z
>=99	99.873	100.000	316	2	MIXED	1.0	0	0	default/AmbientOcclusion	??$GatherObjectsFromDir@VRndMesh@@@@YAIPAVObjectDir@@AAV?$vector@PAVRndMesh@@V?$StlNodeAlloc@PAVRndMesh@@@stlpmtx_std@@@stlpmtx_std@@@Z
>=99	99.872	100.000	784	2	SOURCE_ARGVAL	1.0	0	0	default/DateTime	?Format@DateTime@@QBAXAAVString@@@Z
>=99	99.868	100.000	304	1	CODEGEN_REGALLOC	1.0	0	0	default/band3/game/Player	?PollEnabledState@Player@@QAAXM@Z
>=99	99.867	99.867	60	2	SOURCE_ARGVAL	1.0	2	0	default/CharCollide	??$_Copy_Construct@UVocalEvent@MidiParser@@@stlpmtx_std@@YAXPAUVocalEvent@MidiParser@@ABU12@@Z
>=99	99.865	100.000	296	2	CODEGEN_REGALLOC	1.0	0	0	default/Gen	??1RndGenerator@@UAA@XZ
>=99	99.865	100.000	592	2	CODEGEN_REGALLOC	1.0	0	0	default/UIListSlot	?Draw@UIListSlot@@UAAXABUUIListWidgetDrawState@@ABVUIListState@@ABVTransform@@W4State@UIComponent@@PAVBox@@W4DrawCommand@@@Z
>=99	99.865	100.000	296	1	CODEGEN_REGALLOC	1.0	0	0	default/band3/meta_band/AccomplishmentManager	?IsAvailable@AccomplishmentManager@@QBA_NVSymbol@@_N@Z
>=99	99.864	99.988	324	3	SOURCE_ARGVAL	1.0	0	0	default/HamCamTransform	?_M_insert_overflow_aux@?$vector@UDistEntry@@V?$StlNodeAlloc@UDistEntry@@@stlpmtx_std@@@stlpmtx_std@@IAAXPAUDistEntry@@ABU3@ABU__false_type@2@I_N@Z
>=99	99.864	99.864	176	6	SOURCE_ARGVAL	1.0	0	1	default/CharClip	?_M_insert_overflow_aux@?$vector@V?$map@HMU?$less@H@stlpmtx_std@@V?$StlNodeAlloc@U?$pair@$$CBHM@stlpmtx_std@@@2@@stlpmtx_std@@V?$StlNodeAlloc@V?$map@HMU?$less@H@stlpmtx_std@@V?$StlNodeAlloc@U?$pair@$$CBHM@stlpmtx_std@@@2@@stlpmtx_std@@@2@@stlpmtx_std@@IAAXPAV?$map@HMU?$less@H@stlpmtx_std@@V?$StlNodeAlloc@U?$pair@$$CBHM@stlpmtx_std@@@2@@2@ABV32@ABU__true_type@2@I_N@Z
>=99	99.863	100.000	292	1	CODEGEN_REGALLOC	1.0	0	0	default/UIListState	?SetSelectedSimulateScroll@UIListState@@QAAXH@Z
>=99	99.860	99.860	172	6	SOURCE_ARGVAL	1.0	0	0	default/DepthBuffer3D	?reserve@?$vector@VArchiveSkeleton@@V?$StlNodeAlloc@VArchiveSkeleton@@@stlpmtx_std@@@stlpmtx_std@@QAAXI@Z
>=99	99.857	100.000	280	1	CODEGEN_REGALLOC	1.0	0	0	default/StreakMeter	?SetPitch@StreakMeter@@QAAXM@Z
>=99	99.852	99.852	244	9	SOURCE_ARGVAL	1.0	0	0	default/DataFlex	yy_get_previous_state
>=99	99.852	99.852	108	4	SOURCE_ARGVAL	1.0	2	0	default/MeterDisplay	??_DMeterDisplay@@QAAXXZ
>=99	99.849	99.957	556	8	SOURCE_ARGVAL	1.0	4	2	default/Mesh	?FillCompressedVertex@@YAXAAUCompressedVertex_Xbox@@ABVVert@RndMesh@@_N@Z
>=99	99.848	100.000	264	1	CODEGEN_REGALLOC	1.0	0	0	default/Mesh	?CollidePlane@RndMesh@@QAAHABVFace@1@ABVPlane@@@Z
>=99	99.848	100.000	396	3	MIXED	1.0	0	0	default/AmbientOcclusion	??$GatherObjectsFromGroup@VRndMesh@@@@YAIPAVRndGroup@@AAV?$vector@PAVRndMesh@@V?$StlNodeAlloc@PAVRndMesh@@@stlpmtx_std@@@stlpmtx_std@@@Z
>=99	99.848	99.848	316	12	SOURCE_ARGVAL	1.0	7	0	default/CharBlendBone	?SetType@CharBlendBone@@UAAXVSymbol@@@Z
>=99	99.848	99.848	316	12	SOURCE_ARGVAL	1.0	7	0	default/PracticeSection	?SetType@PracticeSection@@UAAXVSymbol@@@Z
>=99	99.847	100.000	1572	6	CODEGEN_REGALLOC	1.0	0	0	default/MetaMusic	?UpdateMix@MetaMusic@@QAAXXZ
>=99	99.846	100.000	1556	12	CODEGEN_REGALLOC	1.0	0	0	default/band3/meta_band/StoreOfferProvider	?Handle@StoreOfferProvider@@UAA?AVDataNode@@PAVDataArray@@_N@Z
>=99	99.845	100.000	772	3	CODEGEN_REGALLOC	1.0	0	0	default/LightPreset	?Animate@LightPreset@@IAAXM@Z
>=99	99.841	100.000	252	2	CODEGEN_REGALLOC	1.0	0	0	default/band3/bandtrack/GemRepTemplate	?SetupTailVerts@GemRepTemplate@@QAAXXZ
>=99	99.841	100.000	252	1	CODEGEN_REGALLOC	1.0	0	0	default/WaitingUserGate	?Dispatch@EnterFlowMsg@@UAAXXZ
>=99	99.836	100.000	244	1	CODEGEN_REGALLOC	1.0	0	0	default/ctr	?ctr_encrypt_fast@@YAHPBEPAEKPAUSymmetric_CTR@@@Z
>=99	99.836	100.000	244	1	CODEGEN_REGALLOC	1.0	0	0	default/system/obj/Utl	?PathCompare@@YA_NPAVDataArray@@0@Z
>=99	99.833	99.833	96	4	SOURCE_ARGVAL	1.0	2	0	default/Watcher	??$__uninitialized_copy@PAU?$pair@PAVDataArray@@VDataNode@@@stlpmtx_std@@PAU12@@stlpmtx_std@@YAPAU?$pair@PAVDataArray@@VDataNode@@@0@PAU10@00ABU__false_type@0@@Z
>=99	99.833	99.833	96	4	SOURCE_ARGVAL	1.0	2	0	default/DataEventList	??$__uninitialized_copy@PBVDataEvent@@PAV1@@stlpmtx_std@@YAPAVDataEvent@@PBV1@0PAV1@ABU__false_type@0@@Z
>=99	99.833	100.000	120	1	SOURCE_ARGVAL	1.0	0	0	default/DataFile	?DataReadString@@YAPAVDataArray@@PBD@Z
>=99	99.833	99.833	96	4	SOURCE_ARGVAL	1.0	2	0	default/DrivenPropertyEntry	??$__uninitialized_copy@PAVFlowMathOp@@PAV1@@stlpmtx_std@@YAPAVFlowMathOp@@PAV1@00ABU__false_type@0@@Z
>=99	99.831	100.000	356	2	CODEGEN_REGALLOC	1.0	0	0	default/network/net/NetSession	?OnRegisterSessionJobComplete@NetSession@@QAAX_N@Z
>=99	99.831	100.000	236	2	CODEGEN_REGALLOC	1.0	0	0	default/EventTrigger	??1EventTrigger@@UAA@XZ
>=99	99.830	99.930	400	9	SOURCE_ARGVAL	1.0	0	1	default/Geo	?GeoInit@@YAXXZ
>=99	99.828	100.000	232	1	CODEGEN_REGALLOC	1.0	0	0	default/TrackWatcherImpl	?MaybeAutoplayFutureCymbal@TrackWatcherImpl@@QAAXH@Z
>=99	99.828	100.000	232	1	CODEGEN_REGALLOC	1.0	0	0	default/GemManager	?UpdateSlotPositions@GemManager@@QAAXXZ
>=99	99.825	100.000	228	1	CODEGEN_REGALLOC	1.0	0	0	default/VocalTrack	?GetHarmonyScore@VocalTrack@@QAAMH@Z
>=99	99.824	99.824	68	3	SOURCE_ARGVAL	1.0	1	0	default/StarDisplay	?PostLoad@StarDisplay@@UAAXAAVBinStream@@@Z
>=99	99.824	99.824	68	3	SOURCE_ARGVAL	1.0	0	1	default/Flow	?resize@?$ObjVector@UDynamicPropertyEntry@Flow@@@@QAAXI@Z
>=99	99.821	99.821	112	5	SOURCE_ARGVAL	1.0	0	0	default/Spline	?_M_erase@?$vector@VCtrlPoint@RndSpline@@V?$StlNodeAlloc@VCtrlPoint@RndSpline@@@stlpmtx_std@@@stlpmtx_std@@IAAPAVCtrlPoint@RndSpline@@PAV34@ABU__false_type@2@@Z
>=99	99.821	100.000	224	1	CODEGEN_REGALLOC	1.0	0	0	default/Overlay	?Init@RndOverlay@@SAXXZ
>=99	99.821	100.000	112	1	SOURCE_ARGVAL	1.0	0	0	default/Spotlight	?_M_fill_insert@?$vector@UBeamDef@Spotlight@@V?$StlNodeAlloc@UBeamDef@Spotlight@@@stlpmtx_std@@@stlpmtx_std@@AAAXPAUBeamDef@Spotlight@@IABU34@@Z
>=99	99.821	100.000	112	1	SOURCE_ARGVAL	1.0	0	0	default/DataEventList	?_M_fill_insert@?$vector@VDataEvent@@V?$StlNodeAlloc@VDataEvent@@@stlpmtx_std@@@stlpmtx_std@@AAAXPAVDataEvent@@IABV3@@Z
>=99	99.821	100.000	224	1	CODEGEN_REGALLOC	1.0	0	0	default/OverdriveMeter	?SetEnergy@OverdriveMeter@@QAAXMW4State@1@VSymbol@@M_N@Z
>=99	99.818	100.000	220	1	CODEGEN_REGALLOC	1.0	0	0	default/Interp	?Reset@LinearInterpolator@@UAAXPBVDataArray@@@Z
>=99	99.818	100.000	220	1	CODEGEN_REGALLOC	1.0	0	0	default/Interp	?Reset@ATanInterpolator@@QAAXMMMMM@Z
>=99	99.818	100.000	1980	9	CODEGEN_REGALLOC	1.0	0	0	default/CharSleeve	?Poll@CharSleeve@@UAAXXZ
>=99	99.818	99.948	308	4	SOURCE_ARGVAL	1.0	4	0	default/UIList	?GetDistanceToPlane@UIList@@UAAMABVPlane@@AAVVector3@@@Z
>=99	99.815	100.000	108	1	SOURCE_ARGVAL	1.0	0	0	default/DepthBuffer3D	?_M_fill_insert@?$vector@UBone@CharBones@@V?$StlNodeAlloc@UBone@CharBones@@@stlpmtx_std@@@stlpmtx_std@@AAAXPAUBone@CharBones@@IABU34@@Z
>=99	99.815	100.000	108	1	SOURCE_ARGVAL	1.0	0	0	default/LightPreset	?_M_fill_insert@?$vector@USpotlightDrawerEntry@LightPreset@@V?$StlNodeAlloc@USpotlightDrawerEntry@LightPreset@@@stlpmtx_std@@@stlpmtx_std@@AAAXPAUSpotlightDrawerEntry@LightPreset@@IABU34@@Z
>=99	99.815	100.000	108	1	SOURCE_ARGVAL	1.0	0	0	default/ByteGrinder	?_M_fill_insert@?$vector@VBattleStep@@V?$StlNodeAlloc@VBattleStep@@@stlpmtx_std@@@stlpmtx_std@@AAAXPAVBattleStep@@IABV3@@Z
>=99	99.814	100.000	1504	7	CODEGEN_REGALLOC	1.0	0	0	default/HDCache	?Init@HDCache@@QAAXXZ
>=99	99.804	100.000	204	2	CODEGEN_REGALLOC	1.0	0	0	default/CharLipSyncDriver	?ScaleAddViseme@CharLipSyncDriver@@QAAXPAVCharClip@@M@Z
>=99	99.800	100.000	200	1	CODEGEN_REGALLOC	1.0	0	0	default/MusicLibrary	?GetSongFilterAsString@MusicLibraryTask@MusicLibrary@@QAAXAAVString@@@Z
>=99	99.800	99.800	40	2	SOURCE_ARGVAL	1.0	2	0	default/UIPanel	?FocusComponent@UIPanel@@QAAPAVUIComponent@@XZ
>=99	99.800	100.000	100	1	SOURCE_ARGVAL	1.0	0	0	default/MeshAnim	??$_M_allocate_and_copy@PBV?$Key@V?$vector@VColor@Hmx@@V?$StlNodeAlloc@VColor@Hmx@@@stlpmtx_std@@@stlpmtx_std@@@@@?$vector@V?$Key@V?$vector@VColor@Hmx@@V?$StlNodeAlloc@VColor@Hmx@@@stlpmtx_std@@@stlpmtx_std@@@@V?$StlNodeAlloc@V?$Key@V?$vector@VColor@Hmx@@V?$StlNodeAlloc@VColor@Hmx@@@stlpmtx_std@@@stlpmtx_std@@@@@stlpmtx_std@@@stlpmtx_std@@IAAPAV?$Key@V?$vector@VColor@Hmx@@V?$StlNodeAlloc@VColor@Hmx@@@stlpmtx_std@@@stlpmtx_std@@@@IPBV2@0@Z
>=99	99.800	100.000	100	1	SOURCE_ARGVAL	1.0	0	0	default/Sequence	??1?$ObjRefConcrete@VLightHue@@VObjectDir@@@@UAA@XZ
>=99	99.800	99.800	20	1	SOURCE_ARGVAL	1.0	1	0	default/SongStatusMgr	??$__destroy_aux@VPlayerScore@@@stlpmtx_std@@YAXPAVPlayerScore@@ABU__false_type@0@@Z
>=99	99.800	100.000	100	1	SOURCE_ARGVAL	1.0	0	0	default/BandUI	?IsTimelineResetAllowed@BandUI@@UBA_NXZ
>=99	99.800	100.000	200	1	CODEGEN_REGALLOC	1.0	0	0	default/network/net/NetSession	?SetState@NetSession@@QAAXW4SessionState@1@@Z
>=99	99.793	99.966	116	1	SOURCE_ARGVAL	1.0	0	1	default/MasterAudio	?FillChannelList@MasterAudio@@QAAXAAV?$list@HV?$StlNodeAlloc@H@stlpmtx_std@@@stlpmtx_std@@H@Z
>=99	99.792	100.000	192	1	CODEGEN_REGALLOC	1.0	0	0	default/StoreOffer	?HasSong@StoreOffer@@QBA_NPBV1@@Z
>=99	99.789	100.000	380	2	CODEGEN_REGALLOC	1.0	0	0	default/Bitmap	?Create@RndBitmap@@QAAXPAX@Z
>=99	99.788	99.991	1776	18	SOURCE_ARGVAL	1.0	3	0	default/BandWardrobe	?LoadMainCharacters@BandWardrobe@@QAAXPAVBandCamShot@@@Z
>=99	99.786	99.786	112	6	SOURCE_ARGVAL	1.0	0	1	default/Archive	??$?5VString@@V?$StlNodeAlloc@VString@@@stlpmtx_std@@@@YAAAVBinStream@@AAV0@AAV?$vector@VString@@V?$StlNodeAlloc@VString@@@stlpmtx_std@@@stlpmtx_std@@@Z
>=99	99.778	99.778	36	2	SOURCE_ARGVAL	1.0	2	0	default/BeatMatchController	?RegisterHit@BeatMatchController@@QBAXW4HitType@@@Z
>=99	99.773	100.000	176	1	CODEGEN_REGALLOC	1.0	0	0	default/TrackWidget	?RemoveAt@TrackWidget@@QAAXMH@Z
>=99	99.765	100.000	340	2	CODEGEN_REGALLOC	1.0	0	0	default/system/rndobj/Utl	?BuildSphereStratified@@YAXIAAV?$vector@VVector3@@V?$StlNodeAlloc@VVector3@@@stlpmtx_std@@@stlpmtx_std@@@Z
>=99	99.762	99.762	5036	3	SOURCE_INSDEL	0.9976	0	0	default/CustomizePanel	?Handle@CustomizePanel@@UAA?AVDataNode@@PAVDataArray@@_N@Z
>=99	99.750	99.750	16	1	SOURCE_ARGVAL	1.0	0	0	default/VocalTrackDir	?DataDir@ObjectDir@@$4PPPPPPPM@GJI@AAPAV1@XZ
>=99	99.750	99.750	16	1	SOURCE_ARGVAL	1.0	0	0	default/TourDescPanel	?SetTypeDef@UIPanel@@$4PPPPPPPM@BM@AAXPAVDataArray@@@Z
>=99	99.750	99.750	16	1	SOURCE_ARGVAL	1.0	0	0	default/TourDescPanel	?DataDir@UIPanel@@$4PPPPPPPM@BM@AAPAVObjectDir@@XZ
>=99	99.750	99.750	16	1	SOURCE_ARGVAL	1.0	0	0	default/TourDescPanel	?Load@UIPanel@@$4PPPPPPPM@BM@AAXAAVBinStream@@@Z
>=99	99.750	99.750	16	1	SOURCE_ARGVAL	1.0	0	0	default/CharBoneDir	?SetName@ObjectDir@@$4PPPPPPPM@FM@AAXPBDPAV1@@Z
>=99	99.750	99.750	16	1	SOURCE_ARGVAL	1.0	1	0	default/system/synth_xbox/Synth	?PreLoad@Object@Hmx@@UAAXAAVBinStream@@@Z
>=99	99.750	99.750	16	1	SOURCE_ARGVAL	1.0	1	0	default/HamMove	?Mirrored@HamMove@@QBA?AW4MoveMirrored@@XZ
>=99	99.750	99.750	16	1	SOURCE_ARGVAL	1.0	0	0	default/Waypoint	?Copy@RndTransformable@@$4PPPPPPPM@M@AAXPBVObject@Hmx@@W4CopyType@23@@Z
>=99	99.750	100.000	80	1	SOURCE_ARGVAL	1.0	0	0	default/Msg	??$_Copy_Construct@UEventSink@MsgSource@@@stlpmtx_std@@YAXPAUEventSink@MsgSource@@ABU12@@Z
>=99	99.750	100.000	160	1	CODEGEN_REGALLOC	1.0	0	0	default/Synapse_dsp	?SetAttackSmoothing@Synapse@1DSP@@QAAXM@Z
>=99	99.750	100.000	160	1	CODEGEN_REGALLOC	1.0	0	0	default/Synapse_dsp	?SetReleaseSmoothing@Synapse@1DSP@@QAAXM@Z
>=99	99.750	99.750	16	1	SOURCE_ARGVAL	1.0	0	0	default/StorePanel	?DataDir@UIPanel@@$4PPPPPPPM@EM@AAPAVObjectDir@@XZ
>=99	99.750	99.750	16	1	SOURCE_ARGVAL	1.0	0	0	default/StorePanel	?Load@UIPanel@@$4PPPPPPPM@EM@AAXAAVBinStream@@@Z
>=99	99.750	99.750	16	1	SOURCE_ARGVAL	1.0	0	0	default/UISlider	?DataDir@ObjectDir@@$4PPPPPPPM@DAA@AAPAV1@XZ
>=99	99.750	99.958	192	2	SOURCE_ARGVAL	1.0	2	0	default/band3/game/Stats	?EndMultiplier@Stats@@QAAXAAVMultiplierInfo@1@AAV?$vector@VMultiplierInfo@Stats@@V?$StlNodeAlloc@VMultiplierInfo@Stats@@@stlpmtx_std@@@stlpmtx_std@@MHMAAM@Z
>=99	99.750	100.000	80	1	SOURCE_ARGVAL	1.0	0	0	default/OvershellPanel	?erase@?$vector@VSymbol@@V?$StlNodeAlloc@VSymbol@@@stlpmtx_std@@@stlpmtx_std@@QAAPAVSymbol@@PAV3@@Z
>=99	99.750	100.000	80	1	SOURCE_ARGVAL	1.0	0	0	default/GemManager	??$_Destroy_Range@PAVGem@@@stlpmtx_std@@YAXPAVGem@@0@Z
>=99	99.750	99.750	16	1	SOURCE_ARGVAL	1.0	0	0	default/BandLabel	??_EBandLabel@@$4PPPPPPPM@CFM@AAPAXI@Z
>=99	99.744	100.000	312	2	CODEGEN_REGALLOC	1.0	0	0	default/Rot	?FastInterp@@YAXABVQuat@Hmx@@0MAAV12@@Z
>=99	99.744	100.000	156	1	CODEGEN_REGALLOC	1.0	0	0	default/band3/bandtrack/Gem	?UpdateTailPositions@Gem@@QAAXXZ
>=99	99.744	100.000	156	1	CODEGEN_REGALLOC	1.0	0	0	default/RGGemMatcher	?FretHistoryMatch@RGGemMatcher@@QBA_NHHMMW4RGMatchType@@@Z
>=99	99.744	100.000	156	1	CODEGEN_REGALLOC	1.0	0	0	default/GemManager	?PollVisibleGems@GemManager@@QAAXMM@Z
>=99	99.743	99.834	2416	12	SOURCE_INSDEL	0.9983	0	0	default/BandWardrobe	?SyncProperty@BandWardrobe@@UAA_NAAVDataNode@@PAVDataArray@@HW4PropOp@@@Z
>=99	99.735	99.735	136	9	SOURCE_ARGVAL	1.0	5	0	default/FlowIf	??1FlowIf@@UAA@XZ
>=99	99.733	100.000	300	2	CODEGEN_REGALLOC	1.0	0	0	default/PostProc_NG	?CheckPosterizeAndKaleidoscope@NgPostProc@@IAAXXZ
>=99	99.722	100.000	72	1	SOURCE_ARGVAL	1.0	0	0	default/band3/meta_band/SongSort	?FirstActiveIxForShortcut@NodeSort@@QBAHH@Z
>=99	99.714	99.857	140	1	CLEAN?	0.9444	0	0	default/HamMove	??$fill@U?$_Bit_iter@U_Bit_reference@stlpmtx_std@@PAU12@@stlpmtx_std@@_N@stlpmtx_std@@YAXU?$_Bit_iter@U_Bit_reference@stlpmtx_std@@PAU12@@0@0AB_N@Z
>=99	99.714	99.969	784	11	SOURCE_ARGVAL	1.0	6	0	default/CharIKFingers	?CalculateHandDest@CharIKFingers@@IAAXHH@Z
>=99	99.709	100.000	688	5	CODEGEN_REGALLOC	1.0	0	0	default/BandCharacter	?ListAnimGroups@BandCharacter@@QAA?AVDataNode@@H@Z
>=99	99.709	100.000	412	3	CODEGEN_REGALLOC	1.0	0	0	default/CharBone	?Handle@CharBone@@UAA?AVDataNode@@PAVDataArray@@_N@Z
>=99	99.706	100.000	136	1	CODEGEN_REGALLOC	1.0	0	0	default/Rot	?Normalize@@YAXABVQuat@Hmx@@AAV12@@Z
>=99	99.706	100.000	68	1	SOURCE_ARGVAL	1.0	0	0	default/Mat_NG	?AllowHDR@NgMat@@QBA_NXZ
>=99	99.706	100.000	272	2	CODEGEN_REGALLOC	1.0	0	0	default/GemTrackDir	?DeleteUnusedChordMeshes@GemTrackDir@@UAAXXZ
>=99	99.701	99.701	268	20	SOURCE_ARGVAL	1.0	0	10	default/CharBone	?StuffBones@CharBone@@QBAXAAV?$list@UBone@CharBones@@V?$StlNodeAlloc@UBone@CharBones@@@stlpmtx_std@@@stlpmtx_std@@H@Z
>=99	99.697	100.000	132	2	SOURCE_ARGVAL	1.0	0	0	default/PropAnim	??1?$vector@VDataArrayPtr@@V?$StlNodeAlloc@VDataArrayPtr@@@stlpmtx_std@@@stlpmtx_std@@QAA@XZ
>=99	99.697	100.000	132	1	CODEGEN_REGALLOC	1.0	0	0	default/TourProgress	?UpdateMostStars@TourProgress@@QAAXXZ
>=99	99.696	100.000	1252	19	CODEGEN_REGALLOC	1.0	0	0	default/TrackDir	?DrawShowing@TrackDir@@UAAXXZ
>=99	99.688	100.000	128	1	CODEGEN_REGALLOC	1.0	0	0	default/CharDriver	?SetBeatScale@CharDriver@@QAAXM_N@Z
>=99	99.688	100.000	64	1	SOURCE_ARGVAL	1.0	0	0	default/AnimFilter	?ListAnimChildren@RndAnimFilter@@UBAXAAV?$list@PAVRndAnimatable@@V?$StlNodeAlloc@PAVRndAnimatable@@@stlpmtx_std@@@stlpmtx_std@@@Z
>=99	99.688	100.000	128	1	CODEGEN_REGALLOC	1.0	0	0	default/BaseGuitarTrackWatcherImpl	?CheckForHopoTimeout@BaseGuitarTrackWatcherImpl@@QAAXM@Z
>=99	99.684	99.947	76	2	SOURCE_ARGVAL	1.0	1	0	default/SessionJobs_Xbox	??0RemoveLocalPlayerJob@@QAA@PAXH@Z
>=99	99.684	100.000	380	6	MIXED	1.0	0	0	default/SongSortNode	?FinishSort@HeaderSortNode@@UAAXPAVNodeSort@@@Z
>=99	99.684	100.000	948	15	CODEGEN_REGALLOC	1.0	0	0	default/StoreOffer	??0StoreOffer@@QAA@PAVDataArray@@PAVSongMgr@@@Z
>=99	99.677	100.000	124	2	CODEGEN_REGALLOC	1.0	0	0	default/TrackWatcherImpl	?SustainedGemToKill@TrackWatcherImpl@@UAAHH@Z
>=99	99.667	99.667	12	1	SOURCE_ARGVAL	1.0	1	0	default/Task	?ResetBeatTaskTime@TaskMgr@@QAAXM@Z
>=99	99.667	100.000	60	1	SOURCE_ARGVAL	1.0	0	0	default/Mesh	??$_Copy_Construct@V?$vector@GV?$StlNodeAlloc@G@stlpmtx_std@@@stlpmtx_std@@@stlpmtx_std@@YAXPAV?$vector@GV?$StlNodeAlloc@G@stlpmtx_std@@@0@ABV10@@Z
>=99	99.667	100.000	60	1	SOURCE_ARGVAL	1.0	0	0	default/Synapse_dsp	??$_Copy_Construct@V?$vector@MV?$StlNodeAlloc@M@stlpmtx_std@@@stlpmtx_std@@@stlpmtx_std@@YAXPAV?$vector@MV?$StlNodeAlloc@M@stlpmtx_std@@@0@ABV10@@Z
>=99	99.667	99.667	12	1	SOURCE_ARGVAL	1.0	1	0	default/band3/meta_band/AccomplishmentTrainerListConditional	??0?$_Rb_tree_iterator@VSymbol@@U?$_ConstSetTraitsT@VSymbol@@@priv@stlpmtx_std@@@stlpmtx_std@@QAA@ABU?$_Rb_tree_iterator@VSymbol@@U?$_SetTraitsT@VSymbol@@@priv@stlpmtx_std@@@1@@Z
>=99	99.667	100.000	60	1	SOURCE_ARGVAL	1.0	0	0	default/Tour	??$_Copy_Construct@V?$set@VSymbol@@U?$less@VSymbol@@@stlpmtx_std@@V?$StlNodeAlloc@VSymbol@@@3@@stlpmtx_std@@@stlpmtx_std@@YAXPAV?$set@VSymbol@@U?$less@VSymbol@@@stlpmtx_std@@V?$StlNodeAlloc@VSymbol@@@3@@0@ABV10@@Z
>=99	99.667	100.000	60	1	SOURCE_ARGVAL	1.0	0	0	default/OutfitConfig	??$_Copy_Construct@UBoneOp@CharSignalApplier@@@stlpmtx_std@@YAXPAUBoneOp@CharSignalApplier@@ABU12@@Z
>=99	99.652	100.000	460	7	CODEGEN_REGALLOC	1.0	0	0	default/SpotlightDrawer_NG	?SetupForPostProcess@NgSpotlightDrawer@@IAAXXZ
>=99	99.639	99.948	388	5	SOURCE_ARGVAL	0.9796	0	0	default/XLSPConnection	?Poll@XLSPConnection@@QAAXXZ
>=99	99.636	99.636	660	1	MIXED	0.988	0	0	default/BandCamShot	?OnListAnimGroups@BandCamShot@@QAA?AVDataNode@@PBVDataArray@@@Z
>=99	99.636	100.000	220	3	CODEGEN_REGALLOC	1.0	0	0	default/system/beatmatch/GameGemList	??$__partial_sort@PAVGameGem@@V1@U?$less@VGameGem@@@stlpmtx_std@@@stlpmtx_std@@YAXPAVGameGem@@000U?$less@VGameGem@@@0@@Z
>=99	99.632	99.632	652	1	MIXED	0.9878	0	0	default/BandSongMgr	?AddSongData@BandSongMgr@@UAAXPAVDataArray@@AAV?$hash_map@HPAVSongMetadata@@U?$hash@H@stlpmtx_std@@U?$equal_to@H@3@V?$StlNodeAlloc@U?$pair@$$CBHPAVSongMetadata@@@stlpmtx_std@@@3@@stlpmtx_std@@PBDW4ContentLocT@@AAV?$vector@HV?$StlNodeAlloc@H@stlpmtx_std@@@4@@Z
>=99	99.630	100.000	216	2	CODEGEN_REGALLOC	1.0	0	0	default/CharServoBone	?MoveToDeltaFacing@CharServoBone@@QAAXAAVTransform@@@Z
>=99	99.623	100.000	212	2	CODEGEN_REGALLOC	1.0	0	0	default/band3/game/CommonPhraseCapturer	?LocalHitLastGem@CommonPhraseCapturer@@QAAXPAVPlayer@@HH@Z
>=99	99.613	99.643	672	2	MIXED	0.9882	0	0	default/BandDirector	?OnMidiPresetCleanup@BandDirector@@QAAX_N@Z
>=99	99.607	100.000	356	4	CODEGEN_REGALLOC	1.0	0	0	default/band3/meta_band/EditSetlistPanel	?DoneEditing@EditSetlistPanel@@QAAXXZ
>=99	99.600	100.000	100	1	CODEGEN_REGALLOC	1.0	0	0	default/Interp	?Eval@InvExpInterpolator@@UAAMM@Z
>=99	99.599	99.679	1248	4	SOURCE_INSDEL	0.9968	0	0	default/band3/game/PerfectOverdriveTracker	?Poll_@PerfectOverdriveTracker@@UAAXM@Z
>=99	99.597	100.000	248	2	SOURCE_ARGVAL	1.0	0	0	default/BandCamShot	??4Target@BandCamShot@@QAAAAU01@ABU01@@Z
>=99	99.594	99.671	2604	63	SOURCE_INSDEL	0.9954	14	0	default/UIStats	?MaybePublish@UIStats@@QAAXPAVUIScreen@@@Z
>=99	99.594	99.600	3816	26	SOURCE_INSDEL	0.999	6	0	default/BandDirector	?OnFileLoaded@BandDirector@@QAA?AVDataNode@@PAVDataArray@@@Z
>=99	99.590	100.000	780	14	CODEGEN_REGALLOC	1.0	0	0	default/Morph	?SetFrame@RndMorph@@UAAXMM@Z
>=99	99.588	100.000	388	4	CODEGEN_REGALLOC	1.0	0	0	default/CharBonesMeshes	?AcquirePose@CharBonesMeshes@@QAAXXZ
>=99	99.585	99.585	588	2	SOURCE_ARGVAL	0.9865	1	0	default/SpotlightDrawer_NG	?RenderScene@NgSpotlightDrawer@@QAAXXZ
>=99	99.577	100.000	284	3	CODEGEN_REGALLOC	1.0	0	0	default/band3/bandtrack/Gem	?PartialHit@Gem@@QAAXI@Z
>=99	99.571	100.000	280	3	CODEGEN_REGALLOC	1.0	0	0	default/Color	?InterpTangent@@YAXABVVector3@@000MAAV1@@Z
>=99	99.566	100.000	692	15	CODEGEN_REGALLOC	1.0	0	0	default/band3/meta_band/AssetMgr	?GetTypeFromName@AssetMgr@@QBA?AW4AssetType@@VSymbol@@@Z
>=99	99.565	100.000	92	1	CODEGEN_REGALLOC	1.0	0	0	default/ByteGrinder	?op6@@YA?AVDataNode@@PAVDataArray@@@Z
>=99	99.556	100.000	720	10	CODEGEN_REGALLOC	1.0	0	0	default/SongData	?ValidateVocalSPPhrases@SongData@@QAAXXZ
>=99	99.545	100.000	88	1	CODEGEN_REGALLOC	1.0	0	0	default/ByteGrinder	?op0@@YA?AVDataNode@@PAVDataArray@@@Z
>=99	99.545	100.000	88	1	CODEGEN_REGALLOC	1.0	0	0	default/system/beatmatch/PlayerTrackConfigList	?TrackNumOfExactType@PlayerTrackConfigList@@QAAHW4TrackType@@@Z
>=99	99.545	100.000	88	1	CODEGEN_REGALLOC	1.0	0	0	default/system/beatmatch/DrumTrackWatcherImpl	?CheckCymbal@DrumTrackWatcherImpl@@QBA_NABVGameGem@@W4GemHitFlags@@@Z
>=99	99.524	100.000	84	1	CODEGEN_REGALLOC	1.0	0	0	default/UIListSubList	?SubList@UIListSubList@@UAAPAVUIList@@H@Z
>=99	99.508	100.000	528	11	CODEGEN_REGALLOC	1.0	0	0	default/NextSongPanel	?FinishLoad@NextSongPanel@@UAAXXZ
>=99	99.500	99.500	8	1	SOURCE_ARGVAL	1.0	0	0	default/DepthBuffer3D	?Speed@UIList@@QBAMXZ
>=99	99.500	99.500	8	1	SOURCE_ARGVAL	1.0	1	0	default/UIListState	??0?$reverse_iterator@PAH@stlpmtx_std@@QAA@PAH@Z
>=99	99.500	99.500	8	1	SOURCE_ARGVAL	1.0	0	0	default/system/synth_xbox/Synth	??$__destroy_aux@ULevelData@@@stlpmtx_std@@YAXPAULevelData@@ABU__false_type@0@@Z
>=99	99.500	99.500	8	1	SOURCE_ARGVAL	1.0	0	0	default/User	?GetLocalUser@LocalUser@@UBAPBV1@XZ
>=99	99.500	99.500	8	1	SOURCE_ARGVAL	1.0	0	0	default/PracticeSection	?ClearSteps@PracticeSection@@QAAXXZ
>=99	99.500	99.500	8	1	SOURCE_ARGVAL	1.0	0	0	default/UIList	?IsScrolling@UIList@@QBA_NXZ
>=99	99.500	99.500	8	1	SOURCE_ARGVAL	1.0	0	0	default/MidiSynth	??$__destroy_aux@VMidiChannel@@@stlpmtx_std@@YAXPAVMidiChannel@@ABU__false_type@0@@Z
>=99	99.500	99.500	8	1	SOURCE_ARGVAL	1.0	0	0	default/system/synth_xbox/FxSendMeterEffect	??$__destroy_aux@ULevelData@@@stlpmtx_std@@YAXPAULevelData@@ABU__false_type@0@@Z
>=99	99.500	99.500	8	1	SOURCE_ARGVAL	1.0	1	0	default/PlatformMgr	?QueueEnumJob@PlatformMgr@@QAAXPAVJob@@@Z
>=99	99.500	99.500	8	1	SOURCE_ARGVAL	1.0	0	0	default/GemManager	?AddPollable@FlowManager@@QAAXPAVFlowNode@@@Z
>=99	99.500	99.500	8	1	SOURCE_ARGVAL	1.0	1	0	default/system/gesture/SkeletonDir	?TestClip@SkeletonDir@@QBAPAVSkeletonClip@@XZ
>=99	99.494	100.000	948	23	CODEGEN_REGALLOC	1.0	0	0	default/BandCamShot	?StartAnim@BandCamShot@@UAAXXZ
>=99	99.477	99.477	772	2	SOURCE_INSDEL	0.9948	0	0	default/BandRetargetVignette	?EnterDir@BandRetargetVignette@@QBAXXZ
>=99	99.474	100.000	380	6	CODEGEN_REGALLOC	1.0	0	0	default/LabelNumberTicker	?Poll@LabelNumberTicker@@UAAXXZ
>=99	99.472	99.978	356	9	SOURCE_ARGVAL	1.0	2	0	default/BandWardrobe	?OnEnterCloset@BandWardrobe@@QAA?AVDataNode@@PAVDataArray@@@Z
>=99	99.444	100.000	144	2	CODEGEN_REGALLOC	1.0	0	0	default/Rnd_Xbox	?GetDXQuery@DxRndOcclusionQueryMgr@@AAAPAUD3DQuery@@I@Z
>=99	99.444	100.000	72	1	CODEGEN_REGALLOC	1.0	0	0	default/Tour	?SyncProperty@Tour@@UAA_NAAVDataNode@@PAVDataArray@@HW4PropOp@@@Z
>=99	99.439	99.965	228	4	SOURCE_ARGVAL	1.0	0	2	default/Rnd_Xbox	?BeginTiling@DxRnd@@AAAXABVColor@Hmx@@MI@Z
>=99	99.436	99.436	972	19	SOURCE_ARGVAL	1.0	0	7	default/MidiReader	?ReadMetaEvent@MidiReader@@AAAXHEAAVBinStream@@@Z
>=99	99.422	99.422	1384	2	CODEGEN_ORDERING	1.0	0	0	default/BandCrowdMeter	?Handle@BandCrowdMeter@@UAA?AVDataNode@@PAVDataArray@@_N@Z
>=99	99.417	99.492	1584	7	CODEGEN_ORDERING	1.0	1	0	default/GemManager	?UpdateLeftyFlip@GemManager@@QAAX_N@Z
>=99	99.416	100.000	308	5	CODEGEN_REGALLOC	1.0	0	0	default/CharBonesSamples	?Print@CharBonesSamples@@UAAXXZ
>=99	99.412	100.000	136	2	CODEGEN_REGALLOC	1.0	0	0	default/RenderState	?SetTextureClamp@RndRenderState@@QAAXIW4ClampMode@1@@Z
>=99	99.400	99.900	160	6	SOURCE_ARGVAL	1.0	4	0	default/VocalTrackDir	?GetLyricColor@VocalTrackDir@@QBA?AVColor@Hmx@@H@Z
>=99	99.398	99.398	1328	2	CODEGEN_ORDERING	1.0	0	0	default/StreakMeter	?SyncObjects@StreakMeter@@UAAXXZ
>=99	99.392	99.827	4728	103	SOURCE_INSDEL	0.9983	4	0	default/Spotlight	?SyncProperty@Spotlight@@UAA_NAAVDataNode@@PAVDataArray@@HW4PropOp@@@Z
>=99	99.375	100.000	128	2	CODEGEN_REGALLOC	1.0	0	0	default/UIListState	?ScrollToTarget@UIListState@@IBAHH@Z
>=99	99.369	99.399	672	2	SOURCE_INSDEL	0.9941	1	0	default/JoypadController	??0JoypadController@@QAA@PAVUser@@PBVDataArray@@PAVBeatMatchControllerSink@@_N3@Z
>=99	99.348	100.000	276	9	CODEGEN_REGALLOC	1.0	0	0	default/NetLoader	?PollLoading@DataNetLoader@@QAAXXZ
>=99	99.344	99.741	756	58	SOURCE_ARGVAL	1.0	3	36	default/system/rndobj/Utl	?UtilDrawPlane@@YAXABVPlane@@ABVVector3@@ABVColor@Hmx@@HM_N@Z
>=99	99.339	99.964	224	9	SOURCE_ARGVAL	1.0	0	1	default/system/rndobj/Utl	?insert_unique@?$_Rb_tree@UEdge@RndAmbientOcclusion@@U?$less@UEdge@RndAmbientOcclusion@@@stlpmtx_std@@U12@U?$_Identity@UEdge@RndAmbientOcclusion@@@4@U?$_SetTraitsT@UEdge@RndAmbientOcclusion@@@priv@4@V?$StlNodeAlloc@UEdge@RndAmbientOcclusion@@@4@@stlpmtx_std@@QAA?AU?$pair@U?$_Rb_tree_iterator@UEdge@RndAmbientOcclusion@@U?$_SetTraitsT@UEdge@RndAmbientOcclusion@@@priv@stlpmtx_std@@@stlpmtx_std@@_N@2@ABUEdge@RndAmbientOcclusion@@@Z
>=99	99.324	99.324	592	1	SOURCE_INSDEL	0.9932	0	0	default/band3/meta_band/StoreMainPanel	?FinishLoad@StoreMainPanel@@UAAXXZ
>=99	99.318	100.000	176	6	CODEGEN_REGALLOC	1.0	0	0	default/band3/meta_band/StoreMenuPanel	?GetCrumbText@StoreMenuPanel@@QBAPBDXZ
>=99	99.310	100.000	116	2	CODEGEN_REGALLOC	1.0	0	0	default/PropAnim	?StartFrame@RndPropAnim@@UAAMXZ
>=99	99.308	99.485	792	7	SOURCE_INSDEL	0.995	2	0	default/Game	??1Game@@UAA@XZ
>=99	99.304	99.304	1396	45	CODEGEN_ORDERING	1.0	24	1	default/OvershellSlot	?OnMsg@OvershellSlot@@QAA?AVDataNode@@ABVButtonDownMsg@@@Z
>=99	99.289	99.956	180	5	SOURCE_ARGVAL	1.0	0	2	default/BandLabel	?Count@HamLabel@@UAAXHHMVSymbol@@@Z
>=99	99.286	100.000	140	5	CODEGEN_REGALLOC	1.0	0	0	default/Mesh	?BurnXfm@RndMesh@@QAAXXZ
>=99	99.286	100.000	56	2	CODEGEN_REGALLOC	1.0	0	0	default/TrackWatcherImpl	?KillSustainForSlot@TrackWatcherImpl@@QAAXH@Z
>=99	99.259	100.000	324	12	CODEGEN_REGALLOC	1.0	0	0	default/system/ui/UIProxy	?SyncDir@UIProxy@@QAAXXZ
>=99	99.256	100.000	484	16	CODEGEN_REGALLOC	1.0	0	0	default/band3/meta_band/PassiveMessenger	?TriggerMessage@PassiveMessenger@@QAAXPAVDataArray@@W4PassiveMessageType@@PAVLocalBandUser@@_NVSymbol@@HHHHHPBD55H@Z
>=99	99.245	100.000	212	8	CODEGEN_REGALLOC	1.0	0	0	default/Crowd	?GetMeshShaderFlags@?A0xfe071329@@YAXPAVRndMat@@AAV?$list@IV?$StlNodeAlloc@I@stlpmtx_std@@@stlpmtx_std@@@Z
>=99	99.231	100.000	104	2	CODEGEN_REGALLOC	1.0	0	0	default/band3/game/Tracker	?RemoteTrackerPlayerDisplay@Tracker@@QAAXPAVPlayer@@HHH@Z
>=99	99.231	100.000	104	2	CODEGEN_REGALLOC	1.0	0	0	default/TrackWatcherImpl	?GetNextRoll@TrackWatcherImpl@@UBA_NHAAIAAH@Z
>=99	99.227	99.909	176	10	SOURCE_ARGVAL	1.0	0	1	default/StorePanel	?LoadArt@StorePanel@@UAAXPBDPAVUIPanel@@@Z
>=99	99.219	100.000	128	4	CODEGEN_REGALLOC	1.0	0	0	default/TrackWatcherImpl	?IsSwingInRoll@TrackWatcherImpl@@UAA_NHI@Z
>=99	99.214	99.929	112	2	SOURCE_ARGVAL	1.0	0	0	default/BandCharacter	?OnClosetTeleport@BandCharacter@@QAA?AVDataNode@@PAVDataArray@@@Z
>=99	99.210	99.229	2076	5	CODEGEN_ORDERING	1.0	0	0	default/CharIKFingers	?SetName@CharIKFingers@@UAAXPBDPAVObjectDir@@@Z
>=99	99.193	99.212	2156	8	SOURCE_INSDEL	0.9871	0	0	default/BandCharacter	?OnSetFileMerger@BandCharacter@@QAA?AVDataNode@@PAVDataArray@@@Z
>=99	99.186	100.000	344	13	CODEGEN_REGALLOC	1.0	0	0	default/GemManager	?SetupRealGuitarAreaStrumSections@GemManager@@QAAXXZ
>=99	99.167	99.259	648	4	MIXED	1.0	0	0	default/BandDirector	?OnGetFaceOverrideClips@BandDirector@@QAA?AVDataNode@@PAVDataArray@@@Z
>=99	99.167	100.000	96	2	CODEGEN_REGALLOC	1.0	0	0	default/MeshDeform	??4BoneDesc@RndMeshDeform@@QAAAAU01@ABU01@@Z
>=99	99.167	100.000	336	12	CODEGEN_REGALLOC	1.0	0	0	default/TrackDir	?SetSlotXfm@TrackDir@@QAAXHABVTransform@@@Z
>=99	99.149	100.000	188	5	CODEGEN_REGALLOC	1.0	0	0	default/Trans	?OnCopyLocalTo@RndTransformable@@AAA?AVDataNode@@PBVDataArray@@@Z
>=99	99.145	99.145	468	1	SOURCE_INSDEL	0.9915	0	0	default/TrackDir	??1TrackDir@@UAA@XZ
>=99	99.118	99.978	372	11	SOURCE_ARGVAL	1.0	0	2	default/Geo	?GrowToContain@Sphere@@QAAXABV1@@Z
>=99	99.118	100.000	136	4	CODEGEN_REGALLOC	1.0	0	0	default/MasterAudio	?Ignore@MasterAudio@@UAAXHMHABVUserGuid@@@Z
>=99	99.111	100.000	180	6	CODEGEN_REGALLOC	1.0	0	0	default/MeshAnim	??4?$list@UInstance@RndMultiMesh@@V?$TransformListAlloc@UInstance@RndMultiMesh@@@stlpmtx_std@@@stlpmtx_std@@QAAAAV01@ABV01@@Z
>=99	99.081	99.968	496	20	SOURCE_ARGVAL	1.0	4	0	default/Waypoint	?ShapeDeltaBox@Waypoint@@AAAXABVVector3@@MMAAV2@@Z
>=99	99.079	99.211	304	2	MIXED	0.974	0	0	default/Flare	?CalcScale@RndFlare@@IAAXXZ
>=99	99.063	99.086	1772	9	SOURCE_INSDEL	0.9955	5	0	default/CameraShot	?Interp@CamShotFrame@@QAAXABV1@MMPAVRndCam@@@Z
>=99	99.053	99.156	976	13	SOURCE_INSDEL	0.9918	0	5	default/Line	?SetNumPoints@RndLine@@QAAXH@Z
>=99	99.048	100.000	84	2	CODEGEN_REGALLOC	1.0	0	0	default/StatCollector	?GemPassedNow@StatCollector@@QAAXMABVGameGem@@H_N@Z
>=99	99.043	100.000	188	9	CODEGEN_REGALLOC	1.0	0	0	default/Cache_Xbox	?ThreadDelete@CacheXbox@@IAAHXZ
>=99	99.040	100.000	396	16	CODEGEN_REGALLOC	1.0	0	0	default/MusicLibrary	?SkipToNextShortcut@MusicLibrary@@QAAX_N@Z
>=99	99.040	100.000	500	22	CODEGEN_REGALLOC	1.0	0	0	default/MemTracker	?DiffDump@MemTracker@@QAAXAAVTextStream@@@Z
90-99	98.953	100.000	172	8	CODEGEN_REGALLOC	1.0	0	0	default/TrackConfig	?GetSlotColor@TrackConfig@@QBAPBDH@Z
90-99	98.949	98.949	856	4	SOURCE_INSDEL	0.9677	0	0	default/BandIKEffector	?PollDeps@BandIKEffector@@UAAXAAV?$list@PAVObject@Hmx@@V?$StlNodeAlloc@PAVObject@Hmx@@@stlpmtx_std@@@stlpmtx_std@@0@Z
90-99	98.916	98.942	760	3	CODEGEN_ORDERING	1.0	1	0	default/VocalTrack	?Handle@VocalTrack@@UAA?AVDataNode@@PAVDataArray@@_N@Z
90-99	98.889	100.000	36	2	SOURCE_ARGVAL	1.0	0	0	default/TexBlender	??1?$vector@U?$pair@PAVRndTexBlendController@@M@stlpmtx_std@@V?$StlNodeAlloc@U?$pair@PAVRndTexBlendController@@M@stlpmtx_std@@@2@@stlpmtx_std@@QAA@XZ
90-99	98.889	100.000	72	2	CODEGEN_REGALLOC	1.0	0	0	default/band3/meta_band/CharCache	?RecomposePatches@CharCache@@QAAXHPAVBandCharDesc@@H@Z
90-99	98.882	98.959	780	8	CODEGEN_ORDERING	1.0	2	0	default/BandStarDisplay	?SetNumStars@BandStarDisplay@@QAAXM_N@Z
90-99	98.881	99.650	1144	41	SOURCE_INSDEL	0.9965	0	0	default/system/bandobj/BandHeadShaper	?Init@BandHeadShaper@@SAXXZ
90-99	98.869	98.905	1096	5	SOURCE_INSDEL	0.9891	0	0	default/system/rndobj/Utl	?SpliceKeys@@YAXPAVRndTransAnim@@0MM@Z
90-99	98.839	100.000	224	13	CODEGEN_REGALLOC	1.0	0	0	default/band3/meta_band/LicenseMgr	?ContentDiscovered@LicenseMgr@@UAA_NVSymbol@@@Z
90-99	98.824	98.824	204	1	MIXED	0.9615	0	0	default/MoveMgr	?_M_insert@?$_Rb_tree@VSymbol@@U?$less@VSymbol@@@stlpmtx_std@@U?$pair@$$CBVSymbol@@H@3@U?$_Select1st@U?$pair@$$CBVSymbol@@H@stlpmtx_std@@@3@U?$_MapTraitsT@U?$pair@$$CBVSymbol@@H@stlpmtx_std@@@priv@3@V?$StlNodeAlloc@U?$pair@$$CBVSymbol@@H@stlpmtx_std@@@3@@stlpmtx_std@@AAA?AU?$_Rb_tree_iterator@U?$pair@$$CBVSymbol@@H@stlpmtx_std@@U?$_MapTraitsT@U?$pair@$$CBVSymbol@@H@stlpmtx_std@@@priv@2@@2@PAU_Rb_tree_node_base@2@ABU?$pair@$$CBVSymbol@@H@2@00@Z
90-99	98.816	100.000	304	16	CODEGEN_REGALLOC	1.0	0	0	default/NextSongPanel	?Poll@NextSongPanel@@UAAXXZ
90-99	98.815	99.556	108	4	SOURCE_ARGVAL	1.0	0	0	default/ByteGrinder	?op61@@YA?AVDataNode@@PAVDataArray@@@Z
90-99	98.800	100.000	100	4	CODEGEN_REGALLOC	1.0	0	0	default/keygen_xbox	?getKey@KeyChain@@YAXIPAE0@Z
90-99	98.798	99.031	516	7	MIXED	0.9545	0	0	default/OverdriveTracker	?TranslateRelativeTargets@OverdriveTracker@@UAAXXZ
90-99	98.797	98.966	236	2	SOURCE_ARGVAL	0.9667	0	0	default/HttpGet	?StartSending@HttpGet@@IAAXXZ
90-99	98.784	100.000	296	9	CODEGEN_REGALLOC	1.0	0	0	default/Geo	?Intersect@@YA_NABVVector3@@0ABVTriangle@@AAM@Z
90-99	98.769	99.077	260	3	MIXED	0.9697	0	0	default/BandIKEffector	?IKElbow@BandIKEffector@@IAAXABVVector3@@@Z
90-99	98.750	100.000	96	5	CODEGEN_REGALLOC	1.0	0	0	default/keygen_xbox	?revealKey@@YAXPAJPAE@Z
90-99	98.750	100.000	512	30	CODEGEN_REGALLOC	1.0	0	0	default/CharBones	?StringVal@CharBones@@QAAPBDVSymbol@@@Z
90-99	98.728	98.728	692	3	SOURCE_INSDEL	0.9714	0	0	default/FocusTracker	?GetNextFocusPlayer@StreakFocusTracker@@UBA?AUTrackerPlayerID@@ABU2@MAA_N@Z
90-99	98.714	99.786	112	12	SOURCE_ARGVAL	1.0	6	0	default/MeshAnim	?UpdateCache@RndShaderMgr@@QAAXABVTransform@@H@Z
90-99	98.707	98.793	696	6	CODEGEN_ORDERING	1.0	0	0	default/SongParser	?ParseText@SongParser@@QAAXHPBD@Z
90-99	98.684	100.000	76	2	SOURCE_ARGVAL	1.0	0	0	default/DateTime	?ToMiniDateString@DateTime@@QBAXAAVString@@@Z
90-99	98.672	98.734	1280	8	SOURCE_INSDEL	0.9938	0	0	default/StarDisplay	?SyncProperty@StarDisplay@@UAA_NAAVDataNode@@PAVDataArray@@HW4PropOp@@@Z
90-99	98.671	99.847	680	43	SOURCE_ARGVAL	1.0	9	17	default/system/rndobj/Utl	?BurnXfm@@YAXPAVRndMesh@@_N@Z
90-99	98.593	99.366	1268	51	CODEGEN_ORDERING	1.0	1	0	default/RockCentral	?UpdateSetlist@RockCentral@@QAAXPAVLocalSavedSetlist@@AAVDataResultList@@PAVObject@Hmx@@HH@Z
90-99	98.583	98.910	2568	49	SOURCE_INSDEL	0.9891	0	0	default/VocalTrackDir	?Handle@VocalTrackDir@@UAA?AVDataNode@@PAVDataArray@@_N@Z
90-99	98.581	99.279	888	19	SOURCE_INSDEL	0.9865	0	0	default/band3/game/TrainerGemTab	?DrawTails@TrainerGemTab@@QAAXABVGameGem@@HHMM@Z
90-99	98.537	98.537	164	1	MIXED	0.9524	0	0	default/BandSongMgr	?IsDemo@BandSongMgr@@QBA_NH@Z
90-99	98.520	98.883	716	12	SOURCE_CALLCOUNT	0.989	0	0	default/Spotlight	?Copy@Spotlight@@UAAXPBVObject@Hmx@@W4CopyType@23@@Z
90-99	98.500	100.000	160	10	CODEGEN_REGALLOC	1.0	0	0	default/band3/meta_band/MusicLibraryNetSetlists	??0NetSavedSetlist@@QAA@W4SetlistType@SavedSetlist@@PBD1_N111@Z
90-99	98.500	98.500	16	1	CLEAN?	0.6	0	0	default/BandUser	?SyncProperty@BandUser@@$4PPPPPPPM@PPPPPPCE@AA_NAAVDataNode@@PAVDataArray@@HW4PropOp@@@Z
90-99	98.418	98.486	584	4	SOURCE_INSDEL	0.9932	0	0	default/PropKeys	?SetFrame@Vector3Keys@@UAAXMM@Z
90-99	98.406	98.428	916	5	SOURCE_CALLCOUNT	0.9783	0	0	default/BandUser	?Handle@LocalBandUser@@UAA?AVDataNode@@PAVDataArray@@_N@Z
90-99	98.375	99.625	32	4	SOURCE_ARGVAL	1.0	3	0	default/CharServoBone	?SetMoveSelf@CharServoBone@@QAAX_N@Z
90-99	98.308	98.647	532	12	MIXED	0.9559	0	0	default/system/obj/Dir	?ResetViewports@ObjectDir@@QAAXXZ
90-99	98.292	98.313	972	7	SOURCE_INSDEL	0.9757	0	0	default/band3/meta_band/CharProvider	?Reload@CharProvider@@QAAXPAVLocalBandUser@@@Z
90-99	98.289	100.000	152	12	CODEGEN_REGALLOC	1.0	0	0	default/RGUtl	?RGGetHeldFretRange@@YA_NABVRGState@@AAH1@Z
90-99	98.286	98.286	140	1	MIXED	0.9444	0	0	default/DataFunc	?DataSet@@YA?AVDataNode@@PAVDataArray@@@Z
90-99	98.286	99.714	28	3	SOURCE_ARGVAL	1.0	0	0	default/CharLipSync	??__FsLoadedFile@@YAXXZ
90-99	98.286	99.714	28	3	SOURCE_ARGVAL	1.0	2	0	default/Voice	?SetReverbEnable@Voice@@QAAX_N@Z
90-99	98.281	100.000	128	8	CODEGEN_REGALLOC	1.0	0	0	default/MemHeap	?AttemptMerge@FreeBlock@@QAA_NPAV1@H@Z
90-99	98.264	100.000	288	15	CODEGEN_REGALLOC	1.0	0	0	default/ColorXfm	?AdjustSaturation@RndColorXfm@@QAAXXZ
90-99	98.261	98.261	460	2	SOURCE_INSDEL	0.9829	0	0	default/band3/meta_band/SongRecord	??0SongRecord@@QAA@PBVBandSongMetadata@@@Z
90-99	98.261	98.675	2364	40	SOURCE_INSDEL	0.9932	3	0	default/FileMerger	?Poll@CharIKHand@@UAAXXZ
90-99	98.259	98.787	1896	62	SOURCE_CALLCOUNT	0.9854	6	0	default/Mat_NG	?SetRegularShaderConst@NgMat@@IAAX_N@Z
90-99	98.254	98.879	928	29	SOURCE_INSDEL	0.9914	0	0	default/VocalTrack	?UpdatePitchArrow@VocalTrack@@QAAXMH@Z
90-99	98.198	98.198	504	6	SOURCE_INSDEL	0.9764	0	0	default/FocusTracker	?GetNextFocusPlayer@FocusTracker@@UBA?AUTrackerPlayerID@@ABU2@MAA_N@Z
90-99	98.176	98.765	340	7	SOURCE_INSDEL	0.9882	0	0	default/Text	?UpdateMesh@RndText@@QAAXPAVRndFont@@@Z
90-99	98.125	100.000	256	12	CODEGEN_REGALLOC	1.0	0	0	default/Geo	?Multiply@@YAXABVPlane@@ABVTransform@@AAV1@@Z
90-99	98.125	98.125	128	1	MIXED	0.9394	0	0	default/PropAnim	?FindKeys@RndPropAnim@@IAA?AU?$_List_iterator@PAVPropKeys@@U?$_Nonconst_traits@PAVPropKeys@@@stlpmtx_std@@@stlpmtx_std@@PAVObject@Hmx@@PAVDataArray@@@Z
90-99	98.102	98.114	1688	44	SOURCE_INSDEL	0.9882	23	1	default/BandDirector	?Enter@BandDirector@@UAAXXZ
90-99	98.097	98.143	868	7	CODEGEN_ORDERING	1.0	3	0	default/EventTrigger	??0EventTrigger@@IAA@XZ
90-99	98.089	98.644	360	10	SOURCE_ARGVAL	1.0	2	0	default/system/rnddx9/Rnd	?DrawLine@DxRnd@@UAAXABVVector3@@0ABVColor@Hmx@@_N@Z
90-99	98.069	98.216	408	9	SOURCE_INSDEL	0.9151	0	0	default/StandardStream	?PollStream@StandardStream@@QAAXXZ
90-99	98.049	100.000	164	13	CODEGEN_REGALLOC	1.0	0	0	default/Loader	?SaveData@FileLoader@@SAXAAVBinStream@@PAXH@Z
90-99	98.019	98.052	616	4	SOURCE_INSDEL	0.9809	0	0	default/CameraShot	?AddCrowdChars@CamShotCrowd@@QAAXPBV?$list@U?$pair@PAVRndMultiMesh@@U?$_List_iterator@UInstance@RndMultiMesh@@U?$_Nonconst_traits@UInstance@RndMultiMesh@@@stlpmtx_std@@@stlpmtx_std@@@stlpmtx_std@@V?$StlNodeAlloc@U?$pair@PAVRndMultiMesh@@U?$_List_iterator@UInstance@RndMultiMesh@@U?$_Nonconst_traits@UInstance@RndMultiMesh@@@stlpmtx_std@@@stlpmtx_std@@@stlpmtx_std@@@2@@stlpmtx_std@@@Z
90-99	98.013	99.231	624	36	MIXED	1.0	0	0	default/MemHeap	?Print@MemHeap@@QAAXAAVTextStream@@_N@Z
90-99	98.000	98.563	284	8	SOURCE_INSDEL	0.9859	2	0	default/BlockMgr	?AddTask@BlockMgr@@QAAXABVAsyncTask@@@Z
90-99	98.000	100.000	160	10	CODEGEN_REGALLOC	1.0	0	0	default/band3/game/RGTrainerPanel	?MissNotify@RGTrainerPanel@@UAA_NH@Z
90-99	97.973	98.881	4936	247	SOURCE_INSDEL	0.9976	7	1	default/VocalPlayer	?Handle@VocalPlayer@@UAA?AVDataNode@@PAVDataArray@@_N@Z
90-99	97.972	98.113	424	4	CODEGEN_ORDERING	1.0	0	0	default/Geo	??$_S_sort@VBSPFace@@V?$StlNodeAlloc@VBSPFace@@@stlpmtx_std@@U?$less@VBSPFace@@@3@@stlpmtx_std@@YAXAAV?$list@VBSPFace@@V?$StlNodeAlloc@VBSPFace@@@stlpmtx_std@@@0@U?$less@VBSPFace@@@0@@Z
90-99	97.959	97.959	196	1	SOURCE_INSDEL	0.9796	0	0	default/FftIpp	??1FftIpp@@QAA@XZ
90-99	97.957	98.280	372	6	SOURCE_INSDEL	0.9681	0	0	default/Geo	??O@YA_NABVSphere@@ABVFrustum@@@Z
90-99	97.954	98.580	2332	69	SOURCE_INSDEL	0.9949	8	0	default/VocalPlayer	?HandlePhraseEnd@VocalPlayer@@QAAXM@Z
90-99	97.953	98.099	684	32	SOURCE_INSDEL	0.9827	8	1	default/Memcard_Xbox	?PrintDir@MCContainerXbox@@UAA?AW4MCResult@@PBD_N@Z
90-99	97.917	97.963	432	4	SOURCE_INSDEL	0.9908	0	0	default/Archive	?GetFileInfo@Archive@@QAA_NPBDAAHAA_K11@Z
90-99	97.909	98.182	220	4	SOURCE_INSDEL	0.9818	0	0	default/system/rndobj/Utl	?_M_insert@?$_Rb_tree@UEdge@RndAmbientOcclusion@@U?$less@UEdge@RndAmbientOcclusion@@@stlpmtx_std@@U12@U?$_Identity@UEdge@RndAmbientOcclusion@@@4@U?$_SetTraitsT@UEdge@RndAmbientOcclusion@@@priv@4@V?$StlNodeAlloc@UEdge@RndAmbientOcclusion@@@4@@stlpmtx_std@@AAA?AU?$_Rb_tree_iterator@UEdge@RndAmbientOcclusion@@U?$_SetTraitsT@UEdge@RndAmbientOcclusion@@@priv@stlpmtx_std@@@2@PAU_Rb_tree_node_base@2@ABUEdge@RndAmbientOcclusion@@00@Z
90-99	97.896	97.983	924	7	SOURCE_INSDEL	0.9828	0	0	default/Text	?ParseMarkup@RndText@@QBAPBDPBDPAVStyle@1@MM@Z
90-99	97.885	100.000	908	68	CODEGEN_REGALLOC	1.0	0	0	default/ColorXfm	?AdjustHue@RndColorXfm@@QAAXXZ
90-99	97.857	100.000	28	3	CODEGEN_REGALLOC	1.0	0	0	default/JsonMemory	JsonRealloc
90-99	97.856	99.261	612	35	SOURCE_INSDEL	0.9935	5	6	default/Geo	?Update@BSPFace@@QAAXXZ
90-99	97.830	98.025	1432	22	SOURCE_INSDEL	0.9917	4	0	default/GemTrack	?DrawTrackElements@GemTrack@@QAAXHH@Z
90-99	97.796	97.849	372	3	CODEGEN_ORDERING	1.0	0	0	default/BandDirector	?Poll@BandDirector@@UAAXXZ
90-99	97.704	98.399	892	28	SOURCE_INSDEL	0.9604	16	0	default/CharIKFoot	?DoFSM@CharIKFoot@@IAAXAAVTransform@@@Z
90-99	97.692	98.718	312	15	SOURCE_INSDEL	0.9872	0	0	default/VocalTrack	?ProcessStaticLyrics@VocalTrack@@QAAX_NPAVLyric@@AAM2AAPAV2@320PAVLyricPlate@@@Z
90-99	97.660	97.918	388	9	SOURCE_INSDEL	0.9798	0	0	default/MoveMgr	?_M_insert_overflow_aux@?$vector@VSpotlightEntry@SpotlightDrawer@@V?$StlNodeAlloc@VSpotlightEntry@SpotlightDrawer@@@stlpmtx_std@@@stlpmtx_std@@IAAXPAVSpotlightEntry@SpotlightDrawer@@ABV34@ABU__false_type@2@I_N@Z
90-99	97.626	97.980	396	7	CODEGEN_ORDERING	1.0	0	0	default/Crowd	??$PropSync@UCharData@WorldCrowd@@@@YA_NAAV?$ObjList@UCharData@WorldCrowd@@@@AAVDataNode@@PAVDataArray@@HW4PropOp@@@Z
90-99	97.617	97.656	512	4	SOURCE_INSDEL	0.9922	0	0	default/VocalTrack	?Poll@VocalTrack@@UAAXM@Z
90-99	97.615	98.769	364	24	SOURCE_INSDEL	0.989	12	0	default/MakeString	?NextBuf@@YAPADXZ
90-99	97.609	98.391	512	20	SOURCE_INSDEL	0.9844	6	0	default/Geo	?Clip@@YAXABVPolygon@Hmx@@ABVRay@2@AAV12@@Z
90-99	97.600	97.600	100	1	MIXED	0.9231	0	0	default/Spotlight	??$_M_allocate_and_copy@PBVColor@Hmx@@@?$vector@VColor@Hmx@@V?$StlNodeAlloc@VColor@Hmx@@@stlpmtx_std@@@stlpmtx_std@@IAAPAVColor@Hmx@@IPBV23@0@Z
90-99	97.600	97.600	100	1	MIXED	0.9231	0	0	default/DataEventList	??$_M_allocate_and_copy@PAVDataEvent@@@?$vector@VDataEvent@@V?$StlNodeAlloc@VDataEvent@@@stlpmtx_std@@@stlpmtx_std@@IAAPAVDataEvent@@IPAV2@0@Z
90-99	97.600	97.600	100	1	MIXED	0.9231	0	0	default/TrackDir	??$_M_allocate_and_copy@PBVCtrlPoint@RndSpline@@@?$vector@VCtrlPoint@RndSpline@@V?$StlNodeAlloc@VCtrlPoint@RndSpline@@@stlpmtx_std@@@stlpmtx_std@@IAAPAVCtrlPoint@RndSpline@@IPBV23@0@Z
90-99	97.580	97.624	1372	14	SOURCE_INSDEL	0.9883	0	0	default/CharDriver	?Poll@CharDriver@@UAAXXZ
90-99	97.513	97.730	460	8	SOURCE_INSDEL	0.9828	0	0	default/Lit_NG	?SetShadowTransforms@NgLight@@IAAXXZ
90-99	97.505	99.064	436	29	SOURCE_INSDEL	0.9909	0	0	default/Mesh	?SkinVertex@RndMesh@@QAA?AVVector3@@ABVVert@1@PAV2@@Z
90-99	97.500	100.000	8	1	CODEGEN_REGALLOC	1.0	0	0	default/Memory_Xbox	??2Node@?$ObjPtrList@VRndGroup@@VObjectDir@@@@SAPAXI@Z
90-99	97.500	100.000	40	4	CODEGEN_REGALLOC	1.0	0	0	default/BinkMovieSys_Xbox	?PlatformStoreCache@BinkMovieSys@@QAAXPAXI@Z
90-99	97.500	97.500	160	1	SOURCE_INSDEL	0.9756	0	0	default/Faders	??1FaderGroup@@QAA@XZ
90-99	97.476	97.595	168	2	SOURCE_INSDEL	0.9767	0	0	default/band3/game/GemTrainerPanel	?Exit@GemTrainerPanel@@UAAXXZ
90-99	97.468	97.468	316	2	CODEGEN_ORDERING	1.0	0	0	default/VorbisReader	??1VorbisReader@@UAA@XZ
90-99	97.463	99.870	216	15	SOURCE_ARGVAL	1.0	4	3	default/CharEyes	?EnforceMinimumTargetDistance@CharEyes@@IAAXABVVector3@@0AAV2@@Z
90-99	97.452	97.815	496	7	CODEGEN_ORDERING	1.0	0	0	default/CreditsPanel	?Handle@CreditsPanel@@UAA?AVDataNode@@PAVDataArray@@_N@Z
90-99	97.451	97.647	204	3	MIXED	0.9245	0	0	default/XLSPConnection	?_M_insert@?$_Rb_tree@KU?$less@K@stlpmtx_std@@U?$pair@$$CBKH@2@U?$_Select1st@U?$pair@$$CBKH@stlpmtx_std@@@2@U?$_MapTraitsT@U?$pair@$$CBKH@stlpmtx_std@@@priv@2@V?$StlNodeAlloc@U?$pair@$$CBKH@stlpmtx_std@@@2@@stlpmtx_std@@AAA?AU?$_Rb_tree_iterator@U?$pair@$$CBKH@stlpmtx_std@@U?$_MapTraitsT@U?$pair@$$CBKH@stlpmtx_std@@@priv@2@@2@PAU_Rb_tree_node_base@2@ABU?$pair@$$CBKH@2@00@Z
90-99	97.414	97.931	116	3	MIXED	0.9333	0	0	default/Song	??0?$list@PAVMidiParser@@V?$StlNodeAlloc@PAVMidiParser@@@stlpmtx_std@@@stlpmtx_std@@QAA@ABV01@@Z
90-99	97.414	97.931	116	3	MIXED	0.9333	0	0	default/DefaultPhysicsManager	??0?$list@PAVRndMesh@@V?$StlNodeAlloc@PAVRndMesh@@@stlpmtx_std@@@stlpmtx_std@@QAA@ABV01@@Z
90-99	97.320	99.920	100	12	SOURCE_ARGVAL	1.0	2	0	default/band3/meta_band/StoreOfferProvider	?ClearList@StoreOfferProvider@@QAAXXZ
90-99	97.250	99.750	16	2	SOURCE_ARGVAL	1.0	1	0	default/Performer	?GetVocalPartPercentage@Stats@@QBAMH@Z
90-99	97.237	100.000	152	15	CODEGEN_REGALLOC	1.0	0	0	default/CharBones	?FindOffset@CharBones@@QBAHVSymbol@@@Z
90-99	97.194	98.120	432	15	CODEGEN_ORDERING	1.0	3	0	default/Geo	?Intersect@@YA_NABVSegment@@ABVTriangle@@_NAAM@Z
90-99	97.185	97.523	3436	89	SOURCE_INSDEL	0.9793	14	0	default/ChordbookPanel	?DisplayChord@ChordbookPanel@@QAAXI@Z
90-99	97.169	98.795	332	21	SOURCE_INSDEL	0.988	0	0	default/CharIKFingers	?MeasureLengths@CharIKFingers@@QAAXXZ
90-99	97.143	100.000	112	12	CODEGEN_REGALLOC	1.0	0	0	default/keygen_xbox	?memcpy_cs@@YAXPAEPBEI@Z
90-99	97.121	97.929	396	14	SOURCE_INSDEL	0.9608	0	0	default/SpotlightDrawer_NG	?_M_fill_insert_aux@?$vector@VSpotMeshEntry@SpotlightDrawer@@V?$StlNodeAlloc@VSpotMeshEntry@SpotlightDrawer@@@stlpmtx_std@@@stlpmtx_std@@AAAXPAVSpotMeshEntry@SpotlightDrawer@@IABV34@ABU__false_type@2@@Z
90-99	97.118	97.188	576	6	SOURCE_INSDEL	0.9862	0	0	default/band3/meta_band/PatchPanel	?SyncProperty@PatchPanel@@UAA_NAAVDataNode@@PAVDataArray@@HW4PropOp@@@Z
90-99	97.115	100.000	104	9	CODEGEN_REGALLOC	1.0	0	0	default/StatCollector	?CheckKickGem@StatCollector@@QAAXABVGameGem@@H_N@Z
90-99	97.113	97.113	776	6	SOURCE_INSDEL	0.9747	0	0	default/band3/game/TambourineManager	?TambourineSucceed@TambourineManager@@QAAXH@Z
90-99	97.111	97.111	360	3	SOURCE_INSDEL	0.978	0	0	default/AccomplishmentPanel	?Mat@AccomplishmentProvider@@UBAPAVRndMat@@HHPAVUIListMesh@@@Z
90-99	97.099	97.169	568	8	SOURCE_INSDEL	0.9859	0	0	default/SongSortMgr	?DoesSongMatchFilter@SongSortMgr@@QBA_NHPBVSongFilter@1@VSymbol@@@Z
90-99	97.090	97.740	708	21	SOURCE_INSDEL	0.9774	0	0	default/band3/game/TrainerPanel	?StartSection@TrainerPanel@@QAAXH@Z
90-99	97.027	97.162	1184	16	CODEGEN_ORDERING	1.0	0	0	default/EventTrigger	?TriggerSelf@EventTrigger@@IAAXXZ
90-99	97.000	99.500	8	1	SOURCE_ARGVAL	1.0	1	0	default/TrackWatcherImpl	??0?$_STLP_alloc_proxy@PAUHamSupereasyMeasure@@U1@V?$StlNodeAlloc@UHamSupereasyMeasure@@@stlpmtx_std@@@stlpmtx_std@@QAA@ABV?$StlNodeAlloc@UHamSupereasyMeasure@@@1@PAUHamSupereasyMeasure@@@Z
90-99	96.970	96.970	528	4	CODEGEN_ORDERING	1.0	0	0	default/VocalPart	?GetBestHit@VocalPart@@QAAMMHHPAVTalkyMatcher@@AAMMAAH211AA_N@Z
90-99	96.950	96.950	80	2	SOURCE_ARGVAL	0.9048	0	0	default/PropKeys	??$_Destroy_Range@PAUEntry@LocalePanel@@@stlpmtx_std@@YAXPAUEntry@LocalePanel@@0@Z
90-99	96.912	97.059	136	2	SOURCE_INSDEL	0.9714	0	0	default/NetworkSocket_Win	?RecvFrom@WinSockSocket@@UAAHPAXIAAIAAG@Z
90-99	96.878	97.968	752	43	SOURCE_INSDEL	0.9894	2	0	default/band3/bandtrack/TrackPanel	?Poll@TrackPanel@@UAAXXZ
90-99	96.842	96.842	76	1	MIXED	0.9	0	0	default/Main	main
90-99	96.840	98.649	376	22	SOURCE_ARGVAL	1.0	7	0	default/CharGuitarString	?Poll@CharGuitarString@@UAAXXZ
90-99	96.825	97.180	732	25	SOURCE_INSDEL	0.9727	7	0	default/PatchDir	?LoadStickerData@PatchDir@@QAAXXZ
90-99	96.823	96.875	384	4	SOURCE_INSDEL	0.9896	0	0	default/PanelDir	?PanelNav@PanelDir@@AAA_NW4JoypadAction@@W4JoypadButton@@VSymbol@@@Z
90-99	96.750	97.297	4096	138	SOURCE_INSDEL	0.9932	17	0	default/band3/meta_band/SaveLoadManager	?SetState@SaveLoadManager@@IAAXW4State@1@@Z
90-99	96.721	96.721	244	3	CODEGEN_ORDERING	1.0	0	0	default/BandWardrobe	?SetVenueDir@BandWardrobe@@QAAXPAVObjectDir@@@Z
90-99	96.667	97.727	528	26	SOURCE_INSDEL	0.9924	0	0	default/PitchCorrectedVoice	?GetCorrection@PitchCorrectedVoice@Synapse@DSP@@QAAMXZ
90-99	96.667	100.000	180	22	CODEGEN_REGALLOC	1.0	0	0	default/keygen_xbox	?shuffle1@@YAXPAD@Z
90-99	96.663	97.696	3136	180	SOURCE_CALLCOUNT	0.9873	1	0	default/PropAnim	?Handle@RndPropAnim@@UAA?AVDataNode@@PAVDataArray@@_N@Z
90-99	96.646	96.709	632	7	SOURCE_CALLCOUNT	0.9627	0	0	default/AsyncFile	?PrintDiscFile@@YAXPBD@Z
90-99	96.622	97.297	148	6	SOURCE_INSDEL	0.9737	0	0	default/VocalTrackDir	?PreLoad@VocalTrackDir@@UAAXAAVBinStream@@@Z
90-99	96.619	98.104	1616	108	SOURCE_INSDEL	0.9706	0	6	default/CharEyes	?Poll@CharEyes@@UAAXXZ
90-99	96.591	100.000	176	25	CODEGEN_REGALLOC	1.0	0	0	default/keygen_xbox	?parseHex16@@YAXPBDPAE@Z
90-99	96.552	96.552	232	2	CODEGEN_ORDERING	1.0	0	0	default/Voice	?Pause@Voice@@QAAX_N@Z
90-99	96.517	97.753	356	19	SOURCE_INSDEL	0.978	0	0	default/CharEyes	??$PropSync@UEyeDesc@CharEyes@@@@YA_NAAV?$ObjVector@UEyeDesc@CharEyes@@@@AAVDataNode@@PAVDataArray@@HW4PropOp@@@Z
90-99	96.517	97.753	356	19	SOURCE_INSDEL	0.978	0	0	default/BandIKEffector	??$PropSync@VConstraint@BandIKEffector@@@@YA_NAAV?$ObjVector@VConstraint@BandIKEffector@@@@AAVDataNode@@PAVDataArray@@HW4PropOp@@@Z
90-99	96.495	96.747	396	11	FOREIGN_FPCLASS	0.9406	0	0	default/MetaMaterial	?_M_insert_overflow_aux@?$vector@W4MatPropEditAction@@V?$StlNodeAlloc@W4MatPropEditAction@@@stlpmtx_std@@@stlpmtx_std@@IAAXPAW4MatPropEditAction@@ABW43@ABU__false_type@2@I_N@Z
90-99	96.483	97.719	356	22	SOURCE_INSDEL	0.978	0	1	default/LightPreset	??$PropSync@USpotlightEntry@LightPreset@@@@YA_NAAV?$ObjVector@USpotlightEntry@LightPreset@@@@AAVDataNode@@PAVDataArray@@HW4PropOp@@@Z
90-99	96.472	96.680	1448	25	SOURCE_INSDEL	0.9834	2	0	default/CharBonesSamples	?Relativize@CharBonesSamples@@QAAXPAVCharClip@@@Z
90-99	96.463	96.463	588	6	CODEGEN_ORDERING	1.0	0	0	default/PitchArrow	?SyncObjects@PitchArrow@@UAAXXZ
90-99	96.453	97.045	980	39	SOURCE_CALLCOUNT	0.9757	0	0	default/CharIKHand	?Load@CharIKHand@@UAAXAAVBinStream@@@Z
90-99	96.412	96.412	408	12	SOURCE_ARGVAL	0.8889	0	0	default/MultiTempoTempoMap	?_M_insert_overflow_aux@?$vector@UTempoInfoPoint@MultiTempoTempoMap@@V?$StlNodeAlloc@UTempoInfoPoint@MultiTempoTempoMap@@@stlpmtx_std@@@stlpmtx_std@@IAAXPAUTempoInfoPoint@MultiTempoTempoMap@@ABU34@ABU__false_type@2@I_N@Z
90-99	96.365	97.465	636	29	SOURCE_INSDEL	0.9755	0	1	default/BandCharDesc	?CopyCharDesc@BandCharDesc@@QAAXPBV1@@Z
90-99	96.344	96.701	616	23	SOURCE_INSDEL	0.9935	2	5	default/StandardStream	?ConsumeData@StandardStream@@QAAHPAPAXHH@Z
90-99	96.310	96.379	580	9	SOURCE_INSDEL	0.8896	0	0	default/band3/meta_band/ViewSetting	?FilterTypeToSym@FilterViewSetting@@SA?AVSymbol@@W4FilterType@@@Z
90-99	96.272	96.362	1104	15	CODEGEN_ORDERING	1.0	4	0	default/SongParser	?StartVocalNote@SongParser@@QAAXHEPBD@Z
90-99	96.222	100.000	180	26	CODEGEN_REGALLOC	1.0	0	0	default/keygen_xbox	?shuffle3@@YAXPAD@Z
90-99	96.222	100.000	180	25	CODEGEN_REGALLOC	1.0	0	0	default/keygen_xbox	?shuffle4@@YAXPAD@Z
90-99	96.208	96.440	1036	22	SOURCE_INSDEL	0.9923	2	0	default/band3/meta_band/ViewSetting	?Handle@ViewSettingsProvider@@UAA?AVDataNode@@PAVDataArray@@_N@Z
90-99	96.207	96.552	232	5	SOURCE_INSDEL	0.9655	0	0	default/Character	??A?$map@PAVObject@Hmx@@UDep@CharPollableSorter@@U?$less@PAVObject@Hmx@@@stlpmtx_std@@V?$StlNodeAlloc@U?$pair@QAVObject@Hmx@@UDep@CharPollableSorter@@@stlpmtx_std@@@6@@stlpmtx_std@@QAAAAUDep@CharPollableSorter@@ABQAVObject@Hmx@@@Z
90-99	96.200	96.417	460	19	SOURCE_INSDEL	0.9661	10	0	default/SongSortMgr	?IntersectFilter@SongFilter@SongSortMgr@@QAAXPAV12@@Z
90-99	96.181	96.586	2472	63	SOURCE_INSDEL	0.9984	10	0	default/CharHair	?SimulateInternal@CharHair@@IAAXM@Z
90-99	96.154	96.154	104	1	SOURCE_INSDEL	0.963	0	0	default/BandCrowdMeter	?_M_fill_insert@?$vector@VColor@Hmx@@V?$StlNodeAlloc@VColor@Hmx@@@stlpmtx_std@@@stlpmtx_std@@AAAXPAVColor@Hmx@@IABV34@@Z
90-99	96.139	97.639	1120	80	SOURCE_INSDEL	0.9929	1	0	default/OutfitConfig	?Load@OutfitConfig@@UAAXAAVBinStream@@@Z
90-99	96.090	96.453	2536	104	SOURCE_INSDEL	0.9811	36	0	default/band3/meta_band/StoreOfferProvider	?BuildList@StoreOfferProvider@@QAAXPAVDataArray@@@Z
90-99	96.056	96.150	852	13	SOURCE_INSDEL	0.9953	0	0	default/system/bandobj/BandHeadShaper	?SetMeshAnim@@YAXPAVObjectDir@@AAV?$vector@HV?$StlNodeAlloc@H@stlpmtx_std@@@stlpmtx_std@@@Z
90-99	96.033	96.310	1588	76	SOURCE_INSDEL	0.9774	24	0	default/LayerDir	?RefreshLayer@LayerDir@@QAAXAAVLayer@1@_N@Z
90-99	95.952	100.000	168	26	CODEGEN_REGALLOC	1.0	0	0	default/keygen_xbox	?shuffle5@@YAXPAD@Z
90-99	95.952	100.000	168	26	CODEGEN_REGALLOC	1.0	0	0	default/keygen_xbox	?shuffle6@@YAXPAD@Z
90-99	95.846	95.846	676	9	SOURCE_CALLCOUNT	0.9708	0	0	default/CameraShot	?Copy@CamShot@@UAAXPBVObject@Hmx@@W4CopyType@23@@Z
90-99	95.810	96.761	652	41	SOURCE_INSDEL	0.9634	0	7	default/BandCrowdMeter	?Poll@BandCrowdMeter@@UAAXXZ
90-99	95.769	100.000	104	14	CODEGEN_REGALLOC	1.0	0	0	default/mtx	?Det@@YAMABVMatrix3@Hmx@@@Z
90-99	95.759	95.887	780	14	SOURCE_CALLCOUNT	0.9799	1	1	default/PropSync	?DrawShowing@WorldDir@@UAAXXZ
90-99	95.714	95.714	224	4	MIXED	0.8667	0	0	default/XLSPConnection	?insert_unique@?$_Rb_tree@KU?$less@K@stlpmtx_std@@U?$pair@$$CBKH@2@U?$_Select1st@U?$pair@$$CBKH@stlpmtx_std@@@2@U?$_MapTraitsT@U?$pair@$$CBKH@stlpmtx_std@@@priv@2@V?$StlNodeAlloc@U?$pair@$$CBKH@stlpmtx_std@@@2@@stlpmtx_std@@QAA?AU?$pair@U?$_Rb_tree_iterator@U?$pair@$$CBKH@stlpmtx_std@@U?$_MapTraitsT@U?$pair@$$CBKH@stlpmtx_std@@@priv@2@@stlpmtx_std@@_N@2@ABU?$pair@$$CBKH@2@@Z
90-99	95.701	96.799	656	43	SOURCE_INSDEL	0.9758	2	0	default/SongData	?UnflipGems@SongData@@QAAXHHH@Z
90-99	95.700	95.700	280	4	SOURCE_INSDEL	0.9857	0	0	default/Campaign	?HasReachedCampaignLevel@Campaign@@QBA_NVSymbol@@@Z
90-99	95.689	98.210	476	60	CODEGEN_ORDERING	1.0	12	0	default/EQEffect	?Process@EQEffect@@QAAXPAMHH@Z
90-99	95.682	96.364	176	8	SOURCE_INSDEL	0.9348	0	0	default/TypeProps	?GetArray@TypeProps@@QAAPAVDataArray@@VSymbol@@@Z
90-99	95.661	96.400	920	31	SOURCE_INSDEL	0.9701	3	0	default/system/dsp/SndAnalysis	?FindCCPeak@@YAHPBM0HH@Z
90-99	95.648	96.037	1080	38	SOURCE_INSDEL	0.9926	10	0	default/system/rndobj/Rnd	?DrawTimers@Rnd@@IAAMM@Z
90-99	95.635	95.714	1008	16	SOURCE_CALLCOUNT	0.9647	0	0	default/Lit	?Load@RndLight@@UAAXAAVBinStream@@@Z
90-99	95.610	100.000	164	26	CODEGEN_REGALLOC	1.0	0	0	default/keygen_xbox	?shuffle2@@YAXPAD@Z
90-99	95.604	95.604	364	4	SOURCE_CALLCOUNT	0.9579	0	0	default/Lit	?Copy@RndLight@@UAAXPBVObject@Hmx@@W4CopyType@23@@Z
90-99	95.599	95.913	1148	75	SOURCE_INSDEL	0.9661	44	1	default/CameraShot	?Shake@CamShot@@IAAXMMABVVector2@@AAVVector3@@1@Z
90-99	95.588	95.686	204	4	SOURCE_INSDEL	0.9434	0	0	default/MasterAudio	?SeeGem@MasterAudio@@UAAXHMH@Z
90-99	95.587	95.810	716	17	SOURCE_INSDEL	0.9297	0	0	default/GameConfig	?AssignTracks@GameConfig@@QAAXXZ
90-99	95.556	100.000	144	23	CODEGEN_REGALLOC	1.0	0	0	default/keygen_xbox	?asciiDigitToHex@@YAED@Z
90-99	95.556	95.667	540	15	SOURCE_CALLCOUNT	0.9433	5	0	default/Group	??0RndGroup@@IAA@XZ
90-99	95.537	96.065	492	18	SOURCE_INSDEL	0.944	4	0	default/BandPatchMesh	?AddUV@MeshVert@BandPatchMesh@@QAAHPBV12@ABVVector2@@PBV3@@Z
90-99	95.477	96.181	1192	67	SOURCE_INSDEL	0.9607	12	0	default/Song	?SyncState@Song@@QAAXXZ
90-99	95.435	95.435	92	2	SOURCE_INSDEL	0.88	0	0	default/AmbientOcclusion	?_M_erase@?$vector@VTriangle@@V?$StlNodeAlloc@VTriangle@@@stlpmtx_std@@@stlpmtx_std@@IAAPAVTriangle@@PAV3@0ABU__false_type@2@@Z
90-99	95.389	95.624	1192	25	SOURCE_INSDEL	0.9769	2	0	default/UIComponent	?Update@UIComponent@@UAAXXZ
90-99	95.385	100.000	52	9	CODEGEN_REGALLOC	1.0	0	0	default/keygen_xbox	?swap@@YAXAAD0@Z
90-99	95.371	96.094	636	32	SOURCE_INSDEL	0.9814	1	0	default/TrackDir	?PostLoad@TrackDir@@UAAXAAVBinStream@@@Z
90-99	95.361	95.876	388	13	SOURCE_INSDEL	0.9588	0	0	default/AmbientOcclusion	?FindSplit_SAH@kdTreeNode@?$kdTree@VTriangle@@@@QAA_NABVBox@@ABV?$list@PAVTriangle@@V?$StlNodeAlloc@PAVTriangle@@@stlpmtx_std@@@stlpmtx_std@@@Z
90-99	95.357	95.357	224	3	SOURCE_INSDEL	0.9298	0	0	default/Rnd_Xbox	?Present@DxRnd@@QAAXXZ
90-99	95.349	95.349	344	4	CODEGEN_ORDERING	1.0	0	0	default/FilterCoeffs	?LowpassCoefficients@DSP@@YAXQAMMMM@Z
90-99	95.345	95.702	336	9	SOURCE_CALLCOUNT	0.9412	0	0	default/Character	?Save@Character@@UAAXAAVBinStream@@@Z
90-99	95.238	95.510	588	11	SOURCE_CALLCOUNT	0.9603	0	0	default/band3/game/RGTrainerPanel	?Handle@RGTrainerPanel@@UAA?AVDataNode@@PAVDataArray@@_N@Z
90-99	95.190	96.778	252	21	CODEGEN_ORDERING	1.0	0	2	default/Mesh	?Add@PatchVerts@@QAAXHAAVVertVector@RndMesh@@AAVVector3@@@Z
90-99	95.176	95.294	340	6	SOURCE_INSDEL	0.9529	0	0	default/LiveCameraInput	?_M_insert_overflow_aux@?$vector@VTextureStore@LiveCameraInput@@V?$StlNodeAlloc@VTextureStore@LiveCameraInput@@@stlpmtx_std@@@stlpmtx_std@@IAAXPAVTextureStore@LiveCameraInput@@ABV34@ABU__false_type@2@I_N@Z
90-99	95.172	95.172	232	4	SOURCE_INSDEL	0.918	0	0	default/PostProc	?SetEmulateFPS@ProcCounter@@AAAIH@Z
90-99	95.139	97.325	604	67	CODEGEN_ORDERING	1.0	0	4	default/band3/bandtrack/Track	?Poll@Track@@UAAXM@Z
90-99	95.107	95.493	1192	39	SOURCE_INSDEL	0.9703	0	1	default/OutfitConfig	?SetSkinTextures@OutfitConfig@@SAXPAVObjectDir@@0PAVBandCharDesc@@@Z
90-99	95.000	100.000	12	2	CODEGEN_REGALLOC	1.0	0	0	default/BandCamShot	?Load@FlowTrigger@@$4PPPPPPPM@A@AAXAAVBinStream@@@Z
90-99	95.000	100.000	12	2	CODEGEN_REGALLOC	1.0	0	0	default/BandCharacter	?Handle@BandCharDesc@@$4PPPPPPPM@A@AA?AVDataNode@@PAVDataArray@@_N@Z
90-99	95.000	100.000	12	2	CODEGEN_REGALLOC	1.0	0	0	default/BandCharacter	?Load@BandCharDesc@@$4PPPPPPPM@A@AAXAAVBinStream@@@Z
90-99	95.000	100.000	12	2	CODEGEN_REGALLOC	1.0	0	0	default/BandLeadMeter	?PreLoad@BandLeadMeter@@$4PPPPPPPM@A@AAXAAVBinStream@@@Z
90-99	95.000	100.000	12	2	CODEGEN_REGALLOC	1.0	0	0	default/CharBoneDir	?PreLoad@CharBoneDir@@$4PPPPPPPM@A@AAXAAVBinStream@@@Z
90-99	95.000	100.000	12	2	CODEGEN_REGALLOC	1.0	0	0	default/LightPreset	??_ELightPreset@@$4PPPPPPPM@A@AAPAXI@Z
90-99	95.000	100.000	12	2	CODEGEN_REGALLOC	1.0	0	0	default/CharWeightable	?Handle@CharWeightable@@$4PPPPPPPM@A@AA?AVDataNode@@PAVDataArray@@_N@Z
90-99	95.000	96.296	216	13	SOURCE_INSDEL	0.9636	0	0	default/band3/meta_band/AccomplishmentManager	?GetScaledFanValue@AccomplishmentManager@@QAAHH@Z
90-99	95.000	100.000	12	2	CODEGEN_REGALLOC	1.0	0	0	default/band3/meta_band/MultiSelectListPanel	?Handle@MultiSelectListPanel@@$4PPPPPPPM@A@AA?AVDataNode@@PAVDataArray@@_N@Z
90-99	94.976	95.035	340	7	SOURCE_INSDEL	0.9659	2	0	default/InlineHelp	??1InlineHelp@@UAA@XZ
90-99	94.934	95.264	424	15	SOURCE_INSDEL	0.9722	0	1	default/BandLeadMeter	?PreLoad@BandLeadMeter@@UAAXAAVBinStream@@@Z
90-99	94.877	96.877	260	17	CODEGEN_ORDERING	1.0	3	0	default/Rot	?Set@Quat@Hmx@@QAAXABVVector3@@@Z
90-99	94.819	94.956	3656	77	SOURCE_INSDEL	0.9727	8	0	default/VocalTrackDir	?PostLoad@VocalTrackDir@@UAAXAAVBinStream@@@Z
90-99	94.767	95.116	344	11	SOURCE_INSDEL	0.9205	0	0	default/Bitmap	?ConvertColor@RndBitmap@@ABAXPBEAAE111@Z
90-99	94.748	94.964	556	20	SOURCE_INSDEL	0.9517	0	0	default/AccomplishmentPanel	?GetCareerLevel@AccomplishmentGroupProvider@@QBA?AVSymbol@@M@Z
90-99	94.724	95.949	392	33	SOURCE_INSDEL	0.9216	0	1	default/HamCamTransform	?_M_fill_insert_aux@?$vector@V?$ObjOwnerPtr@VCharClip@@@@V?$StlNodeAlloc@V?$ObjOwnerPtr@VCharClip@@@@@stlpmtx_std@@@stlpmtx_std@@AAAXPAV?$ObjOwnerPtr@VCharClip@@@@IABV3@ABU__false_type@2@@Z
90-99	94.716	95.455	352	17	CODEGEN_ORDERING	1.0	0	0	default/CustomizePanel	?PreviewMakeup@CustomizePanel@@QAAXVSymbol@@@Z
90-99	94.705	96.903	1192	123	SOURCE_CALLCOUNT	0.9667	0	1	default/Mesh	?OnSync@RndMesh@@MAAXH@Z
90-99	94.700	94.950	80	3	SOURCE_INSDEL	0.9524	0	0	default/Watcher	??$__destroy_range@PAU?$pair@PAVDataArray@@VDataNode@@@stlpmtx_std@@U12@@stlpmtx_std@@YAXPAU?$pair@PAVDataArray@@VDataNode@@@0@00@Z
90-99	94.688	94.706	2192	31	SOURCE_INSDEL	0.9909	1	0	default/VocalTrackDir	?UpdateTubeStyle@VocalTrackDir@@QAAXXZ
90-99	94.684	94.684	532	14	SOURCE_INSDEL	0.9925	7	0	default/system/rndobj/Rnd	??0Rnd@@QAA@XZ
90-99	94.659	99.780	164	22	SOURCE_ARGVAL	1.0	2	7	default/Mesh	?TransformNormal@@YA?AVVector3@@ABV1@ABVMatrix3@Hmx@@@Z
90-99	94.627	94.627	268	4	SOURCE_INSDEL	0.9559	0	0	default/MusicLibraryStore	??0MusicLibraryStore@@QAA@XZ
90-99	94.598	94.655	348	13	SOURCE_INSDEL	0.9326	0	0	default/StarDisplay	?PreLoad@StarDisplay@@UAAXAAVBinStream@@@Z
90-99	94.583	100.000	48	8	CODEGEN_REGALLOC	1.0	0	0	default/keygen_xbox	?roll@@YAHH@Z
90-99	94.533	94.600	300	5	SOURCE_INSDEL	0.9737	0	0	default/OverdriveMeter	?SyncProperty@OverdriveMeter@@UAA_NAAVDataNode@@PAVDataArray@@HW4PropOp@@@Z
90-99	94.514	94.581	296	5	CODEGEN_ORDERING	1.0	1	0	default/DataFunc	?DataStringFlags@@YA?AVDataNode@@PAVDataArray@@@Z
90-99	94.494	94.524	672	11	CODEGEN_ORDERING	1.0	0	0	default/GemTrackResourceManager	?InitSmasherPlates@GemTrackResourceManager@@QAAXXZ
90-99	94.475	94.727	396	13	SOURCE_INSDEL	0.9238	0	0	default/LightPreset	?_M_insert_overflow_aux@?$vector@USpotlightDrawerEntry@LightPreset@@V?$StlNodeAlloc@USpotlightDrawerEntry@LightPreset@@@stlpmtx_std@@@stlpmtx_std@@IAAXPAUSpotlightDrawerEntry@LightPreset@@ABU34@ABU__false_type@2@I_N@Z
90-99	94.444	94.444	72	1	SOURCE_INSDEL	0.9474	0	0	default/Morph	??$?5UWeight@@@@YAAAVBinStreamRev@@AAV0@AAV?$Key@UWeight@@@@@Z
90-99	94.412	94.461	408	7	SOURCE_INSDEL	0.9333	0	0	default/TexBlendController	?GetBlendState@RndTexBlendController@@QBA?AW4BlendState@1@AAMM@Z
90-99	94.407	95.208	5164	267	SOURCE_INSDEL	0.9713	4	0	default/CharacterCreatorPanel	?Handle@CharacterCreatorPanel@@UAA?AVDataNode@@PAVDataArray@@_N@Z
90-99	94.397	94.483	232	5	SOURCE_INSDEL	0.9	0	0	default/MoveMgr	?insert_unique@?$_Rb_tree@VSymbol@@U?$less@VSymbol@@@stlpmtx_std@@U?$pair@$$CBVSymbol@@H@3@U?$_Select1st@U?$pair@$$CBVSymbol@@H@stlpmtx_std@@@3@U?$_MapTraitsT@U?$pair@$$CBVSymbol@@H@stlpmtx_std@@@priv@3@V?$StlNodeAlloc@U?$pair@$$CBVSymbol@@H@stlpmtx_std@@@3@@stlpmtx_std@@QAA?AU?$pair@U?$_Rb_tree_iterator@U?$pair@$$CBVSymbol@@H@stlpmtx_std@@U?$_MapTraitsT@U?$pair@$$CBVSymbol@@H@stlpmtx_std@@@priv@2@@stlpmtx_std@@_N@2@ABU?$pair@$$CBVSymbol@@H@2@@Z
90-99	94.370	97.304	184	17	SOURCE_ARGVAL	1.0	0	4	default/AmbientOcclusion	?TransformNormal@RndAmbientOcclusion@@IBAXABVVector3@@ABVMatrix3@Hmx@@AAV2@@Z
90-99	94.338	96.310	284	31	SOURCE_INSDEL	0.9718	0	1	default/Bitmap	?NearestColor@RndBitmap@@ABAEEEEE@Z
90-99	94.333	100.000	120	22	CODEGEN_REGALLOC	1.0	0	0	default/keygen_xbox	?mash@@YAXPAE0@Z
90-99	94.286	94.286	84	2	MIXED	0.8261	0	0	default/Song	?_M_create_node@?$_Rb_tree@HU?$less@H@stlpmtx_std@@U?$pair@$$CBHVSymbol@@@2@U?$_Select1st@U?$pair@$$CBHVSymbol@@@stlpmtx_std@@@2@U?$_MapTraitsT@U?$pair@$$CBHVSymbol@@@stlpmtx_std@@@priv@2@V?$StlNodeAlloc@U?$pair@$$CBHVSymbol@@@stlpmtx_std@@@2@@stlpmtx_std@@IAAPAU_Rb_tree_node_base@2@ABU?$pair@$$CBHVSymbol@@@2@@Z
90-99	94.265	99.776	196	31	SOURCE_ARGVAL	1.0	9	0	default/Rot	?MakeScale@@YAXABVMatrix3@Hmx@@AAVVector3@@@Z
90-99	94.176	95.055	3320	213	SOURCE_CALLCOUNT	0.9783	55	1	default/TexRenderer	?DrawToTexture@RndTexRenderer@@QAAXXZ
90-99	94.138	94.310	116	3	SOURCE_INSDEL	0.9	0	0	default/BandLabel	?Copy@BandLabel@@UAAXPBVObject@Hmx@@W4CopyType@23@@Z
90-99	94.107	94.286	112	3	SOURCE_INSDEL	0.9643	0	0	default/SpotlightDrawer	?Init@SpotlightDrawer@@SAXXZ
90-99	94.044	94.118	272	5	SOURCE_CALLCOUNT	0.9444	0	0	default/SpectralAnalysis	?_M_fill_assign@?$vector@MV?$XboxAllocator@M@@@stlpmtx_std@@QAAXIABM@Z
90-99	94.040	95.360	2880	128	SOURCE_INSDEL	0.9754	7	13	default/FileMerger	?IKElbow@CharIKHand@@IAAXPAVRndTransformable@@0@Z
90-99	94.028	94.444	144	5	CODEGEN_ORDERING	1.0	0	0	default/SongData	?AddPhrase@SongData@@UAAXW4BeatmatchPhraseType@@HHMHMH@Z
90-99	93.931	94.448	116	5	SOURCE_INSDEL	0.9	0	0	default/JoypadClient	?Poll@JoypadClient@@AAAXXZ
90-99	93.889	94.444	72	3	SOURCE_INSDEL	0.9474	0	0	default/CustomizePanel	?IsLoaded@CustomizePanel@@UBA_NXZ
90-99	93.850	95.150	400	35	SOURCE_CALLCOUNT	0.9135	1	1	default/system/synth_xbox/Synth	?_M_insert_overflow_aux@?$vector@UXAUDIO2_SEND_DESCRIPTOR@@V?$StlNodeAlloc@UXAUDIO2_SEND_DESCRIPTOR@@@stlpmtx_std@@@stlpmtx_std@@IAAXPAUXAUDIO2_SEND_DESCRIPTOR@@ABU3@ABU__false_type@2@I_N@Z
90-99	93.786	93.786	412	8	SOURCE_INSDEL	0.8879	0	0	default/FileChecksum	?_M_insert_overflow_aux@?$vector@UChecksumData@@V?$StlNodeAlloc@UChecksumData@@@stlpmtx_std@@@stlpmtx_std@@IAAXPAUChecksumData@@ABU3@ABU__false_type@2@I_N@Z
90-99	93.731	93.731	104	5	SOURCE_INSDEL	0.8929	0	0	default/HamCamTransform	?_M_erase@?$vector@UNavItem@HamNavProvider@@V?$StlNodeAlloc@UNavItem@HamNavProvider@@@stlpmtx_std@@@stlpmtx_std@@IAAPAUNavItem@HamNavProvider@@PAU34@ABU__false_type@2@@Z
90-99	93.715	94.437	1136	48	SOURCE_INSDEL	0.972	0	0	default/Character	?Sort@CharPollableSorter@@QAAXAAV?$vector@PAVRndPollable@@V?$StlNodeAlloc@PAVRndPollable@@@stlpmtx_std@@@stlpmtx_std@@@Z
90-99	93.692	93.769	260	5	SOURCE_INSDEL	0.9697	0	0	default/system/bandobj/UnisonIcon	?SyncProperty@UnisonIcon@@UAA_NAAVDataNode@@PAVDataArray@@HW4PropOp@@@Z
90-99	93.691	94.145	220	7	SOURCE_INSDEL	0.9643	2	0	default/ContextWrapper	?FailAllContexts@ContextWrapperPool@@QAAXXZ
90-99	93.691	94.597	1656	101	SOURCE_INSDEL	0.9647	6	0	default/PracticePanel	?Poll@PracticePanel@@UAAXXZ
90-99	93.649	93.912	1596	42	SOURCE_CALLCOUNT	0.98	0	0	default/CameraShot	?Handle@CamShot@@UAA?AVDataNode@@PAVDataArray@@_N@Z
90-99	93.636	94.000	440	15	SOURCE_INSDEL	0.982	0	0	default/PitchArrow	?PreLoad@PitchArrow@@UAAXAAVBinStream@@@Z
90-99	93.587	93.635	416	9	CODEGEN_ORDERING	1.0	2	0	default/Env	??0RndEnviron@@IAA@XZ
90-99	93.566	94.169	332	14	SOURCE_INSDEL	0.9419	3	0	default/CharClip	?_M_insert_overflow_aux@?$vector@V?$map@HMU?$less@H@stlpmtx_std@@V?$StlNodeAlloc@U?$pair@$$CBHM@stlpmtx_std@@@2@@stlpmtx_std@@V?$StlNodeAlloc@V?$map@HMU?$less@H@stlpmtx_std@@V?$StlNodeAlloc@U?$pair@$$CBHM@stlpmtx_std@@@2@@stlpmtx_std@@@2@@stlpmtx_std@@IAAXPAV?$map@HMU?$less@H@stlpmtx_std@@V?$StlNodeAlloc@U?$pair@$$CBHM@stlpmtx_std@@@2@@2@ABV32@ABU__false_type@2@I_N@Z
90-99	93.561	94.110	328	13	SOURCE_INSDEL	0.9405	2	0	default/MeshAnim	?_M_insert_overflow_aux@?$vector@V?$Key@V?$vector@VVector3@@V?$StlNodeAlloc@VVector3@@@stlpmtx_std@@@stlpmtx_std@@@@V?$StlNodeAlloc@V?$Key@V?$vector@VVector3@@V?$StlNodeAlloc@VVector3@@@stlpmtx_std@@@stlpmtx_std@@@@@stlpmtx_std@@@stlpmtx_std@@IAAXPAV?$Key@V?$vector@VVector3@@V?$StlNodeAlloc@VVector3@@@stlpmtx_std@@@stlpmtx_std@@@@ABV3@ABU__false_type@2@I_N@Z
90-99	93.561	94.110	328	13	SOURCE_INSDEL	0.9405	2	0	default/CharHair	?_M_insert_overflow_aux@?$vector@UPoint@CharHair@@V?$StlNodeAlloc@UPoint@CharHair@@@stlpmtx_std@@@stlpmtx_std@@IAAXPAUPoint@CharHair@@ABU34@ABU__false_type@2@I_N@Z
90-99	93.548	93.548	124	2	CODEGEN_ORDERING	1.0	0	0	default/system/rndobj/Rnd	?OnToggleHeap@Rnd@@IAA?AVDataNode@@PBVDataArray@@@Z
90-99	93.537	93.823	700	17	SOURCE_INSDEL	0.9719	0	0	default/VocalTrackDir	?SetRange@VocalTrackDir@@QAAXMMH_N@Z
90-99	93.529	93.529	136	3	SOURCE_INSDEL	0.8611	0	0	default/Flow	??1?$vector@UNode@?$ObjPtrVec@VObject@Hmx@@VObjectDir@@@@V?$StlNodeAlloc@UNode@?$ObjPtrVec@VObject@Hmx@@VObjectDir@@@@@stlpmtx_std@@@stlpmtx_std@@QAA@XZ
90-99	93.529	93.564	560	11	SOURCE_CALLCOUNT	0.9357	0	0	default/CameraShot	?LoadSubPart@@YAPAVRndTransformable@@AAVBinStreamRev@@PAVCamShot@@@Z
90-99	93.527	95.179	448	36	SOURCE_INSDEL	0.9224	0	0	default/GemTrack	?DrawBeatLines@GemTrack@@QAAXHH@Z
90-99	93.438	93.750	128	3	CODEGEN_ORDERING	1.0	0	0	default/WaitingUserGate	?GetWaitingUsers@OpenGateData@?A0xe564e51a@@QBAXAAV?$vector@PAVBandUser@@V?$StlNodeAlloc@PAVBandUser@@@stlpmtx_std@@@stlpmtx_std@@@Z
90-99	93.415	93.659	164	4	SOURCE_INSDEL	0.9524	0	0	default/CharData	?LoadPortrait@PrefabChar@@QAAXXZ
90-99	93.407	94.025	324	14	SOURCE_INSDEL	0.9405	3	0	default/FileMerger	?_M_insert_overflow_aux@?$vector@UPose@RndMorph@@V?$StlNodeAlloc@UPose@RndMorph@@@stlpmtx_std@@@stlpmtx_std@@IAAXPAUPose@RndMorph@@ABU34@ABU__false_type@2@I_N@Z
90-99	93.355	93.496	564	23	SOURCE_CALLCOUNT	0.9362	1	1	default/CharLipSyncDriver	?Load@CharLipSyncDriver@@UAAXAAVBinStream@@@Z
90-99	93.333	93.750	192	7	SOURCE_INSDEL	0.94	0	0	default/TrackPanelDir	?PostLoad@TrackPanelDir@@UAAXAAVBinStream@@@Z
90-99	93.333	93.333	120	2	CODEGEN_ORDERING	1.0	0	0	default/SynapseAPO	??0SynapseAPO@DSP@@QAA@XZ
90-99	93.333	93.333	96	2	SOURCE_INSDEL	0.96	0	0	default/SongLayout	??$__destroy_range_aux@V?$reverse_iterator@PAUMoveReplacer@@@stlpmtx_std@@@stlpmtx_std@@YAXV?$reverse_iterator@PAUMoveReplacer@@@0@0ABU__false_type@0@@Z
90-99	93.333	93.333	132	3	SOURCE_INSDEL	0.8611	0	0	default/OriginalChoreoRemixer	??1?$vector@V?$set@PBVMoveParent@@U?$less@PBVMoveParent@@@stlpmtx_std@@V?$StlNodeAlloc@PBVMoveParent@@@3@@stlpmtx_std@@V?$StlNodeAlloc@V?$set@PBVMoveParent@@U?$less@PBVMoveParent@@@stlpmtx_std@@V?$StlNodeAlloc@PBVMoveParent@@@3@@stlpmtx_std@@@2@@stlpmtx_std@@QAA@XZ
90-99	93.333	93.333	72	2	MIXED	1.0	0	0	default/MicNull	?GetRecentBuf@MicNull@@UAAPAFAAH@Z
90-99	93.319	93.445	476	12	SOURCE_CALLCOUNT	0.9339	0	0	default/CharFaceServo	??0CharFaceServo@@IAA@XZ
90-99	93.292	93.292	96	3	SOURCE_INSDEL	0.96	0	0	default/MeshAnim	??$__destroy_range_aux@V?$reverse_iterator@PAV?$Key@V?$vector@VVector2@@V?$StlNodeAlloc@VVector2@@@stlpmtx_std@@@stlpmtx_std@@@@@stlpmtx_std@@@stlpmtx_std@@YAXV?$reverse_iterator@PAV?$Key@V?$vector@VVector2@@V?$StlNodeAlloc@VVector2@@@stlpmtx_std@@@stlpmtx_std@@@@@0@0ABU__false_type@0@@Z
90-99	93.279	93.279	488	11	SOURCE_INSDEL	0.8605	0	0	default/MoveMgr	?insert_unique@?$_Rb_tree@VSymbol@@U?$less@VSymbol@@@stlpmtx_std@@U?$pair@$$CBVSymbol@@H@3@U?$_Select1st@U?$pair@$$CBVSymbol@@H@stlpmtx_std@@@3@U?$_MapTraitsT@U?$pair@$$CBVSymbol@@H@stlpmtx_std@@@priv@3@V?$StlNodeAlloc@U?$pair@$$CBVSymbol@@H@stlpmtx_std@@@3@@stlpmtx_std@@QAA?AU?$_Rb_tree_iterator@U?$pair@$$CBVSymbol@@H@stlpmtx_std@@U?$_MapTraitsT@U?$pair@$$CBVSymbol@@H@stlpmtx_std@@@priv@2@@2@U32@ABU?$pair@$$CBVSymbol@@H@2@@Z
90-99	93.263	93.515	396	15	SOURCE_INSDEL	0.8879	0	0	default/CharLipSync	?_M_insert_overflow_aux@?$vector@VBurst@RndParticleSys@@V?$StlNodeAlloc@VBurst@RndParticleSys@@@stlpmtx_std@@@stlpmtx_std@@IAAXPAVBurst@RndParticleSys@@ABV34@ABU__false_type@2@I_N@Z
90-99	93.250	94.000	240	13	SOURCE_CALLCOUNT	0.9219	0	0	default/DirLoader	?HandleProperty@Object@Hmx@@QAA?AVDataNode@@PAVDataArray@@0_N@Z
90-99	93.200	93.570	4872	169	SOURCE_INSDEL	0.967	3	0	default/json_tokener	json_tokener_parse_ex
90-99	93.189	93.911	360	23	SOURCE_CALLCOUNT	0.9053	2	1	default/TourDescPanel	?LoadIcons@TourDescPanel@@QAAXXZ
90-99	93.174	97.087	92	13	SOURCE_ARGVAL	0.9167	3	0	default/band3/meta_band/StoreOfferProvider	?PosToNextGroupPos@StoreOfferProvider@@QAAHH@Z
90-99	93.133	93.309	1928	44	SOURCE_CALLCOUNT	0.9774	1	0	default/band3/meta_band/BandStorePanel	?Handle@BandStorePanel@@UAA?AVDataNode@@PAVDataArray@@_N@Z
90-99	93.110	93.946	1340	80	SOURCE_INSDEL	0.9822	37	1	default/Spotlight	?UpdateTransforms@Spotlight@@IAAXXZ
90-99	93.094	93.406	128	4	SOURCE_CALLCOUNT	0.9412	0	0	default/Screenshot	?Copy@Screenshot@@UAAXPBVObject@Hmx@@W4CopyType@23@@Z
90-99	93.063	93.302	252	8	SOURCE_INSDEL	0.9841	2	0	default/Memcard_Xbox	?ShowDeviceSelector@MemcardXbox@@UAAXABUContainerId@@_NPAVObject@Hmx@@H@Z
90-99	93.000	93.333	60	2	SOURCE_INSDEL	0.9375	0	0	default/band3/game/GemTrainerPanel	?GetFretboardView@GemTrainerPanel@@QBA_NABVGameGem@@@Z
90-99	92.941	92.941	204	4	SOURCE_INSDEL	0.9423	0	0	default/MusicLibraryStore	?ClearPreview@MusicLibraryStore@@QAAXXZ
90-99	92.917	93.333	96	4	SOURCE_INSDEL	0.88	0	0	default/HamCamTransform	??4?$ObjVector@VTransformCrowd@@@@QAAXABV0@@Z
90-99	92.915	93.847	236	14	SOURCE_INSDEL	0.9492	2	0	default/Part	?SetPersistentPool@RndParticleSys@@UAAXHW4Type@1@@Z
90-99	92.811	93.377	424	14	SOURCE_INSDEL	0.9906	2	0	default/MasterAudio	?FillChannelListWithInactiveSlots@TrackData@@QBAXAAV?$list@HV?$StlNodeAlloc@H@stlpmtx_std@@@stlpmtx_std@@M_N@Z
90-99	92.800	94.967	240	22	SOURCE_INSDEL	0.9508	2	0	default/system/synth/FxSend	?BuildChainVector@FxSend@@UAAXAAV?$vector@PAVFxSend@@V?$StlNodeAlloc@PAVFxSend@@@stlpmtx_std@@@stlpmtx_std@@@Z
90-99	92.767	93.041	292	15	FOREIGN_FPCLASS	0.9605	0	4	default/Rnd_Xbox	?SetDefaultRenderStates@DxRnd@@QAAXXZ
90-99	92.746	92.958	284	7	SOURCE_INSDEL	0.9859	0	0	default/VocalPlayer	?LocalEndgameEnergy@VocalPlayer@@QAAXH@Z
90-99	92.723	94.441	1024	70	SOURCE_CALLCOUNT	0.9361	1	1	default/Mic	?Poll@MicXbox@@QAAXXZ
90-99	92.643	92.821	112	3	CODEGEN_ORDERING	1.0	1	0	default/CrowdAudio	??0?$ObjPtr@VObjectDir@@@@QAA@PAVObject@Hmx@@PAVObjectDir@@@Z
90-99	92.643	92.821	112	3	CODEGEN_ORDERING	1.0	1	0	default/CrowdMeterIcon	??0?$ObjPtr@VRndAnimatable@@@@QAA@PAVObject@Hmx@@PAVRndAnimatable@@@Z
90-99	92.638	93.170	188	8	SOURCE_INSDEL	0.9184	0	0	default/FftIpp	?FftReal@FftIpp@@QAAXPIBMPIAM1@Z
90-99	92.593	92.593	108	2	SOURCE_CALLCOUNT	0.9259	0	0	default/LightPreset	?ApplyState@LightPreset@@IAAXABUKeyframe@1@@Z
90-99	92.542	92.803	1764	105	SOURCE_INSDEL	0.9419	4	45	default/CharEyes	?LidTrackAndClampingUpdate@CharEyes@@IAAXAAUEyeDesc@1@M@Z
90-99	92.465	94.364	516	55	SOURCE_INSDEL	0.9845	2	1	default/Archive	?Merge@Archive@@QAAXAAV1@@Z
90-99	92.464	92.821	112	4	SOURCE_INSDEL	0.9286	1	0	default/BandCharacter	?AddOverlays@BandCharacter@@UAAXAAVBandPatchMesh@@@Z
90-99	92.458	93.814	236	15	SOURCE_INSDEL	0.95	0	0	default/ExternalMic	?dataReady@ExternalMic@@QAAXKKPAU_XOVERLAPPED@@@Z
90-99	92.093	94.407	216	17	SOURCE_INSDEL	0.9818	1	1	default/Morph	?InterpWeight@RndMorph@@QAAMABV?$Keys@MM@@M@Z
90-99	92.074	92.261	752	27	SOURCE_INSDEL	0.8483	0	1	default/TrackWidget	?Load@TrackWidget@@UAAXAAVBinStream@@@Z
90-99	92.060	93.104	268	18	SOURCE_INSDEL	0.9706	0	1	default/Tex	?SetBitmap@RndTex@@QAAXABVRndBitmap@@PBD_NW4Type@1@@Z
90-99	92.018	92.106	3620	92	SOURCE_CALLCOUNT	0.9186	4	0	default/UIFontImporter	?SyncProperty@UIFontImporter@@UAA_NAAVDataNode@@PAVDataArray@@HW4PropOp@@@Z
90-99	92.009	93.458	428	32	SOURCE_CALLCOUNT	0.955	0	0	default/LightPresetManager	?Poll@LightPresetManager@@QAAXXZ
90-99	91.950	91.950	80	3	SOURCE_INSDEL	0.8636	0	0	default/MeshAnim	??$__destroy_range@PAV?$Key@V?$vector@VColor@Hmx@@V?$StlNodeAlloc@VColor@Hmx@@@stlpmtx_std@@@stlpmtx_std@@@@V1@@stlpmtx_std@@YAXPAV?$Key@V?$vector@VColor@Hmx@@V?$StlNodeAlloc@VColor@Hmx@@@stlpmtx_std@@@stlpmtx_std@@@@00@Z
90-99	91.950	91.950	80	3	SOURCE_INSDEL	0.8636	0	0	default/band3/game/Stats	??$__destroy_range@PAUFrame@RhythmDetector@@U12@@stlpmtx_std@@YAXPAUFrame@RhythmDetector@@00@Z
90-99	91.931	93.692	636	59	SOURCE_INSDEL	0.9096	2	0	default/Mic	?ProcessChatData@ChatReceiver@@AAAXPAXIPAH@Z
90-99	91.833	92.667	120	8	SOURCE_INSDEL	0.9032	0	0	default/HamCamTransform	??0?$vector@VTransformCrowd@@V?$StlNodeAlloc@VTransformCrowd@@@stlpmtx_std@@@stlpmtx_std@@QAA@ABV01@@Z
90-99	91.833	92.667	120	8	SOURCE_INSDEL	0.9032	0	0	default/Morph	??0?$vector@V?$Key@M@@V?$StlNodeAlloc@V?$Key@M@@@stlpmtx_std@@@stlpmtx_std@@QAA@ABV01@@Z
90-99	91.802	92.077	364	13	SOURCE_CALLCOUNT	0.8936	1	0	default/BandCamShot	?SetFrame@BandCamShot@@UAAXMM@Z
90-99	91.760	91.960	100	3	CODEGEN_ORDERING	1.0	1	0	default/CharInterest	??0?$ObjPtr@VObject@Hmx@@@@QAA@PAVObject@Hmx@@0@Z
90-99	91.760	91.960	100	3	CODEGEN_ORDERING	1.0	1	0	default/CharBone	??0?$ObjPtr@VCharBone@@@@QAA@PAVObject@Hmx@@PAVCharBone@@@Z
90-99	91.733	94.667	300	37	SOURCE_INSDEL	0.974	0	0	default/band3/game/Singer	?ResolveAmbiguity@Singer@@QAAXXZ
90-99	91.729	92.477	428	28	SOURCE_INSDEL	0.9252	3	0	default/Group	?_M_insert_overflow_aux@?$vector@UGroupDrawDist@@V?$StlNodeAlloc@UGroupDrawDist@@@stlpmtx_std@@@stlpmtx_std@@IAAXPAUGroupDrawDist@@ABU3@ABU__false_type@2@I_N@Z
90-99	91.686	92.078	204	12	SOURCE_INSDEL	0.9216	0	1	default/MetaMusic	??$__introsort_loop@PAPAUObjEntry@@PAU1@HUObjSort@@@stlpmtx_std@@YAXPAPAUObjEntry@@00HUObjSort@@@Z
90-99	91.667	93.333	72	8	MIXED	0.8	0	0	default/system/ui/UIGridProvider	?GetDataFromList@UIGridProvider@@QAAHPAVUIList@@@Z
90-99	91.614	91.945	1088	66	SOURCE_INSDEL	0.9209	6	13	default/CharBonesSamples	?Save@CharBonesSamples@@QAAXAAVBinStream@@@Z
90-99	91.498	92.029	980	45	SOURCE_INSDEL	0.9478	2	6	default/band3/meta_band/PatchPanel	?Poll@PatchPanel@@UAAXXZ
90-99	91.458	91.667	96	3	SOURCE_INSDEL	0.92	1	0	default/Mat	?Terminate@RndMat@@SAXXZ
90-99	91.429	91.429	28	1	MIXED	0.75	0	0	default/BandCharDesc	?Compress@BandCharDesc@@UAAXPAVRndTex@@_N@Z
90-99	91.404	92.022	356	17	SOURCE_INSDEL	0.9667	0	0	default/BandLeadMeter	?PostLoad@BandLeadMeter@@UAAXAAVBinStream@@@Z
90-99	91.385	92.394	1268	77	SOURCE_INSDEL	0.9202	11	0	default/FreeCamera	?Poll@FreeCamera@@QAAXXZ
90-99	91.365	92.000	252	17	SOURCE_INSDEL	0.9841	0	2	default/MidiSynth	?Write@RingBuffer@@QAAHPAXH@Z
90-99	91.364	91.364	352	8	SOURCE_INSDEL	0.967	0	0	default/CharacterCreatorPanel	?ModifyFeature@CharacterCreatorPanel@@QAAXVSymbol@@M@Z
90-99	91.351	91.351	148	4	SOURCE_INSDEL	0.9474	0	0	default/system/beatmatch/SlotChannelMapping	??0MassChannelMapping@@QAA@ABV?$vector@HV?$StlNodeAlloc@H@stlpmtx_std@@@stlpmtx_std@@@Z
90-99	91.286	91.286	28	2	SOURCE_ARGVAL	0.75	1	0	default/MetaMusic	?Null@Symbol@@QBA_NXZ
90-99	91.286	91.286	28	2	SOURCE_ARGVAL	0.75	1	0	default/FilePath	?Null@Symbol@@QBA_NXZ
90-99	91.261	91.261	92	3	SOURCE_INSDEL	0.913	0	0	default/Campaign	?_M_create_node@?$_Rb_tree@VSymbol@@U?$less@VSymbol@@@stlpmtx_std@@U?$pair@$$CBVSymbol@@V1@@3@U?$_Select1st@U?$pair@$$CBVSymbol@@V1@@stlpmtx_std@@@3@U?$_MapTraitsT@U?$pair@$$CBVSymbol@@V1@@stlpmtx_std@@@priv@3@V?$StlNodeAlloc@U?$pair@$$CBVSymbol@@V1@@stlpmtx_std@@@3@@stlpmtx_std@@IAAPAU_Rb_tree_node_base@2@ABU?$pair@$$CBVSymbol@@V1@@2@@Z
90-99	91.059	91.059	340	8	SOURCE_CALLCOUNT	0.8953	0	0	default/StorePanel	?Load@StorePanel@@UAAXXZ
90-99	91.052	92.000	696	62	SOURCE_INSDEL	0.9508	7	7	default/Mesh	?CollideShowing@RndMesh@@UAAPAVRndDrawable@@ABVSegment@@AAMAAVPlane@@@Z
90-99	90.930	92.791	172	19	SOURCE_INSDEL	0.9333	0	0	default/LayerDir	?PostLoad@LayerDir@@UAAXAAVBinStream@@@Z
90-99	90.869	92.021	764	58	SOURCE_INSDEL	0.9691	2	0	default/BandCharDesc	?Load@BandCharDesc@@UAAXAAVBinStream@@@Z
90-99	90.856	92.505	776	94	SOURCE_INSDEL	0.9848	9	15	default/CharMeshHide	?UpdateOverlay@Synth@@UAAMPAVRndOverlay@@M@Z
90-99	90.824	91.529	340	17	SOURCE_INSDEL	0.9101	0	0	default/UIListWidget	??4?$vector@V?$ObjPtr@VUIColor@@@@V?$StlNodeAlloc@V?$ObjPtr@VUIColor@@@@@stlpmtx_std@@@stlpmtx_std@@QAAAAV01@ABV01@@Z
90-99	90.755	92.121	2108	168	SOURCE_CALLCOUNT	0.9681	9	0	default/system/obj/Dir	?Save@ObjectDir@@UAAXAAVBinStream@@@Z
90-99	90.698	91.395	344	20	SOURCE_INSDEL	0.8791	0	0	default/Character	??5@YAAAVBinStreamRev@@AAV0@AAULod@Character@@@Z
90-99	90.694	91.834	772	63	SOURCE_INSDEL	0.955	7	1	default/VocalTrack	?UpdateTubePlates@VocalTrack@@QAAXAAV?$deque@PAVTubePlate@@V?$StlNodeAlloc@PAVTubePlate@@@stlpmtx_std@@@stlpmtx_std@@MM_N@Z
90-99	90.548	90.710	372	15	SOURCE_INSDEL	0.92	2	0	default/CharLipSync	?_M_insert_overflow_aux@?$vector@UWeight@Generator@CharLipSync@@V?$StlNodeAlloc@UWeight@Generator@CharLipSync@@@stlpmtx_std@@@stlpmtx_std@@IAAXPAUWeight@Generator@CharLipSync@@ABU345@ABU__false_type@2@I_N@Z
90-99	90.526	90.526	152	4	SOURCE_INSDEL	0.9231	0	0	default/CamAnim	?Save@RndCamAnim@@UAAXAAVBinStream@@@Z
90-99	90.495	91.592	2188	136	SOURCE_CALLCOUNT	0.9678	30	1	default/VocalTrack	?RebuildHUD@VocalTrack@@QAAXXZ
90-99	90.476	90.476	84	2	SOURCE_CALLCOUNT	0.9048	0	0	default/QuestFilterPanel	??_GQuestFilterPanel@@UAAPAXI@Z
90-99	90.476	90.476	84	2	SOURCE_CALLCOUNT	0.9048	0	0	default/band3/meta_band/NewAwardPanel	??_GNewAwardPanel@@UAAPAXI@Z
90-99	90.458	90.736	288	12	SOURCE_INSDEL	0.92	2	0	default/BandCharacter	?PlayGroup@BandCharacter@@QAAXPBD_NHMW4TaskUnits@@VSymbol@@@Z
90-99	90.430	91.828	372	27	SOURCE_CALLCOUNT	0.9271	0	0	default/Mesh	??$PropSync@VRndBone@@@@YA_NAAV?$ObjVector@VRndBone@@@@AAVDataNode@@PAVDataArray@@HW4PropOp@@@Z
90-99	90.410	90.492	244	8	SOURCE_CALLCOUNT	0.873	0	0	default/Instance	??0SharedGroup@@QAA@PAVRndGroup@@@Z
90-99	90.267	90.267	704	30	SOURCE_CALLCOUNT	0.9119	0	0	default/StorePreviewMgr	?Handle@StorePreviewMgr@@UAA?AVDataNode@@PAVDataArray@@_N@Z
90-99	90.021	92.255	188	23	SOURCE_CALLCOUNT	0.9362	1	1	default/EventTrigger	??4?$list@UProxyCall@EventTrigger@@V?$StlNodeAlloc@UProxyCall@EventTrigger@@@stlpmtx_std@@@stlpmtx_std@@QAAAAV01@ABV01@@Z
90-99	90.000	90.000	80	2	SOURCE_INSDEL	0.9091	0	0	default/MetaPanel	?IsLoaded@MetaPanel@@UBA_NXZ
70-90	89.905	90.381	84	4	SOURCE_INSDEL	0.913	2	0	default/MakeString	??0FormatString@@QAA@PBD@Z
70-90	89.858	89.978	1836	50	SOURCE_CALLCOUNT	0.9089	0	0	default/system/rndobj/Rnd	?PreInit@Rnd@@UAAXXZ
70-90	89.847	89.917	288	15	SOURCE_CALLCOUNT	0.9189	3	0	default/Draw	?DumpLoad@RndDrawable@@SAXAAVBinStream@@@Z
70-90	89.820	91.336	1332	107	SOURCE_INSDEL	0.9851	3	2	default/system/rndobj/Utl	?MakeNormals@@YAXPAVRndMesh@@@Z
70-90	89.726	90.042	380	15	SOURCE_CALLCOUNT	0.8878	0	0	default/network/net/NetSession	?AddLocalUser@NetSession@@QAAXPAVLocalUser@@@Z
70-90	89.713	90.059	404	19	SOURCE_INSDEL	0.8962	1	0	default/CharUtl	?_M_insert_overflow_aux@?$vector@VTransform@@V?$StlNodeAlloc@VTransform@@@stlpmtx_std@@@stlpmtx_std@@IAAXPAVTransform@@ABV3@ABU__false_type@2@I_N@Z
70-90	89.670	89.970	400	18	SOURCE_INSDEL	0.8962	0	0	default/Ribbon	?_M_insert_overflow_aux@?$vector@V?$Key@VTransform@@@@V?$StlNodeAlloc@V?$Key@VTransform@@@@@stlpmtx_std@@@stlpmtx_std@@IAAXPAV?$Key@VTransform@@@@ABV3@ABU__false_type@2@I_N@Z
70-90	89.636	89.750	352	13	SOURCE_INSDEL	0.967	2	0	default/Chunks	??0IListChunk@@QAA@AAVBinStream@@_N@Z
70-90	89.557	90.600	460	43	SOURCE_INSDEL	0.8966	0	1	default/RockCentral	?DataPointToQString@RockCentral@@SAXABVDataPoint@@AAVString@Quazal@@@Z
70-90	89.474	89.474	152	4	CODEGEN_ORDERING	1.0	0	0	default/ChordbookPanel	?Poll@ChordbookPanel@@UAAXXZ
70-90	89.421	89.421	76	3	SOURCE_INSDEL	0.9048	0	0	default/CharClip	?_M_create_node@?$_Rb_tree@HU?$less@H@stlpmtx_std@@U?$pair@$$CBHM@2@U?$_Select1st@U?$pair@$$CBHM@stlpmtx_std@@@2@U?$_MapTraitsT@U?$pair@$$CBHM@stlpmtx_std@@@priv@2@V?$StlNodeAlloc@U?$pair@$$CBHM@stlpmtx_std@@@2@@stlpmtx_std@@IAAPAU_Rb_tree_node_base@2@ABU?$pair@$$CBHM@2@@Z
70-90	89.419	90.306	248	13	CODEGEN_ORDERING	1.0	1	0	default/Rot	?MakeRotQuat@@YAXABVVector3@@0AAVQuat@Hmx@@@Z
70-90	89.342	89.474	304	10	SOURCE_CALLCOUNT	0.9048	0	0	default/TourDescPanel	?Refresh@TourDescPanel@@QAAXXZ
70-90	89.314	89.314	420	14	SOURCE_INSDEL	0.9273	0	0	default/StreamReceiver360	??0StreamReceiver360@@QAA@HH_N@Z
70-90	89.284	90.468	760	53	SOURCE_INSDEL	0.9436	4	0	default/WahEffect	?Process@WahEffect@@QAAXPAMHH@Z
70-90	89.235	92.235	340	48	SOURCE_INSDEL	0.9767	0	0	default/PropKeys	?Load@PropKeys@@UAAXAAVBinStreamRev@@@Z
70-90	89.234	89.340	188	6	SOURCE_INSDEL	0.9792	0	1	default/BandCharDesc	?LoadFixed@BandCharDesc@@UAAXAAVFixedSizeSaveableStream@@H@Z
70-90	89.203	89.691	492	27	SOURCE_CALLCOUNT	0.9389	8	0	default/band3/meta_band/BandProfile	?DeleteAll@BandProfile@@UAAXXZ
70-90	89.200	90.482	780	64	SOURCE_INSDEL	0.9403	4	0	default/DeployCountTracker	?Poll_@DeployCountTracker@@UAAXM@Z
70-90	89.189	91.892	148	19	SOURCE_INSDEL	0.973	0	0	default/VocalTrackDir	?RecalculateLyricZ@VocalTrackDir@@QAAXPA_N0@Z
70-90	89.155	89.296	284	10	SOURCE_INSDEL	0.9589	0	0	default/Game	?Rollback@Game@@QAAXMM@Z
70-90	89.079	89.894	2724	176	SOURCE_CALLCOUNT	0.96	9	0	default/GemPlayer	?Hit@GemPlayer@@UAAXHMHIW4GemHitFlags@@@Z
70-90	89.063	90.274	380	32	SOURCE_CALLCOUNT	0.9192	1	1	default/CharMeshHide	??$PropSync@VHide@CharMeshHide@@@@YA_NAAV?$ObjVector@VHide@CharMeshHide@@@@AAVDataNode@@PAVDataArray@@HW4PropOp@@@Z
70-90	89.024	90.123	1692	139	SOURCE_CALLCOUNT	0.9506	16	1	default/BandWardrobe	?OnEnterVignette@BandWardrobe@@QAA?AVDataNode@@PAVDataArray@@@Z
70-90	89.015	89.394	264	9	SOURCE_INSDEL	0.9242	1	0	default/PracticePanel	??0PracticePanel@@QAA@XZ
70-90	89.000	89.000	292	11	SOURCE_CALLCOUNT	0.9241	3	0	default/MetaPerformer	?CompleteSong@MetaPerformer@@QAAXAAV?$vector@PAVBandUser@@V?$StlNodeAlloc@PAVBandUser@@@stlpmtx_std@@@stlpmtx_std@@PBVBandStatsInfo@@_N@Z
70-90	88.958	89.167	96	4	SOURCE_CALLCOUNT	0.8462	0	0	default/BandSongMgr	?SongCacheNeedsWrite@BandSongMgr@@UBA_NXZ
70-90	88.946	88.985	520	32	SOURCE_CALLCOUNT	0.9028	3	0	default/File	FileInit
70-90	88.933	89.267	300	16	SOURCE_CALLCOUNT	0.8608	1	4	default/CrowdAudio	?SetPaused@CrowdAudio@@QAAX_N@Z
70-90	88.923	89.231	260	11	SOURCE_INSDEL	0.9846	1	0	default/MusicLibrary	?ReportSortAndFilters@MusicLibrary@@QAAXXZ
70-90	88.889	88.889	72	2	CODEGEN_ORDERING	1.0	0	0	default/band3/meta_band/CharProvider	?GetCharData@CharProvider@@QAAPAVCharData@@H@Z
70-90	88.852	88.852	244	8	SOURCE_CALLCOUNT	0.8657	0	0	default/band3/bandtrack/TrackPanel	?Unload@TrackPanel@@UAAXXZ
70-90	88.750	89.375	128	8	SOURCE_INSDEL	0.8	0	0	default/MeshAnim	?resize@?$vector@V?$Key@V?$vector@VVector2@@V?$StlNodeAlloc@VVector2@@@stlpmtx_std@@@stlpmtx_std@@@@V?$StlNodeAlloc@V?$Key@V?$vector@VVector2@@V?$StlNodeAlloc@VVector2@@@stlpmtx_std@@@stlpmtx_std@@@@@stlpmtx_std@@@stlpmtx_std@@QAAXIABV?$Key@V?$vector@VVector2@@V?$StlNodeAlloc@VVector2@@@stlpmtx_std@@@stlpmtx_std@@@@@Z
70-90	88.750	89.479	192	13	FOREIGN_FPCLASS	0.8704	0	0	default/AmbientOcclusion	?IsValid_AOReceive@RndAmbientOcclusion@@IBA_NPBVRndMesh@@@Z
70-90	88.750	89.375	128	8	SOURCE_INSDEL	0.8	0	0	default/CharIKHand	?resize@?$vector@UIKTarget@CharIKHand@@V?$StlNodeAlloc@UIKTarget@CharIKHand@@@stlpmtx_std@@@stlpmtx_std@@QAAXIABUIKTarget@CharIKHand@@@Z
70-90	88.750	88.750	128	4	SOURCE_INSDEL	0.9091	0	0	default/Song	?Save@Song@@UAAXAAVBinStream@@@Z
70-90	88.723	89.362	188	11	SOURCE_INSDEL	0.9787	0	0	default/DataFile	?LoadDtz@@YAPAVDataArray@@PBDH@Z
70-90	88.709	90.164	1416	121	SOURCE_CALLCOUNT	0.9491	0	0	default/SongSortMgr	?DoesOfferMatchFilter@SongSortMgr@@QBA_NPAVStoreOffer@@PBVSongFilter@1@VSymbol@@@Z
70-90	88.679	89.214	112	6	SOURCE_INSDEL	0.8966	2	0	default/MeshAnim	?_M_fill_insert@?$vector@V?$Key@V?$vector@VVector3@@V?$StlNodeAlloc@VVector3@@@stlpmtx_std@@@stlpmtx_std@@@@V?$StlNodeAlloc@V?$Key@V?$vector@VVector3@@V?$StlNodeAlloc@VVector3@@@stlpmtx_std@@@stlpmtx_std@@@@@stlpmtx_std@@@stlpmtx_std@@AAAXPAV?$Key@V?$vector@VVector3@@V?$StlNodeAlloc@VVector3@@@stlpmtx_std@@@stlpmtx_std@@@@IABV3@@Z
70-90	88.679	89.214	112	6	SOURCE_INSDEL	0.8966	2	0	default/CharIKHand	?_M_fill_insert@?$vector@UIKTarget@CharIKHand@@V?$StlNodeAlloc@UIKTarget@CharIKHand@@@stlpmtx_std@@@stlpmtx_std@@AAAXPAUIKTarget@CharIKHand@@IABU34@@Z
70-90	88.671	90.564	1944	184	SOURCE_INSDEL	0.9116	19	0	default/TourDescPanel	?UpdateExtendedCustom@TourDescProvider@@UBAXHHPAVObject@Hmx@@@Z
70-90	88.667	88.852	108	4	SOURCE_CALLCOUNT	0.8889	1	0	default/BandHighlight	?DrawShowing@BandHighlight@@UAAXXZ
70-90	88.656	88.847	524	20	SOURCE_INSDEL	0.9237	1	0	default/band3/meta_band/BandStorePanel	?Request@BandStorePanel@@QAAXABVString@@_N@Z
70-90	88.571	88.571	112	4	SOURCE_INSDEL	0.9286	0	0	default/UILabel	?_M_erase@?$vector@ULabelStyle@UILabel@@V?$StlNodeAlloc@ULabelStyle@UILabel@@@stlpmtx_std@@@stlpmtx_std@@IAAPAULabelStyle@UILabel@@PAU34@ABU__false_type@2@@Z
70-90	88.560	89.360	100	7	SOURCE_INSDEL	0.8462	1	0	default/MessageTimer	??$__unguarded_insertion_sort_aux@PAPAUObjEntry@@PAU1@UObjSort@@@stlpmtx_std@@YAXPAPAUObjEntry@@00UObjSort@@@Z
70-90	88.549	91.366	284	35	CODEGEN_ORDERING	1.0	8	5	default/Geo	?Intersect@@YA_NABVSegment@@ABVSphere@@@Z
70-90	88.544	89.421	228	16	SOURCE_INSDEL	0.9048	0	1	default/MemMgr	?MemRealloc@@YAPAXPAXHPBDH1H@Z
70-90	88.500	89.306	248	17	SOURCE_INSDEL	0.9688	2	1	default/NextSongPanel	?IncrementSongReview@NextSongPanel@@QAAXH@Z
70-90	88.487	89.474	304	19	SOURCE_CALLCOUNT	0.9474	0	0	default/StandardStream	?UpdateTime@StandardStream@@UAAXXZ
70-90	88.462	89.161	1116	59	SOURCE_INSDEL	0.9823	4	0	default/SongParser	?OnMidiMessageVocals@SongParser@@QAAXHEEE@Z
70-90	88.429	89.714	140	12	SOURCE_INSDEL	0.9714	0	0	default/EventTrigger	?CleanupEventCase@EventTrigger@@IAAXAAV?$list@VSymbol@@V?$StlNodeAlloc@VSymbol@@@stlpmtx_std@@@stlpmtx_std@@@Z
70-90	88.393	88.940	732	40	SOURCE_INSDEL	0.9624	0	3	default/SpectralAnalysis	?SetMode@SpectralAnalysis@DSP@@QAAXII@Z
70-90	88.375	88.645	1184	45	SOURCE_INSDEL	0.9365	1	0	default/Part	?Copy@RndParticleSys@@UAAXPBVObject@Hmx@@W4CopyType@23@@Z
70-90	88.372	88.372	172	5	SOURCE_INSDEL	0.8958	0	0	default/MeterDisplay	?Copy@MeterDisplay@@UAAXPBVObject@Hmx@@W4CopyType@23@@Z
70-90	88.341	88.909	704	48	SOURCE_INSDEL	0.9261	2	0	default/JoypadClient	?OnMsg@JoypadClient@@AAAHABVButtonDownMsg@@@Z
70-90	88.339	88.569	696	32	SOURCE_CALLCOUNT	0.9135	5	0	default/Instance	?LoadPersistentObjects@WorldInstance@@AAAXAAVBinStreamRev@@@Z
70-90	88.287	88.409	656	26	SOURCE_CALLCOUNT	0.9162	1	0	default/CameraShot	?SetFrame@CamShot@@UAAXMM@Z
70-90	88.283	88.450	480	23	SOURCE_CALLCOUNT	0.8527	2	4	default/CrowdAudio	?Poll@CrowdAudio@@UAAXXZ
70-90	88.259	88.815	108	6	SOURCE_INSDEL	0.8966	2	0	default/PracticeSection	?_M_fill_insert@?$vector@VPracticeStep@@V?$StlNodeAlloc@VPracticeStep@@@stlpmtx_std@@@stlpmtx_std@@AAAXPAVPracticeStep@@IABV3@@Z
70-90	88.259	88.815	108	6	SOURCE_INSDEL	0.8966	2	0	default/Archive	?_M_fill_insert@?$vector@VString@@V?$StlNodeAlloc@VString@@@stlpmtx_std@@@stlpmtx_std@@AAAXPAVString@@IABV3@@Z
70-90	88.258	88.661	248	14	SOURCE_INSDEL	0.9839	0	0	default/system/rndobj/Utl	?SetBloomBlurWeights@@YAX_NMM@Z
70-90	88.207	90.314	484	59	SOURCE_INSDEL	0.9435	0	4	default/VocalPart	?GetNoteSliceWeight@VocalPart@@QBAMMMH@Z
70-90	88.158	88.158	304	9	SOURCE_CALLCOUNT	0.8816	0	0	default/UIList	?Init@UIList@@SAXXZ
70-90	88.150	89.392	612	50	SOURCE_INSDEL	0.9551	0	0	default/Line	?UpdateLine@RndLine@@IAAXABVTransform@@M@Z
70-90	88.090	88.090	356	11	CODEGEN_ORDERING	1.0	0	0	default/CharEyes	?Enter@CharEyes@@UAAXXZ
70-90	88.035	88.657	676	50	SOURCE_INSDEL	0.9826	9	5	default/Text	??0RndText@@IAA@XZ
70-90	88.000	89.224	392	39	SOURCE_INSDEL	0.8879	0	1	default/SongLayout	?_M_fill_insert_aux@?$vector@VSongPattern@@V?$StlNodeAlloc@VSongPattern@@@stlpmtx_std@@@stlpmtx_std@@AAAXPAVSongPattern@@IABV3@ABU__false_type@2@@Z
70-90	88.000	88.000	200	6	SOURCE_CALLCOUNT	0.88	0	0	default/Env_NG	?PreInit@NgRnd@@UAAXXZ
70-90	87.984	89.353	1256	116	SOURCE_INSDEL	0.9779	18	0	default/band3/game/PerfectSectionTracker	?HandleExitExtent@PerfectSectionTracker@@QAAXMH_N@Z
70-90	87.978	89.533	720	70	SOURCE_INSDEL	0.956	2	0	default/MeshDeform	?Load@RndMeshDeform@@UAAXAAVBinStream@@@Z
70-90	87.960	88.817	1400	136	SOURCE_INSDEL	0.9237	25	1	default/Text	?Load@RndText@@UAAXAAVBinStream@@@Z
70-90	87.955	88.485	264	12	SOURCE_INSDEL	0.9286	0	0	default/AmbientOcclusion	??0?$kdTree@VTriangle@@@@QAA@ABVBox@@@Z
70-90	87.884	87.884	172	7	SOURCE_INSDEL	0.9149	0	0	default/PropSync	?SyncObjects@WorldDir@@UAAXXZ
70-90	87.820	88.003	2628	129	SOURCE_INSDEL	0.9401	1	1	default/band3/meta_band/SaveLoadManager	?Poll@SaveLoadManager@@QAAXXZ
70-90	87.800	88.000	100	4	SOURCE_INSDEL	0.88	0	0	default/VocalTrackDir	?Retract@VocalTrackDir@@UAAX_N@Z
70-90	87.794	88.235	136	6	CODEGEN_ORDERING	1.0	0	0	default/SongDB	?GetNumUnisonPhrases@SongDB@@QBAHH@Z
70-90	87.735	88.176	136	7	SOURCE_INSDEL	0.8824	1	0	default/Group	?push_back@?$vector@UGroupDrawDist@@V?$StlNodeAlloc@UGroupDrawDist@@@stlpmtx_std@@@stlpmtx_std@@QAAXABUGroupDrawDist@@@Z
70-90	87.720	87.920	100	6	SOURCE_INSDEL	0.9615	0	0	default/Spline	??$?6VCtrlPoint@RndSpline@@V?$StlNodeAlloc@VCtrlPoint@RndSpline@@@stlpmtx_std@@@@YAAAVBinStream@@AAV0@ABV?$vector@VCtrlPoint@RndSpline@@V?$StlNodeAlloc@VCtrlPoint@RndSpline@@@stlpmtx_std@@@stlpmtx_std@@@Z
70-90	87.697	88.053	1292	65	SOURCE_CALLCOUNT	0.9488	6	0	default/UILabel	?FitText@UILabel@@QAAXXZ
70-90	87.692	88.462	104	7	SOURCE_INSDEL	0.8889	0	0	default/CDReader	?CDReadExternal@@YA_NAAPAXH_K@Z
70-90	87.691	89.539	920	121	SOURCE_CALLCOUNT	0.9614	24	18	default/CameraShot	?SetPos@CamShot@@QAA_NAAVCamShotFrame@@PAVRndCam@@@Z
70-90	87.690	89.007	1124	103	SOURCE_INSDEL	0.9721	12	10	default/Flare	?DrawShowing@RndFlare@@UAAXXZ
70-90	87.679	87.679	312	11	SOURCE_CALLCOUNT	0.8608	0	0	default/MemTrack	?MemTrackHeapDump@@YAX_N@Z
70-90	87.572	87.881	972	57	SOURCE_CALLCOUNT	0.7782	0	3	default/Gen	?Load@RndGenerator@@UAAXAAVBinStream@@@Z
70-90	87.564	88.400	1100	74	SOURCE_INSDEL	0.9856	15	7	default/CharIKFingers	?CalculateFingerDest@CharIKFingers@@IAAXW4FingerNum@1@@Z
70-90	87.556	88.190	504	27	SOURCE_CALLCOUNT	0.8819	2	0	default/BandCharDesc	?ReloadPrefabs@BandCharDesc@@SAXXZ
70-90	87.529	88.118	68	4	SOURCE_INSDEL	0.8947	2	0	default/MakeString	??0FormatString@@IAA@XZ
70-90	87.485	87.788	264	15	SOURCE_INSDEL	0.9697	0	3	default/GemManager	?Hit@GemManager@@QAAXMHH@Z
70-90	87.480	87.598	508	19	SOURCE_INSDEL	0.9767	0	0	default/MemcardMgr_Xbox	?ThreadCall_SaveGame@MemcardMgr@@AAA?AW4MCResult@@XZ
70-90	87.447	89.362	188	19	SOURCE_INSDEL	0.94	0	0	default/MemMgr	?MemResizeElem@@YAPAXAAPAXAAHPAXHHPBDH3@Z
70-90	87.379	88.686	612	56	SOURCE_CALLCOUNT	0.9012	3	1	default/system/bandobj/BandHeadShaper	?Reskin@BandHeadShaper@@QAAXXZ
70-90	87.326	87.831	356	35	SOURCE_CALLCOUNT	0.8925	7	1	default/PatchDir	?FinishLoad@PatchSticker@@QAAXXZ
70-90	87.292	91.667	96	16	SOURCE_INSDEL	0.92	0	0	default/SpotlightDrawer_NG	?_M_erase@?$vector@VSpotMeshEntry@SpotlightDrawer@@V?$StlNodeAlloc@VSpotMeshEntry@SpotlightDrawer@@@stlpmtx_std@@@stlpmtx_std@@IAAPAVSpotMeshEntry@SpotlightDrawer@@PAV34@0ABU__false_type@2@@Z
70-90	87.239	87.783	184	11	SOURCE_CALLCOUNT	0.9388	0	1	default/GemPlayer	?HandleCommonPhraseNote@GemPlayer@@QAAXHH@Z
70-90	87.215	88.210	744	51	CODEGEN_ORDERING	1.0	10	3	default/VocalTrack	?UpdateTambourineGems@VocalTrack@@QAAXXZ
70-90	87.182	87.182	88	6	SOURCE_CALLCOUNT	0.7308	0	0	default/system/obj/Dir	??$remove_copy_if@PAVFilePath@@PAV1@P6A_NABV1@@Z@stlpmtx_std@@YAPAVFilePath@@PAV1@00P6A_NABV1@@Z@Z
70-90	87.156	87.706	1308	82	SOURCE_CALLCOUNT	0.9174	3	1	default/GemPlayer	?Poll@GemPlayer@@UAAXMABVSongPos@@@Z
70-90	87.153	87.500	288	14	SOURCE_INSDEL	0.9861	0	0	default/system/beatmatch/BeatMaster	?Poll@BeatMaster@@UAAXM@Z
70-90	87.143	87.429	140	8	SOURCE_INSDEL	0.9444	0	0	default/PlayerDiffIcon	?PreLoad@PlayerDiffIcon@@UAAXAAVBinStream@@@Z
70-90	87.097	87.742	124	8	SOURCE_INSDEL	0.9375	0	0	default/CheckboxDisplay	?PreLoad@CheckboxDisplay@@UAAXAAVBinStream@@@Z
70-90	87.043	88.435	920	80	SOURCE_CALLCOUNT	0.9043	0	0	default/BandWardrobe	?OnSelectExtras@BandWardrobe@@QAA?AVDataNode@@PAVDataArray@@@Z
70-90	87.031	87.500	128	7	SOURCE_INSDEL	0.9394	0	0	default/PatchDir	?Load@PatchDir@@UAAXAAVBinStream@@@Z
70-90	87.025	87.400	160	12	SOURCE_INSDEL	0.975	0	3	default/FocusTracker	?TranslateRelativeTargets@AccuracyFocusTracker@@UAAXXZ
70-90	86.889	87.167	144	9	SOURCE_INSDEL	0.9	0	1	default/MoviePanel	?ShowHint@MoviePanel@@IAAXXZ
70-90	86.864	87.301	412	30	SOURCE_CALLCOUNT	0.9027	4	4	default/Part	?UpdateRelativeXfm@RndParticleSys@@IAAXXZ
70-90	86.861	87.139	288	20	SOURCE_CALLCOUNT	0.8537	3	1	default/MetaPanel	??0AppLabel@@QAA@XZ
70-90	86.852	86.852	244	10	SOURCE_CALLCOUNT	0.8689	1	0	default/Group	?Copy@RndGroup@@UAAXPBVObject@Hmx@@W4CopyType@23@@Z
70-90	86.852	88.426	216	19	SOURCE_INSDEL	0.8197	0	0	default/BeatMatcher	?InFill@BeatMatcher@@UAA_NH_N@Z
70-90	86.842	86.947	380	15	SOURCE_CALLCOUNT	0.9223	1	0	default/band3/game/Band	??1Band@@UAA@XZ
70-90	86.826	86.826	92	6	SOURCE_INSDEL	0.9583	0	1	default/Spotlight	??$?5UColorSet@@V?$StlNodeAlloc@UColorSet@@@stlpmtx_std@@@@YAAAVBinStreamRev@@AAV0@AAV?$vector@UColorSet@@V?$StlNodeAlloc@UColorSet@@@stlpmtx_std@@@stlpmtx_std@@@Z
70-90	86.812	87.438	64	5	SOURCE_INSDEL	0.8889	0	0	default/Game	?NewNetMessage@RestartGameMsg@@SAPAVNetMessage@@XZ
70-90	86.761	87.727	352	26	SOURCE_CALLCOUNT	0.8817	0	0	default/GemPlayer	?ChangeDifficulty@GemPlayer@@UAAXW4Difficulty@@@Z
70-90	86.727	86.909	440	20	SOURCE_CALLCOUNT	0.8596	0	0	default/LabelNumberTicker	??0LabelNumberTicker@@IAA@XZ
70-90	86.675	86.976	664	31	SOURCE_INSDEL	0.9819	2	0	default/band3/meta_band/StoreMainPanel	?Poll@StoreMainPanel@@UAAXXZ
70-90	86.645	86.941	608	29	SOURCE_CALLCOUNT	0.8631	3	0	default/CrowdAudio	??0CrowdAudio@@QAA@XZ
70-90	86.577	88.127	284	34	SOURCE_INSDEL	0.8919	0	1	default/system/beatmatch/GameGemList	?SetGems@GameGemList@@QAAXHHHABV?$vector@VGameGem@@V?$StlNodeAlloc@VGameGem@@@stlpmtx_std@@@stlpmtx_std@@H@Z
70-90	86.511	87.242	712	42	SOURCE_INSDEL	0.9558	4	3	default/Env_NG	?SetPointLightRegisters@?A0x8e417309@@YA_NHAAVRndLight@@AA_N@Z
70-90	86.510	90.312	384	58	CODEGEN_ORDERING	1.0	0	0	default/DelayEffect	?Process@DelayEffect@@QAAXPAMHH@Z
70-90	86.500	88.091	88	8	CODEGEN_ORDERING	1.0	1	1	default/MasterAudio	?SetButtonMashingMode@MasterAudio@@QAAXH_N@Z
70-90	86.441	86.441	236	8	SOURCE_INSDEL	0.8644	0	0	default/CameraManager	??1CameraManager@@UAA@XZ
70-90	86.364	86.364	88	3	SOURCE_INSDEL	0.8636	0	0	default/CharDriver	??_G?$ObjPtr@VCharBonesObject@@@@UAAPAXI@Z
70-90	86.338	88.169	284	28	SOURCE_INSDEL	0.8933	0	0	default/MemMgr	?MemTruncate@@YAPAXPAXHPBDH1@Z
70-90	86.303	89.034	476	60	SOURCE_CALLCOUNT	0.9015	1	1	default/BandCharacter	?SetDircuts@BandCharacter@@QAAXXZ
70-90	86.296	88.091	3388	373	SOURCE_CALLCOUNT	0.9459	4	1	default/VocalPlayer	?Poll@VocalPlayer@@UAAXMABVSongPos@@@Z
70-90	86.227	86.227	88	6	SOURCE_INSDEL	0.88	3	0	default/AsyncFile	??0AsyncFile@@QAA@PBDH@Z
70-90	86.226	89.613	124	22	SOURCE_CALLCOUNT	0.8286	0	1	default/system/rndobj/Utl	??$_M_find@UEdge@RndAmbientOcclusion@@@?$_Rb_tree@UEdge@RndAmbientOcclusion@@U?$less@UEdge@RndAmbientOcclusion@@@stlpmtx_std@@U12@U?$_Identity@UEdge@RndAmbientOcclusion@@@4@U?$_SetTraitsT@UEdge@RndAmbientOcclusion@@@priv@4@V?$StlNodeAlloc@UEdge@RndAmbientOcclusion@@@4@@stlpmtx_std@@ABAPAU_Rb_tree_node_base@1@ABUEdge@RndAmbientOcclusion@@@Z
70-90	86.167	88.875	96	13	SOURCE_INSDEL	0.8462	1	0	default/SongLayout	??$__uninitialized_copy@PAUMoveReplacer@@PAU1@@stlpmtx_std@@YAPAUMoveReplacer@@PAU1@00ABU__false_type@0@@Z
70-90	86.167	88.875	96	13	SOURCE_INSDEL	0.8462	1	0	default/BandIKEffector	??$__uninitialized_copy@PBVConstraint@BandIKEffector@@PAV12@@stlpmtx_std@@YAPAVConstraint@BandIKEffector@@PBV12@0PAV12@ABU__false_type@0@@Z
70-90	86.125	88.833	96	13	SOURCE_INSDEL	0.8462	1	0	default/CameraShot	??$__uninitialized_copy@PAVCamShotFrame@@PAV1@@stlpmtx_std@@YAPAVCamShotFrame@@PAV1@00ABU__false_type@0@@Z
70-90	86.118	86.387	372	17	SOURCE_INSDEL	0.8925	0	0	default/FileMerger	?FailedLoading@FileMerger@@MAAXPAVLoader@@@Z
70-90	86.062	86.138	260	10	SOURCE_CALLCOUNT	0.9275	1	0	default/CheatProvider	?Poll@Synth@@UAAXXZ
70-90	86.030	86.079	404	16	SOURCE_INSDEL	0.9439	0	0	default/CharClip	?Save@CharClip@@UAAXAAVBinStream@@@Z
70-90	86.000	88.917	96	13	SOURCE_INSDEL	0.8462	0	0	default/SongLayout	??$__uninitialized_fill_n@PAUMoveReplacer@@IU1@@stlpmtx_std@@YAPAUMoveReplacer@@PAU1@IABU1@ABU__false_type@0@@Z
70-90	86.000	88.917	96	13	SOURCE_INSDEL	0.8462	0	0	default/MeshDeform	??$__uninitialized_fill_n@PAUBoneDesc@RndMeshDeform@@IU12@@stlpmtx_std@@YAPAUBoneDesc@RndMeshDeform@@PAU12@IABU12@ABU__false_type@0@@Z
70-90	85.986	86.565	588	40	CODEGEN_ORDERING	1.0	15	0	default/system/synth_xbox/Synth	?SetupHeadsetSubmixes@Synth360@@AAAXXZ
70-90	85.965	85.965	228	8	CODEGEN_ORDERING	1.0	0	0	default/ChordbookPanel	?ExitChordbook@ChordbookPanel@@QAAXXZ
70-90	85.958	88.875	96	13	SOURCE_INSDEL	0.8462	0	0	default/LightPreset	??$__uninitialized_fill_n@PAVCamShotFrame@@IV1@@stlpmtx_std@@YAPAVCamShotFrame@@PAV1@IABV1@ABU__false_type@0@@Z
70-90	85.865	86.154	208	10	SOURCE_CALLCOUNT	0.9245	0	0	default/TourProgress	?SaveFixed@TourProgress@@UBAXAAVFixedSizeSaveableStream@@@Z
70-90	85.864	86.589	2260	178	SOURCE_CALLCOUNT	0.8781	15	1	default/MusicLibrary	?SelectNode@MusicLibrary@@QAAXPAVSortNode@@PAVLocalBandUser@@_N@Z
70-90	85.845	86.326	1164	89	SOURCE_INSDEL	0.88	19	0	default/UsbMidiKeyboard	?Poll@UsbMidiKeyboard@@SAXXZ
70-90	85.844	87.406	128	12	SOURCE_INSDEL	0.9394	0	2	default/Campaign	?GetCurrentPointsForNextMajorCampaignLevelForMetaScore@Campaign@@QAAHH@Z
70-90	85.836	86.492	488	37	SOURCE_CALLCOUNT	0.873	8	0	default/CharDriver	??0CharDriver@@IAA@XZ
70-90	85.714	85.714	112	4	CODEGEN_ORDERING	1.0	0	0	default/RealGuitarTrackWatcherImpl	?InTrill@RealGuitarTrackWatcherImpl@@UBA_NH@Z
70-90	85.671	86.846	596	43	SOURCE_INSDEL	0.98	0	0	default/band3/game/BandUserMgr	??0BandUserMgr@@QAA@HH@Z
70-90	85.669	85.926	544	40	SOURCE_CALLCOUNT	0.8603	6	1	default/system/rndobj/Utl	?TestTexturePaths@@YAXPAVObjectDir@@@Z
70-90	85.667	85.667	168	8	CODEGEN_ORDERING	1.0	2	0	default/TexMovie	?Copy@TexMovie@@UAAXPBVObject@Hmx@@W4CopyType@23@@Z
70-90	85.583	86.000	144	11	SOURCE_INSDEL	0.973	1	1	default/CustomizePanel	?GetPlacementMeshFromCurrentCamShot@CustomizePanel@@QAAPBDXZ
70-90	85.560	85.560	100	5	SOURCE_CALLCOUNT	0.8929	1	0	default/Flow	?NewObject@FlowAnimate@@SAPAVObject@Hmx@@XZ
70-90	85.560	85.560	100	5	SOURCE_CALLCOUNT	0.8929	1	0	default/Gesture	?NewObject@StreamRecorder@@SAPAVObject@Hmx@@XZ
70-90	85.548	86.032	248	14	SOURCE_INSDEL	0.873	0	0	default/SpectralAnalysis	?_M_insert_overflow@?$vector@MV?$XboxAllocator@M@@@stlpmtx_std@@IAAXPAMABMABU__true_type@2@I_N@Z
70-90	85.519	85.991	424	27	SOURCE_INSDEL	0.9358	0	3	default/system/rndobj/Rnd	?UpdateRate@Rnd@@IAAXXZ
70-90	85.484	85.806	124	8	SOURCE_INSDEL	0.9375	0	0	default/MicInputArrow	?PreLoad@MicInputArrow@@UAAXAAVBinStream@@@Z
70-90	85.474	88.104	1232	130	SOURCE_INSDEL	0.9403	18	0	default/Spotlight	?BuildNGSheet@Spotlight@@IAAXAAUBeamDef@1@@Z
70-90	85.450	86.950	160	16	SOURCE_CALLCOUNT	0.814	2	0	default/CameraShot	?SetShotOver@CamShot@@IAAXXZ
70-90	85.441	86.176	136	14	SOURCE_INSDEL	0.8286	0	3	default/Voice	?StartSynchronizedVoices@@YAXXZ
70-90	85.406	86.644	404	44	SOURCE_CALLCOUNT	0.8182	3	1	default/GemPlayer	?_M_insert_overflow_aux@?$vector@VUpcomingFretRelease@GemPlayer@@V?$StlNodeAlloc@VUpcomingFretRelease@GemPlayer@@@stlpmtx_std@@@stlpmtx_std@@IAAXPAVUpcomingFretRelease@GemPlayer@@ABV34@ABU__false_type@2@I_N@Z
70-90	85.406	86.644	404	44	SOURCE_CALLCOUNT	0.8182	3	1	default/SongParser	?_M_insert_overflow_aux@?$vector@U?$pair@HH@stlpmtx_std@@V?$StlNodeAlloc@U?$pair@HH@stlpmtx_std@@@2@@stlpmtx_std@@IAAXPAU?$pair@HH@2@ABU32@ABU__false_type@2@I_N@Z
70-90	85.375	86.500	480	40	SOURCE_INSDEL	0.916	1	0	default/FileMerger	?Clear@Merger@FileMerger@@QAAXXZ
70-90	85.315	85.589	292	18	SOURCE_INSDEL	0.8025	0	0	default/VocalPlayer	?LocalSetEnabledState@VocalPlayer@@UAAXW4EnabledState@@HPAVBandUser@@_N@Z
70-90	85.295	86.205	176	19	SOURCE_INSDEL	0.913	3	0	default/SongStatusMgr	?CreateOrAccessSongStatus@SongStatusMgr@@QBAPAVSongStatus@@H@Z
70-90	85.294	85.294	136	5	SOURCE_INSDEL	0.9189	0	0	default/band3/bandtrack/TrackPanel	?Exit@TrackPanel@@UAAXXZ
70-90	85.237	85.763	456	30	SOURCE_CALLCOUNT	0.8182	3	0	default/CharIKFoot	??0CharIKFoot@@IAA@XZ
70-90	85.222	85.500	72	4	CODEGEN_ORDERING	1.0	0	0	default/DataFunc	?DataSyncReloadLocale@@YA?AVDataNode@@PAVDataArray@@@Z
70-90	85.212	86.894	904	98	SOURCE_CALLCOUNT	0.9414	10	1	default/BandCharacter	?OnInstallFilter@BandCharacter@@QAA?AVDataNode@@PAVDataArray@@@Z
70-90	85.143	85.619	84	5	SOURCE_INSDEL	0.8571	1	0	default/NetCacheMgr_Xbox	??1NetCacheMgrXbox@@UAA@XZ
70-90	85.143	85.619	84	5	SOURCE_INSDEL	0.8571	1	0	default/MeshAnim	??1AccomplishmentConditional@@UAA@XZ
70-90	85.060	85.760	200	16	SOURCE_INSDEL	0.8269	2	0	default/MessageTimer	??$__linear_insert@PAPAUObjEntry@@PAU1@UObjSort@@@stlpmtx_std@@YAXPAPAUObjEntry@@0PAU1@UObjSort@@@Z
70-90	85.000	85.000	16	1	MIXED	0.6	0	0	default/BandCamShot	??0SkeletonCallback@@QAA@XZ
70-90	85.000	85.000	16	1	MIXED	0.6	0	0	default/Waypoint	??0Symbol@@QAA@XZ
70-90	85.000	85.000	16	1	MIXED	0.6	0	0	default/Profile	?GetName@Profile@@QBAPBDXZ
70-90	84.994	86.025	1280	149	SOURCE_CALLCOUNT	0.9604	54	5	default/Part	??0RndParticleSys@@IAA@XZ
70-90	84.980	85.268	1180	59	SOURCE_CALLCOUNT	0.8875	1	1	default/Text	?ApplyLineText@RndText@@QAAXABVString@@ABVStyle@1@AAMAAVLine@1@HHPA_N@Z
70-90	84.962	87.173	208	29	SOURCE_INSDEL	0.8182	0	2	default/Waypoint	?FindNearest@Waypoint@@SAPAV1@ABVVector3@@H@Z
70-90	84.958	84.958	96	5	SOURCE_CALLCOUNT	0.8889	1	0	default/EventTrigger	?NewObject@PropertyEventProvider@@SAPAVObject@Hmx@@XZ
70-90	84.935	87.885	556	69	SOURCE_INSDEL	0.9357	2	2	default/GemPlayer	?GetSoloData@GemPlayer@@QAAHHAAM0AAH@Z
70-90	84.912	85.132	544	29	SOURCE_CALLCOUNT	0.8451	2	0	default/TexRenderer	??0RndTexRenderer@@IAA@XZ
70-90	84.889	86.625	288	26	SOURCE_INSDEL	0.8889	3	0	default/band3/meta_band/SessionMgr	?SetActiveRoster@SessionMgr@@QAAX_N@Z
70-90	84.885	85.622	868	63	SOURCE_CALLCOUNT	0.8805	19	0	default/VocalTrack	??0VocalTrack@@QAA@PAVBandUser@@@Z
70-90	84.850	84.850	80	6	SOURCE_INSDEL	0.85	0	3	default/DuplicatedObject	?AcquireReferenceToMaster@DuplicatedObject@Quazal@@QAAXXZ
70-90	84.830	85.043	188	12	SOURCE_INSDEL	0.9388	0	1	default/band3/bandtrack/Gem	?InitChordInfo@Gem@@QAAXH_N@Z
70-90	84.816	85.667	588	36	SOURCE_INSDEL	0.8993	4	3	default/EnvAnim	?SetFrame@RndEnvAnim@@UAAXMM@Z
70-90	84.756	85.421	1444	109	SOURCE_CALLCOUNT	0.9105	3	1	default/system/obj/Dir	?PostLoad@ObjectDir@@UAAXAAVBinStream@@@Z
70-90	84.750	84.750	16	2	MIXED	0.6	0	0	default/MoveDir	?MoveBeat@MoveDir@@QBAHXZ
70-90	84.739	85.193	352	24	SOURCE_CALLCOUNT	0.8523	0	1	default/Instance	?LoadFile@?$ObjDirPtr@VWorldInstance@@@@QAAXABVFilePath@@_N1W4LoaderPos@@1@Z
70-90	84.739	85.193	352	24	SOURCE_CALLCOUNT	0.8523	0	1	default/UIFontImporter	?LoadFile@?$ObjDirPtr@VUIListDir@@@@QAAXABVFilePath@@_N1W4LoaderPos@@1@Z
70-90	84.729	86.792	1580	191	SOURCE_CALLCOUNT	0.9236	22	0	default/Geo	?MakeBSPTree@@YA_NAAPAVBSPNode@@AAV?$list@VBSPFace@@V?$StlNodeAlloc@VBSPFace@@@stlpmtx_std@@@stlpmtx_std@@H@Z
70-90	84.682	84.833	264	11	SOURCE_CALLCOUNT	0.8485	1	0	default/VocalPlayer	?Jump@VocalPlayer@@UAAXM_N@Z
70-90	84.652	87.732	448	45	SOURCE_INSDEL	0.9735	9	5	default/system/rndobj/Utl	?TransformKeys@@YAXPAVRndTransAnim@@ABVTransform@@@Z
70-90	84.622	85.297	296	23	SOURCE_INSDEL	0.88	2	4	default/system/beatmatch/BeatMaster	?Reset@BeatMaster@@UAAXXZ
70-90	84.610	85.177	564	42	SOURCE_INSDEL	0.9038	4	0	default/Overlay	?Draw@RndOverlay@@AAAMM@Z
70-90	84.607	87.568	1344	211	SOURCE_CALLCOUNT	0.9265	24	4	default/system/rndobj/Utl	?BuildVisit@@YAXPAVBSPNode@@@Z
70-90	84.600	85.000	300	17	SOURCE_INSDEL	0.875	0	0	default/KeyboardTrackWatcherImpl	?CheckForFatFinger@KeyboardTrackWatcherImpl@@QAA_NMHIW4GemHitFlags@@@Z
70-90	84.570	85.015	540	34	SOURCE_INSDEL	0.95	0	2	default/system/rndobj/Utl	?SetBloomBlurWeightsStreak@@YAX_NMMMHM@Z
70-90	84.546	85.236	1596	110	SOURCE_CALLCOUNT	0.9377	5	1	default/EventTrigger	?Cleanup@EventTrigger@@KA?AVDataNode@@PAVDataArray@@@Z
70-90	84.515	85.273	132	16	SOURCE_CALLCOUNT	0.8108	2	1	default/band3/meta_band/NewAwardPanel	?LoadIcons@NewAwardPanel@@QAAXXZ
70-90	84.500	84.500	16	3	SOURCE_ARGVAL	0.6	2	0	default/NetCacheMgr	??F?$_List_iterator@UNetLoaderRef@@U?$_Nonconst_traits@UNetLoaderRef@@@stlpmtx_std@@@stlpmtx_std@@QAAAAU01@XZ
70-90	84.463	86.171	328	43	SOURCE_CALLCOUNT	0.8152	3	1	default/MetaMusic	?_M_insert_overflow_aux@?$vector@VDataArrayPtr@@V?$StlNodeAlloc@VDataArrayPtr@@@stlpmtx_std@@@stlpmtx_std@@IAAXPAVDataArrayPtr@@ABV3@ABU__false_type@2@I_N@Z
70-90	84.423	84.763	1116	73	SOURCE_CALLCOUNT	0.9253	8	1	default/CharBoneDir	?MergeCharacter@CharBoneDir@@IAAXABVFilePath@@@Z
70-90	84.364	86.182	88	12	SOURCE_INSDEL	0.8636	0	3	default/SongDB	?PostLoad@SongDB@@QAAXPAVDataEventList@@@Z
70-90	84.337	85.995	784	92	SOURCE_CALLCOUNT	0.9268	2	1	default/OvershellPanel	?CheckForControllerDisconnects@OvershellPanel@@QAAXXZ
70-90	84.317	85.984	744	86	SOURCE_CALLCOUNT	0.8762	3	2	default/VocalTrack	?PollLyricAnimations@VocalTrack@@QAAXAAV?$deque@PAVLyricPlate@@V?$StlNodeAlloc@PAVLyricPlate@@@stlpmtx_std@@@stlpmtx_std@@M_N@Z
70-90	84.286	85.143	140	10	SOURCE_INSDEL	0.9444	0	0	default/BandCharacter	?PreLoad@BandCharacter@@UAAXAAVBinStream@@@Z
70-90	84.286	85.714	448	46	SOURCE_CALLCOUNT	0.9821	0	0	default/band3/game/BandUserMgr	??1BandUserMgr@@UAA@XZ
70-90	84.231	84.231	208	9	SOURCE_INSDEL	0.8814	0	0	default/SpotlightDrawer_NG	?CheckCam@NgSpotlightDrawer@@IAA_NXZ
70-90	84.216	87.805	964	145	SOURCE_INSDEL	0.8774	12	3	default/Spotlight	?BuildNGQuad@Spotlight@@IAAXAAUBeamDef@1@W4Constraint@RndTransformable@@@Z
70-90	84.211	84.211	76	3	SOURCE_CALLCOUNT	0.8636	0	0	default/MetaPanel	?Poll@MetaPanel@@UAAXXZ
70-90	84.194	84.516	124	8	SOURCE_INSDEL	0.8	0	0	default/ColorPalette	?resize@?$vector@UColorSet@@V?$StlNodeAlloc@UColorSet@@@stlpmtx_std@@@stlpmtx_std@@QAAXIABUColorSet@@@Z
70-90	84.190	84.742	652	43	SOURCE_INSDEL	0.9112	0	1	default/UIListState	?Scroll@UIListState@@QAAXH_N@Z
70-90	84.164	84.246	244	11	SOURCE_INSDEL	0.9516	0	0	default/Emitter	?Save@SynthEmitter@@UAAXAAVBinStream@@@Z
70-90	84.131	85.855	1160	102	SOURCE_INSDEL	0.973	0	1	default/FFT	?fft_matrix_inverse_columnwise@@YAHPAMJ0@Z
70-90	84.079	84.397	252	20	SOURCE_INSDEL	0.7237	0	0	default/system/obj/Dir	??$__find_if@PAVFilePath@@P6A_NABV1@@Z@stlpmtx_std@@YAPAVFilePath@@PAV1@0P6A_NABV1@@ZABUrandom_access_iterator_tag@0@@Z
70-90	84.023	85.898	512	59	SOURCE_INSDEL	0.8712	4	0	default/StorePanel	?UpdateOffers@StorePanel@@MAAHABV?$list@UEnumProduct@@V?$StlNodeAlloc@UEnumProduct@@@stlpmtx_std@@@stlpmtx_std@@_N@Z
70-90	84.000	86.379	412	53	SOURCE_INSDEL	0.9223	3	0	default/EntityUploader	?BeginRockCentralOps@EntityUploader@@QAAHH@Z
70-90	84.000	85.263	380	35	SOURCE_CALLCOUNT	0.8716	0	0	default/SessionUsersProviders	?Handle@SessionUsersProvider@@UAA?AVDataNode@@PAVDataArray@@_N@Z
70-90	84.000	84.000	100	4	SOURCE_INSDEL	0.84	0	0	default/SelectDifficultyPanel	??_GSelectDifficultyPanel@@UAAPAXI@Z
70-90	83.982	85.787	3092	418	SOURCE_CALLCOUNT	0.8295	35	1	default/system/obj/Dir	?PreLoad@ObjectDir@@UAAXAAVBinStream@@@Z
70-90	83.869	84.357	3112	185	SOURCE_CALLCOUNT	0.9434	19	9	default/system/rndobj/Utl	?RndScaleObject@@YAXPAVObject@Hmx@@MM@Z
70-90	83.754	85.153	944	99	SOURCE_INSDEL	0.9958	6	18	default/CharBonesSamples	?EvaluateChannel@CharBonesSamples@@QAAXPAXHHM@Z
70-90	83.734	83.947	376	26	SOURCE_CALLCOUNT	0.8624	0	5	default/MeshAnim	?LoadShaderFile@RndShaderMgr@@MAAXAAVFileStream@@@Z
70-90	83.685	84.918	292	26	SOURCE_CALLCOUNT	0.8493	1	0	default/band3/meta_band/CampaignGoalsLeaderboardChoicePanel	?Handle@CampaignGoalsLeaderboardChoicePanel@@UAA?AVDataNode@@PAVDataArray@@_N@Z
70-90	83.648	83.886	420	23	SOURCE_CALLCOUNT	0.9	0	0	default/Cache_Xbox	?ThreadWrite@CacheXbox@@IAAHXZ
70-90	83.574	83.990	816	54	SOURCE_CALLCOUNT	0.9206	0	0	default/LightPreset	?SetFrameEx@LightPreset@@QAAXMM_N@Z
70-90	83.526	83.684	380	26	SOURCE_CALLCOUNT	0.9135	0	1	default/MetaPerformer	?SyncSave@MetaPerformer@@UBAXAAVBinStream@@I@Z
70-90	83.525	84.766	564	55	SOURCE_INSDEL	0.8966	1	0	default/Crowd	?AssignRandomColors@WorldCrowd@@IAAXXZ
70-90	83.520	83.553	608	26	SOURCE_CALLCOUNT	0.8588	0	0	default/OvershellSlot	?OnMsg@OvershellSlot@@QAA?AVDataNode@@ABVAddLocalUserResultMsg@@@Z
70-90	83.500	87.250	32	7	SOURCE_INSDEL	0.875	2	0	default/PostProc_NG	??0BloomTextureSet@NgPostProc@@QAA@XZ
70-90	83.483	86.069	116	22	SOURCE_INSDEL	0.8788	0	3	default/MoviePanel	?HideHint@MoviePanel@@IAAXXZ
70-90	83.450	84.950	80	7	SOURCE_INSDEL	0.8696	1	0	default/UIEventMgr	?Terminate@UIEventMgr@@SAXXZ
70-90	83.434	84.157	332	36	SOURCE_INSDEL	0.8876	2	1	default/Memcard_Xbox	?Mount@MCContainerXbox@@UAA?AW4MCResult@@W4CreateType@@@Z
70-90	83.344	83.422	256	13	CODEGEN_ORDERING	1.0	0	1	default/RealGuitarTrackWatcherImpl	?CheckForTrills@RealGuitarTrackWatcherImpl@@UAAXMHI@Z
70-90	83.308	83.857	364	26	SOURCE_CALLCOUNT	0.8667	1	1	default/SongPreview	?Start@SongPreview@@QAAXVSymbol@@PAVTexMovie@@@Z
70-90	83.254	83.678	236	18	SOURCE_INSDEL	0.7879	0	1	default/OutfitConfig	?Copy@OutfitConfig@@UAAXPBVObject@Hmx@@W4CopyType@23@@Z
70-90	83.250	85.000	80	8	SOURCE_INSDEL	0.95	0	0	default/MidiReader	?pow@@YAMMH@Z
70-90	83.188	84.281	128	13	SOURCE_CALLCOUNT	0.9143	1	0	default/HamPhotoDisplay	?Save@HamPhotoDisplay@@UAAXAAVBinStream@@@Z
70-90	83.174	84.174	460	34	SOURCE_CALLCOUNT	0.912	1	0	default/LabelShrinkWrapper	?Update@LabelShrinkWrapper@@MAAXXZ
70-90	83.081	83.605	344	29	SOURCE_CALLCOUNT	0.9022	9	0	default/CharClip	??0CharClip@@IAA@XZ
70-90	83.052	83.117	308	14	SOURCE_INSDEL	0.9615	0	0	default/MemTracker	??$__adjust_heap@PAUMemDiffEntry@@HU1@U?$less@UMemDiffEntry@@@stlpmtx_std@@@stlpmtx_std@@YAXPAUMemDiffEntry@@HHU1@U?$less@UMemDiffEntry@@@0@@Z
70-90	82.900	83.971	280	24	SOURCE_INSDEL	0.9429	0	1	default/UILabel	??4?$vector@ULabelStyle@UILabel@@V?$StlNodeAlloc@ULabelStyle@UILabel@@@stlpmtx_std@@@stlpmtx_std@@QAAAAV01@ABV01@@Z
70-90	82.835	85.253	364	51	SOURCE_INSDEL	0.75	0	1	default/Mesh	??5@YAAAVBinStreamRev@@AAV0@AAVVert@RndMesh@@@Z
70-90	82.812	83.750	64	6	SOURCE_CALLCOUNT	0.7778	0	0	default/PoolAlloc	??0CritSecTracker@@QAA@PAVCriticalSection@@@Z
70-90	82.767	84.056	2280	252	SOURCE_CALLCOUNT	0.8606	21	1	default/TrackWidget	?SyncProperty@TrackWidget@@UAA_NAAVDataNode@@PAVDataArray@@HW4PropOp@@@Z
70-90	82.696	83.176	500	34	SOURCE_INSDEL	0.8562	0	1	default/StarDisplay	?UpdateDisplay@StarDisplay@@QAAXXZ
70-90	82.600	84.686	700	108	SOURCE_INSDEL	0.6887	0	0	default/Env	?Load@RndEnviron@@UAAXAAVBinStream@@@Z
70-90	82.600	83.267	120	7	SOURCE_INSDEL	0.9091	0	0	default/system/meta/MemcardMgr	?SaveLoadAllComplete@MemcardMgr@@QAAXXZ
70-90	82.585	84.277	260	25	SOURCE_INSDEL	0.9848	2	0	default/BandSongMgr	??0SongMgr@@QAA@XZ
70-90	82.559	83.441	136	10	SOURCE_INSDEL	0.8611	3	0	default/GemPlayer	?GetCodaFreestyleExtents@GemPlayer@@UBA_NAAVExtent@@@Z
70-90	82.500	84.000	80	8	SOURCE_INSDEL	0.7391	0	0	default/BandWardrobe	?SyncEnableBlinks@BandWardrobe@@QAAXH@Z
70-90	82.477	82.553	528	27	SOURCE_CALLCOUNT	0.8872	0	1	default/VocalTrackDir	?SetConfiguration@VocalTrackDir@@QAAXPAVObject@Hmx@@W4HarmonyShowingState@1@@Z
70-90	82.449	83.174	276	20	SOURCE_INSDEL	0.9855	1	0	default/band3/game/TrainerPanel	?Enter@TrainerPanel@@UAAXXZ
70-90	82.407	83.333	216	19	SOURCE_CALLCOUNT	0.8571	0	0	default/Screenshot	?SyncProperty@Screenshot@@UAA_NAAVDataNode@@PAVDataArray@@HW4PropOp@@@Z
70-90	82.400	83.900	80	12	SOURCE_INSDEL	0.7391	0	2	default/MoveMgr	?OnRandomSeed@CameraManager@@AAA?AVDataNode@@PAVDataArray@@@Z
70-90	82.391	82.500	184	9	SOURCE_INSDEL	0.9167	0	0	default/BandList	?UpdateRevealState@BandList@@QAAXHAAVTransform@@@Z
70-90	82.383	82.915	188	15	SOURCE_CALLCOUNT	0.8545	0	1	default/TrackerManager	?ConfigureAccomplishmentGoal@TrackerManager@@QAAXXZ
70-90	82.333	84.833	96	14	SOURCE_INSDEL	0.8148	0	3	default/HeadsetXferEffect	?DoProcess@HeadsetXferEffect@@UAAXABUHeadsetXferEffectParams@@PIAMII@Z
70-90	82.324	84.036	444	49	SOURCE_INSDEL	0.9732	9	0	default/BandIKEffector	?ComputeHandPullAndQuat@BandIKEffector@@IAAXAAVQuatXfm@@AAVTransform@@ABV3@ABVVector3@@MMM@Z
70-90	82.288	82.542	236	17	SOURCE_INSDEL	0.7273	0	0	default/AsyncFile	?Seek@AsyncFile@@UAAHHH@Z
70-90	82.250	84.000	80	9	SOURCE_INSDEL	0.7391	0	0	default/Rand	?Seed@Rand@@QAAXH@Z
70-90	82.242	82.394	132	8	SOURCE_CALLCOUNT	0.7222	1	0	default/Anim	??1AnimTask@@UAA@XZ
70-90	82.225	82.725	320	22	SOURCE_CALLCOUNT	0.9	0	1	default/SessionMessages	?Save@JoinRequestMsg@@UBAXAAVBinStream@@@Z
70-90	82.185	89.483	6068	1409	SOURCE_CALLCOUNT	0.844	0	15	default/network/Plugins/Checksum/MD5/MD5	?transform@MD5@Quazal@@QAAXPBE@Z
70-90	82.183	83.100	1200	129	SOURCE_CALLCOUNT	0.9281	45	0	default/Spotlight	??0Spotlight@@IAA@XZ
70-90	82.177	83.427	384	40	SOURCE_INSDEL	0.8447	1	0	default/band3/game/BandUserMgr	?OnMsg@BandUserMgr@@QAA?AVDataNode@@ABVSigninChangedMsg@@@Z
70-90	82.143	82.143	112	5	SOURCE_CALLCOUNT	0.8214	0	0	default/UILabel	?Init@UILabel@@SAXXZ
70-90	82.083	83.333	48	4	CODEGEN_ORDERING	1.0	0	0	default/IPP_basicmath_xbox	?Add_InPlace@IPP@@YAXIPBMPAM@Z
70-90	82.083	83.333	48	4	CODEGEN_ORDERING	1.0	0	0	default/IPP_basicmath_xbox	?Mul_InPlace@IPP@@YAXIPBMPAM@Z
70-90	82.064	82.809	188	20	SOURCE_INSDEL	0.8431	0	7	default/network/Platform/MemoryManager	?GetDefaultMemoryManager@MemoryManager@Quazal@@SAPAV12@XZ
70-90	82.059	83.297	404	47	SOURCE_CALLCOUNT	0.8036	1	1	default/SongCollision	?_M_insert_overflow_aux@?$vector@USongCollisionOutput@@V?$StlNodeAlloc@USongCollisionOutput@@@stlpmtx_std@@@stlpmtx_std@@IAAXPAUSongCollisionOutput@@ABU3@ABU__false_type@2@I_N@Z
70-90	82.045	84.091	176	22	SOURCE_INSDEL	0.9348	0	0	default/LayerDir	?PreLoad@LayerDir@@UAAXAAVBinStream@@@Z
70-90	81.901	82.690	684	56	SOURCE_INSDEL	0.855	0	0	default/DataNode	?Print@DataNode@@QBAXAAVTextStream@@_N@Z
70-90	81.833	82.892	812	86	SOURCE_CALLCOUNT	0.85	0	8	default/Joypad_Xinput	?ReadSingleXinputJoypad@@YA?AW4JoypadType@@HHPAIPAD11111QAM2QAE@Z
70-90	81.831	82.446	260	17	SOURCE_INSDEL	0.8219	0	0	default/CamAnim	?Load@RndCamAnim@@UAAXAAVBinStream@@@Z
70-90	81.786	81.964	112	7	SOURCE_CALLCOUNT	0.9	0	0	default/File_Win	FileDelete
70-90	81.739	84.348	92	10	SOURCE_INSDEL	0.88	2	0	default/SpotlightDrawer	?DrawLenses@SpotlightDrawer@@MAAXPAVSpotlightEntry@1@ABQAV21@@Z
70-90	81.692	82.766	428	57	SOURCE_INSDEL	0.9346	0	14	default/band3/game/PracticeSectionProvider	?OnText@MidiSectionLister@@UAAXHPBDE@Z
70-90	81.672	82.593	3084	214	SOURCE_CALLCOUNT	0.8761	1	0	default/ShaderOptions	?GenerateMacros@ShaderOptions@@QBAXW4ShaderType@@AAV?$vector@UShaderMacro@@V?$StlNodeAlloc@UShaderMacro@@@stlpmtx_std@@@stlpmtx_std@@@Z
70-90	81.667	82.500	96	7	SOURCE_INSDEL	0.8148	0	0	default/PracticeSection	??$_M_range_insert@PBVPracticeStep@@@?$vector@VPracticeStep@@V?$StlNodeAlloc@VPracticeStep@@@stlpmtx_std@@@stlpmtx_std@@AAAXPAVPracticeStep@@PBV2@1ABUforward_iterator_tag@1@@Z
70-90	81.652	82.522	92	10	SOURCE_INSDEL	0.8261	0	1	default/MeshAnim	?SetTransform@RndShaderMgr@@QAAXABVTransform@@@Z
70-90	81.630	81.926	540	31	SOURCE_CALLCOUNT	0.9155	0	0	default/ProfileMgr	?Init@ProfileMgr@@QAAXXZ
70-90	81.620	81.690	284	14	SOURCE_INSDEL	0.9583	0	0	default/MemTracker	??$__linear_insert@PAUMemDiffEntry@@U1@U?$less@UMemDiffEntry@@@stlpmtx_std@@@stlpmtx_std@@YAXPAUMemDiffEntry@@0U1@U?$less@UMemDiffEntry@@@0@@Z
70-90	81.580	82.080	600	55	SOURCE_CALLCOUNT	0.7531	8	0	default/CharIKHead	??0CharIKHead@@IAA@XZ
70-90	81.556	81.957	748	50	SOURCE_INSDEL	0.8396	0	10	default/VocalTrackDir	?ConfigPanels@VocalTrackDir@@QAAXXZ
70-90	81.524	85.214	168	30	SOURCE_INSDEL	0.9302	1	0	default/BoxMap	?ApplyLight@BoxMapLighting@@ABAXABV?$BoxLightArray@ULightParams_Directional@BoxMapLighting@@$0DC@@@@Z
70-90	81.523	83.391	696	116	SOURCE_CALLCOUNT	0.8947	9	1	default/NetCacheMgr	?AddLoaderRef@NetCacheMgr@@IAAPAUNetLoaderRef@@PBDW4RefType@1@W4NetLoaderPos@@@Z
70-90	81.509	81.886	1540	117	SOURCE_CALLCOUNT	0.8499	19	1	default/BandCamShot	?Handle@BandCamShot@@UAA?AVDataNode@@PAVDataArray@@_N@Z
70-90	81.495	82.430	428	48	SOURCE_CALLCOUNT	0.8655	8	0	default/network/net/NetSession	?Poll@NetSession@@UAAXXZ
70-90	81.471	85.257	280	59	SOURCE_INSDEL	0.9306	3	28	default/keygen_xbox	?getMasher@KeyChain@@YAXPAE@Z
70-90	81.429	81.429	840	39	SOURCE_CALLCOUNT	0.8571	0	0	default/CheatProvider	?Init@Synth@@UAAXXZ
70-90	81.372	81.488	344	25	SOURCE_CALLCOUNT	0.8235	3	1	default/Line	?Load@RndLine@@UAAXAAVBinStream@@@Z
70-90	81.339	82.090	932	77	SOURCE_CALLCOUNT	0.95	10	0	default/ChunkStream	?Eof@ChunkStream@@UAA?AW4EofType@@XZ
70-90	81.322	81.691	596	49	SOURCE_CALLCOUNT	0.7862	4	1	default/Gen	??0RndGenerator@@IAA@XZ
70-90	81.307	82.638	872	99	SOURCE_INSDEL	0.913	0	12	default/system/rndobj/Utl	?UtilDrawCigar@@YAXABVTransform@@QBM1ABVColor@Hmx@@H@Z
70-90	81.283	81.669	1088	80	SOURCE_CALLCOUNT	0.8502	6	0	default/BandDirector	??0BandDirector@@QAA@XZ
70-90	81.268	81.759	448	33	SOURCE_CALLCOUNT	0.8475	3	0	default/GemTrack	??0GemTrack@@QAA@PAVBandUser@@@Z
70-90	81.254	81.606	284	26	SOURCE_INSDEL	0.8228	3	1	default/CharBoneOffset	??0CharBoneOffset@@IAA@XZ
70-90	81.250	82.143	224	20	SOURCE_CALLCOUNT	0.9286	0	0	default/PanelDir	?DisableComponent@PanelDir@@QAAXPAVUIComponent@@W4JoypadAction@@@Z
70-90	81.182	82.545	220	23	SOURCE_CALLCOUNT	0.8571	0	0	default/MemTrack	?StartLog@@YAXPBD@Z
70-90	81.169	82.092	260	23	SOURCE_CALLCOUNT	0.8784	2	1	default/StorePanel	?Unload@StorePanel@@UAAXXZ
70-90	81.168	82.221	380	41	SOURCE_INSDEL	0.95	9	0	default/ChunkStream	??0ChunkStream@@QAA@PBDW4FileType@0@H_NW4Platform@@2@Z
70-90	81.132	82.437	1456	200	SOURCE_INSDEL	0.8396	73	3	default/Mat_NG	?RefreshState@NgMat@@IAAXXZ
70-90	81.129	81.548	620	40	SOURCE_INSDEL	0.9036	0	0	default/OvershellSlot	?OnMsg@OvershellSlot@@QAA?AVDataNode@@ABVUIComponentScrollMsg@@@Z
70-90	80.968	81.290	124	8	SOURCE_INSDEL	0.7222	0	0	default/Mesh	??5@YAAAVBinStream@@AAVBinStreamRev@@AAVFace@RndMesh@@@Z
70-90	80.915	81.000	236	14	SOURCE_CALLCOUNT	0.8235	1	0	default/MeshAnim	?LoadShaders@RndShaderMgr@@MAAXPBD@Z
70-90	80.901	80.901	444	22	SOURCE_CALLCOUNT	0.8036	0	0	default/SongParser	?CheckKeyboardRangeMarker@SongParser@@QAA_NHH_N@Z
70-90	80.893	82.143	112	12	SOURCE_INSDEL	0.8485	0	0	default/system/hamobj/MiniLeaderboardDisplay	?Copy@MiniLeaderboardDisplay@@UAAXPBVObject@Hmx@@W4CopyType@23@@Z
70-90	80.881	81.305	236	18	SOURCE_CALLCOUNT	0.8429	0	1	default/DataFunc	?DataFindExists@@YA?AVDataNode@@PAVDataArray@@_N@Z
70-90	80.851	80.851	188	9	SOURCE_INSDEL	0.8704	0	0	default/BandCharacter	?OnPortraitBegin@BandCharacter@@QAA?AVDataNode@@PAVDataArray@@@Z
70-90	80.838	81.910	840	82	CODEGEN_ORDERING	1.0	18	0	default/CharEyes	??0CharEyes@@IAA@XZ
70-90	80.772	81.913	368	40	SOURCE_CALLCOUNT	0.8846	2	0	default/band3/meta_band/AccomplishmentProgress	?NotifyPlayerOfAccomplishment@AccomplishmentProgress@@QAAXVSymbol@@PBD@Z
70-90	80.755	81.038	212	12	SOURCE_INSDEL	0.9259	0	0	default/MemTracker	??$__push_heap@PAUMemDiffEntry@@HU1@U?$less@UMemDiffEntry@@@stlpmtx_std@@@stlpmtx_std@@YAXPAUMemDiffEntry@@HHU1@U?$less@UMemDiffEntry@@@0@@Z
70-90	80.699	82.325	332	42	SOURCE_CALLCOUNT	0.8095	0	1	default/band3/meta_band/SessionMgr	?AddLocalUser@SessionMgr@@QAAXPAVLocalBandUser@@@Z
70-90	80.667	81.407	108	11	SOURCE_INSDEL	0.8148	0	1	default/Mesh	?HasVert@PatchVerts@@QBA_NH@Z
70-90	80.512	81.326	516	53	SOURCE_CALLCOUNT	0.8295	0	7	default/BandDirector	?FindNextPstKeyframe@BandDirector@@QAAXMMVSymbol@@@Z
70-90	80.463	80.585	328	30	SOURCE_CALLCOUNT	0.8889	0	6	default/Text	?Save@RndText@@UAAXAAVBinStream@@@Z
70-90	80.460	81.960	200	22	SOURCE_INSDEL	0.94	0	1	default/Character	?AddDeps@CharPollableSorter@@IAAXPAUDep@1@ABV?$list@PAVObject@Hmx@@V?$StlNodeAlloc@PAVObject@Hmx@@@stlpmtx_std@@@stlpmtx_std@@AAV?$list@PAUDep@CharPollableSorter@@V?$StlNodeAlloc@PAUDep@CharPollableSorter@@@stlpmtx_std@@@4@_N@Z
70-90	80.344	81.125	256	25	SOURCE_INSDEL	0.9697	3	0	default/MeshAnim	?FindShader@RndShaderMgr@@QAAAAVRndShaderProgram@@W4ShaderType@@ABUShaderOptions@@@Z
70-90	80.320	81.320	100	13	SOURCE_INSDEL	0.7419	1	0	default/SpotlightDrawer	?resize@?$vector@VSpotlightEntry@SpotlightDrawer@@V?$StlNodeAlloc@VSpotlightEntry@SpotlightDrawer@@@stlpmtx_std@@@stlpmtx_std@@QAAXIABVSpotlightEntry@SpotlightDrawer@@@Z
70-90	80.297	81.356	944	90	CODEGEN_ORDERING	1.0	0	0	default/RockCentral	?SyncAvailableSongs@RockCentral@@QAAXABV?$vector@PAVBandProfile@@V?$StlNodeAlloc@PAVBandProfile@@@stlpmtx_std@@@stlpmtx_std@@ABV?$vector@HV?$StlNodeAlloc@H@stlpmtx_std@@@3@1PAVObject@Hmx@@@Z
70-90	80.192	80.577	104	7	SOURCE_INSDEL	0.8148	0	0	default/TrackWatcherImpl	?ShouldAutoplayGem@TrackWatcherImpl@@UAA_NMH@Z
70-90	80.178	80.341	740	76	SOURCE_CALLCOUNT	0.8846	31	0	default/BandUser	?SyncLoad@RemoteBandUser@@UAAXAAVBinStream@@I@Z
70-90	80.175	81.316	456	48	SOURCE_CALLCOUNT	0.8099	10	0	default/FileMerger	??0CharIKHand@@IAA@XZ
70-90	80.119	80.952	168	15	SOURCE_CALLCOUNT	0.814	0	0	default/Part	?AllocParticle@RndParticleSys@@QAAPAVRndParticle@@XZ
70-90	80.071	82.713	3452	591	SOURCE_CALLCOUNT	0.8477	60	3	default/Mesh	?Load@RndMesh@@UAAXAAVBinStream@@@Z
70-90	80.032	82.027	752	125	SOURCE_CALLCOUNT	0.7412	2	1	default/UIFontImporter	?Load@UIFontImporter@@UAAXAAVBinStream@@@Z
70-90	80.000	80.000	12	1	MIXED	0.5	0	0	default/BandDirector	?GetDistanceToPlane@RndDrawable@@UAAMABVPlane@@AAVVector3@@@Z
70-90	80.000	80.000	12	1	MIXED	0.5	0	0	default/MusicLibrary	?GapSize@UIListProvider@@UBAMHHHH@Z
70-90	80.000	83.228	316	48	SOURCE_INSDEL	0.9494	6	0	default/BoxMap	?CacheData@BoxMapLighting@@QAA_NAAULightParams_Spot@1@@Z
70-90	80.000	80.000	72	4	SOURCE_CALLCOUNT	0.7727	0	0	default/MeshAnim	?Init@RndShaderMgr@@UAAXXZ
70-90	80.000	80.000	12	1	MIXED	0.5	0	0	default/FileMerger	?EndFrame@RndAnimatable@@UAAMXZ
70-90	80.000	80.000	12	1	MIXED	0.5	0	0	default/SongMgr	?AlternateSongDir@SongMgr@@QBAPBDXZ
70-90	80.000	80.000	12	1	MIXED	0.5	0	0	default/Matchmaker	?Main@ObjectDir@@SAPAV1@XZ
70-90	80.000	80.000	12	1	MIXED	0.5	0	0	default/PropKeys	?Current@RndCam@@SAPAV1@XZ
70-90	80.000	80.000	12	1	MIXED	0.5	0	0	default/Splash	?ResumeFunc@@YAXXZ
70-90	80.000	80.000	12	1	MIXED	0.5	0	0	default/Env_NG	??__F?sBloom@NgPostProc@@1V?$BloomTextures@$02@1@A@@YAXXZ
70-90	80.000	80.000	12	1	MIXED	0.5	0	0	default/Accomplishment	?StartFrame@RndAnimatable@@UAAMXZ
70-90	80.000	80.000	12	1	MIXED	0.5	0	0	default/band3/meta_band/PrefabMgr	?PrefabIsCustomizable@PrefabMgr@@SA_NXZ
70-90	80.000	80.000	12	1	MIXED	0.5	0	0	default/band3/meta_band/LicenseMgr	??0?$_Slist_base@U?$pair@$$CBVSymbol@@V?$vector@VSymbol@@V?$StlNodeAlloc@VSymbol@@@stlpmtx_std@@@stlpmtx_std@@@stlpmtx_std@@V?$StlNodeAlloc@U?$pair@$$CBVSymbol@@V?$vector@VSymbol@@V?$StlNodeAlloc@VSymbol@@@stlpmtx_std@@@stlpmtx_std@@@stlpmtx_std@@@2@@priv@stlpmtx_std@@QAA@ABV?$StlNodeAlloc@U?$pair@$$CBVSymbol@@V?$vector@VSymbol@@V?$StlNodeAlloc@VSymbol@@@stlpmtx_std@@@stlpmtx_std@@@stlpmtx_std@@@2@@Z
70-90	79.965	80.637	684	57	SOURCE_CALLCOUNT	0.9389	1	0	default/GemTrack	?DrawBeatLine@GemTrack@@QAAXVSymbol@@HH_N@Z
70-90	79.963	81.444	324	36	FOREIGN_FPCLASS	0.8977	0	0	default/MeshAnim	??4?$vector@V?$Key@V?$vector@VColor@Hmx@@V?$StlNodeAlloc@VColor@Hmx@@@stlpmtx_std@@@stlpmtx_std@@@@V?$StlNodeAlloc@V?$Key@V?$vector@VColor@Hmx@@V?$StlNodeAlloc@VColor@Hmx@@@stlpmtx_std@@@stlpmtx_std@@@@@stlpmtx_std@@@stlpmtx_std@@QAAAAV01@ABV01@@Z
70-90	79.934	81.164	1024	112	SOURCE_CALLCOUNT	0.8459	8	4	default/CameraShot	?BuildTransform@CamShotFrame@@QBAXPAVRndCam@@AAVTransform@@_N@Z
70-90	79.876	82.969	388	58	SOURCE_INSDEL	0.8704	4	4	default/HamIKEffector	?ApplyPosConstraints@HamIKEffector@@IAAMAAVVector3@@ABV2@PAV1@@Z
70-90	79.789	80.491	1140	171	SOURCE_CALLCOUNT	0.7059	26	1	default/Crowd	?Load@WorldCrowd@@UAAXAAVBinStream@@@Z
70-90	79.750	84.409	176	34	SOURCE_INSDEL	0.8542	0	0	default/Joypad_Xbox	?GetXinputSinceLastFrame@@YAXHPAU_XINPUT_STATE@@PAI@Z
70-90	79.744	80.865	892	97	SOURCE_INSDEL	0.8734	4	1	default/File	?RecursePatternInternal@@YAXPBDP6AX00@Z_N2@Z
70-90	79.731	80.067	476	33	SOURCE_CALLCOUNT	0.8571	7	0	default/CharacterCreatorPanel	?Unload@CharacterCreatorPanel@@UAAXXZ
70-90	79.667	80.000	60	4	SOURCE_INSDEL	0.9375	0	0	default/band3/meta_band/RetryAudioPanel	?IsLoaded@RetryAudioPanel@@UBA_NXZ
70-90	79.604	81.497	676	79	SOURCE_INSDEL	0.8793	3	4	default/PitchDetector	?Detect@PitchDetector@Synapse@DSP@@QAAXI@Z
70-90	79.587	79.604	1192	80	SOURCE_CALLCOUNT	0.8324	10	1	default/StorePanel	?Handle@StorePanel@@UAA?AVDataNode@@PAVDataArray@@_N@Z
70-90	79.553	80.723	188	16	SOURCE_INSDEL	0.9388	1	0	default/TrackPanelDirBase	?PostLoad@TrackPanelDirBase@@UAAXAAVBinStream@@@Z
70-90	79.519	82.204	216	31	SOURCE_INSDEL	0.9444	0	0	default/VelocityBuffer	?CacheXfms@RndXfmCache@@AAA_NPIBVRndMesh@@PIBMIAAI@Z
70-90	79.492	79.661	236	14	SOURCE_INSDEL	0.9077	0	0	default/CharNeckTwist	?Poll@CharNeckTwist@@UAAXXZ
70-90	79.364	80.386	176	19	SOURCE_CALLCOUNT	0.7292	0	1	default/PostProc_NG	?QueueMotionBlurObject@NgPostProc@@UAAXPAVRndDrawable@@@Z
70-90	79.341	79.540	904	67	SOURCE_CALLCOUNT	0.8062	4	1	default/Spotlight	?DrawShowing@Spotlight@@UAAXXZ
70-90	79.336	80.385	572	66	SOURCE_CALLCOUNT	0.8146	2	1	default/SongSectionController	??0SongSectionController@@QAA@XZ
70-90	79.317	82.135	504	64	SOURCE_CALLCOUNT	0.8714	8	1	default/CharForeTwist	?Poll@CharForeTwist@@UAAXXZ
70-90	79.268	80.817	284	34	SOURCE_INSDEL	0.9014	0	1	default/Crowd	?Enter@WorldCrowd@@UAAXXZ
70-90	79.240	80.040	500	41	SOURCE_INSDEL	0.947	4	0	default/UIComponent	?SetTypeDef@UIComponent@@UAAXPAVDataArray@@@Z
70-90	79.167	80.000	144	14	SOURCE_INSDEL	0.8974	0	0	default/ShaderOptions	?ShaderCachedPath@@YAPBDPBD_K_N@Z
70-90	79.161	79.806	124	10	SOURCE_CALLCOUNT	0.8571	0	0	default/BandSongMetadata	??$?5VSymbol@@M@@YAAAVBinStream@@AAV0@AAV?$hash_map@VSymbol@@MU?$hash@VSymbol@@@stlpmtx_std@@U?$equal_to@VSymbol@@@3@V?$StlNodeAlloc@U?$pair@$$CBVSymbol@@M@stlpmtx_std@@@3@@stlpmtx_std@@@Z
70-90	79.095	80.857	420	54	SOURCE_INSDEL	0.8981	4	0	default/FFT	?fft_real_forward_scalar@@YAHPAMK0@Z
70-90	79.032	81.290	124	18	SOURCE_INSDEL	0.9394	0	0	default/SynapseAPO	??0?$CSampleXAPOBase@VSynapseAPO@DSP@@USynapseAPOParams@2@@ATG@@IAA@XZ
70-90	78.860	78.947	228	13	SOURCE_INSDEL	0.931	0	0	default/MemTracker	??$__partial_sort@PAUMemDiffEntry@@U1@U?$less@UMemDiffEntry@@@stlpmtx_std@@@stlpmtx_std@@YAXPAUMemDiffEntry@@000U?$less@UMemDiffEntry@@@0@@Z
70-90	78.788	80.327	208	30	SOURCE_INSDEL	0.7925	0	1	default/BandCharacter	?DrawLodOrShadow@BandCharacter@@UAAXHW4DrawMode@Character@@@Z
70-90	78.710	78.710	124	7	SOURCE_INSDEL	0.7647	0	0	default/system/synth/MoggClip	?SetupPanInfo@MoggClip@@QAAXMM_N@Z
70-90	78.612	79.223	752	67	SOURCE_CALLCOUNT	0.8579	0	0	default/MoviePanel	?Load@MoviePanel@@UAAXXZ
70-90	78.545	80.364	88	13	SOURCE_INSDEL	0.7917	2	2	default/TypeProps	??E?$ObjDirItr@VObjectDir@@@@QAAAAV0@XZ
70-90	78.438	80.767	292	45	SOURCE_CALLCOUNT	0.8391	0	3	default/FileCache	?DumpOverSize@FileCache@@IAAXH@Z
70-90	78.378	79.459	148	15	SOURCE_INSDEL	0.9231	0	0	default/TrackPanelDir	?PreLoad@TrackPanelDir@@UAAXAAVBinStream@@@Z
70-90	78.378	79.459	148	15	SOURCE_INSDEL	0.9231	0	0	default/TrackPanelDirBase	?PreLoad@TrackPanelDirBase@@UAAXAAVBinStream@@@Z
70-90	78.333	83.333	96	19	SOURCE_INSDEL	0.8333	0	0	default/keygen_xbox	?random@@YAJJ@Z
70-90	78.333	80.000	12	2	SOURCE_ARGVAL	0.5	0	0	default/OutfitConfig	?CharAdvance@RndFontBase@@UBAMG@Z
70-90	78.303	79.421	304	30	SOURCE_CALLCOUNT	0.9125	4	0	default/BlockMgr	?SpinUp@BlockMgr@@QAA_NXZ
70-90	78.238	78.317	252	16	SOURCE_INSDEL	0.8493	0	0	default/DirLoader	?SaveObjects@DirLoader@@SA_NPBDPAVObjectDir@@@Z
70-90	78.208	78.530	1116	77	SOURCE_CALLCOUNT	0.8143	2	1	default/system/bandobj/BandTrack	?Reset@BandTrack@@UAAXXZ
70-90	78.105	78.895	76	7	SOURCE_INSDEL	0.9	0	0	default/HamCamTransform	?Load@TransformCrowd@@QAAXAAVBinStream@@@Z
70-90	78.074	79.975	484	70	SOURCE_INSDEL	0.875	3	0	default/Archive	?Enumerate@Archive@@QAAXPBDP6AX00@Z_N0@Z
70-90	78.009	78.685	444	38	SOURCE_CALLCOUNT	0.8284	1	0	default/Console	?Break@RndConsole@@QAAXPAVDataArray@@@Z
70-90	78.000	78.949	316	31	SOURCE_INSDEL	0.9506	3	0	default/SpotlightDrawer_NG	?RenderSphere@NgSpotlightDrawer@@IAAXPAVSpotlight@@@Z
70-90	78.000	83.000	96	25	SOURCE_INSDEL	0.92	8	0	default/TexRenderer	?LookAt@Transform@@QAAXABVVector3@@0@Z
70-90	77.965	78.672	2180	208	SOURCE_CALLCOUNT	0.8087	23	0	default/BandCharacter	??0BandCharacter@@QAA@XZ
70-90	77.927	81.130	768	124	SOURCE_INSDEL	0.9948	1	1	default/FlangerEffect	?Process@FlangerEffect@@QAAXPAMHH@Z
70-90	77.866	79.024	328	42	SOURCE_CALLCOUNT	0.7129	0	1	default/MeshAnim	?Load@RndMultiMesh@@UAAXAAVBinStream@@@Z
70-90	77.627	80.189	804	122	SOURCE_CALLCOUNT	0.9005	0	2	default/CalibrationPanel	?UpdateLabel@CalibrationPanel@@QAAXXZ
70-90	77.586	80.313	1980	300	SOURCE_INSDEL	0.8889	50	1	default/system/rndobj/Utl	?ResetNormals@@YAXPAVRndMesh@@@Z
70-90	77.527	77.849	372	26	SOURCE_CALLCOUNT	0.7849	0	0	default/FreestylePanel	?Poll@FreestylePanel@@UAAXXZ
70-90	77.448	78.385	384	40	SOURCE_INSDEL	0.8958	2	12	default/band3/bandtrack/Lyric	?BakeLyric@LyricPlate@@QAAXPAVLyric@@@Z
70-90	77.360	77.886	456	38	SOURCE_CALLCOUNT	0.8382	0	0	default/Archive	?ArchiveInit@@YAXXZ
70-90	77.333	77.704	108	8	SOURCE_CALLCOUNT	0.8182	0	2	default/AccomplishmentPanel	?RefreshGoalList@AccomplishmentPanel@@QAAXXZ
70-90	77.252	77.546	476	43	SOURCE_CALLCOUNT	0.8788	9	0	default/Mat_NG	?SetBasicState@NgMat@@IAAXXZ
70-90	77.211	77.342	152	10	CODEGEN_ORDERING	1.0	1	0	default/FIRFilter	?setCoefficients@FIRFilter@soundtouch@@UAAXPBMII@Z
70-90	77.206	78.189	1668	170	SOURCE_INSDEL	0.9712	3	0	default/CalibrationPanel	?OnInitializeContent@CalibrationPanel@@QAA?AVDataNode@@PAVDataArray@@@Z
70-90	77.206	77.968	1496	184	SOURCE_CALLCOUNT	0.6667	15	0	default/Spotlight	?Load@Spotlight@@UAAXAAVBinStream@@@Z
70-90	77.189	77.797	296	31	SOURCE_INSDEL	0.8846	0	0	default/GemPlayer	?LocalSetEnabledState@GemPlayer@@UAAXW4EnabledState@@HPAVBandUser@@_N@Z
70-90	77.045	78.182	88	11	SOURCE_INSDEL	0.875	0	0	default/RenderState	?SetBorderColor@RndRenderState@@QAAXI_N@Z
70-90	77.023	78.289	1880	242	SOURCE_CALLCOUNT	0.8382	52	0	default/TexBlender	?DrawShowing@RndTexBlender@@UAAXXZ
70-90	77.022	78.775	1780	225	SOURCE_CALLCOUNT	0.8889	29	6	default/OutfitConfig	?Compose@MatSwap@OutfitConfig@@QAAXPAHAAV?$ObjVector@VBandPatchMesh@@@@H@Z
70-90	77.000	77.455	396	37	SOURCE_CALLCOUNT	0.7905	1	7	default/Game	?Reset@Game@@QAAXXZ
70-90	76.985	76.985	524	45	SOURCE_CALLCOUNT	0.8137	9	0	default/ContentMgr_Xbox	?Handle@XboxContentMgr@@UAA?AVDataNode@@PAVDataArray@@_N@Z
70-90	76.976	77.625	1324	179	SOURCE_CALLCOUNT	0.6512	13	1	default/CharClipSet	?PostLoad@CharClipSet@@UAAXAAVBinStream@@@Z
70-90	76.951	79.024	164	18	CODEGEN_ORDERING	1.0	0	0	default/MultiTempoTempoMap	?GetLoopTick@MultiTempoTempoMap@@UBAHHAAH@Z
70-90	76.923	76.923	52	3	SOURCE_CALLCOUNT	0.8125	0	0	default/MetaPanel	?Exit@MetaPanel@@UAAXXZ
70-90	76.921	78.190	252	36	SOURCE_CALLCOUNT	0.7632	0	1	default/Instance	?PreLoad@WorldInstance@@UAAXAAVBinStream@@@Z
70-90	76.900	78.275	480	53	SOURCE_INSDEL	0.8864	0	0	default/Rnd_Xbox	?ModalDraw@DxRnd@@MAAXW4ModalType@Debug@@PBD@Z
70-90	76.885	76.885	104	7	SOURCE_CALLCOUNT	0.8125	0	0	default/SpotlightDrawer	?Save@SpotlightDrawer@@UAAXAAVBinStream@@@Z
70-90	76.878	77.921	556	60	SOURCE_CALLCOUNT	0.8415	1	1	default/Spotlight	?Poll@Spotlight@@UAAXXZ
70-90	76.850	77.750	400	41	SOURCE_CALLCOUNT	0.8462	4	0	default/CharWeightSetter	??0CharWeightSetter@@IAA@XZ
70-90	76.773	79.500	176	30	SOURCE_CALLCOUNT	0.8302	0	1	default/EventTrigger	??4?$list@UPropTriggerDefn@FlowTrigger@@V?$StlNodeAlloc@UPropTriggerDefn@FlowTrigger@@@stlpmtx_std@@@stlpmtx_std@@QAAAAV01@ABV01@@Z
70-90	76.652	77.539	564	55	SOURCE_CALLCOUNT	0.8511	0	1	default/FileMerger	?FinishLoading@FileMerger@@MAAXPAVLoader@@@Z
70-90	76.621	76.948	612	55	SOURCE_CALLCOUNT	0.7669	2	3	default/CharLipSyncDriver	??0CharLipSyncDriver@@IAA@XZ
70-90	76.544	76.544	360	32	SOURCE_CALLCOUNT	0.7667	4	1	default/MidiSynth	?Handle@WorldDir@@UAA?AVDataNode@@PAVDataArray@@_N@Z
70-90	76.537	77.309	596	55	SOURCE_CALLCOUNT	0.9073	5	0	default/Group	?DrawShowing@RndGroup@@UAAXXZ
70-90	76.449	77.920	748	92	SOURCE_CALLCOUNT	0.911	8	0	default/GemPlayer	?UpdateCrowdMeter@GemPlayer@@QAAXMH@Z
70-90	76.417	83.188	192	43	CODEGEN_ORDERING	1.0	7	0	default/Rot	?Multiply@@YAXABVVector3@@ABVQuat@Hmx@@AAV1@@Z
70-90	76.353	77.707	532	63	SOURCE_CALLCOUNT	0.7687	3	1	default/SongPreview	?PrepareSong@SongPreview@@AAAXVSymbol@@@Z
70-90	76.286	76.286	112	11	SOURCE_INSDEL	0.7714	0	1	default/SongLayout	??$?5VSongPattern@@V?$StlNodeAlloc@VSongPattern@@@stlpmtx_std@@@@YAAAVBinStreamRev@@AAV0@AAV?$vector@VSongPattern@@V?$StlNodeAlloc@VSongPattern@@@stlpmtx_std@@@stlpmtx_std@@@Z
70-90	76.286	78.286	140	18	SOURCE_INSDEL	0.9714	0	0	default/band3/game/TrainerPanel	?GetSectionLoopEnd@TrainerPanel@@QBAHH@Z
70-90	76.273	77.182	88	11	SOURCE_INSDEL	0.7727	0	1	default/MidiReader	?DefaultMidiLess@?A0x7d41cf68@@YA_NABUMidi@MidiReader@@0@Z
70-90	76.241	80.038	848	139	SOURCE_INSDEL	0.9244	4	22	default/Geo	?Intersect@@YA_NABVTriangle@@ABVBox@@@Z
70-90	76.209	76.758	728	61	SOURCE_CALLCOUNT	0.8325	0	0	default/Crowd	??0WorldCrowd@@IAA@XZ
70-90	76.099	76.407	324	25	SOURCE_CALLCOUNT	0.7683	0	0	default/system/bandobj/BandButton	?DrawShowing@BandButton@@UAAXXZ
70-90	76.096	76.463	1416	111	SOURCE_CALLCOUNT	0.8469	3	1	default/OvershellPanel	?ResolveSlotStates@OvershellPanel@@QAAXXZ
70-90	76.093	78.685	216	38	SOURCE_CALLCOUNT	0.8421	11	0	default/BandWardrobe	??0Merger@FileMerger@@QAA@PAVObject@Hmx@@@Z
70-90	76.029	76.457	140	16	SOURCE_CALLCOUNT	0.75	1	1	default/band3/game/Game	??0GemTrainerLoopPanel@@QAA@XZ
70-90	75.964	76.143	112	10	CODEGEN_ORDERING	1.0	1	0	default/FlowValueCase	?Save@FlowValueCase@@UAAXAAVBinStream@@@Z
70-90	75.933	80.052	772	151	SOURCE_INSDEL	0.8957	2	8	default/FFT	?fft_scalar@@YAHPAM0KJ0@Z
70-90	75.784	76.471	408	42	SOURCE_CALLCOUNT	0.7455	0	0	default/CharIKMidi	??0CharIKMidi@@IAA@XZ
70-90	75.764	76.042	288	24	SOURCE_CALLCOUNT	0.7534	0	3	default/Anim	?MakeWorldSphere@RndDir@@UAA_NAAVSphere@@_N@Z
70-90	75.615	76.769	104	14	SOURCE_INSDEL	0.8065	0	3	default/GemTrackDir	?PostLoad@GemTrackDir@@UAAXAAVBinStream@@@Z
70-90	75.603	78.381	504	97	SOURCE_INSDEL	0.8686	0	31	default/Bitmap	?DecodeDxt5Alpha@@YAXPAEHHAAE@Z
70-90	75.552	77.907	2072	322	SOURCE_CALLCOUNT	0.8837	45	1	default/Crowd	?DrawShowing@WorldCrowd@@UAAXXZ
70-90	75.546	81.180	1420	294	SOURCE_INSDEL	0.9288	31	4	default/CharBones	?RotateBy@CharBones@@QBAXAAV1@@Z
70-90	75.528	75.610	492	32	SOURCE_CALLCOUNT	0.8367	0	0	default/UIPanel	?Unload@UIPanel@@UAAXXZ
70-90	75.514	76.595	148	14	SOURCE_INSDEL	0.8537	1	0	default/BandDirector	?AddStageKitKeys@@YAXPAVRndPropAnim@@PAVBandDirector@@@Z
70-90	75.409	75.482	1104	76	SOURCE_CALLCOUNT	0.7645	3	1	default/band3/meta_band/UGCPurchasePanel	?Poll@UGCPurchasePanel@@UAAXXZ
70-90	75.342	75.342	292	18	SOURCE_CALLCOUNT	0.8022	0	0	default/UI	?GotoScreenImpl@UIManager@@AAAXPAVUIScreen@@_N1@Z
70-90	75.246	75.421	228	15	SOURCE_INSDEL	0.8028	0	0	default/band3/bandtrack/TrackPanel	??1TrackPanel@@UAA@XZ
70-90	75.103	76.256	156	19	SOURCE_CALLCOUNT	0.8049	0	1	default/SongData	?AddDrumFill@SongData@@UAAXHHHH_N@Z
70-90	75.095	75.190	420	28	SOURCE_CALLCOUNT	0.9439	0	0	default/Campaign	?ConfigureCampaignLevelData@Campaign@@QAAXPAVDataArray@@@Z
70-90	75.007	77.957	556	114	SOURCE_CALLCOUNT	0.8397	1	11	default/ProfileMgr	?SaveGlobalOptions@ProfileMgr@@QAAXAAVFixedSizeSaveableStream@@@Z
70-90	75.000	75.000	80	5	SOURCE_INSDEL	0.75	0	0	default/Mesh	??$_Param_Construct@V?$list@HV?$StlNodeAlloc@H@stlpmtx_std@@@stlpmtx_std@@V12@@stlpmtx_std@@YAXPAV?$list@HV?$StlNodeAlloc@H@stlpmtx_std@@@0@ABV10@@Z
70-90	75.000	75.000	16	1	SOURCE_INSDEL	0.8	0	0	default/band3/meta_band/PrefabMgr	?Poll@PrefabMgr@@QAAXXZ
70-90	75.000	75.000	16	1	SOURCE_INSDEL	0.8	0	0	default/GemTrack	?SetInCoda@GemTrack@@QAAX_N@Z
70-90	74.866	75.110	328	29	SOURCE_CALLCOUNT	0.7416	1	0	default/PartLauncher	??0RndPartLauncher@@IAA@XZ
70-90	74.855	77.024	332	57	SOURCE_CALLCOUNT	0.7755	0	1	default/MeshAnim	?Load@RndFur@@UAAXAAVBinStream@@@Z
70-90	74.573	76.125	928	104	SOURCE_CALLCOUNT	0.7845	0	0	default/BandIKEffector	?Poll@BandIKEffector@@UAAXXZ
70-90	74.562	77.074	812	121	SOURCE_CALLCOUNT	0.9621	19	9	default/system/rndobj/Utl	?ComputeFaceTangentBasis@@YAXPAVRndMesh@@HAAVMatrix3@Hmx@@@Z
70-90	74.510	75.087	416	38	SOURCE_INSDEL	0.8378	0	0	default/SpotlightDrawer_NG	?RenderBeams@NgSpotlightDrawer@@IAAXABVMatrix4@Hmx@@@Z
70-90	74.500	74.500	88	7	SOURCE_INSDEL	0.8148	0	0	default/BustAMoveData	??$?5VBAMPhrase@@V?$StlNodeAlloc@VBAMPhrase@@@stlpmtx_std@@@@YAAAVBinStreamRev@@AAV0@AAV?$vector@VBAMPhrase@@V?$StlNodeAlloc@VBAMPhrase@@@stlpmtx_std@@@stlpmtx_std@@@Z
70-90	74.493	75.457	1348	170	SOURCE_CALLCOUNT	0.7788	10	1	default/Leaderboard	?ShowData@Leaderboard@@QAAXXZ
70-90	74.450	74.946	444	41	SOURCE_CALLCOUNT	0.7574	1	0	default/TexMovie	?Load@TexMovie@@UAAXAAVBinStream@@@Z
70-90	74.410	78.337	820	135	SOURCE_INSDEL	0.9384	0	0	default/Bitmap	?PixelOffset@RndBitmap@@ABAHHHAA_N@Z
70-90	74.329	76.171	608	82	SOURCE_INSDEL	0.8187	3	0	default/AmbientOcclusion	?CalculateAOAtPoint@RndAmbientOcclusion@@IBAXABVVector3@@0PAM@Z
70-90	74.151	75.377	212	24	SOURCE_INSDEL	0.8548	5	0	default/Faders	?Load@FaderGroup@@QAAXAAVBinStream@@@Z
70-90	74.055	74.145	220	20	SOURCE_CALLCOUNT	0.6364	0	1	default/Sequence	?Load@Sequence@@UAAXAAVBinStream@@@Z
70-90	73.958	75.000	96	9	CODEGEN_ORDERING	1.0	0	0	default/VelocityBuffer	?GetXfms@RndXfmCache@@ABA_NPIBVRndMesh@@IIAAPBM@Z
70-90	73.935	74.704	676	71	SOURCE_CALLCOUNT	0.7943	0	1	default/Tex	?SyncProperty@RndTex@@UAA_NAAVDataNode@@PAVDataArray@@HW4PropOp@@@Z
70-90	73.892	74.027	148	11	SOURCE_INSDEL	0.9211	0	0	default/ScreenMask	?Save@RndScreenMask@@UAAXAAVBinStream@@@Z
70-90	73.886	79.993	1644	348	SOURCE_INSDEL	0.9542	21	16	default/CharBones	?RotateTo@CharBones@@QBAXAAV1@M@Z
70-90	73.752	74.062	452	43	SOURCE_CALLCOUNT	0.7519	2	4	default/CrowdAudio	?SetBank@CrowdAudio@@QAAXPAVObjectDir@@@Z
70-90	73.734	75.112	856	102	SOURCE_CALLCOUNT	0.8099	2	0	default/Cam	?SyncProperty@RndCam@@UAA_NAAVDataNode@@PAVDataArray@@HW4PropOp@@@Z
70-90	73.700	74.800	200	24	SOURCE_CALLCOUNT	0.8621	0	0	default/band3/game/Band	?Restart@Band@@QAAX_N@Z
70-90	73.480	75.880	100	17	SOURCE_INSDEL	0.9231	1	1	default/FocusTracker	?GetFirstFocusPlayer@FocusTracker@@QBA?AUTrackerPlayerID@@AA_N@Z
70-90	73.472	75.852	1160	184	SOURCE_CALLCOUNT	0.8274	4	16	default/VocalTrack	?PrepareNoteTubes@VocalTrack@@QAAXMHAAHH@Z
70-90	73.452	74.583	460	58	SOURCE_CALLCOUNT	0.7724	3	0	default/CharIKSliderMidi	??0CharIKSliderMidi@@IAA@XZ
70-90	73.333	74.359	156	16	SOURCE_INSDEL	0.9487	0	0	default/VocalTrackDir	?SetMissingMicsForDisplay@VocalTrackDir@@QAAX_N00@Z
70-90	73.320	73.320	100	10	SOURCE_CALLCOUNT	0.76	0	0	default/band3/meta_band/BandStorePanel	?IsLoaded@BandStorePanel@@UBA_NXZ
70-90	73.303	74.364	528	62	SOURCE_CALLCOUNT	0.8478	4	0	default/CharLookAt	??0CharLookAt@@IAA@XZ
70-90	73.215	74.062	260	31	SOURCE_INSDEL	0.8955	1	1	default/FFT	?CalculateSinCosTable@@YAHJPAM@Z
70-90	73.188	74.750	64	11	CODEGEN_ORDERING	1.0	0	1	default/CheatProvider	??0Cheat@CheatProvider@@QAA@AAVString@@0PAVDataArray@@@Z
70-90	73.125	74.583	96	11	SOURCE_INSDEL	0.84	0	0	default/BandWardrobe	?AddDircut@BandWardrobe@@QAA_NPAVBandCamShot@@@Z
70-90	73.044	73.267	180	16	SOURCE_INSDEL	0.7778	2	0	default/PostProc_NG	?DoVelocity@NgPostProc@@IAAXXZ
70-90	73.000	73.300	400	42	SOURCE_INSDEL	0.8197	4	1	default/Campaign	??0Campaign@@QAA@PAVDataArray@@@Z
70-90	72.941	73.529	272	26	SOURCE_CALLCOUNT	0.7907	0	0	default/OvershellSlot	?UpdateProfilesList@OvershellSlot@@QAAXXZ
70-90	72.861	74.209	460	63	SOURCE_INSDEL	0.8273	0	0	default/Mesh	?SaveVertices@RndMesh@@UAAXAAVBinStream@@@Z
70-90	72.842	73.105	152	14	SOURCE_CALLCOUNT	0.6977	2	0	default/Loader	?SetEditMode@LoadMgr@@QAAX_N@Z
70-90	72.647	73.294	340	39	SOURCE_CALLCOUNT	0.7412	1	1	default/BandSongMetadata	?HasPart@BandSongMetadata@@QBA_NVSymbol@@@Z
70-90	72.621	73.363	728	88	SOURCE_INSDEL	0.8792	9	0	default/Console	?ExecuteLine@RndConsole@@AAAXXZ
70-90	72.522	72.957	92	9	SOURCE_INSDEL	0.8148	2	0	default/MeshAnim	??_G?$Key@V?$vector@VVector3@@V?$StlNodeAlloc@VVector3@@@stlpmtx_std@@@stlpmtx_std@@@@QAAPAXI@Z
70-90	72.470	73.494	332	38	SOURCE_CALLCOUNT	0.7349	0	0	default/BandMachine	?SyncSave@BandMachine@@QBAXAAVBinStream@@E@Z
70-90	72.462	74.769	572	85	SOURCE_INSDEL	0.9128	4	3	default/system/rndobj/Utl	?BuildFromBSP@@YAXPAVRndMesh@@@Z
70-90	72.451	73.844	488	64	SOURCE_CALLCOUNT	0.7273	7	0	default/BandIKEffector	??0BandIKEffector@@QAA@XZ
70-90	72.439	73.171	164	16	SOURCE_INSDEL	0.878	0	0	default/BufStream	?ReadImpl@BufStream@@EAAXPAXH@Z
70-90	72.285	73.789	492	67	SOURCE_INSDEL	0.8507	2	1	default/VelocityBuffer	?DrawMesh@RndVelocityBuffer@@QBAXPAVRndMesh@@@Z
70-90	72.283	73.988	8948	1371	SOURCE_INSDEL	0.9542	134	130	default/VocalTrack	?UpdateScrolling@VocalTrack@@QAAXM@Z
70-90	72.276	73.741	232	30	SOURCE_INSDEL	0.8276	0	2	default/BandList	?DrawShowing@BandList@@UAAXXZ
70-90	72.243	73.748	412	59	SOURCE_CALLCOUNT	0.8047	1	3	default/CharEyes	?ProceduralBlinkUpdate@CharEyes@@IAAXXZ
70-90	72.143	75.408	196	34	SOURCE_CALLCOUNT	0.76	2	1	default/Character	?UnhookShadow@Character@@IAAXXZ
70-90	72.094	74.007	596	85	SOURCE_INSDEL	0.8222	13	0	default/UILabel	?DrawShowing@UILabel@@UAAXXZ
70-90	72.083	74.792	96	18	SOURCE_INSDEL	0.8333	0	0	default/Object	??0Object@Hmx@@QAA@XZ
70-90	72.052	72.458	1084	108	SOURCE_CALLCOUNT	0.6771	1	1	default/CharEyes	?Load@CharEyes@@UAAXAAVBinStream@@@Z
70-90	71.957	73.478	92	14	SOURCE_INSDEL	0.7778	0	3	default/MasterAudio	?IsReady@MasterAudio@@UAA_NXZ
70-90	71.923	72.308	52	5	SOURCE_INSDEL	0.7857	0	0	default/band3/meta_band/StoreOfferProvider	?IsActive@StoreOfferProvider@@UBA_NH@Z
70-90	71.897	73.103	116	13	CODEGEN_ORDERING	1.0	0	0	default/system/ui/UIGridProvider	?SetListToData@UIGridProvider@@QAAXPAVUIList@@H@Z
70-90	71.857	73.286	364	47	SOURCE_CALLCOUNT	0.7525	5	0	default/Text	?UpdateText@RndText@@QAAX_N@Z
70-90	71.720	71.720	300	29	SOURCE_INSDEL	0.6526	0	0	default/Flare	?Load@RndFlare@@UAAXAAVBinStream@@@Z
70-90	71.651	73.072	1112	146	SOURCE_CALLCOUNT	0.7395	36	0	default/ChordShapeGenerator	??0ChordShapeGenerator@@QAA@XZ
70-90	71.613	72.258	124	13	SOURCE_CALLCOUNT	0.7778	0	0	default/MemTracker	?StartLog@MemTracker@@QAAXAAVTextStream@@@Z
70-90	71.561	72.675	1220	150	SOURCE_CALLCOUNT	0.9367	4	0	default/BandCharacter	?Filter@BandCharacter@@UAA?AW4Action@MergeFilter@@PAVObject@Hmx@@0PAVObjectDir@@@Z
70-90	71.537	73.925	268	53	SOURCE_CALLCOUNT	0.7143	0	1	default/Character	?PreLoad@Character@@UAAXAAVBinStream@@@Z
70-90	71.286	71.286	56	6	SOURCE_CALLCOUNT	0.7778	0	1	default/System_Xbox	?SystemPreInit@@YAXHQAPADPBD@Z
70-90	71.222	72.056	72	10	SOURCE_INSDEL	0.9444	0	1	default/Character	?resize@?$ObjVector@ULod@Character@@@@QAAXI@Z
70-90	71.213	71.266	376	31	SOURCE_INSDEL	0.902	0	0	default/Splash	?Show@Splash@@IAA_NXZ
70-90	70.926	72.790	1620	257	SOURCE_CALLCOUNT	0.8173	33	5	default/Synapse_dsp	??0Synapse@0DSP@@QAA@M@Z
70-90	70.840	71.840	100	14	SOURCE_INSDEL	0.7812	0	3	default/Campaign	?GetCampaignMetaScoreForUser@Campaign@@QBAHPAVLocalBandUser@@@Z
70-90	70.817	72.235	8068	995	SOURCE_CALLCOUNT	0.7794	0	5	default/DataFunc	?DataInitFuncs@@YAXXZ
70-90	70.750	72.927	496	81	SOURCE_INSDEL	0.7755	1	6	default/AmbientOcclusion	?Intersect@?$kdTree@VTriangle@@@@QBA_NABVVector3@@0MAAM@Z
70-90	70.697	72.257	436	63	SOURCE_INSDEL	0.9909	0	0	default/band3/game/PerfectOverdriveTracker	?GetPlayerContributionString@PerfectOverdriveTracker@@UBA?AVString@@VSymbol@@@Z
70-90	70.667	71.111	180	16	SOURCE_CALLCOUNT	0.7759	0	0	default/system/rndobj/Rnd	?BeginDrawing@Rnd@@UAAXXZ
70-90	70.488	70.701	656	54	FOREIGN_FPCLASS	0.7073	0	0	default/BandCharacter	?OnPostMerge@BandCharacter@@QAA?AVDataNode@@PAVDataArray@@@Z
70-90	70.430	70.620	316	27	CODEGEN_ORDERING	1.0	1	0	default/band3/meta_band/StoreMainPanel	?SetType@StoreMainPanel@@UAAXVSymbol@@@Z
70-90	70.332	70.809	1132	129	SOURCE_CALLCOUNT	0.6426	1	0	default/PitchArrow	??0PitchArrow@@QAA@XZ
70-90	70.167	72.000	120	21	SOURCE_INSDEL	0.7059	0	0	default/StreamReceiver360	?Tag@StreamReceiver360@@UAAXXZ
70-90	70.106	72.635	340	64	SOURCE_CALLCOUNT	0.8095	0	3	default/system/rndobj/CubeTex	?PreLoad@RndCubeTex@@UAAXAAVBinStream@@@Z
70-90	70.082	70.184	196	16	SOURCE_CALLCOUNT	0.8545	0	0	default/TexMovie	?Save@TexMovie@@UAAXAAVBinStream@@@Z
70-90	70.000	70.000	8	1	MIXED	0.3333	0	0	default/system/synth_xbox/FxSendMeterEffect	?allocate@?$StlNodeAlloc@ULevelData@@@stlpmtx_std@@QBAPAULevelData@@IPBX@Z
70-90	70.000	70.000	8	1	MIXED	0.3333	0	0	default/band3/game/Game	??0?$_List_iterator@P6AXXZU?$_Nonconst_traits@P6AXXZ@stlpmtx_std@@@stlpmtx_std@@QAA@PAU_List_node_base@1@@Z
40-70	69.882	69.882	136	15	SOURCE_CALLCOUNT	0.6905	0	1	default/UIComponent	?Save@UIComponent@@UAAXAAVBinStream@@@Z
40-70	69.875	72.375	128	21	SOURCE_INSDEL	0.7429	0	0	default/StreamReceiver	?GetBytesPlayed@StreamReceiver@@QAA_KXZ
40-70	69.750	69.750	16	3	SOURCE_ARGVAL	0.3333	1	0	default/system/rnddx9/Rnd	?_M_incr@_List_iterator_base@stlpmtx_std@@QAAXXZ
40-70	69.671	69.847	340	31	SOURCE_CALLCOUNT	0.7059	0	0	default/BandMachine	?SyncLoad@BandMachine@@QAAXAAVBinStream@@E@Z
40-70	69.571	69.929	224	28	SOURCE_CALLCOUNT	0.697	1	1	default/CharNeckTwist	??0CharNeckTwist@@IAA@XZ
40-70	69.555	70.606	2436	339	SOURCE_CALLCOUNT	0.711	24	3	default/Part	?Load@RndParticleSys@@UAAXAAVBinStream@@@Z
40-70	69.500	69.500	8	2	SOURCE_ARGVAL	0.3333	1	0	default/ClipGraphGen	?TypeDef@Object@Hmx@@QBAPAVDataArray@@XZ
40-70	69.489	69.940	932	99	SOURCE_CALLCOUNT	0.8696	3	1	default/ContentMgr_Xbox	?StartRefresh@XboxContentMgr@@UAAXXZ
40-70	69.309	71.000	556	86	SOURCE_CALLCOUNT	0.8176	2	3	default/SpotlightDrawer	?DrawWorld@SpotlightDrawer@@MAAXXZ
40-70	69.306	71.847	496	79	SOURCE_INSDEL	0.8028	5	0	default/SpectralAnalysis	?Analyze@SpectralAnalysis@DSP@@QAAXPBMPAM@Z
40-70	69.167	69.545	264	24	SOURCE_INSDEL	0.8824	0	0	default/MemTracker	??$__unguarded_partition@PAUMemDiffEntry@@U1@U?$less@UMemDiffEntry@@@stlpmtx_std@@@stlpmtx_std@@YAPAUMemDiffEntry@@PAU1@0U1@U?$less@UMemDiffEntry@@@0@@Z
40-70	69.157	69.157	332	32	CODEGEN_ORDERING	1.0	0	0	default/OverdriveMeter	?SyncObjects@OverdriveMeter@@UAAXXZ
40-70	69.037	69.963	216	27	SOURCE_INSDEL	0.9815	0	0	default/Part	?SetMesh@RndParticleSys@@QAAXPAVRndMesh@@@Z
40-70	69.018	70.772	228	30	SOURCE_INSDEL	0.8485	1	0	default/JoypadController	?ReconcileFretState@JoypadController@@QAAXXZ
40-70	68.968	70.500	248	37	SOURCE_CALLCOUNT	0.7671	0	3	default/Loader	?PollUntilLoaded@LoadMgr@@QAAXPAVLoader@@0@Z
40-70	68.934	70.379	1024	164	SOURCE_CALLCOUNT	0.8707	15	1	default/RockCentral	?OnMsg@RockCentral@@QAA?AVDataNode@@ABVServerStatusChangedMsg@@@Z
40-70	68.927	69.865	384	51	SOURCE_INSDEL	0.75	3	8	default/TrackDir	?SetupKeyShifting@TrackDir@@QAAXPAVRndDir@@@Z
40-70	68.884	69.842	584	75	CODEGEN_ORDERING	1.0	0	1	default/RockCentral	?GetSongFullOffer@RockCentral@@QAAXHAAVDataResultList@@PAVObject@Hmx@@@Z
40-70	68.783	73.783	332	73	SOURCE_INSDEL	0.8636	8	0	default/BoxMap	?ApplyLight@BoxMapLighting@@ABAXABV?$BoxLightArray@ULightParams_Point@BoxMapLighting@@$0DC@@@ABVVector3@@@Z
40-70	68.718	69.103	156	14	SOURCE_INSDEL	0.9	0	0	default/MemTracker	??$__unguarded_linear_insert@PAUMemDiffEntry@@U1@U?$less@UMemDiffEntry@@@stlpmtx_std@@@stlpmtx_std@@YAXPAUMemDiffEntry@@U1@U?$less@UMemDiffEntry@@@0@@Z
40-70	68.679	70.284	872	151	SOURCE_CALLCOUNT	0.7838	18	7	default/UIList	?PostLoad@UIList@@UAAXAAVBinStream@@@Z
40-70	68.578	70.330	1176	181	SOURCE_INSDEL	0.8328	30	0	default/system/rndobj/Utl	?TessellateMesh@@YAXPAVRndMesh@@@Z
40-70	68.538	69.115	208	24	SOURCE_INSDEL	0.7692	0	2	default/Font3d	??A?$map@GPAUCharInfo@RndFont3d@@U?$less@G@stlpmtx_std@@V?$StlNodeAlloc@U?$pair@$$CBGPAUCharInfo@RndFont3d@@@stlpmtx_std@@@4@@stlpmtx_std@@QAAAAPAUCharInfo@RndFont3d@@ABG@Z
40-70	68.476	70.259	740	122	SOURCE_INSDEL	0.8867	16	17	default/DOFProc_NG	?SetVHBlurWeights@@YAX_NHH@Z
40-70	68.404	70.856	1672	281	SOURCE_INSDEL	0.8307	52	0	default/AmbientOcclusion	?SmoothResults@RndAmbientOcclusion@@IBAXPAVRndMesh@@@Z
40-70	68.368	68.368	76	7	SOURCE_INSDEL	0.76	0	0	default/UI	?NewObject@UIPanel@@SAPAVObject@Hmx@@XZ
40-70	68.294	69.981	1292	188	SOURCE_CALLCOUNT	0.7377	0	1	default/MusicLibrary	?Text@MusicLibrary@@UBAXHHPAVUIListLabel@@PAVUILabel@@@Z
40-70	68.283	68.992	508	79	SOURCE_CALLCOUNT	0.6962	14	1	default/TrackWatcherImpl	?Load@RndParticleSysAnim@@UAAXAAVBinStream@@@Z
40-70	68.218	68.923	312	36	SOURCE_CALLCOUNT	0.8571	2	1	default/HDCache	?WriteDone@HDCache@@QAA_NXZ
40-70	68.011	69.079	712	91	SOURCE_CALLCOUNT	0.691	3	1	default/MicInputArrow	?Handle@MicInputArrow@@UAA?AVDataNode@@PAVDataArray@@_N@Z
40-70	67.989	68.147	380	39	SOURCE_INSDEL	0.7423	1	2	default/GemTrackDir	?SetPitch@GemTrackDir@@QAAXM@Z
40-70	67.708	68.229	192	26	SOURCE_CALLCOUNT	0.8077	3	1	default/PracticePanel	?Exit@PracticePanel@@UAAXXZ
40-70	67.630	68.309	324	35	SOURCE_CALLCOUNT	0.8764	1	0	default/AsyncFile_Win	?_OpenAsync@AsyncFileWin@@MAAXXZ
40-70	67.500	67.500	64	6	SOURCE_CALLCOUNT	0.6842	0	0	default/SampleData	??0SampleMarker@@QAA@XZ
40-70	67.365	68.445	1240	159	SOURCE_CALLCOUNT	0.8338	1	0	default/system/bandobj/BandTrack	?DisablePlayer@BandTrack@@UAAXH@Z
40-70	67.333	69.542	480	98	SOURCE_CALLCOUNT	0.6026	0	1	default/ProfileMgr	?LoadGlobalOptions@ProfileMgr@@QAAXAAVFixedSizeSaveableStream@@@Z
40-70	67.114	68.023	176	25	SOURCE_CALLCOUNT	0.6441	0	1	default/system/ui/UIProxy	?PostLoad@UIProxy@@UAAXAAVBinStream@@@Z
40-70	66.972	69.977	872	175	SOURCE_CALLCOUNT	0.8607	2	1	default/StandardStream	?InitInfo@StandardStream@@QAAXHH_NH@Z
40-70	66.876	69.964	1684	331	SOURCE_CALLCOUNT	0.9022	34	3	default/CharEyes	?NextLook@CharEyes@@IAAXXZ
40-70	66.825	66.922	412	42	SOURCE_CALLCOUNT	0.763	0	0	default/Rnd_Xbox	?PreInit@DxRnd@@QAAXPAUHWND__@@@Z
40-70	66.818	67.273	44	5	SOURCE_INSDEL	0.75	0	0	default/band3/game/Player	?InRollback@Player@@QBA_NXZ
40-70	66.728	71.043	1692	371	SOURCE_INSDEL	0.9024	35	34	default/Spotlight	?BuildNGCone@Spotlight@@IAAXAAUBeamDef@1@H@Z
40-70	66.699	68.069	292	43	SOURCE_CALLCOUNT	0.7826	7	1	default/CustomizePanel	??0CustomizePanel@@QAA@XZ
40-70	66.667	66.667	12	1	SOURCE_INSDEL	0.75	0	0	default/TrackPanelDirBase	?SetName@ObjectDir@@$4PPPPPPPM@CBE@AAXPBDPAV1@@Z
40-70	66.667	66.667	12	1	SOURCE_INSDEL	0.75	0	0	default/BandCharacter	??_EBandCharDescTest@@$4PPPPPPPM@CDI@AAPAXI@Z
40-70	66.667	66.667	12	1	SOURCE_INSDEL	0.75	0	0	default/Gen	?Replace@RndTransformable@@$4PPPPPPPM@IM@AAXPAVObjRef@@PAVObject@Hmx@@@Z
40-70	66.667	66.667	12	1	SOURCE_INSDEL	0.75	0	0	default/LightHue	?Print@RndTransformable@@$4PPPPPPPM@IM@AAXXZ
40-70	66.667	66.667	12	1	SOURCE_INSDEL	0.75	0	0	default/LightHue	?Replace@RndTransformable@@$4PPPPPPPM@IM@AAXPAVObjRef@@PAVObject@Hmx@@@Z
40-70	66.667	66.667	12	1	SOURCE_INSDEL	0.75	0	0	default/Waypoint	?ClassName@RndTransformable@@$4PPPPPPPM@M@BA?AVSymbol@@XZ
40-70	66.667	66.667	12	1	SOURCE_INSDEL	0.75	0	0	default/CharServoBone	??_ECharServoBone@@$4PPPPPPPM@KM@AAPAXI@Z
40-70	66.605	67.419	172	21	SOURCE_CALLCOUNT	0.9556	1	0	default/MeshAnim	??1RndMultiMesh@@UAA@XZ
40-70	66.490	68.843	204	39	SOURCE_INSDEL	0.9608	4	3	default/Rnd_Xbox	?SavePreBuffer@DxRnd@@AAAXXZ
40-70	66.410	67.838	420	66	SOURCE_INSDEL	0.7265	0	1	default/MapFile_Xbox	?GetFunction@XboxMapFile@@QAAPBDI_N@Z
40-70	66.342	67.789	152	23	SOURCE_CALLCOUNT	0.8444	0	1	default/BandSongMgr	?AddSongData@BandSongMgr@@UAAXPAVDataArray@@PAVDataLoader@@W4ContentLocT@@@Z
40-70	66.320	68.360	1324	229	SOURCE_INSDEL	0.803	8	39	default/SpotlightDrawer_NG	?RenderConeDefs@NgSpotlightDrawer@@IAAXPAVSpotlight@@ABVColor@Hmx@@@Z
40-70	66.277	66.862	376	51	SOURCE_CALLCOUNT	0.8174	8	1	default/network/net/NetSession	?RemoveLocalUser@NetSession@@QAAXPAVLocalUser@@@Z
40-70	66.230	68.776	660	112	SOURCE_INSDEL	0.8242	0	4	default/SoftParticleBuffer	?BlurSurface@RndSoftParticleBuffer@@AAAXXZ
40-70	65.987	66.247	616	71	SOURCE_INSDEL	0.7136	1	1	default/TourDescPanel	?Mat@TourDescProvider@@UBAPAVRndMat@@HHPAVUIListMesh@@@Z
40-70	65.867	66.533	120	16	FOREIGN_FPCLASS	0.7647	0	3	default/VocalTrack	?OnPhraseComplete@VocalTrack@@QAAXMMH@Z
40-70	65.789	66.316	76	10	SOURCE_CALLCOUNT	0.52	0	0	default/MusicLibrary	??_GSetUserDifficultyMsg@@UAAPAXI@Z
40-70	65.789	66.316	76	10	SOURCE_CALLCOUNT	0.52	0	0	default/band3/game/Game	??_GPlayerStatsMsg@@UAAPAXI@Z
40-70	65.748	68.060	1064	195	SOURCE_CALLCOUNT	0.7609	6	4	default/Tail	?UpdateVerts@Tail@@QAAXM_N@Z
40-70	65.583	66.104	192	21	SOURCE_INSDEL	0.8727	2	0	default/band3/meta_band/TokenRedemptionPanel	?Unload@TokenRedemptionPanel@@UAAXXZ
40-70	65.241	66.793	116	17	SOURCE_INSDEL	0.8056	3	0	default/VocalPart	?IsEmptyPhrase@VocalPart@@QBA_NABQBVVocalPhrase@@@Z
40-70	65.211	65.605	152	20	SOURCE_CALLCOUNT	0.6889	0	1	default/GemTrackDir	?SetPlayerLocal@GemTrackDir@@UAAXM@Z
40-70	65.144	66.761	1224	181	SOURCE_CALLCOUNT	0.8421	20	6	default/Trans	?ApplyDynamicConstraint@RndTransformable@@AAAXXZ
40-70	65.089	66.700	360	55	SOURCE_INSDEL	0.8252	0	0	default/UIList	?Copy@UIList@@UAAXPBVObject@Hmx@@W4CopyType@23@@Z
40-70	65.000	66.667	24	3	SOURCE_INSDEL	0.7143	0	0	default/RockCentral	??1DeleteUserCompleteMsg@@UAA@XZ
40-70	65.000	65.333	60	7	SOURCE_CALLCOUNT	0.5789	0	0	default/Console	??6@YAAAVTextStream@@AAV0@ABUInstance@RndMultiMesh@@@Z
40-70	64.865	64.865	148	13	SOURCE_INSDEL	0.74	0	0	default/CameraManager	?StartShot_@CameraManager@@AAAXPAVCamShot@@@Z
40-70	64.683	65.415	328	42	SOURCE_INSDEL	0.9186	1	0	default/XLSPConnection	?SetState@XLSPConnection@@AAAXW4State@1@@Z
40-70	64.608	65.974	776	124	SOURCE_CALLCOUNT	0.8309	17	0	default/CharIKFingers	??0CharIKFingers@@IAA@XZ
40-70	64.600	66.400	100	16	SOURCE_CALLCOUNT	0.5625	0	0	default/CharBoneDir	?insert@?$list@PAVRndTransformable@@V?$StlNodeAlloc@PAVRndTransformable@@@stlpmtx_std@@@stlpmtx_std@@QAA?AU?$_List_iterator@PAVRndTransformable@@U?$_Nonconst_traits@PAVRndTransformable@@@stlpmtx_std@@@2@U32@ABQAVRndTransformable@@@Z
40-70	64.414	67.293	764	146	SOURCE_CALLCOUNT	0.8636	3	30	default/Lit	?Projection@RndLight@@QAA?AVTransform@@XZ
40-70	64.347	65.806	288	48	SOURCE_INSDEL	0.8519	0	0	default/band3/meta_band/SessionMgr	?AreInvitesAllowed@SessionMgr@@UBA_NXZ
40-70	64.306	65.835	1020	159	SOURCE_CALLCOUNT	0.8419	4	27	default/PatchDir	?Draw@PatchLayer@@QAAXXZ
40-70	64.271	64.859	340	40	SOURCE_INSDEL	0.8095	1	0	default/Character	?SyncObjects@Character@@UAAXXZ
40-70	63.881	64.595	168	22	SOURCE_CALLCOUNT	0.7547	1	0	default/StorePanel	?Enter@StorePanel@@UAAXXZ
40-70	63.833	65.000	240	33	SOURCE_CALLCOUNT	0.7407	0	0	default/band3/meta_band/PassiveMessenger	??0PassiveMessenger@@QAA@XZ
40-70	63.727	64.727	220	30	SOURCE_CALLCOUNT	0.7077	0	0	default/DataNode	??A?$map@VSymbol@@VDataNode@@U?$less@VSymbol@@@stlpmtx_std@@V?$StlNodeAlloc@U?$pair@$$CBVSymbol@@VDataNode@@@stlpmtx_std@@@4@@stlpmtx_std@@QAAAAVDataNode@@ABVSymbol@@@Z
40-70	63.600	64.000	100	11	SOURCE_CALLCOUNT	0.7812	0	0	default/RockCentral	?OfferType@StoreOffer@@QBA?AVSymbol@@XZ
40-70	63.333	64.500	120	19	SOURCE_INSDEL	0.875	5	0	default/OutfitConfig	??0?$ObjPtr@VRndMat@@@@QAA@ABV0@@Z
40-70	63.294	64.618	272	37	SOURCE_CALLCOUNT	0.7647	1	0	default/Object	??1Object@Hmx@@UAA@XZ
40-70	62.915	64.191	188	30	SOURCE_CALLCOUNT	0.8571	3	0	default/EventTrigger	??0Anim@EventTrigger@@QAA@PAVObject@Hmx@@@Z
40-70	62.773	65.273	176	37	SOURCE_INSDEL	0.5714	1	0	default/PropKeys	?KeyLessEq@?$Keys@VColor@Hmx@@V12@@@QBAHM@Z
40-70	62.764	64.582	220	42	SOURCE_CALLCOUNT	0.6667	0	1	default/EnvAnim	?Load@RndEnvAnim@@UAAXAAVBinStream@@@Z
40-70	62.727	63.182	44	5	SOURCE_INSDEL	0.8333	0	0	default/BandSwatch	?SlotColorOverride@BandSwatch@@UBAPAVUIColor@@HHPAVUIListWidget@@PAV2@@Z
40-70	62.723	63.272	692	88	SOURCE_CALLCOUNT	0.8427	7	0	default/StorePanel	?EnumerateOffers@StorePanel@@MAAX_N@Z
40-70	62.226	64.806	124	27	SOURCE_CALLCOUNT	0.8611	1	1	default/HamCamTransform	??6@YAAAVBinStream@@AAV0@ABUDynamicPropertyEntry@Flow@@@Z
40-70	62.155	63.448	232	39	SOURCE_CALLCOUNT	0.597	0	0	default/MemTrack	?MemTrackReport@@YAXH_N@Z
40-70	62.059	62.353	68	9	FOREIGN_FPCLASS	0.4783	0	0	default/band3/game/Stats	?FindFrameWithLeadIn@@YAMXZ
40-70	62.033	63.344	244	42	SOURCE_CALLCOUNT	0.6667	1	1	default/Spotlight	?Load@ColorPalette@@UAAXAAVBinStream@@@Z
40-70	61.964	62.143	112	12	SOURCE_INSDEL	0.6429	0	0	default/StorePanel	?IsLoaded@StorePanel@@UBA_NXZ
40-70	61.875	62.500	64	7	SOURCE_CALLCOUNT	0.6842	0	0	default/UploadErrorMgr	??0?$pair@$$CBVSymbol@@VSongRecord@@@stlpmtx_std@@QAA@ABU01@@Z
40-70	61.864	65.273	88	20	SOURCE_CALLCOUNT	0.7	1	1	default/SpotlightDrawer	?DrawAdditional@SpotlightDrawer@@MAAXPAVSpotlightEntry@1@ABQAV21@@Z
40-70	61.854	62.062	192	21	SOURCE_CALLCOUNT	0.7843	0	0	default/NetGameMsgs	?Dispatch@TourMostStarsMsg@@UAAXXZ
40-70	61.818	61.818	132	13	SOURCE_CALLCOUNT	0.6364	0	0	default/band3/meta_band/SaveLoadManager	?Start@SaveLoadManager@@IAAXXZ
40-70	61.786	62.143	112	12	SOURCE_CALLCOUNT	0.6923	0	0	default/FileMerger	?Filter@FileMerger@@MAA?AW4Action@MergeFilter@@PAVObject@Hmx@@0PAVObjectDir@@@Z
40-70	61.726	67.774	248	63	SOURCE_INSDEL	0.9032	18	0	default/mtx	?Multiply@@YAXABVTransform@@0AAV1@@Z
40-70	61.590	62.929	2420	488	SOURCE_CALLCOUNT	0.8217	96	0	default/RockCentral	?RecordOptionData@RockCentral@@QAAXXZ
40-70	61.530	63.119	604	99	SOURCE_CALLCOUNT	0.6429	6	1	default/BandDirector	?EnterVenue@BandDirector@@QAAXXZ
40-70	61.500	62.500	120	19	SOURCE_INSDEL	0.8182	5	0	default/Waypoint	??0?$ObjPtr@VSeqInst@@@@QAA@ABV0@@Z
40-70	61.234	61.234	188	21	SOURCE_CALLCOUNT	0.6481	0	1	default/UIPicture	?UpdateTexture@UIPicture@@IAAXABVFilePath@@@Z
40-70	61.222	62.750	144	20	SOURCE_CALLCOUNT	0.5952	1	0	default/UIListArrow	??0UIListArrow@@IAA@XZ
40-70	61.167	65.722	360	83	SOURCE_INSDEL	0.8646	14	0	default/BoxMap	?ApplyLight@BoxMapLighting@@ABAXABV?$BoxLightArray@ULightParams_Spot@BoxMapLighting@@$0DC@@@ABVVector3@@@Z
40-70	61.125	61.542	96	14	SOURCE_CALLCOUNT	0.5714	0	1	default/band3/meta_band/BandStorePanel	?MakeNewOffer@BandStorePanel@@UAAPAVStoreOffer@@PBVStorePackedOfferBase@@_N@Z
40-70	60.633	62.508	480	84	SOURCE_INSDEL	0.7956	6	2	default/system/bandobj/BandHeadShaper	?AddFrame@BandHeadShaper@@QAAXPBDHM@Z
40-70	60.511	61.289	180	28	SOURCE_INSDEL	0.6792	0	1	default/MemHeap	?PrintAlloc@?A0xb5f23974@@YAXAAVTextStream@@PAHHHPBVAllocInfo@@@Z
40-70	60.483	61.862	116	17	SOURCE_INSDEL	0.6765	0	0	default/TexMovie	?Replace@TexMovie@@UAAXPAVObjRef@@PAVObject@Hmx@@@Z
40-70	60.361	61.472	144	24	SOURCE_CALLCOUNT	0.6522	0	1	default/File_Win	?FileQualifiedFilename@@YAXPADHPBD@Z
40-70	60.033	62.200	360	68	SOURCE_CALLCOUNT	0.6222	1	1	default/OutfitConfig	?PropSync@@YA_NAAVMeshAO@OutfitConfig@@AAVDataNode@@PAVDataArray@@HW4PropOp@@@Z
40-70	60.000	60.000	12	2	MIXED	0.2	0	0	default/RockCentral	??0?$reverse_iterator@PAPAVLocalSavedSetlist@@@stlpmtx_std@@QAA@ABV01@@Z
40-70	60.000	60.000	12	2	MIXED	0.2	0	0	default/RockCentral	??0?$reverse_iterator@PAD@stlpmtx_std@@QAA@ABV01@@Z
40-70	60.000	60.000	12	2	MIXED	0.2	0	0	default/Debug	??__EgNotifies@@YAXXZ
40-70	60.000	60.000	12	2	MIXED	0.2	0	0	default/SongInfoCopy	?_M_throw_length_error@?$_String_base@DV?$allocator@D@stlpmtx_std@@@stlpmtx_std@@IBAXXZ
40-70	60.000	61.167	120	20	SOURCE_INSDEL	0.5758	2	1	default/WavMgr	?Get@?$ResMgr@X@@QAAPAXVCRC@Hmx@@@Z
40-70	59.967	63.550	240	58	SOURCE_CALLCOUNT	0.7468	0	1	default/system/rndobj/CubeTex	?PostLoad@RndCubeTex@@UAAXAAVBinStream@@@Z
40-70	59.966	61.492	472	79	CODEGEN_ORDERING	1.0	2	0	default/band3/tour/GigFilter	?Init@GigFilter@@QAAXPBVDataArray@@@Z
40-70	59.935	60.370	184	26	SOURCE_CALLCOUNT	0.5667	1	1	default/ScreenMask	?Load@RndScreenMask@@UAAXAAVBinStream@@@Z
40-70	59.934	61.820	244	44	SOURCE_CALLCOUNT	0.75	5	1	default/CharacterCreatorPanel	??0CharacterCreatorPanel@@QAA@XZ
40-70	59.873	60.443	316	43	SOURCE_CALLCOUNT	0.7033	1	0	default/UI	?Terminate@UIManager@@UAAXXZ
40-70	59.814	61.786	1440	278	SOURCE_CALLCOUNT	0.7475	2	3	default/Character	?PostLoad@Character@@UAAXAAVBinStream@@@Z
40-70	59.700	59.950	80	10	SOURCE_CALLCOUNT	0.7143	1	0	default/band3/game/RGTrainerPanel	?Poll@RGTrainerPanel@@UAAXXZ
40-70	59.603	61.882	272	50	SOURCE_INSDEL	0.8611	1	1	default/DuplicatedObject	?ValidState@DuplicatedObject@Quazal@@QAAP8StateMachine@2@AAP832@AAXABVQEvent@32@@Z0@Z0@Z
40-70	59.526	59.851	616	83	SOURCE_CALLCOUNT	0.6383	0	1	default/StreakMeter	?PreLoad@StreakMeter@@UAAXAAVBinStream@@@Z
40-70	59.433	59.933	120	15	SOURCE_INSDEL	0.6842	1	0	default/CharLipSync	?push_back@?$vector@VBurst@RndParticleSys@@V?$StlNodeAlloc@VBurst@RndParticleSys@@@stlpmtx_std@@@stlpmtx_std@@QAAXABVBurst@RndParticleSys@@@Z
40-70	59.156	59.312	256	30	SOURCE_CALLCOUNT	0.7111	0	4	default/FreestylePanel	?HandleSolo@FreestylePanel@@QAAXXZ
40-70	59.074	60.648	216	41	SOURCE_CALLCOUNT	0.6667	0	1	default/Instance	?PostLoad@WorldInstance@@UAAXAAVBinStream@@@Z
40-70	58.991	60.477	444	67	SOURCE_CALLCOUNT	0.6216	7	0	default/BandSongMgr	?SongAudioData@BandSongMgr@@UBAPAVSongInfo@@H@Z
40-70	58.953	61.163	172	38	SOURCE_INSDEL	0.8431	6	1	default/ArkFile	??0ArkFile@@QAA@PBDH@Z
40-70	58.609	59.913	92	15	SOURCE_CALLCOUNT	0.5862	0	1	default/Rnd_NG	??$MakeString@HH@@YAPBDPBDHH@Z
40-70	58.364	59.273	132	22	SOURCE_CALLCOUNT	0.5714	3	0	default/LabelShrinkWrapper	?SetObjConcrete@?$ObjRefConcrete@VUILabel@@VObjectDir@@@@QAAXPAVUILabel@@@Z
40-70	58.364	59.955	88	16	SOURCE_CALLCOUNT	0.5	0	0	default/CharDriverMidi	??_GCharDriverMidi@@UAAPAXI@Z
40-70	58.105	60.211	228	49	SOURCE_CALLCOUNT	0.6575	0	2	default/LightHue	?Load@WorldReflection@@UAAXAAVBinStream@@@Z
40-70	57.982	61.096	2492	526	SOURCE_CALLCOUNT	0.8264	102	1	default/Part	?InitParticle@RndParticleSys@@IAAXMPAVRndParticle@@PBVTransform@@AAVPartOverride@@@Z
40-70	57.898	58.685	432	62	SOURCE_CALLCOUNT	0.6937	2	0	default/PracticePanel	?Enter@PracticePanel@@UAAXXZ
40-70	57.533	58.533	60	11	SOURCE_CALLCOUNT	0.55	0	1	default/RockCentral	??0RBDataClient@Quazal@@QAA@XZ
40-70	57.286	57.898	196	27	SOURCE_INSDEL	0.8077	2	0	default/CameraShot	?EndAnim@CamShot@@UAAXXZ
40-70	56.868	57.789	152	28	SOURCE_CALLCOUNT	0.5952	0	1	default/CameraShot	??0CamShotCrowd@@QAA@PAVObject@Hmx@@@Z
40-70	56.711	57.711	180	28	SOURCE_CALLCOUNT	0.898	0	1	default/InlineHelp	?Update@InlineHelp@@MAAXXZ
40-70	56.708	59.000	96	21	SOURCE_INSDEL	0.5714	0	1	default/SongCollision	??$__uninitialized_fill_n@PAUSongCollisionOutput@@IU1@@stlpmtx_std@@YAPAUSongCollisionOutput@@PAU1@IABU1@ABU__false_type@0@@Z
40-70	56.667	57.143	84	11	SOURCE_INSDEL	0.7	0	0	default/Morph	?EndFrame@RndMorph@@UAAMXZ
40-70	56.528	56.811	212	29	SOURCE_CALLCOUNT	0.65	0	1	default/Group	?Save@RndGroup@@UAAXAAVBinStream@@@Z
40-70	56.429	56.825	252	32	SOURCE_CALLCOUNT	0.8356	0	0	default/JoypadMsgs	?ClientConnect@NetStream@@QAAXABVNetAddress@@@Z
40-70	56.378	58.584	952	192	SOURCE_CALLCOUNT	0.8007	27	6	default/system/rndobj/Utl	?MakeTangentsLate@@YAXPAVRndMesh@@@Z
40-70	56.182	56.586	792	102	SOURCE_CALLCOUNT	0.7021	2	1	default/UI	?Poll@UIManager@@UAAXXZ
40-70	56.115	56.692	104	15	SOURCE_CALLCOUNT	0.5758	0	0	default/BaseMaterial	?SetObjConcrete@?$ObjRefConcrete@VBaseMaterial@@VObjectDir@@@@QAAXPAVBaseMaterial@@@Z
40-70	56.010	58.039	828	162	SOURCE_CALLCOUNT	0.6667	2	1	default/BandWardrobe	?FindBestScoringHint@BandWardrobe@@QAAHPAVSymbol@@PAVSlotInfo@1@AAH@Z
40-70	55.956	59.375	544	127	SOURCE_INSDEL	0.9118	43	3	default/AmbientOcclusion	?BlendVert@RndAmbientOcclusion@@SAXABVVert@RndMesh@@0AAV23@@Z
40-70	55.698	61.986	5856	1509	SOURCE_INSDEL	0.9611	198	0	default/SHA1	?Transform@CSHA1@@AAAXPAIPBE@Z
40-70	55.627	55.867	332	42	SOURCE_INSDEL	0.8837	3	0	default/BandSongMgr	?AllowContentToBeAdded@BandSongMgr@@UAA_NPAVDataArray@@W4ContentLocT@@@Z
40-70	55.625	56.477	352	53	SOURCE_INSDEL	0.8387	0	0	default/MemTracker	??$__median@UMemDiffEntry@@U?$less@UMemDiffEntry@@@stlpmtx_std@@@stlpmtx_std@@YAABUMemDiffEntry@@ABU1@00U?$less@UMemDiffEntry@@@0@@Z
40-70	55.556	55.556	36	6	SOURCE_INSDEL	0.2143	0	0	default/StringTable	??__ETheLocale@@YAXXZ
40-70	55.494	55.556	324	37	SOURCE_CALLCOUNT	0.6923	0	0	default/UILabel	?PostLoad@UILabel@@UAAXAAVBinStream@@@Z
40-70	55.147	57.930	1200	244	SOURCE_INSDEL	0.8734	0	7	default/FFT	?fft_matrix_forward_columnwise@@YAHPAMJ0@Z
40-70	55.103	56.483	116	18	SOURCE_CALLCOUNT	0.697	2	0	default/UIList	?Update@UIList@@EAAXXZ
40-70	54.750	54.750	16	4	SOURCE_ARGVAL	0.1429	1	0	default/RhythmDetector	??_ERhythmDetector@@$4PPPPPPPM@MBM@AAPAXI@Z
40-70	54.597	56.109	516	88	SOURCE_CALLCOUNT	0.7584	2	0	default/VocalTrack	?GetNextLyricPlate@VocalTrack@@QAAPAVLyricPlate@@AAV?$deque@PAVLyricPlate@@V?$StlNodeAlloc@PAVLyricPlate@@@stlpmtx_std@@@stlpmtx_std@@_N@Z
40-70	54.490	55.225	408	60	SOURCE_INSDEL	0.8611	1	0	default/Game	?LoadSong@Game@@QAAXXZ
40-70	54.458	55.708	96	16	SOURCE_CALLCOUNT	0.6	3	0	default/MidiInstrument	?clear@?$ObjPtrList@VTask@@VObjectDir@@@@QAAXXZ
40-70	53.958	55.417	96	16	SOURCE_INSDEL	0.5172	0	0	default/Synapse_dsp	??$_Destroy_Range@PAVPitchCorrectedVoice@Synapse@DSP@@@stlpmtx_std@@YAXPAVPitchCorrectedVoice@Synapse@DSP@@0@Z
40-70	53.929	56.548	168	38	SOURCE_INSDEL	0.7885	2	1	default/ClipDistMap	??$__partial_sort@PAUNode@ClipDistMap@@U12@UDistMapNodeSort@@@stlpmtx_std@@YAXPAUNode@ClipDistMap@@000UDistMapNodeSort@@@Z
40-70	53.812	56.156	128	27	SOURCE_CALLCOUNT	0.7222	1	1	default/system/synth_xbox/Synth	?push_back@?$vector@UXAUDIO2_SEND_DESCRIPTOR@@V?$StlNodeAlloc@UXAUDIO2_SEND_DESCRIPTOR@@@stlpmtx_std@@@stlpmtx_std@@QAAXABUXAUDIO2_SEND_DESCRIPTOR@@@Z
40-70	53.740	55.290	400	77	SOURCE_CALLCOUNT	0.6899	5	1	default/BandSongMgr	?ReadCachedMetadataFromStream@BandSongMgr@@UAAXAAVBinStream@@H@Z
40-70	53.542	55.771	332	66	SOURCE_CALLCOUNT	0.6145	1	1	default/BandDirector	?GetModeInst@BandDirector@@QAA?AVSymbol@@V2@@Z
40-70	53.305	53.898	236	33	SOURCE_CALLCOUNT	0.7284	0	0	default/BandSongMetadata	?HasPart@BandSongMetadata@@UBA_NVSymbol@@_N@Z
40-70	53.000	53.500	40	6	SOURCE_INSDEL	0.6667	0	0	default/MasterAudio	?Fail@MasterAudio@@QAA_NXZ
40-70	52.771	53.917	192	37	SOURCE_CALLCOUNT	0.5882	0	1	default/CharBoneDir	?PostLoad@CharBoneDir@@UAAXAAVBinStream@@@Z
40-70	51.960	51.960	100	13	SOURCE_CALLCOUNT	0.6757	1	0	default/Symbol	?PreInit@Symbol@@SAXHH@Z
40-70	51.803	52.131	244	32	SOURCE_CALLCOUNT	0.6484	1	0	default/MainHubPanel	?Poll@MainHubPanel@@UAAXXZ
40-70	51.371	52.443	280	63	SOURCE_CALLCOUNT	0.506	5	1	default/ChecksumAlgorithm	?DeriveKey@ChecksumAlgorithm@Quazal@@QAA?AVKey@2@ABVBuffer@2@I@Z
40-70	51.027	52.291	728	145	SOURCE_CALLCOUNT	0.6793	20	4	default/system/rnddx9/ShaderMgr	?Compile@DxShader@@MAA_NW4ShaderType@@ABUShaderOptions@@AAPAVRndShaderBuffer@@2@Z
40-70	50.645	51.237	304	45	SOURCE_CALLCOUNT	0.5132	3	2	default/ChordbookPanel	?Enter@ChordbookPanel@@UAAXXZ
40-70	50.583	51.625	96	17	SOURCE_CALLCOUNT	0.6333	1	0	default/UIList	??$_M_allocate_and_copy@PBVFlowMathOp@@@?$vector@VFlowMathOp@@V?$StlNodeAlloc@VFlowMathOp@@@stlpmtx_std@@@stlpmtx_std@@IAAPAVFlowMathOp@@IPBV2@0@Z
40-70	50.543	50.761	184	26	SOURCE_INSDEL	0.6562	0	0	default/system/bandobj/BandTrack	?RefreshOverdrive@BandTrack@@UAAXM_N@Z
40-70	50.441	51.516	372	65	SOURCE_INSDEL	0.7379	2	1	default/BandWardrobe	?ValidGenreGender@BandWardrobe@@QAA_NPAVCamShot@@@Z
40-70	50.065	54.272	1236	312	SOURCE_CALLCOUNT	0.7012	45	29	default/Lit_NG	?SphereConeTest@NgLight@@IAA_NABVVector3@@M@Z
40-70	49.931	56.123	520	134	SOURCE_INSDEL	0.8538	4	3	default/BoxMap	?ApplyQueuedLights@BoxMapLighting@@QBAXPIAVColor@Hmx@@PBVVector3@@@Z
40-70	49.399	50.380	652	117	SOURCE_CALLCOUNT	0.6506	1	3	default/Rnd_Xbox	?FinishPostProcess@DxRnd@@AAAXXZ
40-70	49.375	50.000	64	11	SOURCE_CALLCOUNT	0.375	0	0	default/StringTable	??__FTheLocale@@YAXXZ
40-70	48.979	51.426	188	46	SOURCE_CALLCOUNT	0.6866	0	1	default/MemMgr	?MemFree@@YAXPAX@Z
40-70	48.750	50.000	16	3	SOURCE_INSDEL	0.5	0	0	default/HamScrollSpeedIndicator	?HandleEnter@HamScrollSpeedIndicator@@QAAXXZ
40-70	48.571	48.571	28	6	FOREIGN_FPCLASS	0.0769	0	0	default/ADSR	?Null@Symbol@@QBA_NXZ
40-70	48.494	49.126	348	59	CODEGEN_ORDERING	1.0	3	1	default/CampaignSongInfoPanel	?Refresh@CampaignSongInfoPanel@@QAAXXZ
40-70	48.483	48.828	116	20	SOURCE_CALLCOUNT	0.5946	1	1	default/band3/game/PracticeSectionProvider	??1PracticeSectionProvider@@UAA@XZ
40-70	48.400	49.233	120	23	SOURCE_CALLCOUNT	0.5	0	1	default/TypeProps	?ReplaceObject@TypeProps@@AAAXAAVDataNode@@PAVObject@Hmx@@1@Z
40-70	48.243	48.831	544	95	SOURCE_CALLCOUNT	0.6834	10	1	default/NetworkEmulator	??0NetworkEmulator@@QAA@XZ
40-70	48.200	49.450	160	32	SOURCE_CALLCOUNT	0.4524	0	1	default/band3/game/RGTrainerPanel	?IsSongSectionComplete@RGTrainerPanel@@UAA_NPAVBandProfile@@HW4Difficulty@@H@Z
40-70	47.675	48.425	160	29	SOURCE_CALLCOUNT	0.5	0	1	default/CharClipSet	?SetBpm@CharClipSet@@UAAXH@Z
40-70	47.667	48.424	132	23	SOURCE_CALLCOUNT	0.5455	0	1	default/Group	?ListDrawChildren@RndGroup@@UAAXAAV?$list@PAVRndDrawable@@V?$StlNodeAlloc@PAVRndDrawable@@@stlpmtx_std@@@stlpmtx_std@@@Z
40-70	47.488	48.760	1148	221	SOURCE_CALLCOUNT	0.5436	15	1	default/FileMerger	?NotifyFileLoaded@FileMerger@@IAAPAUMerger@1@PAVLoader@@PAVDirLoader@@@Z
40-70	47.411	49.607	428	96	SOURCE_CALLCOUNT	0.5971	1	1	default/UISlider	?PostLoad@PanelDir@@UAAXAAVBinStream@@@Z
40-70	47.406	47.875	128	23	SOURCE_INSDEL	0.8824	0	1	default/AccomplishmentPanel	?GetAccomplishmentName@AccomplishmentPanel@@QAA?AVSymbol@@XZ
40-70	47.272	48.634	896	175	SOURCE_CALLCOUNT	0.7835	1	4	default/BandCharacter	?PlayMainClip@BandCharacter@@QAAPAVCharClipDriver@@H_N@Z
40-70	47.143	49.286	84	19	SOURCE_CALLCOUNT	0.3462	0	0	default/system/synth_xbox/Synth	??$__uninitialized_copy@PAUXAUDIO2_SEND_DESCRIPTOR@@PAU1@@stlpmtx_std@@YAPAUXAUDIO2_SEND_DESCRIPTOR@@PAU1@00ABU__false_type@0@@Z
40-70	47.059	47.059	136	18	SOURCE_INSDEL	0.4706	0	0	default/MidiReader	?ReadNextEventImpl@MidiReader@@AAAXXZ
40-70	46.667	46.667	12	2	SOURCE_INSDEL	0.25	0	0	default/HamDriver	?Clear@HamDriver@@QAAXXZ
40-70	46.381	46.619	84	13	SOURCE_INSDEL	0.9091	1	0	default/NetCacheMgr	??0NetLoaderRef@@QAA@ABU0@@Z
40-70	46.353	46.794	136	28	SOURCE_CALLCOUNT	0.7	3	1	default/GranularSynth	??1?$vector@VString@@V?$StlNodeAlloc@VString@@@stlpmtx_std@@@stlpmtx_std@@QAA@XZ
40-70	46.115	47.469	384	77	FOREIGN_FPCLASS	0.6552	1	1	default/UIScreen	?Enter@UIScreen@@UAAXPAV1@@Z
40-70	45.475	46.407	236	45	SOURCE_CALLCOUNT	0.7125	0	0	default/Object	?Copy@Object@Hmx@@UAAXPBV12@W4CopyType@12@@Z
40-70	45.282	45.538	156	28	SOURCE_CALLCOUNT	0.6226	1	1	default/band3/meta_band/PassiveMessenger	??1PassiveMessenger@@UAA@XZ
40-70	45.147	46.106	980	210	SOURCE_CALLCOUNT	0.7101	30	1	default/band3/meta_band/BandStorePanel	?Poll@BandStorePanel@@UAAXXZ
40-70	45.000	45.000	48	7	SOURCE_CALLCOUNT	0.5	0	0	default/band3/meta_band/CampaignGoalsLeaderboardPanel	?GetGoalIcon@CampaignGoalsLeaderboardPanel@@QBAPBDXZ
40-70	44.365	45.556	252	54	SOURCE_CALLCOUNT	0.5	0	1	default/UIComponent	?PreLoad@UIComponent@@UAAXAAVBinStream@@@Z
40-70	44.235	44.481	1056	189	SOURCE_CALLCOUNT	0.4697	12	5	default/Env	?Save@RndEnviron@@UAAXAAVBinStream@@@Z
40-70	44.176	45.500	136	28	SOURCE_CALLCOUNT	0.6829	0	1	default/Mesh	?Replace@RndMesh@@UAAXPAVObjRef@@PAVObject@Hmx@@@Z
40-70	44.176	45.500	136	28	SOURCE_CALLCOUNT	0.6829	0	1	default/Lit	?Replace@RndLight@@UAAXPAVObjRef@@PAVObject@Hmx@@@Z
40-70	43.977	50.341	176	49	CODEGEN_ORDERING	1.0	6	0	default/AmbientOcclusion	?DistanceSH@RndAmbientOcclusion@@IBAMABVVector4@@ABVVector3@@01@Z
40-70	43.529	43.529	68	12	SOURCE_CALLCOUNT	0.36	0	0	default/Tour	??$__copy_ptrs@PBHPAH@stlpmtx_std@@YAPAHPBH0PAHABU__true_type@0@@Z
40-70	43.432	45.189	148	31	SOURCE_CALLCOUNT	0.4545	0	1	default/PatchDir	?DrawShowing@PatchDir@@UAAXXZ
40-70	43.000	44.750	80	19	SOURCE_INSDEL	0.6452	1	3	default/MidiInstrument	?Start@NoteVoiceInst@@UAAXXZ
40-70	42.960	43.960	100	19	SOURCE_CALLCOUNT	0.4571	1	0	default/RhythmDetector	??_GFrame@RhythmDetector@@QAAPAXI@Z
40-70	42.438	44.938	128	33	SOURCE_CALLCOUNT	0.6809	0	1	default/DirLoader	?HandleType@Object@Hmx@@QAA?AVDataNode@@PAVDataArray@@@Z
40-70	42.250	42.786	112	18	SOURCE_INSDEL	0.6364	2	0	default/TexLoadPanel	??1TexLoadPanel@@UAA@XZ
40-70	42.200	42.533	60	11	SOURCE_INSDEL	0.5789	0	1	default/AccomplishmentDiscSongConditional	??$_Param_Construct@V?$set@VSymbol@@U?$less@VSymbol@@@stlpmtx_std@@V?$StlNodeAlloc@VSymbol@@@3@@stlpmtx_std@@V12@@stlpmtx_std@@YAXPAV?$set@VSymbol@@U?$less@VSymbol@@@stlpmtx_std@@V?$StlNodeAlloc@VSymbol@@@3@@0@ABV10@@Z
40-70	42.071	42.607	112	22	SOURCE_CALLCOUNT	0.3429	0	2	default/MoveMgr	??_GSpotlightDrawer@@UAAPAXI@Z
40-70	41.710	43.323	372	82	SOURCE_CALLCOUNT	0.6735	4	1	default/MeterDisplay	?Update@MeterDisplay@@MAAXXZ
40-70	41.448	42.655	116	22	SOURCE_INSDEL	0.8621	3	0	default/SpectralAnalysis	??0?$_Vector_base@MV?$XboxAllocator@M@@@stlpmtx_std@@QAA@IABV?$XboxAllocator@M@@@Z
40-70	41.250	42.143	112	20	SOURCE_CALLCOUNT	0.5526	0	0	default/SpotlightDrawer	?Copy@SpotlightDrawer@@UAAXPBVObject@Hmx@@W4CopyType@23@@Z
40-70	40.750	42.000	80	17	FOREIGN_SHAPE	0.2308	0	0	default/system/synth_xbox/Synth	??$__uninitialized_fill_n@PAUXAUDIO2_SEND_DESCRIPTOR@@IU1@@stlpmtx_std@@YAPAUXAUDIO2_SEND_DESCRIPTOR@@PAU1@IABU1@ABU__false_type@0@@Z
40-70	40.636	42.227	88	22	SOURCE_CALLCOUNT	0.4667	2	3	default/OvershellSlot	?clear@?$_List_base@PAVPassiveMessage@@V?$StlNodeAlloc@PAVPassiveMessage@@@stlpmtx_std@@@stlpmtx_std@@QAAXXZ
40-70	40.327	41.143	196	39	SOURCE_INSDEL	0.5085	1	2	default/system/bandobj/DialogDisplay	?Poll@DialogDisplay@@UAAXXZ
40-70	40.000	40.000	4	1	MIXED	0.0	0	0	default/GemTrackResourceManager	??0?$StlNodeAlloc@VSmasherPlateInfo@GemTrackResourceManager@@@stlpmtx_std@@QAA@ABV01@@Z
40-70	40.000	40.000	4	1	MIXED	0.0	0	0	default/Joypad_Xbox	?ReceiveUpstreamAccelerometerResponse@@YAXHPAE@Z
40-70	40.000	40.000	4	1	MIXED	0.0	0	0	default/Joypad_Xbox	?ReceiveUpstreamCalbertResponse@@YAXHPAE@Z
40-70	40.000	40.000	4	1	MIXED	0.0	0	0	default/UIComponent	??$_Destroy_Range@V?$reverse_iterator@PAVUIMesh@UIComponent@@@stlpmtx_std@@@stlpmtx_std@@YAXV?$reverse_iterator@PAVUIMesh@UIComponent@@@0@0@Z
40-70	40.000	40.000	4	1	MIXED	0.0	0	0	default/system/rnddx9/Rnd	??0Vector2@@QAA@XZ
40-70	40.000	40.000	4	1	MIXED	0.0	0	0	default/AllocInfo	?Validate@AllocInfo@@QBAXXZ
40-70	40.000	40.000	12	3	MIXED	0.0	0	0	default/band3/bandtrack/TrackPanel	?GetNumPlayers@TrackPanel@@UBAHXZ
<40	39.674	41.890	1056	259	SOURCE_INSDEL	0.6562	10	1	default/Shader	?CalcShaderOpts@RndShaderFur@@MAA_KPAVNgMat@@W4ShaderType@@_N@Z
<40	39.622	40.400	180	36	SOURCE_CALLCOUNT	0.449	0	1	default/band3/game/RGTrainerPanel	?Enter@RGTrainerPanel@@UAAXXZ
<40	39.450	41.450	80	17	SOURCE_INSDEL	0.5	0	0	default/SongLayout	??$__destroy_range_aux@V?$reverse_iterator@PAVSongPattern@@@stlpmtx_std@@@stlpmtx_std@@YAXV?$reverse_iterator@PAVSongPattern@@@0@0ABU__false_type@0@@Z
<40	39.230	40.295	244	52	SOURCE_CALLCOUNT	0.6322	0	1	default/LabelNumberTicker	?PreLoad@LabelNumberTicker@@UAAXAAVBinStream@@@Z
<40	39.000	39.833	24	5	FOREIGN_SHAPE	0.2857	1	0	default/Font	?clear@?$vector@VDrivenPropertyEntry@@V?$StlNodeAlloc@VDrivenPropertyEntry@@@stlpmtx_std@@@stlpmtx_std@@QAAXXZ
<40	38.968	39.613	124	24	SOURCE_CALLCOUNT	0.6667	0	1	default/Part	?Replace@RndParticleSys@@UAAXPAVObjRef@@PAVObject@Hmx@@@Z
<40	38.724	39.888	464	99	SOURCE_CALLCOUNT	0.703	10	1	default/DirLoader	??0DirLoader@@QAA@ABVFilePath@@W4LoaderPos@@PAVCallback@Loader@@PAVBinStream@@PAVObjectDir@@_N@Z
<40	38.690	40.586	116	31	SOURCE_CALLCOUNT	0.4872	1	1	default/UIList	?PreLoad@UIList@@UAAXAAVBinStream@@@Z
<40	38.647	42.250	272	67	SOURCE_INSDEL	0.8824	3	0	default/Line	?UpdatePointColor@RndLine@@QAAXH_N@Z
<40	38.603	40.551	544	133	SOURCE_CALLCOUNT	0.6497	7	1	default/Shader	?CalcShaderOpts@RndShaderParticles@@MAA_KPAVNgMat@@W4ShaderType@@_N@Z
<40	38.305	39.402	328	67	FOREIGN_FPCLASS	0.3855	1	1	default/SpotlightDrawer	?DrawShadow@SpotlightDrawer@@MAAXXZ
<40	38.272	39.097	412	88	SOURCE_CALLCOUNT	0.3981	3	1	default/Mat	?Handle@RndMat@@UAA?AVDataNode@@PAVDataArray@@_N@Z
<40	38.119	38.791	1012	199	SOURCE_CALLCOUNT	0.3913	11	1	default/Group	?Handle@RndGroup@@UAA?AVDataNode@@PAVDataArray@@_N@Z
<40	38.000	39.500	200	44	SOURCE_CALLCOUNT	0.5294	0	2	default/MidiInstrument	?Load@MidiInstrument@@UAAXAAVBinStream@@@Z
<40	37.464	38.357	112	24	SOURCE_INSDEL	0.625	1	0	default/UISlider	?Copy@UISlider@@UAAXPBVObject@Hmx@@W4CopyType@23@@Z
<40	36.754	37.895	228	45	SOURCE_INSDEL	0.5795	0	0	default/VocalPlayer	?UnpackFloats@VocalPlayer@@QBAXHMMAAV?$vector@MV?$StlNodeAlloc@M@stlpmtx_std@@@stlpmtx_std@@@Z
<40	36.587	38.968	252	65	CODEGEN_ORDERING	1.0	0	1	default/band3/tour/FixedSetlist	?Init@FixedSetlist@@QAAXPBVDataArray@@@Z
<40	36.524	38.056	496	118	FOREIGN_FPCLASS	0.6144	15	0	default/Trans	??0RndTransformable@@IAA@XZ
<40	36.247	37.662	792	172	SOURCE_CALLCOUNT	0.9183	1	0	default/VelocityBuffer	?Draw@RndVelocityBuffer@@QAA_NPAVRndCam@@AAV?$ObjPtrList@VRndDrawable@@VObjectDir@@@@@Z
<40	35.958	37.417	96	25	SOURCE_CALLCOUNT	0.4839	0	1	default/MemMgr	?_MemAllocTemp@@YAPAXHH@Z
<40	35.581	37.194	124	32	SOURCE_INSDEL	0.4091	0	1	default/HAQManager	?PrintComponentInfo@HAQManager@@AAAXPAVUIComponent@@@Z
<40	35.405	37.852	948	229	SOURCE_INSDEL	0.5119	16	22	default/Scheduler	??0Scheduler@Quazal@@QAA@EPAVSchedulerWorkerThread@01@@Z
<40	35.122	36.463	164	39	SOURCE_CALLCOUNT	0.5116	2	1	default/CharLipSync	??$__uninitialized_copy@PAVString@@PAV1@@stlpmtx_std@@YAPAVString@@PAV1@00ABU__false_type@0@@Z
<40	35.000	35.000	16	3	FOREIGN_SHAPE	0.2	0	0	default/ArkFile	?Fail@ArkFile@@UAA_NXZ
<40	34.880	35.880	100	25	SOURCE_CALLCOUNT	0.5143	2	1	default/system/rndobj/Rnd	?CompressThread@@YAKPAX@Z
<40	34.833	37.333	96	26	SOURCE_CALLCOUNT	0.3333	0	2	default/WaveFile	??$_Destroy_Range@PAULabel@?A0x81ddebd1@@@stlpmtx_std@@YAXPAULabel@?A0x81ddebd1@@0@Z
<40	34.600	35.489	180	37	SOURCE_CALLCOUNT	0.3556	0	1	default/system/os/UsbMidiGuitar	??1Queue@@QAA@XZ
<40	34.414	36.310	116	31	SOURCE_CALLCOUNT	0.4595	2	1	default/Rot	??$_M_allocate_and_copy@PBVVector3@@@?$vector@VVector3@@V?$StlNodeAlloc@VVector3@@@stlpmtx_std@@@stlpmtx_std@@IAAPAVVector3@@IPBV2@0@Z
<40	34.394	35.076	264	55	SOURCE_CALLCOUNT	0.6966	1	1	default/Debug	?Fail@Debug@@QAAXPBDPAX@Z
<40	34.139	37.056	144	41	SOURCE_INSDEL	0.6957	0	1	default/PropAnim	?Replace@RndPropAnim@@UAAXPAVObjRef@@PAVObject@Hmx@@@Z
<40	34.032	36.285	1500	384	SOURCE_CALLCOUNT	0.8862	42	0	default/Console	?OnMsg@RndConsole@@AAA_NABVKeyboardKeyMsg@@@Z
<40	33.857	34.393	224	46	SOURCE_CALLCOUNT	0.4127	3	0	default/UI	??1Automator@@UAA@XZ
<40	33.486	34.771	140	32	SOURCE_CALLCOUNT	0.4324	0	1	default/UITransitionHandler	??$?5VTexPtr@RndMatAnim@@@@YAAAVBinStreamRev@@AAV0@AAV?$Key@VTexPtr@RndMatAnim@@@@@Z
<40	33.333	33.333	12	2	STUB_OURS_EMPTY	0.3333	0	0	default/Str	??4String@@QAAAAV0@VSymbol@@@Z
<40	33.333	33.333	36	8	SOURCE_INSDEL	0.0714	0	0	default/band3/meta_band/ViewSetting	?Draw@RndGroup@@QAAXXZ
<40	33.320	34.920	200	50	SOURCE_CALLCOUNT	0.6721	0	1	default/Shader	?CalcShaderOpts@RndShaderDrawRect@@MAA_KPAVNgMat@@W4ShaderType@@_N@Z
<40	33.292	34.125	96	20	SOURCE_CALLCOUNT	0.3793	1	0	default/BandPatchMesh	??0PatchPair@MeshPair@BandPatchMesh@@QAA@PAVObject@Hmx@@@Z
<40	33.248	35.411	564	158	FOREIGN_FPCLASS	0.6952	9	1	default/Anim	?SyncObjects@RndDir@@UAAXXZ
<40	32.802	33.667	1296	335	SOURCE_CALLCOUNT	0.6022	42	1	default/RockCentral	?Handle@RockCentral@@UAA?AVDataNode@@PAVDataArray@@_N@Z
<40	32.768	35.268	2104	497	SOURCE_CALLCOUNT	0.5149	19	29	default/SpotlightDrawer_NG	?SetupXSection@NgSpotlightDrawer@@IAAXPAVSpotlight@@ABUBeamDef@2@@Z
<40	32.704	34.229	1312	311	SOURCE_CALLCOUNT	0.6513	15	1	default/Rnd_Xbox	?InitBuffers@DxRnd@@AAAXXZ
<40	32.333	33.167	24	5	STUB_OURS_EMPTY	0.3333	1	0	default/SongDB	?GetVocalNoteList@SongDB@@QBAPAVVocalNoteList@@H@Z
<40	32.258	32.581	124	26	SOURCE_CALLCOUNT	0.4	0	0	default/Morph	?resize@?$vector@UPose@RndMorph@@V?$StlNodeAlloc@UPose@RndMorph@@@stlpmtx_std@@@stlpmtx_std@@QAAXIABUPose@RndMorph@@@Z
<40	32.107	35.498	1156	331	SOURCE_CALLCOUNT	0.752	38	3	default/PropSync	?PropSync@@YA_NAAVMatrix3@Hmx@@AAVDataNode@@PAVDataArray@@HW4PropOp@@@Z
<40	31.905	33.452	168	40	SOURCE_CALLCOUNT	0.7174	2	0	default/UIComponent	?Copy@UIComponent@@UAAXPBVObject@Hmx@@W4CopyType@23@@Z
<40	31.800	33.133	60	15	SOURCE_CALLCOUNT	0.5789	0	1	default/ContentMgr_Xbox	??$Obj@VCharPollable@@@DataNode@@QBAPAVCharPollable@@PBVDataArray@@@Z
<40	31.442	33.186	172	47	SOURCE_CALLCOUNT	0.6226	1	9	default/DuplicatedObject	?GetInstanceFromVector@InstanceTable@Quazal@@QAAIII@Z
<40	31.333	33.333	60	14	SOURCE_CALLCOUNT	0.5	0	0	default/StorePurchaser	??$_M_allocate_and_copy@PB_K@?$vector@_KV?$StlNodeAlloc@_K@stlpmtx_std@@@stlpmtx_std@@IAAPA_KIPB_K0@Z
<40	30.893	33.571	112	30	SOURCE_INSDEL	0.5909	0	0	default/Spotlight	?SetColor@Spotlight@@IAAXH@Z
<40	30.868	31.526	152	33	FOREIGN_FPCLASS	0.5938	0	1	default/UIListMesh	?Draw@UIListMesh@@UAAXABUUIListWidgetDrawState@@ABVUIListState@@ABVTransform@@W4State@UIComponent@@PAVBox@@W4DrawCommand@@@Z
<40	29.897	31.518	1012	232	FOREIGN_FPCLASS	0.3594	12	1	default/Crowd	?Draw3DChars@WorldCrowd@@IAAXXZ
<40	29.672	31.483	232	59	SOURCE_CALLCOUNT	0.618	0	1	default/SongStatusMgr	?LoadFixed@SongStatusMgr@@UAAXAAVFixedSizeSaveableStream@@H@Z
<40	29.154	29.154	52	11	FOREIGN_FPCLASS	0.3846	0	0	default/FilterQueue	?CancelJob@FilterQueue@@QAAXXZ
<40	28.955	31.764	356	108	SOURCE_CALLCOUNT	0.6667	3	2	default/Tex	?SetBitmap@RndTex@@QAAXPAVFileLoader@@@Z
<40	28.853	32.324	680	166	SOURCE_INSDEL	0.3706	16	7	default/mtx	?Multiply@@YAXABVMatrix3@Hmx@@0AAV12@@Z
<40	28.571	28.571	28	5	STUB_OURS_EMPTY	0.2857	0	0	default/band3/meta_band/ModifierMgr	?IsHidden@UIListProvider@@UBA_NH@Z
<40	28.571	28.571	28	5	STUB_OURS_EMPTY	0.2857	0	0	default/band3/meta_band/ModifierMgr	?IsActive@UIListProvider@@UBA_NH@Z
<40	28.562	30.419	420	108	FOREIGN_SHAPE	0.3448	7	1	default/Campaign	?_M_insert@?$_Rb_tree@VSymbol@@U?$less@VSymbol@@@stlpmtx_std@@U?$pair@$$CBVSymbol@@V1@@3@U?$_Select1st@U?$pair@$$CBVSymbol@@V1@@stlpmtx_std@@@3@U?$_MapTraitsT@U?$pair@$$CBVSymbol@@V1@@stlpmtx_std@@@priv@3@V?$StlNodeAlloc@U?$pair@$$CBVSymbol@@V1@@stlpmtx_std@@@3@@stlpmtx_std@@AAA?AU?$_Rb_tree_iterator@U?$pair@$$CBVSymbol@@V1@@stlpmtx_std@@U?$_MapTraitsT@U?$pair@$$CBVSymbol@@V1@@stlpmtx_std@@@priv@2@@2@PAU_Rb_tree_node_base@2@ABU?$pair@$$CBVSymbol@@V1@@2@00@Z
<40	28.176	29.647	136	34	SOURCE_INSDEL	0.4783	3	1	default/ProfileMgr	?FakeProfileFill@ProfileMgr@@QAAXXZ
<40	26.321	28.286	112	32	SOURCE_CALLCOUNT	0.5366	2	0	default/LabelShrinkWrapper	?Copy@LabelShrinkWrapper@@UAAXPBVObject@Hmx@@W4CopyType@23@@Z
<40	26.156	28.500	128	36	SOURCE_CALLCOUNT	0.4884	0	1	default/system/hamobj/MiniLeaderboardDisplay	?PreLoad@MiniLeaderboardDisplay@@UAAXAAVBinStream@@@Z
<40	26.105	28.079	152	44	SOURCE_CALLCOUNT	0.5085	0	1	default/SpotlightDrawer	?Load@SpotlightDrawer@@UAAXAAVBinStream@@@Z
<40	25.011	26.528	356	87	FOREIGN_VMXCLASS	0.4273	0	0	default/system/dsp/SndAnalysis	?ShiftedDotProduct@@YAXPBMHPAM_N@Z
<40	25.000	26.719	128	35	SOURCE_CALLCOUNT	0.6154	2	1	default/Debug	?DevHostname@@YAPBDVSymbol@@@Z
<40	25.000	25.000	16	3	STUB_OURS_EMPTY	0.25	0	0	default/MatAnim	??1ObjRef@@QAA@XZ
<40	25.000	25.000	16	3	STUB_OURS_EMPTY	0.25	0	0	default/TexLoadPanel	?PostSave@Object@Hmx@@UAAXAAVBinStream@@@Z
<40	24.338	24.597	308	66	FOREIGN_FPCLASS	0.2468	2	0	default/GemManager	??0Entry@LocalePanel@@QAA@ABU01@@Z
<40	24.250	24.875	32	7	STUB_OURS_EMPTY	0.25	0	0	default/BandSongMgr	?HasContentAltDirs@Callback@ContentMgr@@UAA_NXZ
<40	23.897	24.586	116	28	SOURCE_CALLCOUNT	0.3889	0	1	default/CharBones	?Print@CharBones@@UAAXXZ
<40	23.837	24.959	196	53	SOURCE_INSDEL	0.5806	3	3	default/StandardStream	?SetJump@StandardStream@@UAAXMMPBD@Z
<40	23.494	24.843	356	85	FOREIGN_FPCLASS	0.2418	1	1	default/Overlay	?erase@?$list@VString@@V?$StlNodeAlloc@VString@@@stlpmtx_std@@@stlpmtx_std@@QAA?AU?$_List_iterator@VString@@U?$_Nonconst_traits@VString@@@stlpmtx_std@@@2@U32@0@Z
<40	23.481	23.667	108	23	SOURCE_INSDEL	0.9259	0	0	default/Defines	?SymToControllerType@@YA?AW4ControllerType@@VSymbol@@@Z
<40	23.333	23.333	48	10	SOURCE_CALLCOUNT	0.5	0	0	default/DepthBuffer3D	?_M_insert_overflow@?$vector@V?$map@HMU?$less@H@stlpmtx_std@@V?$StlNodeAlloc@U?$pair@$$CBHM@stlpmtx_std@@@2@@stlpmtx_std@@V?$StlNodeAlloc@V?$map@HMU?$less@H@stlpmtx_std@@V?$StlNodeAlloc@U?$pair@$$CBHM@stlpmtx_std@@@2@@stlpmtx_std@@@2@@stlpmtx_std@@IAAXPAV?$map@HMU?$less@H@stlpmtx_std@@V?$StlNodeAlloc@U?$pair@$$CBHM@stlpmtx_std@@@2@@2@ABV32@ABU__false_type@2@I_N@Z
<40	23.073	23.945	436	98	FOREIGN_SHAPE	0.2523	3	1	default/PlayerLeaderboards	?OnSelectRow@PlayerLeaderboard@@UAA?AVSymbol@@HPAVBandUser@@@Z
<40	22.708	24.792	96	28	SOURCE_CALLCOUNT	0.3143	3	2	default/HamMove	??H?$_Bit_iter@_NPB_N@stlpmtx_std@@QBA?AU01@H@Z
<40	22.500	23.333	72	17	SOURCE_CALLCOUNT	0.3846	0	0	default/Character	??$__destroy_mv_srcs@V?$reverse_iterator@PAV?$ObjVector@ULod@Character@@@@@stlpmtx_std@@V?$ObjVector@ULod@Character@@@@@stlpmtx_std@@YAXV?$reverse_iterator@PAV?$ObjVector@ULod@Character@@@@@0@0PAV?$ObjVector@ULod@Character@@@@@Z
<40	22.350	23.600	160	38	SOURCE_CALLCOUNT	0.4894	0	0	default/Character	?Replace@Character@@UAAXPAVObjRef@@PAVObject@Hmx@@@Z
<40	22.203	23.729	236	59	FOREIGN_SHAPE	0.2769	0	2	default/SpeechMgr	??$__uninitialized_copy@PAUGrammar@SpeechMgr@@PAU12@@stlpmtx_std@@YAPAUGrammar@SpeechMgr@@PAU12@00ABU__false_type@0@@Z
<40	22.167	23.000	24	7	SOURCE_INSDEL	0.3333	2	0	default/Accomplishment	?_M_Start@?$_String_base@DV?$allocator@D@stlpmtx_std@@@stlpmtx_std@@IBAPBDXZ
<40	21.478	22.348	92	24	SOURCE_CALLCOUNT	0.2188	1	0	default/StandardStream	?erase@?$vector@UJumpInstance@@V?$StlNodeAlloc@UJumpInstance@@@stlpmtx_std@@@stlpmtx_std@@QAAPAUJumpInstance@@PAU3@0@Z
<40	21.104	21.843	460	111	FOREIGN_SHAPE	0.3077	0	1	default/HAQManager	?GetButtonText@HAQManager@@ABA?AVString@@XZ
<40	21.000	23.045	264	78	SOURCE_CALLCOUNT	0.4667	10	1	default/TrackPanelDirBase	??4?$ObjPtrList@VRndTransformable@@VObjectDir@@@@QAAXABV0@@Z
<40	20.895	21.947	152	40	SOURCE_INSDEL	0.881	0	5	default/NextSongPanel	?Exiting@NextSongPanel@@UBA_NXZ
<40	20.750	22.312	64	19	SOURCE_CALLCOUNT	0.3913	1	1	default/FilterVersion	?Sym@DataArray@@QBA?AVSymbol@@H@Z
<40	20.600	21.267	60	15	STUB_OURS_EMPTY	0.1111	1	0	default/BandSongMgr	?ClearSongCacheNeedsWrite@BandSongMgr@@UAAXXZ
<40	20.111	20.667	72	19	SOURCE_INSDEL	0.4333	1	2	default/system/synth_xbox/FxSendCompress	??0FxSendCompress360@@QAA@XZ
<40	20.000	21.606	436	121	SOURCE_CALLCOUNT	0.9292	18	0	default/Shader	?CheckShadow@@YAXXZ
<40	20.000	20.000	8	2	SOURCE_INSDEL	0.25	0	0	default/MatAnim	?Save@RndDir@@$4PPPPPPPM@A@AAXAAVBinStream@@@Z
<40	19.387	21.161	124	37	FOREIGN_FPCLASS	0.5769	2	1	default/Group	?CollidePlane@RndGroup@@UAAHABVPlane@@@Z
<40	19.136	19.815	324	83	FOREIGN_SHAPE	0.2778	3	2	default/SongLayout	??1?$vector@VSongPattern@@V?$StlNodeAlloc@VSongPattern@@@stlpmtx_std@@@stlpmtx_std@@QAA@XZ
<40	19.000	19.500	40	9	SOURCE_INSDEL	0.8182	0	0	default/BandCharacter	?ComputeScreenSize@BandCharacter@@UAAMPAVRndCam@@@Z
<40	19.000	21.000	500	137	SOURCE_INSDEL	0.731	0	3	default/AmbientOcclusion	?FindSplit_Mean@kdTreeNode@?$kdTree@VTriangle@@@@QAA_NABVBox@@ABV?$list@PAVTriangle@@V?$StlNodeAlloc@PAVTriangle@@@stlpmtx_std@@@stlpmtx_std@@@Z
<40	18.818	19.500	264	63	FOREIGN_SHAPE	0.1831	2	1	default/MeshAnim	??6@YAAAVTextStream@@AAV0@PBVObject@Hmx@@@Z
<40	18.766	19.547	256	62	FOREIGN_SHAPE	0.2361	5	3	default/Console	?insert@?$list@UBreakpoint@RndConsole@@V?$StlNodeAlloc@UBreakpoint@RndConsole@@@stlpmtx_std@@@stlpmtx_std@@QAA?AU?$_List_iterator@UBreakpoint@RndConsole@@U?$_Nonconst_traits@UBreakpoint@RndConsole@@@stlpmtx_std@@@2@U32@ABUBreakpoint@RndConsole@@@Z
<40	18.556	21.889	72	25	SOURCE_CALLCOUNT	0.6429	0	2	default/BandSongMgr	?AddSongIDMapping@BandSongMgr@@UAAXHVSymbol@@@Z
<40	17.383	19.050	240	72	SOURCE_CALLCOUNT	0.6203	0	1	default/MeshAnim	?Load@RndMeshAnim@@UAAXAAVBinStream@@@Z
<40	17.333	18.792	96	30	SOURCE_CALLCOUNT	0.2632	1	2	default/band3/meta_band/StoreMainPanel	??$__destroy_range_aux@V?$reverse_iterator@PAVNewReleaseEntry@StoreMainPanel@@@stlpmtx_std@@@stlpmtx_std@@YAXV?$reverse_iterator@PAVNewReleaseEntry@StoreMainPanel@@@0@0ABU__false_type@0@@Z
<40	17.333	21.778	36	12	SOURCE_INSDEL	0.5625	4	0	default/VocalPlayer	?PastFinalNote@VocalPlayer@@UBA_NXZ
<40	16.917	19.833	96	30	SOURCE_CALLCOUNT	0.5	3	1	default/MeasureMap	??$__uninitialized_copy@PAVTimeSigChange@MeasureMap@@PAV12@@stlpmtx_std@@YAPAVTimeSigChange@MeasureMap@@PAV12@00ABU__false_type@0@@Z
<40	16.667	18.095	84	22	SOURCE_CALLCOUNT	0.3571	0	0	default/TypeProps	?InsertArrayValue@TypeProps@@QAAXVSymbol@@HABVDataNode@@@Z
<40	16.639	17.611	144	35	FOREIGN_SHAPE	0.1316	1	0	default/BandCharacter	?Compress@BandCharacter@@UAAXPAVRndTex@@_N@Z
<40	16.289	16.443	388	84	FOREIGN_FPCLASS	0.1373	0	0	default/CameraManager	??_G?$ObjPtrList@VCamShot@@VObjectDir@@@@UAAPAXI@Z
<40	15.610	17.428	1936	558	SOURCE_CALLCOUNT	0.6328	20	7	default/Shader	?CalcShaderOpts@RndShaderMultimesh@@MAA_KPAVNgMat@@W4ShaderType@@_N@Z
<40	15.571	17.000	84	26	SOURCE_CALLCOUNT	0.4516	1	1	default/Crowd	??0Char3D@CharData@WorldCrowd@@QAA@ABU012@@Z
<40	14.941	15.824	68	22	SOURCE_CALLCOUNT	0.5357	1	3	default/LabelNumberTicker	?PostLoad@LabelNumberTicker@@UAAXAAVBinStream@@@Z
<40	14.885	16.917	384	116	FOREIGN_FPCLASS	0.4769	3	1	default/PreloadPanel	?Load@PreloadPanel@@UAAXXZ
<40	14.351	17.054	148	47	SOURCE_CALLCOUNT	0.58	0	1	default/CharBoneDir	?PreLoad@CharBoneDir@@UAAXAAVBinStream@@@Z
<40	14.351	17.054	148	47	SOURCE_CALLCOUNT	0.58	0	1	default/UISlider	?PreLoad@PanelDir@@UAAXAAVBinStream@@@Z
<40	14.338	15.088	320	80	FOREIGN_SHAPE	0.1477	1	1	default/Mesh	??$__destroy_range@PAV?$vector@GV?$StlNodeAlloc@G@stlpmtx_std@@@stlpmtx_std@@V12@@stlpmtx_std@@YAXPAV?$vector@GV?$StlNodeAlloc@G@stlpmtx_std@@@0@00@Z
<40	14.314	16.743	140	46	SOURCE_CALLCOUNT	0.4167	0	2	default/LabelShrinkWrapper	?PreLoad@LabelShrinkWrapper@@UAAXAAVBinStream@@@Z
<40	13.987	16.962	316	96	FOREIGN_FPCLASS	0.4946	19	0	default/DefaultPhysicsManager	??0DefaultPhysicsManager@@QAA@PAVRndDir@@@Z
<40	13.889	15.556	180	55	SOURCE_CALLCOUNT	0.4516	5	0	default/Anim	?Link@?$ObjPtrList@VObject@Hmx@@VObjectDir@@@@AAAXViterator@1@PAUNode@1@@Z
<40	13.800	14.800	80	21	SOURCE_CALLCOUNT	0.4848	2	0	default/HamCamTransform	??0TransformArea@@QAA@ABV0@@Z
<40	13.333	14.086	744	187	FOREIGN_SHAPE	0.1574	9	5	default/LightPreset	?Copy@RhythmDetector@@UAAXPBVObject@Hmx@@W4CopyType@23@@Z
<40	13.328	15.569	232	74	SOURCE_CALLCOUNT	0.5467	4	1	default/MatAnim	??4?$ObjPtrList@VObject@Hmx@@VObjectDir@@@@QAAXABV0@@Z
<40	13.150	15.900	80	26	SOURCE_CALLCOUNT	0.4516	0	1	default/WaveFile	??$_M_allocate_and_copy@PAVVector2@@@?$vector@VVector2@@V?$StlNodeAlloc@VVector2@@@stlpmtx_std@@@stlpmtx_std@@IAAPAVVector2@@IPAV2@0@Z
<40	13.074	14.556	108	30	SOURCE_CALLCOUNT	0.4545	1	0	default/HamCamTransform	??4TransformArea@@QAAAAV0@ABV0@@Z
<40	12.951	16.168	572	196	SOURCE_INSDEL	0.8218	31	12	default/Shader	?CalcShaderOpts@RndShaderPostProc@@MAA_KPAVNgMat@@W4ShaderType@@_N@Z
<40	12.889	14.556	144	41	SOURCE_CALLCOUNT	0.4651	0	0	default/Spotlight	?Replace@Spotlight@@UAAXPAVObjRef@@PAVObject@Hmx@@@Z
<40	12.727	12.727	44	10	STUB_OURS_EMPTY	0.0833	0	0	default/AccomplishmentPlayerConditional	?GetType@AccomplishmentPlayerConditional@@UBA?AW4AccomplishmentType@@XZ
<40	12.727	12.727	44	10	STUB_OURS_EMPTY	0.0833	0	0	default/system/synth/SynthSample	?GetNumChannels@SynthSample@@QBAHXZ
<40	12.522	13.826	92	28	SOURCE_INSDEL	0.0952	2	0	default/BandPatchMesh	?resize@?$vector@VMeshFace@BandPatchMesh@@V?$StlNodeAlloc@VMeshFace@BandPatchMesh@@@stlpmtx_std@@@stlpmtx_std@@QAAXIABVMeshFace@BandPatchMesh@@@Z
<40	11.000	12.000	40	11	SOURCE_INSDEL	0.1333	0	0	default/BandCharDesc	??$swap@V?$_STLP_alloc_proxy@U_List_node_base@stlpmtx_std@@V?$_List_node@VSymbol@@@2@V?$StlNodeAlloc@V?$_List_node@VSymbol@@@stlpmtx_std@@@2@@stlpmtx_std@@@stlpmtx_std@@YAXAAV?$_STLP_alloc_proxy@U_List_node_base@stlpmtx_std@@V?$_List_node@VSymbol@@@2@V?$StlNodeAlloc@V?$_List_node@VSymbol@@@stlpmtx_std@@@2@@0@0@Z
<40	10.833	10.833	72	17	STUB_OURS_EMPTY	0.0526	0	0	default/SpotlightDrawer_NG	?DoPost@NgSpotlightDrawer@@UAAXXZ
<40	10.720	11.327	428	107	FOREIGN_SHAPE	0.1795	1	1	default/OSCMessenger	?MakeOSCAddress@OSCMessenger@@AAAHVString@@PAD@Z
<40	10.667	12.750	48	15	SOURCE_CALLCOUNT	0.2	2	0	default/DirLoader	?_M_insert_overflow@?$vector@VSymbol@@V?$StlNodeAlloc@VSymbol@@@stlpmtx_std@@@stlpmtx_std@@IAAXPAVSymbol@@ABV3@ABU__false_type@2@I_N@Z
<40	10.667	13.167	48	15	SOURCE_CALLCOUNT	0.2	1	1	default/TourProgress	?GetNumStarsForGig@TourProgress@@QBAHH@Z
<40	10.571	14.143	28	9	SOURCE_INSDEL	0.6364	1	0	default/DuplicatedObject	?SetInitialState@DuplicatedObject@Quazal@@QAAXABVQEvent@StateMachine@2@@Z
<40	10.562	12.191	356	114	FOREIGN_FPCLASS	0.5588	1	4	default/Group	?Load@RndGroup@@UAAXAAVBinStream@@@Z
<40	10.529	14.059	68	23	SOURCE_CALLCOUNT	0.36	3	1	default/StreakMeter	??_DRndAnimatable@@QAAXXZ
<40	10.500	12.118	136	44	SOURCE_CALLCOUNT	0.5294	0	1	default/BandList	?PreLoad@BandList@@UAAXAAVBinStream@@@Z
<40	10.118	12.765	136	45	SOURCE_CALLCOUNT	0.36	7	1	default/VocalPlayer	?SongSectionOnly@VocalPlayer@@QBA_NAAM0@Z
<40	9.565	9.565	92	22	STUB_OURS_EMPTY	0.0385	0	0	default/ProfileMgr	?GetSongToTaskMgrMs@ProfileMgr@@QBAMW4LagContext@@@Z
<40	8.993	9.216	1168	282	FOREIGN_FPCLASS	0.1164	1	4	default/BandLabel	?PreLoad@BandLabel@@UAAXAAVBinStream@@@Z
<40	8.630	10.914	324	103	FOREIGN_FPCLASS	0.35	9	0	default/BandLabel	??4?$vector@VFlowMathOp@@V?$StlNodeAlloc@VFlowMathOp@@@stlpmtx_std@@@stlpmtx_std@@QAAAAV01@ABV01@@Z
<40	8.413	8.884	552	141	SOURCE_INSDEL	0.9371	5	1	default/CameraShot	?StartAnim@CamShot@@UAAXXZ
<40	7.512	9.023	172	58	SOURCE_CALLCOUNT	0.4568	2	1	default/NetGameMsgs	?Dispatch@RestartGameMsg@@UAAXXZ
<40	7.188	7.500	128	31	STUB_OURS_EMPTY	0.0606	1	0	default/RockCentral	?CancelOutstandingCalls@RockCentral@@QAAXPAVObject@Hmx@@@Z
<40	7.134	8.902	328	102	FOREIGN_FPCLASS	0.6579	2	1	default/Splash	??0Splash@@QAA@XZ
<40	6.829	6.829	164	39	STUB_OURS_EMPTY	0.0465	0	0	default/Joypad_Xbox	?ReceiveUpstreamEEPROMWriteResponse@@YAXHPAE@Z
<40	6.786	6.786	56	14	STUB_OURS_EMPTY	0.0	0	0	default/band3/meta_band/UGCPurchasePanel	?Exit@UGCPurchasePanel@@UAAXXZ
<40	6.777	8.701	1164	369	SOURCE_CALLCOUNT	0.4372	16	1	default/VocalTrackDir	?ApplyFontStyle@VocalTrackDir@@QAAXPAVObject@Hmx@@@Z
<40	6.364	6.364	88	21	STUB_OURS_EMPTY	0.0435	0	0	default/UISlider	?CollidePlane@UISlider@@UAAHABVPlane@@@Z
<40	6.209	7.256	172	47	FOREIGN_SHAPE	0.2889	1	1	default/MusicLibrary	?ByteCode@RemoveLastSongFromSetlistMsg@@UBAEXZ
<40	5.692	6.020	792	197	FOREIGN_SHAPE	0.0637	1	1	default/File	FileMakePath
<40	5.662	5.972	1160	288	FOREIGN_FPCLASS	0.0642	0	1	default/MatAnim	??$_M_allocate_and_copy@PBV?$Key@VColor@Hmx@@@@@?$vector@V?$Key@VColor@Hmx@@@@V?$StlNodeAlloc@V?$Key@VColor@Hmx@@@@@stlpmtx_std@@@stlpmtx_std@@IAAPAV?$Key@VColor@Hmx@@@@IPBV2@0@Z
<40	5.385	5.385	104	25	STUB_OURS_EMPTY	0.0769	0	0	default/BandUser	?GetLocalBandUser@LocalBandUser@@UAAPAV1@XZ
<40	5.321	6.393	112	31	SOURCE_CALLCOUNT	0.4375	1	0	default/SessionUsersProviders	?Mat@SessionUsersProvider@@UBAPAVRndMat@@HHPAVUIListMesh@@@Z
<40	4.881	7.119	268	87	SOURCE_CALLCOUNT	0.1754	0	0	default/EventTrigger	??4?$vector@VSingerStats@@V?$StlNodeAlloc@VSingerStats@@@stlpmtx_std@@@stlpmtx_std@@QAAAAV01@ABV01@@Z
<40	4.831	5.172	1348	336	FOREIGN_FPCLASS	0.068	1	1	default/FlowNode	??$__uninitialized_fill_n@PAVDrivenPropertyEntry@@IV1@@stlpmtx_std@@YAPAVDrivenPropertyEntry@@PAV1@IABV1@ABU__false_type@0@@Z
<40	4.375	4.375	128	31	STUB_OURS_EMPTY	0.0303	0	0	default/Archive	?deallocate@?$StlNodeAlloc@VString@@@stlpmtx_std@@QBAXPAVString@@I@Z
<40	4.292	6.028	288	94	SOURCE_CALLCOUNT	0.3714	1	2	default/CharPollGroup	??0CharPollGroup@@IAA@XZ
<40	4.190	5.619	84	28	SOURCE_INSDEL	0.4	0	1	default/BandCharacter	??$__uninitialized_copy@PAVRangeShift@GemTrack@@PAV12@@stlpmtx_std@@YAPAVRangeShift@GemTrack@@PAV12@00ABU__false_type@0@@Z
<40	4.190	5.619	84	28	SOURCE_INSDEL	0.4	0	1	default/Morph	??$__uninitialized_copy@PAVMoveFrame@@PAV1@@stlpmtx_std@@YAPAVMoveFrame@@PAV1@00ABU__false_type@0@@Z
<40	3.448	3.448	116	28	STUB_OURS_EMPTY	0.0345	0	0	default/BandUser	?SyncLoad@RemoteUser@@UAAXAAVBinStream@@I@Z
<40	3.393	3.393	112	28	STUB_OURS_EMPTY	0.0	0	0	default/UILabel	?Poll@UILabel@@UAAXXZ
<40	2.912	4.529	136	43	SOURCE_CALLCOUNT	0.5455	2	1	default/ColorPalette	?push_back@?$vector@VColor@Hmx@@V?$StlNodeAlloc@VColor@Hmx@@@stlpmtx_std@@@stlpmtx_std@@QAAXABVColor@Hmx@@@Z
<40	2.703	2.703	148	36	STUB_OURS_EMPTY	0.027	0	0	default/MemMgr	??3@YAXPAX@Z
<40	2.127	3.013	632	181	SOURCE_CALLCOUNT	0.6606	3	1	default/DirLoader	?OpenFile@DirLoader@@AAAXXZ
<40	1.519	2.815	216	65	SOURCE_CALLCOUNT	0.4769	0	1	default/MusicLibrary	?RemoveLastSongFromSetlist@MusicLibrary@@QAAXXZ
<40	1.282	1.282	312	77	STUB_OURS_EMPTY	0.0128	0	0	default/band3/meta_band/BandStorePanel	?UpdateOffers@BandStorePanel@@UAAHABV?$list@UEnumProduct@@V?$StlNodeAlloc@UEnumProduct@@@stlpmtx_std@@@stlpmtx_std@@_N@Z
<40	1.238	6.000	84	34	SOURCE_CALLCOUNT	0.525	2	9	default/DuplicatedObject	?IsInDuplicationSet@DuplicatedObject@Quazal@@QBA_NVDOHandle@2@@Z
<40	1.100	2.433	120	40	FOREIGN_FPCLASS	0.25	1	1	default/PartAnim	??$?6VColor@Hmx@@@@YAAAVTextStream@@AAV0@ABV?$Key@VColor@Hmx@@@@@Z
<40	0.870	0.870	184	46	STUB_OURS_EMPTY	0.0	0	0	default/Anim	?ChainSourceSubdir@RndDir@@UAAXPAVObject@Hmx@@PAVObjectDir@@@Z
<40	0.725	0.725	524	131	STUB_OURS_EMPTY	0.0076	0	0	default/system/bandobj/BandButton	?Update@BandButton@@UAAXXZ
<40	0.645	0.645	248	62	STUB_OURS_EMPTY	0.0	0	0	default/OutfitConfig	?Save@OutfitConfig@@UAAXAAVBinStream@@@Z
<40	0.370	0.370	432	108	STUB_OURS_EMPTY	0.0	0	0	default/UIComponent	?PostLoad@UIComponent@@UAAXAAVBinStream@@@Z
<40	0.312	0.312	512	128	STUB_OURS_EMPTY	0.0	0	0	default/MusicLibrary	?ContentMounted@MusicLibrary@@UAAXPBD0@Z
<40	0.140	0.140	1140	285	STUB_OURS_EMPTY	0.0	0	0	default/BandHighlight	?Save@BandHighlight@@UAAXAAVBinStream@@@Z
