unit	sym	billed	fuzzy	mpn	cls	n_charged	same_opcode_multiset	argkinds	src
default/VocalTrack	?UpdateScrolling@VocalTrack@@QAAXM@Z	8948	72.25346	73.98793	SOURCE_INSDEL	1383	False	{'register': 732, 'relocname': 19, 'immediate': 324, 'branchdest': 25, 'opcode': 57}	src/band3/bandtrack/VocalTrack.cpp
default/DataFunc	?DataInitFuncs@@YAXXZ	8068	70.52653	72.234505	SOURCE_INSDEL	1111	False	{'register': 502, 'immediate': 132, 'relocname': 256, 'opcode': 148}	src/system/obj/DataFunc.cpp
default/network/Plugins/Checksum/MD5/MD5	?transform@MD5@Quazal@@QAAXPBE@Z	6068	82.185234	89.48253	SOURCE_INSDEL	1409	False	{'register': 2214, 'opcode': 69, 'immediate': 15}	src/network/Plugins/Checksum/MD5/MD5.cpp
default/SHA1	?Transform@CSHA1@@AAAXPAIPBE@Z	5856	55.691257	61.985657	SOURCE_INSDEL	1511	False	{'relocname': 2, 'register': 1771, 'immediate': 200, 'opcode': 47}	src/system/math/SHA1.cpp
default/CharacterCreatorPanel	?Handle@CharacterCreatorPanel@@UAA?AVDataNode@@PAVDataArray@@_N@Z	5164	98.243996	99.053444	SOURCE_INSDEL	224	False	{'register': 206, 'relocname': 51, 'opcode': 7, 'immediate': 2, 'branchdest': 2}	src/band3/meta_band/CharacterCreatorPanel.cpp
default/CustomizePanel	?Handle@CustomizePanel@@UAA?AVDataNode@@PAVDataArray@@_N@Z	5036	99.92057	99.92057	SOURCE_INSDEL	1	False	{}	src/band3/meta_band/CustomizePanel.cpp
default/VocalPlayer	?Handle@VocalPlayer@@UAA?AVDataNode@@PAVDataArray@@_N@Z	4936	97.97326	98.880875	SOURCE_INSDEL	247	False	{'immediate': 16, 'register': 222, 'relocname': 46, 'opcode': 1}	src/band3/game/VocalPlayer.cpp
default/json_tokener	json_tokener_parse_ex	4872	93.200325	93.569786	SOURCE_INSDEL	169	False	{'register': 65, 'opcode': 12, 'branchdest': 24, 'immediate': 7}	src/system/net/json-c/json_tokener.c
default/Spotlight	?SyncProperty@Spotlight@@UAA_NAAVDataNode@@PAVDataArray@@HW4PropOp@@@Z	4728	99.39171	99.82741	SOURCE_INSDEL	103	False	{'register': 103, 'immediate': 4}	src/system/world/Spotlight.cpp
default/band3/meta_band/SaveLoadManager	?SetState@SaveLoadManager@@IAAXW4State@1@@Z	4096	96.740234	97.296875	SOURCE_INSDEL	140	False	{'register': 105, 'relocname': 13, 'immediate': 26, 'opcode': 4, 'branchdest': 2}	src/band3/meta_band/SaveLoadManager.cpp
default/BandDirector	?OnFileLoaded@BandDirector@@QAA?AVDataNode@@PAVDataArray@@@Z	3816	99.589096	99.59958	SOURCE_INSDEL	27	False	{'opcode': 1, 'relocname': 1, 'immediate': 22, 'register': 1}	src/system/bandobj/BandDirector.cpp
default/VocalTrackDir	?PostLoad@VocalTrackDir@@UAAXAAVBinStream@@@Z	3656	96.397156	96.47374	SOURCE_INSDEL	55	False	{'register': 10, 'branchdest': 1, 'immediate': 11, 'opcode': 5}	src/system/bandobj/VocalTrackDir.cpp
default/Mesh	?Load@RndMesh@@UAAXAAVBinStream@@@Z	3452	88.19119	88.96755	SOURCE_INSDEL	285	False	{'register': 125, 'immediate': 97, 'opcode': 12, 'relocname': 5, 'branchdest': 3}	src/system/rndobj/Mesh.cpp
default/ChordbookPanel	?DisplayChord@ChordbookPanel@@QAAXI@Z	3436	97.179276	97.5227	SOURCE_INSDEL	90	False	{'register': 57, 'relocname': 26, 'immediate': 18, 'opcode': 5, 'branchdest': 1}	src/band3/game/ChordbookPanel.cpp
default/VocalPlayer	?Poll@VocalPlayer@@UAAXMABVSongPos@@@Z	3388	93.82645	94.623375	SOURCE_INSDEL	175	False	{'relocname': 12, 'immediate': 9, 'register': 126, 'opcode': 8}	src/band3/game/VocalPlayer.cpp
default/TexRenderer	?DrawToTexture@RndTexRenderer@@QAAXXZ	3320	94.1759	95.05542	SOURCE_INSDEL	213	False	{'immediate': 85, 'register': 144, 'relocname': 2, 'opcode': 7, 'branchdest': 1}	src/system/rndobj/TexRenderer.cpp
default/PropAnim	?Handle@RndPropAnim@@UAA?AVDataNode@@PAVDataArray@@_N@Z	3136	98.8648	99.87245	SOURCE_INSDEL	158	False	{'register': 158, 'relocname': 71}	src/system/rndobj/PropAnim.cpp
default/system/rndobj/Utl	?RndScaleObject@@YAXPAVObject@Hmx@@MM@Z	3112	89.56298	90.012856	CODEGEN_ORDERING	138	True	{'register': 70, 'opcode': 9, 'relocname': 2, 'immediate': 30}	src/system/rndobj/Utl.cpp
default/system/obj/Dir	?PreLoad@ObjectDir@@UAAXAAVBinStream@@@Z	3092	84.71281	86.48512	SOURCE_INSDEL	412	False	{'relocname': 7, 'immediate': 76, 'register': 256, 'opcode': 59, 'branchdest': 5}	src/system/obj/Dir.cpp
default/FFT	?fft_altivec@@YAHPAM0KJ0@Z	3044	0.0	0.0	NO_BODY/stub	761	False	{}	src/system/synth_xbox/FFT.cpp
default/FileMerger	?IKElbow@CharIKHand@@IAAXPAVRndTransformable@@0@Z	2880	94.02639	95.359726	SOURCE_INSDEL	130	False	{'relocname': 2, 'immediate': 21, 'register': 190, 'opcode': 2}	src/system/char/FileMerger.cpp
default/UIStats	?MaybePublish@UIStats@@QAAXPAVUIScreen@@@Z	2604	99.57911	99.67127	SOURCE_INSDEL	65	False	{'immediate': 54, 'register': 10, 'relocname': 8, 'opcode': 1}	src/band3/meta_band/UIStats.cpp
default/Accomplishment	?Configure@Accomplishment@@QAAXPAVDataArray@@@Z	2584	35.36068	36.71517	SOURCE_INSDEL	567	False	{'relocname': 39, 'immediate': 18, 'register': 145, 'opcode': 51, 'branchdest': 3}	src/band3/meta_band/Accomplishment.cpp
default/band3/meta_band/StoreOfferProvider	?BuildList@StoreOfferProvider@@QAAXPAVDataArray@@@Z	2536	96.04259	96.45268	SOURCE_INSDEL	110	False	{'register': 45, 'relocname': 14, 'immediate': 50}	src/band3/meta_band/StoreOfferProvider.cpp
default/Part	?InitParticle@RndParticleSys@@IAAXMPAVRndParticle@@PBVTransform@@AAVPartOverride@@@Z	2492	57.958267	61.09631	SOURCE_INSDEL	529	False	{'relocname': 5, 'immediate': 108, 'register': 368, 'branchdest': 13, 'opcode': 30}	src/system/rndobj/Part.cpp
default/CharHair	?SimulateInternal@CharHair@@IAAXM@Z	2472	96.17314	96.58576	SOURCE_INSDEL	64	False	{'register': 49, 'branchdest': 1, 'relocname': 1, 'immediate': 10}	src/system/char/CharHair.cpp
default/Part	?Load@RndParticleSys@@UAAXAAVBinStream@@@Z	2436	95.584564	96.0115	SOURCE_INSDEL	93	False	{'immediate': 49, 'register': 52, 'opcode': 3}	src/system/rndobj/Part.cpp
default/BandWardrobe	?SyncProperty@BandWardrobe@@UAA_NAAVDataNode@@PAVDataArray@@HW4PropOp@@@Z	2416	99.74338	99.834435	SOURCE_INSDEL	12	False	{'register': 8, 'branchdest': 3}	src/system/bandobj/BandWardrobe.cpp
default/FileMerger	?Poll@CharIKHand@@UAAXXZ	2364	98.260574	98.675125	SOURCE_INSDEL	40	False	{'opcode': 3, 'register': 49, 'immediate': 3, 'relocname': 4}	src/system/char/FileMerger.cpp
default/VocalPlayer	?HandlePhraseEnd@VocalPlayer@@QAAXM@Z	2332	97.93654	98.57976	SOURCE_INSDEL	71	False	{'relocname': 2, 'register': 74, 'immediate': 8, 'opcode': 1}	src/band3/game/VocalPlayer.cpp
default/VocalTrack	?RebuildHUD@VocalTrack@@QAAXXZ	2188	90.44972	91.59232	SOURCE_INSDEL	141	False	{'relocname': 8, 'immediate': 35, 'register': 118, 'branchdest': 1, 'opcode': 6}	src/band3/bandtrack/VocalTrack.cpp
default/BandCharacter	??0BandCharacter@@QAA@XZ	2180	77.96514	78.67156	SOURCE_INSDEL	208	False	{'register': 75, 'relocname': 13, 'immediate': 25, 'opcode': 40}	src/system/bandobj/BandCharacter.cpp
default/BandCharacter	?OnSetFileMerger@BandCharacter@@QAA?AVDataNode@@PAVDataArray@@@Z	2156	99.19295	99.2115	SOURCE_INSDEL	8	False	{'branchdest': 1, 'opcode': 2, 'register': 1, 'relocname': 1}	src/system/bandobj/BandCharacter.cpp
default/FFT	?fft_recursive@@YAHPAMKJ0@Z	2128	0.0	0.0	NO_BODY/stub	532	False	{}	src/system/synth_xbox/FFT.cpp
default/system/obj/Dir	?Save@ObjectDir@@UAAXAAVBinStream@@@Z	2108	90.74763	92.12334	SOURCE_INSDEL	168	False	{'register': 138, 'immediate': 12, 'branchdest': 7, 'relocname': 10, 'opcode': 3}	src/system/obj/Dir.cpp
default/SpotlightDrawer_NG	?SetupXSection@NgSpotlightDrawer@@IAAXPAVSpotlight@@ABUBeamDef@2@@Z	2104	32.730038	35.268063	SOURCE_INSDEL	501	False	{'relocname': 7, 'immediate': 59, 'register': 260, 'opcode': 23}	src/system/world/SpotlightDrawer_NG.cpp
default/CharIKFingers	?SetName@CharIKFingers@@UAAXPBDPAVObjectDir@@@Z	2076	99.21002	99.22929	CODEGEN_ORDERING	5	True	{'register': 2}	src/system/char/CharIKFingers.cpp
default/Crowd	?DrawShowing@WorldCrowd@@UAAXXZ	2072	86.9807	88.38031	SOURCE_INSDEL	217	False	{'immediate': 80, 'register': 144, 'relocname': 4, 'opcode': 2, 'branchdest': 2}	src/system/world/Crowd.cpp
default/system/rndobj/Utl	?ResetNormals@@YAXPAVRndMesh@@@Z	1980	86.80404	88.89495	SOURCE_INSDEL	228	False	{'relocname': 4, 'immediate': 37, 'register': 201, 'opcode': 6, 'branchdest': 4}	src/system/rndobj/Utl.cpp
default/TourDescPanel	?UpdateExtendedCustom@TourDescProvider@@UBAXHHPAVObject@Hmx@@@Z	1944	88.66049	90.56379	SOURCE_INSDEL	185	False	{'immediate': 26, 'relocname': 18, 'register': 183, 'branchdest': 1, 'opcode': 1}	src/band3/tour/TourDescPanel.cpp
default/Shader	?CalcShaderOpts@RndShaderMultimesh@@MAA_KPAVNgMat@@W4ShaderType@@_N@Z	1936	15.578512	17.427687	SOURCE_INSDEL	561	False	{'relocname': 10, 'immediate': 59, 'register': 143, 'opcode': 52, 'branchdest': 8}	src/system/rndobj/Shader.cpp
default/band3/meta_band/BandStorePanel	?Handle@BandStorePanel@@UAA?AVDataNode@@PAVDataArray@@_N@Z	1928	93.122406	93.30913	SOURCE_INSDEL	45	False	{'opcode': 5, 'relocname': 2, 'register': 8, 'branchdest': 1, 'immediate': 2}	src/band3/meta_band/BandStorePanel.cpp
default/Mat_NG	?SetRegularShaderConst@NgMat@@IAAX_N@Z	1896	98.26371	98.79114	SOURCE_INSDEL	60	False	{'register': 49, 'relocname': 2, 'immediate': 8, 'opcode': 1}	src/system/rndobj/Mat_NG.cpp
default/TexBlender	?DrawShowing@RndTexBlender@@UAAXXZ	1880	77.012764	78.28936	SOURCE_INSDEL	243	False	{'register': 126, 'relocname': 15, 'immediate': 64, 'branchdest': 2, 'opcode': 16}	src/system/rndobj/TexBlender.cpp
default/VocalNoteList	?NotesDone@VocalNoteList@@QAAXABVTempoMap@@_N@Z	1836	83.675385	85.38562	SOURCE_INSDEL	217	False	{'relocname': 11, 'immediate': 23, 'register': 145, 'opcode': 8, 'branchdest': 2}	src/system/beatmatch/VocalNoteList.cpp
default/OutfitConfig	?Compose@MatSwap@OutfitConfig@@QAAXPAHAAV?$ObjVector@VBandPatchMesh@@@@H@Z	1780	86.76854	87.723595	SOURCE_INSDEL	133	False	{'register': 80, 'relocname': 4, 'immediate': 18, 'branchdest': 4, 'opcode': 8}	src/system/bandobj/OutfitConfig.cpp
default/BandWardrobe	?LoadMainCharacters@BandWardrobe@@QAAXPAVBandCamShot@@@Z	1776	99.78829	99.99099	SOURCE_ARG(imm/opcode/branch)	17	True	{'register': 18, 'relocname': 6, 'immediate': 4}	src/system/bandobj/BandWardrobe.cpp
default/CameraShot	?Interp@CamShotFrame@@QAAXABV1@MMPAVRndCam@@@Z	1772	99.0632	99.08578	SOURCE_INSDEL	9	False	{'immediate': 5, 'register': 2}	src/system/world/CameraShot.cpp
default/CharEyes	?LidTrackAndClampingUpdate@CharEyes@@IAAXAAUEyeDesc@1@M@Z	1764	98.993195	99.40136	CODEGEN_ORDERING	86	True	{'immediate': 64, 'register': 36, 'relocname': 2}	src/system/char/CharEyes.cpp
default/CharBones	?ScaleAdd@CharBones@@QBAXAAV1@M@Z	1756	73.006836	77.50569	SOURCE_INSDEL	356	False	{'relocname': 12, 'register': 382, 'immediate': 55, 'branchdest': 10, 'opcode': 12}	src/system/char/CharBones.cpp
default/BandWardrobe	?OnEnterVignette@BandWardrobe@@QAA?AVDataNode@@PAVDataArray@@@Z	1692	89.01182	90.12293	SOURCE_INSDEL	140	False	{'immediate': 37, 'register': 84, 'relocname': 19, 'branchdest': 4, 'opcode': 9}	src/system/bandobj/BandWardrobe.cpp
default/Spotlight	?BuildNGCone@Spotlight@@IAAXAAUBeamDef@1@H@Z	1692	66.728134	71.04256	SOURCE_INSDEL	371	False	{'register': 355, 'relocname': 3, 'immediate': 80, 'opcode': 16, 'branchdest': 4}	src/system/world/Spotlight.cpp
default/BandDirector	?Enter@BandDirector@@UAAXXZ	1688	98.1019	98.11375	SOURCE_INSDEL	44	False	{'immediate': 36, 'opcode': 1, 'register': 1}	src/system/bandobj/BandDirector.cpp
default/CharEyes	?NextLook@CharEyes@@IAAXXZ	1684	66.82898	69.96437	SOURCE_INSDEL	335	False	{'relocname': 10, 'immediate': 46, 'register': 257, 'opcode': 15, 'branchdest': 3}	src/system/char/CharEyes.cpp
default/AmbientOcclusion	?SmoothResults@RndAmbientOcclusion@@IBAXPAVRndMesh@@@Z	1672	68.01675	70.51675	SOURCE_INSDEL	281	False	{'immediate': 64, 'register': 207, 'opcode': 11, 'branchdest': 2, 'relocname': 3}	src/system/rndobj/AmbientOcclusion.cpp
default/CalibrationPanel	?OnInitializeContent@CalibrationPanel@@QAA?AVDataNode@@PAVDataArray@@@Z	1668	98.94485	98.992805	SOURCE_INSDEL	8	False	{'register': 4, 'relocname': 1, 'opcode': 2}	src/band3/meta_band/CalibrationPanel.cpp
default/PracticePanel	?Poll@PracticePanel@@UAAXXZ	1656	98.63043	98.78744	SOURCE_INSDEL	20	False	{'immediate': 2, 'register': 12, 'relocname': 4, 'branchdest': 1}	src/band3/game/PracticePanel.cpp
default/CharBones	?RotateTo@CharBones@@QBAXAAV1@M@Z	1644	73.86131	79.9927	SOURCE_INSDEL	350	False	{'relocname': 10, 'register': 499, 'immediate': 38, 'opcode': 8}	src/system/char/CharBones.cpp
default/Synapse_dsp	??0Synapse@0DSP@@QAA@M@Z	1620	85.693825	86.755554	SOURCE_INSDEL	162	False	{'relocname': 16, 'immediate': 44, 'opcode': 12, 'register': 77}	src/system/synth_xbox/Synapse_dsp.cpp
default/CharEyes	?Poll@CharEyes@@UAAXXZ	1616	96.61881	98.10396	SOURCE_INSDEL	108	False	{'register': 120, 'relocname': 6, 'immediate': 6, 'opcode': 4, 'branchdest': 2}	src/system/char/CharEyes.cpp
default/CameraShot	?Handle@CamShot@@UAA?AVDataNode@@PAVDataArray@@_N@Z	1596	93.63659	93.91228	SOURCE_INSDEL	42	False	{'register': 14, 'immediate': 1}	src/system/world/CameraShot.cpp
default/LayerDir	?RefreshLayer@LayerDir@@QAAXAAVLayer@1@_N@Z	1588	96.032745	96.30982	SOURCE_INSDEL	76	False	{'register': 23, 'immediate': 46, 'branchdest': 1, 'relocname': 3}	src/system/bandobj/LayerDir.cpp
default/GemManager	?UpdateLeftyFlip@GemManager@@QAAX_N@Z	1584	99.40404	99.492424	CODEGEN_ORDERING	8	True	{'register': 6, 'immediate': 1, 'relocname': 1}	src/band3/bandtrack/GemManager.cpp
default/Geo	?MakeBSPTree@@YA_NAAPAVBSPNode@@AAV?$list@VBSPFace@@V?$StlNodeAlloc@VBSPFace@@@stlpmtx_std@@@stlpmtx_std@@H@Z	1580	84.67848	86.792404	SOURCE_INSDEL	192	False	{'register': 155, 'immediate': 37, 'opcode': 11, 'branchdest': 7, 'relocname': 1}	src/system/math/Geo.cpp
default/system/rnddx9/Rnd	?DrawRect@DxRnd@@UAAXABVRect@Hmx@@PAVRndMat@@W4ShaderType@@ABVColor@3@PBV63@4@Z	1512	0.0	0.0	NO_BODY/stub	378	False	{}	src/system/rnddx9/Rnd.cpp
default/Console	?OnMsg@RndConsole@@AAA_NABVKeyboardKeyMsg@@@Z	1500	33.858665	36.28533	SOURCE_INSDEL	394	False	{'register': 140, 'branchdest': 7, 'immediate': 56, 'opcode': 48, 'relocname': 10}	src/system/rndobj/Console.cpp
default/Mat_NG	?RefreshState@NgMat@@IAAXXZ	1456	96.59066	96.92033	SOURCE_INSDEL	45	False	{'register': 20, 'immediate': 21, 'branchdest': 3}	src/system/rndobj/Mat_NG.cpp
default/CharBonesSamples	?Relativize@CharBonesSamples@@QAAXPAVCharClip@@@Z	1448	96.472374	96.67956	SOURCE_INSDEL	25	False	{'register': 14, 'immediate': 2, 'branchdest': 1}	src/system/char/CharBonesSamples.cpp
default/Character	?PostLoad@Character@@UAAXAAVBinStream@@@Z	1440	60.383335	62.369446	SOURCE_INSDEL	280	False	{'relocname': 12, 'immediate': 11, 'register': 130, 'opcode': 37, 'branchdest': 2}	src/system/char/Character.cpp
default/GemTrack	?DrawTrackElements@GemTrack@@QAAXHH@Z	1432	97.71788	98.02514	SOURCE_INSDEL	30	False	{'register': 12, 'immediate': 8, 'relocname': 8, 'branchdest': 2}	src/band3/bandtrack/GemTrack.cpp
default/CharBones	?RotateBy@CharBones@@QBAXAAV1@@Z	1420	86.06479	91.90986	SOURCE_INSDEL	253	False	{'relocname': 6, 'immediate': 32, 'register': 413, 'opcode': 4}	src/system/char/CharBones.cpp
default/SongSortMgr	?DoesOfferMatchFilter@SongSortMgr@@QBA_NPAVStoreOffer@@PBVSongFilter@1@VSymbol@@@Z	1416	88.65254	90.16384	SOURCE_INSDEL	125	False	{'register': 98, 'relocname': 43, 'opcode': 3, 'immediate': 2, 'branchdest': 5}	src/band3/meta_band/SongSortMgr.cpp
default/OvershellPanel	?ResolveSlotStates@OvershellPanel@@QAAXXZ	1416	93.22317	93.49152	SOURCE_INSDEL	40	False	{'register': 17, 'branchdest': 2, 'immediate': 4}	src/band3/meta_band/OvershellPanel.cpp
default/OvershellSlot	?OnMsg@OvershellSlot@@QAA?AVDataNode@@ABVButtonDownMsg@@@Z	1396	99.2894	99.30373	CODEGEN_ORDERING	46	True	{'immediate': 43, 'relocname': 1}	src/band3/meta_band/OvershellSlot.cpp
default/BandCrowdMeter	?Handle@BandCrowdMeter@@UAA?AVDataNode@@PAVDataArray@@_N@Z	1384	99.42197	99.42197	CODEGEN_ORDERING	2	True	{}	src/system/bandobj/BandCrowdMeter.cpp
default/CharDriver	?Poll@CharDriver@@UAAXXZ	1372	97.58018	97.62391	SOURCE_INSDEL	14	False	{'branchdest': 2}	src/system/char/CharDriver.cpp
default/Leaderboard	?ShowData@Leaderboard@@QAAXXZ	1348	89.30564	89.79525	SOURCE_INSDEL	99	False	{'immediate': 39, 'branchdest': 1, 'opcode': 10, 'register': 32, 'relocname': 1}	src/band3/meta_band/Leaderboard.cpp
default/FlowNode	??$__uninitialized_fill_n@PAVDrivenPropertyEntry@@IV1@@stlpmtx_std@@YAPAVDrivenPropertyEntry@@PAV1@IABV1@ABU__false_type@0@@Z	1348	4.7863503	5.1721067	SOURCE_INSDEL	338	False	{'relocname': 3, 'opcode': 4, 'immediate': 2, 'register': 17, 'branchdest': 1}	src/system/flow/FlowNode.cpp
default/system/rndobj/Utl	?BuildVisit@@YAXPAVBSPNode@@@Z	1344	93.2619	94.9881	SOURCE_INSDEL	121	False	{'relocname': 5, 'immediate': 4, 'register': 112, 'opcode': 3, 'branchdest': 2}	src/system/rndobj/Utl.cpp
default/Character	?CalcBoundingSphere@Character@@UAAXXZ	1340	99.898506	99.98806	SOURCE_ARG(imm/opcode/branch)	6	True	{'register': 6, 'immediate': 4}	src/system/char/Character.cpp
default/Spotlight	?UpdateTransforms@Spotlight@@IAAXXZ	1340	93.11045	93.946266	SOURCE_INSDEL	80	False	{'immediate': 48, 'register': 56, 'opcode': 3}	src/system/world/Spotlight.cpp
default/DataFlex	yylex	1336	99.943115	99.958084	SOURCE_ARG(imm/opcode/branch)	15	True	{'immediate': 14, 'relocname': 1}	src/system/obj/DataFlex.c
default/system/rndobj/Utl	?MakeNormals@@YAXPAVRndMesh@@@Z	1332	89.78979	91.336334	SOURCE_INSDEL	109	False	{'relocname': 4, 'immediate': 5, 'register': 98, 'branchdest': 3, 'opcode': 3}	src/system/rndobj/Utl.cpp
default/StreakMeter	?SyncObjects@StreakMeter@@UAAXXZ	1328	99.39759	99.39759	CODEGEN_ORDERING	2	True	{}	src/system/bandobj/StreakMeter.cpp
default/SpotlightDrawer_NG	?RenderConeDefs@NgSpotlightDrawer@@IAAXPAVSpotlight@@ABVColor@Hmx@@@Z	1324	66.320244	68.35952	SOURCE_INSDEL	229	False	{'immediate': 55, 'register': 133, 'relocname': 2, 'opcode': 17, 'branchdest': 2}	src/system/world/SpotlightDrawer_NG.cpp
default/Rnd_Xbox	?InitBuffers@DxRnd@@AAAXXZ	1312	32.658535	34.228657	SOURCE_INSDEL	314	False	{'relocname': 3, 'immediate': 34, 'register': 92, 'opcode': 24, 'branchdest': 7}	src/system/rnddx9/Rnd_Xbox.cpp
default/Locale	?Init@Locale@@QAAXXZ	1304	89.57976	91.20552	SOURCE_INSDEL	116	False	{'opcode': 4, 'register': 96, 'relocname': 5, 'immediate': 3}	src/system/utl/Locale.cpp
default/RockCentral	?Handle@RockCentral@@UAA?AVDataNode@@PAVDataArray@@_N@Z	1296	94.104935	94.35185	CODEGEN_ORDERING	30	True	{'register': 8, 'immediate': 8}	src/band3/net_band/RockCentral.cpp
default/MusicLibrary	?Text@MusicLibrary@@UBAXHHPAVUIListLabel@@PAVUILabel@@@Z	1292	68.24768	69.98142	SOURCE_INSDEL	191	False	{'relocname': 10, 'immediate': 3, 'register': 81, 'branchdest': 22, 'opcode': 3}	src/band3/meta_band/MusicLibrary.cpp
default/Part	??0RndParticleSys@@IAA@XZ	1280	84.9625	86.025	SOURCE_INSDEL	151	False	{'relocname': 5, 'immediate': 72, 'opcode': 15, 'register': 64}	src/system/rndobj/Part.cpp
default/RockCentral	?UpdateSetlist@RockCentral@@QAAXPAVLocalSavedSetlist@@AAVDataResultList@@PAVObject@Hmx@@HH@Z	1268	98.59306	99.36593	CODEGEN_ORDERING	51	True	{'register': 49, 'relocname': 23, 'immediate': 1}	src/band3/net_band/RockCentral.cpp
default/FreeCamera	?Poll@FreeCamera@@QAAXXZ	1268	91.38486	92.394325	SOURCE_INSDEL	77	False	{'immediate': 11, 'register': 63, 'relocname': 2, 'opcode': 10, 'branchdest': 1}	src/system/world/FreeCamera.cpp
default/band3/game/PerfectSectionTracker	?HandleExitExtent@PerfectSectionTracker@@QAA_NMH_N@Z	1256	92.08917	93.33121	SOURCE_INSDEL	90	False	{'register': 78, 'relocname': 4, 'opcode': 8, 'immediate': 14}	src/band3/game/PerfectSectionTracker.cpp
default/band3/game/PerfectOverdriveTracker	?Poll_@PerfectOverdriveTracker@@UAAXM@Z	1248	99.59936	99.67949	SOURCE_INSDEL	4	False	{'register': 5}	src/band3/game/PerfectOverdriveTracker.cpp
default/system/os/UsbMidiGuitar	?Poll@UsbMidiGuitar@@SAXXZ	1244	98.5627	99.157555	SOURCE_INSDEL	34	False	{'relocname': 5, 'register': 26, 'opcode': 1, 'immediate': 8}	src/system/os/UsbMidiGuitar.cpp
default/system/bandobj/BandTrack	?DisablePlayer@BandTrack@@UAAXH@Z	1240	67.23548	68.44516	SOURCE_INSDEL	167	False	{'relocname': 11, 'register': 66, 'opcode': 3, 'immediate': 3, 'branchdest': 1}	src/system/bandobj/BandTrack.cpp
default/Lit_NG	?SphereConeTest@NgLight@@IAA_NABVVector3@@M@Z	1236	50.032364	54.271843	SOURCE_INSDEL	314	False	{'relocname': 2, 'opcode': 34, 'immediate': 85, 'register': 259}	src/system/rndobj/Lit_NG.cpp
default/Spotlight	?BuildNGSheet@Spotlight@@IAAXAAUBeamDef@1@@Z	1232	94.457794	96.454544	SOURCE_INSDEL	90	False	{'register': 123, 'immediate': 12, 'opcode': 3}	src/system/world/Spotlight.cpp
default/Trans	?ApplyDynamicConstraint@RndTransformable@@AAAXXZ	1224	65.14379	66.76144	SOURCE_INSDEL	181	False	{'register': 97, 'relocname': 4, 'immediate': 27, 'opcode': 4}	src/system/rndobj/Trans.cpp
default/BandCharacter	?Filter@BandCharacter@@UAA?AW4Action@MergeFilter@@PAVObject@Hmx@@0PAVObjectDir@@@Z	1220	71.544266	72.67541	SOURCE_INSDEL	151	False	{'register': 61, 'relocname': 8, 'branchdest': 5, 'immediate': 7, 'opcode': 2}	src/system/bandobj/BandCharacter.cpp
default/FFT	?fft_matrix_forward_columnwise@@YAHPAMJ0@Z	1200	55.08	57.93	SOURCE_INSDEL	248	False	{'relocname': 6, 'immediate': 60, 'register': 126, 'branchdest': 2, 'opcode': 10}	src/system/synth_xbox/FFT.cpp
default/Spotlight	??0Spotlight@@IAA@XZ	1200	78.43667	79.53667	SOURCE_INSDEL	134	False	{'relocname': 11, 'immediate': 41, 'register': 63, 'opcode': 5}	src/system/world/Spotlight.cpp
default/Mesh	?OnSync@RndMesh@@MAAXH@Z	1192	94.67114	96.90269	SOURCE_INSDEL	125	False	{'relocname': 4, 'opcode': 2, 'immediate': 3, 'register': 129, 'branchdest': 2}	src/system/rndobj/Mesh.cpp
default/UIComponent	?Update@UIComponent@@UAAXXZ	1192	95.37248	95.62416	SOURCE_INSDEL	26	False	{'register': 13, 'immediate': 4, 'branchdest': 1, 'relocname': 1}	src/system/ui/UIComponent.cpp
default/Song	?SyncState@Song@@QAAXXZ	1192	95.442955	96.181206	SOURCE_INSDEL	69	False	{'register': 42, 'immediate': 18, 'relocname': 3, 'opcode': 2}	src/system/utl/Song.cpp
default/StorePanel	?Handle@StorePanel@@UAA?AVDataNode@@PAVDataArray@@_N@Z	1192	79.58725	79.60403	SOURCE_INSDEL	80	False	{'immediate': 18, 'branchdest': 1, 'opcode': 1}	src/system/meta/StorePanel.cpp
default/OutfitConfig	?SetSkinTextures@OutfitConfig@@SAXPAVObjectDir@@0PAVBandCharDesc@@@Z	1192	95.07382	95.493286	SOURCE_INSDEL	41	False	{'relocname': 9, 'immediate': 3, 'register': 23, 'opcode': 4}	src/system/bandobj/OutfitConfig.cpp
default/EventTrigger	?TriggerSelf@EventTrigger@@IAAXXZ	1184	96.95946	97.16216	CODEGEN_ORDERING	20	True	{'relocname': 4, 'opcode': 4, 'register': 8}	src/system/rndobj/EventTrigger.cpp
default/Text	?ApplyLineText@RndText@@QAAXABVString@@ABVStyle@1@AAMAAVLine@1@HHPA_N@Z	1180	86.48475	86.755936	SOURCE_INSDEL	55	False	{'register': 15, 'opcode': 10, 'immediate': 3}	src/system/rndobj/Text.cpp
default/system/rndobj/Utl	?TessellateMesh@@YAXPAVRndMesh@@@Z	1176	68.54422	70.32993	SOURCE_INSDEL	183	False	{'relocname': 2, 'immediate': 43, 'register': 98, 'branchdest': 5, 'opcode': 3}	src/system/rndobj/Utl.cpp
default/BandLabel	?PreLoad@BandLabel@@UAAXAAVBinStream@@@Z	1168	8.907535	9.215754	SOURCE_INSDEL	286	False	{'relocname': 4, 'immediate': 8, 'register': 10, 'opcode': 8}	src/system/bandobj/BandLabel.cpp
default/VocalTrackDir	?ApplyFontStyle@VocalTrackDir@@QAAXPAVObject@Hmx@@@Z	1164	6.7250857	8.701031	SOURCE_INSDEL	371	False	{'relocname': 10, 'register': 108, 'immediate': 27, 'opcode': 49, 'branchdest': 1}	src/system/bandobj/VocalTrackDir.cpp
default/UsbMidiKeyboard	?Poll@UsbMidiKeyboard@@SAXXZ	1164	85.74227	86.32646	SOURCE_INSDEL	95	False	{'opcode': 9, 'register': 24, 'relocname': 6, 'immediate': 32}	src/system/os/UsbMidiKeyboard.cpp
default/VocalTrack	?PrepareNoteTubes@VocalTrack@@QAAXMHAAHH@Z	1160	73.38621	75.85172	SOURCE_INSDEL	189	False	{'relocname': 15, 'immediate': 23, 'register': 138, 'opcode': 11, 'branchdest': 3}	src/band3/bandtrack/VocalTrack.cpp
default/FFT	?fft_matrix_inverse_columnwise@@YAHPAMJ0@Z	1160	84.131035	85.85517	SOURCE_INSDEL	102	False	{'immediate': 48, 'branchdest': 1, 'register': 53, 'relocname': 2, 'opcode': 5}	src/system/synth_xbox/FFT.cpp
default/MatAnim	??$_M_allocate_and_copy@PBV?$Key@VColor@Hmx@@@@@?$vector@V?$Key@VColor@Hmx@@@@V?$StlNodeAlloc@V?$Key@VColor@Hmx@@@@@stlpmtx_std@@@stlpmtx_std@@IAAPAV?$Key@VColor@Hmx@@@@IPBV2@0@Z	1160	5.5931034	5.972414	SOURCE_INSDEL	291	False	{'opcode': 6, 'relocname': 3, 'immediate': 3, 'register': 18}	src/system/rndobj/MatAnim.cpp
default/PropSync	?PropSync@@YA_NAAVMatrix3@Hmx@@AAVDataNode@@PAVDataArray@@HW4PropOp@@@Z	1156	32.072666	35.49827	SOURCE_INSDEL	333	False	{'register': 182, 'immediate': 55, 'relocname': 25, 'branchdest': 6, 'opcode': 13}	src/system/obj/PropSync.cpp
default/CameraShot	?Shake@CamShot@@IAAXMMABVVector2@@AAVVector3@@1@Z	1148	95.56446	95.912895	SOURCE_INSDEL	77	False	{'relocname': 2, 'immediate': 53, 'register': 16, 'opcode': 2, 'branchdest': 2}	src/system/world/CameraShot.cpp
default/system/bandobj/BandHeadShaper	?Init@BandHeadShaper@@SAXXZ	1144	98.88112	99.65035	SOURCE_INSDEL	41	False	{'register': 44, 'relocname': 31}	src/system/bandobj/BandHeadShaper.cpp
default/BandHighlight	?Save@BandHighlight@@UAAXAAVBinStream@@@Z	1140	0.14035088	0.14035088	SOURCE_INSDEL	285	False	{'opcode': 1}	src/system/bandobj/BandHighlight.cpp
default/Character	?Sort@CharPollableSorter@@QAAXAAV?$vector@PAVRndPollable@@V?$StlNodeAlloc@PAVRndPollable@@@stlpmtx_std@@@stlpmtx_std@@@Z	1136	93.67958	94.43662	SOURCE_INSDEL	50	False	{'register': 40, 'relocname': 9, 'opcode': 3}	src/system/char/Character.cpp
default/PitchArrow	??0PitchArrow@@QAA@XZ	1132	99.250885	99.28622	CODEGEN_ORDERING	4	True	{'register': 2, 'immediate': 2}	src/system/bandobj/PitchArrow.cpp
default/Flare	?DrawShowing@RndFlare@@UAAXXZ	1124	98.52669	98.91815	SOURCE_INSDEL	26	False	{'immediate': 4, 'register': 22}	src/system/rndobj/Flare.cpp
default/system/bandobj/BandTrack	?Reset@BandTrack@@UAAXXZ	1116	78.1362	78.530464	SOURCE_INSDEL	81	False	{'relocname': 7, 'immediate': 6, 'register': 16, 'opcode': 3}	src/system/bandobj/BandTrack.cpp
default/ChordShapeGenerator	??0ChordShapeGenerator@@QAA@XZ	1112	97.258995	98.428055	CODEGEN_ORDERING	47	True	{'register': 62, 'immediate': 37, 'relocname': 3}	src/system/bandobj/ChordShapeGenerator.cpp
default/BandCrowdMeter	?SyncObjects@BandCrowdMeter@@UAAXXZ	1104	99.771736	99.952896	SOURCE_ARG(imm/opcode/branch)	23	True	{'immediate': 13, 'relocname': 10}	src/system/bandobj/BandCrowdMeter.cpp
default/SongParser	?StartVocalNote@SongParser@@QAAXHEPBD@Z	1104	96.235504	96.36232	CODEGEN_ORDERING	17	True	{'relocname': 3, 'register': 5, 'immediate': 4}	src/system/beatmatch/SongParser.cpp
default/band3/meta_band/UGCPurchasePanel	?Poll@UGCPurchasePanel@@UAAXXZ	1104	87.69203	87.891304	SOURCE_INSDEL	63	False	{'immediate': 22, 'opcode': 2, 'register': 11}	src/band3/meta_band/UGCPurchasePanel.cpp
default/CharIKFingers	?CalculateFingerDest@CharIKFingers@@IAAXW4FingerNum@1@@Z	1100	89.152725	90.38909	CODEGEN_ORDERING	71	True	{'relocname': 4, 'immediate': 23, 'register': 66, 'opcode': 7}	src/system/char/CharIKFingers.cpp
default/system/rndobj/Utl	?SpliceKeys@@YAXPAVRndTransAnim@@0MM@Z	1096	98.740875	98.90511	SOURCE_INSDEL	12	False	{'relocname': 7, 'register': 2}	src/system/rndobj/Utl.cpp
default/BandDirector	??0BandDirector@@QAA@XZ	1088	83.13971	83.507355	SOURCE_INSDEL	74	False	{'register': 19, 'opcode': 18, 'relocname': 3, 'immediate': 6}	src/system/bandobj/BandDirector.cpp
default/CharBonesSamples	?Save@CharBonesSamples@@QAAXAAVBinStream@@@Z	1088	91.57721	91.944855	SOURCE_INSDEL	68	False	{'relocname': 2, 'immediate': 31, 'opcode': 6, 'register': 18}	src/system/char/CharBonesSamples.cpp
default/system/rndobj/Rnd	?DrawTimers@Rnd@@IAAMM@Z	1080	95.64815	96.03704	SOURCE_INSDEL	38	False	{'register': 20, 'relocname': 4, 'opcode': 1, 'immediate': 10, 'branchdest': 1}	src/system/rndobj/Rnd.cpp
default/Tail	?UpdateVerts@Tail@@QAAXM_N@Z	1064	65.672935	68.06015	SOURCE_INSDEL	199	False	{'relocname': 6, 'immediate': 16, 'register': 122, 'opcode': 13}	src/band3/bandtrack/Tail.cpp
default/Shader	?CalcShaderOpts@RndShaderFur@@MAA_KPAVNgMat@@W4ShaderType@@_N@Z	1056	39.632576	41.905304	SOURCE_INSDEL	261	False	{'relocname': 10, 'immediate': 29, 'register': 88, 'opcode': 23, 'branchdest': 6}	src/system/rndobj/Shader.cpp
default/Env	?Save@RndEnviron@@UAAXAAVBinStream@@@Z	1056	43.950756	44.48106	SOURCE_INSDEL	204	False	{'immediate': 37, 'register': 13, 'relocname': 15, 'opcode': 7}	src/system/rndobj/Env.cpp
default/band3/meta_band/ViewSetting	?Handle@ViewSettingsProvider@@UAA?AVDataNode@@PAVDataArray@@_N@Z	1036	96.208496	96.440155	SOURCE_INSDEL	22	False	{'register': 10, 'relocname': 4, 'opcode': 2, 'immediate': 2, 'branchdest': 2}	src/band3/meta_band/ViewSetting.cpp
default/RockCentral	?OnMsg@RockCentral@@QAA?AVDataNode@@ABVServerStatusChangedMsg@@@Z	1024	94.015625	94.91406	SOURCE_INSDEL	61	False	{'register': 45, 'immediate': 2, 'relocname': 2}	src/band3/net_band/RockCentral.cpp
default/CameraShot	?BuildTransform@CamShotFrame@@QBAXPAVRndCam@@AAVTransform@@_N@Z	1024	96.25781	96.82422	SOURCE_INSDEL	37	False	{'register': 28, 'immediate': 13, 'relocname': 1}	src/system/world/CameraShot.cpp
default/Mic	?Poll@MicXbox@@QAAXXZ	1024	92.72266	94.44141	SOURCE_INSDEL	70	False	{'register': 86, 'immediate': 6, 'relocname': 5, 'branchdest': 2, 'opcode': 2}	src/system/synth_xbox/Mic.cpp
default/PatchDir	?Draw@PatchLayer@@QAAXXZ	1020	76.407845	78.03529	SOURCE_INSDEL	141	False	{'relocname': 11, 'immediate': 42, 'opcode': 11, 'register': 80}	src/system/bandobj/PatchDir.cpp
default/Crowd	?Draw3DChars@WorldCrowd@@IAAXXZ	1012	29.87747	31.517786	SOURCE_INSDEL	232	False	{'immediate': 17, 'register': 80, 'relocname': 3, 'opcode': 5, 'branchdest': 1}	src/system/world/Crowd.cpp
default/CharIKHand	?Load@CharIKHand@@UAAXAAVBinStream@@@Z	980	99.98367	99.98367	SOURCE_ARG(imm/opcode/branch)	4	True	{'immediate': 4}	src/system/char/CharIKHand.cpp
default/band3/meta_band/BandStorePanel	?Poll@BandStorePanel@@UAAXXZ	980	45.0449	46.10612	SOURCE_INSDEL	215	False	{'relocname': 9, 'immediate': 44, 'register': 44, 'opcode': 16}	src/band3/meta_band/BandStorePanel.cpp
default/band3/meta_band/PatchPanel	?Poll@PatchPanel@@UAAXXZ	980	91.457146	92.02857	SOURCE_INSDEL	47	False	{'relocname': 2, 'immediate': 8, 'register': 23, 'opcode': 4, 'branchdest': 1}	src/band3/meta_band/PatchPanel.cpp
default/Line	?SetNumPoints@RndLine@@QAAXH@Z	976	99.0123	99.15574	SOURCE_INSDEL	15	False	{'relocname': 2, 'immediate': 6, 'register': 5}	src/system/rndobj/Line.cpp
default/AmbientOcclusion	?Pack@kdTreeNode@?$kdTree@VTriangle@@@@QAAXW4SplitPlaneType@2@ABVBox@@AAV?$list@PAVTriangle@@V?$StlNodeAlloc@PAVTriangle@@@stlpmtx_std@@@stlpmtx_std@@PAV12@E@Z	972	85.300415	86.02058	SOURCE_INSDEL	60	False	{'register': 32, 'immediate': 18, 'opcode': 3, 'relocname': 2}	src/system/rndobj/AmbientOcclusion.cpp
default/MidiReader	?ReadMetaEvent@MidiReader@@AAAXHEAAVBinStream@@@Z	972	99.43621	99.43621	SOURCE_ARG(imm/opcode/branch)	19	True	{'immediate': 17, 'opcode': 2}	src/system/midi/MidiReader.cpp
default/FFT	?fft_real_forward_altivec@@YAHPAMJ0@Z	964	0.0	0.0	NO_BODY/stub	241	False	{}	src/system/synth_xbox/FFT.cpp
default/Spotlight	?BuildNGQuad@Spotlight@@IAAXAAUBeamDef@1@W4Constraint@RndTransformable@@@Z	964	84.17427	87.80498	SOURCE_INSDEL	147	False	{'relocname': 8, 'register': 172, 'immediate': 19, 'opcode': 12, 'branchdest': 1}	src/system/world/Spotlight.cpp
default/system/rndobj/Utl	?MakeTangentsLate@@YAXPAVRndMesh@@@Z	952	56.336136	58.584034	SOURCE_INSDEL	194	False	{'relocname': 2, 'immediate': 37, 'register': 107, 'opcode': 15, 'branchdest': 1}	src/system/rndobj/Utl.cpp
default/PeakDetector	?Detect@PeakDetector@Synapse@DSP@@QAAXI@Z	948	0.0	0.0	NO_BODY/stub	237	False	{}	src/system/synth_xbox/PeakDetector.cpp
default/Scheduler	??0Scheduler@Quazal@@QAA@EPAVSchedulerWorkerThread@01@@Z	948	35.383965	37.85232	SOURCE_INSDEL	230	False	{'opcode': 32, 'immediate': 51, 'register': 115, 'relocname': 5, 'branchdest': 2}	src/network/Core/Scheduler.cpp
default/RockCentral	?SyncAvailableSongs@RockCentral@@QAAXABV?$vector@PAVBandProfile@@V?$StlNodeAlloc@PAVBandProfile@@@stlpmtx_std@@@stlpmtx_std@@ABV?$vector@HV?$StlNodeAlloc@H@stlpmtx_std@@@3@1PAVObject@Hmx@@@Z	944	80.19068	81.355934	CODEGEN_ORDERING	95	True	{'relocname': 13, 'register': 49}	src/band3/net_band/RockCentral.cpp
default/CharBonesSamples	?EvaluateChannel@CharBonesSamples@@QAAXPAXHHM@Z	944	83.754234	85.15254	SOURCE_INSDEL	99	False	{'register': 63, 'branchdest': 3, 'immediate': 24, 'opcode': 3}	src/system/char/CharBonesSamples.cpp
default/ContentMgr_Xbox	?StartRefresh@XboxContentMgr@@UAAXXZ	932	69.38197	69.93991	SOURCE_INSDEL	104	False	{'relocname': 6, 'immediate': 14, 'register': 17, 'branchdest': 2, 'opcode': 8}	src/system/os/ContentMgr_Xbox.cpp
default/ChunkStream	?Eof@ChunkStream@@UAA?AW4EofType@@XZ	932	96.90558	97.14163	CODEGEN_ORDERING	17	True	{'register': 11, 'immediate': 6, 'opcode': 1}	src/system/utl/ChunkStream.cpp
default/VocalTrack	?UpdatePitchArrow@VocalTrack@@QAAXMH@Z	928	98.25431	98.87931	SOURCE_INSDEL	29	False	{'register': 29, 'opcode': 1}	src/band3/bandtrack/VocalTrack.cpp
default/Text	?ParseMarkup@RndText@@QBAPBDPBDPAVStyle@1@MM@Z	924	97.8961	97.98268	SOURCE_INSDEL	7	False	{'register': 2, 'opcode': 1}	src/system/rndobj/Text.cpp
default/system/dsp/SndAnalysis	?FindCCPeak@@YAHPBM0HH@Z	920	95.660866	96.4	SOURCE_INSDEL	31	False	{'register': 32, 'opcode': 2, 'immediate': 3}	src/system/dsp/SndAnalysis.cpp
default/BandCharacter	?OnInstallFilter@BandCharacter@@QAA?AVDataNode@@PAVDataArray@@@Z	904	85.10177	86.89381	SOURCE_INSDEL	103	False	{'relocname': 20, 'immediate': 14, 'register': 76, 'opcode': 6}	src/system/bandobj/BandCharacter.cpp
default/Spotlight	?DrawShowing@Spotlight@@UAAXXZ	904	79.340706	79.539825	SOURCE_INSDEL	67	False	{'immediate': 15, 'register': 6, 'branchdest': 1}	src/system/world/Spotlight.cpp
default/GranularSynth	?ExtractGranules@GranularSynth@Synapse@DSP@@QAAXXZ	900	0.0	0.0	NO_BODY/stub	225	False	{}	src/system/synth_xbox/GranularSynth.cpp
default/BandCharacter	?PlayMainClip@BandCharacter@@QAAPAVCharClipDriver@@H_N@Z	896	47.183037	48.63393	SOURCE_INSDEL	179	False	{'relocname': 4, 'immediate': 7, 'opcode': 7, 'register': 47, 'branchdest': 10}	src/system/bandobj/BandCharacter.cpp
default/GemManager	??0GemManager@@QAA@ABVTrackConfig@@PAVTrackDir@@@Z	896	99.92411	99.99107	SOURCE_ARG(imm/opcode/branch)	3	True	{'register': 2, 'immediate': 2, 'relocname': 1}	src/band3/bandtrack/GemManager.cpp
default/File	?RecursePatternInternal@@YAXPBDP6AX00@Z_N2@Z	892	85.9417	87.01794	SOURCE_INSDEL	78	False	{'relocname': 5, 'immediate': 5, 'register': 39, 'opcode': 3, 'branchdest': 3}	src/system/os/File.cpp
default/CharIKFoot	?DoFSM@CharIKFoot@@IAAXAAVTransform@@@Z	892	97.70403	98.3991	SOURCE_INSDEL	28	False	{'opcode': 4, 'register': 31, 'immediate': 17}	src/system/char/CharIKFoot.cpp
default/band3/game/TrainerGemTab	?DrawTails@TrainerGemTab@@QAAXABVGameGem@@HHMM@Z	888	98.58108	99.27928	SOURCE_INSDEL	19	False	{'register': 31, 'opcode': 1}	src/band3/game/TrainerGemTab.cpp
default/system/rndobj/Utl	?UtilDrawCigar@@YAXABVTransform@@QBM1ABVColor@Hmx@@H@Z	872	81.30734	82.63761	SOURCE_INSDEL	99	False	{'register': 58, 'immediate': 25, 'opcode': 6}	src/system/rndobj/Utl.cpp
default/StandardStream	?InitInfo@StandardStream@@QAAXHH_NH@Z	872	66.857796	69.977066	SOURCE_INSDEL	180	False	{'relocname': 8, 'immediate': 8, 'opcode': 9, 'register': 127, 'branchdest': 1}	src/system/synth/StandardStream.cpp
default/VocalTrack	??0VocalTrack@@QAA@PAVBandUser@@@Z	868	84.7235	85.622116	SOURCE_INSDEL	70	False	{'opcode': 10, 'register': 32, 'immediate': 20, 'relocname': 14}	src/band3/bandtrack/VocalTrack.cpp
default/EventTrigger	??0EventTrigger@@IAA@XZ	868	98.09677	98.14286	CODEGEN_ORDERING	7	True	{'register': 2, 'immediate': 3}	src/system/rndobj/EventTrigger.cpp
default/BandIKEffector	?PollDeps@BandIKEffector@@UAAXAAV?$list@PAVObject@Hmx@@V?$StlNodeAlloc@PAVObject@Hmx@@@stlpmtx_std@@@stlpmtx_std@@0@Z	856	98.66822	98.9486	SOURCE_INSDEL	16	False	{'relocname': 12, 'opcode': 2}	src/system/bandobj/BandIKEffector.cpp
default/system/bandobj/BandHeadShaper	?SetMeshAnim@@YAXPAVObjectDir@@AAV?$vector@HV?$StlNodeAlloc@H@stlpmtx_std@@@stlpmtx_std@@@Z	852	96.03287	96.15024	SOURCE_INSDEL	14	False	{'branchdest': 3, 'relocname': 1, 'register': 1, 'opcode': 2}	src/system/bandobj/BandHeadShaper.cpp
default/Geo	?Intersect@@YA_NABVTriangle@@ABVBox@@@Z	848	76.1934	80.037735	SOURCE_INSDEL	141	False	{'relocname': 2, 'register': 161, 'immediate': 27, 'opcode': 5}	src/system/math/Geo.cpp
default/CharEyes	??0CharEyes@@IAA@XZ	840	80.790474	81.90952	CODEGEN_ORDERING	84	True	{'relocname': 10, 'register': 43, 'immediate': 24, 'opcode': 3}	src/system/char/CharEyes.cpp
default/BandWardrobe	?FindBestScoringHint@BandWardrobe@@QAAHPAVSymbol@@PAVSlotInfo@1@AAH@Z	828	55.961353	58.038647	SOURCE_INSDEL	164	False	{'relocname': 19, 'immediate': 6, 'register': 77, 'opcode': 3, 'branchdest': 6}	src/system/bandobj/BandWardrobe.cpp
default/ContentMgr_Xbox	?PollRefresh@XboxContentMgr@@UAAXXZ	824	0.0	1.0679612	NO_BODY/stub	336	False	{'relocname': 3, 'immediate': 13, 'branchdest': 3, 'register': 30, 'opcode': 10}	src/system/os/ContentMgr_Xbox.cpp
default/Bitmap	?PixelOffset@RndBitmap@@ABAHHHAA_N@Z	820	74.40976	78.336586	SOURCE_INSDEL	135	False	{'register': 130, 'immediate': 8, 'opcode': 15, 'relocname': 8}	src/system/rndobj/Bitmap.cpp
default/LightPreset	?SetFrameEx@LightPreset@@QAAXMM_N@Z	816	83.57353	83.9902	SOURCE_INSDEL	54	False	{'opcode': 5, 'register': 17, 'relocname': 1, 'branchdest': 1, 'immediate': 1}	src/system/world/LightPreset.cpp
default/Joypad_Xinput	?ReadSingleXinputJoypad@@YA?AW4JoypadType@@HHPAIPAD11111QAM2QAE@Z	812	81.83251	82.891624	SOURCE_INSDEL	86	False	{'register': 34, 'branchdest': 6, 'immediate': 13, 'relocname': 8, 'opcode': 6}	src/system/os/Joypad_Xinput.cpp
default/system/rndobj/Utl	?ComputeFaceTangentBasis@@YAXPAVRndMesh@@HAAVMatrix3@Hmx@@@Z	812	74.512314	77.07389	SOURCE_INSDEL	123	False	{'relocname': 2, 'immediate': 34, 'opcode': 7, 'register': 98, 'branchdest': 4}	src/system/rndobj/Utl.cpp
default/CalibrationPanel	?UpdateLabel@CalibrationPanel@@QAAXXZ	804	86.96517	87.462685	SOURCE_INSDEL	44	False	{'register': 20, 'relocname': 6, 'opcode': 12}	src/band3/meta_band/CalibrationPanel.cpp
default/VelocityBuffer	?Draw@RndVelocityBuffer@@QAA_NPAVRndCam@@AAV?$ObjPtrList@VRndDrawable@@VObjectDir@@@@@Z	792	36.247475	37.661617	SOURCE_INSDEL	172	False	{'register': 57, 'immediate': 4, 'opcode': 3, 'relocname': 2}	src/system/rndobj/VelocityBuffer.cpp
default/UI	?Poll@UIManager@@UAAXXZ	792	56.10606	56.585857	SOURCE_INSDEL	104	False	{'relocname': 3, 'immediate': 9, 'register': 13, 'opcode': 3, 'branchdest': 2}	src/system/ui/UI.cpp
default/File	FileMakePath	792	5.6666665	6.020202	SOURCE_INSDEL	197	False	{'opcode': 5, 'immediate': 3, 'register': 13, 'relocname': 1}	src/system/os/File.cpp
default/Game	??1Game@@UAA@XZ	792	99.28283	99.48485	SOURCE_INSDEL	8	False	{'relocname': 3, 'register': 7, 'immediate': 2}	src/band3/game/Game.cpp
default/BandStarDisplay	?SetNumStars@BandStarDisplay@@QAAXM_N@Z	780	98.88205	98.95898	CODEGEN_ORDERING	8	True	{'immediate': 3, 'register': 2, 'branchdest': 1}	src/system/bandobj/BandStarDisplay.cpp
default/PropSync	?DrawShowing@WorldDir@@UAAXXZ	780	95.68205	95.88718	SOURCE_INSDEL	17	False	{'relocname': 4, 'immediate': 3, 'register': 5}	src/system/obj/PropSync.cpp
default/GranularSynth	?Synthesize@GranularSynth@Synapse@DSP@@QAAXIPBQAM@Z	780	0.0	0.0	NO_BODY/stub	195	False	{}	src/system/synth_xbox/GranularSynth.cpp
default/DeployCountTracker	?Poll_@DeployCountTracker@@UAAXM@Z	780	96.71795	97.4359	SOURCE_INSDEL	30	False	{'register': 28}	src/band3/game/DeployCountTracker.cpp
default/CharMeshHide	?UpdateOverlay@Synth@@UAAMPAVRndOverlay@@M@Z	776	90.85567	92.50516	SOURCE_INSDEL	94	False	{'immediate': 38, 'register': 63, 'relocname': 13, 'branchdest': 1, 'opcode': 2}	src/system/char/CharMeshHide.cpp
default/CharIKFingers	??0CharIKFingers@@IAA@XZ	776	64.608246	65.97423	SOURCE_INSDEL	124	False	{'register': 53, 'relocname': 12, 'immediate': 21, 'opcode': 18}	src/system/char/CharIKFingers.cpp
default/VocalTrack	?UpdateTubePlates@VocalTrack@@QAAXAAV?$deque@PAVTubePlate@@V?$StlNodeAlloc@PAVTubePlate@@@stlpmtx_std@@@stlpmtx_std@@MM_N@Z	772	90.668396	91.8342	SOURCE_INSDEL	64	False	{'immediate': 16, 'register': 44, 'relocname': 1, 'opcode': 1}	src/band3/bandtrack/VocalTrack.cpp
default/BandRetargetVignette	?EnterDir@BandRetargetVignette@@QBAXXZ	772	99.42487	99.476685	SOURCE_INSDEL	4	False	{'relocname': 2, 'immediate': 1}	src/system/bandobj/BandRetargetVignette.cpp
default/FFT	?fft_scalar@@YAHPAM0KJ0@Z	772	76.23834	80.435234	SOURCE_INSDEL	150	False	{'relocname': 2, 'register': 156, 'immediate': 11, 'opcode': 9, 'branchdest': 5}	src/system/synth_xbox/FFT.cpp
default/FlangerEffect	?Process@FlangerEffect@@QAAXPAMHH@Z	768	77.927086	81.13021	SOURCE_INSDEL	124	False	{'register': 123, 'relocname': 4, 'opcode': 12, 'immediate': 3}	src/system/synth/FlangerEffect.cpp
default/Lit	?Projection@RndLight@@QAA?AVTransform@@XZ	764	64.387436	67.29319	SOURCE_INSDEL	147	False	{'immediate': 47, 'register': 108, 'relocname': 2, 'branchdest': 2, 'opcode': 5}	src/system/rndobj/Lit.cpp
default/VocalTrack	?Handle@VocalTrack@@UAA?AVDataNode@@PAVDataArray@@_N@Z	760	98.91579	98.94211	CODEGEN_ORDERING	3	True	{'register': 1, 'immediate': 1}	src/band3/bandtrack/VocalTrack.cpp
default/WahEffect	?Process@WahEffect@@QAAXPAMHH@Z	760	89.28421	90.46842	SOURCE_INSDEL	53	False	{'register': 42, 'immediate': 5, 'relocname': 2, 'opcode': 5}	src/system/synth/WahEffect.cpp
default/BeatMatchController	?NewController@@YAPAVBeatMatchController@@PAVUser@@PBVDataArray@@PAVBeatMatchControllerSink@@_N3W4TrackType@@@Z	760	0.0	0.0	NO_BODY/stub	190	False	{}	src/system/beatmatch/BeatMatchController.cpp
default/system/rndobj/Utl	?UtilDrawPlane@@YAXABVPlane@@ABVVector3@@ABVColor@Hmx@@HM_N@Z	756	99.34392	99.74074	SOURCE_ARG(imm/opcode/branch)	58	True	{'immediate': 49, 'register': 15}	src/system/rndobj/Utl.cpp
default/MoviePanel	?Load@MoviePanel@@UAAXXZ	752	78.53191	79.223404	SOURCE_INSDEL	70	False	{'register': 22, 'immediate': 6, 'relocname': 3, 'branchdest': 1}	src/system/meta/MoviePanel.cpp
default/band3/bandtrack/TrackPanel	?Poll@TrackPanel@@UAAXXZ	752	96.87766	97.96809	SOURCE_INSDEL	43	False	{'register': 41, 'opcode': 3, 'immediate': 2, 'relocname': 1}	src/band3/bandtrack/TrackPanel.cpp
default/GemPlayer	?UpdateCrowdMeter@GemPlayer@@QAAXMH@Z	748	97.26203	97.315506	SOURCE_INSDEL	9	False	{'opcode': 3, 'immediate': 2, 'register': 4}	src/band3/game/GemPlayer.cpp
default/VocalTrack	?UpdateTambourineGems@VocalTrack@@QAAXXZ	744	87.18817	88.20968	CODEGEN_ORDERING	52	True	{'register': 37, 'immediate': 13, 'opcode': 3, 'relocname': 1}	src/band3/bandtrack/VocalTrack.cpp
default/VocalTrack	?PollLyricAnimations@VocalTrack@@QAAXAAV?$deque@PAVLyricPlate@@V?$StlNodeAlloc@PAVLyricPlate@@@stlpmtx_std@@@stlpmtx_std@@M_N@Z	744	84.26344	85.98387	SOURCE_INSDEL	88	False	{'relocname': 4, 'immediate': 7, 'register': 61, 'branchdest': 1}	src/band3/bandtrack/VocalTrack.cpp
default/LightPreset	?Copy@RhythmDetector@@UAAXPBVObject@Hmx@@W4CopyType@23@@Z	744	13.306452	14.086021	SOURCE_INSDEL	188	False	{'opcode': 16, 'immediate': 15, 'register': 26, 'relocname': 1}	src/system/world/LightPreset.cpp
default/system/synth_xbox/FxSendReverb	?ReverbConvertI3DL2ToNative@@YAXPBUXAUDIO2FX_REVERB_I3DL2_PARAMETERS@@PAUXAUDIO2FX_REVERB_PARAMETERS@@@Z	740	0.0	0.0	NO_BODY/stub	185	False	{}	src/system/synth_xbox/FxSendReverb.cpp
default/DOFProc_NG	?SetVHBlurWeights@@YAX_NHH@Z	740	76.90811	78.178375	SOURCE_INSDEL	101	False	{'immediate': 37, 'register': 42, 'relocname': 9, 'opcode': 5, 'branchdest': 2}	src/system/rndobj/DOFProc_NG.cpp
default/BandUser	?SyncLoad@RemoteBandUser@@UAAXAAVBinStream@@I@Z	740	84.03243	84.11351	SOURCE_INSDEL	70	False	{'immediate': 39, 'relocname': 1, 'register': 2}	src/band3/game/BandUser.cpp
default/ByteGrinder	?SyncProperty@SkeletonClip@@UAA_NAAVDataNode@@PAVDataArray@@HW4PropOp@@@Z	736	0.0	1.9021739	NO_BODY/stub	357	False	{'immediate': 31, 'register': 40, 'branchdest': 9, 'relocname': 4, 'opcode': 12}	src/system/synth/ByteGrinder.cpp
default/PatchDir	?LoadStickerData@PatchDir@@QAAXXZ	732	96.74317	97.18033	SOURCE_INSDEL	28	False	{'immediate': 16, 'register': 13, 'relocname': 3}	src/system/bandobj/PatchDir.cpp
default/system/rnddx9/ShaderMgr	?Compile@DxShader@@MAA_NW4ShaderType@@ABUShaderOptions@@AAPAVRndShaderBuffer@@2@Z	728	50.917583	52.29121	SOURCE_INSDEL	148	False	{'relocname': 8, 'immediate': 32, 'register': 44, 'opcode': 19}	src/system/rnddx9/ShaderMgr.cpp
default/Part	?UpdateParticles@RndParticleSys@@IAAXXZ	720	99.97222	99.97222	other	1	False	{}	src/system/rndobj/Part.cpp
default/GameConfig	?AssignTracks@GameConfig@@QAAXXZ	716	95.58659	95.81006	SOURCE_INSDEL	17	False	{'opcode': 4, 'register': 8}	src/band3/game/GameConfig.cpp
default/Env_NG	?SetPointLightRegisters@?A0x8e417309@@YA_NHAAVRndLight@@AA_N@Z	712	86.51124	87.24157	SOURCE_INSDEL	42	False	{'register': 25, 'immediate': 7, 'relocname': 1, 'opcode': 1}	src/system/rndobj/Env_NG.cpp
default/MicInputArrow	?Handle@MicInputArrow@@UAA?AVDataNode@@PAVDataArray@@_N@Z	712	67.955055	69.07865	SOURCE_INSDEL	93	False	{'relocname': 6, 'immediate': 8, 'register': 38}	src/system/bandobj/MicInputArrow.cpp
default/band3/game/TrainerPanel	?StartSection@TrainerPanel@@QAAXH@Z	708	97.09039	97.74011	SOURCE_INSDEL	21	False	{'register': 23}	src/band3/game/TrainerPanel.cpp
default/GemPlayer	??0GemPlayer@@QAA@PAVBandUser@@PAVBeatMaster@@PAVBand@@HPAVBandPerformer@@@Z	708	0.0	2.9661016	NO_BODY/stub	647	False	{'relocname': 13, 'register': 91, 'immediate': 57, 'opcode': 19, 'branchdest': 1}	src/band3/game/GemPlayer.cpp
default/StorePreviewMgr	?Handle@StorePreviewMgr@@UAA?AVDataNode@@PAVDataArray@@_N@Z	704	90.267044	90.267044	SOURCE_INSDEL	30	False	{'immediate': 13}	src/system/meta/StorePreviewMgr.cpp
default/VocalTrackDir	?SetRange@VocalTrackDir@@QAAXMMH_N@Z	700	93.53714	93.82286	SOURCE_INSDEL	17	False	{'register': 9, 'immediate': 1, 'opcode': 3, 'relocname': 1}	src/system/bandobj/VocalTrackDir.cpp
default/Mesh	?CollideShowing@RndMesh@@UAAPAVRndDrawable@@ABVSegment@@AAMAAVPlane@@@Z	696	91.05173	92.0	SOURCE_INSDEL	62	False	{'immediate': 32, 'register': 33, 'opcode': 1}	src/system/rndobj/Mesh.cpp
default/NetCacheMgr	?AddLoaderRef@NetCacheMgr@@IAAPAUNetLoaderRef@@PBDW4RefType@1@W4NetLoaderPos@@@Z	696	96.43678	96.81035	SOURCE_INSDEL	54	False	{'immediate': 35, 'register': 13, 'opcode': 2}	src/system/utl/NetCacheMgr.cpp
default/SongParser	?ParseText@SongParser@@QAAXHPBD@Z	696	98.67816	98.793106	CODEGEN_ORDERING	6	True	{'branchdest': 2}	src/system/beatmatch/SongParser.cpp
default/FocusTracker	?GetNextFocusPlayer@StreakFocusTracker@@UBA?AUTrackerPlayerID@@ABU2@MAA_N@Z	692	98.728325	98.728325	SOURCE_INSDEL	3	False	{'opcode': 2}	src/band3/game/FocusTracker.cpp
default/StorePanel	?EnumerateOffers@StorePanel@@MAAX_N@Z	692	62.716763	63.265896	SOURCE_INSDEL	89	False	{'register': 18, 'immediate': 10, 'opcode': 9}	src/system/meta/StorePanel.cpp
default/Memcard_Xbox	?PrintDir@MCContainerXbox@@UAA?AW4MCResult@@PBD_N@Z	684	98.947365	99.41521	SOURCE_INSDEL	16	False	{'register': 16}	src/system/os/Memcard_Xbox.cpp
default/GemTrack	?DrawBeatLine@GemTrack@@QAAXVSymbol@@HH_N@Z	684	95.730995	95.84795	SOURCE_INSDEL	13	False	{'relocname': 2, 'branchdest': 2}	src/band3/bandtrack/GemTrack.cpp
default/mtx	?Multiply@@YAXABVMatrix3@Hmx@@0AAV12@@Z	680	28.794117	32.32353	SOURCE_INSDEL	168	False	{'immediate': 25, 'relocname': 2, 'register': 118, 'opcode': 3}	src/system/math/mtx.cpp
default/system/rndobj/Utl	?BurnXfm@@YAXPAVRndMesh@@_N@Z	680	98.670586	99.84706	SOURCE_ARG(imm/opcode/branch)	43	True	{'immediate': 26, 'register': 40}	src/system/rndobj/Utl.cpp
default/PitchDetector	?Detect@PitchDetector@Synapse@DSP@@QAAXI@Z	676	79.54438	81.49704	SOURCE_INSDEL	81	False	{'relocname': 4, 'register': 63, 'immediate': 7, 'opcode': 7, 'branchdest': 1}	src/system/synth_xbox/PitchDetector.cpp
default/CameraShot	?Copy@CamShot@@UAAXPBVObject@Hmx@@W4CopyType@23@@Z	676	95.81657	95.84615	SOURCE_INSDEL	10	False	{'immediate': 2, 'relocname': 1}	src/system/world/CameraShot.cpp
default/GemTrackResourceManager	?InitSmasherPlates@GemTrackResourceManager@@QAAXXZ	672	94.49405	94.52381	CODEGEN_ORDERING	11	True	{'opcode': 2, 'register': 1}	src/system/bandobj/GemTrackResourceManager.cpp
default/BandDirector	?OnMidiPresetCleanup@BandDirector@@QAAX_N@Z	672	99.583336	99.64286	SOURCE_ARG(imm/opcode/branch)	3	False	{'opcode': 1, 'register': 1, 'relocname': 1}	src/system/bandobj/BandDirector.cpp
default/JoypadController	??0JoypadController@@QAA@PAVUser@@PBVDataArray@@PAVBeatMatchControllerSink@@_N3@Z	672	99.36905	99.39881	SOURCE_INSDEL	2	False	{'immediate': 1, 'register': 1}	src/system/beatmatch/JoypadController.cpp
default/StandardStream	?Init@StandardStream@@AAAXMMVSymbol@@_N@Z	672	99.934525	99.99405	SOURCE_ARG(imm/opcode/branch)	3	True	{'immediate': 1, 'relocname': 2}	src/system/synth/StandardStream.cpp
default/band3/meta_band/StoreMainPanel	?Poll@StoreMainPanel@@UAAXXZ	664	92.981926	93.01205	SOURCE_INSDEL	13	False	{'branchdest': 1, 'opcode': 1}	src/band3/meta_band/StoreMainPanel.cpp
default/BandCamShot	?OnListAnimGroups@BandCamShot@@QAA?AVDataNode@@PBVDataArray@@@Z	660	99.63636	99.63636	SOURCE_ARG(imm/opcode/branch)	1	False	{'opcode': 1}	src/system/bandobj/BandCamShot.cpp
default/SoftParticleBuffer	?BlurSurface@RndSoftParticleBuffer@@AAAXXZ	660	66.10909	68.77576	SOURCE_INSDEL	116	False	{'relocname': 14, 'immediate': 7, 'register': 83, 'opcode': 4, 'branchdest': 1}	src/system/rndobj/SoftParticleBuffer.cpp
default/BandCharacter	?OnPostMerge@BandCharacter@@QAA?AVDataNode@@PAVDataArray@@@Z	656	83.32317	83.53658	SOURCE_INSDEL	33	False	{'relocname': 2, 'register': 5}	src/system/bandobj/BandCharacter.cpp
default/SongData	?UnflipGems@SongData@@QAAXHHH@Z	656	95.70122	96.79878	SOURCE_INSDEL	43	False	{'opcode': 2, 'register': 36, 'immediate': 5}	src/system/beatmatch/SongData.cpp
default/BandCrowdMeter	?Poll@BandCrowdMeter@@UAAXXZ	652	95.71779	96.760735	SOURCE_INSDEL	44	False	{'relocname': 3, 'immediate': 8, 'register': 31, 'opcode': 2}	src/system/bandobj/BandCrowdMeter.cpp
default/UIListState	?Scroll@UIListState@@QAAXH_N@Z	652	84.190186	84.74233	SOURCE_INSDEL	43	False	{'branchdest': 7, 'opcode': 3, 'register': 10, 'immediate': 2}	src/system/ui/UIListState.cpp
default/Rnd_Xbox	?FinishPostProcess@DxRnd@@AAAXXZ	652	49.398773	50.380367	SOURCE_INSDEL	117	False	{'opcode': 8, 'immediate': 8, 'register': 31, 'relocname': 6}	src/system/rnddx9/Rnd_Xbox.cpp
default/BandSongMgr	?AddSongData@BandSongMgr@@UAAXPAVDataArray@@AAV?$hash_map@HPAVSongMetadata@@U?$hash@H@stlpmtx_std@@U?$equal_to@H@3@V?$StlNodeAlloc@U?$pair@$$CBHPAVSongMetadata@@@stlpmtx_std@@@3@@stlpmtx_std@@PBDW4ContentLocT@@AAV?$vector@HV?$StlNodeAlloc@H@stlpmtx_std@@@4@@Z	652	99.60123	99.631905	SOURCE_ARG(imm/opcode/branch)	2	False	{'opcode': 1, 'relocname': 1}	src/band3/meta_band/BandSongMgr.cpp
default/BandDirector	?OnGetFaceOverrideClips@BandDirector@@QAA?AVDataNode@@PAVDataArray@@@Z	648	99.07407	99.25926	SOURCE_ARG(imm/opcode/branch)	7	True	{'register': 3, 'immediate': 1, 'branchdest': 1, 'relocname': 3}	src/system/bandobj/BandDirector.cpp
default/BaseMaterial	??0RndMat@@IAA@XZ	648	84.98148	85.35185	SOURCE_INSDEL	41	False	{'immediate': 13, 'register': 11, 'opcode': 1, 'relocname': 1}	src/system/rndobj/BaseMaterial.cpp
default/SongInfoCopy	??0SongInfoCopy@@QAA@XZ	648	44.253086	46.25926	SOURCE_INSDEL	147	False	{'relocname': 5, 'immediate': 6, 'register': 63}	src/system/utl/SongInfoCopy.cpp
default/system/rndobj/Rnd	?DrawPreClear@Rnd@@MAAXXZ	640	79.80625	81.0875	SOURCE_INSDEL	73	False	{'relocname': 3, 'register': 39, 'opcode': 3, 'immediate': 19, 'branchdest': 1}	src/system/rndobj/Rnd.cpp
default/BandCharDesc	?CopyCharDesc@BandCharDesc@@QAAXPBV1@@Z	636	96.30189	97.46541	SOURCE_INSDEL	31	False	{'relocname': 2, 'immediate': 3, 'register': 35}	src/system/bandobj/BandCharDesc.cpp
default/Mic	?ProcessChatData@ChatReceiver@@AAAXPAXIPAH@Z	636	91.93082	93.691826	SOURCE_INSDEL	59	False	{'register': 56, 'relocname': 7, 'immediate': 3, 'opcode': 5}	src/system/synth_xbox/Mic.cpp
default/AsyncFile	?PrintDiscFile@@YAXPBD@Z	632	96.582275	96.70886	SOURCE_INSDEL	9	False	{'relocname': 2, 'opcode': 2, 'register': 2, 'immediate': 1}	src/system/os/AsyncFile.cpp
default/DirLoader	?OpenFile@DirLoader@@AAAXXZ	632	2.0949366	3.012658	SOURCE_INSDEL	182	False	{'immediate': 9, 'register': 24, 'branchdest': 2, 'relocname': 5, 'opcode': 11}	src/system/obj/DirLoader.cpp
default/MemHeap	?Print@MemHeap@@QAAXAAVTextStream@@_N@Z	624	98.01282	99.23077	SOURCE_ARG(imm/opcode/branch)	36	True	{'register': 38, 'relocname': 3, 'opcode': 2}	src/system/utl/MemHeap.cpp
default/PropKeys	?SetFrame@FloatKeys@@UAAXMM@Z	620	99.96129	99.96129	SOURCE_ARG(imm/opcode/branch)	6	True	{'immediate': 6}	src/system/rndobj/PropKeys.cpp
default/StreakMeter	?PreLoad@StreakMeter@@UAAXAAVBinStream@@@Z	616	59.396103	59.85065	SOURCE_INSDEL	87	False	{'relocname': 5, 'immediate': 3, 'opcode': 23, 'register': 9}	src/system/bandobj/StreakMeter.cpp
default/TourDescPanel	?Mat@TourDescProvider@@UBAPAVRndMat@@HHPAVUIListMesh@@@Z	616	65.954544	66.24675	SOURCE_INSDEL	72	False	{'immediate': 13, 'register': 7, 'opcode': 8, 'relocname': 1}	src/band3/tour/TourDescPanel.cpp
default/CameraShot	?AddCrowdChars@CamShotCrowd@@QAAXPBV?$list@U?$pair@PAVRndMultiMesh@@U?$_List_iterator@UInstance@RndMultiMesh@@U?$_Nonconst_traits@UInstance@RndMultiMesh@@@stlpmtx_std@@@stlpmtx_std@@@stlpmtx_std@@V?$StlNodeAlloc@U?$pair@PAVRndMultiMesh@@U?$_List_iterator@UInstance@RndMultiMesh@@U?$_Nonconst_traits@UInstance@RndMultiMesh@@@stlpmtx_std@@@stlpmtx_std@@@stlpmtx_std@@@2@@stlpmtx_std@@@Z	616	97.954544	98.05195	SOURCE_INSDEL	6	False	{'branchdest': 1, 'relocname': 2}	src/system/world/CameraShot.cpp
default/StandardStream	?ConsumeData@StandardStream@@QAAHPAPAXHH@Z	616	96.27922	96.7013	SOURCE_INSDEL	25	False	{'relocname': 2, 'immediate': 8, 'register': 11}	src/system/synth/StandardStream.cpp
default/Geo	?Update@BSPFace@@QAAXXZ	612	97.79085	99.26144	SOURCE_INSDEL	37	False	{'relocname': 2, 'immediate': 13, 'register': 43}	src/system/math/Geo.cpp
default/CharLipSyncDriver	??0CharLipSyncDriver@@IAA@XZ	612	98.588234	98.68627	CODEGEN_ORDERING	5	True	{'register': 3, 'relocname': 2, 'immediate': 1}	src/system/char/CharLipSyncDriver.cpp
default/CrowdAudio	??0CrowdAudio@@QAA@XZ	608	86.64474	86.94079	SOURCE_INSDEL	29	False	{'opcode': 8, 'register': 8, 'immediate': 5, 'relocname': 1}	src/system/bandobj/CrowdAudio.cpp
default/AmbientOcclusion	?CalculateAOAtPoint@RndAmbientOcclusion@@IBAXABVVector3@@0PAM@Z	608	74.197365	76.17105	SOURCE_INSDEL	86	False	{'relocname': 14, 'immediate': 5, 'register': 54, 'opcode': 12}	src/system/rndobj/AmbientOcclusion.cpp
default/BandDirector	?EnterVenue@BandDirector@@QAAXXZ	604	61.43046	63.119205	SOURCE_INSDEL	102	False	{'relocname': 12, 'immediate': 10, 'register': 46, 'opcode': 9, 'branchdest': 2}	src/system/bandobj/BandDirector.cpp
default/band3/bandtrack/Track	?Poll@Track@@UAAXM@Z	604	95.039734	97.3245	CODEGEN_ORDERING	70	True	{'relocname': 3, 'immediate': 4, 'register': 66}	src/band3/bandtrack/Track.cpp
default/Gen	??0RndGenerator@@IAA@XZ	596	81.32215	81.69128	SOURCE_INSDEL	49	False	{'immediate': 8, 'register': 11, 'opcode': 12, 'relocname': 1}	src/system/rndobj/Gen.cpp
default/band3/meta_band/StoreMainPanel	?FinishLoad@StoreMainPanel@@UAAXXZ	592	99.324326	99.324326	SOURCE_INSDEL	1	False	{}	src/band3/meta_band/StoreMainPanel.cpp
default/system/synth_xbox/Synth	?SetupHeadsetSubmixes@Synth360@@AAAXXZ	588	85.95238	86.56463	CODEGEN_ORDERING	41	True	{'relocname': 1, 'opcode': 6, 'register': 17, 'immediate': 15}	src/system/synth_xbox/Synth.cpp
default/SpotlightDrawer_NG	?RenderScene@NgSpotlightDrawer@@QAAXXZ	588	99.58504	99.58504	SOURCE_ARG(imm/opcode/branch)	2	False	{'opcode': 1, 'immediate': 1}	src/system/world/SpotlightDrawer_NG.cpp
default/band3/game/RGTrainerPanel	?Handle@RGTrainerPanel@@UAA?AVDataNode@@PAVDataArray@@_N@Z	588	95.2381	95.5102	SOURCE_INSDEL	11	False	{'register': 8, 'opcode': 1}	src/band3/game/RGTrainerPanel.cpp
default/PitchArrow	?SyncObjects@PitchArrow@@UAAXXZ	588	96.462585	96.462585	CODEGEN_ORDERING	6	True	{'opcode': 2}	src/system/bandobj/PitchArrow.cpp
default/PropKeys	?SetFrame@Vector3Keys@@UAAXMM@Z	584	98.41781	98.4863	SOURCE_INSDEL	4	False	{'register': 2, 'immediate': 1, 'opcode': 2}	src/system/rndobj/PropKeys.cpp
default/MetaMusic	?Start@MetaMusic@@QAAXXZ	584	99.99315	99.99315	SOURCE_ARG(imm/opcode/branch)	1	True	{'immediate': 1}	src/system/synth/MetaMusic.cpp
default/band3/meta_band/ViewSetting	?FilterTypeToSym@FilterViewSetting@@SA?AVSymbol@@W4FilterType@@@Z	580	96.31035	96.37931	SOURCE_INSDEL	9	False	{'opcode': 7}	src/band3/meta_band/ViewSetting.cpp
default/Shader	?CalcShaderOpts@RndShaderPostProc@@MAA_KPAVNgMat@@W4ShaderType@@_N@Z	572	12.881119	16.167831	SOURCE_INSDEL	198	False	{'relocname': 2, 'register': 84, 'immediate': 49, 'opcode': 14}	src/system/rndobj/Shader.cpp
default/system/rndobj/Utl	?BuildFromBSP@@YAXPAVRndMesh@@@Z	572	72.39161	74.76923	SOURCE_INSDEL	87	False	{'relocname': 3, 'immediate': 8, 'register': 66, 'opcode': 5}	src/system/rndobj/Utl.cpp
default/SongSortMgr	?DoesSongMatchFilter@SongSortMgr@@QBA_NHPBVSongFilter@1@VSymbol@@@Z	568	97.02817	97.169014	SOURCE_INSDEL	10	False	{'immediate': 2, 'branchdest': 1, 'relocname': 2, 'register': 1}	src/band3/meta_band/SongSortMgr.cpp
default/rtti	?FindVITargetTypeInstance@@YAPBU_s_RTTIBaseClassDescriptor@@PAXPBU_s_RTTICompleteObjectLocator@@PAUTypeDescriptor@@H2@Z	568	0.0	0.0	NO_BODY/stub	142	False	{}	src/xdk/LIBCMT/rtti.cpp
default/Anim	?SyncObjects@RndDir@@UAAXXZ	564	32.96454	35.411346	SOURCE_INSDEL	165	False	{'relocname': 7, 'immediate': 18, 'register': 62, 'opcode': 21, 'branchdest': 1}	src/system/rndobj/Anim.cpp
default/CameraShot	?LoadSubPart@@YAPAVRndTransformable@@AAVBinStreamRev@@PAVCamShot@@@Z	560	93.49286	93.564285	SOURCE_INSDEL	12	False	{'immediate': 1, 'register': 1, 'relocname': 1}	src/system/world/CameraShot.cpp
default/Mesh	?FillCompressedVertex@@YAXAAUCompressedVertex_Xbox@@ABVVert@RndMesh@@_N@Z	556	99.84892	99.95683	SOURCE_ARG(imm/opcode/branch)	8	True	{'immediate': 6, 'register': 3}	src/system/rndobj/Mesh.cpp
default/SpotlightDrawer	?DrawWorld@SpotlightDrawer@@MAAXXZ	556	98.34532	98.56115	CODEGEN_ORDERING	8	True	{'register': 6, 'relocname': 3}	src/system/world/SpotlightDrawer.cpp
default/Spotlight	?Poll@Spotlight@@UAAXXZ	556	96.48921	96.95683	SOURCE_INSDEL	20	False	{'relocname': 2, 'immediate': 3, 'register': 9, 'opcode': 2}	src/system/world/Spotlight.cpp
default/AccomplishmentPanel	?GetCareerLevel@AccomplishmentGroupProvider@@QBA?AVSymbol@@M@Z	556	94.7482	94.96403	SOURCE_INSDEL	13	False	{'register': 6, 'relocname': 1}	src/band3/meta_band/AccomplishmentPanel.cpp
default/CameraShot	?StartAnim@CamShot@@UAAXXZ	552	8.413043	8.884058	SOURCE_INSDEL	141	False	{'immediate': 9, 'opcode': 1, 'register': 12}	src/system/world/CameraShot.cpp
default/Shader	?CalcShaderOpts@RndShaderParticles@@MAA_KPAVNgMat@@W4ShaderType@@_N@Z	544	38.558823	40.580883	SOURCE_INSDEL	131	False	{'relocname': 4, 'immediate': 17, 'opcode': 14, 'register': 40, 'branchdest': 2}	src/system/rndobj/Shader.cpp
default/AmbientOcclusion	?BlendVert@RndAmbientOcclusion@@SAXABVVert@RndMesh@@0AAV23@@Z	544	55.955883	59.375	SOURCE_INSDEL	127	False	{'register': 92, 'relocname': 2, 'immediate': 46, 'opcode': 8}	src/system/rndobj/AmbientOcclusion.cpp
default/NetworkEmulator	??0NetworkEmulator@@QAA@XZ	544	48.169117	48.830883	SOURCE_INSDEL	97	False	{'relocname': 6, 'immediate': 14, 'register': 15, 'opcode': 4}	src/network/net/NetworkEmulator.cpp
default/system/rndobj/Utl	?SetBloomBlurWeightsStreak@@YAX_NMMMHM@Z	540	84.4963	85.01482	SOURCE_INSDEL	36	False	{'relocname': 3, 'register': 12, 'immediate': 3, 'opcode': 2}	src/system/rndobj/Utl.cpp
default/Group	??0RndGroup@@IAA@XZ	540	95.55556	95.666664	SOURCE_INSDEL	15	False	{'immediate': 5, 'register': 3, 'opcode': 3}	src/system/rndobj/Group.cpp
default/osfinfo	_alloc_osfhnd	536	0.0	0.0	NO_BODY/stub	134	False	{}	src/xdk/LIBCMT/osfinfo.cpp
default/system/rndobj/Rnd	??0Rnd@@QAA@XZ	532	94.68421	94.68421	SOURCE_INSDEL	14	False	{'immediate': 7}	src/system/rndobj/Rnd.cpp
default/system/obj/Dir	?ResetViewports@ObjectDir@@QAAXXZ	532	98.30827	98.646614	SOURCE_ARG(imm/opcode/branch)	12	False	{'register': 9, 'relocname': 2, 'opcode': 3}	src/system/obj/Dir.cpp
default/VocalTrackDir	?SetConfiguration@VocalTrackDir@@QAAXPAVObject@Hmx@@W4HarmonyShowingState@1@@Z	528	82.40151	82.55303	SOURCE_INSDEL	29	False	{'relocname': 2, 'immediate': 3, 'register': 2}	src/system/bandobj/VocalTrackDir.cpp
default/PitchCorrectedVoice	?GetCorrection@PitchCorrectedVoice@Synapse@DSP@@QAAMXZ	528	96.666664	97.72727	SOURCE_INSDEL	26	False	{'register': 28, 'relocname': 2}	src/system/synth_xbox/PitchCorrectedVoice.cpp
default/CharLookAt	??0CharLookAt@@IAA@XZ	528	73.30303	74.36364	SOURCE_INSDEL	62	False	{'register': 28, 'relocname': 12, 'immediate': 4, 'opcode': 8}	src/system/char/CharLookAt.cpp
default/VocalPart	?GetBestHit@VocalPart@@QAAMMHHPAVTalkyMatcher@@AAMMAAH211AA_N@Z	528	96.969696	96.969696	CODEGEN_ORDERING	4	True	{}	src/band3/game/VocalPart.cpp
default/BoxMap	?ApplyQueuedLights@BoxMapLighting@@QBAXPIAVColor@Hmx@@PBVVector3@@@Z	520	49.776924	56.123077	SOURCE_INSDEL	138	False	{'relocname': 8, 'immediate': 14, 'register': 153, 'branchdest': 2, 'opcode': 3}	src/system/rndobj/BoxMap.cpp
default/VocalTrack	?GetNextLyricPlate@VocalTrack@@QAAPAVLyricPlate@@AAV?$deque@PAVLyricPlate@@V?$StlNodeAlloc@PAVLyricPlate@@@stlpmtx_std@@@stlpmtx_std@@_N@Z	516	54.55814	56.10853	SOURCE_INSDEL	89	False	{'register': 39, 'opcode': 1, 'immediate': 2, 'relocname': 1}	src/band3/bandtrack/VocalTrack.cpp
default/Archive	?Merge@Archive@@QAAXAAV1@@Z	516	92.34884	94.36434	SOURCE_INSDEL	58	False	{'relocname': 3, 'immediate': 7, 'register': 49, 'opcode': 2}	src/system/os/Archive.cpp
default/OverdriveTracker	?TranslateRelativeTargets@OverdriveTracker@@UAAXXZ	516	98.79845	99.031006	SOURCE_ARG(imm/opcode/branch)	7	False	{'opcode': 2, 'register': 6}	src/band3/game/OverdriveTracker.cpp
default/VocalTrack	?Poll@VocalTrack@@UAAXM@Z	512	97.61719	97.65625	SOURCE_INSDEL	4	False	{'register': 1}	src/band3/bandtrack/VocalTrack.cpp
default/QuestFilterPanel	?Text@QuestFilterProvider@@UBAXHHPAVUIListLabel@@PAVUILabel@@@Z	512	0.0	2.7734375	NO_BODY/stub	211	False	{'immediate': 7, 'register': 56, 'relocname': 15, 'opcode': 20, 'branchdest': 8}	src/band3/tour/QuestFilterPanel.cpp
default/Geo	?Clip@@YAXABVPolygon@Hmx@@ABVRay@2@AAV12@@Z	512	97.609375	98.390625	SOURCE_INSDEL	20	False	{'register': 20, 'immediate': 6}	src/system/math/Geo.cpp
default/StorePanel	?UpdateOffers@StorePanel@@MAAHABV?$list@UEnumProduct@@V?$StlNodeAlloc@UEnumProduct@@@stlpmtx_std@@@stlpmtx_std@@_N@Z	512	84.02344	85.89844	SOURCE_INSDEL	59	False	{'register': 47, 'immediate': 5, 'opcode': 5, 'branchdest': 1}	src/system/meta/StorePanel.cpp
default/MemcardMgr_Xbox	?ThreadCall_SaveGame@MemcardMgr@@AAA?AW4MCResult@@XZ	508	87.480316	87.59843	SOURCE_INSDEL	19	False	{'opcode': 1}	src/system/meta/MemcardMgr_Xbox.cpp
default/TrackWatcherImpl	?Load@RndParticleSysAnim@@UAAXAAVBinStream@@@Z	508	68.125984	68.99213	SOURCE_INSDEL	83	False	{'immediate': 20, 'register': 11, 'opcode': 15, 'relocname': 5, 'branchdest': 1}	src/system/beatmatch/TrackWatcherImpl.cpp
default/FocusTracker	?GetNextFocusPlayer@FocusTracker@@UBA?AUTrackerPlayerID@@ABU2@MAA_N@Z	504	98.19841	98.19841	SOURCE_INSDEL	6	False	{'opcode': 2, 'immediate': 2}	src/band3/game/FocusTracker.cpp
default/CharForeTwist	?Poll@CharForeTwist@@UAAXXZ	504	89.333336	91.71429	CODEGEN_ORDERING	41	True	{'register': 58, 'immediate': 5, 'opcode': 4, 'relocname': 3}	src/system/char/CharForeTwist.cpp
default/Bitmap	?DecodeDxt5Alpha@@YAXPAEHHAAE@Z	504	75.60317	78.38095	SOURCE_INSDEL	97	False	{'register': 67, 'immediate': 39, 'opcode': 8, 'branchdest': 2}	src/system/rndobj/Bitmap.cpp
default/AmbientOcclusion	?FindSplit_Mean@kdTreeNode@?$kdTree@VTriangle@@@@QAA_NABVBox@@ABV?$list@PAVTriangle@@V?$StlNodeAlloc@PAVTriangle@@@stlpmtx_std@@@stlpmtx_std@@@Z	500	18.92	21.0	SOURCE_INSDEL	139	False	{'relocname': 2, 'immediate': 5, 'register': 45, 'opcode': 6, 'branchdest': 1}	src/system/rndobj/AmbientOcclusion.cpp
default/UIComponent	?SetTypeDef@UIComponent@@UAAXPAVDataArray@@@Z	500	82.296	82.896	SOURCE_INSDEL	32	False	{'branchdest': 1, 'opcode': 2, 'register': 11, 'immediate': 2}	src/system/ui/UIComponent.cpp
default/SpectralAnalysis	?Analyze@SpectralAnalysis@DSP@@QAAXPBMPAM@Z	496	70.40323	72.98387	SOURCE_INSDEL	77	False	{'register': 62, 'immediate': 4, 'opcode': 9, 'relocname': 2}	src/system/synth_xbox/SpectralAnalysis.cpp
default/AmbientOcclusion	?Intersect@?$kdTree@VTriangle@@@@QBA_NABVVector3@@0MAAM@Z	496	89.42742	90.03226	SOURCE_INSDEL	28	False	{'register': 10, 'relocname': 1, 'branchdest': 2, 'opcode': 2, 'immediate': 1}	src/system/rndobj/AmbientOcclusion.cpp
default/Waypoint	?ShapeDeltaBox@Waypoint@@AAAXABVVector3@@MMAAV2@@Z	496	99.08064	99.96774	SOURCE_ARG(imm/opcode/branch)	20	True	{'register': 22, 'immediate': 4}	src/system/char/Waypoint.cpp
default/CreditsPanel	?Handle@CreditsPanel@@UAA?AVDataNode@@PAVDataArray@@_N@Z	496	97.451614	97.814514	CODEGEN_ORDERING	7	True	{'register': 4, 'immediate': 1, 'relocname': 1, 'opcode': 1}	src/system/meta/CreditsPanel.cpp
default/Trans	??0RndTransformable@@IAA@XZ	496	36.524193	38.05645	SOURCE_INSDEL	118	False	{'branchdest': 1, 'register': 36, 'relocname': 5, 'immediate': 22, 'opcode': 16}	src/system/rndobj/Trans.cpp
default/VelocityBuffer	?DrawMesh@RndVelocityBuffer@@QBAXPAVRndMesh@@@Z	492	72.78862	74.414635	SOURCE_INSDEL	70	False	{'relocname': 2, 'immediate': 7, 'register': 38, 'opcode': 14}	src/system/rndobj/VelocityBuffer.cpp
default/Anim	??0AnimTask@@QAA@PAVRndAnimatable@@MMM_NM@Z	492	80.560974	82.756096	SOURCE_INSDEL	65	False	{'register': 53, 'relocname': 3, 'opcode': 2, 'immediate': 1}	src/system/rndobj/Anim.cpp
default/BandPatchMesh	?AddUV@MeshVert@BandPatchMesh@@QAAHPBV12@ABVVector2@@PBV3@@Z	492	95.53658	96.06504	SOURCE_INSDEL	18	False	{'immediate': 4, 'register': 13, 'opcode': 3}	src/system/bandobj/BandPatchMesh.cpp
default/CharDriver	??0CharDriver@@IAA@XZ	488	85.83607	86.491806	SOURCE_INSDEL	37	False	{'register': 16, 'relocname': 7, 'immediate': 8, 'opcode': 4}	src/system/char/CharDriver.cpp
default/MoveMgr	?insert_unique@?$_Rb_tree@VSymbol@@U?$less@VSymbol@@@stlpmtx_std@@U?$pair@$$CBVSymbol@@H@3@U?$_Select1st@U?$pair@$$CBVSymbol@@H@stlpmtx_std@@@3@U?$_MapTraitsT@U?$pair@$$CBVSymbol@@H@stlpmtx_std@@@priv@3@V?$StlNodeAlloc@U?$pair@$$CBVSymbol@@H@stlpmtx_std@@@3@@stlpmtx_std@@QAA?AU?$_Rb_tree_iterator@U?$pair@$$CBVSymbol@@H@stlpmtx_std@@U?$_MapTraitsT@U?$pair@$$CBVSymbol@@H@stlpmtx_std@@@priv@2@@2@U32@ABU?$pair@$$CBVSymbol@@H@2@@Z	488	93.27869	93.27869	SOURCE_INSDEL	11	False	{'opcode': 7}	src/system/hamobj/MoveMgr.cpp
default/MidiParser	?PushIdle@MidiParser@@AAAXMMHVSymbol@@@Z	484	98.016525	98.305786	SOURCE_INSDEL	14	False	{'immediate': 5, 'register': 6, 'relocname': 4}	src/system/midi/MidiParser.cpp
default/Archive	?Enumerate@Archive@@QAAXPBDP6AX00@Z_N0@Z	484	77.99174	79.975204	SOURCE_INSDEL	72	False	{'relocname': 3, 'register': 44, 'immediate': 3, 'opcode': 2, 'branchdest': 2}	src/system/os/Archive.cpp
default/VocalPart	?GetNoteSliceWeight@VocalPart@@QBAMMMH@Z	484	88.12397	90.31405	SOURCE_INSDEL	60	False	{'register': 51, 'immediate': 7, 'relocname': 12, 'opcode': 1}	src/band3/game/VocalPart.cpp
default/FileMerger	?Clear@Merger@FileMerger@@QAAXXZ	480	85.375	86.5	SOURCE_INSDEL	40	False	{'register': 27, 'relocname': 2, 'immediate': 2, 'branchdest': 1}	src/system/char/FileMerger.cpp
default/Rnd_Xbox	?ModalDraw@DxRnd@@MAAXW4ModalType@Debug@@PBD@Z	480	77.691666	79.275	SOURCE_INSDEL	54	False	{'relocname': 4, 'register': 32, 'opcode': 3, 'immediate': 5}	src/system/rnddx9/Rnd_Xbox.cpp
default/DataFile	?DataReadFile@@YAPAVDataArray@@PBD_N@Z	480	97.5	97.5	SOURCE_INSDEL	3	False	{}	src/system/obj/DataFile.cpp
default/ProfileMgr	?LoadGlobalOptions@ProfileMgr@@QAAXAAVFixedSizeSaveableStream@@@Z	480	67.25	69.541664	SOURCE_INSDEL	100	False	{'opcode': 24, 'immediate': 5, 'register': 52, 'relocname': 2}	src/band3/meta_band/ProfileMgr.cpp
default/system/bandobj/BandHeadShaper	?AddFrame@BandHeadShaper@@QAAXPBDHM@Z	480	60.633335	62.508335	SOURCE_INSDEL	84	False	{'register': 40, 'opcode': 8, 'immediate': 9}	src/system/bandobj/BandHeadShaper.cpp
default/CharFaceServo	??0CharFaceServo@@IAA@XZ	476	93.31933	93.44538	SOURCE_INSDEL	12	False	{'opcode': 3, 'register': 3, 'relocname': 1}	src/system/char/CharFaceServo.cpp
default/EQEffect	?Process@EQEffect@@QAAXPAMHH@Z	476	95.68908	98.21008	CODEGEN_ORDERING	60	True	{'register': 60, 'immediate': 13}	src/system/synth/EQEffect.cpp
default/SkeletonClip	?insert_unique@?$_Rb_tree@VSymbol@@U?$less@VSymbol@@@stlpmtx_std@@U?$pair@$$CBVSymbol@@PAVAward@@@3@U?$_Select1st@U?$pair@$$CBVSymbol@@PAVAward@@@stlpmtx_std@@@3@U?$_MapTraitsT@U?$pair@$$CBVSymbol@@PAVAward@@@stlpmtx_std@@@priv@3@V?$StlNodeAlloc@U?$pair@$$CBVSymbol@@PAVAward@@@stlpmtx_std@@@3@@stlpmtx_std@@QAA?AU?$_Rb_tree_iterator@U?$pair@$$CBVSymbol@@PAVAward@@@stlpmtx_std@@U?$_MapTraitsT@U?$pair@$$CBVSymbol@@PAVAward@@@stlpmtx_std@@@priv@2@@2@U32@ABU?$pair@$$CBVSymbol@@PAVAward@@@2@@Z	472	0.0	0.0	NO_BODY/stub	118	False	{}	src/system/gesture/SkeletonClip.cpp
default/band3/tour/GigFilter	?Init@GigFilter@@QAAXPBVDataArray@@@Z	472	59.75424	61.491524	CODEGEN_ORDERING	84	True	{'relocname': 17, 'register': 29, 'opcode': 9, 'branchdest': 2, 'immediate': 9}	src/band3/tour/GigFilter.cpp
default/band3/meta_band/SongSort	?GetUserFontChar@@YAPBDPAVBandUser@@PAVMetaPerformer@@H@Z	472	54.381355	55.90678	SOURCE_INSDEL	82	False	{'relocname': 6, 'immediate': 7, 'register': 32, 'branchdest': 1}	src/band3/meta_band/SongSort.cpp
default/Campaign	?insert_unique@?$_Rb_tree@VSymbol@@U?$less@VSymbol@@@stlpmtx_std@@U?$pair@$$CBVSymbol@@V1@@3@U?$_Select1st@U?$pair@$$CBVSymbol@@V1@@stlpmtx_std@@@3@U?$_MapTraitsT@U?$pair@$$CBVSymbol@@V1@@stlpmtx_std@@@priv@3@V?$StlNodeAlloc@U?$pair@$$CBVSymbol@@V1@@stlpmtx_std@@@3@@stlpmtx_std@@QAA?AU?$_Rb_tree_iterator@U?$pair@$$CBVSymbol@@V1@@stlpmtx_std@@U?$_MapTraitsT@U?$pair@$$CBVSymbol@@V1@@stlpmtx_std@@@priv@2@@2@U32@ABU?$pair@$$CBVSymbol@@V1@@2@@Z	472	0.0	0.0	NO_BODY/stub	118	False	{}	src/band3/meta_band/Campaign.cpp
default/TrackDir	??1TrackDir@@UAA@XZ	468	99.1453	99.1453	SOURCE_INSDEL	1	False	{}	src/system/track/TrackDir.cpp
default/DataNode	??8DataNode@@QBA_NABV0@@Z	464	98.23276	98.27586	SOURCE_INSDEL	3	False	{'relocname': 1}	src/system/obj/DataNode.cpp
default/DirLoader	??0DirLoader@@QAA@ABVFilePath@@W4LoaderPos@@PAVCallback@Loader@@PAVBinStream@@PAVObjectDir@@_N@Z	464	38.63793	39.88793	SOURCE_INSDEL	101	False	{'immediate': 13, 'register': 27, 'relocname': 4, 'opcode': 1}	src/system/obj/DirLoader.cpp
default/RockCentral	?DataPointToQString@RockCentral@@SAXABVDataPoint@@AAVString@Quazal@@@Z	460	89.55652	90.6	SOURCE_INSDEL	43	False	{'immediate': 21, 'register': 24, 'opcode': 1}	src/band3/net_band/RockCentral.cpp
default/Mesh	?SaveVertices@RndMesh@@UAAXAAVBinStream@@@Z	460	92.37392	92.63478	SOURCE_INSDEL	18	False	{'relocname': 2, 'immediate': 2, 'register': 6, 'opcode': 2}	src/system/rndobj/Mesh.cpp
default/SongSortMgr	?IntersectFilter@SongFilter@SongSortMgr@@QAAXPAV12@@Z	460	96.2	96.41739	SOURCE_INSDEL	19	False	{'immediate': 12, 'register': 5}	src/band3/meta_band/SongSortMgr.cpp
default/Env_NG	?EstimateDraw@@YAMH@Z	460	99.95652	99.95652	SOURCE_ARG(imm/opcode/branch)	5	True	{'immediate': 5}	src/system/rndobj/Env_NG.cpp
default/HAQManager	?GetButtonText@HAQManager@@ABA?AVString@@XZ	460	20.930435	21.84348	SOURCE_INSDEL	114	False	{'immediate': 8, 'register': 17, 'opcode': 8, 'relocname': 5}	src/system/meta/HAQManager.cpp
default/band3/meta_band/SongRecord	??0SongRecord@@QAA@PBVBandSongMetadata@@@Z	460	98.21739	98.26087	SOURCE_INSDEL	3	False	{'relocname': 1}	src/band3/meta_band/SongRecord.cpp
default/Lit_NG	?SetShadowTransforms@NgLight@@IAAXXZ	460	97.51305	97.73044	SOURCE_INSDEL	8	False	{'register': 5, 'relocname': 2, 'immediate': 1, 'opcode': 1}	src/system/rndobj/Lit_NG.cpp
default/system/rndobj/Utl	?TransformKeys@@YAXPAVRndTransAnim@@ABVTransform@@@Z	448	84.65179	87.73214	SOURCE_INSDEL	45	False	{'immediate': 14, 'opcode': 1, 'register': 69}	src/system/rndobj/Utl.cpp
default/GemTrack	?DrawBeatLines@GemTrack@@QAAXHH@Z	448	93.52679	95.17857	SOURCE_INSDEL	36	False	{'register': 37, 'relocname': 4, 'opcode': 4}	src/band3/bandtrack/GemTrack.cpp
default/band3/game/BandUserMgr	??1BandUserMgr@@UAA@XZ	448	84.24107	85.71429	SOURCE_INSDEL	47	False	{'register': 31, 'relocname': 9, 'branchdest': 1, 'immediate': 1}	src/band3/game/BandUserMgr.cpp
default/BandIKEffector	?ComputeHandPullAndQuat@BandIKEffector@@IAAXAAVQuatXfm@@AAVTransform@@ABV3@ABVVector3@@MMM@Z	444	89.1982	90.00901	SOURCE_INSDEL	26	False	{'register': 18, 'immediate': 9}	src/system/bandobj/BandIKEffector.cpp
default/Faders	?DoFade@Fader@@QAAXMM@Z	444	93.09009	94.8018	SOURCE_INSDEL	45	False	{'relocname': 4, 'immediate': 18, 'register': 34, 'opcode': 1}	src/system/synth/Faders.cpp
default/BandSongMgr	?SongAudioData@BandSongMgr@@UBAPAVSongInfo@@H@Z	444	58.81081	60.477478	SOURCE_INSDEL	71	False	{'register': 30, 'relocname': 5, 'branchdest': 2, 'opcode': 3, 'immediate': 7}	src/band3/meta_band/BandSongMgr.cpp
default/system/obj/Dir	?Iterate@ObjectDir@@IAAXPAVDataArray@@_N@Z	440	60.49091	62.581818	SOURCE_INSDEL	91	False	{'relocname': 6, 'immediate': 12, 'register': 41, 'branchdest': 1}	src/system/obj/Dir.cpp
default/SampleData	?Load@SampleData@@QAAXAAVBinStream@@ABVFilePath@@@Z	440	99.954544	99.954544	SOURCE_ARG(imm/opcode/branch)	5	True	{'immediate': 5}	src/system/synth/SampleData.cpp
default/rtti	?FindMITargetTypeInstance@@YAPBU_s_RTTIBaseClassDescriptor@@PAXPBU_s_RTTICompleteObjectLocator@@PAUTypeDescriptor@@H2@Z	440	0.0	0.0	NO_BODY/stub	110	False	{}	src/xdk/LIBCMT/rtti.cpp
default/Shader	?CheckShadow@@YAXXZ	436	64.98165	66.90826	SOURCE_INSDEL	68	False	{'register': 42, 'relocname': 7, 'immediate': 7}	src/system/rndobj/Shader.cpp
default/Mesh	?SkinVertex@RndMesh@@QAA?AVVector3@@ABVVert@1@PAV2@@Z	436	97.504585	99.06422	SOURCE_INSDEL	29	False	{'register': 33, 'immediate': 2, 'branchdest': 1}	src/system/rndobj/Mesh.cpp
default/PlayerLeaderboards	?OnSelectRow@PlayerLeaderboard@@UAA?AVSymbol@@HPAVBandUser@@@Z	436	23.073395	23.944954	SOURCE_INSDEL	98	False	{'opcode': 3, 'immediate': 5, 'register': 17, 'branchdest': 1, 'relocname': 1}	src/band3/meta_band/PlayerLeaderboards.cpp
default/Geo	?Intersect@@YA_NABVSegment@@ABVTriangle@@_NAAM@Z	432	97.19444	98.12037	CODEGEN_ORDERING	15	True	{'register': 20, 'immediate': 3}	src/system/math/Geo.cpp
default/Archive	?GetFileInfo@Archive@@QAA_NPBDAAHAA_K11@Z	432	97.916664	97.96296	SOURCE_INSDEL	4	False	{'opcode': 2, 'branchdest': 1}	src/system/os/Archive.cpp
default/PracticePanel	?Enter@PracticePanel@@UAAXXZ	432	57.73148	58.703705	SOURCE_INSDEL	64	False	{'relocname': 12, 'register': 15, 'branchdest': 1, 'opcode': 1}	src/band3/game/PracticePanel.cpp
default/LightPresetManager	?Poll@LightPresetManager@@QAAXXZ	428	92.009346	93.45795	SOURCE_INSDEL	32	False	{'register': 29, 'relocname': 2, 'branchdest': 1}	src/system/world/LightPresetManager.cpp
default/OSCMessenger	?MakeOSCAddress@OSCMessenger@@AAAHVString@@PAD@Z	428	10.485981	11.327103	SOURCE_INSDEL	112	False	{'relocname': 5, 'immediate': 3, 'register': 11, 'opcode': 8}	src/system/utl/OSCMessenger.cpp
default/Group	?_M_insert_overflow_aux@?$vector@UGroupDrawDist@@V?$StlNodeAlloc@UGroupDrawDist@@@stlpmtx_std@@@stlpmtx_std@@IAAXPAUGroupDrawDist@@ABU3@ABU__false_type@2@I_N@Z	428	91.63551	92.47664	SOURCE_INSDEL	30	False	{'register': 11, 'immediate': 10, 'relocname': 2}	src/system/rndobj/Group.cpp
default/UISlider	?PostLoad@PanelDir@@UAAXAAVBinStream@@@Z	428	51.056076	53.11215	SOURCE_INSDEL	91	False	{'immediate': 5, 'register': 28, 'opcode': 18, 'branchdest': 6}	src/system/ui/UISlider.cpp
default/network/net/NetSession	?Poll@NetSession@@UAAXXZ	428	98.943924	98.943924	SOURCE_INSDEL	14	False	{'immediate': 13}	src/network/net/NetSession.cpp
default/MasterAudio	?FillChannelListWithInactiveSlots@TrackData@@QBAXAAV?$list@HV?$StlNodeAlloc@H@stlpmtx_std@@@stlpmtx_std@@M_N@Z	424	92.76415	93.37736	SOURCE_INSDEL	15	False	{'register': 12, 'immediate': 2, 'relocname': 1}	src/system/beatmatch/MasterAudio.cpp
default/Geo	??$_S_sort@VBSPFace@@V?$StlNodeAlloc@VBSPFace@@@stlpmtx_std@@U?$less@VBSPFace@@@3@@stlpmtx_std@@YAXAAV?$list@VBSPFace@@V?$StlNodeAlloc@VBSPFace@@@stlpmtx_std@@@0@U?$less@VBSPFace@@@0@@Z	424	97.78302	98.113205	CODEGEN_ORDERING	8	True	{'relocname': 4, 'register': 3}	src/system/math/Geo.cpp
default/system/rndobj/Rnd	?UpdateRate@Rnd@@IAAXXZ	424	85.42453	85.99056	SOURCE_INSDEL	29	False	{'relocname': 4, 'immediate': 5, 'opcode': 3, 'register': 6, 'branchdest': 2}	src/system/rndobj/Rnd.cpp
default/CameraShot	??0CamShotFrame@@QAA@PAVObject@Hmx@@@Z	424	68.386795	70.41509	SOURCE_INSDEL	86	False	{'opcode': 7, 'immediate': 16, 'register': 43, 'relocname': 13}	src/system/world/CameraShot.cpp
default/system/utl/SongInfoAudioType	?SymbolToAudioType@@YA?AW4SongInfoAudioType@@VSymbol@@@Z	420	0.0	2.047619	NO_BODY/stub	249	False	{'relocname': 14, 'immediate': 26, 'register': 24, 'opcode': 1, 'branchdest': 1}	src/system/utl/SongInfoAudioType.cpp
default/FFT	?fft_real_forward_scalar@@YAHPAMK0@Z	420	83.25714	85.11429	SOURCE_INSDEL	47	False	{'opcode': 6, 'register': 39, 'relocname': 6, 'immediate': 3}	src/system/synth_xbox/FFT.cpp
default/MapFile_Xbox	?GetFunction@XboxMapFile@@QAAPBDI_N@Z	420	66.314285	67.8381	SOURCE_INSDEL	68	False	{'relocname': 3, 'immediate': 7, 'register': 26, 'opcode': 6}	src/system/os/MapFile_Xbox.cpp
default/Campaign	?_M_insert@?$_Rb_tree@VSymbol@@U?$less@VSymbol@@@stlpmtx_std@@U?$pair@$$CBVSymbol@@V1@@3@U?$_Select1st@U?$pair@$$CBVSymbol@@V1@@stlpmtx_std@@@3@U?$_MapTraitsT@U?$pair@$$CBVSymbol@@V1@@stlpmtx_std@@@priv@3@V?$StlNodeAlloc@U?$pair@$$CBVSymbol@@V1@@stlpmtx_std@@@3@@stlpmtx_std@@AAA?AU?$_Rb_tree_iterator@U?$pair@$$CBVSymbol@@V1@@stlpmtx_std@@U?$_MapTraitsT@U?$pair@$$CBVSymbol@@V1@@stlpmtx_std@@@priv@2@@2@PAU_Rb_tree_node_base@2@ABU?$pair@$$CBVSymbol@@V1@@2@00@Z	420	0.0	0.0	NO_BODY/stub	105	False	{}	src/band3/meta_band/Campaign.cpp
default/Campaign	?ConfigureCampaignLevelData@Campaign@@QAAXPAVDataArray@@@Z	420	75.0	75.190475	SOURCE_INSDEL	30	False	{'register': 1, 'relocname': 2}	src/band3/meta_band/Campaign.cpp
default/Character	?DrawShowing@Character@@UAAXXZ	416	0.0	2.5480769	NO_BODY/stub	196	False	{'relocname': 7, 'immediate': 1, 'register': 50, 'branchdest': 1, 'opcode': 1}	src/system/char/Character.cpp
default/Env	??0RndEnviron@@IAA@XZ	416	93.58654	93.63461	CODEGEN_ORDERING	9	True	{'opcode': 1, 'immediate': 2, 'register': 1}	src/system/rndobj/Env.cpp
default/SpotlightDrawer_NG	?RenderBeams@NgSpotlightDrawer@@IAAXABVMatrix4@Hmx@@@Z	416	88.25	88.82692	SOURCE_INSDEL	26	False	{'register': 7, 'opcode': 4, 'immediate': 2, 'relocname': 1}	src/system/world/SpotlightDrawer_NG.cpp
default/EntityUploader	?BeginRockCentralOps@EntityUploader@@QAAHH@Z	412	84.0	86.37864	SOURCE_INSDEL	53	False	{'register': 49, 'immediate': 3}	src/band3/net_band/EntityUploader.cpp
default/FileChecksum	?_M_insert_overflow_aux@?$vector@UChecksumData@@V?$StlNodeAlloc@UChecksumData@@@stlpmtx_std@@@stlpmtx_std@@IAAXPAUChecksumData@@ABU3@ABU__false_type@2@I_N@Z	412	93.64078	93.78641	SOURCE_INSDEL	11	False	{'relocname': 3, 'opcode': 4}	src/system/math/FileChecksum.cpp
default/Part	?UpdateRelativeXfm@RndParticleSys@@IAAXXZ	412	99.96117	99.96117	SOURCE_ARG(imm/opcode/branch)	4	True	{'immediate': 4}	src/system/rndobj/Part.cpp
default/band3/meta_band/ManageBandPanel	?RefreshAll@ManageBandPanel@@QAAXXZ	412	0.0	2.4757283	NO_BODY/stub	151	False	{'relocname': 15, 'immediate': 14, 'register': 41, 'opcode': 4, 'branchdest': 2}	src/band3/meta_band/ManageBandPanel.cpp
default/Rnd_Xbox	?PreInit@DxRnd@@QAAXPAUHWND__@@@Z	412	66.67961	66.92233	SOURCE_INSDEL	45	False	{'relocname': 4, 'register': 1, 'immediate': 7}	src/system/rnddx9/Rnd_Xbox.cpp
default/band3/meta_band/PrefabMgr	?AssignPrefabsToSlots@PrefabMgr@@QAAXXZ	412	89.20388	91.24272	SOURCE_INSDEL	38	False	{'register': 39, 'immediate': 2, 'relocname': 3}	src/band3/meta_band/PrefabMgr.cpp
default/TexBlendController	?GetBlendState@RndTexBlendController@@QBA?AW4BlendState@1@AAMM@Z	408	94.411766	94.460785	SOURCE_INSDEL	7	False	{'opcode': 1}	src/system/rndobj/TexBlendController.cpp
default/MultiTempoTempoMap	?_M_insert_overflow_aux@?$vector@UTempoInfoPoint@MultiTempoTempoMap@@V?$StlNodeAlloc@UTempoInfoPoint@MultiTempoTempoMap@@@stlpmtx_std@@@stlpmtx_std@@IAAXPAUTempoInfoPoint@MultiTempoTempoMap@@ABU34@ABU__false_type@2@I_N@Z	408	96.26471	96.411766	SOURCE_ARG(imm/opcode/branch)	15	False	{'immediate': 6, 'relocname': 3, 'opcode': 6}	src/system/utl/MultiTempoTempoMap.cpp
default/StandardStream	?PollStream@StandardStream@@QAAXXZ	408	98.06863	98.21568	SOURCE_INSDEL	9	False	{'immediate': 2, 'opcode': 1}	src/system/synth/StandardStream.cpp
default/Game	?LoadSong@Game@@QAAXXZ	408	54.490196	55.22549	SOURCE_INSDEL	60	False	{'register': 14, 'relocname': 1, 'opcode': 1, 'immediate': 2}	src/band3/game/Game.cpp
default/MemTracker	?_M_insert_overflow_aux@?$vector@UMemDiffEntry@@V?$StlNodeAlloc@UMemDiffEntry@@@stlpmtx_std@@@stlpmtx_std@@IAAXPAUMemDiffEntry@@ABU3@ABU__false_type@2@I_N@Z	404	99.78218	99.930695	SOURCE_ARG(imm/opcode/branch)	10	True	{'immediate': 7, 'relocname': 3}	src/system/utl/MemTracker.cpp
default/CharUtl	?_M_insert_overflow_aux@?$vector@VTransform@@V?$StlNodeAlloc@VTransform@@@stlpmtx_std@@@stlpmtx_std@@IAAXPAVTransform@@ABV3@ABU__false_type@2@I_N@Z	404	89.46535	90.0594	SOURCE_INSDEL	24	False	{'relocname': 5, 'opcode': 5, 'register': 7, 'immediate': 4}	src/system/char/CharUtl.cpp
default/SongCollision	?_M_insert_overflow_aux@?$vector@USongCollisionOutput@@V?$StlNodeAlloc@USongCollisionOutput@@@stlpmtx_std@@@stlpmtx_std@@IAAXPAUSongCollisionOutput@@ABU3@ABU__false_type@2@I_N@Z	404	81.81188	83.29703	SOURCE_INSDEL	52	False	{'relocname': 5, 'immediate': 7, 'opcode': 8, 'register': 25}	src/system/hamobj/SongCollision.cpp
default/GemPlayer	?_M_insert_overflow_aux@?$vector@VUpcomingFretRelease@GemPlayer@@V?$StlNodeAlloc@VUpcomingFretRelease@GemPlayer@@@stlpmtx_std@@@stlpmtx_std@@IAAXPAVUpcomingFretRelease@GemPlayer@@ABV34@ABU__false_type@2@I_N@Z	404	85.207924	86.64356	SOURCE_INSDEL	48	False	{'relocname': 4, 'immediate': 9, 'opcode': 9, 'register': 25}	src/band3/game/GemPlayer.cpp
default/SongParser	?_M_insert_overflow_aux@?$vector@U?$pair@HH@stlpmtx_std@@V?$StlNodeAlloc@U?$pair@HH@stlpmtx_std@@@2@@stlpmtx_std@@IAAXPAU?$pair@HH@2@ABU32@ABU__false_type@2@I_N@Z	404	85.15842	86.64356	SOURCE_INSDEL	49	False	{'relocname': 5, 'immediate': 9, 'opcode': 9, 'register': 25}	src/system/beatmatch/SongParser.cpp
default/GameConfig	?GetController@GameConfig@@QBA?AVSymbol@@PAVBandUser@@@Z	404	70.623764	72.25742	SOURCE_INSDEL	57	False	{'relocname': 2, 'immediate': 4, 'register': 31}	src/band3/game/GameConfig.cpp
default/Geo	?GeoInit@@YAXXZ	400	99.83	99.93	SOURCE_ARG(imm/opcode/branch)	9	True	{'immediate': 7, 'register': 2}	src/system/math/Geo.cpp
default/system/synth_xbox/Synth	?_M_insert_overflow_aux@?$vector@UXAUDIO2_SEND_DESCRIPTOR@@V?$StlNodeAlloc@UXAUDIO2_SEND_DESCRIPTOR@@@stlpmtx_std@@@stlpmtx_std@@IAAXPAUXAUDIO2_SEND_DESCRIPTOR@@ABU3@ABU__false_type@2@I_N@Z	400	93.75	95.15	SOURCE_INSDEL	37	False	{'relocname': 2, 'immediate': 5, 'register': 26, 'opcode': 3}	src/system/synth_xbox/Synth.cpp
default/Ribbon	?_M_insert_overflow_aux@?$vector@V?$Key@VTransform@@@@V?$StlNodeAlloc@V?$Key@VTransform@@@@@stlpmtx_std@@@stlpmtx_std@@IAAXPAV?$Key@VTransform@@@@ABV3@ABU__false_type@2@I_N@Z	400	89.47	89.97	SOURCE_INSDEL	22	False	{'relocname': 4, 'opcode': 5, 'register': 6, 'immediate': 3}	src/system/rndobj/Ribbon.cpp
default/BandSongMgr	?ReadCachedMetadataFromStream@BandSongMgr@@UAAXAAVBinStream@@H@Z	400	53.54	55.29	SOURCE_INSDEL	80	False	{'immediate': 11, 'register': 27, 'opcode': 4, 'branchdest': 1, 'relocname': 3}	src/band3/meta_band/BandSongMgr.cpp
default/Campaign	??0Campaign@@QAA@PAVDataArray@@@Z	400	94.75	95.0	SOURCE_INSDEL	9	False	{'relocname': 3, 'register': 2}	src/band3/meta_band/Campaign.cpp
default/LightPreset	?_M_insert_overflow_aux@?$vector@USpotlightDrawerEntry@LightPreset@@V?$StlNodeAlloc@USpotlightDrawerEntry@LightPreset@@@stlpmtx_std@@@stlpmtx_std@@IAAXPAUSpotlightDrawerEntry@LightPreset@@ABU34@ABU__false_type@2@I_N@Z	396	94.323235	94.72727	SOURCE_INSDEL	16	False	{'immediate': 7, 'relocname': 3, 'opcode': 2}	src/system/world/LightPreset.cpp
default/CharLipSync	?_M_insert_overflow_aux@?$vector@VBurst@RndParticleSys@@V?$StlNodeAlloc@VBurst@RndParticleSys@@@stlpmtx_std@@@stlpmtx_std@@IAAXPAVBurst@RndParticleSys@@ABV34@ABU__false_type@2@I_N@Z	396	93.26263	93.51515	SOURCE_INSDEL	15	False	{'immediate': 7, 'opcode': 4}	src/system/char/CharLipSync.cpp
default/MetaMaterial	?_M_insert_overflow_aux@?$vector@W4MatPropEditAction@@V?$StlNodeAlloc@W4MatPropEditAction@@@stlpmtx_std@@@stlpmtx_std@@IAAXPAW4MatPropEditAction@@ABW43@ABU__false_type@2@I_N@Z	396	0.0	0.0	NO_BODY/stub	99	False	{}	src/system/rndobj/MetaMaterial.cpp
default/Crowd	??$PropSync@UCharData@WorldCrowd@@@@YA_NAAV?$ObjList@UCharData@WorldCrowd@@@@AAVDataNode@@PAVDataArray@@HW4PropOp@@@Z	396	97.62626	97.9798	CODEGEN_ORDERING	7	True	{'register': 7}	src/system/world/Crowd.cpp
default/SpotlightDrawer_NG	?_M_fill_insert_aux@?$vector@VSpotMeshEntry@SpotlightDrawer@@V?$StlNodeAlloc@VSpotMeshEntry@SpotlightDrawer@@@stlpmtx_std@@@stlpmtx_std@@AAAXPAVSpotMeshEntry@SpotlightDrawer@@IABV34@ABU__false_type@2@@Z	396	97.121216	97.92929	SOURCE_INSDEL	14	False	{'register': 15}	src/system/world/SpotlightDrawer_NG.cpp
default/Game	?Reset@Game@@QAAXXZ	396	99.828285	99.9798	SOURCE_ARG(imm/opcode/branch)	3	True	{'register': 2, 'immediate': 2, 'relocname': 1}	src/band3/game/Game.cpp
default/HamCamTransform	?_M_fill_insert_aux@?$vector@V?$ObjOwnerPtr@VCharClip@@@@V?$StlNodeAlloc@V?$ObjOwnerPtr@VCharClip@@@@@stlpmtx_std@@@stlpmtx_std@@AAAXPAV?$ObjOwnerPtr@VCharClip@@@@IABV3@ABU__false_type@2@@Z	392	94.36735	95.94898	SOURCE_INSDEL	40	False	{'relocname': 7, 'immediate': 11, 'register': 22, 'opcode': 3}	src/system/hamobj/HamCamTransform.cpp
default/SongLayout	?_M_fill_insert_aux@?$vector@VSongPattern@@V?$StlNodeAlloc@VSongPattern@@@stlpmtx_std@@@stlpmtx_std@@AAAXPAVSongPattern@@IABV3@ABU__false_type@2@@Z	392	87.744896	89.22449	SOURCE_INSDEL	44	False	{'relocname': 5, 'immediate': 10, 'register': 22, 'opcode': 4}	src/system/hamobj/SongLayout.cpp
default/CheatProvider	?_M_fill_insert_aux@?$vector@VStepMoves@@V?$StlNodeAlloc@VStepMoves@@@stlpmtx_std@@@stlpmtx_std@@AAAXPAVStepMoves@@IABV3@ABU__false_type@2@@Z	392	0.0	0.0	NO_BODY/stub	98	False	{}	src/system/ui/CheatProvider.cpp
default/Object	?Property@Object@Hmx@@QBAPBVDataNode@@PAVDataArray@@_N@Z	388	91.41237	91.72165	SOURCE_INSDEL	16	False	{'immediate': 3, 'register': 5, 'relocname': 1}	src/system/obj/Object.cpp
default/AmbientOcclusion	?FindSplit_SAH@kdTreeNode@?$kdTree@VTriangle@@@@QAA_NABVBox@@ABV?$list@PAVTriangle@@V?$StlNodeAlloc@PAVTriangle@@@stlpmtx_std@@@stlpmtx_std@@@Z	388	95.360825	95.87629	SOURCE_INSDEL	13	False	{'register': 10}	src/system/rndobj/AmbientOcclusion.cpp
default/XLSPConnection	?Poll@XLSPConnection@@QAAXXZ	388	99.639175	99.948456	SOURCE_ARG(imm/opcode/branch)	5	False	{'branchdest': 1, 'register': 4}	src/system/net/XLSPConnection.cpp
default/MoveMgr	?_M_insert_overflow_aux@?$vector@VSpotlightEntry@SpotlightDrawer@@V?$StlNodeAlloc@VSpotlightEntry@SpotlightDrawer@@@stlpmtx_std@@@stlpmtx_std@@IAAXPAVSpotlightEntry@SpotlightDrawer@@ABV34@ABU__false_type@2@I_N@Z	388	97.50516	97.91753	SOURCE_INSDEL	12	False	{'immediate': 7, 'relocname': 3}	src/system/hamobj/MoveMgr.cpp
default/HamIKEffector	?ApplyPosConstraints@HamIKEffector@@IAAMAAVVector3@@ABV2@PAV1@@Z	388	79.77319	82.96907	SOURCE_INSDEL	60	False	{'relocname': 7, 'immediate': 12, 'register': 60, 'opcode': 4}	src/system/hamobj/HamIKEffector.cpp
default/DelayEffect	?Process@DelayEffect@@QAAXPAMHH@Z	384	86.40625	90.3125	CODEGEN_ORDERING	60	True	{'relocname': 4, 'register': 68, 'opcode': 2}	src/system/synth/DelayEffect.cpp
default/UIScreen	?Enter@UIScreen@@UAAXPAV1@@Z	384	46.010418	47.46875	SOURCE_INSDEL	79	False	{'relocname': 2, 'immediate': 4, 'register': 24, 'opcode': 4, 'branchdest': 2}	src/system/ui/UIScreen.cpp
default/PreloadPanel	?Load@PreloadPanel@@UAAXXZ	384	14.364583	16.916666	SOURCE_INSDEL	126	False	{'relocname': 17, 'immediate': 8, 'register': 31, 'opcode': 19}	src/system/meta/PreloadPanel.cpp
default/PanelDir	?PanelNav@PanelDir@@AAA_NW4JoypadAction@@W4JoypadButton@@VSymbol@@@Z	384	96.770836	96.875	SOURCE_INSDEL	5	False	{'relocname': 1, 'branchdest': 1}	src/system/ui/PanelDir.cpp
default/TrackDir	?SetupKeyShifting@TrackDir@@QAAXPAVRndDir@@@Z	384	68.927086	69.864586	SOURCE_INSDEL	51	False	{'opcode': 3, 'immediate': 13, 'register': 18, 'relocname': 4}	src/system/track/TrackDir.cpp
default/network/net/NetSession	?AddLocalUser@NetSession@@QAAXPAVLocalUser@@@Z	380	89.621056	90.04211	SOURCE_INSDEL	16	False	{'register': 6, 'relocname': 1, 'opcode': 4, 'immediate': 1}	src/network/net/NetSession.cpp
default/MetaPerformer	?SyncSave@MetaPerformer@@UBAXAAVBinStream@@I@Z	380	98.73684	98.73684	SOURCE_ARG(imm/opcode/branch)	2	False	{'opcode': 2}	src/band3/meta_band/MetaPerformer.cpp
default/GemTrackDir	?SetPitch@GemTrackDir@@QAAXM@Z	380	67.98947	68.14737	SOURCE_INSDEL	39	False	{'immediate': 6, 'register': 3, 'opcode': 2}	src/system/bandobj/GemTrackDir.cpp
default/CharGuitarString	?Poll@CharGuitarString@@UAAXXZ	376	96.84042	98.64893	SOURCE_ARG(imm/opcode/branch)	22	True	{'immediate': 7, 'register': 34, 'opcode': 2}	src/system/char/CharGuitarString.cpp
default/BandDirector	?Poll@BandDirector@@UAAXXZ	372	97.7957	97.849464	CODEGEN_ORDERING	3	True	{'branchdest': 1}	src/system/bandobj/BandDirector.cpp
default/BandWardrobe	?ValidGenreGender@BandWardrobe@@QAA_NPAVCamShot@@@Z	372	50.27957	51.51613	SOURCE_INSDEL	67	False	{'relocname': 2, 'immediate': 4, 'register': 20}	src/system/bandobj/BandWardrobe.cpp
default/Geo	?GrowToContain@Sphere@@QAAXABV1@@Z	372	99.11828	99.97849	SOURCE_ARG(imm/opcode/branch)	11	True	{'register': 16, 'immediate': 2}	src/system/math/Geo.cpp
default/Geo	??O@YA_NABVSphere@@ABVFrustum@@@Z	372	97.956985	98.27957	SOURCE_INSDEL	6	False	{'register': 6, 'opcode': 1}	src/system/math/Geo.cpp
default/Mesh	??$PropSync@VRndBone@@@@YA_NAAV?$ObjVector@VRndBone@@@@AAVDataNode@@PAVDataArray@@HW4PropOp@@@Z	372	90.32258	91.82796	SOURCE_INSDEL	29	False	{'relocname': 3, 'register': 25, 'opcode': 1}	src/system/rndobj/Mesh.cpp
default/CharLipSync	?_M_insert_overflow_aux@?$vector@UWeight@Generator@CharLipSync@@V?$StlNodeAlloc@UWeight@Generator@CharLipSync@@@stlpmtx_std@@@stlpmtx_std@@IAAXPAUWeight@Generator@CharLipSync@@ABU345@ABU__false_type@2@I_N@Z	372	90.49462	90.70968	SOURCE_INSDEL	16	False	{'opcode': 1, 'immediate': 4, 'relocname': 1, 'register': 3}	src/system/char/CharLipSync.cpp
default/FreestylePanel	?Poll@FreestylePanel@@UAAXXZ	372	96.55914	96.77419	SOURCE_INSDEL	7	False	{'register': 4}	src/band3/game/FreestylePanel.cpp
default/system/rndobj/Utl	?UtilDrawSphere@@YAXABVVector3@@MABVColor@Hmx@@@Z	368	85.152176	85.36957	CODEGEN_ORDERING	23	True	{'opcode': 9, 'register': 4, 'immediate': 6}	src/system/rndobj/Utl.cpp
default/BandCamShot	?SetFrame@BandCamShot@@UAAXMM@Z	364	91.8022	92.07692	SOURCE_INSDEL	13	False	{'register': 5, 'opcode': 2, 'immediate': 1}	src/system/bandobj/BandCamShot.cpp
default/Mesh	??5@YAAAVBinStreamRev@@AAV0@AAVVert@RndMesh@@@Z	364	97.14286	98.9011	SOURCE_INSDEL	33	False	{'register': 32, 'relocname': 4}	src/system/rndobj/Mesh.cpp
default/Text	?UpdateText@RndText@@QAAX_N@Z	364	77.04395	77.92308	SOURCE_INSDEL	36	False	{'relocname': 2, 'opcode': 9, 'register': 13, 'immediate': 5, 'branchdest': 1}	src/system/rndobj/Text.cpp
default/MakeString	?NextBuf@@YAPADXZ	364	97.61539	98.76923	SOURCE_INSDEL	24	False	{'relocname': 1, 'register': 20, 'immediate': 12}	src/system/utl/MakeString.cpp
default/Lit	?Copy@RndLight@@UAAXPBVObject@Hmx@@W4CopyType@23@@Z	364	95.60439	95.60439	SOURCE_INSDEL	4	False	{}	src/system/rndobj/Lit.cpp
default/MetaPerformer	?GetHighestDifficultyForPart@MetaPerformer@@QBAHVSymbol@@@Z	364	62.67033	64.81319	SOURCE_INSDEL	63	False	{'register': 37, 'relocname': 3, 'immediate': 4}	src/band3/meta_band/MetaPerformer.cpp
default/TourDescPanel	?LoadIcons@TourDescPanel@@QAAXXZ	360	92.96667	93.91111	SOURCE_INSDEL	27	False	{'relocname': 4, 'immediate': 8, 'register': 13, 'opcode': 4}	src/band3/tour/TourDescPanel.cpp
default/BoxMap	?ApplyLight@BoxMapLighting@@ABAXABV?$BoxLightArray@ULightParams_Spot@BoxMapLighting@@$0DC@@@ABVVector3@@@Z	360	61.055557	65.72222	SOURCE_INSDEL	85	False	{'relocname': 6, 'branchdest': 1, 'register': 76, 'immediate': 15, 'opcode': 6}	src/system/rndobj/BoxMap.cpp
default/UIList	?Copy@UIList@@UAAXPBVObject@Hmx@@W4CopyType@23@@Z	360	64.86667	66.7	SOURCE_INSDEL	59	False	{'register': 24, 'relocname': 8, 'opcode': 3, 'immediate': 1}	src/system/ui/UIList.cpp
default/system/rnddx9/Rnd	?DrawLine@DxRnd@@UAAXABVVector3@@0ABVColor@Hmx@@_N@Z	360	98.08889	98.64445	SOURCE_ARG(imm/opcode/branch)	10	True	{'register': 10, 'immediate': 2, 'opcode': 2}	src/system/rnddx9/Rnd.cpp
default/rtti	__RTDynamicCast	360	0.0	0.0	NO_BODY/stub	90	False	{}	src/xdk/LIBCMT/rtti.cpp
default/AccomplishmentPanel	?Mat@AccomplishmentProvider@@UBAPAVRndMat@@HHPAVUIListMesh@@@Z	360	97.111115	97.111115	SOURCE_INSDEL	3	False	{'opcode': 1}	src/band3/meta_band/AccomplishmentPanel.cpp
default/OutfitConfig	?PropSync@@YA_NAAVMeshAO@OutfitConfig@@AAVDataNode@@PAVDataArray@@HW4PropOp@@@Z	360	59.922222	62.2	SOURCE_INSDEL	70	False	{'relocname': 6, 'immediate': 4, 'register': 38}	src/system/bandobj/OutfitConfig.cpp
default/BandWardrobe	?OnEnterCloset@BandWardrobe@@QAA?AVDataNode@@PAVDataArray@@@Z	356	99.47191	99.97753	SOURCE_ARG(imm/opcode/branch)	9	True	{'register': 9, 'immediate': 2}	src/system/bandobj/BandWardrobe.cpp
default/BandLeadMeter	?PostLoad@BandLeadMeter@@UAAXAAVBinStream@@@Z	356	98.17978	98.74157	SOURCE_INSDEL	10	False	{'register': 9, 'relocname': 1, 'immediate': 2}	src/system/bandobj/BandLeadMeter.cpp
default/LightPreset	??$PropSync@USpotlightEntry@LightPreset@@@@YA_NAAV?$ObjVector@USpotlightEntry@LightPreset@@@@AAVDataNode@@PAVDataArray@@HW4PropOp@@@Z	356	96.37079	97.7191	SOURCE_INSDEL	24	False	{'relocname': 2, 'immediate': 3, 'register': 22}	src/system/world/LightPreset.cpp
default/Tex	?SetBitmap@RndTex@@QAAXPAVFileLoader@@@Z	356	33.292133	36.325844	SOURCE_INSDEL	103	False	{'relocname': 5, 'immediate': 8, 'register': 50, 'opcode': 1}	src/system/rndobj/Tex.cpp
default/Overlay	?erase@?$list@VString@@V?$StlNodeAlloc@VString@@@stlpmtx_std@@@stlpmtx_std@@QAA?AU?$_List_iterator@VString@@U?$_Nonconst_traits@VString@@@stlpmtx_std@@@2@U32@0@Z	356	23.325842	24.842697	SOURCE_INSDEL	88	False	{'relocname': 3, 'immediate': 4, 'register': 22, 'opcode': 3, 'branchdest': 1}	src/system/rndobj/Overlay.cpp
default/CharEyes	?Enter@CharEyes@@UAAXXZ	356	88.08989	88.08989	CODEGEN_ORDERING	11	True	{'opcode': 1}	src/system/char/CharEyes.cpp
default/CharEyes	??$PropSync@UEyeDesc@CharEyes@@@@YA_NAAV?$ObjVector@UEyeDesc@CharEyes@@@@AAVDataNode@@PAVDataArray@@HW4PropOp@@@Z	356	96.404495	97.75281	SOURCE_INSDEL	21	False	{'relocname': 2, 'register': 22}	src/system/char/CharEyes.cpp
default/system/synth_xbox/FxSendSynapse	?SyncEffectParams@FxSendSynapse360@@UBAXPAUIXAudio2SubmixVoice@@@Z	356	0.0	0.0	NO_BODY/stub	89	False	{}	src/system/synth_xbox/FxSendSynapse.cpp
default/Group	?Load@RndGroup@@UAAXAAVBinStream@@@Z	356	10.505618	12.191011	SOURCE_INSDEL	115	False	{'opcode': 13, 'immediate': 7, 'register': 24, 'branchdest': 2, 'relocname': 1}	src/system/rndobj/Group.cpp
default/system/dsp/SndAnalysis	?ShiftedDotProduct@@YAXPBMHPAM_N@Z	356	25.011236	26.52809	SOURCE_INSDEL	87	False	{'opcode': 17, 'register': 18, 'immediate': 5, 'branchdest': 2}	src/system/dsp/SndAnalysis.cpp
default/MemTracker	??$__median@UMemDiffEntry@@U?$less@UMemDiffEntry@@@stlpmtx_std@@@stlpmtx_std@@YAABUMemDiffEntry@@ABU1@00U?$less@UMemDiffEntry@@@0@@Z	352	55.625	56.477272	SOURCE_INSDEL	53	False	{'branchdest': 5, 'opcode': 5, 'register': 2}	src/system/utl/MemTracker.cpp
default/Font	?SetKerning@KerningTable@@QAAXABV?$vector@VKernInfo@RndFont@@V?$StlNodeAlloc@VKernInfo@RndFont@@@stlpmtx_std@@@stlpmtx_std@@PAVRndFont@@@Z	352	99.97727	99.97727	SOURCE_ARG(imm/opcode/branch)	2	True	{'immediate': 2}	src/system/rndobj/Font.cpp
default/GemPlayer	?ChangeDifficulty@GemPlayer@@UAAXW4Difficulty@@@Z	352	86.704544	87.72727	SOURCE_INSDEL	27	False	{'register': 17, 'relocname': 1, 'opcode': 3}	src/band3/game/GemPlayer.cpp
default/system/dsp/SndAnalysis	?RefinePeriod2@@YAMPBM00HH@Z	352	99.97727	99.97727	SOURCE_ARG(imm/opcode/branch)	2	True	{'immediate': 2}	src/system/dsp/SndAnalysis.cpp
default/CampaignSongInfoPanel	?Refresh@CampaignSongInfoPanel@@QAAXXZ	348	48.37931	49.12644	CODEGEN_ORDERING	61	True	{'relocname': 5, 'immediate': 7, 'register': 10, 'opcode': 7}	src/band3/meta_band/CampaignSongInfoPanel.cpp
default/FilterCoeffs	?LowpassCoefficients@DSP@@YAXQAMMMM@Z	344	95.34884	95.34884	CODEGEN_ORDERING	4	True	{}	src/system/synth_xbox/FilterCoeffs.cpp
default/CharClip	??0CharClip@@IAA@XZ	344	83.0814	83.60465	SOURCE_INSDEL	29	False	{'opcode': 5, 'immediate': 11, 'register': 9}	src/system/char/CharClip.cpp
default/Character	??5@YAAAVBinStreamRev@@AAV0@AAULod@Character@@@Z	344	90.69768	91.39535	SOURCE_INSDEL	20	False	{'opcode': 4, 'immediate': 2, 'register': 12}	src/system/char/Character.cpp
default/Bitmap	?ConvertColor@RndBitmap@@ABAXPBEAAE111@Z	344	94.76744	95.11628	SOURCE_INSDEL	11	False	{'opcode': 2, 'register': 6}	src/system/rndobj/Bitmap.cpp
default/StringTable	??0GlitchFinder@@QAA@XZ	340	0.0	1.117647	NO_BODY/stub	112	False	{'relocname': 2, 'opcode': 6, 'immediate': 9, 'register': 17}	src/system/utl/StringTable.cpp
default/UIListWidget	??4?$vector@V?$ObjPtr@VUIColor@@@@V?$StlNodeAlloc@V?$ObjPtr@VUIColor@@@@@stlpmtx_std@@@stlpmtx_std@@QAAAAV01@ABV01@@Z	340	90.70588	91.52941	SOURCE_INSDEL	19	False	{'register': 11, 'opcode': 2, 'relocname': 2}	src/system/ui/UIListWidget.cpp
default/Character	?SyncObjects@Character@@UAAXXZ	340	64.27059	64.858826	SOURCE_INSDEL	40	False	{'opcode': 3, 'register': 9, 'immediate': 2}	src/system/char/Character.cpp
default/Text	?UpdateMesh@RndText@@QAAXPAVRndFont@@@Z	340	98.17647	98.76471	SOURCE_INSDEL	7	False	{'register': 7}	src/system/rndobj/Text.cpp
default/LiveCameraInput	?_M_insert_overflow_aux@?$vector@VTextureStore@LiveCameraInput@@V?$StlNodeAlloc@VTextureStore@LiveCameraInput@@@stlpmtx_std@@@stlpmtx_std@@IAAXPAVTextureStore@LiveCameraInput@@ABV34@ABU__false_type@2@I_N@Z	340	95.0	95.29412	SOURCE_INSDEL	9	False	{'relocname': 3, 'register': 2}	src/system/gesture/LiveCameraInput.cpp
default/PropKeys	?Load@PropKeys@@UAAXAAVBinStreamRev@@@Z	340	94.94118	95.76471	SOURCE_INSDEL	17	False	{'branchdest': 4, 'register': 10, 'opcode': 1, 'relocname': 1}	src/system/rndobj/PropKeys.cpp
default/InlineHelp	??1InlineHelp@@UAA@XZ	340	94.97647	95.03529	SOURCE_INSDEL	7	False	{'immediate': 2, 'opcode': 2, 'register': 1}	src/system/ui/InlineHelp.cpp
default/StorePanel	?Load@StorePanel@@UAAXXZ	340	91.04706	91.04706	SOURCE_INSDEL	9	False	{'immediate': 1, 'opcode': 1}	src/system/meta/StorePanel.cpp
default/BandMachine	?SyncLoad@BandMachine@@QAAXAAVBinStream@@E@Z	340	69.55294	69.84706	SOURCE_INSDEL	33	False	{'relocname': 2, 'immediate': 5, 'branchdest': 1, 'opcode': 1}	src/band3/meta_band/BandMachine.cpp
default/BandSongMetadata	?HasPart@BandSongMetadata@@QBA_NVSymbol@@@Z	340	72.47059	73.29412	SOURCE_INSDEL	41	False	{'relocname': 4, 'immediate': 5, 'register': 11, 'opcode': 1}	src/band3/meta_band/BandSongMetadata.cpp
default/VocalTrack	?_M_insert_overflow_aux@?$vector@V?$vector@PAUUnlockable@?A0xf8e4b4b5@@V?$StlNodeAlloc@PAUUnlockable@?A0xf8e4b4b5@@@stlpmtx_std@@@stlpmtx_std@@V?$StlNodeAlloc@V?$vector@PAUUnlockable@?A0xf8e4b4b5@@V?$StlNodeAlloc@PAUUnlockable@?A0xf8e4b4b5@@@stlpmtx_std@@@stlpmtx_std@@@2@@stlpmtx_std@@IAAXPAV?$vector@PAUUnlockable@?A0xf8e4b4b5@@V?$StlNodeAlloc@PAUUnlockable@?A0xf8e4b4b5@@@stlpmtx_std@@@2@ABV32@ABU__false_type@2@I_N@Z	336	0.0	0.0	NO_BODY/stub	84	False	{}	src/band3/bandtrack/VocalTrack.cpp
default/OriginalChoreoRemixer	?_M_insert_overflow_aux@?$vector@V?$set@PBVMoveParent@@U?$less@PBVMoveParent@@@stlpmtx_std@@V?$StlNodeAlloc@PBVMoveParent@@@3@@stlpmtx_std@@V?$StlNodeAlloc@V?$set@PBVMoveParent@@U?$less@PBVMoveParent@@@stlpmtx_std@@V?$StlNodeAlloc@PBVMoveParent@@@3@@stlpmtx_std@@@2@@stlpmtx_std@@IAAXPAV?$set@PBVMoveParent@@U?$less@PBVMoveParent@@@stlpmtx_std@@V?$StlNodeAlloc@PBVMoveParent@@@3@@2@ABV32@ABU__false_type@2@I_N@Z	336	99.96429	99.96429	SOURCE_ARG(imm/opcode/branch)	3	True	{'immediate': 3}	src/system/hamobj/OriginalChoreoRemixer.cpp
default/BandDirector	?GetModeInst@BandDirector@@QAA?AVSymbol@@V2@@Z	332	53.301205	55.771084	SOURCE_INSDEL	70	False	{'relocname': 11, 'immediate': 8, 'register': 32, 'opcode': 1, 'branchdest': 1}	src/system/bandobj/BandDirector.cpp
default/BoxMap	?ApplyLight@BoxMapLighting@@ABAXABV?$BoxLightArray@ULightParams_Point@BoxMapLighting@@$0DC@@@ABVVector3@@@Z	332	68.783134	73.783134	SOURCE_INSDEL	73	False	{'register': 82, 'relocname': 8, 'opcode': 6, 'immediate': 12}	src/system/rndobj/BoxMap.cpp
default/CharClip	?_M_insert_overflow_aux@?$vector@V?$map@HMU?$less@H@stlpmtx_std@@V?$StlNodeAlloc@U?$pair@$$CBHM@stlpmtx_std@@@2@@stlpmtx_std@@V?$StlNodeAlloc@V?$map@HMU?$less@H@stlpmtx_std@@V?$StlNodeAlloc@U?$pair@$$CBHM@stlpmtx_std@@@2@@stlpmtx_std@@@2@@stlpmtx_std@@IAAXPAV?$map@HMU?$less@H@stlpmtx_std@@V?$StlNodeAlloc@U?$pair@$$CBHM@stlpmtx_std@@@2@@2@ABV32@ABU__false_type@2@I_N@Z	332	93.50603	94.16868	SOURCE_INSDEL	15	False	{'register': 10, 'immediate': 4, 'opcode': 3, 'relocname': 1}	src/system/char/CharClip.cpp
default/CharIKFingers	?MeasureLengths@CharIKFingers@@QAAXXZ	332	97.16868	98.79518	SOURCE_INSDEL	21	False	{'register': 27}	src/system/char/CharIKFingers.cpp
default/Memcard_Xbox	?Mount@MCContainerXbox@@UAA?AW4MCResult@@W4CreateType@@@Z	332	87.951805	88.3735	SOURCE_INSDEL	19	False	{'opcode': 6, 'branchdest': 3, 'register': 2, 'relocname': 1}	src/system/os/Memcard_Xbox.cpp
default/BandSongMgr	?AllowContentToBeAdded@BandSongMgr@@UAA_NPAVDataArray@@W4ContentLocT@@@Z	332	55.626507	55.86747	SOURCE_INSDEL	42	False	{'register': 4, 'immediate': 3, 'opcode': 1}	src/band3/meta_band/BandSongMgr.cpp
default/OverdriveMeter	?SyncObjects@OverdriveMeter@@UAAXXZ	332	69.156624	69.156624	CODEGEN_ORDERING	32	True	{'opcode': 16}	src/system/bandobj/OverdriveMeter.cpp
default/BandCamShot	?_M_insert_overflow_aux@?$vector@UDynamicPropertyEntry@Flow@@V?$StlNodeAlloc@UDynamicPropertyEntry@Flow@@@stlpmtx_std@@@stlpmtx_std@@IAAXPAUDynamicPropertyEntry@Flow@@ABU34@ABU__false_type@2@I_N@Z	328	99.84146	99.96342	SOURCE_ARG(imm/opcode/branch)	5	True	{'immediate': 3, 'relocname': 2}	src/system/bandobj/BandCamShot.cpp
default/MeshAnim	?_M_insert_overflow_aux@?$vector@V?$Key@V?$vector@VVector3@@V?$StlNodeAlloc@VVector3@@@stlpmtx_std@@@stlpmtx_std@@@@V?$StlNodeAlloc@V?$Key@V?$vector@VVector3@@V?$StlNodeAlloc@VVector3@@@stlpmtx_std@@@stlpmtx_std@@@@@stlpmtx_std@@@stlpmtx_std@@IAAXPAV?$Key@V?$vector@VVector3@@V?$StlNodeAlloc@VVector3@@@stlpmtx_std@@@stlpmtx_std@@@@ABV3@ABU__false_type@2@I_N@Z	328	93.560974	94.10976	SOURCE_INSDEL	13	False	{'register': 9, 'immediate': 3, 'opcode': 3}	src/system/rndobj/MeshAnim.cpp
default/MeshAnim	?Load@RndMultiMesh@@UAAXAAVBinStream@@@Z	328	77.80488	79.02439	SOURCE_INSDEL	43	False	{'immediate': 6, 'register': 14, 'opcode': 10, 'relocname': 1}	src/system/rndobj/MeshAnim.cpp
default/LightPreset	?_M_insert_overflow_aux@?$vector@UEntry@LocalePanel@@V?$StlNodeAlloc@UEntry@LocalePanel@@@stlpmtx_std@@@stlpmtx_std@@IAAXPAUEntry@LocalePanel@@ABU34@ABU__false_type@2@I_N@Z	328	99.78049	99.96342	SOURCE_ARG(imm/opcode/branch)	6	True	{'immediate': 3, 'relocname': 3}	src/system/world/LightPreset.cpp
default/HamNavProvider	?_M_insert_overflow_aux@?$vector@UNavItem@HamNavProvider@@V?$StlNodeAlloc@UNavItem@HamNavProvider@@@stlpmtx_std@@@stlpmtx_std@@IAAXPAUNavItem@HamNavProvider@@ABU34@ABU__false_type@2@I_N@Z	328	99.902435	99.96342	SOURCE_ARG(imm/opcode/branch)	4	True	{'immediate': 3, 'relocname': 1}	src/system/hamobj/HamNavProvider.cpp
default/XLSPConnection	?SetState@XLSPConnection@@AAAXW4State@1@@Z	328	64.560974	65.414635	SOURCE_INSDEL	44	False	{'opcode': 2, 'register': 5, 'immediate': 6, 'branchdest': 5, 'relocname': 2}	src/system/net/XLSPConnection.cpp
default/Text	?Save@RndText@@UAAXAAVBinStream@@@Z	328	99.87805	99.87805	SOURCE_ARG(imm/opcode/branch)	10	True	{'immediate': 10}	src/system/rndobj/Text.cpp
default/SkeletonClip	?_M_insert_overflow_aux@?$vector@UMoveRating@SkeletonClip@@V?$StlNodeAlloc@UMoveRating@SkeletonClip@@@stlpmtx_std@@@stlpmtx_std@@IAAXPAUMoveRating@SkeletonClip@@ABU34@ABU__false_type@2@I_N@Z	328	99.902435	99.96342	SOURCE_ARG(imm/opcode/branch)	4	True	{'immediate': 3, 'relocname': 1}	src/system/gesture/SkeletonClip.cpp
default/Morph	?_M_insert_overflow_aux@?$vector@UUnlockable@?A0xf8e4b4b5@@V?$StlNodeAlloc@UUnlockable@?A0xf8e4b4b5@@@stlpmtx_std@@@stlpmtx_std@@IAAXPAUUnlockable@?A0xf8e4b4b5@@ABU34@ABU__false_type@2@I_N@Z	328	0.0	0.0	NO_BODY/stub	82	False	{}	src/system/rndobj/Morph.cpp
default/Morph	?_M_insert_overflow_aux@?$vector@ULocalizedName@HamMove@@V?$StlNodeAlloc@ULocalizedName@HamMove@@@stlpmtx_std@@@stlpmtx_std@@IAAXPAULocalizedName@HamMove@@ABU34@ABU__false_type@2@I_N@Z	328	99.78049	99.96342	SOURCE_ARG(imm/opcode/branch)	6	True	{'immediate': 3, 'relocname': 3}	src/system/rndobj/Morph.cpp
default/CharHair	?_M_insert_overflow_aux@?$vector@UPoint@CharHair@@V?$StlNodeAlloc@UPoint@CharHair@@@stlpmtx_std@@@stlpmtx_std@@IAAXPAUPoint@CharHair@@ABU34@ABU__false_type@2@I_N@Z	328	93.256096	94.10976	SOURCE_INSDEL	18	False	{'register': 9, 'immediate': 3, 'opcode': 3, 'relocname': 5}	src/system/char/CharHair.cpp
default/PracticeSection	?_M_insert_overflow_aux@?$vector@VPracticeStep@@V?$StlNodeAlloc@VPracticeStep@@@stlpmtx_std@@@stlpmtx_std@@IAAXPAVPracticeStep@@ABV3@ABU__false_type@2@I_N@Z	328	99.65854	99.96342	SOURCE_ARG(imm/opcode/branch)	8	True	{'immediate': 3, 'relocname': 5}	src/system/hamobj/PracticeSection.cpp
default/PartLauncher	??0RndPartLauncher@@IAA@XZ	328	74.86585	75.10976	SOURCE_INSDEL	29	False	{'opcode': 9, 'register': 4, 'immediate': 1}	src/system/rndobj/PartLauncher.cpp
default/CameraShot	?_M_insert_overflow_aux@?$vector@VCamShotFrame@@V?$StlNodeAlloc@VCamShotFrame@@@stlpmtx_std@@@stlpmtx_std@@IAAXPAVCamShotFrame@@ABV3@ABU__false_type@2@I_N@Z	328	99.902435	99.96342	SOURCE_ARG(imm/opcode/branch)	4	True	{'immediate': 3, 'relocname': 1}	src/system/world/CameraShot.cpp
default/SpotlightDrawer	?DrawShadow@SpotlightDrawer@@MAAXXZ	328	38.182926	39.40244	SOURCE_INSDEL	69	False	{'relocname': 6, 'immediate': 4, 'register': 17, 'opcode': 1}	src/system/world/SpotlightDrawer.cpp
default/Splash	??0Splash@@QAA@XZ	328	6.890244	8.902439	SOURCE_INSDEL	106	False	{'immediate': 12, 'register': 27, 'relocname': 8, 'opcode': 6}	src/system/movie/Splash.cpp
default/MetaMusic	?_M_insert_overflow_aux@?$vector@VDataArrayPtr@@V?$StlNodeAlloc@VDataArrayPtr@@@stlpmtx_std@@@stlpmtx_std@@IAAXPAVDataArrayPtr@@ABV3@ABU__false_type@2@I_N@Z	328	84.21951	86.17073	SOURCE_INSDEL	47	False	{'relocname': 4, 'immediate': 9, 'register': 27, 'opcode': 7}	src/system/synth/MetaMusic.cpp
default/InlineHelp	?_M_insert_overflow_aux@?$vector@UActionElement@InlineHelp@@V?$StlNodeAlloc@UActionElement@InlineHelp@@@stlpmtx_std@@@stlpmtx_std@@IAAXPAUActionElement@InlineHelp@@ABU34@ABU__false_type@2@I_N@Z	328	99.96342	99.96342	SOURCE_ARG(imm/opcode/branch)	3	True	{'immediate': 3}	src/system/ui/InlineHelp.cpp
default/DrivenPropertyEntry	?_M_insert_overflow_aux@?$vector@VFlowMathOp@@V?$StlNodeAlloc@VFlowMathOp@@@stlpmtx_std@@@stlpmtx_std@@IAAXPAVFlowMathOp@@ABV3@ABU__false_type@2@I_N@Z	328	99.96342	99.96342	SOURCE_ARG(imm/opcode/branch)	3	True	{'immediate': 3}	src/system/flow/DrivenPropertyEntry.cpp
default/FlowNode	?_M_insert_overflow_aux@?$vector@VDrivenPropertyEntry@@V?$StlNodeAlloc@VDrivenPropertyEntry@@@stlpmtx_std@@@stlpmtx_std@@IAAXPAVDrivenPropertyEntry@@ABV3@ABU__false_type@2@I_N@Z	328	99.902435	99.96342	SOURCE_ARG(imm/opcode/branch)	4	True	{'immediate': 3, 'relocname': 1}	src/system/flow/FlowNode.cpp
default/AsyncFile_Win	?_OpenAsync@AsyncFileWin@@MAAXXZ	324	67.62963	68.30864	SOURCE_INSDEL	35	False	{'opcode': 1, 'register': 3, 'immediate': 3, 'branchdest': 4}	src/system/os/AsyncFile_Win.cpp
default/MeshAnim	??4?$vector@V?$Key@V?$vector@VColor@Hmx@@V?$StlNodeAlloc@VColor@Hmx@@@stlpmtx_std@@@stlpmtx_std@@@@V?$StlNodeAlloc@V?$Key@V?$vector@VColor@Hmx@@V?$StlNodeAlloc@VColor@Hmx@@@stlpmtx_std@@@stlpmtx_std@@@@@stlpmtx_std@@@stlpmtx_std@@QAAAAV01@ABV01@@Z	324	79.83951	81.44444	SOURCE_INSDEL	38	False	{'register': 12, 'immediate': 13, 'branchdest': 2, 'relocname': 2}	src/system/rndobj/MeshAnim.cpp
default/HamCamTransform	?_M_insert_overflow_aux@?$vector@UDistEntry@@V?$StlNodeAlloc@UDistEntry@@@stlpmtx_std@@@stlpmtx_std@@IAAXPAUDistEntry@@ABU3@ABU__false_type@2@I_N@Z	324	99.74074	99.987656	SOURCE_ARG(imm/opcode/branch)	5	True	{'immediate': 3, 'relocname': 2}	src/system/hamobj/HamCamTransform.cpp
default/SongLayout	??1?$vector@VSongPattern@@V?$StlNodeAlloc@VSongPattern@@@stlpmtx_std@@@stlpmtx_std@@QAA@XZ	324	19.135803	19.814816	SOURCE_INSDEL	83	False	{'register': 10, 'immediate': 10, 'opcode': 13}	src/system/hamobj/SongLayout.cpp
default/FileMerger	?_M_insert_overflow_aux@?$vector@UPose@RndMorph@@V?$StlNodeAlloc@UPose@RndMorph@@@stlpmtx_std@@@stlpmtx_std@@IAAXPAUPose@RndMorph@@ABU34@ABU__false_type@2@I_N@Z	324	93.16049	94.02469	SOURCE_INSDEL	18	False	{'register': 10, 'immediate': 4, 'opcode': 3, 'relocname': 4}	src/system/char/FileMerger.cpp
default/RhythmBattle	?_M_insert_overflow_aux@?$vector@VArchiveSkeleton@@V?$StlNodeAlloc@VArchiveSkeleton@@@stlpmtx_std@@@stlpmtx_std@@IAAXPAVArchiveSkeleton@@ABV3@ABU__false_type@2@I_N@Z	324	99.65432	99.96296	SOURCE_ARG(imm/opcode/branch)	8	True	{'immediate': 3, 'relocname': 5}	src/system/hamobj/RhythmBattle.cpp
default/BandLabel	??4?$vector@VFlowMathOp@@V?$StlNodeAlloc@VFlowMathOp@@@stlpmtx_std@@@stlpmtx_std@@QAAAAV01@ABV01@@Z	324	8.259259	10.91358	SOURCE_INSDEL	109	False	{'relocname': 7, 'register': 36, 'opcode': 19, 'immediate': 11}	src/system/bandobj/BandLabel.cpp
default/Mesh	??$__destroy_range@PAV?$vector@GV?$StlNodeAlloc@G@stlpmtx_std@@@stlpmtx_std@@V12@@stlpmtx_std@@YAXPAV?$vector@GV?$StlNodeAlloc@G@stlpmtx_std@@@0@00@Z	320	14.275	15.0875	SOURCE_INSDEL	81	False	{'opcode': 7, 'immediate': 3, 'register': 10, 'branchdest': 1, 'relocname': 1}	src/system/rndobj/Mesh.cpp
default/Trans	?WorldXfm_Force@RndTransformable@@AAAABVTransform@@XZ	320	71.1	71.225	SOURCE_INSDEL	25	False	{'register': 2, 'immediate': 2}	src/system/rndobj/Trans.cpp
default/network/Platform/BandwidthCounter	??ABandwidthCounterMap@Quazal@@QAAPAVIOBandwidthCounter@01@I@Z	320	99.85	99.9125	SOURCE_ARG(imm/opcode/branch)	8	True	{'immediate': 7, 'relocname': 1}	src/network/Platform/BandwidthCounter.cpp
default/BoxMap	?CacheData@BoxMapLighting@@QAA_NAAULightParams_Spot@1@@Z	316	80.0	83.22785	SOURCE_INSDEL	48	False	{'register': 50, 'immediate': 6, 'relocname': 3, 'opcode': 2}	src/system/rndobj/BoxMap.cpp
default/UI	?Terminate@UIManager@@UAAXXZ	316	59.746834	60.44304	SOURCE_INSDEL	44	False	{'opcode': 7, 'relocname': 1, 'register': 8, 'immediate': 1}	src/system/ui/UI.cpp
default/VorbisReader	??1VorbisReader@@UAA@XZ	316	97.341774	97.46835	CODEGEN_ORDERING	4	True	{'relocname': 2}	src/system/synth/VorbisReader.cpp
default/CharBlendBone	?SetType@CharBlendBone@@UAAXVSymbol@@@Z	316	99.78481	99.8481	SOURCE_ARG(imm/opcode/branch)	13	True	{'relocname': 1, 'immediate': 12}	src/system/char/CharBlendBone.cpp
default/PracticeSection	?SetType@PracticeSection@@UAAXVSymbol@@@Z	316	99.78481	99.8481	SOURCE_ARG(imm/opcode/branch)	13	True	{'relocname': 1, 'immediate': 12}	src/system/hamobj/PracticeSection.cpp
default/SpotlightDrawer_NG	?RenderSphere@NgSpotlightDrawer@@IAAXPAVSpotlight@@@Z	316	97.91139	98.73418	SOURCE_INSDEL	12	False	{'register': 13, 'relocname': 5}	src/system/world/SpotlightDrawer_NG.cpp
default/band3/meta_band/BandProfile	??$LoadStdPtr@VTourCharLocal@@V?$StlNodeAlloc@PAVTourCharLocal@@@stlpmtx_std@@@FixedSizeSaveable@@SAXAAVFixedSizeSaveableStream@@AAV?$vector@PAVTourCharLocal@@V?$StlNodeAlloc@PAVTourCharLocal@@@stlpmtx_std@@@stlpmtx_std@@HH@Z	316	99.92405	99.98734	SOURCE_ARG(imm/opcode/branch)	2	True	{'relocname': 1, 'immediate': 1}	src/band3/meta_band/BandProfile.cpp
default/MetaPerformer	?PartPlaysInSet@MetaPerformer@@QBA_NVSymbol@@@Z	316	57.6962	59.468353	SOURCE_INSDEL	52	False	{'register': 26, 'relocname': 3, 'immediate': 4}	src/band3/meta_band/MetaPerformer.cpp
default/VocalTrack	?ProcessStaticLyrics@VocalTrack@@QAAX_NPAVLyric@@AAM2AAPAV2@320PAVLyricPlate@@@Z	312	97.69231	98.71795	SOURCE_INSDEL	15	False	{'register': 16}	src/band3/bandtrack/VocalTrack.cpp
default/HDCache	?WriteDone@HDCache@@QAA_NXZ	312	68.21795	68.92308	SOURCE_INSDEL	36	False	{'opcode': 7, 'immediate': 5, 'register': 10}	src/system/os/HDCache.cpp
default/CharClipDriver	?ExecuteEvent@CharClipDriver@@IAAXVSymbol@@@Z	312	20.846153	23.346153	SOURCE_INSDEL	95	False	{'relocname': 9, 'immediate': 11, 'register': 26, 'branchdest': 1, 'opcode': 6}	src/system/char/CharClipDriver.cpp
default/CharBonesSamples	?FracToSample@CharBonesSamples@@QBAHPAM@Z	312	58.75641	62.666668	SOURCE_INSDEL	76	False	{'opcode': 5, 'register': 55, 'relocname': 3, 'immediate': 2}	src/system/char/CharBonesSamples.cpp
default/MemTrack	?MemTrackHeapDump@@YAX_N@Z	312	98.07692	98.71795	SOURCE_INSDEL	11	False	{'register': 4, 'relocname': 8}	src/system/utl/MemTrack.cpp
default/MemTracker	??$__adjust_heap@PAUMemDiffEntry@@HU1@U?$less@UMemDiffEntry@@@stlpmtx_std@@@stlpmtx_std@@YAXPAUMemDiffEntry@@HHU1@U?$less@UMemDiffEntry@@@0@@Z	308	83.05195	83.11688	SOURCE_INSDEL	14	False	{'branchdest': 1}	src/system/utl/MemTracker.cpp
default/GemManager	??0Entry@LocalePanel@@QAA@ABU01@@Z	308	24.207792	24.597403	SOURCE_INSDEL	68	False	{'register': 4, 'relocname': 2, 'immediate': 6}	src/band3/bandtrack/GemManager.cpp
default/BlockMgr	?SpinUp@BlockMgr@@QAA_NXZ	304	78.302635	79.42105	SOURCE_INSDEL	30	False	{'opcode': 1, 'register': 17, 'immediate': 5}	src/system/os/BlockMgr.cpp
default/Flare	?CalcScale@RndFlare@@IAAXXZ	304	95.32895	97.302635	CODEGEN_ORDERING	19	True	{'register': 30, 'immediate': 5}	src/system/rndobj/Flare.cpp
default/ChordbookPanel	?Enter@ChordbookPanel@@UAAXXZ	304	50.44737	51.236843	SOURCE_INSDEL	48	False	{'register': 9, 'immediate': 6, 'relocname': 5}	src/band3/game/ChordbookPanel.cpp
default/OvershellSlot	?AttemptRemoveUser@OvershellSlot@@QAAXXZ	300	14.84	15.906667	SOURCE_INSDEL	81	False	{'relocname': 3, 'immediate': 2, 'register': 10, 'branchdest': 2}	src/band3/meta_band/OvershellSlot.cpp
default/KeyboardTrackWatcherImpl	?CheckForFatFinger@KeyboardTrackWatcherImpl@@QAA_NMHIW4GemHitFlags@@@Z	300	84.6	85.0	SOURCE_INSDEL	17	False	{'opcode': 2, 'register': 6}	src/system/beatmatch/KeyboardTrackWatcherImpl.cpp
default/band3/game/Singer	?ResolveAmbiguity@Singer@@QAAXXZ	300	91.6	94.666664	SOURCE_INSDEL	39	False	{'relocname': 4, 'register': 44}	src/band3/game/Singer.cpp
default/FFT	?SquareComplexTransposeVector@@YAXPAMJ@Z	296	0.0	0.0	NO_BODY/stub	74	False	{}	src/system/synth_xbox/FFT.cpp
default/DataFunc	?DataStringFlags@@YA?AVDataNode@@PAVDataArray@@@Z	296	94.51351	94.58108	CODEGEN_ORDERING	5	True	{'register': 1, 'immediate': 1}	src/system/obj/DataFunc.cpp
default/PostProc_NG	?AddSink@Object@Hmx@@QAAXPAV12@VSymbol@@1W4SinkMode@12@_N@Z	296	0.0	0.0	NO_BODY/stub	74	False	{}	src/system/rndobj/PostProc_NG.cpp
default/GemPlayer	?LocalSetEnabledState@GemPlayer@@UAAXW4EnabledState@@HPAVBandUser@@_N@Z	296	97.567566	97.567566	SOURCE_ARG(imm/opcode/branch)	3	False	{'opcode': 3}	src/band3/game/GemPlayer.cpp
default/CharBonesMeshes	?ReallocateInternal@CharBonesMeshes@@MAAXXZ	292	50.068493	54.79452	SOURCE_INSDEL	86	False	{'relocname': 2, 'immediate': 10, 'register': 67, 'opcode': 2}	src/system/char/CharBonesMeshes.cpp
default/Rnd_Xbox	?SetDefaultRenderStates@DxRnd@@QAAXXZ	292	92.76712	93.0411	SOURCE_INSDEL	15	False	{'immediate': 9, 'register': 3}	src/system/rnddx9/Rnd_Xbox.cpp
default/MetaPerformer	?GetSetlistMaxVocalParts@MetaPerformer@@QBAHXZ	292	53.260273	55.315067	SOURCE_INSDEL	55	False	{'register': 28, 'relocname': 3, 'opcode': 1, 'immediate': 4}	src/band3/meta_band/MetaPerformer.cpp
default/VocalPlayer	?LocalSetEnabledState@VocalPlayer@@UAAXW4EnabledState@@HPAVBandUser@@_N@Z	292	85.31507	85.58904	SOURCE_INSDEL	18	False	{'opcode': 3, 'register': 5, 'immediate': 2}	src/band3/game/VocalPlayer.cpp
default/CharPollGroup	??0CharPollGroup@@IAA@XZ	288	3.875	6.0277777	SOURCE_INSDEL	100	False	{'relocname': 10, 'immediate': 7, 'register': 24, 'opcode': 16, 'branchdest': 1}	src/system/char/CharPollGroup.cpp
default/band3/meta_band/SessionMgr	?AreInvitesAllowed@SessionMgr@@UBA_NXZ	288	64.208336	65.80556	SOURCE_INSDEL	50	False	{'relocname': 7, 'register': 17, 'branchdest': 2, 'opcode': 4, 'immediate': 3}	src/band3/meta_band/SessionMgr.cpp
default/Geo	?Intersect@@YA_NABVSegment@@ABVSphere@@@Z	284	88.54929	91.366196	CODEGEN_ORDERING	35	True	{'register': 40, 'immediate': 13, 'relocname': 1}	src/system/math/Geo.cpp
default/BlockMgr	?AddTask@BlockMgr@@QAAXABVAsyncTask@@@Z	284	98.0	98.56338	SOURCE_INSDEL	8	False	{'immediate': 2, 'register': 8}	src/system/os/BlockMgr.cpp
default/MemTracker	??$__linear_insert@PAUMemDiffEntry@@U1@U?$less@UMemDiffEntry@@@stlpmtx_std@@@stlpmtx_std@@YAXPAUMemDiffEntry@@0U1@U?$less@UMemDiffEntry@@@0@@Z	284	81.61972	81.69014	SOURCE_INSDEL	14	False	{'branchdest': 1}	src/system/utl/MemTracker.cpp
default/MemMgr	?MemTruncate@@YAPAXPAXHPBDH1@Z	284	86.33803	88.169014	SOURCE_INSDEL	28	False	{'register': 26, 'relocname': 1, 'opcode': 4, 'immediate': 1}	src/system/utl/MemMgr.cpp
default/Bitmap	?NearestColor@RndBitmap@@ABAEEEEE@Z	284	94.19718	96.30986	SOURCE_INSDEL	33	False	{'relocname': 2, 'immediate': 2, 'register': 28, 'opcode': 1}	src/system/rndobj/Bitmap.cpp
default/system/rnddx9/ShaderMgr	?DoCompress@DxTex@@QAAXPAX@Z	284	0.0	0.0	NO_BODY/stub	71	False	{}	src/system/rnddx9/ShaderMgr.cpp
default/CharBoneOffset	??0CharBoneOffset@@IAA@XZ	284	81.253525	81.60564	SOURCE_INSDEL	26	False	{'opcode': 5, 'immediate': 6, 'register': 5, 'relocname': 1}	src/system/char/CharBoneOffset.cpp
default/Tour	??0Tour@@QAA@PAVDataArray@@ABVSongMgr@@AAVBandUserMgr@@_N@Z	284	0.0	3.169014	NO_BODY/stub	129	False	{'relocname': 18, 'immediate': 11, 'register': 29, 'opcode': 18}	src/band3/tour/Tour.cpp
default/VocalPlayer	?LocalEndgameEnergy@VocalPlayer@@QAAXH@Z	284	92.746475	92.95775	SOURCE_INSDEL	7	False	{'register': 2, 'immediate': 1}	src/band3/game/VocalPlayer.cpp
default/keygen_xbox	?getMasher@KeyChain@@YAXPAE@Z	280	81.47143	85.25714	SOURCE_INSDEL	59	False	{'immediate': 33, 'register': 54, 'opcode': 3, 'branchdest': 1}	src/keygen_xbox.cpp
default/UIListWidget	?ScrollDirection@@YAHABVButtonDownMsg@@VSymbol@@_NH@Z	280	93.185715	94.25714	SOURCE_INSDEL	21	False	{'relocname': 2, 'immediate': 2, 'register': 12, 'branchdest': 1}	src/system/ui/UIListWidget.cpp
default/UILabel	??4?$vector@ULabelStyle@UILabel@@V?$StlNodeAlloc@ULabelStyle@UILabel@@@stlpmtx_std@@@stlpmtx_std@@QAAAAV01@ABV01@@Z	280	82.75714	83.97143	SOURCE_INSDEL	26	False	{'relocname': 2, 'immediate': 2, 'opcode': 2, 'branchdest': 1, 'register': 14}	src/system/ui/UILabel.cpp
default/ChecksumAlgorithm	?DeriveKey@ChecksumAlgorithm@Quazal@@QAA?AVKey@2@ABVBuffer@2@I@Z	280	51.3	52.442856	SOURCE_INSDEL	63	False	{'opcode': 10, 'immediate': 19, 'register': 14}	src/network/Plugins/ChecksumAlgorithm.cpp
default/Campaign	?HasReachedCampaignLevel@Campaign@@QBA_NVSymbol@@@Z	280	95.62857	95.7	SOURCE_INSDEL	5	False	{'relocname': 1, 'immediate': 1}	src/band3/meta_band/Campaign.cpp
default/system/bandobj/BandTrack	?SetGameOver@GamePanel@@QAAX_N@Z	276	0.0	0.0	NO_BODY/stub	69	False	{}	src/system/bandobj/BandTrack.cpp
default/Object	??1Object@Hmx@@UAA@XZ	272	63.07353	64.617645	SOURCE_INSDEL	40	False	{'relocname': 7, 'register': 15, 'branchdest': 1, 'immediate': 1}	src/system/obj/Object.cpp
default/SpectralAnalysis	?_M_fill_assign@?$vector@MV?$XboxAllocator@M@@@stlpmtx_std@@QAAXIABM@Z	272	94.04412	94.117645	SOURCE_INSDEL	5	False	{'register': 1}	src/system/synth_xbox/SpectralAnalysis.cpp
default/Mesh	?DecodeThreadEntry@?A0xcb0871ef@@YAKPAX@Z	272	0.0	0.0	NO_BODY/stub	68	False	{}	src/system/rndobj/Mesh.cpp
default/TrackerUtils	?CountGemsInSection@TrackerSectionManager@@QBAHPBVPlayer@@H@Z	272	93.89706	94.04412	SOURCE_INSDEL	6	False	{'relocname': 1}	src/band3/game/TrackerUtils.cpp
default/DuplicatedObject	?ValidState@DuplicatedObject@Quazal@@QAAP8StateMachine@2@AAP832@AAXABVQEvent@32@@Z0@Z0@Z	272	59.60294	61.882355	SOURCE_INSDEL	50	False	{'register': 27, 'relocname': 6, 'immediate': 2, 'opcode': 3}	src/network/ObjDup/DuplicatedObject.cpp
default/MusicLibraryStore	??0MusicLibraryStore@@QAA@XZ	268	94.55224	94.62687	SOURCE_INSDEL	5	False	{'opcode': 1, 'relocname': 1}	src/band3/meta_band/MusicLibraryStore.cpp
default/PeakDetector	?gaussianWindow@PeakDetector@Synapse@DSP@@ABAMI@Z	268	0.0	0.0	NO_BODY/stub	67	False	{}	src/system/synth_xbox/PeakDetector.cpp
default/EventTrigger	??4?$vector@VSingerStats@@V?$StlNodeAlloc@VSingerStats@@@stlpmtx_std@@@stlpmtx_std@@QAAAAV01@ABV01@@Z	268	4.880597	7.119403	SOURCE_INSDEL	87	False	{'opcode': 27, 'register': 28, 'immediate': 3, 'relocname': 2}	src/system/rndobj/EventTrigger.cpp
default/PracticeSection	?Handle@PracticeSection@@UAA?AVDataNode@@PAVDataArray@@_N@Z	268	99.83582	99.910446	SOURCE_ARG(imm/opcode/branch)	7	True	{'immediate': 6, 'relocname': 1}	src/system/hamobj/PracticeSection.cpp
default/PracticeSection	?SyncProperty@PracticeSection@@UAA_NAAVDataNode@@PAVDataArray@@HW4PropOp@@@Z	268	0.0	2.164179	NO_BODY/stub	130	False	{'immediate': 7, 'register': 24, 'relocname': 2, 'branchdest': 2, 'opcode': 1}	src/system/hamobj/PracticeSection.cpp
default/Tex	?SetBitmap@RndTex@@QAAXABVRndBitmap@@PBD_NW4Type@1@@Z	268	91.910446	93.10448	SOURCE_INSDEL	20	False	{'relocname': 4, 'immediate': 3, 'register': 13, 'opcode': 1}	src/system/rndobj/Tex.cpp
default/CharBone	?StuffBones@CharBone@@QBAXAAV?$list@UBone@CharBones@@V?$StlNodeAlloc@UBone@CharBones@@@stlpmtx_std@@@stlpmtx_std@@H@Z	268	99.70149	99.70149	SOURCE_ARG(imm/opcode/branch)	20	True	{'immediate': 20}	src/system/char/CharBone.cpp
default/TrackPanelDirBase	??4?$ObjPtrList@VRndTransformable@@VObjectDir@@@@QAAXABV0@@Z	264	20.621212	23.045454	SOURCE_INSDEL	83	False	{'relocname': 6, 'immediate': 14, 'register': 25, 'opcode': 19, 'branchdest': 2}	src/system/bandobj/TrackPanelDirBase.cpp
default/Debug	?Fail@Debug@@QAAXPBDPAX@Z	264	34.015152	35.075756	SOURCE_INSDEL	60	False	{'relocname': 5, 'immediate': 5, 'opcode': 3, 'register': 8, 'branchdest': 1}	src/system/os/Debug.cpp
default/MeshAnim	??6@YAAAVTextStream@@AAV0@PBVObject@Hmx@@@Z	264	18.818182	19.5	SOURCE_INSDEL	63	False	{'opcode': 5, 'immediate': 3, 'register': 7}	src/system/rndobj/MeshAnim.cpp
default/MemTracker	??$__unguarded_partition@PAUMemDiffEntry@@U1@U?$less@UMemDiffEntry@@@stlpmtx_std@@@stlpmtx_std@@YAPAUMemDiffEntry@@PAU1@0U1@U?$less@UMemDiffEntry@@@0@@Z	264	69.166664	69.545456	SOURCE_INSDEL	24	False	{'branchdest': 2}	src/system/utl/MemTracker.cpp
default/AmbientOcclusion	??0?$kdTree@VTriangle@@@@QAA@ABVBox@@@Z	264	87.954544	88.48485	SOURCE_INSDEL	12	False	{'register': 7, 'opcode': 1}	src/system/rndobj/AmbientOcclusion.cpp
default/Rot	?Set@Quat@Hmx@@QAAXABVVector3@@@Z	260	94.87692	96.87692	CODEGEN_ORDERING	17	True	{'register': 26, 'immediate': 3}	src/system/math/Rot.cpp
default/FFT	?CalculateSinCosTable@@YAHJPAM@Z	260	74.06154	74.98462	SOURCE_INSDEL	33	False	{'relocname': 2, 'immediate': 6, 'register': 10, 'opcode': 2}	src/system/synth_xbox/FFT.cpp
default/CharHair	?Link@?$ObjPtrList@VCharCollide@@VObjectDir@@@@AAAXViterator@1@PAUNode@1@@Z	260	0.0	0.23076923	NO_BODY/stub	93	False	{'opcode': 18, 'immediate': 2, 'register': 2}	src/system/char/CharHair.cpp
default/BandIKEffector	?IKElbow@BandIKEffector@@IAAXABVVector3@@@Z	260	98.76923	99.07692	SOURCE_ARG(imm/opcode/branch)	3	False	{'opcode': 1, 'register': 4}	src/system/bandobj/BandIKEffector.cpp
default/RGGemMatcher	??0BeatMatchController@@QAA@PAVUser@@PBVDataArray@@_N@Z	260	0.0	0.0	NO_BODY/stub	65	False	{}	src/system/beatmatch/RGGemMatcher.cpp
default/BandSongMgr	??0SongMgr@@QAA@XZ	260	82.276924	84.276924	SOURCE_INSDEL	29	False	{'register': 21, 'relocname': 7, 'opcode': 2, 'immediate': 2}	src/band3/meta_band/BandSongMgr.cpp
default/CamAnim	?Load@RndCamAnim@@UAAXAAVBinStream@@@Z	260	81.753845	82.44615	SOURCE_INSDEL	18	False	{'register': 8, 'immediate': 1, 'opcode': 4, 'relocname': 1}	src/system/rndobj/CamAnim.cpp
default/Console	?insert@?$list@UBreakpoint@RndConsole@@V?$StlNodeAlloc@UBreakpoint@RndConsole@@@stlpmtx_std@@@stlpmtx_std@@QAA?AU?$_List_iterator@UBreakpoint@RndConsole@@U?$_Nonconst_traits@UBreakpoint@RndConsole@@@stlpmtx_std@@@2@U32@ABUBreakpoint@RndConsole@@@Z	256	18.765625	19.546875	SOURCE_INSDEL	62	False	{'register': 10, 'immediate': 9, 'opcode': 4}	src/system/rndobj/Console.cpp
default/MeshAnim	?FindShader@RndShaderMgr@@QAAAAVRndShaderProgram@@W4ShaderType@@ABUShaderOptions@@@Z	256	80.390625	81.171875	SOURCE_INSDEL	22	False	{'register': 6, 'branchdest': 3}	src/system/rndobj/MeshAnim.cpp
default/Bitmap	?DxtColor@RndBitmap@@ABAXHHAAE000@Z	256	92.109375	92.8125	SOURCE_INSDEL	12	False	{'register': 8, 'immediate': 1, 'opcode': 1}	src/system/rndobj/Bitmap.cpp
default/rtti	?FindSITargetTypeInstance@@YAPBU_s_RTTIBaseClassDescriptor@@PBU_s_RTTICompleteObjectLocator@@PAUTypeDescriptor@@1@Z	256	0.0	0.0	NO_BODY/stub	64	False	{}	src/xdk/LIBCMT/rtti.cpp
default/UploadErrorMgr	?StartMetadataLoaders@SetlistToStorePanel@@QAAXXZ	256	0.0	0.0	NO_BODY/stub	64	False	{}	src/band3/meta_band/UploadErrorMgr.cpp
default/system/obj/Dir	??$__find_if@PAVFilePath@@P6A_NABV1@@Z@stlpmtx_std@@YAPAVFilePath@@PAV1@0P6A_NABV1@@ZABUrandom_access_iterator_tag@0@@Z	252	83.92063	84.39683	SOURCE_INSDEL	22	False	{'relocname': 2, 'register': 3, 'immediate': 4, 'opcode': 8}	src/system/obj/Dir.cpp
default/Mesh	?Add@PatchVerts@@QAAXHAAVVertVector@RndMesh@@AAVVector3@@@Z	252	94.95238	96.77778	CODEGEN_ORDERING	24	True	{'relocname': 3, 'immediate': 3, 'register': 20}	src/system/rndobj/Mesh.cpp
default/DirLoader	?SaveObjects@DirLoader@@SA_NPBDPAVObjectDir@@@Z	252	78.2381	78.31746	SOURCE_INSDEL	16	False	{'register': 1, 'immediate': 1, 'opcode': 1}	src/system/obj/DirLoader.cpp
default/Memcard_Xbox	?ShowDeviceSelector@MemcardXbox@@UAAXABUContainerId@@_NPAVObject@Hmx@@H@Z	252	93.06349	93.30159	SOURCE_INSDEL	8	False	{'opcode': 2, 'immediate': 2, 'register': 3}	src/system/os/Memcard_Xbox.cpp
default/MidiSynth	?Write@RingBuffer@@QAAHPAXH@Z	252	91.36508	92.0	SOURCE_INSDEL	17	False	{'immediate': 4, 'register': 8}	src/system/synth/MidiSynth.cpp
default/JoypadMsgs	?ClientConnect@NetStream@@QAAXABVNetAddress@@@Z	252	56.42857	56.825397	SOURCE_INSDEL	32	False	{'opcode': 2, 'register': 4, 'relocname': 2, 'branchdest': 1}	src/system/os/JoypadMsgs.cpp
default/Rot	?MakeRotQuat@@YAXABVVector3@@0AAVQuat@Hmx@@@Z	248	89.41936	90.30645	CODEGEN_ORDERING	13	True	{'register': 11, 'immediate': 1}	src/system/math/Rot.cpp
default/mtx	?Multiply@@YAXABVTransform@@0AAV1@@Z	248	61.725807	67.77419	SOURCE_INSDEL	63	False	{'register': 74, 'immediate': 18, 'opcode': 3, 'branchdest': 1}	src/system/math/mtx.cpp
default/SpectralAnalysis	?_M_insert_overflow@?$vector@MV?$XboxAllocator@M@@@stlpmtx_std@@IAAXPAMABMABU__true_type@2@I_N@Z	248	85.46774	86.03226	SOURCE_INSDEL	14	False	{'immediate': 1, 'register': 6, 'opcode': 1}	src/system/synth_xbox/SpectralAnalysis.cpp
default/system/rndobj/Utl	?SetBloomBlurWeights@@YAX_NMM@Z	248	88.09677	88.66129	SOURCE_INSDEL	16	False	{'relocname': 2, 'immediate': 3, 'register': 5}	src/system/rndobj/Utl.cpp
default/Line	?SyncProperty@RndLine@@UAA_NAAVDataNode@@PAVDataArray@@HW4PropOp@@@Z	248	0.0	3.7096775	NO_BODY/stub	265	False	{'relocname': 8, 'immediate': 8, 'register': 33, 'opcode': 2, 'branchdest': 3}	src/system/rndobj/Line.cpp
default/Loader	?PollUntilLoaded@LoadMgr@@QAAXPAVLoader@@0@Z	248	93.30645	93.548386	CODEGEN_ORDERING	6	True	{'register': 3, 'immediate': 1}	src/system/utl/Loader.cpp
default/BandWardrobe	?SetVenueDir@BandWardrobe@@QAAXPAVObjectDir@@@Z	244	96.72131	96.72131	CODEGEN_ORDERING	2	True	{}	src/system/bandobj/BandWardrobe.cpp
default/DataFlex	yy_get_previous_state	244	99.85246	99.85246	SOURCE_ARG(imm/opcode/branch)	9	True	{'immediate': 9}	src/system/obj/DataFlex.c
default/Instance	??0SharedGroup@@QAA@PAVRndGroup@@@Z	244	90.409836	90.491806	SOURCE_INSDEL	8	False	{'opcode': 3, 'register': 1}	src/system/world/Instance.cpp
default/UILabel	?ProcessCommandList@CCommandManager@LEAPCORE@@AAAJXZ	244	0.0	0.0	NO_BODY/stub	61	False	{}	src/system/ui/UILabel.cpp
default/Spotlight	?Load@ColorPalette@@UAAXAAVBinStream@@@Z	244	61.786884	63.34426	SOURCE_INSDEL	44	False	{'immediate': 6, 'register': 13, 'relocname': 4, 'opcode': 7, 'branchdest': 2}	src/system/world/Spotlight.cpp
default/LabelNumberTicker	?PreLoad@LabelNumberTicker@@UAAXAAVBinStream@@@Z	244	43.0	44.229507	SOURCE_INSDEL	52	False	{'relocname': 3, 'immediate': 2, 'register': 12, 'opcode': 5, 'branchdest': 1}	src/system/ui/LabelNumberTicker.cpp
default/Emitter	?Save@SynthEmitter@@UAAXAAVBinStream@@@Z	244	84.16393	84.2459	SOURCE_INSDEL	11	False	{'register': 1, 'immediate': 1, 'opcode': 1}	src/system/synth/Emitter.cpp
default/MainHubPanel	?Poll@MainHubPanel@@UAAXXZ	244	51.80328	52.13115	SOURCE_INSDEL	32	False	{'opcode': 2, 'register': 4, 'immediate': 1}	src/band3/meta_band/MainHubPanel.cpp
default/MeshAnim	?Load@RndMeshAnim@@UAAXAAVBinStream@@@Z	240	16.883333	19.05	SOURCE_INSDEL	78	False	{'relocname': 6, 'immediate': 5, 'register': 14, 'opcode': 7}	src/system/rndobj/MeshAnim.cpp
default/DirLoader	?HandleProperty@Object@Hmx@@QAA?AVDataNode@@PAVDataArray@@0_N@Z	240	93.25	94.0	SOURCE_INSDEL	13	False	{'register': 9, 'opcode': 1}	src/system/obj/DirLoader.cpp
default/system/synth/FxSend	?BuildChainVector@FxSend@@UAAXAAV?$vector@PAVFxSend@@V?$StlNodeAlloc@PAVFxSend@@@stlpmtx_std@@@stlpmtx_std@@@Z	240	92.55	94.96667	SOURCE_INSDEL	25	False	{'relocname': 7, 'register': 26, 'immediate': 2}	src/system/synth/FxSend.cpp
default/Object	?Copy@Object@Hmx@@UAAXPBV12@W4CopyType@12@@Z	236	45.474575	46.40678	SOURCE_INSDEL	45	False	{'register': 11, 'opcode': 1, 'immediate': 2}	src/system/obj/Object.cpp
default/ExternalMic	?dataReady@ExternalMic@@QAAXKKPAU_XOVERLAPPED@@@Z	236	92.45763	93.81356	SOURCE_INSDEL	15	False	{'register': 13, 'opcode': 1}	src/system/synth_xbox/ExternalMic.cpp
default/CharNeckTwist	?Poll@CharNeckTwist@@UAAXXZ	236	79.49152	79.66102	SOURCE_INSDEL	14	False	{'register': 2}	src/system/char/CharNeckTwist.cpp
default/BandSongMetadata	?Rank@BandSongMetadata@@QBAMVSymbol@@@Z	236	48.152542	49.42373	SOURCE_INSDEL	47	False	{'opcode': 3, 'immediate': 5, 'register': 15, 'relocname': 2}	src/band3/meta_band/BandSongMetadata.cpp
default/AppLabel	?SetFromSongSelectNode@AppLabel@@QAAXPBVNode@@@Z	236	66.745766	68.10169	SOURCE_INSDEL	36	False	{'opcode': 3, 'immediate': 3, 'register': 16, 'relocname': 1}	src/band3/meta_band/AppLabel.cpp
default/SpeechMgr	??$__uninitialized_copy@PAUGrammar@SpeechMgr@@PAU12@@stlpmtx_std@@YAPAUGrammar@SpeechMgr@@PAU12@00ABU__false_type@0@@Z	236	21.949152	23.728813	SOURCE_INSDEL	62	False	{'relocname': 3, 'immediate': 3, 'register': 13, 'opcode': 3}	src/system/gesture/SpeechMgr.cpp
default/BandLeadMeter	?Load@?$ObjRefConcrete@VRndAnimatable@@VObjectDir@@@@QAA_NAAVBinStream@@_NPAVObjectDir@@@Z	232	80.24138	81.706894	SOURCE_INSDEL	28	False	{'register': 14, 'branchdest': 2, 'opcode': 1, 'relocname': 1, 'immediate': 1}	src/system/bandobj/BandLeadMeter.cpp
default/MidiParser	?InsertDataEvent@MidiParser@@AAAXMMABVDataNode@@@Z	232	96.465515	96.55173	SOURCE_INSDEL	3	False	{'relocname': 1}	src/system/midi/MidiParser.cpp
default/PostProc	?SetEmulateFPS@ProcCounter@@AAAIH@Z	232	96.55173	96.55173	CODEGEN_ORDERING	2	True	{}	src/system/rndobj/PostProc.cpp
default/Character	??A?$map@PAVObject@Hmx@@UDep@CharPollableSorter@@U?$less@PAVObject@Hmx@@@stlpmtx_std@@V?$StlNodeAlloc@U?$pair@QAVObject@Hmx@@UDep@CharPollableSorter@@@stlpmtx_std@@@6@@stlpmtx_std@@QAAAAUDep@CharPollableSorter@@ABQAVObject@Hmx@@@Z	232	96.206894	96.55173	SOURCE_INSDEL	5	False	{'register': 4}	src/system/char/Character.cpp
default/MoveMgr	?insert_unique@?$_Rb_tree@VSymbol@@U?$less@VSymbol@@@stlpmtx_std@@U?$pair@$$CBVSymbol@@H@3@U?$_Select1st@U?$pair@$$CBVSymbol@@H@stlpmtx_std@@@3@U?$_MapTraitsT@U?$pair@$$CBVSymbol@@H@stlpmtx_std@@@priv@3@V?$StlNodeAlloc@U?$pair@$$CBVSymbol@@H@stlpmtx_std@@@3@@stlpmtx_std@@QAA?AU?$pair@U?$_Rb_tree_iterator@U?$pair@$$CBVSymbol@@H@stlpmtx_std@@U?$_MapTraitsT@U?$pair@$$CBVSymbol@@H@stlpmtx_std@@@priv@2@@stlpmtx_std@@_N@2@ABU?$pair@$$CBVSymbol@@H@2@@Z	232	94.39655	94.48276	SOURCE_INSDEL	5	False	{'register': 1, 'opcode': 2}	src/system/hamobj/MoveMgr.cpp
default/MemTrack	?MemTrackReport@@YAXH_N@Z	232	60.172413	61.724136	SOURCE_INSDEL	40	False	{'register': 14, 'branchdest': 1, 'relocname': 4, 'opcode': 7}	src/system/utl/MemTrack.cpp
default/SongStatusMgr	?LoadFixed@SongStatusMgr@@UAAXAAVFixedSizeSaveableStream@@H@Z	232	29.586206	31.48276	SOURCE_INSDEL	60	False	{'immediate': 4, 'register': 19, 'opcode': 6, 'relocname': 1}	src/band3/meta_band/SongStatusMgr.cpp
default/Voice	?Pause@Voice@@QAAX_N@Z	232	96.55173	96.55173	CODEGEN_ORDERING	2	True	{}	src/system/synth_xbox/Voice.cpp
default/MatAnim	??4?$ObjPtrList@VObject@Hmx@@VObjectDir@@@@QAAXABV0@@Z	232	12.810345	15.568966	SOURCE_INSDEL	79	False	{'relocname': 5, 'immediate': 8, 'register': 23, 'opcode': 6, 'branchdest': 4}	src/system/rndobj/MatAnim.cpp
default/LightHue	?Load@WorldReflection@@UAAXAAVBinStream@@@Z	228	57.929825	60.210526	SOURCE_INSDEL	50	False	{'relocname': 2, 'immediate': 3, 'register': 23, 'opcode': 6, 'branchdest': 1}	src/system/world/LightHue.cpp
default/MemTracker	??$__partial_sort@PAUMemDiffEntry@@U1@U?$less@UMemDiffEntry@@@stlpmtx_std@@@stlpmtx_std@@YAXPAUMemDiffEntry@@000U?$less@UMemDiffEntry@@@0@@Z	228	78.85965	78.947365	SOURCE_INSDEL	13	False	{'branchdest': 1}	src/system/utl/MemTracker.cpp
default/Rnd_Xbox	?BeginTiling@DxRnd@@AAAXABVColor@Hmx@@MI@Z	228	99.4386	99.96491	SOURCE_ARG(imm/opcode/branch)	4	True	{'register': 6, 'immediate': 2}	src/system/rnddx9/Rnd_Xbox.cpp
default/MemcardMgr_Xbox	?XPrivilegeCheck@?A0x8a9ffbf2@@YA_NW4_XPRIVILEGE_TYPE@@0_K@Z	228	0.0	0.0	NO_BODY/stub	57	False	{}	src/system/meta/MemcardMgr_Xbox.cpp
default/VocalPlayer	?UnpackFloats@VocalPlayer@@QBAXHMMAAV?$vector@MV?$StlNodeAlloc@M@stlpmtx_std@@@stlpmtx_std@@@Z	228	36.666668	37.894737	SOURCE_INSDEL	46	False	{'relocname': 1, 'opcode': 4, 'register': 13}	src/band3/game/VocalPlayer.cpp
default/UI	??1Automator@@UAA@XZ	224	33.767857	34.392857	SOURCE_INSDEL	47	False	{'register': 5, 'immediate': 3, 'branchdest': 1, 'opcode': 6, 'relocname': 1}	src/system/ui/UI.cpp
default/system/rndobj/Utl	?insert_unique@?$_Rb_tree@UEdge@RndAmbientOcclusion@@U?$less@UEdge@RndAmbientOcclusion@@@stlpmtx_std@@U12@U?$_Identity@UEdge@RndAmbientOcclusion@@@4@U?$_SetTraitsT@UEdge@RndAmbientOcclusion@@@priv@4@V?$StlNodeAlloc@UEdge@RndAmbientOcclusion@@@4@@stlpmtx_std@@QAA?AU?$pair@U?$_Rb_tree_iterator@UEdge@RndAmbientOcclusion@@U?$_SetTraitsT@UEdge@RndAmbientOcclusion@@@priv@stlpmtx_std@@@stlpmtx_std@@_N@2@ABUEdge@RndAmbientOcclusion@@@Z	224	99.16071	99.96429	SOURCE_ARG(imm/opcode/branch)	11	True	{'relocname': 2, 'immediate': 2, 'register': 7}	src/system/rndobj/Utl.cpp
default/TexMovie	??0TexMovie@@IAA@XZ	224	0.0	3.0357144	NO_BODY/stub	91	False	{'branchdest': 1, 'register': 32, 'immediate': 16, 'relocname': 4, 'opcode': 5}	src/system/movie/TexMovie.cpp
default/XLSPConnection	?insert_unique@?$_Rb_tree@KU?$less@K@stlpmtx_std@@U?$pair@$$CBKH@2@U?$_Select1st@U?$pair@$$CBKH@stlpmtx_std@@@2@U?$_MapTraitsT@U?$pair@$$CBKH@stlpmtx_std@@@priv@2@V?$StlNodeAlloc@U?$pair@$$CBKH@stlpmtx_std@@@2@@stlpmtx_std@@QAA?AU?$pair@U?$_Rb_tree_iterator@U?$pair@$$CBKH@stlpmtx_std@@U?$_MapTraitsT@U?$pair@$$CBKH@stlpmtx_std@@@priv@2@@stlpmtx_std@@_N@2@ABU?$pair@$$CBKH@2@@Z	224	95.71429	95.71429	SOURCE_ARG(imm/opcode/branch)	4	False	{'opcode': 4}	src/system/net/XLSPConnection.cpp
default/PanelDir	?DisableComponent@PanelDir@@QAAXPAVUIComponent@@W4JoypadAction@@@Z	224	81.25	82.14286	SOURCE_INSDEL	20	False	{'register': 10, 'relocname': 1}	src/system/ui/PanelDir.cpp
default/Rnd_Xbox	?CheckFurTransformCache@DxMesh@@IAA_NXZ	224	0.0	0.0	NO_BODY/stub	56	False	{}	src/system/rnddx9/Rnd_Xbox.cpp
default/Rnd_Xbox	?Present@DxRnd@@QAAXXZ	224	95.35714	95.35714	SOURCE_INSDEL	3	False	{'opcode': 1}	src/system/rnddx9/Rnd_Xbox.cpp
default/CharNeckTwist	??0CharNeckTwist@@IAA@XZ	224	69.57143	69.92857	SOURCE_INSDEL	28	False	{'opcode': 8, 'immediate': 4, 'register': 4}	src/system/char/CharNeckTwist.cpp
default/BandSongMgr	?RankTierToken@BandSongMgr@@QBA?AVSymbol@@H@Z	224	24.964285	26.75	SOURCE_INSDEL	58	False	{'opcode': 5, 'immediate': 3, 'register': 19, 'relocname': 5}	src/band3/meta_band/BandSongMgr.cpp
default/ContextWrapper	?FailAllContexts@ContextWrapperPool@@QAAXXZ	220	93.69091	94.145454	SOURCE_INSDEL	7	False	{'register': 6, 'immediate': 3, 'branchdest': 1}	src/band3/net_band/ContextWrapper.cpp
default/system/rndobj/Utl	?_M_insert@?$_Rb_tree@UEdge@RndAmbientOcclusion@@U?$less@UEdge@RndAmbientOcclusion@@@stlpmtx_std@@U12@U?$_Identity@UEdge@RndAmbientOcclusion@@@4@U?$_SetTraitsT@UEdge@RndAmbientOcclusion@@@priv@4@V?$StlNodeAlloc@UEdge@RndAmbientOcclusion@@@4@@stlpmtx_std@@AAA?AU?$_Rb_tree_iterator@UEdge@RndAmbientOcclusion@@U?$_SetTraitsT@UEdge@RndAmbientOcclusion@@@priv@stlpmtx_std@@@2@PAU_Rb_tree_node_base@2@ABUEdge@RndAmbientOcclusion@@00@Z	220	97.90909	98.181816	SOURCE_INSDEL	4	False	{'register': 3}	src/system/rndobj/Utl.cpp
default/DataNode	??A?$map@VSymbol@@VDataNode@@U?$less@VSymbol@@@stlpmtx_std@@V?$StlNodeAlloc@U?$pair@$$CBVSymbol@@VDataNode@@@stlpmtx_std@@@4@@stlpmtx_std@@QAAAAVDataNode@@ABVSymbol@@@Z	220	63.727272	64.72727	SOURCE_INSDEL	30	False	{'opcode': 4, 'register': 11}	src/system/obj/DataNode.cpp
default/Sequence	?Load@Sequence@@UAAXAAVBinStream@@@Z	220	74.05454	74.145454	SOURCE_INSDEL	20	False	{'opcode': 7, 'immediate': 2, 'register': 1}	src/system/synth/Sequence.cpp
default/EnvAnim	?Load@RndEnvAnim@@UAAXAAVBinStream@@@Z	220	62.30909	64.58182	SOURCE_INSDEL	47	False	{'relocname': 5, 'immediate': 2, 'register': 19, 'opcode': 4}	src/system/rndobj/EnvAnim.cpp
default/TrackWatcherImpl	??$__adjust_heap@PA_KH_KU?$less@_K@stlpmtx_std@@@stlpmtx_std@@YAXPA_KHH_KU?$less@_K@0@@Z	220	0.0	0.0	NO_BODY/stub	55	False	{}	src/system/beatmatch/TrackWatcherImpl.cpp
default/BandWardrobe	??0Merger@FileMerger@@QAA@PAVObject@Hmx@@@Z	216	76.09259	78.68519	SOURCE_INSDEL	38	False	{'register': 28, 'relocname': 5, 'opcode': 4, 'immediate': 11}	src/system/bandobj/BandWardrobe.cpp
default/MusicLibrary	?RemoveLastSongFromSetlist@MusicLibrary@@QAAXXZ	216	1.0555556	2.8148148	SOURCE_INSDEL	70	False	{'relocname': 9, 'immediate': 3, 'opcode': 4, 'register': 11}	src/band3/meta_band/MusicLibrary.cpp
default/VelocityBuffer	?CacheXfms@RndXfmCache@@AAA_NPIBVRndMesh@@PIBMIAAI@Z	216	79.51852	82.203705	SOURCE_INSDEL	31	False	{'register': 29, 'immediate': 1, 'opcode': 1}	src/system/rndobj/VelocityBuffer.cpp
default/Instance	?PostLoad@WorldInstance@@UAAXAAVBinStream@@@Z	216	58.333332	60.0	SOURCE_INSDEL	42	False	{'immediate': 4, 'register': 12, 'relocname': 3, 'opcode': 4}	src/system/world/Instance.cpp
default/Joypad_Xbox	?SendRawData@@YAXHEEEEEEE@Z	216	0.0	0.0	NO_BODY/stub	54	False	{}	src/system/os/Joypad_Xbox.cpp
default/Morph	?InterpWeight@RndMorph@@QAAMABV?$Keys@MM@@M@Z	216	92.09259	94.40741	SOURCE_INSDEL	17	False	{'register': 25, 'relocname': 1, 'immediate': 2}	src/system/rndobj/Morph.cpp
default/Bitmap	?LoadHeader@RndBitmap@@AAAAAVBinStream@@AAV2@AAE@Z	216	49.98148	50.72222	SOURCE_INSDEL	32	False	{'register': 7, 'relocname': 1, 'opcode': 1, 'immediate': 1}	src/system/rndobj/Bitmap.cpp
default/CharEyes	?EnforceMinimumTargetDistance@CharEyes@@IAAXABVVector3@@0AAV2@@Z	216	97.46296	99.87037	SOURCE_ARG(imm/opcode/branch)	15	True	{'register': 26, 'immediate': 7}	src/system/char/CharEyes.cpp
default/band3/meta_band/AccomplishmentManager	?GetScaledFanValue@AccomplishmentManager@@QAAHH@Z	216	95.0	96.296295	SOURCE_INSDEL	13	False	{'register': 13, 'branchdest': 1}	src/band3/meta_band/AccomplishmentManager.cpp
default/band3/meta_band/BandProfile	?GetBandName@BandProfile@@QBA?AVString@@XZ	216	67.203705	69.98148	SOURCE_INSDEL	34	False	{'relocname': 3, 'opcode': 2, 'register': 27, 'immediate': 2}	src/band3/meta_band/BandProfile.cpp
default/MemTracker	??$__push_heap@PAUMemDiffEntry@@HU1@U?$less@UMemDiffEntry@@@stlpmtx_std@@@stlpmtx_std@@YAXPAUMemDiffEntry@@HHU1@U?$less@UMemDiffEntry@@@0@@Z	212	80.754715	81.037735	SOURCE_INSDEL	12	False	{'branchdest': 1}	src/system/utl/MemTracker.cpp
default/Group	?Save@RndGroup@@UAAXAAVBinStream@@@Z	212	56.433964	56.81132	SOURCE_INSDEL	30	False	{'opcode': 3, 'immediate': 3, 'register': 2, 'relocname': 1}	src/system/rndobj/Group.cpp
default/Faders	?Load@FaderGroup@@QAAXAAVBinStream@@@Z	212	74.15094	75.37736	SOURCE_INSDEL	24	False	{'register': 13, 'immediate': 5}	src/system/synth/Faders.cpp
default/Font3d	??A?$map@GPAUCharInfo@RndFont3d@@U?$less@G@stlpmtx_std@@V?$StlNodeAlloc@U?$pair@$$CBGPAUCharInfo@RndFont3d@@@stlpmtx_std@@@4@@stlpmtx_std@@QAAAAPAUCharInfo@RndFont3d@@ABG@Z	208	68.53846	69.11539	SOURCE_INSDEL	24	False	{'immediate': 6, 'register': 6}	src/system/rndobj/Font3d.cpp
default/MoggClipMap	?GetPadNumFromXuid@?A0x8a9ffbf2@@YAH_K@Z	208	0.0	0.0	NO_BODY/stub	52	False	{}	src/system/synth/MoggClipMap.cpp
default/PlatformMgr	?SetDiskError@PlatformMgr@@QAAXW4DiskError@@@Z	208	85.15385	86.01923	SOURCE_INSDEL	18	False	{'opcode': 2, 'register': 3, 'immediate': 2, 'branchdest': 6}	src/system/os/PlatformMgr.cpp
default/MasterAudio	?SeeGem@MasterAudio@@UAAXHMH@Z	204	95.588234	95.68627	SOURCE_INSDEL	4	False	{'register': 1, 'opcode': 1, 'branchdest': 1}	src/system/beatmatch/MasterAudio.cpp
default/MusicLibraryStore	?ClearPreview@MusicLibraryStore@@QAAXXZ	204	92.84314	92.94118	SOURCE_INSDEL	5	False	{'opcode': 1, 'relocname': 1}	src/band3/meta_band/MusicLibraryStore.cpp
default/XLSPConnection	?_M_insert@?$_Rb_tree@KU?$less@K@stlpmtx_std@@U?$pair@$$CBKH@2@U?$_Select1st@U?$pair@$$CBKH@stlpmtx_std@@@2@U?$_MapTraitsT@U?$pair@$$CBKH@stlpmtx_std@@@priv@2@V?$StlNodeAlloc@U?$pair@$$CBKH@stlpmtx_std@@@2@@stlpmtx_std@@AAA?AU?$_Rb_tree_iterator@U?$pair@$$CBKH@stlpmtx_std@@U?$_MapTraitsT@U?$pair@$$CBKH@stlpmtx_std@@@priv@2@@2@PAU_Rb_tree_node_base@2@ABU?$pair@$$CBKH@2@00@Z	204	97.15686	97.64706	SOURCE_ARG(imm/opcode/branch)	6	False	{'relocname': 3, 'opcode': 2, 'register': 2}	src/system/net/XLSPConnection.cpp
default/MoveMgr	?_M_insert@?$_Rb_tree@VSymbol@@U?$less@VSymbol@@@stlpmtx_std@@U?$pair@$$CBVSymbol@@H@3@U?$_Select1st@U?$pair@$$CBVSymbol@@H@stlpmtx_std@@@3@U?$_MapTraitsT@U?$pair@$$CBVSymbol@@H@stlpmtx_std@@@priv@3@V?$StlNodeAlloc@U?$pair@$$CBVSymbol@@H@stlpmtx_std@@@3@@stlpmtx_std@@AAA?AU?$_Rb_tree_iterator@U?$pair@$$CBVSymbol@@H@stlpmtx_std@@U?$_MapTraitsT@U?$pair@$$CBVSymbol@@H@stlpmtx_std@@@priv@2@@2@PAU_Rb_tree_node_base@2@ABU?$pair@$$CBVSymbol@@H@2@00@Z	204	98.52941	98.82353	SOURCE_ARG(imm/opcode/branch)	4	False	{'relocname': 3, 'opcode': 1}	src/system/hamobj/MoveMgr.cpp
default/Anim	?Enter@RndDir@@UAAXXZ	204	0.0	2.3529413	NO_BODY/stub	83	False	{'opcode': 4, 'immediate': 4, 'register': 24, 'branchdest': 1}	src/system/rndobj/Anim.cpp
default/MetaMusic	??$__introsort_loop@PAPAUObjEntry@@PAU1@HUObjSort@@@stlpmtx_std@@YAXPAPAUObjEntry@@00HUObjSort@@@Z	204	91.4902	92.07843	SOURCE_INSDEL	14	False	{'immediate': 7, 'relocname': 2, 'register': 1}	src/system/synth/MetaMusic.cpp
default/Rnd_Xbox	?SavePreBuffer@DxRnd@@AAAXXZ	204	66.4902	68.84314	SOURCE_INSDEL	39	False	{'register': 23, 'immediate': 9, 'opcode': 3, 'relocname': 3}	src/system/rnddx9/Rnd_Xbox.cpp
default/BandCamShot	?View@BandCamShot@@QAAXXZ	200	63.44	66.64	SOURCE_INSDEL	44	False	{'relocname': 6, 'immediate': 4, 'register': 26, 'branchdest': 1}	src/system/bandobj/BandCamShot.cpp
default/Shader	?CalcShaderOpts@RndShaderDrawRect@@MAA_KPAVNgMat@@W4ShaderType@@_N@Z	200	33.32	34.92	SOURCE_INSDEL	50	False	{'opcode': 4, 'immediate': 7, 'register': 13, 'relocname': 2}	src/system/rndobj/Shader.cpp
default/osfinfo	__lock_fhandle	200	0.0	0.0	NO_BODY/stub	50	False	{}	src/xdk/LIBCMT/osfinfo.cpp
default/Character	?AddDeps@CharPollableSorter@@IAAXPAUDep@1@ABV?$list@PAVObject@Hmx@@V?$StlNodeAlloc@PAVObject@Hmx@@@stlpmtx_std@@@stlpmtx_std@@AAV?$list@PAUDep@CharPollableSorter@@V?$StlNodeAlloc@PAUDep@CharPollableSorter@@@stlpmtx_std@@@4@_N@Z	200	80.46	81.96	SOURCE_INSDEL	22	False	{'register': 14, 'immediate': 2, 'branchdest': 1}	src/system/char/Character.cpp
default/MidiInstrument	?Load@MidiInstrument@@UAAXAAVBinStream@@@Z	200	37.8	39.5	SOURCE_INSDEL	46	False	{'opcode': 7, 'immediate': 5, 'register': 15, 'relocname': 3}	src/system/synth/MidiInstrument.cpp
default/VocalNoteList	?GenerateLegalFreestyleSections@VocalNoteList@@QBAXAAV?$vector@U?$pair@MM@stlpmtx_std@@V?$StlNodeAlloc@U?$pair@MM@stlpmtx_std@@@2@@stlpmtx_std@@@Z	200	57.54	59.34	SOURCE_INSDEL	44	False	{'relocname': 2, 'immediate': 13, 'register': 16, 'opcode': 2}	src/system/beatmatch/VocalNoteList.cpp
default/MessageTimer	??$__linear_insert@PAPAUObjEntry@@PAU1@UObjSort@@@stlpmtx_std@@YAXPAPAUObjEntry@@0PAU1@UObjSort@@@Z	200	85.06	85.76	SOURCE_INSDEL	16	False	{'immediate': 2, 'register': 7}	src/system/obj/MessageTimer.cpp
default/Rot	?MakeScale@@YAXABVMatrix3@Hmx@@AAVVector3@@@Z	196	94.265305	99.77551	SOURCE_ARG(imm/opcode/branch)	31	True	{'register': 54, 'immediate': 11}	src/system/math/Rot.cpp
default/system/synth_xbox/Synth	?QueryInterface@CXAPOBase@@UAAJABU_GUID@@PAPAX@Z	196	0.0	0.0	NO_BODY/stub	49	False	{}	src/system/synth_xbox/Synth.cpp
default/Character	?UnhookShadow@Character@@IAAXXZ	196	71.83673	75.408165	SOURCE_INSDEL	37	False	{'relocname': 3, 'immediate': 5, 'register': 32}	src/system/char/Character.cpp
default/FftIpp	??1FftIpp@@QAA@XZ	196	97.95918	97.95918	SOURCE_INSDEL	1	False	{}	src/system/synth_xbox/FftIpp.cpp
default/CameraShot	?EndAnim@CamShot@@UAAXXZ	196	57.285713	57.89796	SOURCE_INSDEL	27	False	{'register': 6, 'relocname': 1, 'opcode': 1, 'immediate': 3}	src/system/world/CameraShot.cpp
default/GranularSynth	?Flush@GranularSynth@Synapse@DSP@@QAAXXZ	196	0.0	0.0	NO_BODY/stub	49	False	{}	src/system/synth_xbox/GranularSynth.cpp
default/StandardStream	?SetJump@StandardStream@@UAAXMMPBD@Z	196	23.734694	24.959183	SOURCE_INSDEL	53	False	{'register': 11, 'immediate': 7, 'opcode': 10}	src/system/synth/StandardStream.cpp
default/system/bandobj/DialogDisplay	?Poll@DialogDisplay@@UAAXXZ	196	40.32653	41.142857	SOURCE_INSDEL	39	False	{'immediate': 4, 'register': 8, 'opcode': 3}	src/system/bandobj/DialogDisplay.cpp
default/Rot	?Multiply@@YAXABVVector3@@ABVQuat@Hmx@@AAV1@@Z	192	76.416664	83.1875	CODEGEN_ORDERING	43	True	{'register': 65, 'immediate': 7}	src/system/math/Rot.cpp
default/CharBoneDir	?PostLoad@CharBoneDir@@UAAXAAVBinStream@@@Z	192	54.75	56.0	SOURCE_INSDEL	37	False	{'relocname': 4, 'immediate': 2, 'register': 6, 'opcode': 10}	src/system/char/CharBoneDir.cpp
default/UILabel	?Stop@CBaseSkin@LEAPCORE@@UAAJII@Z	192	0.0	0.0	NO_BODY/stub	48	False	{}	src/system/ui/UILabel.cpp
default/UILabel	?EnableEffect@CBaseSkin@LEAPCORE@@UAAJII@Z	192	0.0	0.0	NO_BODY/stub	48	False	{}	src/system/ui/UILabel.cpp
default/UILabel	?DisableEffect@CBaseSkin@LEAPCORE@@UAAJII@Z	192	0.0	0.0	NO_BODY/stub	48	False	{}	src/system/ui/UILabel.cpp
default/File	FileGetBase	192	29.916666	31.0625	SOURCE_INSDEL	43	False	{'register': 9, 'immediate': 4, 'relocname': 3}	src/system/os/File.cpp
default/band3/game/Stats	?EndMultiplier@Stats@@QAAXAAVMultiplierInfo@1@AAV?$vector@VMultiplierInfo@Stats@@V?$StlNodeAlloc@VMultiplierInfo@Stats@@@stlpmtx_std@@@stlpmtx_std@@MHMAAM@Z	192	99.75	99.958336	SOURCE_ARG(imm/opcode/branch)	2	True	{'immediate': 2, 'register': 2}	src/band3/game/Stats.cpp
default/band3/meta_band/TokenRedemptionPanel	?Unload@TokenRedemptionPanel@@UAAXXZ	192	65.583336	66.104164	SOURCE_INSDEL	21	False	{'opcode': 2, 'register': 4, 'immediate': 3}	src/band3/meta_band/TokenRedemptionPanel.cpp
default/PracticePanel	?Exit@PracticePanel@@UAAXXZ	192	67.666664	68.291664	SOURCE_INSDEL	24	False	{'opcode': 2, 'immediate': 2, 'register': 5, 'relocname': 5}	src/band3/game/PracticePanel.cpp
default/NetGameMsgs	?Dispatch@TourMostStarsMsg@@UAAXXZ	192	61.854168	62.0625	SOURCE_INSDEL	21	False	{'opcode': 2, 'register': 2, 'relocname': 1, 'immediate': 1}	src/band3/game/NetGameMsgs.cpp
default/CharClip	?FindNode@CharClip@@QBAPBUCharGraphNode@@PAV1@MHM@Z	188	82.76596	82.97872	SOURCE_INSDEL	10	False	{'branchdest': 2}	src/system/char/CharClip.cpp
default/EventTrigger	??0Anim@EventTrigger@@QAA@PAVObject@Hmx@@@Z	188	62.914894	64.19149	SOURCE_INSDEL	30	False	{'opcode': 3, 'register': 12, 'relocname': 3, 'immediate': 3}	src/system/rndobj/EventTrigger.cpp
default/EventTrigger	??4?$list@UProxyCall@EventTrigger@@V?$StlNodeAlloc@UProxyCall@EventTrigger@@@stlpmtx_std@@@stlpmtx_std@@QAAAAV01@ABV01@@Z	188	89.59574	92.25532	SOURCE_INSDEL	27	False	{'relocname': 4, 'immediate': 4, 'register': 21, 'opcode': 1}	src/system/rndobj/EventTrigger.cpp
default/Morph	??$__introsort_loop@PAPAVCharClip@@PAV1@HUAlphabetically@@@stlpmtx_std@@YAXPAPAVCharClip@@00HUAlphabetically@@@Z	188	0.0	0.0	NO_BODY/stub	47	False	{}	src/system/rndobj/Morph.cpp
default/MemMgr	?MemFree@@YAXPAX@Z	188	48.553192	51.425533	SOURCE_INSDEL	50	False	{'relocname': 5, 'immediate': 4, 'register': 20, 'opcode': 3, 'branchdest': 3}	src/system/utl/MemMgr.cpp
default/MemMgr	?MemResizeElem@@YAPAXAAPAXAAHPAXHHPBDH3@Z	188	87.44681	89.3617	SOURCE_INSDEL	19	False	{'register': 18}	src/system/utl/MemMgr.cpp
default/FftIpp	?FftReal@FftIpp@@QAAXPIBMPIAM1@Z	188	92.6383	93.17021	SOURCE_INSDEL	8	False	{'register': 4, 'opcode': 2, 'immediate': 1, 'branchdest': 1}	src/system/synth_xbox/FftIpp.cpp
default/DataFile	?LoadDtz@@YAPAVDataArray@@PBDH@Z	188	88.723404	89.3617	SOURCE_INSDEL	11	False	{'register': 6}	src/system/obj/DataFile.cpp
default/AccomplishmentCategory	?Configure@AccomplishmentCategory@@QAAXPBVDataArray@@@Z	188	38.574467	40.38298	SOURCE_INSDEL	44	False	{'opcode': 10, 'immediate': 3, 'register': 13, 'relocname': 5}	src/band3/meta_band/AccomplishmentCategory.cpp
default/network/Platform/MemoryManager	?GetDefaultMemoryManager@MemoryManager@Quazal@@SAPAV12@XZ	188	81.95744	82.80851	SOURCE_INSDEL	21	False	{'immediate': 8, 'register': 4, 'relocname': 4}	src/network/Platform/MemoryManager.cpp
default/band3/meta_band/BandStorePanel	??$__introsort_loop@PA_K_KHU?$less@_K@stlpmtx_std@@@stlpmtx_std@@YAXPA_K00HU?$less@_K@0@@Z	188	0.0	0.0	NO_BODY/stub	47	False	{}	src/band3/meta_band/BandStorePanel.cpp
default/AmbientOcclusion	?TransformNormal@RndAmbientOcclusion@@IBAXABVVector3@@ABVMatrix3@Hmx@@AAV2@@Z	184	94.36957	97.304344	SOURCE_ARG(imm/opcode/branch)	17	True	{'register': 27, 'immediate': 4, 'opcode': 2}	src/system/rndobj/AmbientOcclusion.cpp
default/MemMgr	?MemFindHeap@@YAHPBD@Z	184	44.108696	49.54348	SOURCE_INSDEL	55	False	{'register': 49, 'relocname': 3, 'opcode': 2, 'immediate': 2, 'branchdest': 1}	src/system/utl/MemMgr.cpp
default/Tex	?PlatformBppOrder@RndTex@@SAXPBDAAH1_N@Z	184	0.0	1.6304348	NO_BODY/stub	63	False	{'relocname': 2, 'immediate': 2, 'register': 13}	src/system/rndobj/Tex.cpp
default/ScreenMask	?Load@RndScreenMask@@UAAXAAVBinStream@@@Z	184	59.934784	60.369564	SOURCE_INSDEL	26	False	{'opcode': 7, 'immediate': 3, 'register': 4}	src/system/rndobj/ScreenMask.cpp
default/BandIKEffector	?ComputeElbowPullAndQuat@BandIKEffector@@IAAXAAVQuatXfm@@ABVTransform@@ABVVector3@@@Z	184	0.0	4.2391305	NO_BODY/stub	68	False	{'opcode': 4, 'register': 38, 'immediate': 10, 'relocname': 1}	src/system/bandobj/BandIKEffector.cpp
default/MemHeap	?PrintAlloc@?A0xb5f23974@@YAXAAVTextStream@@PAHHHPBVAllocInfo@@@Z	180	60.4	61.288887	SOURCE_INSDEL	29	False	{'opcode': 4, 'immediate': 2, 'register': 7, 'relocname': 1}	src/system/utl/MemHeap.cpp
default/osfinfo	_get_osfhandle	180	0.0	0.0	NO_BODY/stub	45	False	{}	src/xdk/LIBCMT/osfinfo.cpp
default/HamRibbon	?_M_erase@?$vector@V?$Key@VTransform@@@@V?$StlNodeAlloc@V?$Key@VTransform@@@@@stlpmtx_std@@@stlpmtx_std@@IAAPAV?$Key@VTransform@@@@PAV3@0ABU__false_type@2@@Z	180	0.0	0.5555556	NO_BODY/stub	57	False	{'opcode': 3, 'register': 4, 'immediate': 1}	src/system/hamobj/HamRibbon.cpp
default/UILabel	?Start@CBaseSkin@LEAPCORE@@UAAJI@Z	180	0.0	0.0	NO_BODY/stub	45	False	{}	src/system/ui/UILabel.cpp
default/Anim	?Link@?$ObjPtrList@VObject@Hmx@@VObjectDir@@@@AAAXViterator@1@PAUNode@1@@Z	180	13.777778	15.555555	SOURCE_INSDEL	55	False	{'opcode': 12, 'register': 12, 'immediate': 6, 'branchdest': 2}	src/system/rndobj/Anim.cpp
default/InlineHelp	?Update@InlineHelp@@MAAXXZ	180	56.377777	57.711113	SOURCE_INSDEL	31	False	{'relocname': 4, 'immediate': 3, 'register': 8}	src/system/ui/InlineHelp.cpp
default/PostProc_NG	?DoVelocity@NgPostProc@@IAAXXZ	180	95.55556	95.55556	CODEGEN_ORDERING	2	True	{}	src/system/rndobj/PostProc_NG.cpp
default/BandLabel	?Count@HamLabel@@UAAXHHMVSymbol@@@Z	180	99.066666	99.95556	SOURCE_ARG(imm/opcode/branch)	7	True	{'register': 6, 'immediate': 2, 'relocname': 2}	src/system/bandobj/BandLabel.cpp
default/system/os/UsbMidiGuitar	??1Queue@@QAA@XZ	180	34.266666	35.488888	SOURCE_INSDEL	40	False	{'relocname': 5, 'immediate': 3, 'register': 7}	src/system/os/UsbMidiGuitar.cpp
default/CharClip	?_M_insert_overflow_aux@?$vector@V?$map@HMU?$less@H@stlpmtx_std@@V?$StlNodeAlloc@U?$pair@$$CBHM@stlpmtx_std@@@2@@stlpmtx_std@@V?$StlNodeAlloc@V?$map@HMU?$less@H@stlpmtx_std@@V?$StlNodeAlloc@U?$pair@$$CBHM@stlpmtx_std@@@2@@stlpmtx_std@@@2@@stlpmtx_std@@IAAXPAV?$map@HMU?$less@H@stlpmtx_std@@V?$StlNodeAlloc@U?$pair@$$CBHM@stlpmtx_std@@@2@@2@ABV32@ABU__true_type@2@I_N@Z	176	99.63636	99.86364	SOURCE_ARG(imm/opcode/branch)	8	True	{'immediate': 6, 'relocname': 2}	src/system/char/CharClip.cpp
default/EventTrigger	??4?$list@UPropTriggerDefn@FlowTrigger@@V?$StlNodeAlloc@UPropTriggerDefn@FlowTrigger@@@stlpmtx_std@@@stlpmtx_std@@QAAAAV01@ABV01@@Z	176	76.318184	79.5	SOURCE_INSDEL	34	False	{'relocname': 4, 'immediate': 2, 'register': 24}	src/system/rndobj/EventTrigger.cpp
default/system/synth_xbox/Synth	?NewBufStream@Synth360@@UAAPAVStream@@PBXHVSymbol@@M_N@Z	176	0.0	0.0	NO_BODY/stub	44	False	{}	src/system/synth_xbox/Synth.cpp
default/AmbientOcclusion	?DistanceSH@RndAmbientOcclusion@@IBAMABVVector4@@ABVVector3@@01@Z	176	43.977272	50.340908	CODEGEN_ORDERING	49	True	{'register': 56, 'immediate': 6, 'relocname': 2, 'opcode': 3}	src/system/rndobj/AmbientOcclusion.cpp
default/Joypad_Xbox	?GetXinputSinceLastFrame@@YAXHPAU_XINPUT_STATE@@PAI@Z	176	79.52273	84.40909	SOURCE_INSDEL	36	False	{'relocname': 5, 'register': 39, 'opcode': 3}	src/system/os/Joypad_Xbox.cpp
default/Joypad_Xbox	?ParseRawData@@YA_NHPAE@Z	176	0.0	0.0	NO_BODY/stub	44	False	{}	src/system/os/Joypad_Xbox.cpp
default/TypeProps	?GetArray@TypeProps@@QAAPAVDataArray@@VSymbol@@@Z	176	95.681816	96.36364	SOURCE_INSDEL	8	False	{'opcode': 1, 'register': 6}	src/system/obj/TypeProps.cpp
default/Spotlight	?SetColor@Spotlight@@IAAXH@Z	176	91.25	94.09091	SOURCE_INSDEL	22	False	{'register': 24, 'relocname': 1, 'opcode': 1}	src/system/world/Spotlight.cpp
default/SongStatusMgr	?CreateOrAccessSongStatus@SongStatusMgr@@QBAPAVSongStatus@@H@Z	176	85.295456	86.204544	SOURCE_INSDEL	19	False	{'immediate': 7, 'register': 7, 'branchdest': 1}	src/band3/meta_band/SongStatusMgr.cpp
default/PropKeys	?KeyLessEq@?$Keys@VColor@Hmx@@V12@@@QBAHM@Z	176	62.772728	65.27273	SOURCE_INSDEL	37	False	{'register': 16, 'branchdest': 1, 'opcode': 5, 'immediate': 2}	src/system/rndobj/PropKeys.cpp
default/OriginalChoreoRemixer	?_M_insert_overflow_aux@?$vector@V?$set@PBVMoveParent@@U?$less@PBVMoveParent@@@stlpmtx_std@@V?$StlNodeAlloc@PBVMoveParent@@@3@@stlpmtx_std@@V?$StlNodeAlloc@V?$set@PBVMoveParent@@U?$less@PBVMoveParent@@@stlpmtx_std@@V?$StlNodeAlloc@PBVMoveParent@@@3@@stlpmtx_std@@@2@@stlpmtx_std@@IAAXPAV?$set@PBVMoveParent@@U?$less@PBVMoveParent@@@stlpmtx_std@@V?$StlNodeAlloc@PBVMoveParent@@@3@@2@ABV32@ABU__true_type@2@I_N@Z	176	99.818184	99.931816	SOURCE_ARG(imm/opcode/branch)	4	True	{'immediate': 3, 'relocname': 1}	src/system/hamobj/OriginalChoreoRemixer.cpp
default/StorePanel	?LoadArt@StorePanel@@UAAXPBDPAVUIPanel@@@Z	176	98.88636	99.90909	SOURCE_ARG(imm/opcode/branch)	13	True	{'relocname': 3, 'immediate': 4, 'register': 6}	src/system/meta/StorePanel.cpp
default/system/ui/UIProxy	?PostLoad@UIProxy@@UAAXAAVBinStream@@@Z	176	69.38636	70.295456	SOURCE_INSDEL	23	False	{'relocname': 2, 'immediate': 2, 'register': 6, 'opcode': 5}	src/system/ui/UIProxy.cpp
default/MusicLibrary	?ByteCode@RemoveLastSongFromSetlistMsg@@UBAEXZ	172	6.2093024	7.255814	SOURCE_INSDEL	47	False	{'opcode': 3, 'immediate': 4, 'register': 8}	src/band3/meta_band/MusicLibrary.cpp
default/DepthBuffer3D	?reserve@?$vector@VArchiveSkeleton@@V?$StlNodeAlloc@VArchiveSkeleton@@@stlpmtx_std@@@stlpmtx_std@@QAAXI@Z	172	99.74419	99.860466	SOURCE_ARG(imm/opcode/branch)	7	True	{'immediate': 6, 'relocname': 1}	src/system/gesture/DepthBuffer3D.cpp
default/ArkFile	??0ArkFile@@QAA@PBDH@Z	172	58.604652	61.162792	SOURCE_INSDEL	41	False	{'relocname': 4, 'immediate': 11, 'register': 19, 'opcode': 1}	src/system/os/ArkFile.cpp
default/MeshAnim	??1RndMultiMesh@@UAA@XZ	172	66.48837	67.4186	SOURCE_INSDEL	22	False	{'immediate': 1, 'register': 7, 'relocname': 1}	src/system/rndobj/MeshAnim.cpp
default/StorePreviewMgr	??0PreviewDownloadCompleteMsg@@QAA@_N0@Z	172	0.0	0.0	NO_BODY/stub	43	False	{}	src/system/meta/StorePreviewMgr.cpp
default/DuplicatedObject	?GetInstanceFromVector@InstanceTable@Quazal@@QAAIII@Z	172	31.44186	33.186047	SOURCE_INSDEL	47	False	{'immediate': 13, 'register': 12, 'branchdest': 3, 'opcode': 1}	src/network/ObjDup/DuplicatedObject.cpp
default/Tour	?CombinePartSymbols@Tour@@QAA?AVSymbol@@V2@0@Z	172	62.67442	65.93023	SOURCE_INSDEL	34	False	{'relocname': 5, 'immediate': 6, 'register': 24, 'opcode': 1}	src/band3/tour/Tour.cpp
default/MetaPanel	??0NextSongPanel@@QAA@XZ	172	97.558136	97.674416	SOURCE_INSDEL	2	False	{'register': 1}	src/band3/meta_band/MetaPanel.cpp
default/NetGameMsgs	?Dispatch@RestartGameMsg@@UAAXXZ	172	7.5116277	9.023255	SOURCE_INSDEL	58	False	{'opcode': 5, 'immediate': 7, 'register': 10, 'relocname': 4, 'branchdest': 2}	src/band3/game/NetGameMsgs.cpp
default/BoxMap	?ApplyLight@BoxMapLighting@@ABAXABV?$BoxLightArray@ULightParams_Directional@BoxMapLighting@@$0DC@@@@Z	168	81.52381	85.21429	SOURCE_INSDEL	30	False	{'register': 30, 'relocname': 5, 'opcode': 2, 'immediate': 2, 'branchdest': 1}	src/system/rndobj/BoxMap.cpp
default/TexMovie	?Copy@TexMovie@@UAAXPBVObject@Hmx@@W4CopyType@23@@Z	168	85.666664	85.666664	CODEGEN_ORDERING	8	True	{'immediate': 2}	src/system/movie/TexMovie.cpp
default/Joypad_Xbox	ReadSingleJoypad	168	0.0	0.0	NO_BODY/stub	42	False	{}	src/system/os/Joypad_Xbox.cpp
default/UIComponent	?Copy@UIComponent@@UAAXPBVObject@Hmx@@W4CopyType@23@@Z	168	31.547619	33.45238	SOURCE_INSDEL	43	False	{'opcode': 8, 'register': 9, 'relocname': 3, 'immediate': 5}	src/system/ui/UIComponent.cpp
default/MoggClipMap	?GetName@PlatformMgr@@QBAPBDH@Z	168	0.0	0.0	NO_BODY/stub	42	False	{}	src/system/synth/MoggClipMap.cpp
default/StorePanel	?Enter@StorePanel@@UAAXXZ	168	63.738094	64.57143	SOURCE_INSDEL	24	False	{'immediate': 3, 'register': 5, 'relocname': 1, 'opcode': 3}	src/system/meta/StorePanel.cpp
default/VocalNoteList	?NextNote@VocalNoteList@@QBAPAVVocalNote@@M@Z	168	76.35714	77.78571	SOURCE_INSDEL	19	False	{'immediate': 3, 'opcode': 1, 'register': 11}	src/system/beatmatch/VocalNoteList.cpp
default/ClipDistMap	??$__partial_sort@PAUNode@ClipDistMap@@U12@UDistMapNodeSort@@@stlpmtx_std@@YAXPAUNode@ClipDistMap@@000UDistMapNodeSort@@@Z	168	53.57143	56.54762	SOURCE_INSDEL	41	False	{'relocname': 3, 'immediate': 5, 'register': 21, 'opcode': 2}	src/system/char/ClipDistMap.cpp
default/AccomplishmentDiscSongConditional	?OnStartLoadSong@GamePanel@@AAA?AVDataNode@@PAVDataArray@@@Z	168	0.0	0.0	NO_BODY/stub	42	False	{}	src/band3/meta_band/AccomplishmentDiscSongConditional.cpp
default/Object	?SetProperty@Object@Hmx@@QAAXPAVDataArray@@ABVDataNode@@@Z	164	57.682926	61.341465	SOURCE_INSDEL	42	False	{'relocname': 2, 'immediate': 5, 'opcode': 3, 'register': 26, 'branchdest': 2}	src/system/obj/Object.cpp
default/CharData	?LoadPortrait@PrefabChar@@QAAXXZ	164	93.414635	93.65854	SOURCE_INSDEL	4	False	{'opcode': 1, 'register': 2, 'immediate': 1}	src/band3/meta_band/CharData.cpp
default/BufStream	?ReadImpl@BufStream@@EAAXPAXH@Z	164	72.31707	73.17073	SOURCE_INSDEL	17	False	{'register': 6, 'relocname': 1}	src/system/utl/BufStream.cpp
default/UI	??0EventDialogDismissMsg@@QAA@VSymbol@@0@Z	164	0.0	0.0	NO_BODY/stub	41	False	{}	src/system/ui/UI.cpp
default/SkeletonViz	??$Find@VRndGroup@@@ObjectDir@@QAAPAVRndGroup@@PBD_N@Z	164	0.0	0.0	NO_BODY/stub	41	False	{}	src/system/gesture/SkeletonViz.cpp
default/Mesh	?TransformNormal@@YA?AVVector3@@ABV1@ABVMatrix3@Hmx@@@Z	164	94.65854	99.78049	SOURCE_ARG(imm/opcode/branch)	22	True	{'register': 42, 'immediate': 9}	src/system/rndobj/Mesh.cpp
default/CharLipSync	??$__uninitialized_copy@PAVString@@PAV1@@stlpmtx_std@@YAPAVString@@PAV1@00ABU__false_type@0@@Z	164	34.756096	36.463413	SOURCE_INSDEL	42	False	{'relocname': 3, 'immediate': 5, 'register': 10, 'opcode': 5, 'branchdest': 1}	src/system/char/CharLipSync.cpp
default/Joypad_Xbox	?ReceiveUpstreamEEPROMWriteResponse@@YAXHPAE@Z	164	6.707317	6.8292685	SOURCE_INSDEL	40	False	{'opcode': 2, 'relocname': 1}	src/system/os/Joypad_Xbox.cpp
default/MoggClipMap	?ShowGamercard@PlatformMgr@@QAA?AW4ShowGamercardResult@@PAVLocalUser@@PBVOnlineID@@@Z	164	0.0	0.0	NO_BODY/stub	41	False	{}	src/system/synth/MoggClipMap.cpp
default/MultiTempoTempoMap	?GetLoopTick@MultiTempoTempoMap@@UBAHHAAH@Z	164	76.95122	79.02439	CODEGEN_ORDERING	18	True	{'register': 17, 'opcode': 1}	src/system/utl/MultiTempoTempoMap.cpp
default/GemTrackDir	??$Find@VRndCam@@@ObjectDir@@QAAPAVRndCam@@PBD_N@Z	164	0.0	0.0	NO_BODY/stub	41	False	{}	src/system/bandobj/GemTrackDir.cpp
default/BandSongMgr	?IsDemo@BandSongMgr@@QBA_NH@Z	164	98.53658	98.53658	SOURCE_ARG(imm/opcode/branch)	1	False	{'opcode': 1}	src/band3/meta_band/BandSongMgr.cpp
default/VocalTrackDir	?GetLyricColor@VocalTrackDir@@QBA?AVColor@Hmx@@H@Z	160	99.4	99.9	SOURCE_ARG(imm/opcode/branch)	6	True	{'register': 4, 'relocname': 2, 'immediate': 4}	src/system/bandobj/VocalTrackDir.cpp
default/CharClipSet	?SetBpm@CharClipSet@@UAAXH@Z	160	47.3	48.425	SOURCE_INSDEL	32	False	{'relocname': 4, 'immediate': 4, 'register': 5, 'branchdest': 1, 'opcode': 1}	src/system/char/CharClipSet.cpp
default/PracticeSection	?Load@PracticeSection@@UAAXAAVBinStream@@@Z	160	0.0	3.0	NO_BODY/stub	84	False	{'opcode': 11, 'immediate': 10, 'register': 17, 'relocname': 4}	src/system/hamobj/PracticeSection.cpp
default/Faders	??1FaderGroup@@QAA@XZ	160	97.5	97.5	SOURCE_INSDEL	1	False	{}	src/system/synth/Faders.cpp
default/MemTracker	??$__unguarded_linear_insert@PAUMemDiffEntry@@U1@U?$less@UMemDiffEntry@@@stlpmtx_std@@@stlpmtx_std@@YAXPAUMemDiffEntry@@U1@U?$less@UMemDiffEntry@@@0@@Z	156	68.71795	69.10256	SOURCE_INSDEL	14	False	{'branchdest': 1}	src/system/utl/MemTracker.cpp
default/UILabel	?RemoveCommandsForSink@CCommandManager@LEAPCORE@@QAAXPAUICommandSink@2@@Z	156	0.0	0.0	NO_BODY/stub	39	False	{}	src/system/ui/UILabel.cpp
default/FIRFilter	?setCoefficients@FIRFilter@soundtouch@@UAAXPBMII@Z	152	77.210526	77.3421	CODEGEN_ORDERING	10	True	{'register': 1, 'immediate': 1, 'opcode': 1}	src/system/synth_xbox/soundtouch/source/SoundTouch/FIRFilter.cpp
default/CameraShot	??0CamShotCrowd@@QAA@PAVObject@Hmx@@@Z	152	56.86842	57.789474	SOURCE_INSDEL	28	False	{'opcode': 5, 'immediate': 4, 'register': 7}	src/system/world/CameraShot.cpp
default/SpotlightDrawer	?Load@SpotlightDrawer@@UAAXAAVBinStream@@@Z	152	26.105263	28.078947	SOURCE_INSDEL	44	False	{'opcode': 7, 'immediate': 2, 'register': 13}	src/system/world/SpotlightDrawer.cpp
default/UIListMesh	?Draw@UIListMesh@@UAAXABUUIListWidgetDrawState@@ABVUIListState@@ABVTransform@@W4State@UIComponent@@PAVBox@@W4DrawCommand@@@Z	152	30.605263	31.526316	SOURCE_INSDEL	35	False	{'relocname': 2, 'immediate': 2, 'register': 5}	src/system/ui/UIListMesh.cpp
default/band3/meta_band/BandStorePanel	??$__partial_sort@PA_K_KU?$less@_K@stlpmtx_std@@@stlpmtx_std@@YAXPA_K000U?$less@_K@0@@Z	152	0.0	0.0	NO_BODY/stub	38	False	{}	src/band3/meta_band/BandStorePanel.cpp
default/GemTrackDir	?SetPlayerLocal@GemTrackDir@@UAAXM@Z	152	65.210526	65.60526	SOURCE_INSDEL	20	False	{'opcode': 5, 'immediate': 2, 'branchdest': 1, 'register': 1}	src/system/bandobj/GemTrackDir.cpp
default/ChordbookPanel	?Poll@ChordbookPanel@@UAAXXZ	152	89.47369	89.47369	CODEGEN_ORDERING	4	True	{}	src/band3/game/ChordbookPanel.cpp
default/NextSongPanel	?Exiting@NextSongPanel@@UBA_NXZ	152	20.763159	21.947369	SOURCE_INSDEL	41	False	{'register': 7, 'immediate': 6, 'relocname': 2, 'opcode': 1}	src/band3/meta_band/NextSongPanel.cpp
default/BandSongMgr	?AddSongData@BandSongMgr@@UAAXPAVDataArray@@PAVDataLoader@@W4ContentLocT@@@Z	152	66.07895	67.789474	SOURCE_INSDEL	25	False	{'relocname': 2, 'immediate': 4, 'register': 11, 'opcode': 2}	src/band3/meta_band/BandSongMgr.cpp
default/CamAnim	?Save@RndCamAnim@@UAAXAAVBinStream@@@Z	152	90.52631	90.52631	SOURCE_INSDEL	4	False	{'opcode': 1}	src/system/rndobj/CamAnim.cpp
default/VocalTrackDir	?RecalculateLyricZ@VocalTrackDir@@QAAXPA_N0@Z	148	89.189186	91.89189	SOURCE_INSDEL	19	False	{'register': 20}	src/system/bandobj/VocalTrackDir.cpp
default/PatchDir	?DrawShowing@PatchDir@@UAAXXZ	148	43.432434	45.18919	SOURCE_INSDEL	31	False	{'opcode': 7, 'immediate': 3, 'register': 10, 'relocname': 1, 'branchdest': 1}	src/system/bandobj/PatchDir.cpp
default/CharBoneDir	?PreLoad@CharBoneDir@@UAAXAAVBinStream@@@Z	148	17.18919	19.756756	SOURCE_INSDEL	46	False	{'opcode': 6, 'immediate': 3, 'register': 17, 'relocname': 3}	src/system/char/CharBoneDir.cpp
default/Anim	?SyncProperty@RndSpline@@UAA_NAAVDataNode@@PAVDataArray@@HW4PropOp@@@Z	148	0.0	3.5135136	NO_BODY/stub	285	False	{'opcode': 16, 'immediate': 4, 'register': 18, 'relocname': 3, 'branchdest': 1}	src/system/rndobj/Anim.cpp
default/MemMgr	??3@YAXPAX@Z	148	2.5675676	2.7027028	SOURCE_INSDEL	37	False	{'relocname': 1}	src/system/utl/MemMgr.cpp
default/UISlider	?PreLoad@PanelDir@@UAAXAAVBinStream@@@Z	148	17.18919	19.756756	SOURCE_INSDEL	46	False	{'opcode': 6, 'immediate': 3, 'register': 17, 'relocname': 3}	src/system/ui/UISlider.cpp
default/system/beatmatch/SlotChannelMapping	??0MassChannelMapping@@QAA@ABV?$vector@HV?$StlNodeAlloc@H@stlpmtx_std@@@stlpmtx_std@@@Z	148	91.21622	91.35135	SOURCE_INSDEL	5	False	{'opcode': 2, 'relocname': 1}	src/system/beatmatch/SlotChannelMapping.cpp
default/BandCharacter	?Compress@BandCharacter@@UAAXPAVRndTex@@_N@Z	144	16.63889	17.61111	SOURCE_INSDEL	35	False	{'register': 7, 'immediate': 1, 'opcode': 1}	src/system/bandobj/BandCharacter.cpp
default/UIListArrow	??0UIListArrow@@IAA@XZ	144	61.22222	62.75	SOURCE_INSDEL	20	False	{'register': 9, 'immediate': 2, 'relocname': 2, 'opcode': 4}	src/system/ui/UIListArrow.cpp
default/SkeletonClip	??__E?sm_RegistrationProperties@CAudioVolumeMeter@LEAPFX@@0UXAPO_REGISTRATION_PROPERTIES@@B@@YAXXZ	144	0.0	0.0	NO_BODY/stub	36	False	{}	src/system/gesture/SkeletonClip.cpp
default/File_Win	?FileQualifiedFilename@@YAXPADHPBD@Z	144	60.36111	61.47222	SOURCE_INSDEL	24	False	{'opcode': 3, 'immediate': 2, 'register': 7}	src/system/os/File_Win.cpp
default/system/bandobj/BandTrack	?SpotlightPhraseSuccess@BandTrack@@UAAXXZ	144	0.0	1.5277778	NO_BODY/stub	59	False	{'opcode': 2, 'immediate': 4, 'register': 9, 'relocname': 2}	src/system/bandobj/BandTrack.cpp
default/BandCharacter	?PreLoad@BandCharacter@@UAAXAAVBinStream@@@Z	140	84.28571	85.14286	SOURCE_INSDEL	10	False	{'register': 6, 'relocname': 1, 'opcode': 2, 'immediate': 1}	src/system/bandobj/BandCharacter.cpp
default/DataFunc	?DataSet@@YA?AVDataNode@@PAVDataArray@@@Z	140	98.28571	98.28571	SOURCE_ARG(imm/opcode/branch)	1	False	{'opcode': 1}	src/system/obj/DataFunc.cpp
default/EventTrigger	?CleanupEventCase@EventTrigger@@IAAXAAV?$list@VSymbol@@V?$StlNodeAlloc@VSymbol@@@stlpmtx_std@@@stlpmtx_std@@@Z	140	88.42857	89.71429	SOURCE_INSDEL	12	False	{'register': 8, 'opcode': 1, 'branchdest': 1}	src/system/rndobj/EventTrigger.cpp
default/system/rndobj/Rnd	LocalTalkerIsHeadsetPresent	140	0.0	0.0	NO_BODY/stub	35	False	{}	src/system/rndobj/Rnd.cpp
default/HamMove	??$fill@U?$_Bit_iter@U_Bit_reference@stlpmtx_std@@PAU12@@stlpmtx_std@@_N@stlpmtx_std@@YAXU?$_Bit_iter@U_Bit_reference@stlpmtx_std@@PAU12@@0@0AB_N@Z	140	99.71429	99.85714	other	1	False	{}	src/system/hamobj/HamMove.cpp
default/LabelShrinkWrapper	?PreLoad@LabelShrinkWrapper@@UAAXAAVBinStream@@@Z	140	17.028572	19.6	SOURCE_INSDEL	46	False	{'opcode': 10, 'immediate': 3, 'register': 14, 'relocname': 3}	src/system/ui/LabelShrinkWrapper.cpp
default/UITransitionHandler	??$?5VTexPtr@RndMatAnim@@@@YAAAVBinStreamRev@@AAV0@AAV?$Key@VTexPtr@RndMatAnim@@@@@Z	140	32.914288	34.771427	SOURCE_INSDEL	36	False	{'relocname': 5, 'immediate': 3, 'opcode': 3, 'register': 8}	src/system/ui/UITransitionHandler.cpp
default/band3/game/TrainerPanel	?GetSectionLoopEnd@TrainerPanel@@QBAHH@Z	140	76.28571	78.28571	SOURCE_INSDEL	18	False	{'register': 13, 'opcode': 1, 'branchdest': 1}	src/band3/game/TrainerPanel.cpp
default/band3/game/Game	??0GemTrainerLoopPanel@@QAA@XZ	140	76.02857	76.457146	SOURCE_INSDEL	16	False	{'opcode': 2, 'immediate': 4, 'register': 3}	src/band3/game/Game.cpp
default/BandCamShot	?CheckNoFlashcardsCondition@AccomplishmentSongConditional@@IBA_NPAVSongStatusMgr@@VSymbol@@@Z	136	0.0	0.0	NO_BODY/stub	34	False	{}	src/system/bandobj/BandCamShot.cpp
default/VocalTrack	??1?$vector@V?$vector@PAUUnlockable@?A0xf8e4b4b5@@V?$StlNodeAlloc@PAUUnlockable@?A0xf8e4b4b5@@@stlpmtx_std@@@stlpmtx_std@@V?$StlNodeAlloc@V?$vector@PAUUnlockable@?A0xf8e4b4b5@@V?$StlNodeAlloc@PAUUnlockable@?A0xf8e4b4b5@@@stlpmtx_std@@@stlpmtx_std@@@2@@stlpmtx_std@@QAA@XZ	136	0.0	0.0	NO_BODY/stub	34	False	{}	src/band3/bandtrack/VocalTrack.cpp
default/BandList	?PreLoad@BandList@@UAAXAAVBinStream@@@Z	136	28.588236	29.764706	SOURCE_INSDEL	35	False	{'opcode': 3, 'immediate': 2, 'register': 7, 'branchdest': 1}	src/system/bandobj/BandList.cpp
default/DepthBuffer3D	??1?$vector@VFlowMathOp@@V?$StlNodeAlloc@VFlowMathOp@@@stlpmtx_std@@@stlpmtx_std@@QAA@XZ	136	99.94118	99.94118	SOURCE_ARG(imm/opcode/branch)	2	True	{'immediate': 2}	src/system/gesture/DepthBuffer3D.cpp
default/osfinfo	_set_osfhnd	136	0.0	0.0	NO_BODY/stub	34	False	{}	src/xdk/LIBCMT/osfinfo.cpp
default/NetworkSocket_Win	?RecvFrom@WinSockSocket@@UAAHPAXIAAIAAG@Z	136	96.911766	97.05882	SOURCE_INSDEL	2	False	{'register': 1}	src/system/os/NetworkSocket_Win.cpp
default/FlowIf	??1FlowIf@@UAA@XZ	136	99.29412	99.73529	SOURCE_ARG(imm/opcode/branch)	12	True	{'immediate': 9, 'relocname': 3}	src/system/flow/FlowIf.cpp
default/Character	??1?$vector@UUnlockable@?A0xf8e4b4b5@@V?$StlNodeAlloc@UUnlockable@?A0xf8e4b4b5@@@stlpmtx_std@@@stlpmtx_std@@QAA@XZ	136	0.0	0.0	NO_BODY/stub	34	False	{}	src/system/char/Character.cpp
default/Flow	??1?$vector@UNode@?$ObjPtrVec@VObject@Hmx@@VObjectDir@@@@V?$StlNodeAlloc@UNode@?$ObjPtrVec@VObject@Hmx@@VObjectDir@@@@@stlpmtx_std@@@stlpmtx_std@@QAA@XZ	136	93.382355	93.52941	SOURCE_INSDEL	4	False	{'relocname': 1, 'opcode': 2}	src/system/flow/Flow.cpp
default/UILabel	?CommitOperation@CCommandManager@LEAPCORE@@QAAJI@Z	136	0.0	0.0	NO_BODY/stub	34	False	{}	src/system/ui/UILabel.cpp
default/PracticeSection	?Copy@PracticeSection@@UAAXPBVObject@Hmx@@W4CopyType@23@@Z	136	0.0	2.7941177	NO_BODY/stub	85	False	{'opcode': 4, 'immediate': 7, 'register': 13, 'branchdest': 1, 'relocname': 2}	src/system/hamobj/PracticeSection.cpp
default/MoggClipMap	?IsInParty@PlatformMgr@@QAA_NXZ	136	0.0	0.0	NO_BODY/stub	34	False	{}	src/system/synth/MoggClipMap.cpp
default/MidiReader	?ReadNextEventImpl@MidiReader@@AAAXXZ	136	47.058823	47.058823	SOURCE_INSDEL	18	False	{}	src/system/midi/MidiReader.cpp
default/MemcardMgr_Xbox	??0PlatformMgrOpCompleteMsg@@QAA@_N@Z	136	0.0	0.0	NO_BODY/stub	34	False	{}	src/system/meta/MemcardMgr_Xbox.cpp
default/MemcardMgr_Xbox	??0UIChangedMsg@@QAA@_N@Z	136	0.0	0.0	NO_BODY/stub	34	False	{}	src/system/meta/MemcardMgr_Xbox.cpp
default/GranularSynth	??1?$vector@VString@@V?$StlNodeAlloc@VString@@@stlpmtx_std@@@stlpmtx_std@@QAA@XZ	136	46.205883	46.794117	SOURCE_INSDEL	29	False	{'immediate': 9, 'register': 2, 'relocname': 1, 'branchdest': 1}	src/system/synth_xbox/GranularSynth.cpp
default/Group	?push_back@?$vector@UGroupDrawDist@@V?$StlNodeAlloc@UGroupDrawDist@@@stlpmtx_std@@@stlpmtx_std@@QAAXABUGroupDrawDist@@@Z	136	87.73529	88.17647	SOURCE_INSDEL	7	False	{'branchdest': 1, 'register': 2, 'immediate': 2}	src/system/rndobj/Group.cpp
default/ColorPalette	?push_back@?$vector@VColor@Hmx@@V?$StlNodeAlloc@VColor@Hmx@@@stlpmtx_std@@@stlpmtx_std@@QAAXABVColor@Hmx@@@Z	136	2.9117646	4.529412	SOURCE_INSDEL	43	False	{'immediate': 6, 'register': 11, 'opcode': 4}	src/system/world/ColorPalette.cpp
default/band3/bandtrack/TrackPanel	??0ConnectionStatusChangedMsg@@QAA@_N@Z	136	0.0	0.0	NO_BODY/stub	34	False	{}	src/band3/bandtrack/TrackPanel.cpp
default/VocalPart	?FramePhraseMeterFrac@VocalPart@@QBAMXZ	136	57.64706	58.82353	SOURCE_INSDEL	20	False	{'register': 7, 'branchdest': 1}	src/band3/game/VocalPart.cpp
default/AccomplishmentConditional	??1?$vector@UTrackChannels@@V?$StlNodeAlloc@UTrackChannels@@@stlpmtx_std@@@stlpmtx_std@@QAA@XZ	136	0.0	0.0	NO_BODY/stub	34	False	{}	src/band3/meta_band/AccomplishmentConditional.cpp
default/VocalPlayer	?SongSectionOnly@VocalPlayer@@QBA_NAAM0@Z	136	10.117647	12.764706	SOURCE_INSDEL	45	False	{'opcode': 6, 'immediate': 10, 'register': 17, 'branchdest': 1}	src/band3/game/VocalPlayer.cpp
default/ProfileMgr	?FakeProfileFill@ProfileMgr@@QAAXXZ	136	27.882353	29.647058	SOURCE_INSDEL	36	False	{'immediate': 6, 'register': 8, 'relocname': 3, 'opcode': 3}	src/band3/meta_band/ProfileMgr.cpp
default/PlayerDiffIcon	?Save@PlayerDiffIcon@@UAAXAAVBinStream@@@Z	136	99.94118	99.94118	SOURCE_ARG(imm/opcode/branch)	2	True	{'immediate': 2}	src/system/bandobj/PlayerDiffIcon.cpp
default/UIList	??0FriendsProvider@@QAA@XZ	132	0.0	0.0	NO_BODY/stub	33	False	{}	src/system/ui/UIList.cpp
default/LabelShrinkWrapper	?SetObjConcrete@?$ObjRefConcrete@VUILabel@@VObjectDir@@@@QAAXPAVUILabel@@@Z	132	58.21212	59.272728	SOURCE_INSDEL	23	False	{'immediate': 6, 'opcode': 6, 'register': 8, 'branchdest': 1, 'relocname': 1}	src/system/ui/LabelShrinkWrapper.cpp
default/MetaMusic	??0MetaMusicLoader@@QAA@PAVFile@@AAHPAEH@Z	132	96.06061	96.36364	SOURCE_ARG(imm/opcode/branch)	3	False	{'register': 2, 'opcode': 2}	src/system/synth/MetaMusic.cpp
default/OriginalChoreoRemixer	??1?$vector@V?$set@PBVMoveParent@@U?$less@PBVMoveParent@@@stlpmtx_std@@V?$StlNodeAlloc@PBVMoveParent@@@3@@stlpmtx_std@@V?$StlNodeAlloc@V?$set@PBVMoveParent@@U?$less@PBVMoveParent@@@stlpmtx_std@@V?$StlNodeAlloc@PBVMoveParent@@@3@@stlpmtx_std@@@2@@stlpmtx_std@@QAA@XZ	132	93.333336	93.333336	SOURCE_INSDEL	3	False	{'opcode': 2}	src/system/hamobj/OriginalChoreoRemixer.cpp
default/DataFile	?PushBack@@YAXABVDataNode@@@Z	132	93.78788	93.93939	SOURCE_INSDEL	3	False	{'relocname': 1}	src/system/obj/DataFile.cpp
default/Group	?ListDrawChildren@RndGroup@@UAAXAAV?$list@PAVRndDrawable@@V?$StlNodeAlloc@PAVRndDrawable@@@stlpmtx_std@@@stlpmtx_std@@@Z	132	47.515152	48.424244	SOURCE_INSDEL	24	False	{'immediate': 2, 'register': 5, 'relocname': 1}	src/system/rndobj/Group.cpp
default/band3/meta_band/BandStorePanel	??$sort@PA_K@stlpmtx_std@@YAXPA_K0@Z	132	0.0	0.0	NO_BODY/stub	33	False	{}	src/band3/meta_band/BandStorePanel.cpp
default/band3/meta_band/SaveLoadManager	?Start@SaveLoadManager@@IAAXXZ	132	61.81818	61.81818	SOURCE_INSDEL	13	False	{'opcode': 1}	src/band3/meta_band/SaveLoadManager.cpp
default/RockCentral	?CancelOutstandingCalls@RockCentral@@QAAXPAVObject@Hmx@@@Z	128	7.03125	7.5	SOURCE_INSDEL	32	False	{'opcode': 1, 'register': 2, 'immediate': 1, 'relocname': 1}	src/band3/net_band/RockCentral.cpp
default/PatchDir	?Load@PatchDir@@UAAXAAVBinStream@@@Z	128	87.03125	87.5	SOURCE_INSDEL	7	False	{'register': 3, 'relocname': 2, 'immediate': 1}	src/system/bandobj/PatchDir.cpp
default/Debug	?DevHostname@@YAPBDVSymbol@@@Z	128	24.6875	26.71875	SOURCE_INSDEL	37	False	{'immediate': 7, 'register': 11, 'opcode': 4, 'relocname': 3}	src/system/os/Debug.cpp
default/MeshAnim	?resize@?$vector@V?$Key@V?$vector@VVector2@@V?$StlNodeAlloc@VVector2@@@stlpmtx_std@@@stlpmtx_std@@@@V?$StlNodeAlloc@V?$Key@V?$vector@VVector2@@V?$StlNodeAlloc@VVector2@@@stlpmtx_std@@@stlpmtx_std@@@@@stlpmtx_std@@@stlpmtx_std@@QAAXIABV?$Key@V?$vector@VVector2@@V?$StlNodeAlloc@VVector2@@@stlpmtx_std@@@stlpmtx_std@@@@@Z	128	88.4375	89.375	SOURCE_INSDEL	10	False	{'opcode': 4, 'register': 4, 'relocname': 2}	src/system/rndobj/MeshAnim.cpp
default/system/synth_xbox/Synth	?push_back@?$vector@UXAUDIO2_SEND_DESCRIPTOR@@V?$StlNodeAlloc@UXAUDIO2_SEND_DESCRIPTOR@@@stlpmtx_std@@@stlpmtx_std@@QAAXABUXAUDIO2_SEND_DESCRIPTOR@@@Z	128	53.8125	56.15625	SOURCE_INSDEL	27	False	{'immediate': 3, 'register': 14, 'branchdest': 1}	src/system/synth_xbox/Synth.cpp
default/Character	?resize@?$vector@ULod@Character@@V?$StlNodeAlloc@ULod@Character@@@stlpmtx_std@@@stlpmtx_std@@QAAXIABULod@Character@@@Z	128	99.78125	99.9375	SOURCE_ARG(imm/opcode/branch)	3	True	{'immediate': 2, 'relocname': 1}	src/system/char/Character.cpp
default/SongLayout	?resize@?$vector@VSongPattern@@V?$StlNodeAlloc@VSongPattern@@@stlpmtx_std@@@stlpmtx_std@@QAAXIABVSongPattern@@@Z	128	99.78125	99.9375	SOURCE_ARG(imm/opcode/branch)	3	True	{'immediate': 2, 'relocname': 1}	src/system/hamobj/SongLayout.cpp
default/HamPhotoDisplay	?Save@HamPhotoDisplay@@UAAXAAVBinStream@@@Z	128	82.875	84.28125	SOURCE_INSDEL	15	False	{'register': 6, 'relocname': 2, 'immediate': 3, 'branchdest': 1}	src/system/hamobj/HamPhotoDisplay.cpp
default/HamRibbon	?resize@?$vector@V?$Key@VTransform@@@@V?$StlNodeAlloc@V?$Key@VTransform@@@@@stlpmtx_std@@@stlpmtx_std@@QAAXIABV?$Key@VTransform@@@@@Z	128	99.78125	99.9375	SOURCE_ARG(imm/opcode/branch)	3	True	{'immediate': 2, 'relocname': 1}	src/system/hamobj/HamRibbon.cpp
default/CharIKHand	?resize@?$vector@UIKTarget@CharIKHand@@V?$StlNodeAlloc@UIKTarget@CharIKHand@@@stlpmtx_std@@@stlpmtx_std@@QAAXIABUIKTarget@CharIKHand@@@Z	128	88.59375	89.375	SOURCE_INSDEL	9	False	{'opcode': 4, 'register': 4, 'relocname': 1}	src/system/char/CharIKHand.cpp
default/PropAnim	?FindKeys@RndPropAnim@@IAA?AU?$_List_iterator@PAVPropKeys@@U?$_Nonconst_traits@PAVPropKeys@@@stlpmtx_std@@@stlpmtx_std@@PAVObject@Hmx@@PAVDataArray@@@Z	128	98.125	98.125	SOURCE_ARG(imm/opcode/branch)	1	False	{'opcode': 1}	src/system/rndobj/PropAnim.cpp
default/UILabel	?ParseRegistrationQueue@CCommandManager@LEAPCORE@@AAAJXZ	128	0.0	0.0	NO_BODY/stub	32	False	{}	src/system/ui/UILabel.cpp
default/CharHair	?resize@?$vector@VStrand@CharHair@@V?$StlNodeAlloc@VStrand@CharHair@@@stlpmtx_std@@@stlpmtx_std@@QAAXIABVStrand@CharHair@@@Z	128	99.78125	99.9375	SOURCE_ARG(imm/opcode/branch)	3	True	{'immediate': 2, 'relocname': 1}	src/system/char/CharHair.cpp
default/DirLoader	?HandleType@Object@Hmx@@QAA?AVDataNode@@PAVDataArray@@@Z	128	41.96875	44.9375	SOURCE_INSDEL	36	False	{'relocname': 3, 'immediate': 2, 'register': 16, 'opcode': 1}	src/system/obj/DirLoader.cpp
default/SongCollision	?resize@?$vector@UBeatCollisionData@@V?$StlNodeAlloc@UBeatCollisionData@@@stlpmtx_std@@@stlpmtx_std@@QAAXIABUBeatCollisionData@@@Z	128	99.9375	99.9375	SOURCE_ARG(imm/opcode/branch)	2	True	{'immediate': 2}	src/system/hamobj/SongCollision.cpp
default/Archive	?deallocate@?$StlNodeAlloc@VString@@@stlpmtx_std@@QBAXPAVString@@I@Z	128	4.21875	4.375	SOURCE_INSDEL	32	False	{'opcode': 1, 'branchdest': 1}	src/system/os/Archive.cpp
default/Screenshot	?Copy@Screenshot@@UAAXPBVObject@Hmx@@W4CopyType@23@@Z	128	92.9375	93.40625	SOURCE_INSDEL	4	False	{}	src/system/ui/Screenshot.cpp
default/DrivenPropertyEntry	?resize@?$vector@VFlowMathOp@@V?$StlNodeAlloc@VFlowMathOp@@@stlpmtx_std@@@stlpmtx_std@@QAAXIABVFlowMathOp@@@Z	128	99.78125	99.9375	SOURCE_ARG(imm/opcode/branch)	3	True	{'immediate': 2, 'relocname': 1}	src/system/flow/DrivenPropertyEntry.cpp
default/AccomplishmentPanel	?GetAccomplishmentName@AccomplishmentPanel@@QAA?AVSymbol@@XZ	128	47.09375	47.875	SOURCE_INSDEL	25	False	{'relocname': 2, 'immediate': 3, 'register': 2, 'opcode': 1}	src/band3/meta_band/AccomplishmentPanel.cpp
default/WaitingUserGate	?GetWaitingUsers@OpenGateData@?A0xe564e51a@@QBAXAAV?$vector@PAVBandUser@@V?$StlNodeAlloc@PAVBandUser@@@stlpmtx_std@@@stlpmtx_std@@@Z	128	93.28125	93.75	CODEGEN_ORDERING	4	True	{'register': 2, 'relocname': 1}	src/band3/meta_band/WaitingUserGate.cpp
default/Campaign	?GetCurrentPointsForNextMajorCampaignLevelForMetaScore@Campaign@@QAAHH@Z	128	85.53125	87.40625	SOURCE_INSDEL	14	False	{'relocname': 2, 'register': 10, 'immediate': 3}	src/band3/meta_band/Campaign.cpp
default/UIEventMgr	?CurrentTransitionEvent@UIEventMgr@@QBA?AVSymbol@@XZ	128	84.15625	84.3125	SOURCE_INSDEL	8	False	{'immediate': 2, 'branchdest': 1}	src/band3/meta_band/UIEventMgr.cpp
default/system/hamobj/MiniLeaderboardDisplay	?PreLoad@MiniLeaderboardDisplay@@UAAXAAVBinStream@@@Z	128	26.0	28.5	SOURCE_INSDEL	37	False	{'opcode': 8, 'immediate': 3, 'register': 13, 'relocname': 2}	src/system/hamobj/MiniLeaderboardDisplay.cpp
default/SynapseAPO	??0?$CSampleXAPOBase@VSynapseAPO@DSP@@USynapseAPOParams@2@@ATG@@IAA@XZ	124	78.70968	81.29032	SOURCE_INSDEL	20	False	{'relocname': 2, 'opcode': 3, 'register': 14}	src/system/synth_xbox/SynapseAPO.cpp
default/DepthBuffer3D	?DoPost@NgPostProc@@UAAXXZ	124	0.0	1.2903225	NO_BODY/stub	58	False	{'immediate': 3, 'register': 6, 'relocname': 2, 'opcode': 4}	src/system/gesture/DepthBuffer3D.cpp
default/system/rndobj/Rnd	?OnToggleHeap@Rnd@@IAA?AVDataNode@@PBVDataArray@@@Z	124	93.548386	93.548386	CODEGEN_ORDERING	2	True	{}	src/system/rndobj/Rnd.cpp
default/system/rndobj/Utl	??$_M_find@UEdge@RndAmbientOcclusion@@@?$_Rb_tree@UEdge@RndAmbientOcclusion@@U?$less@UEdge@RndAmbientOcclusion@@@stlpmtx_std@@U12@U?$_Identity@UEdge@RndAmbientOcclusion@@@4@U?$_SetTraitsT@UEdge@RndAmbientOcclusion@@@priv@4@V?$StlNodeAlloc@UEdge@RndAmbientOcclusion@@@4@@stlpmtx_std@@ABAPAU_Rb_tree_node_base@1@ABUEdge@RndAmbientOcclusion@@@Z	124	86.22581	89.6129	SOURCE_INSDEL	22	False	{'opcode': 2, 'immediate': 2, 'register': 21}	src/system/rndobj/Utl.cpp
default/HamCamTransform	??6@YAAAVBinStream@@AAV0@ABUDynamicPropertyEntry@Flow@@@Z	124	61.258064	64.80645	SOURCE_INSDEL	32	False	{'relocname': 5, 'immediate': 6, 'register': 16, 'opcode': 3}	src/system/hamobj/HamCamTransform.cpp
default/UILabel	?AddTail@?$CPointerList@UCommand@LEAPCORE@@$0BA@$0PPPPPPPP@$03@@QAAPAXPAUCommand@LEAPCORE@@@Z	124	0.0	0.0	NO_BODY/stub	31	False	{}	src/system/ui/UILabel.cpp
default/Anim	?CollidePlane@RndDir@@UAAHABVPlane@@@Z	124	0.0	2.096774	NO_BODY/stub	52	False	{'relocname': 2, 'immediate': 5, 'register': 10, 'opcode': 1, 'branchdest': 1}	src/system/rndobj/Anim.cpp
default/Morph	?resize@?$vector@UPose@RndMorph@@V?$StlNodeAlloc@UPose@RndMorph@@@stlpmtx_std@@@stlpmtx_std@@QAAXIABUPose@RndMorph@@@Z	124	31.935484	32.580647	SOURCE_INSDEL	26	False	{'register': 2, 'opcode': 3}	src/system/rndobj/Morph.cpp
default/PracticeSection	?Save@PracticeSection@@UAAXAAVBinStream@@@Z	124	0.0	2.096774	NO_BODY/stub	68	False	{'opcode': 5, 'immediate': 7, 'register': 12}	src/system/hamobj/PracticeSection.cpp
default/PropKeys	??0OvershellProfileProvider@@QAA@PAVBandUserMgr@@@Z	124	0.0	0.0	NO_BODY/stub	31	False	{}	src/system/rndobj/PropKeys.cpp
default/Trans	?SetWorldXfm@RndTransformable@@QAAXABVTransform@@@Z	124	93.3871	93.548386	CODEGEN_ORDERING	3	True	{'register': 1}	src/system/rndobj/Trans.cpp
default/DataFile	??0DataResultList@@QAA@XZ	124	0.0	0.0	NO_BODY/stub	31	False	{}	src/system/obj/DataFile.cpp
default/HAQManager	?PrintComponentInfo@HAQManager@@AAAXPAVUIComponent@@@Z	124	35.258064	37.19355	SOURCE_INSDEL	34	False	{'relocname': 2, 'immediate': 3, 'opcode': 9, 'register': 10}	src/system/meta/HAQManager.cpp
default/Group	?CollidePlane@RndGroup@@UAAHABVPlane@@@Z	124	19.064516	21.161291	SOURCE_INSDEL	39	False	{'relocname': 2, 'immediate': 4, 'register': 11, 'opcode': 3, 'branchdest': 1}	src/system/rndobj/Group.cpp
default/ColorPalette	?resize@?$vector@UColorSet@@V?$StlNodeAlloc@UColorSet@@@stlpmtx_std@@@stlpmtx_std@@QAAXIABUColorSet@@@Z	124	84.03226	84.51613	SOURCE_INSDEL	9	False	{'register': 2, 'opcode': 3, 'relocname': 1}	src/system/world/ColorPalette.cpp
default/band3/game/Tracker	?resize@?$vector@UUnlockable@?A0xf8e4b4b5@@V?$StlNodeAlloc@UUnlockable@?A0xf8e4b4b5@@@stlpmtx_std@@@stlpmtx_std@@QAAXIABUUnlockable@?A0xf8e4b4b5@@@Z	124	0.0	0.0	NO_BODY/stub	31	False	{}	src/band3/game/Tracker.cpp
default/BandSongMetadata	??$?5VSymbol@@M@@YAAAVBinStream@@AAV0@AAV?$hash_map@VSymbol@@MU?$hash@VSymbol@@@stlpmtx_std@@U?$equal_to@VSymbol@@@3@V?$StlNodeAlloc@U?$pair@$$CBVSymbol@@M@stlpmtx_std@@@3@@stlpmtx_std@@@Z	124	79.16129	79.80645	SOURCE_INSDEL	10	False	{'register': 2, 'relocname': 1, 'opcode': 1, 'branchdest': 1}	src/band3/meta_band/BandSongMetadata.cpp
default/system/synth/MoggClip	?SetupPanInfo@MoggClip@@QAAXMM_N@Z	124	78.70968	78.70968	SOURCE_INSDEL	7	False	{'opcode': 1}	src/system/synth/MoggClip.cpp
default/RGState	?TrackTypeToSym@@YA?AVSymbol@@W4TrackType@@@Z	124	0.0	0.0	NO_BODY/stub	31	False	{}	src/system/beatmatch/RGState.cpp
default/VocalTrack	?OnPhraseComplete@VocalTrack@@QAAXMMH@Z	120	65.86667	66.53333	SOURCE_INSDEL	16	False	{'register': 4, 'immediate': 4}	src/band3/bandtrack/VocalTrack.cpp
default/SynapseAPO	??0SynapseAPO@DSP@@QAA@XZ	120	93.333336	93.333336	CODEGEN_ORDERING	2	True	{}	src/system/synth_xbox/SynapseAPO.cpp
default/ContentMgr_Xbox	?Init@XboxContentMgr@@UAAXXZ	120	0.0	1.6666666	NO_BODY/stub	67	False	{'opcode': 5, 'immediate': 7, 'register': 8, 'relocname': 2}	src/system/os/ContentMgr_Xbox.cpp
default/StreamReceiver360	?Tag@StreamReceiver360@@UAAXXZ	120	80.333336	82.0	SOURCE_INSDEL	15	False	{'opcode': 4, 'register': 10}	src/system/synth_xbox/StreamReceiver360.cpp
default/HamCamTransform	??0?$vector@VTransformCrowd@@V?$StlNodeAlloc@VTransformCrowd@@@stlpmtx_std@@@stlpmtx_std@@QAA@ABV01@@Z	120	91.5	92.666664	SOURCE_INSDEL	10	False	{'register': 5, 'opcode': 2, 'relocname': 2}	src/system/hamobj/HamCamTransform.cpp
default/Waypoint	??0?$ObjPtr@VSeqInst@@@@QAA@ABV0@@Z	120	61.5	62.5	SOURCE_INSDEL	19	False	{'register': 6, 'immediate': 5, 'opcode': 2}	src/system/char/Waypoint.cpp
default/CharLipSync	?push_back@?$vector@VBurst@RndParticleSys@@V?$StlNodeAlloc@VBurst@RndParticleSys@@@stlpmtx_std@@@stlpmtx_std@@QAAXABVBurst@RndParticleSys@@@Z	120	59.433334	59.933334	SOURCE_INSDEL	15	False	{'branchdest': 1, 'register': 2, 'immediate': 2}	src/system/char/CharLipSync.cpp
default/UILabel	?EnableEffect@CFilterSkin@LEAPCORE@@UAAJII@Z	120	0.0	0.0	NO_BODY/stub	30	False	{}	src/system/ui/UILabel.cpp
default/TypeProps	?ReplaceObject@TypeProps@@AAAXAAVDataNode@@PAVObject@Hmx@@1@Z	120	48.4	49.233334	SOURCE_INSDEL	23	False	{'opcode': 2, 'immediate': 3, 'register': 5}	src/system/obj/TypeProps.cpp
default/Morph	??0?$vector@V?$Key@M@@V?$StlNodeAlloc@V?$Key@M@@@stlpmtx_std@@@stlpmtx_std@@QAA@ABV01@@Z	120	91.5	92.666664	SOURCE_INSDEL	10	False	{'register': 5, 'opcode': 2, 'relocname': 2}	src/system/rndobj/Morph.cpp
default/MemMgr	?_MemAllocH@@YAPAVMemHandle@@H@Z	120	0.0	0.0	NO_BODY/stub	30	False	{}	src/system/utl/MemMgr.cpp
default/PartAnim	??$?6VColor@Hmx@@@@YAAAVTextStream@@AAV0@ABV?$Key@VColor@Hmx@@@@@Z	120	0.93333334	2.4333334	SOURCE_INSDEL	40	False	{'opcode': 12, 'immediate': 2, 'register': 8}	src/system/rndobj/PartAnim.cpp
default/WavMgr	?Get@?$ResMgr@X@@QAAPAXVCRC@Hmx@@@Z	120	60.0	61.166668	SOURCE_INSDEL	20	False	{'immediate': 5, 'opcode': 5, 'register': 7, 'branchdest': 1}	src/system/synth/WavMgr.cpp
default/JoypadMsgs	??0NetStream@@QAA@XZ	120	94.666664	94.666664	SOURCE_INSDEL	2	False	{'opcode': 1}	src/system/os/JoypadMsgs.cpp
default/band3/meta_band/LicenseMgr	??$?5VSymbol@@V?$vector@VSymbol@@V?$StlNodeAlloc@VSymbol@@@stlpmtx_std@@@stlpmtx_std@@@@YAAAVBinStream@@AAV0@AAV?$hash_map@VSymbol@@V?$vector@VSymbol@@V?$StlNodeAlloc@VSymbol@@@stlpmtx_std@@@stlpmtx_std@@U?$hash@VSymbol@@@3@U?$equal_to@VSymbol@@@3@V?$StlNodeAlloc@U?$pair@$$CBVSymbol@@V?$vector@VSymbol@@V?$StlNodeAlloc@VSymbol@@@stlpmtx_std@@@stlpmtx_std@@@stlpmtx_std@@@3@@stlpmtx_std@@@Z	120	86.63333	88.3	SOURCE_INSDEL	22	False	{'relocname': 4, 'register': 8, 'immediate': 6, 'opcode': 4}	src/band3/meta_band/LicenseMgr.cpp
default/OutfitConfig	??0?$ObjPtr@VRndMat@@@@QAA@ABV0@@Z	120	85.833336	86.666664	SOURCE_INSDEL	8	False	{'register': 5}	src/system/bandobj/OutfitConfig.cpp
default/system/meta/MemcardMgr	?SaveLoadAllComplete@MemcardMgr@@QAAXXZ	120	82.6	83.26667	SOURCE_INSDEL	7	False	{'register': 4, 'immediate': 2}	src/system/meta/MemcardMgr.cpp
default/MasterAudio	?FillChannelList@MasterAudio@@QAAXAAV?$list@HV?$StlNodeAlloc@H@stlpmtx_std@@@stlpmtx_std@@H@Z	116	99.793106	99.965515	SOURCE_ARG(imm/opcode/branch)	1	True	{'immediate': 1, 'register': 1}	src/system/beatmatch/MasterAudio.cpp
default/GemTrackResourceManager	?_M_clear@?$vector@VSmasherPlateInfo@GemTrackResourceManager@@V?$StlNodeAlloc@VSmasherPlateInfo@GemTrackResourceManager@@@stlpmtx_std@@@stlpmtx_std@@IAAXXZ	116	0.0	0.0	NO_BODY/stub	29	False	{}	src/system/bandobj/GemTrackResourceManager.cpp
default/MusicLibrary	?InviteParty@PlatformMgr@@QAAXH@Z	116	0.0	0.0	NO_BODY/stub	29	False	{}	src/band3/meta_band/MusicLibrary.cpp
default/Rot	??$_M_allocate_and_copy@PBVVector3@@@?$vector@VVector3@@V?$StlNodeAlloc@VVector3@@@stlpmtx_std@@@stlpmtx_std@@IAAPAVVector3@@IPBV2@0@Z	116	34.24138	36.310345	SOURCE_INSDEL	32	False	{'immediate': 7, 'opcode': 4, 'register': 11, 'relocname': 1}	src/system/math/Rot.cpp
default/SpectralAnalysis	??0?$_Vector_base@MV?$XboxAllocator@M@@@stlpmtx_std@@QAA@IABV?$XboxAllocator@M@@@Z	116	41.448277	42.655174	SOURCE_INSDEL	22	False	{'opcode': 1, 'immediate': 3, 'register': 7}	src/system/synth_xbox/SpectralAnalysis.cpp
default/JoypadClient	?Poll@JoypadClient@@AAAXXZ	116	93.586205	94.44827	SOURCE_INSDEL	7	False	{'relocname': 3, 'register': 3, 'immediate': 1, 'opcode': 1}	src/system/os/JoypadClient.cpp
default/DepthBuffer3D	?push_back@?$vector@UPropertyFilter@CameraManager@@V?$StlNodeAlloc@UPropertyFilter@CameraManager@@@stlpmtx_std@@@stlpmtx_std@@QAAXABUPropertyFilter@CameraManager@@@Z	116	99.62069	99.965515	SOURCE_ARG(imm/opcode/branch)	3	True	{'relocname': 2, 'immediate': 1}	src/system/gesture/DepthBuffer3D.cpp
default/HamNavProvider	?push_back@?$vector@UNavItem@HamNavProvider@@V?$StlNodeAlloc@UNavItem@HamNavProvider@@@stlpmtx_std@@@stlpmtx_std@@QAAXABUNavItem@HamNavProvider@@@Z	116	99.793106	99.965515	SOURCE_ARG(imm/opcode/branch)	2	True	{'relocname': 1, 'immediate': 1}	src/system/hamobj/HamNavProvider.cpp
default/PracticeSection	?push_back@?$vector@VPracticeStep@@V?$StlNodeAlloc@VPracticeStep@@@stlpmtx_std@@@stlpmtx_std@@QAAXABVPracticeStep@@@Z	116	99.793106	99.965515	SOURCE_ARG(imm/opcode/branch)	2	True	{'relocname': 1, 'immediate': 1}	src/system/hamobj/PracticeSection.cpp
default/RhythmBattle	?push_back@?$vector@VArchiveSkeleton@@V?$StlNodeAlloc@VArchiveSkeleton@@@stlpmtx_std@@@stlpmtx_std@@QAAXABVArchiveSkeleton@@@Z	116	99.793106	99.965515	SOURCE_ARG(imm/opcode/branch)	2	True	{'relocname': 1, 'immediate': 1}	src/system/hamobj/RhythmBattle.cpp
default/UIList	?PreLoad@UIList@@UAAXAAVBinStream@@@Z	116	38.344826	40.58621	SOURCE_INSDEL	33	False	{'opcode': 12, 'immediate': 4, 'register': 11, 'relocname': 3}	src/system/ui/UIList.cpp
default/UIList	?Update@UIList@@EAAXXZ	116	54.75862	56.482758	SOURCE_INSDEL	20	False	{'register': 7, 'relocname': 3, 'immediate': 3, 'opcode': 1}	src/system/ui/UIList.cpp
default/Splash	?WaitForState@Splash@@IAAXW4SplashState@1@@Z	116	96.55173	96.55173	SOURCE_INSDEL	1	False	{}	src/system/movie/Splash.cpp
default/HolmesClient	?push_back@?$vector@URecurseInfo@@V?$StlNodeAlloc@URecurseInfo@@@stlpmtx_std@@@stlpmtx_std@@QAAXABURecurseInfo@@@Z	116	99.965515	99.965515	SOURCE_ARG(imm/opcode/branch)	1	True	{'immediate': 1}	src/system/os/HolmesClient.cpp
default/Song	??0?$list@PAVMidiParser@@V?$StlNodeAlloc@PAVMidiParser@@@stlpmtx_std@@@stlpmtx_std@@QAA@ABV01@@Z	116	97.24138	97.93104	SOURCE_ARG(imm/opcode/branch)	4	False	{'register': 3, 'opcode': 1, 'relocname': 1}	src/system/utl/Song.cpp
default/PanelDir	??$?0U?$_List_iterator@UFlauntStatusData@@U?$_Const_traits@UFlauntStatusData@@@stlpmtx_std@@@stlpmtx_std@@@?$list@UFlauntStatusData@@V?$StlNodeAlloc@UFlauntStatusData@@@stlpmtx_std@@@stlpmtx_std@@QAA@U?$_List_iterator@UFlauntStatusData@@U?$_Const_traits@UFlauntStatusData@@@stlpmtx_std@@@1@0ABV?$StlNodeAlloc@UFlauntStatusData@@@1@@Z	116	0.0	0.0	NO_BODY/stub	29	False	{}	src/system/ui/PanelDir.cpp
default/DataFile	?GetDataResult@DataResultList@@QBAPAVDataResult@@H@Z	116	0.0	0.0	NO_BODY/stub	29	False	{}	src/system/obj/DataFile.cpp
default/system/rnddx9/ShaderMgr	?SetDeviceTex@DxTex@@QAAXPAUD3DTexture@@@Z	116	0.0	0.0	NO_BODY/stub	29	False	{}	src/system/rnddx9/ShaderMgr.cpp
default/DefaultPhysicsManager	??0?$list@PAVRndMesh@@V?$StlNodeAlloc@PAVRndMesh@@@stlpmtx_std@@@stlpmtx_std@@QAA@ABV01@@Z	116	97.24138	97.93104	SOURCE_ARG(imm/opcode/branch)	4	False	{'register': 3, 'opcode': 1, 'relocname': 1}	src/system/world/DefaultPhysicsManager.cpp
default/SessionMessages	?push_back@?$vector@VMemStream@@V?$StlNodeAlloc@VMemStream@@@stlpmtx_std@@@stlpmtx_std@@QAAXABVMemStream@@@Z	116	93.10345	93.10345	SOURCE_INSDEL	2	False	{}	src/network/net/SessionMessages.cpp
default/SongDB	?push_back@?$vector@VStepMoves@@V?$StlNodeAlloc@VStepMoves@@@stlpmtx_std@@@stlpmtx_std@@QAAXABVStepMoves@@@Z	116	0.0	0.0	NO_BODY/stub	29	False	{}	src/band3/game/SongDB.cpp
default/VocalPart	?IsEmptyPhrase@VocalPart@@QBA_NABQBVVocalPhrase@@@Z	116	65.24138	66.793106	SOURCE_INSDEL	17	False	{'register': 9, 'immediate': 3, 'opcode': 1}	src/band3/game/VocalPart.cpp
default/BandLabel	?Copy@BandLabel@@UAAXPBVObject@Hmx@@W4CopyType@23@@Z	116	94.13793	94.31035	SOURCE_INSDEL	3	False	{'opcode': 1}	src/system/bandobj/BandLabel.cpp
default/band3/game/PracticeSectionProvider	??1PracticeSectionProvider@@UAA@XZ	116	48.482758	48.827587	SOURCE_INSDEL	20	False	{'opcode': 3, 'immediate': 4, 'register': 2}	src/band3/game/PracticeSectionProvider.cpp
default/BandCharacter	?NewObject@BandRetargetVignette@@SAPAVObject@Hmx@@XZ	112	86.92857	87.10714	SOURCE_INSDEL	6	False	{'opcode': 1, 'relocname': 1, 'immediate': 1}	src/system/bandobj/BandCharacter.cpp
default/BandCharacter	?NewObject@UnisonIcon@@SAPAVObject@Hmx@@XZ	112	86.92857	87.10714	SOURCE_INSDEL	6	False	{'opcode': 1, 'relocname': 1, 'immediate': 1}	src/system/bandobj/BandCharacter.cpp
default/BandCharacter	?NewObject@OverdriveMeter@@SAPAVObject@Hmx@@XZ	112	86.92857	87.10714	SOURCE_INSDEL	6	False	{'opcode': 1, 'relocname': 1, 'immediate': 1}	src/system/bandobj/BandCharacter.cpp
default/BandCharacter	?AddOverlays@BandCharacter@@UAAXAAVBandPatchMesh@@@Z	112	92.46429	92.82143	SOURCE_INSDEL	4	False	{'register': 1, 'immediate': 1, 'branchdest': 1}	src/system/bandobj/BandCharacter.cpp
default/BandCharacter	?OnClosetTeleport@BandCharacter@@QAA?AVDataNode@@PAVDataArray@@@Z	112	99.21429	99.92857	SOURCE_ARG(imm/opcode/branch)	2	True	{'register': 4, 'immediate': 2}	src/system/bandobj/BandCharacter.cpp
default/CrowdAudio	??0?$ObjPtr@VObjectDir@@@@QAA@PAVObject@Hmx@@PAVObjectDir@@@Z	112	92.64286	92.82143	CODEGEN_ORDERING	3	True	{'register': 1, 'immediate': 1}	src/system/bandobj/CrowdAudio.cpp
default/CrowdMeterIcon	??0?$ObjPtr@VRndAnimatable@@@@QAA@PAVObject@Hmx@@PAVRndAnimatable@@@Z	112	92.64286	92.82143	CODEGEN_ORDERING	3	True	{'register': 1, 'immediate': 1}	src/system/bandobj/CrowdMeterIcon.cpp
default/RealGuitarTrackWatcherImpl	?InTrill@RealGuitarTrackWatcherImpl@@UBA_NH@Z	112	85.71429	85.71429	CODEGEN_ORDERING	4	True	{}	src/system/beatmatch/RealGuitarTrackWatcherImpl.cpp
default/MeshAnim	?_M_fill_insert@?$vector@V?$Key@V?$vector@VVector3@@V?$StlNodeAlloc@VVector3@@@stlpmtx_std@@@stlpmtx_std@@@@V?$StlNodeAlloc@V?$Key@V?$vector@VVector3@@V?$StlNodeAlloc@VVector3@@@stlpmtx_std@@@stlpmtx_std@@@@@stlpmtx_std@@@stlpmtx_std@@AAAXPAV?$Key@V?$vector@VVector3@@V?$StlNodeAlloc@VVector3@@@stlpmtx_std@@@stlpmtx_std@@@@IABV3@@Z	112	88.5	89.21429	SOURCE_INSDEL	7	False	{'register': 3, 'immediate': 2, 'relocname': 1}	src/system/rndobj/MeshAnim.cpp
default/MeshAnim	?UpdateCache@RndShaderMgr@@QAAXABVTransform@@H@Z	112	98.71429	99.78571	SOURCE_ARG(imm/opcode/branch)	12	True	{'immediate': 6, 'register': 6}	src/system/rndobj/MeshAnim.cpp
default/MemTracker	??$sort@PAPAVCharClip@@UAlphabetically@@@stlpmtx_std@@YAXPAPAVCharClip@@0UAlphabetically@@@Z	112	0.0	0.0	NO_BODY/stub	28	False	{}	src/system/utl/MemTracker.cpp
default/system/synth_xbox/Synth	?Release@CXAPOBase@@UAAKXZ	112	0.0	0.0	NO_BODY/stub	28	False	{}	src/system/synth_xbox/Synth.cpp
default/Spline	?_M_erase@?$vector@VCtrlPoint@RndSpline@@V?$StlNodeAlloc@VCtrlPoint@RndSpline@@@stlpmtx_std@@@stlpmtx_std@@IAAPAVCtrlPoint@RndSpline@@PAV34@ABU__false_type@2@@Z	112	99.82143	99.82143	SOURCE_ARG(imm/opcode/branch)	5	True	{'immediate': 5}	src/system/rndobj/Spline.cpp
default/Character	?_M_fill_insert@?$vector@ULod@Character@@V?$StlNodeAlloc@ULod@Character@@@stlpmtx_std@@@stlpmtx_std@@AAAXPAULod@Character@@IABU34@@Z	112	99.96429	99.96429	SOURCE_ARG(imm/opcode/branch)	1	True	{'immediate': 1}	src/system/char/Character.cpp
default/HamMove	?_M_fill_insert@?$vector@UOldNodeWeight@@V?$StlNodeAlloc@UOldNodeWeight@@@stlpmtx_std@@@stlpmtx_std@@AAAXPAUOldNodeWeight@@IABU3@@Z	112	99.60714	99.96429	SOURCE_ARG(imm/opcode/branch)	3	True	{'immediate': 1, 'relocname': 2}	src/system/hamobj/HamMove.cpp
default/SongLayout	?_M_fill_insert@?$vector@VSongPattern@@V?$StlNodeAlloc@VSongPattern@@@stlpmtx_std@@@stlpmtx_std@@AAAXPAVSongPattern@@IABV3@@Z	112	99.78571	99.96429	SOURCE_ARG(imm/opcode/branch)	2	True	{'immediate': 1, 'relocname': 1}	src/system/hamobj/SongLayout.cpp
default/SongLayout	??$?5VSongPattern@@V?$StlNodeAlloc@VSongPattern@@@stlpmtx_std@@@@YAAAVBinStreamRev@@AAV0@AAV?$vector@VSongPattern@@V?$StlNodeAlloc@VSongPattern@@@stlpmtx_std@@@stlpmtx_std@@@Z	112	75.92857	76.28571	SOURCE_INSDEL	13	False	{'immediate': 4, 'relocname': 2, 'opcode': 1}	src/system/hamobj/SongLayout.cpp
default/SongLayout	?_M_fill_insert@?$vector@VSongSection@@V?$StlNodeAlloc@VSongSection@@@stlpmtx_std@@@stlpmtx_std@@AAAXPAVSongSection@@IABV3@@Z	112	99.60714	99.96429	SOURCE_ARG(imm/opcode/branch)	3	True	{'immediate': 1, 'relocname': 2}	src/system/hamobj/SongLayout.cpp
default/HamRibbon	?_M_fill_insert@?$vector@V?$Key@VTransform@@@@V?$StlNodeAlloc@V?$Key@VTransform@@@@@stlpmtx_std@@@stlpmtx_std@@AAAXPAV?$Key@VTransform@@@@IABV3@@Z	112	99.78571	99.96429	SOURCE_ARG(imm/opcode/branch)	2	True	{'immediate': 1, 'relocname': 1}	src/system/hamobj/HamRibbon.cpp
default/MoveAsyncDetector	?_M_fill_insert@?$vector@VDetectFrame@@V?$StlNodeAlloc@VDetectFrame@@@stlpmtx_std@@@stlpmtx_std@@AAAXPAVDetectFrame@@IABV3@@Z	112	99.78571	99.96429	SOURCE_ARG(imm/opcode/branch)	2	True	{'immediate': 1, 'relocname': 1}	src/system/hamobj/MoveAsyncDetector.cpp
default/CharIKHand	?_M_fill_insert@?$vector@UIKTarget@CharIKHand@@V?$StlNodeAlloc@UIKTarget@CharIKHand@@@stlpmtx_std@@@stlpmtx_std@@AAAXPAUIKTarget@CharIKHand@@IABU34@@Z	112	88.5	89.21429	SOURCE_INSDEL	7	False	{'register': 3, 'immediate': 2, 'relocname': 1}	src/system/char/CharIKHand.cpp
default/SkeletonClip	?_M_fill_insert@?$vector@UMoveRating@SkeletonClip@@V?$StlNodeAlloc@UMoveRating@SkeletonClip@@@stlpmtx_std@@@stlpmtx_std@@AAAXPAUMoveRating@SkeletonClip@@IABU34@@Z	112	99.78571	99.96429	SOURCE_ARG(imm/opcode/branch)	2	True	{'immediate': 1, 'relocname': 1}	src/system/gesture/SkeletonClip.cpp
default/CharLipSync	??$?5VString@@V?$StlNodeAlloc@VString@@@stlpmtx_std@@@@YAAAVBinStreamRev@@AAV0@AAV?$vector@VString@@V?$StlNodeAlloc@VString@@@stlpmtx_std@@@stlpmtx_std@@@Z	112	0.0	0.0	NO_BODY/stub	28	False	{}	src/system/char/CharLipSync.cpp
default/MoveMgr	??_GSpotlightDrawer@@UAAPAXI@Z	112	41.714287	42.607143	SOURCE_INSDEL	23	False	{'register': 3, 'immediate': 2, 'opcode': 5, 'relocname': 1}	src/system/hamobj/MoveMgr.cpp
default/UILabel	?_M_erase@?$vector@ULabelStyle@UILabel@@V?$StlNodeAlloc@ULabelStyle@UILabel@@@stlpmtx_std@@@stlpmtx_std@@IAAPAULabelStyle@UILabel@@PAU34@ABU__false_type@2@@Z	112	88.57143	88.57143	SOURCE_INSDEL	4	False	{'opcode': 2}	src/system/ui/UILabel.cpp
default/FileMerger	?Filter@FileMerger@@MAA?AW4Action@MergeFilter@@PAVObject@Hmx@@0PAVObjectDir@@@Z	112	61.785713	62.142857	SOURCE_INSDEL	12	False	{'register': 2, 'opcode': 1}	src/system/char/FileMerger.cpp
default/SpotlightDrawer	?Init@SpotlightDrawer@@SAXXZ	112	94.10714	94.28571	SOURCE_INSDEL	3	False	{'relocname': 1, 'register': 1, 'opcode': 1}	src/system/world/SpotlightDrawer.cpp
default/SessionUsersProviders	?Mat@SessionUsersProvider@@UBAPAVRndMat@@HHPAVUIListMesh@@@Z	112	5.321429	6.392857	SOURCE_INSDEL	31	False	{'opcode': 2, 'register': 6, 'immediate': 1}	src/band3/meta_band/SessionUsersProviders.cpp
default/SongCollision	?_M_fill_insert@?$vector@UBeatCollisionData@@V?$StlNodeAlloc@UBeatCollisionData@@@stlpmtx_std@@@stlpmtx_std@@AAAXPAUBeatCollisionData@@IABU3@@Z	112	99.78571	99.96429	SOURCE_ARG(imm/opcode/branch)	2	True	{'immediate': 1, 'relocname': 1}	src/system/hamobj/SongCollision.cpp
default/Archive	??$?5VString@@V?$StlNodeAlloc@VString@@@stlpmtx_std@@@@YAAAVBinStream@@AAV0@AAV?$vector@VString@@V?$StlNodeAlloc@VString@@@stlpmtx_std@@@stlpmtx_std@@@Z	112	99.25	99.78571	SOURCE_ARG(imm/opcode/branch)	9	True	{'immediate': 6, 'relocname': 3}	src/system/os/Archive.cpp
default/system/rnddx9/ShaderMgr	XGSurfaceSize	112	0.0	0.0	NO_BODY/stub	28	False	{}	src/system/rnddx9/ShaderMgr.cpp
default/DrivenPropertyEntry	?_M_fill_insert@?$vector@VFlowMathOp@@V?$StlNodeAlloc@VFlowMathOp@@@stlpmtx_std@@@stlpmtx_std@@AAAXPAVFlowMathOp@@IABV3@@Z	112	99.96429	99.96429	SOURCE_ARG(imm/opcode/branch)	1	True	{'immediate': 1}	src/system/flow/DrivenPropertyEntry.cpp
default/FlowValueCase	?Save@FlowValueCase@@UAAXAAVBinStream@@@Z	112	92.60714	92.78571	CODEGEN_ORDERING	4	True	{'immediate': 2, 'register': 1}	src/system/flow/FlowValueCase.cpp
default/StorePanel	?IsLoaded@StorePanel@@UBA_NXZ	112	61.964287	62.142857	SOURCE_INSDEL	12	False	{'opcode': 1, 'branchdest': 1}	src/system/meta/StorePanel.cpp
default/UISlider	?Copy@UISlider@@UAAXPBVObject@Hmx@@W4CopyType@23@@Z	112	37.464287	38.357143	SOURCE_INSDEL	24	False	{'opcode': 2, 'register': 4, 'immediate': 1}	src/system/ui/UISlider.cpp
default/band3/game/RGTrainerPanel	??_DRKTrainerPanel@@QAAXXZ	112	0.0	0.0	NO_BODY/stub	28	False	{}	src/band3/game/RGTrainerPanel.cpp
default/band3/meta_band/AssetProvider	??$sort@PAPAVUIListWidget@@UWidgetDrawSort@?A0x530db9db@@@stlpmtx_std@@YAXPAPAVUIListWidget@@0UWidgetDrawSort@?A0x530db9db@@@Z	112	0.0	0.0	NO_BODY/stub	28	False	{}	src/band3/meta_band/AssetProvider.cpp
default/TourPerformer	?SetDancer@AppLabel@@QAAXVSymbol@@@Z	112	0.0	0.0	NO_BODY/stub	28	False	{}	src/band3/tour/TourPerformer.cpp
default/LayerDir	?NewObject@LayerDir@@SAPAVObject@Hmx@@XZ	112	86.92857	87.10714	SOURCE_INSDEL	6	False	{'opcode': 1, 'relocname': 1, 'immediate': 1}	src/system/bandobj/LayerDir.cpp
default/ClipDistMap	?_M_fill_insert@?$vector@UNode@?$ObjPtrVec@VRndDrawable@@VObjectDir@@@@V?$StlNodeAlloc@UNode@?$ObjPtrVec@VRndDrawable@@VObjectDir@@@@@stlpmtx_std@@@stlpmtx_std@@AAAXPAUNode@?$ObjPtrVec@VRndDrawable@@VObjectDir@@@@IABU34@@Z	112	0.0	0.0	NO_BODY/stub	28	False	{}	src/system/char/ClipDistMap.cpp
default/FlowNode	?_M_fill_insert@?$vector@VDrivenPropertyEntry@@V?$StlNodeAlloc@VDrivenPropertyEntry@@@stlpmtx_std@@@stlpmtx_std@@AAAXPAVDrivenPropertyEntry@@IABV3@@Z	112	99.96429	99.96429	SOURCE_ARG(imm/opcode/branch)	1	True	{'immediate': 1}	src/system/flow/FlowNode.cpp
default/TexLoadPanel	??1TexLoadPanel@@UAA@XZ	112	42.25	42.785713	SOURCE_INSDEL	18	False	{'register': 3, 'immediate': 2}	src/band3/meta_band/TexLoadPanel.cpp
default/MicInputArrow	?NewObject@MicInputArrow@@SAPAVObject@Hmx@@XZ	112	99.96429	99.96429	SOURCE_ARG(imm/opcode/branch)	1	True	{'immediate': 1}	src/system/bandobj/MicInputArrow.cpp
default/ScrollbarDisplay	?NewObject@ScrollbarDisplay@@SAPAVObject@Hmx@@XZ	112	99.96429	99.96429	SOURCE_ARG(imm/opcode/branch)	1	True	{'immediate': 1}	src/system/bandobj/ScrollbarDisplay.cpp
default/Defines	?SymToControllerType@@YA?AW4ControllerType@@VSymbol@@@Z	108	23.481482	23.666666	SOURCE_INSDEL	23	False	{'immediate': 1, 'branchdest': 1, 'opcode': 1}	src/band3/game/Defines.cpp
default/EventTrigger	?LoadShaderBuffer@RndShaderProgram@@QAAXAAVBinStream@@HAAPAVRndShaderBuffer@@@Z	108	92.40741	92.59259	SOURCE_INSDEL	3	False	{'relocname': 1}	src/system/rndobj/EventTrigger.cpp
default/LightPreset	?ApplyState@LightPreset@@IAAXABUKeyframe@1@@Z	108	92.40741	92.59259	SOURCE_INSDEL	3	False	{'relocname': 1}	src/system/world/LightPreset.cpp
default/HamCamTransform	??4TransformArea@@QAAAAV0@ABV0@@Z	108	12.888889	14.555555	SOURCE_INSDEL	30	False	{'register': 8, 'opcode': 5, 'immediate': 2}	src/system/hamobj/HamCamTransform.cpp
default/Mesh	?HasVert@PatchVerts@@QBA_NH@Z	108	80.666664	81.40741	SOURCE_INSDEL	11	False	{'immediate': 2, 'register': 4}	src/system/rndobj/Mesh.cpp
default/Text	??1RndText@@UAA@XZ	108	0.0	5.3703704	NO_BODY/stub	94	False	{'opcode': 6, 'immediate': 7, 'register': 20, 'relocname': 3}	src/system/rndobj/Text.cpp
default/UILabel	??1CBaseSkin@LEAPCORE@@UAA@XZ	108	0.0	0.0	NO_BODY/stub	27	False	{}	src/system/ui/UILabel.cpp
default/PracticeSection	?_M_fill_insert@?$vector@VPracticeStep@@V?$StlNodeAlloc@VPracticeStep@@@stlpmtx_std@@@stlpmtx_std@@AAAXPAVPracticeStep@@IABV3@@Z	108	87.888885	88.81481	SOURCE_INSDEL	8	False	{'register': 3, 'immediate': 2, 'relocname': 2}	src/system/hamobj/PracticeSection.cpp
default/ByteGrinder	?op59@@YA?AVDataNode@@PAVDataArray@@@Z	108	99.92593	99.92593	SOURCE_ARG(imm/opcode/branch)	2	True	{'immediate': 2}	src/system/synth/ByteGrinder.cpp
default/ByteGrinder	?op61@@YA?AVDataNode@@PAVDataArray@@@Z	108	98.81481	99.55556	SOURCE_ARG(imm/opcode/branch)	4	True	{'immediate': 2}	src/system/synth/ByteGrinder.cpp
default/MeterDisplay	??_DMeterDisplay@@QAAXXZ	108	99.666664	99.85185	SOURCE_ARG(imm/opcode/branch)	5	True	{'immediate': 4, 'relocname': 1}	src/system/hamobj/MeterDisplay.cpp
default/PoolAlloc	??1CShareableTransducerNetwork@NUISPEECH@@UAA@XZ	108	0.0	0.0	NO_BODY/stub	27	False	{}	src/system/utl/PoolAlloc.cpp
default/Archive	?_M_fill_insert@?$vector@VString@@V?$StlNodeAlloc@VString@@@stlpmtx_std@@@stlpmtx_std@@AAAXPAVString@@IABV3@@Z	108	88.07407	88.81481	SOURCE_INSDEL	7	False	{'register': 3, 'immediate': 2, 'relocname': 1}	src/system/os/Archive.cpp
default/CharBone	??$?5UWeightContext@CharBone@@V?$StlNodeAlloc@UWeightContext@CharBone@@@stlpmtx_std@@@@YAAAVBinStreamRev@@AAV0@AAV?$list@UWeightContext@CharBone@@V?$StlNodeAlloc@UWeightContext@CharBone@@@stlpmtx_std@@@stlpmtx_std@@@Z	108	0.0	0.0	NO_BODY/stub	27	False	{}	src/system/char/CharBone.cpp
default/UISlider	?PreLoad@UISlider@@UAAXAAVBinStream@@@Z	108	0.0	2.0370371	NO_BODY/stub	40	False	{'opcode': 9, 'immediate': 2, 'register': 11, 'relocname': 2}	src/system/ui/UISlider.cpp
default/band3/meta_band/AssetProvider	??$__final_insertion_sort@PAPAVUIListWidget@@UWidgetDrawSort@?A0x530db9db@@@stlpmtx_std@@YAXPAPAVUIListWidget@@0UWidgetDrawSort@?A0x530db9db@@@Z	108	0.0	0.0	NO_BODY/stub	27	False	{}	src/band3/meta_band/AssetProvider.cpp
default/band3/game/Tracker	?_M_fill_insert@?$vector@UUnlockable@?A0xf8e4b4b5@@V?$StlNodeAlloc@UUnlockable@?A0xf8e4b4b5@@@stlpmtx_std@@@stlpmtx_std@@AAAXPAUUnlockable@?A0xf8e4b4b5@@IABU34@@Z	108	0.0	0.0	NO_BODY/stub	27	False	{}	src/band3/game/Tracker.cpp
default/BandCrowdMeter	?_M_fill_insert@?$vector@VColor@Hmx@@V?$StlNodeAlloc@VColor@Hmx@@@stlpmtx_std@@@stlpmtx_std@@AAAXPAVColor@Hmx@@IABV34@@Z	104	95.76923	96.15385	SOURCE_INSDEL	3	False	{'relocname': 2}	src/system/bandobj/BandCrowdMeter.cpp
default/StreakMeter	?SetType@StreakMeter@@UAAXVSymbol@@@Z	104	0.0	2.5	NO_BODY/stub	90	False	{'opcode': 5, 'immediate': 4, 'register': 9, 'relocname': 1}	src/system/bandobj/StreakMeter.cpp
default/CDReader	?CDReadExternal@@YA_NAAPAXH_K@Z	104	87.69231	88.46154	SOURCE_INSDEL	7	False	{'register': 4}	src/system/os/CDReader.cpp
default/HamCamTransform	?_M_erase@?$vector@UNavItem@HamNavProvider@@V?$StlNodeAlloc@UNavItem@HamNavProvider@@@stlpmtx_std@@@stlpmtx_std@@IAAPAUNavItem@HamNavProvider@@PAU34@ABU__false_type@2@@Z	104	93.34615	93.73077	SOURCE_INSDEL	7	False	{'immediate': 3, 'opcode': 1, 'relocname': 2}	src/system/hamobj/HamCamTransform.cpp
default/UILabel	??1CCommandManager@LEAPCORE@@QAA@XZ	104	0.0	0.0	NO_BODY/stub	26	False	{}	src/system/ui/UILabel.cpp
default/MoggClipMap	?SetPadProperty@PlatformMgr@@QBAXHHPBG@Z	104	0.0	0.0	NO_BODY/stub	26	False	{}	src/system/synth/MoggClipMap.cpp
default/BandUser	?GetLocalBandUser@LocalBandUser@@UAAPAV1@XZ	104	5.3846154	5.3846154	SOURCE_INSDEL	25	False	{'opcode': 1}	src/band3/game/BandUser.cpp
default/RockCentral	?OfferType@StoreOffer@@QBA?AVSymbol@@XZ	100	63.4	64.0	SOURCE_INSDEL	12	False	{'register': 2, 'relocname': 1}	src/band3/net_band/RockCentral.cpp
default/Shader	?CalcShaderOpts@RndShaderDepthVolume@@MAA_KPAVNgMat@@W4ShaderType@@_N@Z	100	0.0	2.6	NO_BODY/stub	37	False	{'opcode': 3, 'register': 10, 'relocname': 1, 'immediate': 7}	src/system/rndobj/Shader.cpp
default/Memory_Xbox	??1CXLrcTransport@@QAA@XZ	100	0.0	0.0	NO_BODY/stub	25	False	{}	src/Memory_Xbox.cpp
default/CharBoneDir	?insert@?$list@PAVRndTransformable@@V?$StlNodeAlloc@PAVRndTransformable@@@stlpmtx_std@@@stlpmtx_std@@QAA?AU?$_List_iterator@PAVRndTransformable@@U?$_Nonconst_traits@PAVRndTransformable@@@stlpmtx_std@@@2@U32@ABQAVRndTransformable@@@Z	100	64.6	66.4	SOURCE_INSDEL	16	False	{'register': 9, 'opcode': 4}	src/system/char/CharBoneDir.cpp
default/CharClip	??$?6V?$map@HMU?$less@H@stlpmtx_std@@V?$StlNodeAlloc@U?$pair@$$CBHM@stlpmtx_std@@@2@@stlpmtx_std@@V?$StlNodeAlloc@V?$map@HMU?$less@H@stlpmtx_std@@V?$StlNodeAlloc@U?$pair@$$CBHM@stlpmtx_std@@@2@@stlpmtx_std@@@1@@@YAAAVBinStream@@AAV0@ABV?$vector@V?$map@HMU?$less@H@stlpmtx_std@@V?$StlNodeAlloc@U?$pair@$$CBHM@stlpmtx_std@@@2@@stlpmtx_std@@V?$StlNodeAlloc@V?$map@HMU?$less@H@stlpmtx_std@@V?$StlNodeAlloc@U?$pair@$$CBHM@stlpmtx_std@@@2@@stlpmtx_std@@@2@@stlpmtx_std@@@Z	100	0.0	0.0	NO_BODY/stub	25	False	{}	src/system/char/CharClip.cpp
default/MeshAnim	??$__destroy_range_aux@V?$reverse_iterator@PAV?$Key@V?$vector@VVector3@@V?$StlNodeAlloc@VVector3@@@stlpmtx_std@@@stlpmtx_std@@@@@stlpmtx_std@@@stlpmtx_std@@YAXV?$reverse_iterator@PAV?$Key@V?$vector@VVector3@@V?$StlNodeAlloc@VVector3@@@stlpmtx_std@@@stlpmtx_std@@@@@0@0ABU__false_type@0@@Z	100	99.92	99.92	SOURCE_ARG(imm/opcode/branch)	2	True	{'immediate': 2}	src/system/rndobj/MeshAnim.cpp
default/system/rndobj/Rnd	?CompressThread@@YAKPAX@Z	100	34.68	35.88	SOURCE_INSDEL	26	False	{'opcode': 5, 'immediate': 5, 'register': 5, 'relocname': 1}	src/system/rndobj/Rnd.cpp
default/Spline	??$?6VCtrlPoint@RndSpline@@V?$StlNodeAlloc@VCtrlPoint@RndSpline@@@stlpmtx_std@@@@YAAAVBinStream@@AAV0@ABV?$vector@VCtrlPoint@RndSpline@@V?$StlNodeAlloc@VCtrlPoint@RndSpline@@@stlpmtx_std@@@stlpmtx_std@@@Z	100	87.52	87.92	SOURCE_INSDEL	7	False	{'immediate': 2, 'register': 1, 'relocname': 1}	src/system/rndobj/Spline.cpp
default/Character	??1?$vector@VChallengeRow@@V?$StlNodeAlloc@VChallengeRow@@@stlpmtx_std@@@stlpmtx_std@@QAA@XZ	100	0.0	0.0	NO_BODY/stub	25	False	{}	src/system/char/Character.cpp
default/HamNavProvider	??$?6UNavItem@HamNavProvider@@V?$StlNodeAlloc@UNavItem@HamNavProvider@@@stlpmtx_std@@@@YAAAVBinStream@@AAV0@ABV?$vector@UNavItem@HamNavProvider@@V?$StlNodeAlloc@UNavItem@HamNavProvider@@@stlpmtx_std@@@stlpmtx_std@@@Z	100	99.92	99.92	SOURCE_ARG(imm/opcode/branch)	2	True	{'immediate': 2}	src/system/hamobj/HamNavProvider.cpp
default/CharInterest	??0?$ObjPtr@VObject@Hmx@@@@QAA@PAVObject@Hmx@@0@Z	100	91.76	91.96	CODEGEN_ORDERING	3	True	{'register': 1, 'immediate': 1}	src/system/char/CharInterest.cpp
default/Mesh	??$_M_allocate_and_copy@PBVRndBone@@@?$vector@VRndBone@@V?$StlNodeAlloc@VRndBone@@@stlpmtx_std@@@stlpmtx_std@@IAAPAVRndBone@@IPBV2@0@Z	100	99.76	99.96	SOURCE_ARG(imm/opcode/branch)	2	True	{'immediate': 1, 'relocname': 1}	src/system/rndobj/Mesh.cpp
default/Waypoint	??$?5V?$ObjOwnerPtr@VWaypoint@@@@@@YAAAVBinStream@@AAVBinStreamRev@@AAV?$ObjVector@V?$ObjOwnerPtr@VWaypoint@@@@@@@Z	100	0.0	0.0	NO_BODY/stub	25	False	{}	src/system/char/Waypoint.cpp
default/SkeletonClip	??$_M_allocate_and_copy@PBUMoveRating@SkeletonClip@@@?$vector@UMoveRating@SkeletonClip@@V?$StlNodeAlloc@UMoveRating@SkeletonClip@@@stlpmtx_std@@@stlpmtx_std@@IAAPAUMoveRating@SkeletonClip@@IPBU23@0@Z	100	99.96	99.96	SOURCE_ARG(imm/opcode/branch)	1	True	{'immediate': 1}	src/system/gesture/SkeletonClip.cpp
default/CharHair	?_M_erase@?$vector@VStrand@CharHair@@V?$StlNodeAlloc@VStrand@CharHair@@@stlpmtx_std@@@stlpmtx_std@@IAAPAVStrand@CharHair@@PAV34@0ABU__false_type@2@@Z	100	99.52	99.92	SOURCE_ARG(imm/opcode/branch)	4	True	{'immediate': 2, 'relocname': 2}	src/system/char/CharHair.cpp
default/SpotlightDrawer	?resize@?$vector@VSpotlightEntry@SpotlightDrawer@@V?$StlNodeAlloc@VSpotlightEntry@SpotlightDrawer@@@stlpmtx_std@@@stlpmtx_std@@QAAXIABVSpotlightEntry@SpotlightDrawer@@@Z	100	80.12	81.32	SOURCE_INSDEL	14	False	{'immediate': 5, 'register': 2, 'opcode': 1, 'relocname': 1}	src/system/world/SpotlightDrawer.cpp
default/Spotlight	??$_M_allocate_and_copy@PBVColor@Hmx@@@?$vector@VColor@Hmx@@V?$StlNodeAlloc@VColor@Hmx@@@stlpmtx_std@@@stlpmtx_std@@IAAPAVColor@Hmx@@IPBV23@0@Z	100	97.6	97.6	SOURCE_ARG(imm/opcode/branch)	1	False	{'opcode': 1}	src/system/world/Spotlight.cpp
default/DataEventList	??$_M_allocate_and_copy@PAVDataEvent@@@?$vector@VDataEvent@@V?$StlNodeAlloc@VDataEvent@@@stlpmtx_std@@@stlpmtx_std@@IAAPAVDataEvent@@IPAV2@0@Z	100	97.4	97.6	SOURCE_ARG(imm/opcode/branch)	2	False	{'opcode': 1, 'relocname': 1}	src/system/midi/DataEventList.cpp
default/TransAnim	??$_M_allocate_and_copy@PBV?$Key@VVector3@@@@@?$vector@V?$Key@VVector3@@@@V?$StlNodeAlloc@V?$Key@VVector3@@@@@stlpmtx_std@@@stlpmtx_std@@IAAPAV?$Key@VVector3@@@@IPBV2@0@Z	100	99.96	99.96	SOURCE_ARG(imm/opcode/branch)	1	True	{'immediate': 1}	src/system/rndobj/TransAnim.cpp
default/CharEyes	??$?5UCharInterestState@CharEyes@@@@YAAAVBinStream@@AAVBinStreamRev@@AAV?$ObjVector@UCharInterestState@CharEyes@@@@@Z	100	0.0	0.0	NO_BODY/stub	25	False	{}	src/system/char/CharEyes.cpp
default/ButtonHolder	??$_M_allocate_and_copy@PBVActionRec@@@?$vector@VActionRec@@V?$StlNodeAlloc@VActionRec@@@stlpmtx_std@@@stlpmtx_std@@IAAPAVActionRec@@IPBV2@0@Z	100	99.96	99.96	SOURCE_ARG(imm/opcode/branch)	1	True	{'immediate': 1}	src/system/meta/ButtonHolder.cpp
default/InlineHelp	??0?$ObjPtr@VUIColor@@@@QAA@PAVObject@Hmx@@PAVUIColor@@@Z	100	91.76	91.96	CODEGEN_ORDERING	3	True	{'register': 1, 'immediate': 1}	src/system/ui/InlineHelp.cpp
default/PanelDir	??$_M_allocate_and_copy@PBVFilePath@@@?$vector@VFilePath@@V?$StlNodeAlloc@VFilePath@@@stlpmtx_std@@@stlpmtx_std@@IAAPAVFilePath@@IPBV2@0@Z	100	99.96	99.96	SOURCE_ARG(imm/opcode/branch)	1	True	{'immediate': 1}	src/system/ui/PanelDir.cpp
default/MemcardMgr_Xbox	?SetPadPresence@PlatformMgr@@QBAXHH@Z	100	0.0	0.0	NO_BODY/stub	25	False	{}	src/system/meta/MemcardMgr_Xbox.cpp
default/CharBone	??0?$ObjPtr@VCharBone@@@@QAA@PAVObject@Hmx@@PAVCharBone@@@Z	100	91.76	91.96	CODEGEN_ORDERING	3	True	{'register': 1, 'immediate': 1}	src/system/char/CharBone.cpp
default/TrackDir	??$_M_allocate_and_copy@PBVCtrlPoint@RndSpline@@@?$vector@VCtrlPoint@RndSpline@@V?$StlNodeAlloc@VCtrlPoint@RndSpline@@@stlpmtx_std@@@stlpmtx_std@@IAAPAVCtrlPoint@RndSpline@@IPBV23@0@Z	100	97.4	97.6	SOURCE_ARG(imm/opcode/branch)	2	False	{'opcode': 1, 'relocname': 1}	src/system/track/TrackDir.cpp
default/MetaPerformer	??$SendDataPoint@PBDH@@YAXPBD0H@Z	100	0.0	0.0	NO_BODY/stub	25	False	{}	src/band3/meta_band/MetaPerformer.cpp
default/OvershellPanel	?Poll@OvershellPanel@@UAAXXZ	100	0.0	0.6	NO_BODY/stub	59	False	{'register': 3}	src/band3/meta_band/OvershellPanel.cpp
default/StandardStream	??0?$ObjPtr@VFxSend@@@@QAA@PAVObject@Hmx@@PAVFxSend@@@Z	100	91.76	91.96	CODEGEN_ORDERING	3	True	{'register': 1, 'immediate': 1}	src/system/synth/StandardStream.cpp
default/OutfitConfig	??$?6UBoneOp@CharSignalApplier@@V?$StlNodeAlloc@UBoneOp@CharSignalApplier@@@stlpmtx_std@@@@YAAAVBinStream@@AAV0@ABV?$vector@UBoneOp@CharSignalApplier@@V?$StlNodeAlloc@UBoneOp@CharSignalApplier@@@stlpmtx_std@@@stlpmtx_std@@@Z	100	99.92	99.92	SOURCE_ARG(imm/opcode/branch)	2	True	{'immediate': 2}	src/system/bandobj/OutfitConfig.cpp
default/Lit_NG	??DHmx@@YA?AVMatrix4@0@ABVTransform@@ABV10@@Z	100	0.0	3.2	NO_BODY/stub	242	False	{'register': 13, 'opcode': 4, 'relocname': 3, 'immediate': 1}	src/system/rndobj/Lit_NG.cpp
default/MessageTimer	??$__unguarded_insertion_sort_aux@PAPAUObjEntry@@PAU1@UObjSort@@@stlpmtx_std@@YAXPAPAUObjEntry@@00UObjSort@@@Z	100	88.56	89.36	SOURCE_INSDEL	7	False	{'opcode': 1, 'register': 3, 'immediate': 1, 'branchdest': 1}	src/system/obj/MessageTimer.cpp
default/system/ui/UILabelDir	??$_M_allocate_and_copy@PBVChallengeRow@@@?$vector@VChallengeRow@@V?$StlNodeAlloc@VChallengeRow@@@stlpmtx_std@@@stlpmtx_std@@IAAPAVChallengeRow@@IPBV2@0@Z	100	0.0	0.0	NO_BODY/stub	25	False	{}	src/system/ui/UILabelDir.cpp
default/Object	??0Object@Hmx@@QAA@XZ	96	72.083336	74.791664	SOURCE_INSDEL	18	False	{'register': 11, 'relocname': 2}	src/system/obj/Object.cpp
default/BandCamShot	??$__uninitialized_fill_n@PAUDynamicPropertyEntry@Flow@@IU12@@stlpmtx_std@@YAPAUDynamicPropertyEntry@Flow@@PAU12@IABU12@ABU__false_type@0@@Z	96	99.75	99.958336	SOURCE_ARG(imm/opcode/branch)	2	True	{'relocname': 1, 'immediate': 1}	src/system/bandobj/BandCamShot.cpp
default/VocalTrack	??$__destroy_range_aux@V?$reverse_iterator@PAV?$vector@PAUUnlockable@?A0xf8e4b4b5@@V?$StlNodeAlloc@PAUUnlockable@?A0xf8e4b4b5@@@stlpmtx_std@@@stlpmtx_std@@@stlpmtx_std@@@stlpmtx_std@@YAXV?$reverse_iterator@PAV?$vector@PAUUnlockable@?A0xf8e4b4b5@@V?$StlNodeAlloc@PAUUnlockable@?A0xf8e4b4b5@@@stlpmtx_std@@@stlpmtx_std@@@0@0ABU__false_type@0@@Z	96	0.0	0.0	NO_BODY/stub	24	False	{}	src/band3/bandtrack/VocalTrack.cpp
default/mtx	?Normalize@@YAXABVVector3@@AAV1@@Z	96	0.0	3.3333333	NO_BODY/stub	38	False	{'register': 15, 'immediate': 1, 'relocname': 1}	src/system/math/mtx.cpp
default/MemHeap	?MemFindAddrHeap@@YAHPAX@Z	96	99.958336	99.958336	SOURCE_ARG(imm/opcode/branch)	1	True	{'immediate': 1}	src/system/utl/MemHeap.cpp
default/VelocityBuffer	?GetXfms@RndXfmCache@@ABA_NPIBVRndMesh@@IIAAPBM@Z	96	73.958336	75.0	CODEGEN_ORDERING	9	True	{'register': 5}	src/system/rndobj/VelocityBuffer.cpp
default/DepthBuffer3D	??$__uninitialized_fill_n@PAV?$vector@VVector3@@V?$StlNodeAlloc@VVector3@@@stlpmtx_std@@@stlpmtx_std@@IV12@@stlpmtx_std@@YAPAV?$vector@VVector3@@V?$StlNodeAlloc@VVector3@@@stlpmtx_std@@@0@PAV10@IABV10@ABU__false_type@0@@Z	96	99.958336	99.958336	SOURCE_ARG(imm/opcode/branch)	1	True	{'immediate': 1}	src/system/gesture/DepthBuffer3D.cpp
default/keygen_xbox	?random@@YAJJ@Z	96	78.333336	83.333336	SOURCE_INSDEL	19	False	{'register': 24, 'relocname': 4, 'immediate': 4}	src/keygen_xbox.cpp
default/CharClip	?_M_copy@?$_Rb_tree@HU?$less@H@stlpmtx_std@@U?$pair@$$CBHM@2@U?$_Select1st@U?$pair@$$CBHM@stlpmtx_std@@@2@U?$_MapTraitsT@U?$pair@$$CBHM@stlpmtx_std@@@priv@2@V?$StlNodeAlloc@U?$pair@$$CBHM@stlpmtx_std@@@2@@stlpmtx_std@@AAAPAU_Rb_tree_node_base@2@PAU32@0@Z	96	0.0	3.5416667	NO_BODY/stub	52	False	{'opcode': 11, 'register': 16, 'immediate': 3}	src/system/char/CharClip.cpp
default/EventTrigger	?NewObject@PropertyEventProvider@@SAPAVObject@Hmx@@XZ	96	84.541664	84.958336	SOURCE_INSDEL	7	False	{'opcode': 1, 'relocname': 2, 'immediate': 1}	src/system/rndobj/EventTrigger.cpp
default/MeshAnim	??$__uninitialized_fill_n@PAV?$Key@V?$vector@VVector3@@V?$StlNodeAlloc@VVector3@@@stlpmtx_std@@@stlpmtx_std@@@@IV1@@stlpmtx_std@@YAPAV?$Key@V?$vector@VVector3@@V?$StlNodeAlloc@VVector3@@@stlpmtx_std@@@stlpmtx_std@@@@PAV1@IABV1@ABU__false_type@0@@Z	96	99.875	99.875	SOURCE_ARG(imm/opcode/branch)	3	True	{'immediate': 3}	src/system/rndobj/MeshAnim.cpp
default/MeshAnim	??$__destroy_range_aux@V?$reverse_iterator@PAV?$Key@V?$vector@VVector2@@V?$StlNodeAlloc@VVector2@@@stlpmtx_std@@@stlpmtx_std@@@@@stlpmtx_std@@@stlpmtx_std@@YAXV?$reverse_iterator@PAV?$Key@V?$vector@VVector2@@V?$StlNodeAlloc@VVector2@@@stlpmtx_std@@@stlpmtx_std@@@@@0@0ABU__false_type@0@@Z	96	93.083336	93.291664	SOURCE_INSDEL	4	False	{'opcode': 1, 'relocname': 1, 'immediate': 1}	src/system/rndobj/MeshAnim.cpp
default/MeshAnim	??$__uninitialized_copy@PBV?$Key@V?$vector@VColor@Hmx@@V?$StlNodeAlloc@VColor@Hmx@@@stlpmtx_std@@@stlpmtx_std@@@@PAV1@@stlpmtx_std@@YAPAV?$Key@V?$vector@VColor@Hmx@@V?$StlNodeAlloc@VColor@Hmx@@@stlpmtx_std@@@stlpmtx_std@@@@PBV1@0PAV1@ABU__false_type@0@@Z	96	99.708336	99.916664	SOURCE_ARG(imm/opcode/branch)	3	True	{'relocname': 1, 'immediate': 2}	src/system/rndobj/MeshAnim.cpp
default/MeshAnim	??4?$ObjVector@VConstraint@BandIKEffector@@@@QAAXABV0@@Z	96	99.75	99.958336	SOURCE_ARG(imm/opcode/branch)	2	True	{'immediate': 1, 'relocname': 1}	src/system/rndobj/MeshAnim.cpp
default/LightPreset	??$__uninitialized_fill_n@PAVCamShotFrame@@IV1@@stlpmtx_std@@YAPAVCamShotFrame@@PAV1@IABV1@ABU__false_type@0@@Z	96	85.958336	88.875	SOURCE_INSDEL	13	False	{'register': 12, 'opcode': 1, 'immediate': 1}	src/system/world/LightPreset.cpp
default/HamCamTransform	??4?$ObjVector@VTransformCrowd@@@@QAAXABV0@@Z	96	92.5	93.333336	SOURCE_INSDEL	6	False	{'register': 2, 'opcode': 1, 'relocname': 2}	src/system/hamobj/HamCamTransform.cpp
default/HamCamTransform	??$__uninitialized_fill_n@PAUNavItem@HamNavProvider@@IU12@@stlpmtx_std@@YAPAUNavItem@HamNavProvider@@PAU12@IABU12@ABU__false_type@0@@Z	96	99.958336	99.958336	SOURCE_ARG(imm/opcode/branch)	1	True	{'immediate': 1}	src/system/hamobj/HamCamTransform.cpp
default/HamCamTransform	??$__uninitialized_copy@PAUNavItem@HamNavProvider@@PAU12@@stlpmtx_std@@YAPAUNavItem@HamNavProvider@@PAU12@00ABU__false_type@0@@Z	96	99.916664	99.916664	SOURCE_ARG(imm/opcode/branch)	2	True	{'immediate': 2}	src/system/hamobj/HamCamTransform.cpp
default/HamCamTransform	??$__uninitialized_copy@PAUDistEntry@@PAU1@@stlpmtx_std@@YAPAUDistEntry@@PAU1@00ABU__false_type@0@@Z	96	99.916664	99.916664	SOURCE_ARG(imm/opcode/branch)	2	True	{'immediate': 2}	src/system/hamobj/HamCamTransform.cpp
default/HamCamTransform	??$__uninitialized_fill_n@PAUDistEntry@@IU1@@stlpmtx_std@@YAPAUDistEntry@@PAU1@IABU1@ABU__false_type@0@@Z	96	99.75	99.958336	SOURCE_ARG(imm/opcode/branch)	2	True	{'relocname': 1, 'immediate': 1}	src/system/hamobj/HamCamTransform.cpp
default/HamCamTransform	??$__destroy_range_aux@V?$reverse_iterator@PAUNavItem@HamNavProvider@@@stlpmtx_std@@@stlpmtx_std@@YAXV?$reverse_iterator@PAUNavItem@HamNavProvider@@@0@0ABU__false_type@0@@Z	96	99.708336	99.916664	SOURCE_ARG(imm/opcode/branch)	3	True	{'immediate': 2, 'relocname': 1}	src/system/hamobj/HamCamTransform.cpp
default/HamMove	??H?$_Bit_iter@_NPB_N@stlpmtx_std@@QBA?AU01@H@Z	96	22.708334	24.791666	SOURCE_INSDEL	28	False	{'opcode': 10, 'register': 10, 'immediate': 5}	src/system/hamobj/HamMove.cpp
default/SongLayout	??$__destroy_range_aux@V?$reverse_iterator@PAUMoveReplacer@@@stlpmtx_std@@@stlpmtx_std@@YAXV?$reverse_iterator@PAUMoveReplacer@@@0@0ABU__false_type@0@@Z	96	93.125	93.333336	SOURCE_INSDEL	3	False	{'opcode': 1, 'relocname': 1}	src/system/hamobj/SongLayout.cpp
default/SongLayout	??$__uninitialized_copy@PAUMoveReplacer@@PAU1@@stlpmtx_std@@YAPAUMoveReplacer@@PAU1@00ABU__false_type@0@@Z	96	86.166664	88.875	SOURCE_INSDEL	13	False	{'register': 11, 'immediate': 1, 'opcode': 1}	src/system/hamobj/SongLayout.cpp
default/SongLayout	??$__uninitialized_fill_n@PAUMoveReplacer@@IU1@@stlpmtx_std@@YAPAUMoveReplacer@@PAU1@IABU1@ABU__false_type@0@@Z	96	86.0	88.916664	SOURCE_INSDEL	13	False	{'register': 12, 'opcode': 1}	src/system/hamobj/SongLayout.cpp
default/Mesh	??$__uninitialized_fill_n@PAV?$list@HV?$StlNodeAlloc@H@stlpmtx_std@@@stlpmtx_std@@IV12@@stlpmtx_std@@YAPAV?$list@HV?$StlNodeAlloc@H@stlpmtx_std@@@0@PAV10@IABV10@ABU__false_type@0@@Z	96	99.75	99.958336	SOURCE_ARG(imm/opcode/branch)	2	True	{'relocname': 1, 'immediate': 1}	src/system/rndobj/Mesh.cpp
default/SkeletonClip	??$__uninitialized_copy@PBUMoveRating@SkeletonClip@@PAU12@@stlpmtx_std@@YAPAUMoveRating@SkeletonClip@@PBU12@0PAU12@ABU__false_type@0@@Z	96	99.708336	99.916664	SOURCE_ARG(imm/opcode/branch)	3	True	{'relocname': 1, 'immediate': 2}	src/system/gesture/SkeletonClip.cpp
default/SkeletonClip	??$_Destroy_Range@PAVCartRow@@@stlpmtx_std@@YAXPAVCartRow@@0@Z	96	0.0	0.0	NO_BODY/stub	24	False	{}	src/system/gesture/SkeletonClip.cpp
default/MoveMgr	??$__uninitialized_fill_n@PAUUnlockable@?A0xf8e4b4b5@@IU12@@stlpmtx_std@@YAPAUUnlockable@?A0xf8e4b4b5@@PAU12@IABU12@ABU__false_type@0@@Z	96	0.0	0.0	NO_BODY/stub	24	False	{}	src/system/hamobj/MoveMgr.cpp
default/Watcher	??$__uninitialized_fill_n@PAU?$pair@PAVDataArray@@VDataNode@@@stlpmtx_std@@IU12@@stlpmtx_std@@YAPAU?$pair@PAVDataArray@@VDataNode@@@0@PAU10@IABU10@ABU__false_type@0@@Z	96	99.875	99.875	SOURCE_ARG(imm/opcode/branch)	3	True	{'immediate': 3}	src/system/rndobj/Watcher.cpp
default/Watcher	??$__uninitialized_copy@PAU?$pair@PAVDataArray@@VDataNode@@@stlpmtx_std@@PAU12@@stlpmtx_std@@YAPAU?$pair@PAVDataArray@@VDataNode@@@0@PAU10@00ABU__false_type@0@@Z	96	99.833336	99.833336	SOURCE_ARG(imm/opcode/branch)	4	True	{'immediate': 4}	src/system/rndobj/Watcher.cpp
default/UILabel	?ExecuteAndDeleteCommand@CCommandManager@LEAPCORE@@AAAJPAUCommand@2@@Z	96	0.0	0.0	NO_BODY/stub	24	False	{}	src/system/ui/UILabel.cpp
default/Morph	??$__uninitialized_fill_n@PAULocalizedName@HamMove@@IU12@@stlpmtx_std@@YAPAULocalizedName@HamMove@@PAU12@IABU12@ABU__false_type@0@@Z	96	99.958336	99.958336	SOURCE_ARG(imm/opcode/branch)	1	True	{'immediate': 1}	src/system/rndobj/Morph.cpp
default/PracticeSection	??$__uninitialized_copy@PBVPracticeStep@@PAV1@@stlpmtx_std@@YAPAVPracticeStep@@PBV1@0PAV1@ABU__false_type@0@@Z	96	99.708336	99.916664	SOURCE_ARG(imm/opcode/branch)	3	True	{'relocname': 1, 'immediate': 2}	src/system/hamobj/PracticeSection.cpp
default/PracticeSection	??$_M_range_insert@PBVPracticeStep@@@?$vector@VPracticeStep@@V?$StlNodeAlloc@VPracticeStep@@@stlpmtx_std@@@stlpmtx_std@@AAAXPAVPracticeStep@@PBV2@1ABUforward_iterator_tag@1@@Z	96	81.458336	82.5	SOURCE_INSDEL	8	False	{'register': 4, 'opcode': 2, 'relocname': 1}	src/system/hamobj/PracticeSection.cpp
default/PracticeSection	??$__uninitialized_fill_n@PAVPracticeStep@@IV1@@stlpmtx_std@@YAPAVPracticeStep@@PAV1@IABV1@ABU__false_type@0@@Z	96	99.75	99.958336	SOURCE_ARG(imm/opcode/branch)	2	True	{'relocname': 1, 'immediate': 1}	src/system/hamobj/PracticeSection.cpp
default/MemMgr	?_MemAllocTemp@@YAPAXHH@Z	96	49.291668	50.75	SOURCE_INSDEL	21	False	{'opcode': 3, 'immediate': 2, 'register': 7}	src/system/utl/MemMgr.cpp
default/ByteGrinder	??$__uninitialized_fill_n@PAUMoveRating@SkeletonClip@@IU12@@stlpmtx_std@@YAPAUMoveRating@SkeletonClip@@PAU12@IABU12@ABU__false_type@0@@Z	96	99.958336	99.958336	SOURCE_ARG(imm/opcode/branch)	1	True	{'immediate': 1}	src/system/synth/ByteGrinder.cpp
default/WaveFile	??$__uninitialized_copy@PAVWaveFileMarker@@PAV1@@stlpmtx_std@@YAPAVWaveFileMarker@@PAV1@00ABU__false_type@0@@Z	96	99.708336	99.916664	SOURCE_ARG(imm/opcode/branch)	3	True	{'relocname': 1, 'immediate': 2}	src/system/utl/WaveFile.cpp
default/WaveFile	??$_Destroy_Range@PAULabel@?A0x81ddebd1@@@stlpmtx_std@@YAXPAULabel@?A0x81ddebd1@@0@Z	96	34.625	37.333332	SOURCE_INSDEL	27	False	{'register': 11, 'immediate': 4, 'opcode': 5, 'branchdest': 1, 'relocname': 1}	src/system/utl/WaveFile.cpp
default/CameraShot	??$__uninitialized_copy@PAVCamShotFrame@@PAV1@@stlpmtx_std@@YAPAVCamShotFrame@@PAV1@00ABU__false_type@0@@Z	96	85.916664	88.833336	SOURCE_INSDEL	14	False	{'register': 11, 'immediate': 2, 'opcode': 1, 'relocname': 1}	src/system/world/CameraShot.cpp
default/Sequence	??$__uninitialized_copy@PAUUnlockable@?A0xf8e4b4b5@@PAU12@@stlpmtx_std@@YAPAUUnlockable@?A0xf8e4b4b5@@PAU12@00ABU__false_type@0@@Z	96	0.0	0.0	NO_BODY/stub	24	False	{}	src/system/synth/Sequence.cpp
default/DataEventList	??$__uninitialized_copy@PBVDataEvent@@PAV1@@stlpmtx_std@@YAPAVDataEvent@@PBV1@0PAV1@ABU__false_type@0@@Z	96	99.625	99.833336	SOURCE_ARG(imm/opcode/branch)	5	True	{'immediate': 4, 'relocname': 1}	src/system/midi/DataEventList.cpp
default/UIList	??$_M_allocate_and_copy@PBVFlowMathOp@@@?$vector@VFlowMathOp@@V?$StlNodeAlloc@VFlowMathOp@@@stlpmtx_std@@@stlpmtx_std@@IAAPAVFlowMathOp@@IPBV2@0@Z	96	50.583332	51.625	SOURCE_INSDEL	17	False	{'register': 5, 'immediate': 1, 'opcode': 1}	src/system/ui/UIList.cpp
default/PropKeys	??0?$ObjOwnerPtr@VObject@Hmx@@@@QAA@PAVObjRefOwner@@PAVObject@Hmx@@@Z	96	91.416664	91.625	CODEGEN_ORDERING	3	True	{'register': 1, 'immediate': 1}	src/system/rndobj/PropKeys.cpp
default/SongCollision	??$__uninitialized_fill_n@PAUSongCollisionOutput@@IU1@@stlpmtx_std@@YAPAUSongCollisionOutput@@PAU1@IABU1@ABU__false_type@0@@Z	96	56.291668	59.0	SOURCE_INSDEL	23	False	{'relocname': 2, 'immediate': 4, 'register': 11, 'opcode': 3}	src/system/hamobj/SongCollision.cpp
default/HolmesClient	??$__uninitialized_copy@PAURecurseInfo@@PAU1@@stlpmtx_std@@YAPAURecurseInfo@@PAU1@00ABU__false_type@0@@Z	96	99.708336	99.916664	SOURCE_ARG(imm/opcode/branch)	3	True	{'relocname': 1, 'immediate': 2}	src/system/os/HolmesClient.cpp
default/HolmesClient	??$__uninitialized_fill_n@PAURecurseInfo@@IU1@@stlpmtx_std@@YAPAURecurseInfo@@PAU1@IABU1@ABU__false_type@0@@Z	96	99.75	99.958336	SOURCE_ARG(imm/opcode/branch)	2	True	{'relocname': 1, 'immediate': 1}	src/system/os/HolmesClient.cpp
default/OriginalChoreoRemixer	??$__destroy_range_aux@V?$reverse_iterator@PAV?$set@PBVMoveParent@@U?$less@PBVMoveParent@@@stlpmtx_std@@V?$StlNodeAlloc@PBVMoveParent@@@3@@stlpmtx_std@@@stlpmtx_std@@@stlpmtx_std@@YAXV?$reverse_iterator@PAV?$set@PBVMoveParent@@U?$less@PBVMoveParent@@@stlpmtx_std@@V?$StlNodeAlloc@PBVMoveParent@@@3@@stlpmtx_std@@@0@0ABU__false_type@0@@Z	96	99.916664	99.916664	SOURCE_ARG(imm/opcode/branch)	2	True	{'immediate': 2}	src/system/hamobj/OriginalChoreoRemixer.cpp
default/OriginalChoreoRemixer	??$__uninitialized_fill_n@PAV?$set@PBVMoveParent@@U?$less@PBVMoveParent@@@stlpmtx_std@@V?$StlNodeAlloc@PBVMoveParent@@@3@@stlpmtx_std@@IV12@@stlpmtx_std@@YAPAV?$set@PBVMoveParent@@U?$less@PBVMoveParent@@@stlpmtx_std@@V?$StlNodeAlloc@PBVMoveParent@@@3@@0@PAV10@IABV10@ABU__false_type@0@@Z	96	99.75	99.958336	SOURCE_ARG(imm/opcode/branch)	2	True	{'relocname': 1, 'immediate': 1}	src/system/hamobj/OriginalChoreoRemixer.cpp
default/PanelDir	??$__uninitialized_fill_n@PAVFilePath@@IV1@@stlpmtx_std@@YAPAVFilePath@@PAV1@IABV1@ABU__false_type@0@@Z	96	99.666664	99.875	SOURCE_ARG(imm/opcode/branch)	4	True	{'immediate': 3, 'relocname': 1}	src/system/ui/PanelDir.cpp
default/SpotlightDrawer_NG	?_M_erase@?$vector@VSpotMeshEntry@SpotlightDrawer@@V?$StlNodeAlloc@VSpotMeshEntry@SpotlightDrawer@@@stlpmtx_std@@@stlpmtx_std@@IAAPAVSpotMeshEntry@SpotlightDrawer@@PAV34@0ABU__false_type@2@@Z	96	87.291664	91.666664	SOURCE_INSDEL	16	False	{'register': 21}	src/system/world/SpotlightDrawer_NG.cpp
default/MeshDeform	??$__uninitialized_fill_n@PAUBoneDesc@RndMeshDeform@@IU12@@stlpmtx_std@@YAPAUBoneDesc@RndMeshDeform@@PAU12@IABU12@ABU__false_type@0@@Z	96	86.0	88.916664	SOURCE_INSDEL	13	False	{'register': 12, 'opcode': 1}	src/system/rndobj/MeshDeform.cpp
default/Synapse_dsp	??$_Destroy_Range@PAVPitchCorrectedVoice@Synapse@DSP@@@stlpmtx_std@@YAXPAVPitchCorrectedVoice@Synapse@DSP@@0@Z	96	53.75	55.416668	SOURCE_INSDEL	16	False	{'register': 4, 'opcode': 1, 'branchdest': 1}	src/system/synth_xbox/Synapse_dsp.cpp
default/MeasureMap	??$__uninitialized_copy@PAVTimeSigChange@MeasureMap@@PAV12@@stlpmtx_std@@YAPAVTimeSigChange@MeasureMap@@PAV12@00ABU__false_type@0@@Z	96	16.916666	19.833334	SOURCE_INSDEL	30	False	{'register': 12, 'branchdest': 2, 'opcode': 2, 'immediate': 4}	src/system/utl/MeasureMap.cpp
default/DrivenPropertyEntry	??$__uninitialized_fill_n@PAVFlowMathOp@@IV1@@stlpmtx_std@@YAPAVFlowMathOp@@PAV1@IABV1@ABU__false_type@0@@Z	96	99.875	99.875	SOURCE_ARG(imm/opcode/branch)	3	True	{'immediate': 3}	src/system/flow/DrivenPropertyEntry.cpp
default/DrivenPropertyEntry	??$__uninitialized_copy@PAVFlowMathOp@@PAV1@@stlpmtx_std@@YAPAVFlowMathOp@@PAV1@00ABU__false_type@0@@Z	96	99.833336	99.833336	SOURCE_ARG(imm/opcode/branch)	4	True	{'immediate': 4}	src/system/flow/DrivenPropertyEntry.cpp
default/BandIKEffector	??$__uninitialized_copy@PBVConstraint@BandIKEffector@@PAV12@@stlpmtx_std@@YAPAVConstraint@BandIKEffector@@PBV12@0PAV12@ABU__false_type@0@@Z	96	86.166664	88.875	SOURCE_INSDEL	13	False	{'register': 11, 'immediate': 1, 'opcode': 1}	src/system/bandobj/BandIKEffector.cpp
default/MidiInstrument	?clear@?$ObjPtrList@VTask@@VObjectDir@@@@QAAXXZ	96	54.458332	55.708332	SOURCE_INSDEL	16	False	{'register': 6, 'immediate': 3, 'opcode': 1}	src/system/synth/MidiInstrument.cpp
default/band3/bandtrack/Gem	??$__destroy_range_aux@V?$reverse_iterator@PAUUnlockable@?A0xf8e4b4b5@@@stlpmtx_std@@@stlpmtx_std@@YAXV?$reverse_iterator@PAUUnlockable@?A0xf8e4b4b5@@@0@0ABU__false_type@0@@Z	96	0.0	0.0	NO_BODY/stub	24	False	{}	src/band3/bandtrack/Gem.cpp
default/band3/bandtrack/Gem	??$__destroy_range_aux@V?$reverse_iterator@PAULabel@?A0x81ddebd1@@@stlpmtx_std@@@stlpmtx_std@@YAXV?$reverse_iterator@PAULabel@?A0x81ddebd1@@@0@0ABU__false_type@0@@Z	96	0.0	0.0	NO_BODY/stub	24	False	{}	src/band3/bandtrack/Gem.cpp
default/band3/game/TrainerGemTab	??$__destroy_range_aux@V?$reverse_iterator@PAVGameGem@@@stlpmtx_std@@@stlpmtx_std@@YAXV?$reverse_iterator@PAVGameGem@@@0@0ABU__false_type@0@@Z	96	0.0	0.8333333	NO_BODY/stub	38	False	{'opcode': 7, 'register': 3, 'immediate': 1}	src/band3/game/TrainerGemTab.cpp
default/band3/meta_band/BandStorePanel	?MakeNewOffer@BandStorePanel@@UAAPAVStoreOffer@@PBVStorePackedOfferBase@@_N@Z	96	60.916668	61.541668	SOURCE_INSDEL	15	False	{'opcode': 2, 'immediate': 3, 'register': 2, 'relocname': 1}	src/band3/meta_band/BandStorePanel.cpp
default/band3/meta_band/StoreMainPanel	??$__destroy_range_aux@V?$reverse_iterator@PAVNewReleaseEntry@StoreMainPanel@@@stlpmtx_std@@@stlpmtx_std@@YAXV?$reverse_iterator@PAVNewReleaseEntry@StoreMainPanel@@@0@0ABU__false_type@0@@Z	96	17.333334	18.791666	SOURCE_INSDEL	30	False	{'register': 6, 'immediate': 4, 'opcode': 9}	src/band3/meta_band/StoreMainPanel.cpp
default/Leaderboard	??$__uninitialized_fill_n@PAVLeaderboardRow@@IV1@@stlpmtx_std@@YAPAVLeaderboardRow@@PAV1@IABV1@ABU__false_type@0@@Z	96	99.75	99.958336	SOURCE_ARG(imm/opcode/branch)	2	True	{'relocname': 1, 'immediate': 1}	src/band3/meta_band/Leaderboard.cpp
default/BandPatchMesh	??0PatchPair@MeshPair@BandPatchMesh@@QAA@PAVObject@Hmx@@@Z	96	33.291668	34.125	SOURCE_INSDEL	20	False	{'opcode': 3, 'register': 4, 'immediate': 1}	src/system/bandobj/BandPatchMesh.cpp
default/BandSongMgr	?SongCacheNeedsWrite@BandSongMgr@@UBA_NXZ	96	88.75	89.166664	SOURCE_INSDEL	5	False	{'opcode': 1, 'register': 1, 'relocname': 1}	src/band3/meta_band/BandSongMgr.cpp
default/SongDB	??$__uninitialized_copy@PAVTrackData@SongDB@@PAV12@@stlpmtx_std@@YAPAVTrackData@SongDB@@PAV12@00ABU__false_type@0@@Z	96	99.708336	99.916664	SOURCE_ARG(imm/opcode/branch)	3	True	{'relocname': 1, 'immediate': 2}	src/band3/game/SongDB.cpp
default/SpeechMgr	??$__uninitialized_fill_n@PAUGrammar@SpeechMgr@@IU12@@stlpmtx_std@@YAPAUGrammar@SpeechMgr@@PAU12@IABU12@ABU__false_type@0@@Z	96	99.666664	99.875	SOURCE_ARG(imm/opcode/branch)	4	True	{'immediate': 3, 'relocname': 1}	src/system/gesture/SpeechMgr.cpp
default/system/synth/OggMap	?Read@OggMap@@QAAXAAVBinStream@@@Z	96	99.958336	99.958336	SOURCE_ARG(imm/opcode/branch)	1	True	{'immediate': 1}	src/system/synth/OggMap.cpp
default/system/ui/UILabelDir	??$__uninitialized_copy@PBVChallengeRow@@PAV1@@stlpmtx_std@@YAPAVChallengeRow@@PBV1@0PAV1@ABU__false_type@0@@Z	96	0.0	0.0	NO_BODY/stub	24	False	{}	src/system/ui/UILabelDir.cpp
default/MeshAnim	?SetTransform@RndShaderMgr@@QAAXABVTransform@@@Z	92	81.652176	82.521736	SOURCE_INSDEL	10	False	{'immediate': 2, 'register': 4}	src/system/rndobj/MeshAnim.cpp
default/MeshAnim	??_G?$Key@V?$vector@VVector3@@V?$StlNodeAlloc@VVector3@@@stlpmtx_std@@@stlpmtx_std@@@@QAAPAXI@Z	92	72.304344	72.95652	SOURCE_INSDEL	10	False	{'register': 2, 'immediate': 2, 'opcode': 1, 'branchdest': 1, 'relocname': 1}	src/system/rndobj/MeshAnim.cpp
default/system/rndobj/Rnd	?Intensity@RndLight@@QBAMXZ	92	0.0	2.173913	NO_BODY/stub	32	False	{'opcode': 6, 'register': 10, 'immediate': 6}	src/system/rndobj/Rnd.cpp
default/system/rndobj/Utl	?_M_erase@?$vector@VCartRow@@V?$StlNodeAlloc@VCartRow@@@stlpmtx_std@@@stlpmtx_std@@IAAPAVCartRow@@PAV3@0ABU__false_type@2@@Z	92	0.0	0.0	NO_BODY/stub	23	False	{}	src/system/rndobj/Utl.cpp
default/AmbientOcclusion	?_M_erase@?$vector@VTriangle@@V?$StlNodeAlloc@VTriangle@@@stlpmtx_std@@@stlpmtx_std@@IAAPAVTriangle@@PAV3@0ABU__false_type@2@@Z	92	95.434784	95.434784	SOURCE_INSDEL	2	False	{}	src/system/rndobj/AmbientOcclusion.cpp
default/Rnd_NG	??$MakeString@HH@@YAPBDPBDHH@Z	92	58.391304	59.913044	SOURCE_INSDEL	16	False	{'immediate': 2, 'register': 6, 'opcode': 2, 'relocname': 1}	src/system/rndobj/Rnd_NG.cpp
default/FileCache	?erase@?$list@PAVFileCache@@V?$StlNodeAlloc@PAVFileCache@@@stlpmtx_std@@@stlpmtx_std@@QAA?AU?$_List_iterator@PAVFileCache@@U?$_Nonconst_traits@PAVFileCache@@@stlpmtx_std@@@2@U32@0@Z	92	0.0	2.826087	NO_BODY/stub	33	False	{'opcode': 7, 'register': 10, 'immediate': 2}	src/system/os/FileCache.cpp
default/Spotlight	??$?5UColorSet@@V?$StlNodeAlloc@UColorSet@@@stlpmtx_std@@@@YAAAVBinStreamRev@@AAV0@AAV?$vector@UColorSet@@V?$StlNodeAlloc@UColorSet@@@stlpmtx_std@@@stlpmtx_std@@@Z	92	86.82609	86.82609	SOURCE_INSDEL	6	False	{'immediate': 3}	src/system/world/Spotlight.cpp
default/Rnd_Xbox	?Fill@DxMesh@@IAAXPAVVert@RndMesh@@0@Z	92	0.0	0.0	NO_BODY/stub	23	False	{}	src/system/rnddx9/Rnd_Xbox.cpp
default/JoypadMsgs	?_M_insert_overflow_aux@?$vector@U?$pair@PBVMoveVariant@@PBV1@@stlpmtx_std@@V?$StlNodeAlloc@U?$pair@PBVMoveVariant@@PBV1@@stlpmtx_std@@@2@@stlpmtx_std@@IAAXPAU?$pair@PBVMoveVariant@@PBV1@@2@ABU32@ABU__false_type@2@I_N@Z	92	0.0	3.4782608	NO_BODY/stub	99	False	{'register': 13, 'immediate': 5, 'opcode': 11, 'relocname': 1}	src/system/os/JoypadMsgs.cpp
default/band3/meta_band/StoreOfferProvider	?PosToNextGroupPos@StoreOfferProvider@@QAAHH@Z	92	93.17391	97.08696	SOURCE_ARG(imm/opcode/branch)	13	False	{'register': 14, 'immediate': 3, 'relocname': 1, 'opcode': 1, 'branchdest': 1}	src/band3/meta_band/StoreOfferProvider.cpp
default/BandPatchMesh	?resize@?$vector@VMeshFace@BandPatchMesh@@V?$StlNodeAlloc@VMeshFace@BandPatchMesh@@@stlpmtx_std@@@stlpmtx_std@@QAAXIABVMeshFace@BandPatchMesh@@@Z	92	12.521739	13.826087	SOURCE_INSDEL	28	False	{'opcode': 13, 'register': 5, 'immediate': 2, 'relocname': 1}	src/system/bandobj/BandPatchMesh.cpp
default/StandardStream	?erase@?$vector@UJumpInstance@@V?$StlNodeAlloc@UJumpInstance@@@stlpmtx_std@@@stlpmtx_std@@QAAPAUJumpInstance@@PAU3@0@Z	92	21.47826	22.347826	SOURCE_INSDEL	24	False	{'register': 3, 'opcode': 8, 'immediate': 1}	src/system/synth/StandardStream.cpp
default/GemManager	?erase@?$vector@VLine@RndText@@V?$StlNodeAlloc@VLine@RndText@@@stlpmtx_std@@@stlpmtx_std@@QAAPAVLine@RndText@@PAV34@0@Z	92	0.0	0.8695652	NO_BODY/stub	32	False	{'register': 2, 'immediate': 1}	src/band3/bandtrack/GemManager.cpp
default/Campaign	?_M_create_node@?$_Rb_tree@VSymbol@@U?$less@VSymbol@@@stlpmtx_std@@U?$pair@$$CBVSymbol@@V1@@3@U?$_Select1st@U?$pair@$$CBVSymbol@@V1@@stlpmtx_std@@@3@U?$_MapTraitsT@U?$pair@$$CBVSymbol@@V1@@stlpmtx_std@@@priv@3@V?$StlNodeAlloc@U?$pair@$$CBVSymbol@@V1@@stlpmtx_std@@@3@@stlpmtx_std@@IAAPAU_Rb_tree_node_base@2@ABU?$pair@$$CBVSymbol@@V1@@2@@Z	92	0.0	0.0	NO_BODY/stub	23	False	{}	src/band3/meta_band/Campaign.cpp
default/ProfileMgr	?GetSongToTaskMgrMs@ProfileMgr@@QBAMW4LagContext@@@Z	92	9.565217	9.565217	SOURCE_INSDEL	22	False	{'opcode': 3}	src/band3/meta_band/ProfileMgr.cpp
default/system/beatmatch/GameGem	?IsRealGuitarChord@GameGem@@QBA_NXZ	92	99.95652	99.95652	SOURCE_ARG(imm/opcode/branch)	1	True	{'immediate': 1}	src/system/beatmatch/GameGem.cpp
default/system/gesture/DrawUtl	?CreateCameraBufferMat@@YAPAVRndMat@@HHW4Type@RndTex@@@Z	92	0.0	3.4782608	NO_BODY/stub	38	False	{'relocname': 4, 'immediate': 2, 'register': 12, 'opcode': 2}	src/system/gesture/DrawUtl.cpp
default/MasterAudio	?SetButtonMashingMode@MasterAudio@@QAAXH_N@Z	88	86.5	88.09091	CODEGEN_ORDERING	8	True	{'register': 7, 'immediate': 2, 'opcode': 1}	src/system/beatmatch/MasterAudio.cpp
default/FocusTracker	??$_M_find@H@?$_Rb_tree@HU?$less@H@stlpmtx_std@@U?$pair@$$CBHVSongStatus@@@2@U?$_Select1st@U?$pair@$$CBHVSongStatus@@@stlpmtx_std@@@2@U?$_MapTraitsT@U?$pair@$$CBHVSongStatus@@@stlpmtx_std@@@priv@2@V?$StlNodeAlloc@U?$pair@$$CBHVSongStatus@@@stlpmtx_std@@@2@@stlpmtx_std@@ABAPAU_Rb_tree_node_base@1@ABH@Z	88	0.0	0.0	NO_BODY/stub	22	False	{}	src/band3/game/FocusTracker.cpp
default/OvershellSlot	?clear@?$_List_base@PAVPassiveMessage@@V?$StlNodeAlloc@PAVPassiveMessage@@@stlpmtx_std@@@stlpmtx_std@@QAAXXZ	88	40.409092	42.227272	SOURCE_INSDEL	23	False	{'register': 6, 'immediate': 6, 'opcode': 1, 'relocname': 1}	src/band3/meta_band/OvershellSlot.cpp
default/system/rndobj/Utl	?StaticClassName@DxLight@@SA?AVSymbol@@XZ	88	0.0	0.0	NO_BODY/stub	22	False	{}	src/system/rndobj/Utl.cpp
default/RenderState	?SetBorderColor@RndRenderState@@QAAXI_N@Z	88	77.045456	78.181816	SOURCE_INSDEL	11	False	{'opcode': 3, 'register': 5}	src/system/rnddx9/RenderState.cpp
default/system/obj/Dir	??$remove_copy_if@PAVFilePath@@PAV1@P6A_NABV1@@Z@stlpmtx_std@@YAPAVFilePath@@PAV1@00P6A_NABV1@@Z@Z	88	87.181816	87.181816	SOURCE_INSDEL	6	False	{'opcode': 3, 'immediate': 2}	src/system/obj/Dir.cpp
default/system/obj/Dir	??$remove_if@PAVFilePath@@P6A_NABV1@@Z@stlpmtx_std@@YAPAVFilePath@@PAV1@0P6A_NABV1@@Z@Z	88	99.954544	99.954544	SOURCE_ARG(imm/opcode/branch)	1	True	{'immediate': 1}	src/system/obj/Dir.cpp
default/Char	?StaticClassName@CharTransCopy@@SA?AVSymbol@@XZ	88	0.0	0.0	NO_BODY/stub	22	False	{}	src/system/char/Char.cpp
default/HamCamTransform	??$?5UConstraintSystem@CharBlendBone@@@@YAAAVBinStream@@AAVBinStreamRev@@AAV?$ObjVector@UConstraintSystem@CharBlendBone@@@@@Z	88	0.0	0.0	NO_BODY/stub	22	False	{}	src/system/hamobj/HamCamTransform.cpp
default/CharMeshHide	??$?5VHide@CharMeshHide@@@@YAAAVBinStream@@AAVBinStreamRev@@AAV?$ObjVector@VHide@CharMeshHide@@@@@Z	88	0.0	0.0	NO_BODY/stub	22	False	{}	src/system/char/CharMeshHide.cpp
default/CharIKHand	??$?5UIKTarget@CharIKHand@@@@YAAAVBinStream@@AAVBinStreamRev@@AAV?$ObjVector@UIKTarget@CharIKHand@@@@@Z	88	0.0	0.0	NO_BODY/stub	22	False	{}	src/system/char/CharIKHand.cpp
default/UILabel	?AsyncStop@CBaseSkin@LEAPCORE@@AAAXPAUCommand@2@@Z	88	0.0	0.0	NO_BODY/stub	22	False	{}	src/system/ui/UILabel.cpp
default/TypeProps	??E?$ObjDirItr@VObjectDir@@@@QAAAAV0@XZ	88	78.318184	80.36364	SOURCE_INSDEL	14	False	{'immediate': 7, 'opcode': 2, 'register': 7, 'relocname': 1}	src/system/obj/TypeProps.cpp
default/SpotlightDrawer	?DrawAdditional@SpotlightDrawer@@MAAXPAVSpotlightEntry@1@ABQAV21@@Z	88	61.409092	65.27273	SOURCE_INSDEL	22	False	{'relocname': 2, 'immediate': 4, 'register': 15, 'opcode': 1}	src/system/world/SpotlightDrawer.cpp
default/band3/meta_band/MusicLibraryNetSetlists	?clear@?$_List_base@VSetlistArtRecord@MusicLibraryNetSetlists@@V?$StlNodeAlloc@VSetlistArtRecord@MusicLibraryNetSetlists@@@stlpmtx_std@@@stlpmtx_std@@QAAXXZ	88	99.954544	99.954544	SOURCE_ARG(imm/opcode/branch)	1	True	{'immediate': 1}	src/band3/meta_band/MusicLibraryNetSetlists.cpp
default/Msg	??$_M_find@VSymbol@@@?$_Rb_tree@VSymbol@@U?$less@VSymbol@@@stlpmtx_std@@U?$pair@$$CBVSymbol@@_N@3@U?$_Select1st@U?$pair@$$CBVSymbol@@_N@stlpmtx_std@@@3@U?$_MapTraitsT@U?$pair@$$CBVSymbol@@_N@stlpmtx_std@@@priv@3@V?$StlNodeAlloc@U?$pair@$$CBVSymbol@@_N@stlpmtx_std@@@3@@stlpmtx_std@@ABAPAU_Rb_tree_node_base@1@ABVSymbol@@@Z	88	0.0	0.0	NO_BODY/stub	22	False	{}	src/system/obj/Msg.cpp
default/MidiReader	?DefaultMidiLess@?A0x7d41cf68@@YA_NABUMidi@MidiReader@@0@Z	88	76.27273	77.181816	SOURCE_INSDEL	11	False	{'immediate': 2, 'register': 4}	src/system/midi/MidiReader.cpp
default/CharEyes	??$?5UEyeDesc@CharEyes@@@@YAAAVBinStream@@AAVBinStreamRev@@AAV?$ObjVector@UEyeDesc@CharEyes@@@@@Z	88	0.0	0.0	NO_BODY/stub	22	False	{}	src/system/char/CharEyes.cpp
default/DataFile	?GetDataResultValue@DataResult@@QBA_NVString@@AAVDataNode@@@Z	88	0.0	0.0	NO_BODY/stub	22	False	{}	src/system/obj/DataFile.cpp
default/system/rnddx9/ShaderMgr	?StaticClassName@DxTex@@SA?AVSymbol@@XZ	88	0.0	0.0	NO_BODY/stub	22	False	{}	src/system/rnddx9/ShaderMgr.cpp
default/BustAMoveData	??$?5VBAMPhrase@@V?$StlNodeAlloc@VBAMPhrase@@@stlpmtx_std@@@@YAAAVBinStreamRev@@AAV0@AAV?$vector@VBAMPhrase@@V?$StlNodeAlloc@VBAMPhrase@@@stlpmtx_std@@@stlpmtx_std@@@Z	88	74.27273	74.5	SOURCE_INSDEL	8	False	{'opcode': 1, 'relocname': 1, 'immediate': 1}	src/system/hamobj/BustAMoveData.cpp
default/CharDriverMidi	??_GCharDriverMidi@@UAAPAXI@Z	88	57.909092	59.954544	SOURCE_INSDEL	18	False	{'opcode': 3, 'register': 7, 'immediate': 1, 'relocname': 2}	src/system/char/CharDriverMidi.cpp
default/UISlider	?PostLoad@UISlider@@UAAXAAVBinStream@@@Z	88	0.0	3.1818182	NO_BODY/stub	48	False	{'relocname': 3, 'immediate': 3, 'register': 10, 'opcode': 3}	src/system/ui/UISlider.cpp
default/MultiTempoTempoMap	?PointForTime@MultiTempoTempoMap@@ABAPBUTempoInfoPoint@1@M@Z	88	99.818184	99.818184	SOURCE_ARG(imm/opcode/branch)	4	True	{'immediate': 4}	src/system/utl/MultiTempoTempoMap.cpp
default/Accomplishment	??_E__non_rtti_object@std@@UAAPAXI@Z	88	0.0	0.0	NO_BODY/stub	22	False	{}	src/band3/meta_band/Accomplishment.cpp
default/band3/bandtrack/TrackPanel	?Type@ProfilePictureFetchedMsg@@SA?AVSymbol@@XZ	88	0.0	0.0	NO_BODY/stub	22	False	{}	src/band3/bandtrack/TrackPanel.cpp
default/band3/game/TrainerGemTab	?Render@TrainerGemTab@@QAAXHHMMH@Z	88	0.0	4.090909	NO_BODY/stub	195	False	{'opcode': 11, 'register': 15, 'immediate': 8}	src/band3/game/TrainerGemTab.cpp
default/band3/meta_band/SongSort	?AllowedToAccessContent@@YA_NH@Z	88	11.590909	12.727273	SOURCE_INSDEL	23	False	{'opcode': 2, 'register': 5}	src/band3/meta_band/SongSort.cpp
default/TourProgress	?GetNextCity@TourProgress@@QBA?AVSymbol@@XZ	88	67.72727	67.954544	SOURCE_INSDEL	9	False	{'relocname': 1}	src/band3/tour/TourProgress.cpp
default/BandSongMgr	?GetNumVocalParts@BandSongMgr@@QBAHVSymbol@@@Z	88	85.0	86.13636	SOURCE_INSDEL	10	False	{'register': 5, 'immediate': 5}	src/band3/meta_band/BandSongMgr.cpp
default/SongDB	?PostLoad@SongDB@@QAAXPAVDataEventList@@@Z	88	84.36364	86.181816	SOURCE_INSDEL	12	False	{'register': 8, 'immediate': 4}	src/band3/game/SongDB.cpp
default/band3/meta_band/ModifierMgr	??_ESessionMgr@@UAAPAXI@Z	84	0.0	0.0	NO_BODY/stub	21	False	{}	src/band3/meta_band/ModifierMgr.cpp
default/BandCharacter	??$__uninitialized_copy@PAVRangeShift@GemTrack@@PAV12@@stlpmtx_std@@YAPAVRangeShift@GemTrack@@PAV12@00ABU__false_type@0@@Z	84	4.1904764	5.6190476	SOURCE_INSDEL	28	False	{'opcode': 3, 'immediate': 2, 'register': 5, 'branchdest': 1}	src/system/bandobj/BandCharacter.cpp
default/QuestFilterPanel	??_GQuestFilterPanel@@UAAPAXI@Z	84	90.2381	90.47619	SOURCE_INSDEL	3	False	{'relocname': 1}	src/band3/tour/QuestFilterPanel.cpp
default/NetCacheMgr_Xbox	??1NetCacheMgrXbox@@UAA@XZ	84	84.90476	85.61905	SOURCE_INSDEL	6	False	{'register': 2, 'immediate': 2, 'relocname': 1}	src/system/utl/NetCacheMgr_Xbox.cpp
default/MeshAnim	??1AccomplishmentConditional@@UAA@XZ	84	84.666664	85.61905	SOURCE_INSDEL	7	False	{'register': 2, 'immediate': 2, 'relocname': 2}	src/system/rndobj/MeshAnim.cpp
default/UI	??_GChooseProfilePanel@@UAAPAXI@Z	84	0.0	0.0	NO_BODY/stub	21	False	{}	src/system/ui/UI.cpp
default/system/synth_xbox/Synth	??$__uninitialized_copy@PAUXAUDIO2_SEND_DESCRIPTOR@@PAU1@@stlpmtx_std@@YAPAUXAUDIO2_SEND_DESCRIPTOR@@PAU1@00ABU__false_type@0@@Z	84	47.142857	49.285713	SOURCE_INSDEL	19	False	{'opcode': 6, 'register': 8}	src/system/synth_xbox/Synth.cpp
default/UILabel	?AsyncStart@CBaseSkin@LEAPCORE@@AAAXXZ	84	0.0	0.0	NO_BODY/stub	21	False	{}	src/system/ui/UILabel.cpp
default/TypeProps	?InsertArrayValue@TypeProps@@QAAXVSymbol@@HABVDataNode@@@Z	84	16.666666	18.095238	SOURCE_INSDEL	22	False	{'opcode': 2, 'register': 6}	src/system/obj/TypeProps.cpp
default/Morph	??$__uninitialized_copy@PAVMoveFrame@@PAV1@@stlpmtx_std@@YAPAVMoveFrame@@PAV1@00ABU__false_type@0@@Z	84	3.952381	5.6190476	SOURCE_INSDEL	29	False	{'opcode': 3, 'immediate': 2, 'register': 5, 'branchdest': 1, 'relocname': 1}	src/system/rndobj/Morph.cpp
default/Crowd	??0Char3D@CharData@WorldCrowd@@QAA@ABU012@@Z	84	15.333333	17.0	SOURCE_INSDEL	27	False	{'opcode': 4, 'immediate': 3, 'register': 6, 'relocname': 1}	src/system/world/Crowd.cpp
default/UIList	??$__destroy_mv_srcs@PAV?$vector@VVector3@@V?$StlNodeAlloc@VVector3@@@stlpmtx_std@@@stlpmtx_std@@V12@@stlpmtx_std@@YAXPAV?$vector@VVector3@@V?$StlNodeAlloc@VVector3@@@stlpmtx_std@@@0@00@Z	84	99.71429	99.95238	SOURCE_ARG(imm/opcode/branch)	2	True	{'relocname': 1, 'immediate': 1}	src/system/ui/UIList.cpp
default/MakeString	??0FormatString@@QAA@PBD@Z	84	89.90476	90.38095	SOURCE_INSDEL	4	False	{'register': 2, 'immediate': 2}	src/system/utl/MakeString.cpp
default/Song	?_M_create_node@?$_Rb_tree@HU?$less@H@stlpmtx_std@@U?$pair@$$CBHVSymbol@@@2@U?$_Select1st@U?$pair@$$CBHVSymbol@@@stlpmtx_std@@@2@U?$_MapTraitsT@U?$pair@$$CBHVSymbol@@@stlpmtx_std@@@priv@2@V?$StlNodeAlloc@U?$pair@$$CBHVSymbol@@@stlpmtx_std@@@2@@stlpmtx_std@@IAAPAU_Rb_tree_node_base@2@ABU?$pair@$$CBHVSymbol@@@2@@Z	84	94.28571	94.28571	SOURCE_ARG(imm/opcode/branch)	2	False	{'opcode': 2}	src/system/utl/Song.cpp
default/NetCacheMgr	??0NetLoaderRef@@QAA@ABU0@@Z	84	46.142857	46.61905	SOURCE_INSDEL	14	False	{'opcode': 2, 'relocname': 1, 'register': 1, 'immediate': 1}	src/system/utl/NetCacheMgr.cpp
default/Rnd_Xbox	??1CSequentialReadMem@NUISPEECH@@UAA@XZ	84	0.0	0.0	NO_BODY/stub	21	False	{}	src/system/rnddx9/Rnd_Xbox.cpp
default/StorePanel	??_ECharServoBone@@UAAPAXI@Z	84	0.0	0.0	NO_BODY/stub	21	False	{}	src/system/meta/StorePanel.cpp
default/band3/meta_band/NewAwardPanel	??_GNewAwardPanel@@UAAPAXI@Z	84	90.2381	90.47619	SOURCE_INSDEL	3	False	{'relocname': 1}	src/band3/meta_band/NewAwardPanel.cpp
default/GameMicManager	??_EGameMicManager@@UAAPAXI@Z	84	0.0	0.0	NO_BODY/stub	21	False	{}	src/band3/game/GameMicManager.cpp
default/MetaPerformer	??_EBandSongMgr@@UAAPAXI@Z	84	0.0	0.0	NO_BODY/stub	21	False	{}	src/band3/meta_band/MetaPerformer.cpp
default/TrackWatcherImpl	??$adjacent_find@PA_KU?$equal_to@_K@stlpmtx_std@@@stlpmtx_std@@YAPA_KPA_K0U?$equal_to@_K@0@@Z	84	0.0	0.0	NO_BODY/stub	21	False	{}	src/system/beatmatch/TrackWatcherImpl.cpp
default/TrackWatcherImpl	??$__unguarded_insertion_sort_aux@PA_K_KU?$less@_K@stlpmtx_std@@@stlpmtx_std@@YAXPA_K00U?$less@_K@0@@Z	84	0.0	0.0	NO_BODY/stub	21	False	{}	src/system/beatmatch/TrackWatcherImpl.cpp
default/DuplicatedObject	?IsInDuplicationSet@DuplicatedObject@Quazal@@QBA_NVDOHandle@2@@Z	84	1.2380953	6.0	SOURCE_INSDEL	34	False	{'immediate': 14, 'register': 20, 'opcode': 1}	src/network/ObjDup/DuplicatedObject.cpp
default/CampaignSongInfoPanel	?Unload@CampaignSongInfoPanel@@UAAXXZ	84	99.90476	99.90476	SOURCE_ARG(imm/opcode/branch)	2	True	{'immediate': 2}	src/band3/meta_band/CampaignSongInfoPanel.cpp
default/Cam	?_outline_SetFrustum@@YAXPAVRndCam@@MMMM@Z	84	0.0	1.6666666	NO_BODY/stub	30	False	{'opcode': 7, 'register': 7, 'immediate': 5}	src/system/rndobj/Cam.cpp
default/ClipDistMap	??$__destroy_range@PAUDistEntry@@U1@@stlpmtx_std@@YAXPAUDistEntry@@00@Z	84	99.71429	99.95238	SOURCE_ARG(imm/opcode/branch)	2	True	{'relocname': 1, 'immediate': 1}	src/system/char/ClipDistMap.cpp
default/system/utl/DeJitter	?NewMs@DeJitter@@QAAMMAAM@Z	84	0.0	5.2380953	NO_BODY/stub	122	False	{'immediate': 5, 'register': 15, 'relocname': 2, 'opcode': 5}	src/system/utl/DeJitter.cpp
default/BandWardrobe	?SyncVignetteInterest@BandWardrobe@@QAAXH@Z	80	93.5	95.0	SOURCE_INSDEL	5	False	{'register': 6}	src/system/bandobj/BandWardrobe.cpp
default/Rand	?Seed@Rand@@QAAXH@Z	80	82.25	84.0	SOURCE_INSDEL	9	False	{'register': 7, 'opcode': 2}	src/system/math/Rand.cpp
default/MeshAnim	??$__destroy_range@PAV?$Key@V?$vector@VColor@Hmx@@V?$StlNodeAlloc@VColor@Hmx@@@stlpmtx_std@@@stlpmtx_std@@@@V1@@stlpmtx_std@@YAXPAV?$Key@V?$vector@VColor@Hmx@@V?$StlNodeAlloc@VColor@Hmx@@@stlpmtx_std@@@stlpmtx_std@@@@00@Z	80	91.7	91.95	SOURCE_INSDEL	4	False	{'opcode': 1, 'relocname': 1, 'immediate': 1}	src/system/rndobj/MeshAnim.cpp
default/system/synth_xbox/Synth	??$__uninitialized_fill_n@PAUXAUDIO2_SEND_DESCRIPTOR@@IU1@@stlpmtx_std@@YAPAUXAUDIO2_SEND_DESCRIPTOR@@PAU1@IABU1@ABU__false_type@0@@Z	80	40.75	42.0	SOURCE_INSDEL	17	False	{'opcode': 6, 'register': 5}	src/system/synth_xbox/Synth.cpp
default/HamCamTransform	??$_Destroy_Range@PAUNavItem@HamNavProvider@@@stlpmtx_std@@YAXPAUNavItem@HamNavProvider@@0@Z	80	99.7	99.95	SOURCE_ARG(imm/opcode/branch)	2	True	{'relocname': 1, 'immediate': 1}	src/system/hamobj/HamCamTransform.cpp
default/HamCamTransform	??$_Destroy_Range@PAUCharInterestState@CharEyes@@@stlpmtx_std@@YAXPAUCharInterestState@CharEyes@@0@Z	80	99.95	99.95	SOURCE_ARG(imm/opcode/branch)	1	True	{'immediate': 1}	src/system/hamobj/HamCamTransform.cpp
default/HamCamTransform	??0TransformArea@@QAA@ABV0@@Z	80	13.55	14.8	SOURCE_INSDEL	22	False	{'relocname': 1, 'register': 4, 'immediate': 4}	src/system/hamobj/HamCamTransform.cpp
default/Character	??$_Destroy_Range@PAULod@Character@@@stlpmtx_std@@YAXPAULod@Character@@0@Z	80	99.7	99.95	SOURCE_ARG(imm/opcode/branch)	2	True	{'relocname': 1, 'immediate': 1}	src/system/char/Character.cpp
default/Flow	??$__destroy_range@PAUDynamicPropertyEntry@Flow@@U12@@stlpmtx_std@@YAXPAUDynamicPropertyEntry@Flow@@00@Z	80	99.7	99.95	SOURCE_ARG(imm/opcode/branch)	2	True	{'relocname': 1, 'immediate': 1}	src/system/flow/Flow.cpp
default/SongLayout	??$__destroy_range_aux@V?$reverse_iterator@PAVSongPattern@@@stlpmtx_std@@@stlpmtx_std@@YAXV?$reverse_iterator@PAVSongPattern@@@0@0ABU__false_type@0@@Z	80	39.45	41.45	SOURCE_INSDEL	17	False	{'register': 4, 'opcode': 1, 'branchdest': 1}	src/system/hamobj/SongLayout.cpp
default/HamListRibbon	??_GHamListRibbon@@UAAPAXI@Z	80	99.7	99.95	SOURCE_ARG(imm/opcode/branch)	2	True	{'immediate': 1, 'relocname': 1}	src/system/hamobj/HamListRibbon.cpp
default/CharIKHand	??$_Destroy_Range@PAUIKTarget@CharIKHand@@@stlpmtx_std@@YAXPAUIKTarget@CharIKHand@@0@Z	80	99.7	99.95	SOURCE_ARG(imm/opcode/branch)	2	True	{'relocname': 1, 'immediate': 1}	src/system/char/CharIKHand.cpp
default/MoveMgr	?OnRandomSeed@CameraManager@@AAA?AVDataNode@@PAVDataArray@@@Z	80	82.15	83.9	SOURCE_INSDEL	13	False	{'immediate': 3, 'register': 6, 'opcode': 2, 'relocname': 1}	src/system/hamobj/MoveMgr.cpp
default/Watcher	??$__destroy_range@PAU?$pair@PAVDataArray@@VDataNode@@@stlpmtx_std@@U12@@stlpmtx_std@@YAXPAU?$pair@PAVDataArray@@VDataNode@@@0@00@Z	80	94.45	94.95	SOURCE_INSDEL	4	False	{'relocname': 1, 'immediate': 1}	src/system/rndobj/Watcher.cpp
default/MeterDisplay	??_GMeterDisplay@@UAAPAXI@Z	80	99.45	99.95	SOURCE_ARG(imm/opcode/branch)	3	True	{'immediate': 1, 'relocname': 2}	src/system/hamobj/MeterDisplay.cpp
default/WaveFile	??$_M_allocate_and_copy@PAVVector2@@@?$vector@VVector2@@V?$StlNodeAlloc@VVector2@@@stlpmtx_std@@@stlpmtx_std@@IAAPAVVector2@@IPAV2@0@Z	80	12.4	15.9	SOURCE_INSDEL	29	False	{'relocname': 3, 'immediate': 2, 'register': 11, 'opcode': 3}	src/system/utl/WaveFile.cpp
default/PropKeys	??$_Destroy_Range@PAUEntry@LocalePanel@@@stlpmtx_std@@YAXPAUEntry@LocalePanel@@0@Z	80	96.7	96.95	SOURCE_ARG(imm/opcode/branch)	3	False	{'opcode': 1, 'relocname': 1, 'immediate': 1}	src/system/rndobj/PropKeys.cpp
default/MidiReader	?pow@@YAMMH@Z	80	83.25	85.0	SOURCE_INSDEL	8	False	{'register': 7, 'relocname': 1}	src/system/midi/MidiReader.cpp
default/DataPointMgr	?GameModeTerminate@@YAXXZ	80	0.0	0.0	NO_BODY/stub	20	False	{}	src/system/utl/DataPointMgr.cpp
default/system/rnddx9/ShaderMgr	?Compress@DxTex@@UAAXW4AlphaCompress@RndTex@@@Z	80	0.0	0.0	NO_BODY/stub	20	False	{}	src/system/rnddx9/ShaderMgr.cpp
default/system/rnddx9/ShaderMgr	?TexelsPitch@DxTex@@UBAIXZ	80	0.0	0.0	NO_BODY/stub	20	False	{}	src/system/rnddx9/ShaderMgr.cpp
default/ScreenMask	??_GRndScreenMask@@UAAPAXI@Z	80	99.45	99.95	SOURCE_ARG(imm/opcode/branch)	3	True	{'immediate': 1, 'relocname': 2}	src/system/rndobj/ScreenMask.cpp
default/Screenshot	??_ERndDrawable@@UAAPAXI@Z	80	0.0	0.0	NO_BODY/stub	20	False	{}	src/system/ui/Screenshot.cpp
default/CharFeedback	??_GCharFeedback@@UAAPAXI@Z	80	99.45	99.95	SOURCE_ARG(imm/opcode/branch)	3	True	{'immediate': 1, 'relocname': 2}	src/system/hamobj/CharFeedback.cpp
default/MidiInstrument	?Start@NoteVoiceInst@@UAAXXZ	80	43.0	44.75	SOURCE_INSDEL	19	False	{'register': 7, 'immediate': 5}	src/system/synth/MidiInstrument.cpp
default/Ribbon	??_GRndRibbon@@UAAPAXI@Z	80	99.7	99.95	SOURCE_ARG(imm/opcode/branch)	2	True	{'immediate': 1, 'relocname': 1}	src/system/rndobj/Ribbon.cpp
default/band3/game/RGTrainerPanel	?Poll@RGTrainerPanel@@UAAXXZ	80	59.7	59.95	SOURCE_INSDEL	10	False	{'immediate': 1, 'branchdest': 1}	src/band3/game/RGTrainerPanel.cpp
default/band3/game/Stats	??$__destroy_range@PAUFrame@RhythmDetector@@U12@@stlpmtx_std@@YAXPAUFrame@RhythmDetector@@00@Z	80	91.7	91.95	SOURCE_INSDEL	4	False	{'opcode': 1, 'relocname': 1, 'immediate': 1}	src/band3/game/Stats.cpp
default/band3/meta_band/AssetProvider	??$__insertion_sort@PAPAVUIListWidget@@PAV1@UWidgetDrawSort@?A0x530db9db@@@stlpmtx_std@@YAXPAPAVUIListWidget@@00UWidgetDrawSort@?A0x530db9db@@@Z	80	0.0	0.0	NO_BODY/stub	20	False	{}	src/band3/meta_band/AssetProvider.cpp
default/Leaderboard	??$_Destroy_Range@PAVLeaderboardRow@@@stlpmtx_std@@YAXPAVLeaderboardRow@@0@Z	80	99.95	99.95	SOURCE_ARG(imm/opcode/branch)	1	True	{'immediate': 1}	src/band3/meta_band/Leaderboard.cpp
default/MetaPanel	?IsLoaded@MetaPanel@@UBA_NXZ	80	90.0	90.0	SOURCE_INSDEL	2	False	{}	src/band3/meta_band/MetaPanel.cpp
default/UIEventMgr	?Terminate@UIEventMgr@@SAXXZ	80	83.45	84.95	SOURCE_INSDEL	7	False	{'register': 6, 'relocname': 1, 'immediate': 1}	src/band3/meta_band/UIEventMgr.cpp
default/RockCentral	??_GBinStream@@UAAPAXI@Z	76	0.0	0.0	NO_BODY/stub	19	False	{}	src/band3/net_band/RockCentral.cpp
default/BandCamShot	??_GBandConfiguration@@UAAPAXI@Z	76	0.0	0.0	NO_BODY/stub	19	False	{}	src/system/bandobj/BandCamShot.cpp
default/BandWardrobe	?SyncEnableBlinks@BandWardrobe@@QAAXH@Z	76	93.1579	94.73684	SOURCE_INSDEL	5	False	{'register': 6}	src/system/bandobj/BandWardrobe.cpp
default/TrackPanelDir	??_G?$ObjPtr@VGemTrackDir@@@@UAAPAXI@Z	76	0.0	0.0	NO_BODY/stub	19	False	{}	src/system/bandobj/TrackPanelDir.cpp
default/MusicLibrary	??_GSetUserDifficultyMsg@@UAAPAXI@Z	76	65.52631	66.31579	SOURCE_INSDEL	11	False	{'register': 2, 'opcode': 4, 'relocname': 1}	src/band3/meta_band/MusicLibrary.cpp
default/StreakMeter	??_G?$ObjPtr@VSequence@@@@UAAPAXI@Z	76	0.0	0.0	NO_BODY/stub	19	False	{}	src/system/bandobj/StreakMeter.cpp
default/CharClip	?_M_create_node@?$_Rb_tree@HU?$less@H@stlpmtx_std@@U?$pair@$$CBHM@2@U?$_Select1st@U?$pair@$$CBHM@stlpmtx_std@@@2@U?$_MapTraitsT@U?$pair@$$CBHM@stlpmtx_std@@@priv@2@V?$StlNodeAlloc@U?$pair@$$CBHM@stlpmtx_std@@@2@@stlpmtx_std@@IAAPAU_Rb_tree_node_base@2@ABU?$pair@$$CBHM@2@@Z	76	89.42105	89.42105	SOURCE_INSDEL	3	False	{'immediate': 1}	src/system/char/CharClip.cpp
default/CharClipGroup	?HasClip@CharClipGroup@@QBA_NPAVCharClip@@@Z	76	0.0	1.3157895	NO_BODY/stub	27	False	{'opcode': 8, 'register': 5, 'immediate': 1}	src/system/char/CharClipGroup.cpp
default/UI	?NewObject@UIPanel@@SAPAVObject@Hmx@@XZ	76	68.36842	68.36842	SOURCE_INSDEL	7	False	{'immediate': 1}	src/system/ui/UI.cpp
default/HamCamTransform	?Load@TransformCrowd@@QAAXAAVBinStream@@@Z	76	77.57895	78.89474	SOURCE_INSDEL	9	False	{'register': 3, 'immediate': 1, 'relocname': 2}	src/system/hamobj/HamCamTransform.cpp
default/Character	??_G?$ObjOwnerPtr@VCharInterest@@@@UAAPAXI@Z	76	0.0	0.0	NO_BODY/stub	19	False	{}	src/system/char/Character.cpp
default/band3/tour/GigFilter	??_GQuestJournal@@UAAPAXI@Z	76	0.0	0.0	NO_BODY/stub	19	False	{}	src/band3/tour/GigFilter.cpp
default/PropKeys	?Release@DataArray@@QAAXXZ	76	0.0	0.0	NO_BODY/stub	19	False	{}	src/system/rndobj/PropKeys.cpp
default/CameraManager	??_GCameraManager@@UAAPAXI@Z	76	94.210526	94.73684	SOURCE_INSDEL	3	False	{'register': 1, 'relocname': 1}	src/system/world/CameraManager.cpp
default/system/rndobj/CubeTex	??_G?$ObjPtr@VRndEnviron@@@@UAAPAXI@Z	76	0.0	0.0	NO_BODY/stub	19	False	{}	src/system/rndobj/CubeTex.cpp
default/MemcardMgr_Xbox	?SetPadContext@PlatformMgr@@QBAXHHH@Z	76	0.0	0.0	NO_BODY/stub	19	False	{}	src/system/meta/MemcardMgr_Xbox.cpp
default/system/synth/FxSendSynapse	??_GStream@@UAAPAXI@Z	76	0.0	0.0	NO_BODY/stub	19	False	{}	src/system/synth/FxSendSynapse.cpp
default/Screenshot	??_G?$ObjPtrList@VCharacter@@VObjectDir@@@@UAAPAXI@Z	76	0.0	0.0	NO_BODY/stub	19	False	{}	src/system/ui/Screenshot.cpp
default/system/synth_xbox/FxSendPitchShift	?SyncEffectParams@FxSendPitchShift360@@UBAXPAUIXAudio2SubmixVoice@@@Z	76	0.0	0.0	NO_BODY/stub	19	False	{}	src/system/synth_xbox/FxSendPitchShift.cpp
default/SessionJobs_Xbox	??0RemoveLocalPlayerJob@@QAA@PAXH@Z	76	99.42105	99.947365	SOURCE_ARG(imm/opcode/branch)	3	True	{'register': 1, 'relocname': 1, 'immediate': 1}	src/system/net/SessionJobs_Xbox.cpp
default/MidiInstrument	??_GUpdateUserDataMsg@@UAAPAXI@Z	76	0.0	0.0	NO_BODY/stub	19	False	{}	src/system/synth/MidiInstrument.cpp
default/MidiInstrument	??_GDataArrayMsg@@UAAPAXI@Z	76	0.0	0.0	NO_BODY/stub	19	False	{}	src/system/synth/MidiInstrument.cpp
default/FlowValueCase	??_G?$ObjPtrList@VCharWeightable@@VObjectDir@@@@UAAPAXI@Z	76	0.0	0.0	NO_BODY/stub	19	False	{}	src/system/flow/FlowValueCase.cpp
default/DirUnloader	??_GDxRnd@@UAAPAXI@Z	76	0.0	0.0	NO_BODY/stub	19	False	{}	src/system/obj/DirUnloader.cpp
default/DirUnloader	??_EDirUnloader@@UAAPAXI@Z	76	0.0	0.0	NO_BODY/stub	19	False	{}	src/system/obj/DirUnloader.cpp
default/UITransitionHandler	??_GSortNode@@UAAPAXI@Z	76	0.0	0.0	NO_BODY/stub	19	False	{}	src/system/ui/UITransitionHandler.cpp
default/network/net/NetSession	??_EMemStream@@UAAPAXI@Z	76	0.0	0.0	NO_BODY/stub	19	False	{}	src/network/net/NetSession.cpp
default/GemTrackDir	??_G?$ObjPtr@VOverdriveMeter@@@@UAAPAXI@Z	76	0.0	0.0	NO_BODY/stub	19	False	{}	src/system/bandobj/GemTrackDir.cpp
default/NoteTube	??_ECXboxRendererConnection@LEAPCORE@@UAAPAXI@Z	76	0.0	0.0	NO_BODY/stub	19	False	{}	src/system/bandobj/NoteTube.cpp
default/Faders	??_G?$ObjPtr@VRndDrawable@@@@UAAPAXI@Z	76	0.0	0.0	NO_BODY/stub	19	False	{}	src/system/synth/Faders.cpp
default/system/synth/Synth	??_G?$ObjPtr@VSynthSample@@@@UAAPAXI@Z	76	0.0	0.0	NO_BODY/stub	19	False	{}	src/system/synth/Synth.cpp
default/band3/game/PresenceMgr	??_GMusicLibraryTaskMsg@@UAAPAXI@Z	76	0.0	0.0	NO_BODY/stub	19	False	{}	src/band3/game/PresenceMgr.cpp
default/Main	main	76	96.8421	96.8421	SOURCE_ARG(imm/opcode/branch)	1	False	{'opcode': 1}	src/Main.cpp
default/BandCamShot	??$_Destroy_Range@V?$reverse_iterator@PAVSingerStats@@@stlpmtx_std@@@stlpmtx_std@@YAXV?$reverse_iterator@PAVSingerStats@@@0@0@Z	72	0.0	1.1111112	NO_BODY/stub	27	False	{'register': 3, 'immediate': 3, 'opcode': 3}	src/system/bandobj/BandCamShot.cpp
default/JoypadClient	?InitXinputJoypadThreadData@?A0x439b694a@@YAXXZ	72	0.0	0.0	NO_BODY/stub	18	False	{}	src/system/os/JoypadClient.cpp
default/DataFunc	?DataSyncReloadLocale@@YA?AVDataNode@@PAVDataArray@@@Z	72	84.94444	85.5	CODEGEN_ORDERING	5	True	{'register': 1, 'immediate': 1, 'relocname': 1, 'opcode': 1}	src/system/obj/DataFunc.cpp
default/EventTrigger	?_M_create_node@?$list@UAnim@EventTrigger@@V?$StlNodeAlloc@UAnim@EventTrigger@@@stlpmtx_std@@@stlpmtx_std@@IAAPAU_List_node_base@2@ABUAnim@EventTrigger@@@Z	72	99.666664	99.94444	SOURCE_ARG(imm/opcode/branch)	2	True	{'immediate': 1, 'relocname': 1}	src/system/rndobj/EventTrigger.cpp
default/system/rndobj/Rnd	?NewObject@Object@Hmx@@SAPAV12@XZ	72	0.0	0.0	NO_BODY/stub	18	False	{}	src/system/rndobj/Rnd.cpp
default/Character	??$__destroy_mv_srcs@V?$reverse_iterator@PAV?$ObjVector@ULod@Character@@@@@stlpmtx_std@@V?$ObjVector@ULod@Character@@@@@stlpmtx_std@@YAXV?$reverse_iterator@PAV?$ObjVector@ULod@Character@@@@@0@0PAV?$ObjVector@ULod@Character@@@@@Z	72	22.222221	23.333334	SOURCE_INSDEL	18	False	{'opcode': 3, 'register': 3, 'relocname': 1}	src/system/char/Character.cpp
default/Character	?resize@?$ObjVector@ULod@Character@@@@QAAXI@Z	72	70.94444	72.05556	SOURCE_INSDEL	11	False	{'immediate': 3, 'register': 3, 'relocname': 1}	src/system/char/Character.cpp
default/HamMove	??$__uninitialized_copy@PAUNode@?$ObjPtrVec@VObject@Hmx@@VObjectDir@@@@PAU12@@stlpmtx_std@@YAPAUNode@?$ObjPtrVec@VObject@Hmx@@VObjectDir@@@@PAU12@00ABU__false_type@0@@Z	72	0.0	1.9444444	NO_BODY/stub	35	False	{'opcode': 3, 'register': 4}	src/system/hamobj/HamMove.cpp
default/Morph	??$?5UWeight@@@@YAAAVBinStreamRev@@AAV0@AAV?$Key@UWeight@@@@@Z	72	94.44444	94.44444	SOURCE_INSDEL	1	False	{}	src/system/rndobj/Morph.cpp
default/MemMgr	?MemFreeH@@YAXPAVMemHandle@@@Z	72	0.0	0.0	NO_BODY/stub	18	False	{}	src/system/utl/MemMgr.cpp
default/RhythmDetector	?_M_create_node@?$list@UFrame@RhythmDetector@@V?$StlNodeAlloc@UFrame@RhythmDetector@@@stlpmtx_std@@@stlpmtx_std@@IAAPAU_List_node_base@2@ABUFrame@RhythmDetector@@@Z	72	99.666664	99.94444	SOURCE_ARG(imm/opcode/branch)	2	True	{'immediate': 1, 'relocname': 1}	src/system/hamobj/RhythmDetector.cpp
default/MoggClipMap	?IsInPartyWithOthers@PlatformMgr@@QAA_NXZ	72	0.0	0.0	NO_BODY/stub	18	False	{}	src/system/synth/MoggClipMap.cpp
default/Msg	?_M_create_node@?$list@UEventSinkElem@MsgSinks@@V?$StlNodeAlloc@UEventSinkElem@MsgSinks@@@stlpmtx_std@@@stlpmtx_std@@IAAPAU_List_node_base@2@ABUEventSinkElem@MsgSinks@@@Z	72	99.94444	99.94444	SOURCE_ARG(imm/opcode/branch)	1	True	{'immediate': 1}	src/system/obj/Msg.cpp
default/Cheats	?_M_create_node@?$list@UPropTriggerDefn@FlowTrigger@@V?$StlNodeAlloc@UPropTriggerDefn@FlowTrigger@@@stlpmtx_std@@@stlpmtx_std@@IAAPAU_List_node_base@2@ABUPropTriggerDefn@FlowTrigger@@@Z	72	99.666664	99.94444	SOURCE_ARG(imm/opcode/branch)	2	True	{'immediate': 1, 'relocname': 1}	src/system/utl/Cheats.cpp
default/Graph	??0DrawString3D@@QAA@PBDABVVector3@@ABVColor@Hmx@@@Z	72	0.0	1.6666666	NO_BODY/stub	29	False	{'immediate': 4, 'register': 6, 'opcode': 4}	src/system/rndobj/Graph.cpp
default/Rnd_Xbox	?resize@?$vector@URndPointTest@NgRnd@@V?$StlNodeAlloc@URndPointTest@NgRnd@@@stlpmtx_std@@@stlpmtx_std@@QAAXIABURndPointTest@NgRnd@@@Z	72	0.0	0.8333333	NO_BODY/stub	28	False	{'opcode': 5, 'register': 1, 'immediate': 1}	src/system/rnddx9/Rnd_Xbox.cpp
default/system/rnddx9/ShaderMgr	?GetRT@DxTex@@QAAPAUD3DSurface@@XZ	72	0.0	0.0	NO_BODY/stub	18	False	{}	src/system/rnddx9/ShaderMgr.cpp
default/system/synth_xbox/FxSendSynapse	?CreateFx@FxSendSynapse360@@MAAPAUIUnknown@@XZ	72	0.0	0.0	NO_BODY/stub	18	False	{}	src/system/synth_xbox/FxSendSynapse.cpp
default/system/synth_xbox/FxSendCompress	??0FxSendCompress360@@QAA@XZ	72	19.555555	20.666666	SOURCE_INSDEL	20	False	{'register': 2, 'immediate': 3, 'opcode': 2, 'relocname': 1}	src/system/synth_xbox/FxSendCompress.cpp
default/MicNull	?GetRecentBuf@MicNull@@UAAPAFAAH@Z	72	93.333336	93.333336	SOURCE_ARG(imm/opcode/branch)	2	True	{'opcode': 2}	src/system/synth/MicNull.cpp
default/FlowOnStop	??$New@VRndMesh@@@Object@Hmx@@SAPAVRndMesh@@XZ	72	0.0	0.0	NO_BODY/stub	18	False	{}	src/system/flow/FlowOnStop.cpp
default/FlowCommand	?_M_create_node@?$list@VDataNode@@V?$StlNodeAlloc@VDataNode@@@stlpmtx_std@@@stlpmtx_std@@IAAPAU_List_node_base@2@ABVDataNode@@@Z	72	99.94444	99.94444	SOURCE_ARG(imm/opcode/branch)	1	True	{'immediate': 1}	src/system/flow/FlowCommand.cpp
default/TourProgress	?GetTourLeaderboardGoal@TourProgress@@QBA?AVSymbol@@XZ	72	71.666664	71.94444	SOURCE_INSDEL	7	False	{'relocname': 1}	src/band3/tour/TourProgress.cpp
default/TourProgress	?GetTourName@TourProgress@@QBA?AVSymbol@@XZ	72	71.666664	71.94444	SOURCE_INSDEL	7	False	{'relocname': 1}	src/band3/tour/TourProgress.cpp
default/TourProgress	?GetTourWelcome@TourProgress@@QBA?AVSymbol@@XZ	72	71.666664	71.94444	SOURCE_INSDEL	7	False	{'relocname': 1}	src/band3/tour/TourProgress.cpp
default/CustomizePanel	?IsLoaded@CustomizePanel@@UBA_NXZ	72	93.888885	94.44444	SOURCE_INSDEL	3	False	{'register': 2}	src/band3/meta_band/CustomizePanel.cpp
default/band3/meta_band/CharProvider	?GetCharData@CharProvider@@QAAPAVCharData@@H@Z	72	88.888885	88.888885	CODEGEN_ORDERING	2	True	{}	src/band3/meta_band/CharProvider.cpp
default/system/ui/UIGridProvider	?GetDataFromList@UIGridProvider@@QAAHPAVUIList@@@Z	72	91.111115	93.333336	SOURCE_ARG(imm/opcode/branch)	10	False	{'register': 6, 'opcode': 2, 'relocname': 2}	src/system/ui/UIGridProvider.cpp
default/BandCharacter	?DrawShowing@BandCharacter@@UAAXXZ	68	0.0	2.9411764	NO_BODY/stub	244	False	{'opcode': 2, 'immediate': 3, 'register': 7, 'branchdest': 1, 'relocname': 1}	src/system/bandobj/BandCharacter.cpp
default/StarDisplay	?PostLoad@StarDisplay@@UAAXAAVBinStream@@@Z	68	99.82353	99.82353	SOURCE_ARG(imm/opcode/branch)	3	True	{'immediate': 3}	src/system/bandobj/StarDisplay.cpp
default/Instance	??_EBandRetargetVignette@@UAAPAXI@Z	68	0.0	0.0	NO_BODY/stub	17	False	{}	src/system/world/Instance.cpp
default/FlowIf	??_GFlowIf@@UAAPAXI@Z	68	99.588234	99.882355	SOURCE_ARG(imm/opcode/branch)	3	True	{'immediate': 2, 'relocname': 1}	src/system/flow/FlowIf.cpp
default/MeshAnim	??_ENetSession@@UAAPAXI@Z	68	0.0	0.0	NO_BODY/stub	17	False	{}	src/system/rndobj/MeshAnim.cpp
default/MeshAnim	??_EStorePreviewMgr@@UAAPAXI@Z	68	0.0	0.0	NO_BODY/stub	17	False	{}	src/system/rndobj/MeshAnim.cpp
default/RenderState	?CanDraw@DxMesh@@IBA_NXZ	68	0.0	0.0	NO_BODY/stub	17	False	{}	src/system/rnddx9/RenderState.cpp
default/HamCamTransform	?resize@?$ObjVector@UEyeDesc@CharEyes@@@@QAAXI@Z	68	99.05882	99.94118	SOURCE_ARG(imm/opcode/branch)	4	True	{'immediate': 1, 'relocname': 3}	src/system/hamobj/HamCamTransform.cpp
default/Flow	?resize@?$ObjVector@UDynamicPropertyEntry@Flow@@@@QAAXI@Z	68	99.23529	99.82353	SOURCE_ARG(imm/opcode/branch)	5	True	{'immediate': 3, 'relocname': 2}	src/system/flow/Flow.cpp
default/FlowTrigger	??_GFlowTrigger@@UAAPAXI@Z	68	99.588234	99.882355	SOURCE_ARG(imm/opcode/branch)	3	True	{'immediate': 2, 'relocname': 1}	src/system/flow/FlowTrigger.cpp
default/CharIKHead	??_ECharIKHead@@UAAPAXI@Z	68	0.0	0.0	NO_BODY/stub	17	False	{}	src/system/char/CharIKHead.cpp
default/PracticeSection	??_GPracticeSection@@UAAPAXI@Z	68	99.588234	99.882355	SOURCE_ARG(imm/opcode/branch)	3	True	{'immediate': 2, 'relocname': 1}	src/system/hamobj/PracticeSection.cpp
default/LabelNumberTicker	?PostLoad@LabelNumberTicker@@UAAXAAVBinStream@@@Z	68	29.058823	29.941177	SOURCE_INSDEL	20	False	{'register': 2, 'immediate': 6, 'opcode': 3}	src/system/ui/LabelNumberTicker.cpp
default/CharMirror	??_ECharMirror@@UAAPAXI@Z	68	0.0	0.0	NO_BODY/stub	17	False	{}	src/system/char/CharMirror.cpp
default/ADSR	??0ADSRImpl@@QAA@XZ	68	58.82353	58.82353	SOURCE_INSDEL	7	False	{}	src/system/synth/ADSR.cpp
default/Rnd_Xbox	?Release@VertexBufferData@DxMesh@@QAAXXZ	68	0.0	0.0	NO_BODY/stub	17	False	{}	src/system/rnddx9/Rnd_Xbox.cpp
default/system/rnddx9/ShaderMgr	??_EScrollSelect@@UAAPAXI@Z	68	0.0	0.0	NO_BODY/stub	17	False	{}	src/system/rnddx9/ShaderMgr.cpp
default/system/rnddx9/ShaderMgr	?CreateVertexShader@DxShader@@MAAXAAVRndShaderBuffer@@@Z	68	0.0	0.0	NO_BODY/stub	20	False	{}	src/system/rnddx9/ShaderMgr.cpp
default/system/rnddx9/ShaderMgr	?CreatePixelShader@DxShader@@MAAXAAVRndShaderBuffer@@W4ShaderType@@@Z	68	0.0	0.0	NO_BODY/stub	20	False	{}	src/system/rnddx9/ShaderMgr.cpp
default/MemcardMgr_Xbox	?SetName@Friend@@QAAXVString@@@Z	68	0.0	0.0	NO_BODY/stub	17	False	{}	src/system/meta/MemcardMgr_Xbox.cpp
default/Accomplishment	?push_back@?$ObjPtrList@VRndGroup@@VObjectDir@@@@QAAXPAVRndGroup@@@Z	68	0.0	0.88235295	NO_BODY/stub	26	False	{'register': 3, 'immediate': 1, 'opcode': 6}	src/band3/meta_band/Accomplishment.cpp
default/band3/game/Stats	?FindFrameWithLeadIn@@YAMXZ	68	61.764706	62.35294	SOURCE_INSDEL	10	False	{'opcode': 4, 'register': 1, 'immediate': 1, 'relocname': 1}	src/band3/game/Stats.cpp
default/band3/game/Stats	??_ETrainerPanel@@UAAPAXI@Z	68	0.0	0.0	NO_BODY/stub	17	False	{}	src/band3/game/Stats.cpp
default/band3/meta_band/ViewSetting	?_M_insert@?$_Rb_tree@PAVFlowNode@@U?$less@PAVFlowNode@@@stlpmtx_std@@U?$pair@QAVFlowNode@@W4QueueState@1@@3@U?$_Select1st@U?$pair@QAVFlowNode@@W4QueueState@1@@stlpmtx_std@@@3@U?$_MapTraitsT@U?$pair@QAVFlowNode@@W4QueueState@1@@stlpmtx_std@@@priv@3@V?$StlNodeAlloc@U?$pair@QAVFlowNode@@W4QueueState@1@@stlpmtx_std@@@3@@stlpmtx_std@@AAA?AU?$_Rb_tree_iterator@U?$pair@QAVFlowNode@@W4QueueState@1@@stlpmtx_std@@U?$_MapTraitsT@U?$pair@QAVFlowNode@@W4QueueState@1@@stlpmtx_std@@@priv@2@@2@PAU_Rb_tree_node_base@2@ABU?$pair@QAVFlowNode@@W4QueueState@1@@2@00@Z	68	0.0	1.4705882	NO_BODY/stub	53	False	{'opcode': 4, 'immediate': 4, 'register': 4, 'relocname': 1}	src/band3/meta_band/ViewSetting.cpp
default/FreestylePanel	??_EVocalTrainerPanel@@UAAPAXI@Z	68	0.0	0.0	NO_BODY/stub	17	False	{}	src/band3/game/FreestylePanel.cpp
default/Tour	??$__copy_ptrs@PBHPAH@stlpmtx_std@@YAPAHPBH0PAHABU__true_type@0@@Z	68	43.235294	43.52941	SOURCE_INSDEL	13	False	{'opcode': 5, 'register': 1, 'relocname': 1}	src/band3/tour/Tour.cpp
default/MetaPanel	??_EMetaPanel@@UAAPAXI@Z	68	0.0	0.0	NO_BODY/stub	17	False	{}	src/band3/meta_band/MetaPanel.cpp
default/CampaignLevel	??_ERndOcclusionQueryMgr@@UAAPAXI@Z	68	0.0	0.0	NO_BODY/stub	17	False	{}	src/band3/meta_band/CampaignLevel.cpp
default/Campaign	?GetLaunchUser@Campaign@@QBAPAVLocalBandUser@@XZ	68	82.05882	82.35294	SOURCE_INSDEL	4	False	{'register': 1}	src/band3/meta_band/Campaign.cpp
default/UIEventMgr	??_ERhythmDetectorGroup@@UAAPAXI@Z	68	0.0	0.0	NO_BODY/stub	17	False	{}	src/band3/meta_band/UIEventMgr.cpp
default/StringTable	??__FTheLocale@@YAXXZ	64	49.375	50.0	SOURCE_INSDEL	11	False	{'relocname': 1, 'register': 1, 'opcode': 5}	src/system/utl/StringTable.cpp
default/CheatProvider	??0Cheat@CheatProvider@@QAA@AAVString@@0PAVDataArray@@@Z	64	72.5625	74.75	CODEGEN_ORDERING	13	True	{'relocname': 2, 'immediate': 4, 'register': 5}	src/system/ui/CheatProvider.cpp
default/PoolAlloc	??0CritSecTracker@@QAA@PAVCriticalSection@@@Z	64	82.8125	83.75	SOURCE_INSDEL	6	False	{'opcode': 1, 'register': 2, 'branchdest': 1}	src/system/utl/PoolAlloc.cpp
default/SampleData	??0SampleMarker@@QAA@XZ	64	67.1875	67.5	SOURCE_INSDEL	7	False	{'relocname': 1, 'opcode': 2}	src/system/synth/SampleData.cpp
default/FakeSongMgr	?MidiFullPath@FakeSongMgr@@SAPBDPBVSongInfo@@@Z	64	0.0	0.0	NO_BODY/stub	16	False	{}	src/system/utl/FakeSongMgr.cpp
default/FilterVersion	?Sym@DataArray@@QBA?AVSymbol@@H@Z	64	20.75	22.3125	SOURCE_INSDEL	19	False	{'opcode': 4, 'immediate': 3, 'register': 5}	src/system/hamobj/FilterVersion.cpp
default/StringConversion	?Latin1ToUtf8@?A0xfea654e8@@YAXPBDPADI@Z	64	0.0	0.625	NO_BODY/stub	38	False	{'register': 2, 'opcode': 4}	src/network/Platform/StringConversion.cpp
default/UploadErrorMgr	??0?$pair@$$CBVSymbol@@VSongRecord@@@stlpmtx_std@@QAA@ABU01@@Z	64	61.5625	62.5	SOURCE_INSDEL	8	False	{'register': 1, 'relocname': 2}	src/band3/meta_band/UploadErrorMgr.cpp
default/Game	?NewNetMessage@RestartGameMsg@@SAPAVNetMessage@@XZ	64	86.8125	87.4375	SOURCE_INSDEL	5	False	{'immediate': 1, 'register': 2, 'relocname': 2}	src/band3/game/Game.cpp
default/RockCentral	??0RBDataClient@Quazal@@QAA@XZ	60	57.2	58.533333	SOURCE_INSDEL	12	False	{'immediate': 2, 'opcode': 2, 'relocname': 2, 'register': 3}	src/band3/net_band/RockCentral.cpp
default/RockCentral	?Clear@DataResultList@@QAAXXZ	60	0.0	0.0	NO_BODY/stub	15	False	{}	src/band3/net_band/RockCentral.cpp
default/Console	??6@YAAAVTextStream@@AAV0@ABUInstance@RndMultiMesh@@@Z	60	65.0	65.333336	SOURCE_INSDEL	7	False	{'register': 1, 'relocname': 1, 'opcode': 2}	src/system/rndobj/Console.cpp
default/DepthBuffer3D	??$_Copy_Construct@VVocalScoreHistory@@@stlpmtx_std@@YAXPAVVocalScoreHistory@@ABV1@@Z	60	0.0	0.0	NO_BODY/stub	15	False	{}	src/system/gesture/DepthBuffer3D.cpp
default/lsp	memchr	60	0.0	0.0	NO_BODY/stub	15	False	{}	src/system/oggvorbis/lsp.c
default/ContentMgr_Xbox	??$Obj@VCharPollable@@@DataNode@@QBAPAVCharPollable@@PBVDataArray@@@Z	60	31.8	33.133335	SOURCE_INSDEL	15	False	{'immediate': 4, 'register': 4}	src/system/os/ContentMgr_Xbox.cpp
default/Character	??$_Copy_Construct@VOldMatOption@@@stlpmtx_std@@YAXPAVOldMatOption@@ABV1@@Z	60	0.0	0.0	NO_BODY/stub	15	False	{}	src/system/char/Character.cpp
default/SkeletonClip	??$_Copy_Construct@U?$pair@$$CBVString@@V?$vector@VChallengeRow@@V?$StlNodeAlloc@VChallengeRow@@@stlpmtx_std@@@stlpmtx_std@@@stlpmtx_std@@@stlpmtx_std@@YAXPAU?$pair@$$CBVString@@V?$vector@VChallengeRow@@V?$StlNodeAlloc@VChallengeRow@@@stlpmtx_std@@@stlpmtx_std@@@0@ABU10@@Z	60	0.0	0.0	NO_BODY/stub	15	False	{}	src/system/gesture/SkeletonClip.cpp
default/UILabel	?ExecuteCommands@CCommandManager@LEAPCORE@@QAAJXZ	60	0.0	0.0	NO_BODY/stub	15	False	{}	src/system/ui/UILabel.cpp
default/PracticeSection	??$_Copy_Construct@UUnlockable@?A0xf8e4b4b5@@@stlpmtx_std@@YAXPAUUnlockable@?A0xf8e4b4b5@@ABU12@@Z	60	0.0	0.0	NO_BODY/stub	15	False	{}	src/system/hamobj/PracticeSection.cpp
default/StorePurchaser	??$_M_allocate_and_copy@PB_K@?$vector@_KV?$StlNodeAlloc@_K@stlpmtx_std@@@stlpmtx_std@@IAAPA_KIPB_K0@Z	60	31.0	33.333332	SOURCE_INSDEL	15	False	{'register': 6, 'relocname': 1}	src/system/meta/StorePurchaser.cpp
default/MakeString	?Str@FormatString@@QAAPBDXZ	60	0.0	1.3333334	NO_BODY/stub	34	False	{'register': 4}	src/system/utl/MakeString.cpp
default/MeasureMap	??$_Copy_Construct@VIconData@BandCrowdMeter@@@stlpmtx_std@@YAXPAVIconData@BandCrowdMeter@@ABV12@@Z	60	0.0	0.0	NO_BODY/stub	15	False	{}	src/system/utl/MeasureMap.cpp
default/band3/game/GemTrainerPanel	?GetFretboardView@GemTrainerPanel@@QBA_NABVGameGem@@@Z	60	93.0	93.333336	SOURCE_INSDEL	2	False	{'register': 1}	src/band3/game/GemTrainerPanel.cpp
default/SongData	??$_Param_Construct@V?$vector@FV?$StlNodeAlloc@F@stlpmtx_std@@@stlpmtx_std@@V12@@stlpmtx_std@@YAXPAV?$vector@FV?$StlNodeAlloc@F@stlpmtx_std@@@0@ABV10@@Z	60	0.0	0.0	NO_BODY/stub	15	False	{}	src/system/beatmatch/SongData.cpp
default/BandSongMgr	?ClearSongCacheNeedsWrite@BandSongMgr@@UAAXXZ	60	20.6	21.266666	SOURCE_INSDEL	15	False	{'register': 2, 'immediate': 1, 'opcode': 3}	src/band3/meta_band/BandSongMgr.cpp
default/OvershellPartSelectProvider	??$__uninitialized_fill_n@PAURndPointTest@NgRnd@@IU12@@stlpmtx_std@@YAPAURndPointTest@NgRnd@@PAU12@IABU12@ABU__false_type@0@@Z	56	0.0	0.0	NO_BODY/stub	14	False	{}	src/band3/meta_band/OvershellPartSelectProvider.cpp
default/GameMicManager	?HasMic@GameMicManager@@QBA_NABVMicClientID@@@Z	56	0.0	0.0	NO_BODY/stub	19	False	{'opcode': 3}	src/band3/game/GameMicManager.cpp
default/UIPanel	?Exiting@UIPanel@@UBA_NXZ	52	0.0	0.7692308	NO_BODY/stub	56	False	{'branchdest': 2, 'opcode': 2}	src/system/ui/UIPanel.cpp
default/band3/bandtrack/Gem	?Register@OutfitConfig@@SAXXZ	52	0.0	0.7692308	NO_BODY/stub	18	False	{'opcode': 6, 'register': 1, 'immediate': 1}	src/band3/bandtrack/Gem.cpp
default/band3/meta_band/StoreOfferProvider	?IsActive@StoreOfferProvider@@UBA_NH@Z	52	71.92308	72.30769	SOURCE_INSDEL	5	False	{'opcode': 1, 'register': 1}	src/band3/meta_band/StoreOfferProvider.cpp
default/BandCamShot	?ClassName@BandConfiguration@@UBA?AVSymbol@@XZ	48	0.0	0.0	NO_BODY/stub	12	False	{}	src/system/bandobj/BandCamShot.cpp
default/BandCharacter	?ClassName@RndPollable@@UBA?AVSymbol@@XZ	48	0.0	0.0	NO_BODY/stub	12	False	{}	src/system/bandobj/BandCharacter.cpp
default/DepthBuffer3D	?_M_insert_overflow@?$vector@V?$map@HMU?$less@H@stlpmtx_std@@V?$StlNodeAlloc@U?$pair@$$CBHM@stlpmtx_std@@@2@@stlpmtx_std@@V?$StlNodeAlloc@V?$map@HMU?$less@H@stlpmtx_std@@V?$StlNodeAlloc@U?$pair@$$CBHM@stlpmtx_std@@@2@@stlpmtx_std@@@2@@stlpmtx_std@@IAAXPAV?$map@HMU?$less@H@stlpmtx_std@@V?$StlNodeAlloc@U?$pair@$$CBHM@stlpmtx_std@@@2@@2@ABV32@ABU__false_type@2@I_N@Z	48	23.333334	23.333334	SOURCE_INSDEL	10	False	{'opcode': 2}	src/system/gesture/DepthBuffer3D.cpp
default/IPP_basicmath_xbox	?Add_InPlace@IPP@@YAXIPBMPAM@Z	48	82.083336	83.333336	CODEGEN_ORDERING	4	True	{'register': 3}	src/system/synth_xbox/IPP_basicmath_xbox.cpp
default/IPP_basicmath_xbox	?Mul_InPlace@IPP@@YAXIPBMPAM@Z	48	82.083336	83.333336	CODEGEN_ORDERING	4	True	{'register': 3}	src/system/synth_xbox/IPP_basicmath_xbox.cpp
default/system/rndobj/Utl	?ClassName@RndMat@@UBA?AVSymbol@@XZ	48	0.0	0.0	NO_BODY/stub	12	False	{}	src/system/rndobj/Utl.cpp
default/system/rndobj/Utl	?ClassName@DxLight@@UBA?AVSymbol@@XZ	48	0.0	0.0	NO_BODY/stub	12	False	{}	src/system/rndobj/Utl.cpp
default/User	?IsJoypadConnected@LocalUser@@UBA_NXZ	48	0.0	0.8333333	NO_BODY/stub	32	False	{'opcode': 2, 'immediate': 2, 'register': 2}	src/system/os/User.cpp
default/BandSwatch	?ClassName@PatchRenderer@@UBA?AVSymbol@@XZ	48	0.0	0.0	NO_BODY/stub	12	False	{}	src/system/bandobj/BandSwatch.cpp
default/MoveMgr	?ClassName@CharKeyHandMidi@@UBA?AVSymbol@@XZ	48	0.0	0.0	NO_BODY/stub	12	False	{}	src/system/hamobj/MoveMgr.cpp
default/PracticeSection	?ClassName@CharTransCopy@@UBA?AVSymbol@@XZ	48	0.0	0.0	NO_BODY/stub	12	False	{}	src/system/hamobj/PracticeSection.cpp
default/Env	?ClassName@LightPreset@@UBA?AVSymbol@@XZ	48	0.0	0.0	NO_BODY/stub	12	False	{}	src/system/rndobj/Env.cpp
default/system/rndobj/Movie	?ClassName@CamShot@@UBA?AVSymbol@@XZ	48	0.0	0.0	NO_BODY/stub	12	False	{}	src/system/rndobj/Movie.cpp
default/DirLoader	?_M_insert_overflow@?$vector@VSymbol@@V?$StlNodeAlloc@VSymbol@@@stlpmtx_std@@@stlpmtx_std@@IAAXPAVSymbol@@ABV3@ABU__false_type@2@I_N@Z	48	10.666667	12.75	SOURCE_INSDEL	15	False	{'opcode': 4, 'register': 4, 'immediate': 2}	src/system/obj/DirLoader.cpp
default/Splash	?LockThread@Movie@@QAAXXZ	48	0.0	0.0	NO_BODY/stub	12	False	{}	src/system/movie/Splash.cpp
default/Rnd_Xbox	?ClassName@NgEnviron@@UBA?AVSymbol@@XZ	48	0.0	0.0	NO_BODY/stub	12	False	{}	src/system/rnddx9/Rnd_Xbox.cpp
default/system/rnddx9/ShaderMgr	?ClassName@DxTex@@UBA?AVSymbol@@XZ	48	0.0	0.0	NO_BODY/stub	12	False	{}	src/system/rnddx9/ShaderMgr.cpp
default/system/rnddx9/CubeTex	?ClassName@DxMovie@@UBA?AVSymbol@@XZ	48	0.0	0.0	NO_BODY/stub	12	False	{}	src/system/rnddx9/CubeTex.cpp
default/system/rnddx9/CubeTex	?ClassName@DxMat@@UBA?AVSymbol@@XZ	48	0.0	0.0	NO_BODY/stub	12	False	{}	src/system/rnddx9/CubeTex.cpp
default/FlowCommand	?ClassName@MsgSource@@UBA?AVSymbol@@XZ	48	0.0	0.0	NO_BODY/stub	12	False	{}	src/system/flow/FlowCommand.cpp
default/band3/game/Player	?ClassName@FadePanel@@UBA?AVSymbol@@XZ	48	0.0	0.0	NO_BODY/stub	12	False	{}	src/band3/game/Player.cpp
default/band3/meta_band/CampaignGoalsLeaderboardPanel	?ClassName@CampaignCareerLeaderboardPanel@@UBA?AVSymbol@@XZ	48	0.0	0.0	NO_BODY/stub	12	False	{}	src/band3/meta_band/CampaignGoalsLeaderboardPanel.cpp
default/TourProgress	?GetNumStarsForGig@TourProgress@@QBAHH@Z	48	10.666667	13.166667	SOURCE_INSDEL	15	False	{'register': 5, 'immediate': 2, 'relocname': 1, 'opcode': 4}	src/band3/tour/TourProgress.cpp
default/OutfitConfig	??$__uninitialized_fill_n@PAUWeightedEntry@@IU1@@stlpmtx_std@@YAPAUWeightedEntry@@PAU1@IABU1@ABU__false_type@0@@Z	48	0.0	0.8333333	NO_BODY/stub	21	False	{'opcode': 3, 'relocname': 1, 'register': 1, 'immediate': 1}	src/system/bandobj/OutfitConfig.cpp
default/Joypad	?UserHasController@@YA_NPAVLocalUser@@@Z	44	0.0	0.0	NO_BODY/stub	11	False	{}	src/system/os/Joypad.cpp
default/band3/game/Player	?InRollback@Player@@QBA_NXZ	44	66.818184	67.27273	SOURCE_INSDEL	5	False	{'opcode': 1, 'register': 1}	src/band3/game/Player.cpp
default/VocalPart	?InTambourinePhrase@VocalPart@@QBA_NXZ	44	18.0	21.181818	SOURCE_INSDEL	16	False	{'register': 7, 'immediate': 2, 'opcode': 1}	src/band3/game/VocalPart.cpp
default/MasterAudio	?Fail@MasterAudio@@QAA_NXZ	40	53.0	53.5	SOURCE_INSDEL	6	False	{'opcode': 1}	src/system/beatmatch/MasterAudio.cpp
default/BandCharacter	?ComputeScreenSize@BandCharacter@@UAAMPAVRndCam@@@Z	40	19.0	19.5	SOURCE_INSDEL	9	False	{}	src/system/bandobj/BandCharacter.cpp
default/BandCharDesc	??$swap@V?$_STLP_alloc_proxy@U_List_node_base@stlpmtx_std@@V?$_List_node@VSymbol@@@2@V?$StlNodeAlloc@V?$_List_node@VSymbol@@@stlpmtx_std@@@2@@stlpmtx_std@@@stlpmtx_std@@YAXAAV?$_STLP_alloc_proxy@U_List_node_base@stlpmtx_std@@V?$_List_node@VSymbol@@@2@V?$StlNodeAlloc@V?$_List_node@VSymbol@@@stlpmtx_std@@@2@@0@0@Z	40	11.0	12.0	SOURCE_INSDEL	11	False	{'relocname': 1, 'register': 1, 'opcode': 3}	src/system/bandobj/BandCharDesc.cpp
default/UIPanel	?FocusComponent@UIPanel@@QAAPAVUIComponent@@XZ	40	99.8	99.8	SOURCE_ARG(imm/opcode/branch)	2	True	{'immediate': 2}	src/system/ui/UIPanel.cpp
default/osfinfo	_unlock_fhandle	40	0.0	0.0	NO_BODY/stub	10	False	{}	src/xdk/LIBCMT/osfinfo.cpp
default/UILabel	??0CBaseSkin@LEAPCORE@@QAA@PAUIObjectStore@1@PAVCCommandManager@1@PAUILeapLock@@PAVCBaseSWFilter@1@@Z	40	0.0	0.0	NO_BODY/stub	10	False	{}	src/system/ui/UILabel.cpp
default/MemcardMgr_Xbox	?IsEthernetCableConnected@PlatformMgr@@QAA_NXZ	40	0.0	0.0	NO_BODY/stub	10	False	{}	src/system/meta/MemcardMgr_Xbox.cpp
default/system/synth_xbox/FxSendReverb	?CreateFx@FxSendReverb360@@MAAPAUIUnknown@@XZ	40	0.0	0.0	NO_BODY/stub	10	False	{}	src/system/synth_xbox/FxSendReverb.cpp
default/BandUser	?FinalRelease@CSpPhoneConverter@NUISPEECH@@QAAXXZ	40	0.0	0.0	NO_BODY/stub	10	False	{}	src/band3/game/BandUser.cpp
default/PatchDir	?Rotation@PatchLayer@@QBAMXZ	36	65.0	66.666664	SOURCE_INSDEL	5	False	{'register': 3}	src/system/bandobj/PatchDir.cpp
default/StringTable	??__ETheLocale@@YAXXZ	36	55.555557	55.555557	SOURCE_INSDEL	6	False	{'opcode': 5}	src/system/utl/StringTable.cpp
default/MemMgr	?MemOrPoolAlloc@@YAPAXHPBDH0@Z	36	0.0	0.0	NO_BODY/stub	9	False	{}	src/system/utl/MemMgr.cpp
default/PropertyEventProvider	??_DPropertyEventProvider@@QAAXXZ	36	0.0	8.333333	NO_BODY/stub	26	False	{'opcode': 1, 'register': 11, 'immediate': 1}	src/system/flow/PropertyEventProvider.cpp
default/band3/meta_band/ViewSetting	?Draw@RndGroup@@QAAXXZ	36	33.333332	33.333332	SOURCE_INSDEL	8	False	{'opcode': 5}	src/band3/meta_band/ViewSetting.cpp
default/RGGemMatcher	?OnVoiceProcessingPassEnd@CX2SourceVoice@XAUDIO2@@UAAXXZ	36	0.0	0.0	NO_BODY/stub	9	False	{}	src/system/beatmatch/RGGemMatcher.cpp
default/VocalPlayer	?PastFinalNote@VocalPlayer@@UBA_NXZ	36	17.333334	21.777779	SOURCE_INSDEL	12	False	{'register': 8, 'immediate': 4}	src/band3/game/VocalPlayer.cpp
default/CharServoBone	?SetMoveSelf@CharServoBone@@QAAX_N@Z	32	98.375	99.625	SOURCE_ARG(imm/opcode/branch)	4	True	{'immediate': 3, 'register': 2}	src/system/char/CharServoBone.cpp
default/FreestylePanel	??0Shuttle@@QAA@XZ	32	0.0	0.0	NO_BODY/stub	8	False	{}	src/band3/game/FreestylePanel.cpp
default/BandSongMgr	?HasContentAltDirs@Callback@ContentMgr@@UAA_NXZ	32	24.25	24.875	SOURCE_INSDEL	7	False	{'register': 1, 'immediate': 1}	src/band3/meta_band/BandSongMgr.cpp
default/HttpGet	?GetNextLine@?A0xaf4cfd2b@@YAPADPADPAH@Z	32	0.0	0.0	NO_BODY/stub	30	False	{}	src/system/net/HttpGet.cpp
default/system/bandobj/BandHeadShaper	??0?$list@UBone@CharBones@@V?$StlNodeAlloc@UBone@CharBones@@@stlpmtx_std@@@stlpmtx_std@@QAA@ABV?$StlNodeAlloc@UBone@CharBones@@@1@@Z	32	0.0	0.0	NO_BODY/stub	13	False	{'opcode': 3}	src/system/bandobj/BandHeadShaper.cpp
default/band3/meta_band/ModifierMgr	?IsHidden@UIListProvider@@UBA_NH@Z	28	28.571428	28.571428	SOURCE_INSDEL	5	False	{}	src/band3/meta_band/ModifierMgr.cpp
default/band3/meta_band/ModifierMgr	?IsActive@UIListProvider@@UBA_NH@Z	28	28.571428	28.571428	SOURCE_INSDEL	5	False	{}	src/band3/meta_band/ModifierMgr.cpp
default/BandCharDesc	?Compress@BandCharDesc@@UAAXPAVRndTex@@_N@Z	28	91.42857	91.42857	SOURCE_ARG(imm/opcode/branch)	1	False	{'opcode': 1}	src/system/bandobj/BandCharDesc.cpp
default/VocalTrackDir	?SetTextToken@UILabel@@QAAXVSymbol@@@Z	28	0.0	0.0	NO_BODY/stub	7	False	{}	src/system/bandobj/VocalTrackDir.cpp
default/CharLipSync	??__FsLoadedFile@@YAXXZ	28	97.57143	99.71429	SOURCE_ARG(imm/opcode/branch)	4	True	{'register': 2, 'relocname': 2, 'immediate': 2}	src/system/char/CharLipSync.cpp
default/Mic	?GestureManager_GetFrame@Gesture@@YAHPBU_NUI_SKELETON_FRAME@@KPAXK@Z	28	0.0	0.0	NO_BODY/stub	7	False	{}	src/system/synth_xbox/Mic.cpp
default/Voice	?SetReverbEnable@Voice@@QAAX_N@Z	28	97.57143	99.71429	SOURCE_ARG(imm/opcode/branch)	4	True	{'immediate': 2, 'register': 2, 'relocname': 1}	src/system/synth_xbox/Voice.cpp
default/PropertyEventProvider	?clear@?$_Rb_tree@VSymbol@@U?$less@VSymbol@@@stlpmtx_std@@U?$pair@$$CBVSymbol@@M@3@U?$_Select1st@U?$pair@$$CBVSymbol@@M@stlpmtx_std@@@3@U?$_MapTraitsT@U?$pair@$$CBVSymbol@@M@stlpmtx_std@@@priv@3@V?$StlNodeAlloc@U?$pair@$$CBVSymbol@@M@stlpmtx_std@@@3@@stlpmtx_std@@QAAXXZ	28	0.0	7.142857	NO_BODY/stub	20	False	{'register': 10, 'immediate': 4}	src/system/flow/PropertyEventProvider.cpp
default/band3/game/TrainerPanel	??0VRegTable@XGRAPHICS@@QAA@PAVCompiler@1@@Z	28	0.0	0.0	NO_BODY/stub	7	False	{}	src/band3/game/TrainerPanel.cpp
default/band3/game/TrainerPanel	??__Fmsg@?BH@??ProcessRecoResult@SpeechMgr@@AAAXPAU_NUI_SPEECH_RECORESULT@@@Z@YAXXZ	28	0.0	2.142857	NO_BODY/stub	11	False	{'register': 3, 'relocname': 1, 'immediate': 1, 'opcode': 1}	src/band3/game/TrainerPanel.cpp
default/DuplicatedObject	?SetInitialState@DuplicatedObject@Quazal@@QAAXABVQEvent@StateMachine@2@@Z	28	10.571428	14.142858	SOURCE_INSDEL	9	False	{'register': 5, 'immediate': 1}	src/network/ObjDup/DuplicatedObject.cpp
default/RockCentral	??1DeleteUserCompleteMsg@@UAA@XZ	24	0.0	0.0	NO_BODY/stub	6	False	{}	src/band3/net_band/RockCentral.cpp
default/SynapseAPO	?DoProcess@SynapseAPO@DSP@@UAAXABUSynapseAPOParams@2@PIAMII@Z	24	0.0	0.0	NO_BODY/stub	6	False	{}	src/system/synth_xbox/SynapseAPO.cpp
default/Shader	?CalcShaderOpts@RndShaderUnwrapUV@@MAA_KPAVNgMat@@W4ShaderType@@_N@Z	24	0.0	0.0	NO_BODY/stub	13	False	{'opcode': 3}	src/system/rndobj/Shader.cpp
default/Font	?clear@?$vector@VDrivenPropertyEntry@@V?$StlNodeAlloc@VDrivenPropertyEntry@@@stlpmtx_std@@@stlpmtx_std@@QAAXXZ	24	38.166668	39.833332	SOURCE_INSDEL	6	False	{'register': 1, 'immediate': 1, 'opcode': 1, 'relocname': 1}	src/system/rndobj/Font.cpp
default/Tex	?Units@RndAnimatable@@QBA?AW4TaskUnits@@XZ	24	0.0	0.0	NO_BODY/stub	6	False	{}	src/system/rndobj/Tex.cpp
default/Tex	?FramesPerUnit@RndAnimatable@@QAAMXZ	24	0.0	0.0	NO_BODY/stub	6	False	{}	src/system/rndobj/Tex.cpp
default/Joypad	?NuipTrueColorSetPlayer@TrueColor@@YAXW4_NUIP_CAMERA_OWNER@@K@Z	24	0.0	0.0	NO_BODY/stub	6	False	{}	src/system/os/Joypad.cpp
default/Accomplishment	?_M_Start@?$_String_base@DV?$allocator@D@stlpmtx_std@@@stlpmtx_std@@IBAPBDXZ	24	22.166666	23.0	SOURCE_INSDEL	7	False	{'immediate': 2, 'opcode': 1, 'register': 1}	src/band3/meta_band/Accomplishment.cpp
default/SongDB	?GetVocalNoteList@SongDB@@QBAPAVVocalNoteList@@H@Z	24	31.5	33.166668	SOURCE_INSDEL	6	False	{'register': 1, 'immediate': 1, 'relocname': 1}	src/band3/game/SongDB.cpp
default/system/beatmatch/GameGemList	??0CSTree@NUISPEECH@@QAA@PAVCHeap@1@@Z	24	0.0	0.0	NO_BODY/stub	6	False	{}	src/system/beatmatch/GameGemList.cpp
default/Interp	??0ExpInterpolator@@QAA@MMMMM@Z	20	0.0	0.0	NO_BODY/stub	18	False	{}	src/system/math/Interp.cpp
default/MemHeap	?Unlock@MemHandle@@QAAXXZ	20	0.0	0.0	NO_BODY/stub	5	False	{}	src/system/utl/MemHeap.cpp
default/SongStatusMgr	??$__destroy_aux@VPlayerScore@@@stlpmtx_std@@YAXPAVPlayerScore@@ABU__false_type@0@@Z	20	99.8	99.8	SOURCE_ARG(imm/opcode/branch)	1	True	{'immediate': 1}	src/band3/meta_band/SongStatusMgr.cpp
default/band3/game/RGTrainerPanel	?XAuthCreateLocalSocket@CXNetAdapter@@EAAJHHHPAI@Z	20	0.0	0.0	NO_BODY/stub	5	False	{}	src/band3/game/RGTrainerPanel.cpp
default/BandMachineMgr	?Dispatch@SyncLocalMachineMsg@?A0x951deeb9@@UAAXXZ	20	0.0	0.0	NO_BODY/stub	5	False	{}	src/band3/meta_band/BandMachineMgr.cpp
default/StandardStream	?ParseITN@CCfgEngineBase@NUISPEECH@@UAAJPAUISpPhraseBuilder@2@@Z	20	0.0	0.0	NO_BODY/stub	5	False	{}	src/system/synth/StandardStream.cpp
default/Object	?SetFileChecksumData@@YAXXZ	16	0.0	0.0	NO_BODY/stub	4	False	{}	src/system/obj/Object.cpp
default/BandCamShot	??0SkeletonCallback@@QAA@XZ	16	85.0	85.0	SOURCE_ARG(imm/opcode/branch)	1	False	{'opcode': 1}	src/system/bandobj/BandCamShot.cpp
default/VocalTrackDir	?SetTypeDef@UIComponent@@$4PPPPPPPM@NE@AAXPAVDataArray@@@Z	16	0.0	0.0	NO_BODY/stub	4	False	{}	src/system/bandobj/VocalTrackDir.cpp
default/TourDescPanel	?SetTypeDef@UIPanel@@$4PPPPPPPM@BM@AAXPAVDataArray@@@Z	16	98.5	99.75	SOURCE_ARG(imm/opcode/branch)	2	True	{'immediate': 1, 'relocname': 1}	src/band3/tour/TourDescPanel.cpp
default/TourDescPanel	?DataDir@UIPanel@@$4PPPPPPPM@BM@AAPAVObjectDir@@XZ	16	99.75	99.75	SOURCE_ARG(imm/opcode/branch)	1	True	{'immediate': 1}	src/band3/tour/TourDescPanel.cpp
default/TourDescPanel	?Replace@RndDir@@$4PPPPPPPM@FM@AAXPAVObjRef@@PAVObject@Hmx@@@Z	16	0.0	0.0	NO_BODY/stub	4	False	{}	src/band3/tour/TourDescPanel.cpp
default/ArkFile	?Fail@ArkFile@@UAA_NXZ	16	35.0	35.0	SOURCE_INSDEL	3	False	{'opcode': 1}	src/system/os/ArkFile.cpp
default/system/synth_xbox/Synth	?PreLoad@Object@Hmx@@UAAXAAVBinStream@@@Z	16	99.75	99.75	SOURCE_ARG(imm/opcode/branch)	1	True	{'immediate': 1}	src/system/synth_xbox/Synth.cpp
default/HamMove	?Mirrored@HamMove@@QBA?AW4MoveMirrored@@XZ	16	99.75	99.75	SOURCE_ARG(imm/opcode/branch)	1	True	{'immediate': 1}	src/system/hamobj/HamMove.cpp
default/Waypoint	?Copy@RndTransformable@@$4PPPPPPPM@M@AAXPBVObject@Hmx@@W4CopyType@23@@Z	16	99.75	99.75	SOURCE_ARG(imm/opcode/branch)	1	True	{'immediate': 1}	src/system/char/Waypoint.cpp
default/Waypoint	??0Symbol@@QAA@XZ	16	85.0	85.0	SOURCE_ARG(imm/opcode/branch)	1	False	{'opcode': 1}	src/system/char/Waypoint.cpp
default/Anim	??$__insertion_sort@PAPAVRndPollable@@PAV1@P6A_NPBV1@0@Z@stlpmtx_std@@YAXPAPAVRndPollable@@00P6A_NPBV1@1@Z@Z	16	0.0	6.25	NO_BODY/stub	20	False	{'register': 2, 'immediate': 1, 'opcode': 1, 'relocname': 1}	src/system/rndobj/Anim.cpp
default/MoveDir	?MoveBeat@MoveDir@@QBAHXZ	16	84.75	84.75	SOURCE_ARG(imm/opcode/branch)	2	False	{'opcode': 1, 'immediate': 1}	src/system/hamobj/MoveDir.cpp
default/RhythmDetector	??_ERhythmDetector@@$4PPPPPPPM@MBM@AAPAXI@Z	16	54.75	54.75	SOURCE_ARG(imm/opcode/branch)	4	False	{'immediate': 1, 'opcode': 3}	src/system/hamobj/RhythmDetector.cpp
default/NetCacheMgr	??F?$_List_iterator@UNetLoaderRef@@U?$_Nonconst_traits@UNetLoaderRef@@@stlpmtx_std@@@stlpmtx_std@@QAAAAU01@XZ	16	84.5	84.5	SOURCE_ARG(imm/opcode/branch)	3	False	{'immediate': 2, 'opcode': 1}	src/system/utl/NetCacheMgr.cpp
default/MatAnim	??1ObjRef@@QAA@XZ	16	25.0	25.0	SOURCE_INSDEL	3	False	{}	src/system/rndobj/MatAnim.cpp
default/StorePanel	?Load@UIPanel@@$4PPPPPPPM@EM@AAXAAVBinStream@@@Z	16	99.75	99.75	SOURCE_ARG(imm/opcode/branch)	1	True	{'immediate': 1}	src/system/meta/StorePanel.cpp
default/UISlider	?SetTypeDef@UISlider@@$4PPPPPPPM@A@AAXPAVDataArray@@@Z	16	73.75	75.0	SOURCE_INSDEL	2	False	{'relocname': 1}	src/system/ui/UISlider.cpp
default/Performer	?GetVocalPartPercentage@Stats@@QBAMH@Z	16	97.25	99.75	SOURCE_ARG(imm/opcode/branch)	2	True	{'immediate': 1, 'register': 2}	src/band3/game/Performer.cpp
default/Performer	XShaderPDBBuilder_AddRef	16	0.0	0.0	NO_BODY/stub	4	False	{}	src/band3/game/Performer.cpp
default/BandUser	?SyncProperty@BandUser@@$4PPPPPPPM@PPPPPPCE@AA_NAAVDataNode@@PAVDataArray@@HW4PropOp@@@Z	16	97.25	98.5	RELOCNAME_ONLY	2	False	{'relocname': 1}	src/band3/game/BandUser.cpp
default/BandMachineMgr	??1SongSortCmp@@UAA@XZ	16	0.0	0.0	NO_BODY/stub	4	False	{}	src/band3/meta_band/BandMachineMgr.cpp
default/MetaPanel	?PreLoad@UIComponent@@$4PPPPPPPM@3AAXAAVBinStream@@@Z	16	0.0	0.0	NO_BODY/stub	4	False	{}	src/band3/meta_band/MetaPanel.cpp
default/MetaPanel	??_EAppScoreDisplay@@$4PPPPPPPM@BEI@AAPAXI@Z	16	0.0	0.0	NO_BODY/stub	4	False	{}	src/band3/meta_band/MetaPanel.cpp
default/GemTrack	?SetInCoda@GemTrack@@QAAX_N@Z	16	75.0	75.0	SOURCE_INSDEL	1	False	{}	src/band3/bandtrack/GemTrack.cpp
default/TexLoadPanel	?PostSave@Object@Hmx@@UAAXAAVBinStream@@@Z	16	25.0	25.0	SOURCE_INSDEL	3	False	{}	src/band3/meta_band/TexLoadPanel.cpp
default/RockCentral	??0?$reverse_iterator@PAPAVLocalSavedSetlist@@@stlpmtx_std@@QAA@ABV01@@Z	12	60.0	60.0	SOURCE_ARG(imm/opcode/branch)	2	False	{'opcode': 2}	src/band3/net_band/RockCentral.cpp
default/RockCentral	??0?$reverse_iterator@PAD@stlpmtx_std@@QAA@ABV01@@Z	12	60.0	60.0	SOURCE_ARG(imm/opcode/branch)	2	False	{'opcode': 2}	src/band3/net_band/RockCentral.cpp
default/BandDirector	?GetDistanceToPlane@RndDrawable@@UAAMABVPlane@@AAVVector3@@@Z	12	80.0	80.0	SOURCE_ARG(imm/opcode/branch)	1	False	{'opcode': 1}	src/system/bandobj/BandDirector.cpp
default/BandDirector	?ST_SetTrackingMode@@YAKW4ST_TRACKING_MODE@@@Z	12	0.0	0.0	NO_BODY/stub	3	False	{}	src/system/bandobj/BandDirector.cpp
default/TrackPanelDirBase	?SetName@ObjectDir@@$4PPPPPPPM@CBE@AAXPBDPAV1@@Z	12	65.0	66.666664	SOURCE_INSDEL	2	False	{'relocname': 1}	src/system/bandobj/TrackPanelDirBase.cpp
default/MusicLibrary	?GapSize@UIListProvider@@UBAMHHHH@Z	12	80.0	80.0	SOURCE_ARG(imm/opcode/branch)	1	False	{'opcode': 1}	src/band3/meta_band/MusicLibrary.cpp
default/BandCharacter	??_EBandCharDescTest@@$4PPPPPPPM@CDI@AAPAXI@Z	12	66.666664	66.666664	SOURCE_INSDEL	1	False	{}	src/system/bandobj/BandCharacter.cpp
default/VocalTrackDir	?Copy@UILabel@@$4PPPPPPPM@A@AAXPBVObject@Hmx@@W4CopyType@23@@Z	12	0.0	0.0	NO_BODY/stub	3	False	{}	src/system/bandobj/VocalTrackDir.cpp
default/VocalTrackDir	?SetType@UILabel@@$4PPPPPPPM@A@AAXVSymbol@@@Z	12	0.0	0.0	NO_BODY/stub	3	False	{}	src/system/bandobj/VocalTrackDir.cpp
default/Gen	?SetType@RndSpline@@$4PPPPPPPM@A@AAXVSymbol@@@Z	12	0.0	0.0	NO_BODY/stub	3	False	{}	src/system/rndobj/Gen.cpp
default/LightHue	?Print@RndTransformable@@$4PPPPPPPM@IM@AAXXZ	12	66.666664	66.666664	SOURCE_INSDEL	1	False	{}	src/system/world/LightHue.cpp
default/Debug	??__EgNotifies@@YAXXZ	12	60.0	60.0	SOURCE_ARG(imm/opcode/branch)	2	False	{'opcode': 2}	src/system/os/Debug.cpp
default/Task	?ResetBeatTaskTime@TaskMgr@@QAAXM@Z	12	99.666664	99.666664	SOURCE_ARG(imm/opcode/branch)	1	True	{'immediate': 1}	src/system/obj/Task.cpp
default/system/rndobj/Utl	?ScaleXfms@@YAXPAVRndMultiMesh@@ABVVector3@@@Z	12	0.0	1.6666666	NO_BODY/stub	38	False	{'relocname': 1}	src/system/rndobj/Utl.cpp
default/HamCamTransform	?PreSave@OutfitConfig@@$4PPPPPPPM@A@AAXAAVBinStream@@@Z	12	0.0	0.0	NO_BODY/stub	3	False	{}	src/system/hamobj/HamCamTransform.cpp
default/TexMovie	?Reset@TexMovie@@QAAXXZ	12	0.0	0.0	NO_BODY/stub	4	False	{'opcode': 2}	src/system/movie/TexMovie.cpp
default/Waypoint	?ClassName@RndTransformable@@$4PPPPPPPM@M@BA?AVSymbol@@XZ	12	65.0	66.666664	SOURCE_INSDEL	2	False	{'relocname': 1}	src/system/char/Waypoint.cpp
default/Matchmaker	?Main@ObjectDir@@SAPAV1@XZ	12	80.0	80.0	SOURCE_ARG(imm/opcode/branch)	1	False	{'opcode': 1}	src/band3/meta_band/Matchmaker.cpp
default/PropKeys	?Current@RndCam@@SAPAV1@XZ	12	80.0	80.0	SOURCE_ARG(imm/opcode/branch)	1	False	{'opcode': 1}	src/system/rndobj/PropKeys.cpp
default/MoggClipMap	?SetScreenSaver@PlatformMgr@@QAAX_N@Z	12	0.0	0.0	NO_BODY/stub	3	False	{}	src/system/synth/MoggClipMap.cpp
default/Splash	?ResumeFunc@@YAXXZ	12	78.333336	80.0	SOURCE_ARG(imm/opcode/branch)	2	False	{'opcode': 1, 'relocname': 1}	src/system/movie/Splash.cpp
default/MetaMusic	?IsLoaded@MetaMusicLoader@@UBA_NXZ	12	0.0	1.6666666	NO_BODY/stub	7	False	{'register': 1, 'opcode': 2}	src/system/synth/MetaMusic.cpp
default/SongInfoCopy	?_M_throw_length_error@?$_String_base@DV?$allocator@D@stlpmtx_std@@@stlpmtx_std@@IBAXXZ	12	60.0	60.0	SOURCE_ARG(imm/opcode/branch)	2	False	{'opcode': 2}	src/system/utl/SongInfoCopy.cpp
default/Env_NG	??__F?sBloom@NgPostProc@@1V?$BloomTextures@$02@1@A@@YAXXZ	12	80.0	80.0	SOURCE_ARG(imm/opcode/branch)	1	False	{'opcode': 1}	src/system/rndobj/Env_NG.cpp
default/Gesture	?Copy@SongSectionController@@$4PPPPPPPM@A@AAXPBVObject@Hmx@@W4CopyType@23@@Z	12	0.0	0.0	NO_BODY/stub	3	False	{}	src/system/gesture/Gesture.cpp
default/Shockwave	?PostLoad@WorldDir@@$4PPPPPPPM@A@AAXAAVBinStream@@@Z	12	0.0	0.0	NO_BODY/stub	3	False	{}	src/system/rndobj/Shockwave.cpp
default/UITransitionHandler	?TextToken@UILabel@@QAA?AVSymbol@@XZ	12	0.0	0.0	NO_BODY/stub	3	False	{}	src/system/ui/UITransitionHandler.cpp
default/Accomplishment	?StartFrame@RndAnimatable@@UAAMXZ	12	80.0	80.0	SOURCE_ARG(imm/opcode/branch)	1	False	{'opcode': 1}	src/band3/meta_band/Accomplishment.cpp
default/band3/bandtrack/TrackPanel	?GetNumPlayers@TrackPanel@@UBAHXZ	12	40.0	40.0	SOURCE_ARG(imm/opcode/branch)	3	False	{'opcode': 3}	src/band3/bandtrack/TrackPanel.cpp
default/band3/meta_band/PrefabMgr	?PrefabIsCustomizable@PrefabMgr@@SA_NXZ	12	80.0	80.0	SOURCE_ARG(imm/opcode/branch)	1	False	{'opcode': 1}	src/band3/meta_band/PrefabMgr.cpp
default/band3/meta_band/LicenseMgr	??0?$_Slist_base@U?$pair@$$CBVSymbol@@V?$vector@VSymbol@@V?$StlNodeAlloc@VSymbol@@@stlpmtx_std@@@stlpmtx_std@@@stlpmtx_std@@V?$StlNodeAlloc@U?$pair@$$CBVSymbol@@V?$vector@VSymbol@@V?$StlNodeAlloc@VSymbol@@@stlpmtx_std@@@stlpmtx_std@@@stlpmtx_std@@@2@@priv@stlpmtx_std@@QAA@ABV?$StlNodeAlloc@U?$pair@$$CBVSymbol@@V?$vector@VSymbol@@V?$StlNodeAlloc@VSymbol@@@stlpmtx_std@@@stlpmtx_std@@@stlpmtx_std@@@2@@Z	12	80.0	80.0	SOURCE_ARG(imm/opcode/branch)	1	False	{'opcode': 1}	src/band3/meta_band/LicenseMgr.cpp
default/band3/meta_band/AccomplishmentTrainerListConditional	??0?$_Rb_tree_iterator@VSymbol@@U?$_ConstSetTraitsT@VSymbol@@@priv@stlpmtx_std@@@stlpmtx_std@@QAA@ABU?$_Rb_tree_iterator@VSymbol@@U?$_SetTraitsT@VSymbol@@@priv@stlpmtx_std@@@1@@Z	12	99.666664	99.666664	SOURCE_ARG(imm/opcode/branch)	1	True	{'immediate': 1}	src/band3/meta_band/AccomplishmentTrainerListConditional.cpp
default/MetaPanel	?ClassName@BandStoreUIPanel@@$4PPPPPPPM@A@BA?AVSymbol@@XZ	12	0.0	0.0	NO_BODY/stub	3	False	{}	src/band3/meta_band/MetaPanel.cpp
default/OutfitConfig	?CharAdvance@RndFontBase@@UBAMG@Z	12	78.333336	80.0	SOURCE_ARG(imm/opcode/branch)	2	False	{'register': 1, 'immediate': 1, 'opcode': 1}	src/system/bandobj/OutfitConfig.cpp
default/system/ui/UIProxy	?Load@UIPicture@@$4PPPPPPPM@A@AAXAAVBinStream@@@Z	12	0.0	0.0	NO_BODY/stub	3	False	{}	src/system/ui/UIProxy.cpp
default/MemHeap	?find@FixedString@@QBAID@Z	8	0.0	2.5	NO_BODY/stub	16	False	{'register': 1, 'opcode': 1}	src/system/utl/MemHeap.cpp
default/DepthBuffer3D	?Speed@UIList@@QBAMXZ	8	97.0	99.5	SOURCE_ARG(imm/opcode/branch)	2	True	{'immediate': 1, 'relocname': 1}	src/system/gesture/DepthBuffer3D.cpp
default/CharClip	??0?$_Rb_tree_base@U?$pair@$$CBHM@stlpmtx_std@@V?$StlNodeAlloc@U?$pair@$$CBHM@stlpmtx_std@@@2@@stlpmtx_std@@IAA@V?$__move_source@U?$_Rb_tree_base@U?$pair@$$CBHM@stlpmtx_std@@V?$StlNodeAlloc@U?$pair@$$CBHM@stlpmtx_std@@@2@@stlpmtx_std@@@1@@Z	8	0.0	0.0	NO_BODY/stub	24	False	{}	src/system/char/CharClip.cpp
default/UIListState	?GetIntegralImage@FaceDetector@TrueColor@@QAAPAMXZ	8	0.0	0.0	NO_BODY/stub	2	False	{}	src/system/ui/UIListState.cpp
default/UIListState	??0?$reverse_iterator@PAH@stlpmtx_std@@QAA@PAH@Z	8	99.5	99.5	SOURCE_ARG(imm/opcode/branch)	1	True	{'immediate': 1}	src/system/ui/UIListState.cpp
default/User	?GetLocalUser@LocalUser@@UBAPBV1@XZ	8	99.5	99.5	SOURCE_ARG(imm/opcode/branch)	1	True	{'immediate': 1}	src/system/os/User.cpp
default/MoveMgr	??2SpotlightDrawer@@SAPAXI@Z	8	0.0	5.0	NO_BODY/stub	15	False	{}	src/system/hamobj/MoveMgr.cpp
default/UILabel	?AddToDestroyList@CX2Engine@XAUDIO2@@QAAXPAUILeapFilter@@@Z	8	0.0	0.0	NO_BODY/stub	2	False	{}	src/system/ui/UILabel.cpp
default/PracticeSection	?ClearSteps@PracticeSection@@QAAXXZ	8	97.0	99.5	SOURCE_ARG(imm/opcode/branch)	2	True	{'immediate': 1, 'relocname': 1}	src/system/hamobj/PracticeSection.cpp
default/UIList	?IsScrolling@UIList@@QBA_NXZ	8	97.0	99.5	SOURCE_ARG(imm/opcode/branch)	2	True	{'immediate': 1, 'relocname': 1}	src/system/ui/UIList.cpp
default/PropKeys	?KeyGreaterEq@?$Keys@VColor@Hmx@@V12@@@QBAHM@Z	8	0.0	2.5	NO_BODY/stub	47	False	{'branchdest': 1}	src/system/rndobj/PropKeys.cpp
default/Splash	?MsPerFrame@Movie@@QBAMXZ	8	0.0	0.0	NO_BODY/stub	2	False	{}	src/system/movie/Splash.cpp
default/Splash	?NumFrames@Movie@@QBAHXZ	8	0.0	0.0	NO_BODY/stub	2	False	{}	src/system/movie/Splash.cpp
default/PoolAlloc	?RestoreAll@CMllr@NUISPEECH@@QAAXPAVCMvw@2@@Z	8	0.0	0.0	NO_BODY/stub	2	False	{}	src/system/utl/PoolAlloc.cpp
default/PanelDir	?GetObj@?$ObjRefConcrete@VMoggClip@@VObjectDir@@@@UBAPAVObject@Hmx@@XZ	8	0.0	0.0	NO_BODY/stub	2	False	{}	src/system/ui/PanelDir.cpp
default/MidiSynth	??$__destroy_aux@VMidiChannel@@@stlpmtx_std@@YAXPAVMidiChannel@@ABU__false_type@0@@Z	8	97.0	99.5	SOURCE_ARG(imm/opcode/branch)	2	True	{'immediate': 1, 'relocname': 1}	src/system/synth/MidiSynth.cpp
default/system/synth_xbox/FxSendMeterEffect	?allocate@?$StlNodeAlloc@ULevelData@@@stlpmtx_std@@QBAPAULevelData@@IPBX@Z	8	70.0	70.0	SOURCE_ARG(imm/opcode/branch)	1	False	{'opcode': 1}	src/system/synth_xbox/FxSendMeterEffect.cpp
default/ClipGraphGen	?TypeDef@Object@Hmx@@QBAPAVDataArray@@XZ	8	69.5	69.5	SOURCE_ARG(imm/opcode/branch)	2	False	{'immediate': 1, 'opcode': 1}	src/system/char/ClipGraphGen.cpp
default/MidiInstrument	?Reset@ATanInterpolator@@QAAXABVVector2@@0M@Z	8	0.0	0.0	NO_BODY/stub	2	False	{}	src/system/synth/MidiInstrument.cpp
default/MatAnim	?Save@RndDir@@$4PPPPPPPM@A@AAXAAVBinStream@@@Z	8	20.0	20.0	SOURCE_INSDEL	2	False	{'opcode': 1}	src/system/rndobj/MatAnim.cpp
default/PlatformMgr	?QueueEnumJob@PlatformMgr@@QAAXPAVJob@@@Z	8	97.0	99.5	SOURCE_ARG(imm/opcode/branch)	2	True	{'immediate': 1, 'relocname': 1}	src/system/os/PlatformMgr.cpp
default/band3/game/UITransitionNetMsgs	?GetActivePlayers@Band@@QAAAAV?$vector@PAVPlayer@@V?$StlNodeAlloc@PAVPlayer@@@stlpmtx_std@@@stlpmtx_std@@XZ	8	0.0	0.0	NO_BODY/stub	2	False	{}	src/band3/game/UITransitionNetMsgs.cpp
default/band3/game/Game	??0?$_List_iterator@P6AXXZU?$_Nonconst_traits@P6AXXZ@stlpmtx_std@@@stlpmtx_std@@QAA@PAU_List_node_base@1@@Z	8	70.0	70.0	SOURCE_ARG(imm/opcode/branch)	1	False	{'opcode': 1}	src/band3/game/Game.cpp
default/TrackWatcherImpl	??0?$_STLP_alloc_proxy@PAUHamSupereasyMeasure@@U1@V?$StlNodeAlloc@UHamSupereasyMeasure@@@stlpmtx_std@@@stlpmtx_std@@QAA@ABV?$StlNodeAlloc@UHamSupereasyMeasure@@@1@PAUHamSupereasyMeasure@@@Z	8	97.0	99.5	SOURCE_ARG(imm/opcode/branch)	1	True	{'register': 1, 'immediate': 1}	src/system/beatmatch/TrackWatcherImpl.cpp
default/GemManager	?AddPollable@FlowManager@@QAAXPAVFlowNode@@@Z	8	99.5	99.5	SOURCE_ARG(imm/opcode/branch)	1	True	{'immediate': 1}	src/band3/bandtrack/GemManager.cpp
default/GemManager	?ExtractBodyPart@Pipeline@ST@@QAAXW4STEXCentroidType@STEXEMPLAR@@PAU_XMFLOAT4@@@Z	8	0.0	0.0	NO_BODY/stub	2	False	{}	src/band3/bandtrack/GemManager.cpp
default/GemTrack	?ExtractBodyPart@ST@@YAXW4STEXCentroidType@STEXEMPLAR@@PAU_XMFLOAT4@@@Z	8	0.0	0.0	NO_BODY/stub	2	False	{}	src/band3/bandtrack/GemTrack.cpp
default/system/beatmatch/GameGem	?SetImportantStrings@GameGem@@QAAXE@Z	8	99.5	99.5	SOURCE_ARG(imm/opcode/branch)	1	True	{'immediate': 1}	src/system/beatmatch/GameGem.cpp
default/band3/game/BandPerformer	?SetReleaseSmoothing@PitchCorrectedVoice@Synapse@DSP@@QAAXM@Z	8	0.0	0.0	NO_BODY/stub	2	False	{}	src/band3/game/BandPerformer.cpp
default/band3/game/BandPerformer	?MaxPhraseScore@VocalPart@@QBAMXZ	8	0.0	0.0	NO_BODY/stub	2	False	{}	src/band3/game/BandPerformer.cpp
default/band3/game/BandPerformer	??0?$_STLP_alloc_proxy@PAPAVSinger@@PAV1@V?$StlNodeAlloc@PAVSinger@@@stlpmtx_std@@@stlpmtx_std@@QAA@ABV?$StlNodeAlloc@PAVSinger@@@1@PAPAVSinger@@@Z	8	0.0	0.0	NO_BODY/stub	2	False	{}	src/band3/game/BandPerformer.cpp
default/GemTrackResourceManager	??0?$StlNodeAlloc@VSmasherPlateInfo@GemTrackResourceManager@@@stlpmtx_std@@QAA@ABV01@@Z	4	40.0	40.0	SOURCE_ARG(imm/opcode/branch)	1	False	{'opcode': 1}	src/system/bandobj/GemTrackResourceManager.cpp
default/system/rndobj/Rnd	??3BinStream@@SAXPAX@Z	4	0.0	0.0	NO_BODY/stub	1	False	{}	src/system/rndobj/Rnd.cpp
default/Str	?allocate@?$StlNodeAlloc@VString@@@stlpmtx_std@@QBAPAVString@@IPBX@Z	4	0.0	5.0	NO_BODY/stub	2	False	{'relocname': 1}	src/system/utl/Str.cpp
default/system/synth_xbox/Synth	??1DETECTOR@MultiPoseDetector@FaceCore@@QAA@XZ	4	0.0	0.0	NO_BODY/stub	1	False	{}	src/system/synth_xbox/Synth.cpp
default/Joypad_Xbox	?ReceiveUpstreamAccelerometerResponse@@YAXHPAE@Z	4	40.0	40.0	SOURCE_ARG(imm/opcode/branch)	1	False	{'opcode': 1}	src/system/os/Joypad_Xbox.cpp
default/Joypad_Xbox	?ReceiveUpstreamCalbertResponse@@YAXHPAE@Z	4	40.0	40.0	SOURCE_ARG(imm/opcode/branch)	1	False	{'opcode': 1}	src/system/os/Joypad_Xbox.cpp
default/UIComponent	??$_Destroy_Range@V?$reverse_iterator@PAVUIMesh@UIComponent@@@stlpmtx_std@@@stlpmtx_std@@YAXV?$reverse_iterator@PAVUIMesh@UIComponent@@@0@0@Z	4	40.0	40.0	SOURCE_ARG(imm/opcode/branch)	1	False	{'opcode': 1}	src/system/ui/UIComponent.cpp
default/CharServoBone	XShaderPDBBuilder_AddSourceFile	4	0.0	0.0	NO_BODY/stub	1	False	{}	src/system/char/CharServoBone.cpp
default/system/rnddx9/Rnd	??0Vector2@@QAA@XZ	4	40.0	40.0	SOURCE_ARG(imm/opcode/branch)	1	False	{'opcode': 1}	src/system/rnddx9/Rnd.cpp
default/AllocInfo	?Validate@AllocInfo@@QBAXXZ	4	40.0	40.0	SOURCE_ARG(imm/opcode/branch)	1	False	{'opcode': 1}	src/system/utl/AllocInfo.cpp
default/VorbisMem	OggFree	4	40.0	40.0	SOURCE_ARG(imm/opcode/branch)	1	False	{'opcode': 1}	src/system/oggvorbis/VorbisMem.cpp
default/CharLipSyncDriver	?CurrentThreadId@@YAKXZ	4	0.0	0.0	NO_BODY/stub	1	False	{}	src/system/char/CharLipSyncDriver.cpp
default/band3/meta_band/AssetMgr	??1?$_Rb_tree@HU?$less@H@stlpmtx_std@@U?$pair@$$CBHVString@@@2@U?$_Select1st@U?$pair@$$CBHVString@@@stlpmtx_std@@@2@U?$_MapTraitsT@U?$pair@$$CBHVString@@@stlpmtx_std@@@priv@2@V?$StlNodeAlloc@U?$pair@$$CBHVString@@@stlpmtx_std@@@2@@stlpmtx_std@@QAA@XZ	4	0.0	0.0	NO_BODY/stub	1	False	{}	src/band3/meta_band/AssetMgr.cpp
default/EndingBonus	??2Task@@SAPAXI@Z	4	0.0	0.0	NO_BODY/stub	2	False	{'opcode': 1}	src/system/bandobj/EndingBonus.cpp
default/CharacterCreatorPanel	??1?$_Rb_tree@HU?$less@H@stlpmtx_std@@U?$pair@$$CBHPAVUIComponent@@@2@U?$_Select1st@U?$pair@$$CBHPAVUIComponent@@@stlpmtx_std@@@2@U?$_MapTraitsT@U?$pair@$$CBHPAVUIComponent@@@stlpmtx_std@@@priv@2@V?$StlNodeAlloc@U?$pair@$$CBHPAVUIComponent@@@stlpmtx_std@@@2@@stlpmtx_std@@QAA@XZ	4	0.0	0.0	NO_BODY/stub	1	False	{}	src/band3/meta_band/CharacterCreatorPanel.cpp
default/CharacterCreatorPanel	??1?$map@HPAVUIComponent@@U?$less@H@stlpmtx_std@@V?$StlNodeAlloc@U?$pair@$$CBHPAVUIComponent@@@stlpmtx_std@@@3@@stlpmtx_std@@QAA@XZ	4	0.0	0.0	NO_BODY/stub	1	False	{}	src/band3/meta_band/CharacterCreatorPanel.cpp
default/GemTrack	??1CCfgLexicon@NUISPEECH@@QAA@XZ	4	0.0	0.0	NO_BODY/stub	1	False	{}	src/band3/bandtrack/GemTrack.cpp
