unit	cls	rows	rep	asm	ambig_asm	deficit	tgtfn	ourfn	ostate	our_loc	wii_loc	dc3_loc	unit_matched	src
default/DuplicatedObject	A_QUAZAL	83	24188	24188	0	49	95	46	WE_ALREADY_HOLD	98	75	-1	1.2452107279693487	src/network/ObjDup/DuplicatedObject.cpp
default/RockCentral	B_BAND3	134	20368	20368	760	-353	956	1309	WE_ALREADY_HOLD	1991	1899	-1	56.081946222791295	src/band3/net_band/RockCentral.cpp
default/VocalTrackDir	C_SYSTEM	166	15544	15544	3556	-1313	614	1927	WE_ALREADY_HOLD	1467	1361	-1	55.72218338946432	src/system/bandobj/VocalTrackDir.cpp
default/network/quazal/Transport/PRUDP/PRUDPEndPoint	A_QUAZAL	64	12992	12992	0	64	64	0	SCAFFOLD_NO_ORACLE	7	-1	-1	0.0	src/network/quazal/Transport/PRUDP/PRUDPEndPoint.cpp
default/BandSongMetadata	B_BAND3	61	12252	12252	1392	-618	253	871	WE_ALREADY_HOLD	594	511	-1	42.9813124728379	src/band3/meta_band/BandSongMetadata.cpp
default/network/quazal/ObjDupProtocol	A_QUAZAL	53	12060	12060	0	53	53	0	SCAFFOLD_NO_ORACLE	7	-1	-1	0.0	src/network/quazal/ObjDupProtocol.cpp
default/Text	C_SYSTEM	26	10412	10412	0	-467	171	638	ORACLE_SURPLUS	2041	1997	2790	41.82874122096164	src/system/rndobj/Text.cpp
default/GemManager	B_BAND3	35	10288	10288	80	-1288	187	1475	WE_ALREADY_HOLD	1688	1669	-1	39.21023359288098	src/band3/bandtrack/GemManager.cpp
default/MoveMgr	C_SYSTEM	58	10328	10272	160	-1848	115	1963	WE_ALREADY_HOLD	1008	-1	1008	12.88135593220339	src/system/hamobj/MoveMgr.cpp
default/LightPreset	C_SYSTEM	35	10092	10092	104	-5743	398	6141	WE_ALREADY_HOLD	1512	1387	1406	62.24454450987184	src/system/world/LightPreset.cpp
default/system/bandobj/BandTrack	C_SYSTEM	51	10076	10076	624	-53	271	324	WE_ALREADY_HOLD	1045	1017	-1	53.53942070398753	src/system/bandobj/BandTrack.cpp
default/DirLoader	C_SYSTEM	61	9192	9192	600	-266	205	471	WE_ALREADY_HOLD	1523	833	1120	39.81705212288574	src/system/obj/DirLoader.cpp
default/network/quazal/Transport/PRUDP/PRUDPStream	A_QUAZAL	69	8888	8888	1640	69	69	0	SCAFFOLD_NO_ORACLE	7	-1	-1	0.0	src/network/quazal/Transport/PRUDP/PRUDPStream.cpp
default/network/quazal/Transport/Interface/NATTraversalEngine	A_QUAZAL	69	8680	8680	1360	69	69	0	SCAFFOLD_NO_ORACLE	7	-1	-1	0.0	src/network/quazal/Transport/Interface/NATTraversalEngine.cpp
default/MetaPerformer	B_BAND3	36	8404	8404	0	-666	358	1024	WE_ALREADY_HOLD	1831	1900	-1	73.26592326592326	src/band3/meta_band/MetaPerformer.cpp
default/EventTrigger	C_SYSTEM	33	8384	8384	1148	-4256	341	4597	WE_ALREADY_HOLD	946	874	880	49.59189417393752	src/system/rndobj/EventTrigger.cpp
default/AmbientOcclusion	C_SYSTEM	19	8168	8168	0	-9302	147	9449	WE_ALREADY_HOLD	1730	53	1615	39.6551724137931	src/system/rndobj/AmbientOcclusion.cpp
default/CharBoneDir	C_SYSTEM	45	7916	7916	80	-658	201	859	WE_ALREADY_HOLD	418	343	324	49.62061055232045	src/system/char/CharBoneDir.cpp
default/network/quazal/Transport/Interface/StationURL	A_QUAZAL	69	7856	7856	1188	71	71	0	SCAFFOLD_NO_ORACLE	8	-1	-1	0.0	src/network/quazal/Transport/Interface/StationURL.cpp
default/MidiParser	C_SYSTEM	54	6544	7496	0	-43	227	270	WE_ALREADY_HOLD	725	721	690	66.6813251245969	src/system/midi/MidiParser.cpp
default/Scheduler	A_QUAZAL	23	7472	7472	0	-21	26	47	WE_ALREADY_HOLD	31	31	-1	0.0	src/network/Core/Scheduler.cpp
default/ChordShapeGenerator	C_SYSTEM	17	7428	7428	0	-444	142	586	WE_ALREADY_HOLD	893	870	-1	37.305310564833924	src/system/bandobj/ChordShapeGenerator.cpp
default/MusicLibraryStore	B_BAND3	33	6016	7424	384	-473	68	541	NONE	94	-1	-1	20.072661217075385	src/band3/meta_band/MusicLibraryStore.cpp
default/UI	C_SYSTEM	42	7352	7352	0	-486	210	696	WE_ALREADY_HOLD	1379	1036	1275	39.13826998689384	src/system/ui/UI.cpp
default/system/rnddx9/ShaderMgr	C_SYSTEM	35	7300	7288	112	-113	83	196	ORACLE_SURPLUS	367	-1	520	20.05703422053232	src/system/rnddx9/ShaderMgr.cpp
default/band3/game/Game	B_BAND3	18	6916	6916	0	-819	355	1174	WE_ALREADY_HOLD	1679	1834	-1	55.02401725321047	src/band3/game/Game.cpp
default/CustomizePanel	B_BAND3	20	6720	6720	272	-588	237	825	WE_ALREADY_HOLD	1522	1169	-1	40.0	src/band3/meta_band/CustomizePanel.cpp
default/UILabel	C_SYSTEM	32	6620	6620	120	-225	226	451	WE_ALREADY_HOLD	1233	1078	961	60.286948042902914	src/system/ui/UILabel.cpp
default/network/quazal/Services/Facades/Client/JobBackEndServicesLogin	A_QUAZAL	19	6544	6544	0	21	21	0	SCAFFOLD_NO_ORACLE	7	-1	-1	0.0	src/network/quazal/Services/Facades/Client/JobBackEndServicesLogin.cpp
default/system/rndobj/Utl	C_SYSTEM	32	6424	6460	0	-8033	212	8245	WE_ALREADY_HOLD	2757	1534	2730	34.144824522434476	src/system/rndobj/Utl.cpp
default/Font	C_SYSTEM	20	6332	6332	0	-2443	110	2553	WE_ALREADY_HOLD	827	578	802	46.758436944937834	src/system/rndobj/Font.cpp
default/network/quazal/Transport/UDP/UDPTransport	A_QUAZAL	42	6184	6184	880	42	42	0	SCAFFOLD_NO_ORACLE	7	-1	-1	0.0	src/network/quazal/Transport/UDP/UDPTransport.cpp
default/GemPlayer	B_BAND3	23	6124	6124	0	-797	341	1138	WE_ALREADY_HOLD	2896	2891	-1	59.19594808483697	src/band3/game/GemPlayer.cpp
default/Anim	C_SYSTEM	18	6040	6040	0	-2449	209	2658	WE_ALREADY_HOLD	664	390	607	51.56935538305771	src/system/rndobj/Anim.cpp
default/network/quazal/JobJoinSession	A_QUAZAL	14	6036	6036	0	15	15	0	SCAFFOLD_NO_ORACLE	7	-1	-1	0.0	src/network/quazal/JobJoinSession.cpp
default/band3/bandtrack/Gem	B_BAND3	22	5956	5956	0	-1907	210	2117	WE_ALREADY_HOLD	643	598	-1	37.54477817580601	src/band3/bandtrack/Gem.cpp
default/BandCharacter	C_SYSTEM	55	6660	5944	604	-1190	611	1801	ORACLE_SURPLUS	3308	5401	-1	63.11802232854865	src/system/bandobj/BandCharacter.cpp
default/TrackPanelDir	C_SYSTEM	38	5856	5856	648	-305	237	542	ORACLE_SURPLUS	733	858	-1	54.90802819322675	src/system/bandobj/TrackPanelDir.cpp
default/network/quazal/Station	A_QUAZAL	27	5836	5836	0	27	27	0	SCAFFOLD_NO_ORACLE	8	-1	-1	0.0	src/network/quazal/Station.cpp
default/CharClip	C_SYSTEM	29	5816	5816	80	-683	240	923	WE_ALREADY_HOLD	1153	1140	1186	67.7379983726607	src/system/char/CharClip.cpp
default/BandSongMgr	B_BAND3	23	5812	5812	80	-1584	192	1776	WE_ALREADY_HOLD	1194	1032	-1	50.94845755891933	src/band3/meta_band/BandSongMgr.cpp
default/Rnd_Xbox	C_SYSTEM	19	5808	5808	0	-2358	171	2529	ORACLE_SURPLUS	983	-1	1193	41.07883817427386	src/system/rnddx9/Rnd_Xbox.cpp
default/BandCharDesc	C_SYSTEM	19	5676	5676	0	-2332	266	2598	WE_ALREADY_HOLD	1207	1143	-1	72.51729249011858	src/system/bandobj/BandCharDesc.cpp
default/HamCamTransform	C_SYSTEM	36	5668	5668	0	-5165	195	5360	WE_ALREADY_HOLD	267	-1	207	18.29447595043058	src/system/hamobj/HamCamTransform.cpp
default/CharacterCreatorPanel	B_BAND3	29	5664	5668	288	-602	204	806	WE_ALREADY_HOLD	896	883	-1	39.379115710254	src/band3/meta_band/CharacterCreatorPanel.cpp
default/SongParser	C_SYSTEM	21	5620	5620	360	-549	218	767	WE_ALREADY_HOLD	2744	2693	-1	55.835481602999764	src/system/beatmatch/SongParser.cpp
default/network/net/NetSession	A_QUAZAL	23	5676	5492	160	-712	317	1029	WE_ALREADY_HOLD	1092	1090	-1	57.7657020093517	src/network/net/NetSession.cpp
default/Voice	C_SYSTEM	39	5480	5480	2016	-132	81	213	ORACLE_SURPLUS	604	-1	891	33.67122080211547	src/system/synth_xbox/Voice.cpp
default/BandCamShot	C_SYSTEM	22	5416	5416	656	-6474	295	6769	WE_ALREADY_HOLD	939	873	-1	57.961107837360046	src/system/bandobj/BandCamShot.cpp
default/Tour	B_BAND3	31	5400	5400	1072	-837	177	1014	WE_ALREADY_HOLD	841	799	-1	30.20955968919237	src/band3/tour/Tour.cpp
default/CameraShot	C_SYSTEM	18	5348	5348	80	-1376	325	1701	WE_ALREADY_HOLD	1946	1659	1918	55.837652639901606	src/system/world/CameraShot.cpp
default/UIFontImporter	C_SYSTEM	25	5340	5340	1472	-150	178	328	WE_ALREADY_HOLD	731	570	677	67.94205052005944	src/system/ui/UIFontImporter.cpp
default/Mic	C_SYSTEM	31	5232	5232	248	-269	110	379	ORACLE_SURPLUS	433	-1	699	45.054620608207856	src/system/synth_xbox/Mic.cpp
default/band3/meta_band/AccomplishmentManager	B_BAND3	18	5404	5188	0	-1763	313	2076	WE_ALREADY_HOLD	1933	1932	-1	76.838944885267	src/band3/meta_band/AccomplishmentManager.cpp
default/Mesh	C_SYSTEM	36	5184	5184	480	-818	336	1154	WE_ALREADY_HOLD	1944	1808	1818	58.453688489146415	src/system/rndobj/Mesh.cpp
default/AccomplishmentSongConditional	B_BAND3	33	5160	5160	80	-385	87	472	WE_ALREADY_HOLD	303	267	-1	28.623928133932218	src/band3/meta_band/AccomplishmentSongConditional.cpp
default/system/rnddx9/CubeTex	C_SYSTEM	24	5536	5152	80	-677	151	828	WE_ALREADY_HOLD	88	-1	73	44.49818621523579	src/system/rnddx9/CubeTex.cpp
default/Splash	C_SYSTEM	25	5060	5060	0	-98	79	177	WE_ALREADY_HOLD	569	533	568	28.16	src/system/movie/Splash.cpp
default/system/rnddx9/Rnd	C_SYSTEM	29	5060	5060	0	-41	49	90	ORACLE_SURPLUS	289	-1	523	19.77116704805492	src/system/rnddx9/Rnd.cpp
default/band3/game/Player	B_BAND3	21	5024	5024	128	-785	196	981	WE_ALREADY_HOLD	1271	1188	-1	75.6656346749226	src/band3/game/Player.cpp
default/Character	C_SYSTEM	30	5000	5000	280	-2141	288	2429	WE_ALREADY_HOLD	1230	975	1174	48.381041764429845	src/system/char/Character.cpp
default/network/quazal/AccountManagement/Client/JobCreateAccount	A_QUAZAL	10	4952	4952	0	11	11	0	SCAFFOLD_NO_ORACLE	7	-1	-1	0.0	src/network/quazal/AccountManagement/Client/JobCreateAccount.cpp
default/VocalPart	B_BAND3	33	5176	4912	0	-479	70	549	WE_ALREADY_HOLD	1023	1019	-1	19.859726836471022	src/band3/game/VocalPart.cpp
default/GemTrack	B_BAND3	11	4884	4884	0	-602	102	704	WE_ALREADY_HOLD	1005	1001	-1	45.33875338753388	src/band3/bandtrack/GemTrack.cpp
default/network/quazal/Transport/Interface/Network	A_QUAZAL	48	4848	4848	512	48	48	0	SCAFFOLD_NO_ORACLE	7	-1	-1	0.0	src/network/quazal/Transport/Interface/Network.cpp
default/OvershellSlot	B_BAND3	20	4804	4804	0	-383	431	814	WE_ALREADY_HOLD	2188	2076	-1	68.01773766920803	src/band3/meta_band/OvershellSlot.cpp
default/Joypad	C_SYSTEM	13	4760	4760	264	-69	75	144	ORACLE_SURPLUS	562	695	850	53.397027600849256	src/system/os/Joypad.cpp
default/network/quazal/AccountManagement/Client/AccountManagementClient	A_QUAZAL	7	4444	4444	0	7	7	0	SCAFFOLD_NO_ORACLE	8	-1	-1	0.0	src/network/quazal/AccountManagement/Client/AccountManagementClient.cpp
default/MeshAnim	C_SYSTEM	37	4432	4432	0	-2552	342	2894	WE_ALREADY_HOLD	372	276	280	54.09631019387117	src/system/rndobj/MeshAnim.cpp
default/SongData	C_SYSTEM	29	4412	4412	48	-2079	278	2357	WE_ALREADY_HOLD	1373	1395	-1	54.106022165843235	src/system/beatmatch/SongData.cpp
default/band3/meta_band/NewAwardPanel	B_BAND3	29	4292	4292	488	-522	97	619	WE_ALREADY_HOLD	142	140	-1	43.95126196692776	src/band3/meta_band/NewAwardPanel.cpp
default/CameraManager	C_SYSTEM	27	4252	4252	520	-1153	140	1293	ORACLE_SURPLUS	406	382	585	64.43594646271511	src/system/world/CameraManager.cpp
default/Debug	C_SYSTEM	23	4172	4172	80	-505	69	574	WE_ALREADY_HOLD	537	533	550	36.01472134595163	src/system/os/Debug.cpp
default/StreakMeter	C_SYSTEM	23	4060	4060	496	-272	218	490	WE_ALREADY_HOLD	357	377	-1	33.7104506232023	src/system/bandobj/StreakMeter.cpp
default/PostProc	C_SYSTEM	8	4040	4040	80	-91	129	220	WE_ALREADY_HOLD	820	726	796	71.05323280785926	src/system/rndobj/PostProc.cpp
default/CharEyes	C_SYSTEM	32	3996	3996	480	-872	242	1114	WE_ALREADY_HOLD	1568	1369	1422	47.50459840588596	src/system/char/CharEyes.cpp
default/NextSongPanel	B_BAND3	14	3968	3968	0	-346	350	696	WE_ALREADY_HOLD	877	887	-1	48.08703969392635	src/band3/meta_band/NextSongPanel.cpp
default/CharCuff	C_SYSTEM	10	3960	3960	0	-94	58	152	ORACLE_SURPLUS	153	364	150	46.87235841081995	src/system/char/CharCuff.cpp
default/DepthBuffer3D	C_SYSTEM	24	3956	3956	80	-3592	93	3685	ORACLE_SURPLUS	324	-1	794	26.899563318777293	src/system/gesture/DepthBuffer3D.cpp
default/GemTrackDir	C_SYSTEM	18	3952	3952	0	-660	329	989	WE_ALREADY_HOLD	1379	1446	-1	50.21741554242391	src/system/bandobj/GemTrackDir.cpp
default/band3/game/GemTrainerPanel	B_BAND3	8	3920	3920	0	-630	100	730	WE_ALREADY_HOLD	590	569	-1	48.772355259169444	src/band3/game/GemTrainerPanel.cpp
default/StorePanel	C_SYSTEM	28	3884	3884	80	-801	121	922	WE_ALREADY_HOLD	722	520	745	34.705195563339174	src/system/meta/StorePanel.cpp
default/band3/meta_band/TokenRedemptionPanel	B_BAND3	18	3640	3640	0	-528	74	602	WE_ALREADY_HOLD	311	289	-1	43.59261331841074	src/band3/meta_band/TokenRedemptionPanel.cpp
default/band3/game/PresenceMgr	B_BAND3	11	3640	3640	0	-425	48	473	WE_ALREADY_HOLD	215	207	-1	37.18032786885246	src/band3/game/PresenceMgr.cpp
default/band3/meta_band/RetryAudioPanel	B_BAND3	16	3560	3560	144	-8	49	57	WE_ALREADY_HOLD	55	53	-1	24.1234221598878	src/band3/meta_band/RetryAudioPanel.cpp
default/ExternalMic	C_SYSTEM	10	3552	3552	0	-1978	32	2010	ORACLE_SURPLUS	233	-1	374	29.65277777777778	src/system/synth_xbox/ExternalMic.cpp
default/band3/meta_band/AccomplishmentProgress	B_BAND3	28	3540	3548	8	-1045	192	1237	WE_ALREADY_HOLD	1173	1117	-1	62.57861635220126	src/band3/meta_band/AccomplishmentProgress.cpp
default/OutfitConfig	C_SYSTEM	15	3704	3540	80	-2858	233	3091	WE_ALREADY_HOLD	1556	1442	-1	39.97016139970162	src/system/bandobj/OutfitConfig.cpp
default/network/quazal/Foundation/ProductFacade	A_QUAZAL	8	3520	3520	0	9	9	0	SCAFFOLD_NO_ORACLE	7	-1	-1	0.0	src/network/quazal/Foundation/ProductFacade.cpp
default/band3/game/TrainerPanel	B_BAND3	16	3508	3508	560	-831	127	958	WE_ALREADY_HOLD	473	437	-1	64.60859977949283	src/band3/game/TrainerPanel.cpp
default/FreestylePanel	B_BAND3	11	3480	3480	0	-449	57	506	WE_ALREADY_HOLD	171	175	-1	52.70394133822182	src/band3/game/FreestylePanel.cpp
default/network/quazal/SessionDiscovery/LAN/LANSessionDiscovery	A_QUAZAL	25	3468	3468	0	25	25	0	SCAFFOLD_NO_ORACLE	7	-1	-1	0.0	src/network/quazal/SessionDiscovery/LAN/LANSessionDiscovery.cpp
default/WavMgr	C_SYSTEM	34	3452	3452	0	-73	45	118	WE_ALREADY_HOLD	40	-1	38	1.0845986984815619	src/system/synth/WavMgr.cpp
default/network/quazal/StationManager	A_QUAZAL	8	3424	3424	0	8	8	0	SCAFFOLD_NO_ORACLE	7	-1	-1	0.0	src/network/quazal/StationManager.cpp
default/CheatProvider	C_SYSTEM	25	3396	3404	0	-744	68	812	WE_ALREADY_HOLD	192	176	183	18.157614483493077	src/system/ui/CheatProvider.cpp
default/network/quazal/XboxLSP/Client/JobLSPLogin	A_QUAZAL	7	3356	3356	0	8	8	0	SCAFFOLD_NO_ORACLE	7	-1	-1	0.0	src/network/quazal/XboxLSP/Client/JobLSPLogin.cpp
default/SkeletonClip	C_SYSTEM	14	3352	3352	0	-757	66	823	WE_ALREADY_HOLD	789	-1	795	15.281501340482574	src/system/gesture/SkeletonClip.cpp
default/Trans	C_SYSTEM	17	3324	3324	320	-250	139	389	WE_ALREADY_HOLD	795	705	759	66.24797406807131	src/system/rndobj/Trans.cpp
default/UIList	C_SYSTEM	15	3312	3312	0	-2544	299	2843	WE_ALREADY_HOLD	1149	1045	1017	63.42186534898085	src/system/ui/UIList.cpp
default/BandDirector	C_SYSTEM	14	3288	3288	0	-1536	546	2082	WE_ALREADY_HOLD	2044	2187	-1	69.24036422601971	src/system/bandobj/BandDirector.cpp
default/sslgen	C_SYSTEM	1	3280	3280	0	-3	1	4	WE_ALREADY_HOLD	516	-1	516	0.0	src/system/net/curl/lib/sslgen.c
default/SessionJobs_Xbox	C_SYSTEM	30	3276	3276	176	-5	43	48	WE_ALREADY_HOLD	167	-1	167	3.9682539682539684	src/system/net/SessionJobs_Xbox.cpp
default/AppInlineHelp	B_BAND3	12	3272	3272	0	-483	74	557	WE_ALREADY_HOLD	159	154	-1	52.14045214045214	src/band3/meta_band/AppInlineHelp.cpp
default/BandSwatch	C_SYSTEM	23	3276	3244	0	-2587	112	2699	WE_ALREADY_HOLD	123	93	-1	43.78809188935771	src/system/bandobj/BandSwatch.cpp
default/network/quazal/JobConnectStation	A_QUAZAL	9	3240	3240	0	9	9	0	SCAFFOLD_NO_ORACLE	7	-1	-1	0.0	src/network/quazal/JobConnectStation.cpp
default/band3/meta_band/BandStorePanel	B_BAND3	28	3404	3236	360	-491	120	611	WE_ALREADY_HOLD	423	398	-1	37.308773025288794	src/band3/meta_band/BandStorePanel.cpp
default/Shader	C_SYSTEM	14	3232	3232	0	-209	37	246	WE_ALREADY_HOLD	1462	-1	1410	30.99290780141844	src/system/rndobj/Shader.cpp
default/band3/game/RGTrainerPanel	B_BAND3	13	3216	3220	0	-536	133	669	WE_ALREADY_HOLD	665	636	-1	54.203483968694776	src/band3/game/RGTrainerPanel.cpp
default/MeshDeform	C_SYSTEM	15	3184	3184	0	-2203	79	2282	ORACLE_SURPLUS	281	404	236	51.849166062364034	src/system/rndobj/MeshDeform.cpp
default/Shockwave	C_SYSTEM	20	3176	3176	120	-1710	45	1755	WE_ALREADY_HOLD	127	-1	103	12.705882352941176	src/system/rndobj/Shockwave.cpp
default/OvershellPanel	B_BAND3	12	3140	3140	0	-1344	274	1618	WE_ALREADY_HOLD	1668	1667	-1	54.31641791044776	src/band3/meta_band/OvershellPanel.cpp
default/band3/meta_band/PatchPanel	B_BAND3	12	3120	3128	0	-171	136	307	WE_ALREADY_HOLD	731	724	-1	65.33825338253382	src/band3/meta_band/PatchPanel.cpp
default/MatAnim	C_SYSTEM	10	3124	3124	0	-2986	109	3095	WE_ALREADY_HOLD	313	254	292	54.00516795865633	src/system/rndobj/MatAnim.cpp
default/BandUser	B_BAND3	29	3120	3120	96	-534	208	742	WE_ALREADY_HOLD	681	672	-1	65.5478562148116	src/band3/game/BandUser.cpp
default/network/quazal/DupSpace/DuplicationSpaceTable	A_QUAZAL	8	3100	3100	0	8	8	0	SCAFFOLD_NO_ORACLE	7	-1	-1	0.0	src/network/quazal/DupSpace/DuplicationSpaceTable.cpp
default/band3/meta_band/SaveLoadManager	B_BAND3	25	3092	3092	0	-279	318	597	WE_ALREADY_HOLD	2350	2258	-1	75.67796610169492	src/band3/meta_band/SaveLoadManager.cpp
default/PatchDir	C_SYSTEM	13	3084	3084	0	-1422	179	1601	WE_ALREADY_HOLD	839	856	-1	64.54640250260688	src/system/bandobj/PatchDir.cpp
default/system/obj/Dir	C_SYSTEM	22	3064	3064	0	-1373	200	1573	WE_ALREADY_HOLD	1702	1041	1602	58.17838466008135	src/system/obj/Dir.cpp
default/VocalPlayer	B_BAND3	20	3036	3036	0	-822	237	1059	WE_ALREADY_HOLD	2254	2021	-1	61.98003327787021	src/band3/game/VocalPlayer.cpp
default/CalibrationPanel	B_BAND3	13	3024	3024	0	-578	122	700	WE_ALREADY_HOLD	892	868	-1	56.425233644859816	src/band3/meta_band/CalibrationPanel.cpp
default/RhythmDetector	C_SYSTEM	16	3024	3024	0	-798	38	836	WE_ALREADY_HOLD	931	-1	934	12.573344509639565	src/system/hamobj/RhythmDetector.cpp
default/SongSectionController	C_SYSTEM	14	2980	2980	0	-302	149	451	WE_ALREADY_HOLD	463	428	-1	61.06566954896004	src/system/bandobj/SongSectionController.cpp
default/TourDescPanel	B_BAND3	15	2980	2980	0	-604	115	719	WE_ALREADY_HOLD	623	633	-1	39.82583454281568	src/band3/tour/TourDescPanel.cpp
default/ProfileMgr	B_BAND3	24	2940	2940	688	-559	237	796	WE_ALREADY_HOLD	1508	1637	-1	79.777582674861	src/band3/meta_band/ProfileMgr.cpp
default/BandList	C_SYSTEM	14	2860	2932	312	-464	126	590	WE_ALREADY_HOLD	714	669	-1	61.54409968238456	src/system/bandobj/BandList.cpp
default/File	C_SYSTEM	22	2916	2916	0	-171	63	234	WE_ALREADY_HOLD	820	659	743	29.551060680809076	src/system/os/File.cpp
default/CharIKScale	C_SYSTEM	6	2900	2900	0	-1978	49	2027	WE_ALREADY_HOLD	164	126	132	47.70742358078603	src/system/char/CharIKScale.cpp
default/band3/meta_band/CampaignGoalsLeaderboardPanel	B_BAND3	12	2892	2892	608	-392	104	496	WE_ALREADY_HOLD	150	149	-1	58.14338997099047	src/band3/meta_band/CampaignGoalsLeaderboardPanel.cpp
default/TransAnim	C_SYSTEM	13	2804	2884	184	-304	124	428	WE_ALREADY_HOLD	397	418	392	61.684532924961715	src/system/rndobj/TransAnim.cpp
default/MemTracker	C_SYSTEM	14	2836	2836	0	-189	72	261	WE_ALREADY_HOLD	663	11	662	56.81667769688948	src/system/utl/MemTracker.cpp
default/MusicLibrary	B_BAND3	20	2812	2812	0	-1424	370	1794	WE_ALREADY_HOLD	2490	2250	-1	63.92743764172336	src/band3/meta_band/MusicLibrary.cpp
default/band3/game/Band	B_BAND3	12	2804	2804	80	-587	70	657	WE_ALREADY_HOLD	509	538	-1	67.90657439446366	src/band3/game/Band.cpp
default/FocusTracker	B_BAND3	20	2792	2792	160	-475	100	575	WE_ALREADY_HOLD	632	538	-1	65.71342564720048	src/band3/game/FocusTracker.cpp
default/band3/bandtrack/TrackPanel	B_BAND3	22	2740	2740	80	-639	138	777	WE_ALREADY_HOLD	910	877	-1	61.40982763056341	src/band3/bandtrack/TrackPanel.cpp
default/system/ui/UILabelDir	C_SYSTEM	26	2736	2736	400	-320	105	425	WE_ALREADY_HOLD	205	175	199	48.30399313009875	src/system/ui/UILabelDir.cpp
default/AccomplishmentPanel	B_BAND3	18	2724	2724	0	-704	408	1112	WE_ALREADY_HOLD	1757	1601	-1	78.80774032459426	src/band3/meta_band/AccomplishmentPanel.cpp
default/band3/meta_band/AssetProvider	B_BAND3	9	2700	2700	0	-543	36	579	WE_ALREADY_HOLD	208	204	-1	20.844564240790657	src/band3/meta_band/AssetProvider.cpp
default/SongDB	B_BAND3	15	2680	2680	96	-878	144	1022	WE_ALREADY_HOLD	662	648	-1	58.218768679019725	src/band3/game/SongDB.cpp
default/Line	C_SYSTEM	4	2676	2676	0	-426	78	504	WE_ALREADY_HOLD	832	810	805	62.23420185684336	src/system/rndobj/Line.cpp
default/system/synth/OggMap	C_SYSTEM	11	2672	2672	0	-61	14	75	WE_ALREADY_HOLD	31	26	31	2.6315789473684212	src/system/synth/OggMap.cpp
default/network/quazal/StationDDL	A_QUAZAL	19	2672	2672	0	19	19	0	SCAFFOLD_NO_ORACLE	8	-1	-1	0.0	src/network/quazal/StationDDL.cpp
default/GamePanel	B_BAND3	5	2636	2652	16	-548	98	646	WE_ALREADY_HOLD	703	674	-1	68.80634691669673	src/band3/game/GamePanel.cpp
default/Group	C_SYSTEM	13	2636	2636	80	-1813	113	1926	WE_ALREADY_HOLD	519	397	436	42.14950465325728	src/system/rndobj/Group.cpp
default/MasterAudio	C_SYSTEM	11	2624	2624	0	-422	134	556	WE_ALREADY_HOLD	996	1029	-1	72.80387613229408	src/system/beatmatch/MasterAudio.cpp
default/MemHeap	C_SYSTEM	10	2600	2600	80	-148	42	190	WE_ALREADY_HOLD	625	-1	543	30.357142857142858	src/system/utl/MemHeap.cpp
default/MemcardMgr_Xbox	C_SYSTEM	17	2564	2564	0	-64	78	142	WE_ALREADY_HOLD	434	-1	436	43.910561370123695	src/system/meta/MemcardMgr_Xbox.cpp
default/MessageTimer	C_SYSTEM	6	2540	2540	0	-1267	30	1297	ORACLE_SURPLUS	82	75	145	24.97998398718975	src/system/obj/MessageTimer.cpp
default/BandIKEffector	C_SYSTEM	6	2524	2524	0	-576	111	687	WE_ALREADY_HOLD	914	951	-1	43.480603448275865	src/system/bandobj/BandIKEffector.cpp
default/Matchmaker	B_BAND3	18	2512	2512	0	-527	113	640	WE_ALREADY_HOLD	428	428	-1	65.71224051539012	src/band3/meta_band/Matchmaker.cpp
default/CharDriver	C_SYSTEM	16	2508	2508	80	-671	164	835	WE_ALREADY_HOLD	825	921	749	62.61271167802947	src/system/char/CharDriver.cpp
default/network/quazal/Transport/UDP/QueuingSocket	A_QUAZAL	9	2488	2488	0	9	9	0	SCAFFOLD_NO_ORACLE	7	-1	-1	0.0	src/network/quazal/Transport/UDP/QueuingSocket.cpp
default/band3/meta_band/ViewSetting	B_BAND3	24	2484	2484	648	-2529	158	2687	WE_ALREADY_HOLD	570	518	-1	58.56551724137931	src/band3/meta_band/ViewSetting.cpp
default/BandPatchMesh	C_SYSTEM	14	2472	2472	80	-410	41	451	ORACLE_SURPLUS	218	1512	-1	39.80815347721823	src/system/bandobj/BandPatchMesh.cpp
default/SongStatusMgr	B_BAND3	18	2456	2456	0	-1156	107	1263	WE_ALREADY_HOLD	1054	1161	-1	66.73572062740456	src/band3/meta_band/SongStatusMgr.cpp
default/UIListDir	C_SYSTEM	4	2436	2436	0	-6287	109	6396	WE_ALREADY_HOLD	566	496	572	66.28278950735765	src/system/ui/UIListDir.cpp
default/SpotlightDrawer	C_SYSTEM	14	2408	2408	0	-835	107	942	WE_ALREADY_HOLD	667	637	649	66.52421652421653	src/system/world/SpotlightDrawer.cpp
default/band3/meta_band/MusicLibraryNetSetlists	B_BAND3	12	2408	2408	160	-576	48	624	WE_ALREADY_HOLD	322	321	-1	43.62714013950539	src/band3/meta_band/MusicLibraryNetSetlists.cpp
default/MetaPanel	B_BAND3	17	2404	2404	0	-675	379	1054	WE_ALREADY_HOLD	512	564	-1	84.89466606902734	src/band3/meta_band/MetaPanel.cpp
default/TexBlender	C_SYSTEM	7	2364	2364	0	-9521	85	9606	WE_ALREADY_HOLD	385	95	261	54.19237749546279	src/system/rndobj/TexBlender.cpp
default/network/quazal/Core/String	A_QUAZAL	20	2360	2360	456	20	20	0	SCAFFOLD_NO_ORACLE	8	-1	-1	0.0	src/network/quazal/Core/String.cpp
default/system/beatmatch/GameGemList	C_SYSTEM	16	2344	2344	0	-155	75	230	WE_ALREADY_HOLD	284	281	-1	29.47779404587604	src/system/beatmatch/GameGemList.cpp
default/network/quazal/SessionDDL	A_QUAZAL	12	2344	2344	0	12	12	0	SCAFFOLD_NO_ORACLE	8	-1	-1	0.0	src/network/quazal/SessionDDL.cpp
default/CharacterTest	C_SYSTEM	8	2308	2312	0	-670	40	710	WE_ALREADY_HOLD	467	497	468	25.46583850931677	src/system/char/CharacterTest.cpp
default/band3/meta_band/ModifierMgr	B_BAND3	18	2276	2276	860	-489	54	543	WE_ALREADY_HOLD	197	189	-1	48.813559322033896	src/band3/meta_band/ModifierMgr.cpp
default/Sfx	C_SYSTEM	9	2268	2268	0	-2410	197	2607	WE_ALREADY_HOLD	323	313	280	60.70803345652597	src/system/synth/Sfx.cpp
default/DataNode	C_SYSTEM	19	2260	2260	0	-1036	100	1136	WE_ALREADY_HOLD	939	805	793	58.17223198594024	src/system/obj/DataNode.cpp
default/BeatMatcher	C_SYSTEM	24	2240	2244	0	-484	118	602	WE_ALREADY_HOLD	612	606	-1	66.04310695404637	src/system/beatmatch/BeatMatcher.cpp
default/network/quazal/Core/ByteStream	A_QUAZAL	21	2208	2208	80	21	21	0	SCAFFOLD_NO_ORACLE	8	-1	-1	0.0	src/network/quazal/Core/ByteStream.cpp
default/PostProc_NG	C_SYSTEM	6	2168	2168	0	-479	46	525	WE_ALREADY_HOLD	532	-1	527	51.54525386313466	src/system/rndobj/PostProc_NG.cpp
default/band3/game/Singer	B_BAND3	7	2160	2160	0	-701	62	763	WE_ALREADY_HOLD	702	695	-1	41.28175519630485	src/band3/game/Singer.cpp
default/GameMicManager	B_BAND3	12	2152	2152	0	-124	60	184	WE_ALREADY_HOLD	248	240	-1	43.97163120567376	src/band3/game/GameMicManager.cpp
default/CharHair	C_SYSTEM	9	2136	2136	80	-684	186	870	ORACLE_SURPLUS	765	1024	780	57.69974706144919	src/system/char/CharHair.cpp
default/Crowd	C_SYSTEM	14	2136	2136	0	-1704	224	1928	WE_ALREADY_HOLD	1526	1308	1405	52.35842681443438	src/system/world/Crowd.cpp
default/FileMerger	C_SYSTEM	16	2124	2124	280	-2230	248	2478	WE_ALREADY_HOLD	723	585	634	47.92626728110599	src/system/char/FileMerger.cpp
default/EndingBonus	C_SYSTEM	15	2092	2092	360	-253	128	381	WE_ALREADY_HOLD	244	228	-1	66.12779060816013	src/system/bandobj/EndingBonus.cpp
default/UploadErrorMgr	B_BAND3	31	2092	2092	232	-1073	63	1136	WE_ALREADY_HOLD	35	31	-1	36.31790744466801	src/band3/meta_band/UploadErrorMgr.cpp
default/MainHubPanel	B_BAND3	9	2084	2084	376	-490	173	663	WE_ALREADY_HOLD	595	680	-1	87.0366447786486	src/band3/meta_band/MainHubPanel.cpp
default/band3/game/Stats	B_BAND3	7	2076	2076	0	-2858	122	2980	WE_ALREADY_HOLD	653	648	-1	60.18684872439813	src/band3/game/Stats.cpp
default/BandMachine	B_BAND3	14	2072	2072	240	-462	68	530	WE_ALREADY_HOLD	188	206	-1	53.63756613756614	src/band3/meta_band/BandMachine.cpp
default/Part	C_SYSTEM	8	2064	2064	120	-324	175	499	WE_ALREADY_HOLD	2180	1989	2010	70.4326923076923	src/system/rndobj/Part.cpp
default/CrowdAudio	C_SYSTEM	10	2060	2060	0	-1418	132	1550	WE_ALREADY_HOLD	584	590	-1	72.16547497446373	src/system/bandobj/CrowdAudio.cpp
default/network/quazal/DOCore	A_QUAZAL	1	2056	2056	0	1	1	0	SCAFFOLD_NO_ORACLE	7	-1	-1	0.0	src/network/quazal/DOCore.cpp
default/AppLabel	B_BAND3	10	1668	2052	288	-418	193	611	WE_ALREADY_HOLD	867	820	-1	89.28639391056137	src/band3/meta_band/AppLabel.cpp
default/network/quazal/Authentication/Client/JobTicketManagerLogin	A_QUAZAL	5	2028	2028	0	6	6	0	SCAFFOLD_NO_ORACLE	7	-1	-1	0.0	src/network/quazal/Authentication/Client/JobTicketManagerLogin.cpp
default/CrowdMeterIcon	C_SYSTEM	20	2024	2024	600	-119	116	235	WE_ALREADY_HOLD	154	149	-1	54.13184772516249	src/system/bandobj/CrowdMeterIcon.cpp
default/MoggClipMap	C_SYSTEM	20	2004	2008	0	-2	46	48	WE_ALREADY_HOLD	50	25	48	23.636363636363637	src/system/synth/MoggClipMap.cpp
default/GemTrackResourceManager	C_SYSTEM	17	2372	1996	416	-98	51	149	WE_ALREADY_HOLD	69	67	-1	27.47580044676098	src/system/bandobj/GemTrackResourceManager.cpp
default/DataFile	C_SYSTEM	17	1992	1992	80	-83	123	206	ORACLE_SURPLUS	782	915	755	48.372227023912416	src/system/obj/DataFile.cpp
default/network/quazal/Transport/Interface/JobConnectEndPoint	A_QUAZAL	13	1984	1984	0	13	13	0	SCAFFOLD_NO_ORACLE	7	-1	-1	0.0	src/network/quazal/Transport/Interface/JobConnectEndPoint.cpp
default/CharClipGroup	C_SYSTEM	8	1960	1960	0	-559	78	637	ORACLE_SURPLUS	198	231	205	57.11071107110711	src/system/char/CharClipGroup.cpp
default/network/quazal/Core	A_QUAZAL	3	1960	1960	0	4	4	0	SCAFFOLD_NO_ORACLE	8	-1	-1	0.0	src/network/quazal/Core.cpp
default/Accomplishment	B_BAND3	39	1948	1948	0	-1121	85	1206	WE_ALREADY_HOLD	438	426	-1	30.068897637795274	src/band3/meta_band/Accomplishment.cpp
default/CampaignSongInfoPanel	B_BAND3	11	1932	1932	776	-702	49	751	WE_ALREADY_HOLD	235	228	-1	42.118226600985224	src/band3/meta_band/CampaignSongInfoPanel.cpp
default/Env_NG	C_SYSTEM	5	1928	1928	0	-688	47	735	ORACLE_SURPLUS	255	-1	373	51.92557334487235	src/system/rndobj/Env_NG.cpp
default/network/quazal/DOCallContext	A_QUAZAL	10	1928	1928	0	10	10	0	SCAFFOLD_NO_ORACLE	7	-1	-1	0.0	src/network/quazal/DOCallContext.cpp
default/network/quazal/CallRegister	A_QUAZAL	8	1924	1924	0	8	8	0	SCAFFOLD_NO_ORACLE	7	-1	-1	0.0	src/network/quazal/CallRegister.cpp
default/PropAnim	C_SYSTEM	11	1912	1912	0	-2087	275	2362	WE_ALREADY_HOLD	1008	857	1015	56.310807257428344	src/system/rndobj/PropAnim.cpp
default/PropKeys	C_SYSTEM	11	1900	1900	0	-8846	169	9015	WE_ALREADY_HOLD	1068	953	1006	66.21983914209115	src/system/rndobj/PropKeys.cpp
default/band3/meta_band/BandProfile	B_BAND3	9	1896	1896	0	-990	180	1170	WE_ALREADY_HOLD	1026	1013	-1	76.11907386990077	src/band3/meta_band/BandProfile.cpp
default/Cam	C_SYSTEM	10	1896	1896	0	-117	99	216	WE_ALREADY_HOLD	611	248	563	67.70293609671847	src/system/rndobj/Cam.cpp
default/Song	C_SYSTEM	4	1864	1864	0	-687	106	793	WE_ALREADY_HOLD	592	483	528	69.21692169216922	src/system/utl/Song.cpp
default/TrackDir	C_SYSTEM	23	1856	1856	640	-2734	152	2886	ORACLE_SURPLUS	450	565	-1	58.51409978308026	src/system/track/TrackDir.cpp
default/network/quazal/XboxLSP/Client/LSPBackEndServices	A_QUAZAL	8	1856	1856	0	8	8	0	SCAFFOLD_NO_ORACLE	7	-1	-1	0.0	src/network/quazal/XboxLSP/Client/LSPBackEndServices.cpp
default/CharIKSliderMidi	C_SYSTEM	12	1852	1852	0	-512	64	576	WE_ALREADY_HOLD	176	163	165	43.12463428905793	src/system/char/CharIKSliderMidi.cpp
default/network/quazal/SecureTransport/SecureStream	A_QUAZAL	21	1852	1852	0	22	22	0	SCAFFOLD_NO_ORACLE	7	-1	-1	0.0	src/network/quazal/SecureTransport/SecureStream.cpp
default/CacheMgr_Xbox	C_SYSTEM	10	1836	1836	0	-3	40	43	WE_ALREADY_HOLD	515	-1	529	61.948249619482496	src/system/utl/CacheMgr_Xbox.cpp
default/StandardStream	C_SYSTEM	14	1676	1812	136	-309	143	452	WE_ALREADY_HOLD	966	1046	966	58.42537524780516	src/system/synth/StandardStream.cpp
default/Lit_NG	C_SYSTEM	7	1808	1808	0	-228	44	272	WE_ALREADY_HOLD	361	-1	390	28.281622911694512	src/system/rndobj/Lit_NG.cpp
default/BandWardrobe	C_SYSTEM	16	1800	1796	0	-658	270	928	WE_ALREADY_HOLD	1444	1451	-1	60.557010235658176	src/system/bandobj/BandWardrobe.cpp
default/OverdriveMeter	C_SYSTEM	15	1792	1792	360	-150	70	220	WE_ALREADY_HOLD	129	129	-1	43.06893995552261	src/system/bandobj/OverdriveMeter.cpp
default/CharBones	C_SYSTEM	2	1768	1768	0	-534	43	577	WE_ALREADY_HOLD	1350	1368	1463	29.88956180976131	src/system/char/CharBones.cpp
default/Env	C_SYSTEM	7	1760	1760	0	-70	113	183	WE_ALREADY_HOLD	380	408	377	71.80993059263214	src/system/rndobj/Env.cpp
default/UsbMidiKeyboard	C_SYSTEM	18	1752	1752	160	-4	31	35	ORACLE_SURPLUS	143	228	153	15.52723059096176	src/system/os/UsbMidiKeyboard.cpp
default/FlowValueCase	C_SYSTEM	5	1736	1736	0	-57	12	69	WE_ALREADY_HOLD	43	-1	43	5.405405405405405	src/system/flow/FlowValueCase.cpp
default/ContextChecker	B_BAND3	21	1732	1732	0	-837	86	923	WE_ALREADY_HOLD	389	377	-1	67.96392975794969	src/band3/meta_band/ContextChecker.cpp
default/TrackWatcherImpl	C_SYSTEM	13	1728	1728	0	-1303	98	1401	WE_ALREADY_HOLD	888	859	-1	60.65834881868861	src/system/beatmatch/TrackWatcherImpl.cpp
default/DataFunc	C_SYSTEM	13	1724	1724	0	-130	244	374	WE_ALREADY_HOLD	1780	1663	1805	65.12749827705031	src/system/obj/DataFunc.cpp
default/Flow	C_SYSTEM	2	1676	1676	0	-751	17	768	WE_ALREADY_HOLD	748	-1	742	11.068702290076336	src/system/flow/Flow.cpp
default/band3/game/PerfectSectionTracker	B_BAND3	4	1672	1672	0	-659	51	710	WE_ALREADY_HOLD	399	396	-1	55.439875065070275	src/band3/game/PerfectSectionTracker.cpp
default/CharClipDriver	C_SYSTEM	9	1664	1664	0	-437	46	483	WE_ALREADY_HOLD	361	357	362	61.154668567355664	src/system/char/CharClipDriver.cpp
default/system/synth/Synth	C_SYSTEM	4	1644	1644	0	-561	102	663	WE_ALREADY_HOLD	650	629	654	62.665527552328065	src/system/synth/Synth.cpp
default/RGUtl	C_SYSTEM	11	1632	1632	0	-62	33	95	WE_ALREADY_HOLD	527	535	-1	57.71289537712895	src/system/beatmatch/RGUtl.cpp
default/network/quazal/Session	A_QUAZAL	1	1628	1628	0	1	1	0	SCAFFOLD_NO_ORACLE	8	-1	-1	0.0	src/network/quazal/Session.cpp
default/ContentMgr	C_SYSTEM	4	1624	1624	0	-94	31	125	ORACLE_SURPLUS	232	287	232	38.681592039801	src/system/os/ContentMgr.cpp
default/network/quazal/Services/Facades/Client/JobBackEndServicesLogout	A_QUAZAL	3	1624	1624	0	3	3	0	SCAFFOLD_NO_ORACLE	7	-1	-1	0.0	src/network/quazal/Services/Facades/Client/JobBackEndServicesLogout.cpp
default/band3/meta_band/CharCache	B_BAND3	7	1612	1612	0	-454	40	494	WE_ALREADY_HOLD	259	258	-1	49.52215464813206	src/band3/meta_band/CharCache.cpp
default/system/synth/VoiceBeat	C_SYSTEM	2	1608	1608	0	-185	12	197	WE_ALREADY_HOLD	358	346	-1	31.734837799717912	src/system/synth/VoiceBeat.cpp
default/FreestyleMoveRecorder	C_SYSTEM	11	1588	1588	80	-389	13	402	WE_ALREADY_HOLD	924	-1	940	1.8867924528301887	src/system/hamobj/FreestyleMoveRecorder.cpp
default/VocalTrack	B_BAND3	11	1584	1584	0	-1639	221	1860	WE_ALREADY_HOLD	2782	2777	-1	40.92754669313363	src/band3/bandtrack/VocalTrack.cpp
default/Instance	C_SYSTEM	6	1580	1580	0	-396	111	507	WE_ALREADY_HOLD	641	420	465	51.886792452830186	src/system/world/Instance.cpp
default/Overlay	C_SYSTEM	13	1576	1576	80	-83	39	122	WE_ALREADY_HOLD	154	155	158	53.81526104417671	src/system/rndobj/Overlay.cpp
default/system/rndobj/Rnd	C_SYSTEM	10	1568	1568	0	-482	330	812	WE_ALREADY_HOLD	1597	1238	1440	53.14483554529717	src/system/rndobj/Rnd.cpp
default/network/quazal/SessionClock/SessionClockDDL	A_QUAZAL	13	1560	1560	0	13	13	0	SCAFFOLD_NO_ORACLE	8	-1	-1	0.0	src/network/quazal/SessionClock/SessionClockDDL.cpp
default/system/beatmatch/GameGem	C_SYSTEM	20	1596	1552	0	-7	40	47	WE_ALREADY_HOLD	333	337	-1	19.88950276243094	src/system/beatmatch/GameGem.cpp
default/network/quazal/IDGeneratorDDL	A_QUAZAL	14	1552	1552	0	14	14	0	SCAFFOLD_NO_ORACLE	7	-1	-1	0.0	src/network/quazal/IDGeneratorDDL.cpp
default/FixedSizeSaveable	C_SYSTEM	13	1548	1548	0	-118	23	141	ORACLE_SURPLUS	217	276	217	38.494934876989866	src/system/meta/FixedSizeSaveable.cpp
default/Cheats	C_SYSTEM	7	1548	1548	0	-1090	77	1167	WE_ALREADY_HOLD	453	395	423	68.43409316154609	src/system/utl/Cheats.cpp
default/band3/meta_band/ClosetMgr	B_BAND3	11	1548	1548	0	-474	125	599	WE_ALREADY_HOLD	553	588	-1	80.01341381623072	src/band3/meta_band/ClosetMgr.cpp
default/MidiSynth	C_SYSTEM	5	1540	1540	0	-1304	96	1400	WE_ALREADY_HOLD	32	3	3	70.0184842883549	src/system/synth/MidiSynth.cpp
default/network/quazal/DOClass	A_QUAZAL	5	1540	1540	0	5	5	0	SCAFFOLD_NO_ORACLE	7	-1	-1	0.0	src/network/quazal/DOClass.cpp
default/network/quazal/PromotionRefereeDDL	A_QUAZAL	12	1540	1540	0	12	12	0	SCAFFOLD_NO_ORACLE	7	-1	-1	0.0	src/network/quazal/PromotionRefereeDDL.cpp
default/BandMachineMgr	B_BAND3	7	1536	1536	0	-626	102	728	WE_ALREADY_HOLD	411	410	-1	69.55494289090193	src/band3/meta_band/BandMachineMgr.cpp
default/CharIKFingers	C_SYSTEM	20	1528	1528	372	-1587	118	1705	WE_ALREADY_HOLD	635	614	594	40.20785219399538	src/system/char/CharIKFingers.cpp
default/Archive	C_SYSTEM	9	1528	1528	0	-241	78	319	WE_ALREADY_HOLD	415	291	363	62.81601123595506	src/system/os/Archive.cpp
default/network/Platform/MemoryManager	A_QUAZAL	10	1528	1528	0	6	14	8	WE_ALREADY_HOLD	86	86	-1	1.1787819253438114	src/network/Platform/MemoryManager.cpp
default/system/synth/FxSend	C_SYSTEM	10	1520	1520	0	-75	48	123	WE_ALREADY_HOLD	219	184	206	66.9671603348358	src/system/synth/FxSend.cpp
default/CharLipSync	C_SYSTEM	9	1512	1512	0	-1682	98	1780	WE_ALREADY_HOLD	461	305	408	54.87281136438718	src/system/char/CharLipSync.cpp
default/PropSync	C_SYSTEM	8	1512	1512	0	-1053	148	1201	WE_ALREADY_HOLD	308	216	297	52.10171250648677	src/system/obj/PropSync.cpp
default/TypeProps	C_SYSTEM	8	1508	1508	0	-98	26	124	WE_ALREADY_HOLD	511	432	438	40.90909090909091	src/system/obj/TypeProps.cpp
default/Char	C_SYSTEM	7	1612	1500	0	-590	156	746	WE_ALREADY_HOLD	273	267	266	73.54771784232365	src/system/char/Char.cpp
default/CharSignalApplier	C_SYSTEM	17	1464	1464	80	-209	35	244	WE_ALREADY_HOLD	229	-1	233	30.014430014430015	src/system/char/CharSignalApplier.cpp
default/DataArray	C_SYSTEM	8	1456	1456	0	-103	49	152	WE_ALREADY_HOLD	1024	995	1062	76.22468974526453	src/system/obj/DataArray.cpp
default/band3/game/MultiplayerAnalyzer	B_BAND3	9	1452	1452	80	-624	45	669	WE_ALREADY_HOLD	285	285	-1	57.41935483870968	src/band3/game/MultiplayerAnalyzer.cpp
default/network/quazal/DupSpace/DefaultCellDDL	A_QUAZAL	15	1444	1444	96	15	15	0	SCAFFOLD_NO_ORACLE	7	-1	-1	0.0	src/network/quazal/DupSpace/DefaultCellDDL.cpp
default/Geo	C_SYSTEM	5	1440	1440	0	-279	48	327	WE_ALREADY_HOLD	1303	1001	1234	30.455212922173274	src/system/math/Geo.cpp
default/CharIKRod	C_SYSTEM	10	1440	1440	184	-1201	63	1264	WE_ALREADY_HOLD	133	101	110	50.57692307692308	src/system/char/CharIKRod.cpp
default/band3/game/Scoring	B_BAND3	5	1440	1440	0	-561	46	607	WE_ALREADY_HOLD	366	366	-1	67.28358208955224	src/band3/game/Scoring.cpp
default/VorbisReader	C_SYSTEM	8	1428	1428	0	-81	34	115	ORACLE_SURPLUS	594	694	784	34.55818022747157	src/system/synth/VorbisReader.cpp
default/band3/tour/TourCondition	B_BAND3	9	1424	1424	0	17	41	24	WE_ALREADY_HOLD	146	146	-1	66.28787878787878	src/band3/tour/TourCondition.cpp
default/PracticePanel	B_BAND3	5	1420	1420	0	-572	115	687	WE_ALREADY_HOLD	491	478	-1	70.34973692355308	src/band3/game/PracticePanel.cpp
default/Waypoint	C_SYSTEM	4	1396	1396	0	-2961	112	3073	WE_ALREADY_HOLD	262	229	228	54.23114916035561	src/system/char/Waypoint.cpp
default/BandLeadMeter	C_SYSTEM	12	1380	1380	280	-164	87	251	WE_ALREADY_HOLD	191	152	-1	42.016806722689076	src/system/bandobj/BandLeadMeter.cpp
default/HDCache	C_SYSTEM	3	1376	1376	0	-95	28	123	WE_ALREADY_HOLD	391	381	418	42.20867208672087	src/system/os/HDCache.cpp
default/UIEventMgr	B_BAND3	13	1368	1368	0	-480	58	538	WE_ALREADY_HOLD	223	222	-1	62.36033519553072	src/band3/meta_band/UIEventMgr.cpp
default/SongMgr	C_SYSTEM	2	1364	1364	0	-607	70	677	WE_ALREADY_HOLD	580	520	538	65.50491510277033	src/system/meta/SongMgr.cpp
default/band3/meta_band/SongSort	B_BAND3	7	1360	1360	96	-1019	57	1076	WE_ALREADY_HOLD	335	350	-1	56.666666666666664	src/band3/meta_band/SongSort.cpp
default/network/quazal/Core/Log	A_QUAZAL	5	1356	1356	200	5	5	0	SCAFFOLD_NO_ORACLE	8	-1	-1	0.0	src/network/quazal/Core/Log.cpp
default/Memory_Xbox	OTHER	8	1332	1332	0	-593	45	638	WE_ALREADY_HOLD	469	-1	401	20.792079207920793	src/Memory_Xbox.cpp
default/EntityUploader	B_BAND3	8	1316	1316	120	-437	68	505	WE_ALREADY_HOLD	514	497	-1	78.5303231518371	src/band3/net_band/EntityUploader.cpp
default/CharBonesMeshes	C_SYSTEM	14	1308	1308	0	-1570	68	1638	WE_ALREADY_HOLD	215	199	227	43.19559228650138	src/system/char/CharBonesMeshes.cpp
default/MemMgr	C_SYSTEM	6	1304	1304	0	-82	31	113	ORACLE_SURPLUS	1022	1435	766	21.636876763875822	src/system/utl/MemMgr.cpp
default/Tex	C_SYSTEM	6	1272	1280	0	-116	57	173	WE_ALREADY_HOLD	608	609	594	71.19592875318067	src/system/rndobj/Tex.cpp
default/LightPresetManager	C_SYSTEM	9	1276	1276	0	-603	46	649	ORACLE_SURPLUS	185	368	186	47.983014861995755	src/system/world/LightPresetManager.cpp
default/Leaderboard	B_BAND3	8	1272	1272	0	-528	91	619	WE_ALREADY_HOLD	439	419	-1	63.556208670095515	src/band3/meta_band/Leaderboard.cpp
default/Rot	C_SYSTEM	5	1252	1252	0	-9432	56	9488	ORACLE_SURPLUS	435	1052	399	57.47773089545242	src/system/math/Rot.cpp
default/ByteGrinder	C_SYSTEM	7	1256	1252	0	-978	105	1083	WE_ALREADY_HOLD	1149	1118	1129	61.38147566718995	src/system/synth/ByteGrinder.cpp
default/FlowNode	C_SYSTEM	2	1244	1244	0	-497	12	509	WE_ALREADY_HOLD	508	-1	509	7.159904534606206	src/system/flow/FlowNode.cpp
default/Screenshot	C_SYSTEM	13	1228	1240	0	-79	56	135	WE_ALREADY_HOLD	109	75	78	41.70040485829959	src/system/ui/Screenshot.cpp
default/VocalNoteList	C_SYSTEM	9	1240	1240	0	-273	52	325	WE_ALREADY_HOLD	694	684	-1	28.135932033983007	src/system/beatmatch/VocalNoteList.cpp
default/HAQManager	C_SYSTEM	5	1236	1236	0	-78	10	88	WE_ALREADY_HOLD	214	222	218	2.1321961620469083	src/system/meta/HAQManager.cpp
default/AssetTypes	B_BAND3	10	1232	1232	80	-346	74	420	WE_ALREADY_HOLD	379	325	-1	78.88601036269431	src/band3/meta_band/AssetTypes.cpp
default/BandScoreboard	C_SYSTEM	14	1228	1228	120	-214	79	293	WE_ALREADY_HOLD	141	139	-1	54.23932651834035	src/system/bandobj/BandScoreboard.cpp
default/DOFProc_NG	C_SYSTEM	2	1216	1216	0	-80	19	99	WE_ALREADY_HOLD	262	-1	242	36.493506493506494	src/system/rndobj/DOFProc_NG.cpp
default/JsonUtils	C_SYSTEM	11	1204	1204	384	-32	25	57	WE_ALREADY_HOLD	117	-1	123	38.095238095238095	src/system/net/JsonUtils.cpp
default/QuestFilterPanel	B_BAND3	4	1200	1200	0	-568	71	639	WE_ALREADY_HOLD	435	431	-1	65.73386636207881	src/band3/tour/QuestFilterPanel.cpp
default/network/quazal/AccountManagement/Client/JobLoginOrCreateAccount	A_QUAZAL	3	1192	1192	0	3	3	0	SCAFFOLD_NO_ORACLE	7	-1	-1	0.0	src/network/quazal/AccountManagement/Client/JobLoginOrCreateAccount.cpp
default/system/synth/SynthSample	C_SYSTEM	9	1188	1188	0	-103	40	143	WE_ALREADY_HOLD	181	154	169	56.50684931506849	src/system/synth/SynthSample.cpp
default/MakeString	C_SYSTEM	10	1176	1176	0	-18	16	34	WE_ALREADY_HOLD	459	345	477	13.793103448275861	src/system/utl/MakeString.cpp
default/GranularSynth	C_SYSTEM	7	1176	1176	0	-303	17	320	ORACLE_SURPLUS	83	-1	256	3.854625550660793	src/system/synth_xbox/GranularSynth.cpp
default/Faders	C_SYSTEM	9	1176	1176	160	-163	68	231	ORACLE_SURPLUS	342	276	424	63.85606874328679	src/system/synth/Faders.cpp
default/SelectDifficultyPanel	B_BAND3	5	1172	1172	0	-445	69	514	WE_ALREADY_HOLD	214	203	-1	84.28040361125863	src/band3/meta_band/SelectDifficultyPanel.cpp
default/CharMeshHide	C_SYSTEM	11	1168	1168	0	-2601	127	2728	WE_ALREADY_HOLD	138	86	94	51.06944037503663	src/system/char/CharMeshHide.cpp
default/SyncStore	A_QUAZAL	15	1164	1164	0	-86	59	145	WE_ALREADY_HOLD	139	132	-1	68.09145129224652	src/network/net/SyncStore.cpp
default/TrackerUtils	B_BAND3	5	1156	1156	0	-584	29	613	WE_ALREADY_HOLD	278	280	-1	66.32173095014112	src/band3/game/TrackerUtils.cpp
default/network/quazal/RootDODDL	A_QUAZAL	14	1156	1156	272	14	14	0	SCAFFOLD_NO_ORACLE	8	-1	-1	0.0	src/network/quazal/RootDODDL.cpp
default/AccomplishmentConditional	B_BAND3	5	1136	1136	0	-978	28	1006	WE_ALREADY_HOLD	114	101	-1	36.995153473344104	src/band3/meta_band/AccomplishmentConditional.cpp
default/TrackWidget	C_SYSTEM	8	1124	1124	80	-1028	136	1164	WE_ALREADY_HOLD	456	476	-1	74.822695035461	src/system/track/TrackWidget.cpp
default/WaveFile	C_SYSTEM	10	1120	1120	0	-2070	51	2121	WE_ALREADY_HOLD	141	120	132	56.41688199827735	src/system/utl/WaveFile.cpp
default/network/quazal/SecureTransport/JobConnectSecureEndPoint	A_QUAZAL	3	1116	1116	0	3	3	0	SCAFFOLD_NO_ORACLE	7	-1	-1	0.0	src/network/quazal/SecureTransport/JobConnectSecureEndPoint.cpp
default/MidiInstrument	C_SYSTEM	13	1112	1112	0	-815	116	931	WE_ALREADY_HOLD	292	294	255	65.15151515151516	src/system/synth/MidiInstrument.cpp
default/BandLabel	C_SYSTEM	9	1104	1104	0	-2115	69	2184	ORACLE_SURPLUS	147	233	-1	59.38177874186551	src/system/bandobj/BandLabel.cpp
default/CharPollGroup	C_SYSTEM	6	1088	1088	80	-414	59	473	ORACLE_SURPLUS	250	118	313	59.547571523619425	src/system/char/CharPollGroup.cpp
default/OverdriveTracker	B_BAND3	7	1080	1080	0	-486	39	525	WE_ALREADY_HOLD	212	209	-1	61.887608069164266	src/band3/game/OverdriveTracker.cpp
default/GameConfig	B_BAND3	5	1080	1080	0	-489	79	568	WE_ALREADY_HOLD	433	435	-1	75.07222451506397	src/band3/game/GameConfig.cpp
default/network/quazal/Authentication/Client/AuthenticationClient	A_QUAZAL	4	1080	1080	0	5	5	0	SCAFFOLD_NO_ORACLE	7	-1	-1	0.0	src/network/quazal/Authentication/Client/AuthenticationClient.cpp
default/TrackPanelDirBase	C_SYSTEM	3	1068	1068	0	-245	95	340	WE_ALREADY_HOLD	379	394	-1	70.30995106035888	src/system/bandobj/TrackPanelDirBase.cpp
default/BandCrowdMeter	C_SYSTEM	19	1064	1064	600	-465	157	622	WE_ALREADY_HOLD	494	479	-1	53.86466969778016	src/system/bandobj/BandCrowdMeter.cpp
default/Loader	C_SYSTEM	9	1060	1060	0	-116	51	167	ORACLE_SURPLUS	548	1028	483	47.41166803615448	src/system/utl/Loader.cpp
default/network/quazal/Authentication/Client/TicketManager	A_QUAZAL	2	1060	1060	0	2	2	0	SCAFFOLD_NO_ORACLE	7	-1	-1	0.0	src/network/quazal/Authentication/Client/TicketManager.cpp
default/PoolAlloc	C_SYSTEM	7	1048	1052	0	-49	21	70	WE_ALREADY_HOLD	313	265	216	26.843100189035916	src/system/utl/PoolAlloc.cpp
default/network/quazal/XboxLSP/Client/JobLSPLoginBypassSG	A_QUAZAL	1	1044	1044	0	1	1	0	SCAFFOLD_NO_ORACLE	7	-1	-1	0.0	src/network/quazal/XboxLSP/Client/JobLSPLoginBypassSG.cpp
default/system/bandobj/ReviewDisplay	C_SYSTEM	8	1040	1040	0	-98	37	135	WE_ALREADY_HOLD	143	161	-1	55.424528301886795	src/system/bandobj/ReviewDisplay.cpp
default/Task	C_SYSTEM	14	1024	1024	0	-195	143	338	ORACLE_SURPLUS	601	473	754	67.54503002001334	src/system/obj/Task.cpp
default/network/quazal/Core/EventHandler	A_QUAZAL	3	1020	1020	0	3	3	0	SCAFFOLD_NO_ORACLE	8	-1	-1	0.0	src/network/quazal/Core/EventHandler.cpp
default/FileCache	C_SYSTEM	9	1012	1012	0	-1066	79	1145	WE_ALREADY_HOLD	432	323	480	57.74299835255354	src/system/os/FileCache.cpp
default/band3/meta_band/SessionMgr	B_BAND3	3	1004	1004	0	-574	130	704	WE_ALREADY_HOLD	524	524	-1	85.68990042674253	src/band3/meta_band/SessionMgr.cpp
default/network/quazal/SessionDiscovery/Interface/SessionDiscoveryTable	A_QUAZAL	5	996	996	120	5	5	0	SCAFFOLD_NO_ORACLE	7	-1	-1	0.0	src/network/quazal/SessionDiscovery/Interface/SessionDiscoveryTable.cpp
default/StringTable	C_SYSTEM	8	960	960	0	-299	34	333	WE_ALREADY_HOLD	133	93	95	45.186136071887034	src/system/utl/StringTable.cpp
default/band3/meta_band/NewAssetProvider	B_BAND3	5	960	960	64	-489	20	509	WE_ALREADY_HOLD	72	67	-1	41.404358353510894	src/band3/meta_band/NewAssetProvider.cpp
default/DrivenPropertyEntry	C_SYSTEM	15	948	948	88	-71	27	98	WE_ALREADY_HOLD	62	-1	57	4.094488188976378	src/system/flow/DrivenPropertyEntry.cpp
default/band3/bandtrack/Lyric	B_BAND3	5	944	944	0	-141	38	179	WE_ALREADY_HOLD	229	229	-1	60.46770601336303	src/band3/bandtrack/Lyric.cpp
default/band3/meta_band/StoreInfoPanel	B_BAND3	5	944	944	0	-525	71	596	WE_ALREADY_HOLD	204	179	-1	73.69682444577592	src/band3/meta_band/StoreInfoPanel.cpp
default/ShadowMap	C_SYSTEM	1	940	940	0	-32	8	40	WE_ALREADY_HOLD	115	104	115	29.347826086956523	src/system/rndobj/ShadowMap.cpp
default/ContextWrapper	B_BAND3	15	936	936	0	-415	38	453	WE_ALREADY_HOLD	155	155	-1	60.945945945945944	src/band3/net_band/ContextWrapper.cpp
default/StreamReceiver360	C_SYSTEM	5	936	936	0	-33	31	64	WE_ALREADY_HOLD	218	-1	219	63.25	src/system/synth_xbox/StreamReceiver360.cpp
default/Morph	C_SYSTEM	3	936	936	0	-1764	97	1861	WE_ALREADY_HOLD	271	231	235	52.208419599723946	src/system/rndobj/Morph.cpp
default/Mat	C_SYSTEM	8	928	928	0	-161	74	235	ORACLE_SURPLUS	537	614	737	82.78055429350296	src/system/rndobj/Mat.cpp
default/WaitingUserGate	B_BAND3	7	924	924	0	-606	62	668	WE_ALREADY_HOLD	244	244	-1	67.15867158671587	src/band3/meta_band/WaitingUserGate.cpp
default/network/quazal/MatchMaking/Client/MatchMakingClient	A_QUAZAL	1	920	920	0	1	1	0	SCAFFOLD_NO_ORACLE	8	-1	-1	0.0	src/network/quazal/MatchMaking/Client/MatchMakingClient.cpp
default/Spotlight	C_SYSTEM	9	908	908	120	-551	213	764	WE_ALREADY_HOLD	1600	1395	1521	45.72477064220183	src/system/world/Spotlight.cpp
default/band3/game/TambourineManager	B_BAND3	2	908	908	0	-530	22	552	WE_ALREADY_HOLD	479	412	-1	80.84388185654008	src/band3/game/TambourineManager.cpp
default/band3/game/TrainerGemTab	B_BAND3	6	904	904	0	-508	22	530	WE_ALREADY_HOLD	461	443	-1	58.51632047477745	src/band3/game/TrainerGemTab.cpp
default/ChordbookPanel	B_BAND3	4	900	900	0	-487	115	602	WE_ALREADY_HOLD	547	541	-1	55.11259890444309	src/band3/game/ChordbookPanel.cpp
default/system/rndobj/Movie	C_SYSTEM	6	896	896	0	-119	48	167	ORACLE_SURPLUS	94	112	89	74.26400759734094	src/system/rndobj/Movie.cpp
default/system/beatmatch/BeatMaster	C_SYSTEM	3	888	888	0	-132	44	176	WE_ALREADY_HOLD	246	244	-1	78.59984089101034	src/system/beatmatch/BeatMaster.cpp
default/SongPreview	C_SYSTEM	3	888	888	0	-46	25	71	WE_ALREADY_HOLD	409	428	353	78.83698760724499	src/system/meta/SongPreview.cpp
default/CharClipSet	C_SYSTEM	5	884	884	0	-626	93	719	ORACLE_SURPLUS	443	540	384	46.047008547008545	src/system/char/CharClipSet.cpp
default/Joypad_Xbox	C_SYSTEM	3	884	884	0	-3	25	28	ORACLE_SURPLUS	319	-1	551	34.4640434192673	src/system/os/Joypad_Xbox.cpp
default/network/quazal/DOCoreTypes	A_QUAZAL	2	884	884	0	2	2	0	SCAFFOLD_NO_ORACLE	8	-1	-1	0.0	src/network/quazal/DOCoreTypes.cpp
default/MeterDisplay	C_SYSTEM	5	872	872	0	-102	75	177	WE_ALREADY_HOLD	218	-1	207	76.1271676300578	src/system/hamobj/MeterDisplay.cpp
default/trie	C_SYSTEM	6	872	872	0	-12	6	18	WE_ALREADY_HOLD	412	-1	286	0.0	src/system/utl/trie.cpp
default/LabelShrinkWrapper	C_SYSTEM	4	864	868	0	-130	48	178	WE_ALREADY_HOLD	147	109	157	53.2302092811647	src/system/ui/LabelShrinkWrapper.cpp
default/CharUpperTwist	C_SYSTEM	12	864	864	396	-87	34	121	WE_ALREADY_HOLD	100	106	103	43.00111982082867	src/system/char/CharUpperTwist.cpp
default/AsyncFile_Win	C_SYSTEM	4	864	864	0	-9	12	21	WE_ALREADY_HOLD	249	-1	252	39.46360153256705	src/system/os/AsyncFile_Win.cpp
default/BufStream	C_SYSTEM	12	864	864	0	-8	20	28	WE_ALREADY_HOLD	102	104	102	32.89817232375979	src/system/utl/BufStream.cpp
default/system/synth/Utl	C_SYSTEM	8	856	856	0	-8	12	20	WE_ALREADY_HOLD	93	48	100	31.84713375796178	src/system/synth/Utl.cpp
default/ClipDistMap	C_SYSTEM	5	852	852	0	-752	17	769	WE_ALREADY_HOLD	637	635	607	23.156089193825043	src/system/char/ClipDistMap.cpp
default/band3/meta_band/StandIn	B_BAND3	8	848	848	0	7	20	13	WE_ALREADY_HOLD	59	59	-1	47.01670644391408	src/band3/meta_band/StandIn.cpp
default/StoreEnumeration	C_SYSTEM	5	844	844	0	-30	18	48	WE_ALREADY_HOLD	208	37	227	51.88284518828452	src/system/meta/StoreEnumeration.cpp
default/JoypadMsgs	C_SYSTEM	6	844	844	0	-2602	50	2652	WE_ALREADY_HOLD	41	16	23	73.6234458259325	src/system/os/JoypadMsgs.cpp
default/TexMovie	C_SYSTEM	4	836	836	0	-117	61	178	WE_ALREADY_HOLD	334	195	281	57.84114052953157	src/system/movie/TexMovie.cpp
default/band3/bandtrack/GemRepTemplate	B_BAND3	6	824	824	0	-519	36	555	WE_ALREADY_HOLD	205	206	-1	77.39197530864197	src/band3/bandtrack/GemRepTemplate.cpp
default/FlowCommand	C_SYSTEM	3	820	820	0	-305	20	325	WE_ALREADY_HOLD	201	-1	175	50.31712473572939	src/system/flow/FlowCommand.cpp
default/band3/meta_band/StoreOfferProvider	B_BAND3	7	820	820	80	-438	92	530	WE_ALREADY_HOLD	659	470	-1	53.098948894527005	src/band3/meta_band/StoreOfferProvider.cpp
default/system/bandobj/BandFaceDeform	C_SYSTEM	3	828	812	0	-157	26	183	WE_ALREADY_HOLD	328	324	-1	40.137614678899084	src/system/bandobj/BandFaceDeform.cpp
default/PollAnim	C_SYSTEM	4	808	808	0	-136	39	175	WE_ALREADY_HOLD	138	108	116	65.99788806758184	src/system/rndobj/PollAnim.cpp
default/band3/game/Tracker	B_BAND3	8	808	808	0	-520	63	583	WE_ALREADY_HOLD	270	269	-1	74.84348321001707	src/band3/game/Tracker.cpp
default/InlineHelp	C_SYSTEM	3	788	788	0	-324	106	430	WE_ALREADY_HOLD	468	-1	436	72.37368229734642	src/system/ui/InlineHelp.cpp
default/network/quazal/Transport/Interface/ConnectionManager	A_QUAZAL	5	780	780	120	5	5	0	SCAFFOLD_NO_ORACLE	7	-1	-1	0.0	src/network/quazal/Transport/Interface/ConnectionManager.cpp
default/band3/meta_band/PrefabMgr	B_BAND3	7	772	772	0	-4621	75	4696	WE_ALREADY_HOLD	391	344	-1	49.83050847457627	src/band3/meta_band/PrefabMgr.cpp
default/network/quazal/Authentication/Client/KerberosAuthentication	A_QUAZAL	1	768	768	0	1	1	0	SCAFFOLD_NO_ORACLE	7	-1	-1	0.0	src/network/quazal/Authentication/Client/KerberosAuthentication.cpp
default/Cache_Xbox	C_SYSTEM	3	752	752	0	-1572	85	1657	WE_ALREADY_HOLD	589	-1	530	69.11381407471764	src/system/utl/Cache_Xbox.cpp
default/StreamReceiver	C_SYSTEM	3	736	736	0	-1	15	16	ORACLE_SURPLUS	170	292	170	48.01980198019802	src/system/synth/StreamReceiver.cpp
default/ContentMgr_Xbox	C_SYSTEM	6	728	728	0	-662	76	738	WE_ALREADY_HOLD	550	-1	556	60.74860900354072	src/system/os/ContentMgr_Xbox.cpp
default/NetCacheMgr	C_SYSTEM	14	728	728	0	-122	47	169	WE_ALREADY_HOLD	455	506	448	57.21107927411652	src/system/utl/NetCacheMgr.cpp
default/band3/meta_band/MakeupProvider	B_BAND3	5	724	724	64	-182	22	204	WE_ALREADY_HOLD	84	76	-1	63.21138211382114	src/band3/meta_band/MakeupProvider.cpp
default/network/quazal/SystemComponent	A_QUAZAL	1	724	724	0	1	1	0	SCAFFOLD_NO_ORACLE	8	-1	-1	0.0	src/network/quazal/SystemComponent.cpp
default/network/quazal/Stack/Core/IOCompletionNotifier	A_QUAZAL	3	716	716	0	3	3	0	SCAFFOLD_NO_ORACLE	7	-1	-1	0.0	src/network/quazal/Stack/Core/IOCompletionNotifier.cpp
default/UIListWidget	C_SYSTEM	7	712	712	0	-202	82	284	WE_ALREADY_HOLD	249	254	238	77.13684210526316	src/system/ui/UIListWidget.cpp
default/MainHubMessageProvider	B_BAND3	5	708	708	0	-446	29	475	WE_ALREADY_HOLD	186	185	-1	68.9306358381503	src/band3/meta_band/MainHubMessageProvider.cpp
default/Str	C_SYSTEM	8	704	704	0	-69	53	122	WE_ALREADY_HOLD	675	456	463	80.03613369467028	src/system/utl/Str.cpp
default/CharBlendBone	C_SYSTEM	3	704	704	0	-1288	41	1329	WE_ALREADY_HOLD	156	108	159	42.594296228150874	src/system/char/CharBlendBone.cpp
default/network/quazal/Competition/Client/CompetitionClient	A_QUAZAL	1	704	704	0	1	1	0	SCAFFOLD_NO_ORACLE	7	-1	-1	0.0	src/network/quazal/Competition/Client/CompetitionClient.cpp
default/Defines	B_BAND3	11	692	692	0	-453	29	482	WE_ALREADY_HOLD	267	265	-1	43.12865497076023	src/band3/game/Defines.cpp
default/MetaMusic	C_SYSTEM	4	692	692	0	-2480	78	2558	ORACLE_SURPLUS	370	439	363	59.61844197138315	src/system/synth/MetaMusic.cpp
default/band3/meta_band/ManageBandPanel	B_BAND3	4	684	684	0	-545	80	625	WE_ALREADY_HOLD	350	336	-1	83.89598540145985	src/band3/meta_band/ManageBandPanel.cpp
default/Campaign	B_BAND3	5	672	672	0	-770	179	949	WE_ALREADY_HOLD	1052	993	-1	78.78787878787878	src/band3/meta_band/Campaign.cpp
default/framing	C_SYSTEM	1	648	648	0	-14	19	33	WE_ALREADY_HOLD	1801	1796	1801	79.55641272902604	src/system/oggvorbis/framing.c
default/system/beatmatch/PhraseAnalyzer	C_SYSTEM	6	648	648	0	-112	31	143	WE_ALREADY_HOLD	184	181	-1	66.94214876033058	src/system/beatmatch/PhraseAnalyzer.cpp
default/AsyncFile	C_SYSTEM	4	632	632	0	-53	26	79	WE_ALREADY_HOLD	324	336	319	64.73214285714286	src/system/os/AsyncFile.cpp
default/JoypadClient	C_SYSTEM	2	628	628	0	-76	29	105	WE_ALREADY_HOLD	207	210	211	78.13504823151125	src/system/os/JoypadClient.cpp
default/Msg	C_SYSTEM	4	624	624	0	-787	85	872	WE_ALREADY_HOLD	647	258	346	70.80227970188514	src/system/obj/Msg.cpp
default/CharLipSyncDriver	C_SYSTEM	6	624	624	0	-575	100	675	ORACLE_SURPLUS	357	284	526	66.79581557535839	src/system/char/CharLipSyncDriver.cpp
default/band3/meta_band/ContentLoadingPanel	B_BAND3	5	620	620	64	-96	38	134	WE_ALREADY_HOLD	130	130	-1	64.32038834951456	src/band3/meta_band/ContentLoadingPanel.cpp
default/BandHighlight	C_SYSTEM	3	620	620	0	-137	57	194	WE_ALREADY_HOLD	242	224	-1	60.3145795523291	src/system/bandobj/BandHighlight.cpp
default/HttpGet	C_SYSTEM	8	616	612	288	-78	27	105	WE_ALREADY_HOLD	570	-1	580	74.48818897637796	src/system/net/HttpGet.cpp
default/network/quazal/Transport/Interface/TransportSignatureGenerator	A_QUAZAL	4	612	612	80	4	4	0	SCAFFOLD_NO_ORACLE	7	-1	-1	0.0	src/network/quazal/Transport/Interface/TransportSignatureGenerator.cpp
default/Wind	C_SYSTEM	5	704	608	0	-79	22	101	ORACLE_SURPLUS	176	158	238	69.241773962804	src/system/rndobj/Wind.cpp
default/Performer	B_BAND3	4	608	608	0	-738	118	856	WE_ALREADY_HOLD	435	425	-1	82.12661769849598	src/band3/game/Performer.cpp
default/CymbalSelectionProvider	B_BAND3	6	608	608	0	-477	19	496	WE_ALREADY_HOLD	42	41	-1	54.87465181058496	src/band3/meta_band/CymbalSelectionProvider.cpp
default/network/quazal/CallContext	A_QUAZAL	1	608	608	0	1	1	0	SCAFFOLD_NO_ORACLE	8	-1	-1	0.0	src/network/quazal/CallContext.cpp
default/DataPointMgr	C_SYSTEM	4	604	604	0	-801	45	846	WE_ALREADY_HOLD	145	33	130	73.41772151898734	src/system/utl/DataPointMgr.cpp
default/band3/game/BandUserMgr	B_BAND3	4	596	604	0	-600	88	688	WE_ALREADY_HOLD	563	548	-1	64.58167330677291	src/band3/game/BandUserMgr.cpp
default/network/quazal/WorkerThreads	A_QUAZAL	1	604	604	0	1	1	0	SCAFFOLD_NO_ORACLE	8	-1	-1	0.0	src/network/quazal/WorkerThreads.cpp
default/TourProgress	B_BAND3	7	596	596	176	-562	103	665	WE_ALREADY_HOLD	496	508	-1	50.52824988516307	src/band3/tour/TourProgress.cpp
default/TourPerformer	B_BAND3	4	580	580	0	-494	49	543	WE_ALREADY_HOLD	324	322	-1	33.933933933933936	src/band3/tour/TourPerformer.cpp
default/AccomplishmentDiscSongConditional	B_BAND3	8	580	580	96	-644	32	676	WE_ALREADY_HOLD	145	145	-1	53.26704545454545	src/band3/meta_band/AccomplishmentDiscSongConditional.cpp
default/LayerDir	C_SYSTEM	8	892	576	0	-292	120	412	WE_ALREADY_HOLD	314	255	-1	60.33287101248266	src/system/bandobj/LayerDir.cpp
default/CharNeckTwist	C_SYSTEM	6	572	572	412	-86	28	114	WE_ALREADY_HOLD	79	70	75	45.39363484087102	src/system/char/CharNeckTwist.cpp
default/UITransitionHandler	C_SYSTEM	9	564	572	80	-3092	30	3122	WE_ALREADY_HOLD	123	122	120	43.100511073253834	src/system/ui/UITransitionHandler.cpp
default/CharInterest	C_SYSTEM	2	552	552	0	-112	26	138	WE_ALREADY_HOLD	192	200	188	76.35024549918167	src/system/char/CharInterest.cpp
default/system/bandobj/BandHeadShaper	C_SYSTEM	6	552	552	0	-605	36	641	WE_ALREADY_HOLD	402	403	-1	47.69330734243015	src/system/bandobj/BandHeadShaper.cpp
default/network/quazal/Transport/UDP/PacketOut	A_QUAZAL	4	552	552	0	4	4	0	SCAFFOLD_NO_ORACLE	7	-1	-1	0.0	src/network/quazal/Transport/UDP/PacketOut.cpp
default/network/quazal/DupSpace/DupSpaceExtension	A_QUAZAL	2	548	548	0	2	2	0	SCAFFOLD_NO_ORACLE	7	-1	-1	0.0	src/network/quazal/DupSpace/DupSpaceExtension.cpp
default/system/bandobj/BandButton	C_SYSTEM	5	544	544	0	-95	47	142	ORACLE_SURPLUS	200	270	-1	83.8135593220339	src/system/bandobj/BandButton.cpp
default/network/quazal/Transport/Interface/XboxConnectivityTester	A_QUAZAL	4	544	544	80	4	4	0	SCAFFOLD_NO_ORACLE	7	-1	-1	0.0	src/network/quazal/Transport/Interface/XboxConnectivityTester.cpp
default/HamCharacter	C_SYSTEM	10	540	540	0	-858	14	872	WE_ALREADY_HOLD	959	-1	1009	7.614213197969543	src/system/hamobj/HamCharacter.cpp
default/SpotlightDrawer_NG	C_SYSTEM	2	540	540	0	-626	69	695	WE_ALREADY_HOLD	974	-1	998	49.83247030155346	src/system/world/SpotlightDrawer_NG.cpp
default/CharEyeDartRuleset	C_SYSTEM	6	536	536	36	6	50	44	WE_ALREADY_HOLD	101	89	85	71.38939670932358	src/system/char/CharEyeDartRuleset.cpp
default/Emitter	C_SYSTEM	2	536	536	0	-173	41	214	WE_ALREADY_HOLD	160	160	158	67.13008937437934	src/system/synth/Emitter.cpp
default/BeatMatchController	C_SYSTEM	10	536	536	280	6	15	9	ORACLE_SURPLUS	61	109	-1	24.299065420560748	src/system/beatmatch/BeatMatchController.cpp
default/Key	C_SYSTEM	2	532	532	0	-23	4	27	ORACLE_SURPLUS	166	198	164	58.56697819314642	src/system/math/Key.cpp
default/network/quazal/Job	A_QUAZAL	1	532	532	0	1	1	0	SCAFFOLD_NO_ORACLE	8	-1	-1	0.0	src/network/quazal/Job.cpp
default/Symbol	C_SYSTEM	6	524	528	0	-135	30	165	ORACLE_SURPLUS	70	126	71	78.4957627118644	src/system/utl/Symbol.cpp
default/ScreenMask	C_SYSTEM	2	528	528	0	-82	31	113	WE_ALREADY_HOLD	133	135	107	70.66974595842956	src/system/rndobj/ScreenMask.cpp
default/band3/game/TrackerDisplay	B_BAND3	3	528	528	0	-320	194	514	WE_ALREADY_HOLD	389	299	-1	88.73239436619718	src/band3/game/TrackerDisplay.cpp
default/CharData	B_BAND3	4	524	524	80	-431	36	467	WE_ALREADY_HOLD	105	99	-1	75.21793275217932	src/band3/meta_band/CharData.cpp
default/PlatformMgr	C_SYSTEM	7	520	524	144	12	79	67	WE_ALREADY_HOLD	227	174	234	43.57601713062098	src/system/os/PlatformMgr.cpp
default/network/quazal/SecureTransport/SecureEndPoint	A_QUAZAL	1	524	524	0	1	1	0	SCAFFOLD_NO_ORACLE	7	-1	-1	0.0	src/network/quazal/SecureTransport/SecureEndPoint.cpp
default/network/quazal/Transport/Interface/HighLevelStream	A_QUAZAL	2	524	524	0	2	2	0	SCAFFOLD_NO_ORACLE	7	-1	-1	0.0	src/network/quazal/Transport/Interface/HighLevelStream.cpp
default/OriginalChoreoRemixer	C_SYSTEM	3	516	516	0	-747	18	765	WE_ALREADY_HOLD	256	-1	268	7.992202729044834	src/system/hamobj/OriginalChoreoRemixer.cpp
default/Color	C_SYSTEM	6	516	516	0	-26	10	36	WE_ALREADY_HOLD	84	89	75	47.90575916230367	src/system/math/Color.cpp
default/LitAnim	C_SYSTEM	2	512	512	0	-290	34	324	WE_ALREADY_HOLD	146	121	137	69.07090464547677	src/system/rndobj/LitAnim.cpp
default/MemTrack	C_SYSTEM	4	512	512	0	-23	20	43	WE_ALREADY_HOLD	313	-1	323	46.881287726358146	src/system/utl/MemTrack.cpp
default/band3/meta_band/StoreMainPanel	B_BAND3	4	988	512	0	-531	69	600	WE_ALREADY_HOLD	239	217	-1	57.78288340034463	src/band3/meta_band/StoreMainPanel.cpp
default/Object	C_SYSTEM	5	508	508	0	-239	33	272	WE_ALREADY_HOLD	1216	633	1168	65.7559198542805	src/system/obj/Object.cpp
default/network/quazal/Foundation/Transport/StreamManager	A_QUAZAL	1	508	508	0	1	1	0	SCAFFOLD_NO_ORACLE	7	-1	-1	0.0	src/network/quazal/Foundation/Transport/StreamManager.cpp
default/system/ui/UIProxy	C_SYSTEM	4	504	504	0	-179	49	228	WE_ALREADY_HOLD	194	189	-1	69.0909090909091	src/system/ui/UIProxy.cpp
default/TransProxy	C_SYSTEM	3	500	500	0	-74	32	106	WE_ALREADY_HOLD	90	88	86	74.14965986394557	src/system/rndobj/TransProxy.cpp
default/system/bandobj/DialogDisplay	C_SYSTEM	3	500	500	0	-111	31	142	WE_ALREADY_HOLD	93	70	-1	26.366950182260023	src/system/bandobj/DialogDisplay.cpp
default/PracticeSection	C_SYSTEM	6	496	496	0	-621	40	661	WE_ALREADY_HOLD	202	-1	202	15.863689776733255	src/system/hamobj/PracticeSection.cpp
default/EventAnim	C_SYSTEM	8	496	496	80	-276	50	326	WE_ALREADY_HOLD	140	132	-1	61.50341685649203	src/system/world/EventAnim.cpp
default/Profiler	C_SYSTEM	2	480	480	0	-5	4	9	WE_ALREADY_HOLD	40	45	36	23.076923076923077	src/system/utl/Profiler.cpp
default/HamMove	C_SYSTEM	4	480	480	80	-1534	43	1577	WE_ALREADY_HOLD	904	-1	903	57.62237762237762	src/system/hamobj/HamMove.cpp
default/PitchArrow	C_SYSTEM	2	480	480	0	-151	143	294	WE_ALREADY_HOLD	421	400	-1	62.66551525618883	src/system/bandobj/PitchArrow.cpp
default/BandUI	B_BAND3	7	476	476	0	-821	204	1025	WE_ALREADY_HOLD	784	686	-1	93.2998996990973	src/band3/meta_band/BandUI.cpp
default/UISlider	C_SYSTEM	4	476	476	0	-1787	80	1867	WE_ALREADY_HOLD	211	171	218	62.362637362637365	src/system/ui/UISlider.cpp
default/FlowSwitchCase	C_SYSTEM	3	472	472	0	-600	4	604	WE_ALREADY_HOLD	309	-1	278	0.0	src/system/flow/FlowSwitchCase.cpp
default/CharTaskMgr	C_SYSTEM	2	472	472	0	-3	3	6	WE_ALREADY_HOLD	22	22	22	11.278195488721805	src/system/char/CharTaskMgr.cpp
default/network/quazal/Authentication/Client/JobTicketManagerAcquireTicket	A_QUAZAL	1	468	468	0	1	1	0	SCAFFOLD_NO_ORACLE	7	-1	-1	0.0	src/network/quazal/Authentication/Client/JobTicketManagerAcquireTicket.cpp
default/UIScreen	C_SYSTEM	3	464	464	0	-353	69	422	ORACLE_SURPLUS	605	703	593	78.81818181818181	src/system/ui/UIScreen.cpp
default/RhythmBattle	C_SYSTEM	1	464	464	0	-803	4	807	WE_ALREADY_HOLD	1433	-1	1435	0.0	src/system/hamobj/RhythmBattle.cpp
default/BandRetargetVignette	C_SYSTEM	3	460	460	0	-596	52	648	WE_ALREADY_HOLD	182	139	-1	66.289592760181	src/system/bandobj/BandRetargetVignette.cpp
default/CharGuitarString	C_SYSTEM	5	460	460	160	-82	38	120	WE_ALREADY_HOLD	86	92	82	53.91400220507167	src/system/char/CharGuitarString.cpp
default/band3/meta_band/CharProvider	B_BAND3	13	456	460	160	-560	55	615	WE_ALREADY_HOLD	244	243	-1	66.77115987460814	src/band3/meta_band/CharProvider.cpp
default/SongLayout	C_SYSTEM	6	456	456	0	-807	39	846	WE_ALREADY_HOLD	316	-1	358	13.926499032882012	src/system/hamobj/SongLayout.cpp
default/band3/meta_band/LockStepMgr	B_BAND3	1	456	456	0	-562	76	638	WE_ALREADY_HOLD	267	267	-1	85.85064570466031	src/band3/meta_band/LockStepMgr.cpp
default/BeatMap	C_SYSTEM	2	452	452	0	-62	10	72	WE_ALREADY_HOLD	100	94	89	65.81632653061224	src/system/utl/BeatMap.cpp
default/StubCameraInput	C_SYSTEM	2	452	452	0	-31	2	33	WE_ALREADY_HOLD	68	-1	68	0.0	src/system/gesture/StubCameraInput.cpp
default/CharServoBone	C_SYSTEM	8	452	452	0	-509	71	580	ORACLE_SURPLUS	232	276	251	66.27565982404693	src/system/char/CharServoBone.cpp
default/AccomplishmentSongFilterConditional	B_BAND3	3	448	448	0	-625	25	650	WE_ALREADY_HOLD	178	176	-1	83.20839580209895	src/band3/meta_band/AccomplishmentSongFilterConditional.cpp
default/Draw	C_SYSTEM	1	444	444	0	-258	56	314	ORACLE_SURPLUS	276	500	274	86.99861687413555	src/system/rndobj/Draw.cpp
default/system/world/Dir	C_SYSTEM	2	440	440	0	-1176	8	1184	WE_ALREADY_HOLD	720	785	691	7.712082262210797	src/system/world/Dir.cpp
default/system/dsp/VibratoDetector	C_SYSTEM	2	436	436	0	-2	3	5	WE_ALREADY_HOLD	71	74	-1	41.39784946236559	src/system/dsp/VibratoDetector.cpp
default/UIPicture	C_SYSTEM	3	432	432	0	-134	60	194	WE_ALREADY_HOLD	197	182	181	74.53600593912398	src/system/ui/UIPicture.cpp
default/network/quazal/JobProcessJoinRequest	A_QUAZAL	1	432	432	0	1	1	0	SCAFFOLD_NO_ORACLE	7	-1	-1	0.0	src/network/quazal/JobProcessJoinRequest.cpp
default/ArkFile	C_SYSTEM	1	428	428	0	-11	19	30	WE_ALREADY_HOLD	166	149	166	56.12535612535613	src/system/os/ArkFile.cpp
default/Flare	C_SYSTEM	1	428	428	0	-148	48	196	WE_ALREADY_HOLD	326	317	310	69.85898942420681	src/system/rndobj/Flare.cpp
default/SetlistMergePanel	B_BAND3	4	428	428	0	-591	93	684	WE_ALREADY_HOLD	265	269	-1	78.01932367149759	src/band3/meta_band/SetlistMergePanel.cpp
default/FileMergerOrganizer	C_SYSTEM	1	424	424	0	-543	37	580	WE_ALREADY_HOLD	262	263	255	65.97659765976597	src/system/char/FileMergerOrganizer.cpp
default/NoteTube	C_SYSTEM	3	424	424	0	-269	19	288	WE_ALREADY_HOLD	504	517	-1	61.570247933884296	src/system/bandobj/NoteTube.cpp
default/mtx	C_SYSTEM	3	420	420	0	-1269	19	1288	WE_ALREADY_HOLD	332	-1	288	55.414746543778804	src/system/math/mtx.cpp
default/system/rndobj/MotionBlur	C_SYSTEM	1	420	420	0	-128	35	163	WE_ALREADY_HOLD	108	69	82	84.96071829405163	src/system/rndobj/MotionBlur.cpp
default/AccomplishmentPlayerConditional	B_BAND3	10	420	420	0	-553	100	653	WE_ALREADY_HOLD	309	257	-1	93.30689142290531	src/band3/meta_band/AccomplishmentPlayerConditional.cpp
default/band3/meta_band/CurrentOutfitProvider	B_BAND3	3	420	420	0	-484	17	501	WE_ALREADY_HOLD	79	70	-1	34.91620111731844	src/band3/meta_band/CurrentOutfitProvider.cpp
default/CharForeTwist	C_SYSTEM	4	416	416	0	-109	26	135	ORACLE_SURPLUS	126	235	116	44.47761194029851	src/system/char/CharForeTwist.cpp
default/NetCacheMgr_Xbox	C_SYSTEM	1	408	408	0	-10	15	25	WE_ALREADY_HOLD	60	-1	57	38.51851851851852	src/system/utl/NetCacheMgr_Xbox.cpp
default/OnlineID	C_SYSTEM	3	404	404	0	-172	17	189	WE_ALREADY_HOLD	78	40	36	48.57142857142857	src/system/os/OnlineID.cpp
default/KeyboardTrackWatcherImpl	C_SYSTEM	1	400	400	0	-74	25	99	WE_ALREADY_HOLD	420	421	-1	64.00462962962963	src/system/beatmatch/KeyboardTrackWatcherImpl.cpp
default/CharPosConstraint	C_SYSTEM	2	400	400	0	-110	31	141	WE_ALREADY_HOLD	112	91	87	75.75757575757575	src/system/char/CharPosConstraint.cpp
default/network/quazal/CallContextRegister	A_QUAZAL	1	400	400	0	1	1	0	SCAFFOLD_NO_ORACLE	8	-1	-1	0.0	src/network/quazal/CallContextRegister.cpp
default/HamIKEffector	C_SYSTEM	1	388	388	0	-752	6	758	ORACLE_SURPLUS	721	-1	1260	34.64052287581699	src/system/hamobj/HamIKEffector.cpp
default/UITrigger	C_SYSTEM	3	384	388	0	-299	54	353	WE_ALREADY_HOLD	212	186	190	79.84313725490196	src/system/ui/UITrigger.cpp
default/band3/game/PracticeSectionProvider	B_BAND3	6	388	388	0	-505	42	547	WE_ALREADY_HOLD	132	132	-1	75.59262510974538	src/band3/game/PracticeSectionProvider.cpp
default/VirtualKeyboard	C_SYSTEM	1	384	384	0	-23	25	48	WE_ALREADY_HOLD	67	53	68	81.92090395480226	src/system/os/VirtualKeyboard.cpp
default/Tail	B_BAND3	2	384	384	0	-497	15	512	WE_ALREADY_HOLD	332	331	-1	54.91905354919054	src/band3/bandtrack/Tail.cpp
default/network/quazal/Foundation/JobTerminateFacade	A_QUAZAL	1	384	384	0	1	1	0	SCAFFOLD_NO_ORACLE	7	-1	-1	0.0	src/network/quazal/Foundation/JobTerminateFacade.cpp
default/MeasureMap	C_SYSTEM	7	376	376	0	-1748	20	1768	WE_ALREADY_HOLD	94	85	85	38.34586466165413	src/system/utl/MeasureMap.cpp
default/network/quazal/DOClassesTable	A_QUAZAL	1	376	376	0	1	1	0	SCAFFOLD_NO_ORACLE	7	-1	-1	0.0	src/network/quazal/DOClassesTable.cpp
default/MapFile_Xbox	C_SYSTEM	1	372	372	0	2	14	12	WE_ALREADY_HOLD	344	-1	352	68.26516220028209	src/system/os/MapFile_Xbox.cpp
default/system/synth_xbox/SampleInst360	C_SYSTEM	3	372	372	0	-15	17	32	ORACLE_SURPLUS	40	-1	77	35.233160621761655	src/system/synth_xbox/SampleInst360.cpp
default/UTF8	C_SYSTEM	3	368	368	0	-85	17	102	WE_ALREADY_HOLD	399	318	393	84.5896147403685	src/system/utl/UTF8.cpp
default/GuitarFx	B_BAND3	10	368	368	0	-74	40	114	WE_ALREADY_HOLD	146	139	-1	87.30337078651685	src/band3/game/GuitarFx.cpp
default/Achievements	C_SYSTEM	3	360	360	0	-74	18	92	WE_ALREADY_HOLD	59	28	57	63.387978142076506	src/system/meta/Achievements.cpp
default/network/quazal/Core/StringConverter	A_QUAZAL	3	356	356	0	3	3	0	SCAFFOLD_NO_ORACLE	7	-1	-1	0.0	src/network/quazal/Core/StringConverter.cpp
default/CriticalUserListener	B_BAND3	4	344	352	136	-751	22	773	WE_ALREADY_HOLD	83	75	-1	84.64285714285714	src/band3/meta_band/CriticalUserListener.cpp
default/BinStream	C_SYSTEM	6	352	352	0	-80	27	107	WE_ALREADY_HOLD	289	219	276	83.75912408759125	src/system/utl/BinStream.cpp
default/network/quazal/Transport/Routing/RoutingStream	A_QUAZAL	3	352	352	0	3	3	0	SCAFFOLD_NO_ORACLE	7	-1	-1	0.0	src/network/quazal/Transport/Routing/RoutingStream.cpp
default/MoveAsyncDetector	C_SYSTEM	2	348	348	0	-932	17	949	WE_ALREADY_HOLD	329	-1	333	49.532710280373834	src/system/hamobj/MoveAsyncDetector.cpp
default/band3/meta_band/LessonMgr	B_BAND3	7	348	348	0	-725	49	774	WE_ALREADY_HOLD	216	209	-1	40.9286328460877	src/band3/meta_band/LessonMgr.cpp
default/RenderState	C_SYSTEM	1	344	344	0	-32	24	56	WE_ALREADY_HOLD	146	-1	128	40.04237288135593	src/system/rnddx9/RenderState.cpp
default/band3/game/PerfectOverdriveTracker	B_BAND3	1	344	344	0	-550	43	593	WE_ALREADY_HOLD	292	279	-1	66.72597864768683	src/band3/game/PerfectOverdriveTracker.cpp
default/TDStretch	C_SYSTEM	4	344	336	0	-8	64	72	WE_ALREADY_HOLD	793	-1	791	94.87726787620063	src/system/synth_xbox/soundtouch/source/SoundTouch/TDStretch.cpp
default/band3/meta_band/AccomplishmentTourConditional	B_BAND3	3	336	336	0	-458	15	473	WE_ALREADY_HOLD	165	165	-1	60.82089552238806	src/band3/meta_band/AccomplishmentTourConditional.cpp
default/DataEventList	C_SYSTEM	1	324	324	0	-213	37	250	WE_ALREADY_HOLD	188	197	188	65.88345864661655	src/system/midi/DataEventList.cpp
default/TrackerManager	B_BAND3	5	324	324	0	-509	71	580	WE_ALREADY_HOLD	410	411	-1	85.4796320630749	src/band3/game/TrackerManager.cpp
default/CharLookAt	C_SYSTEM	8	320	320	280	-102	62	164	WE_ALREADY_HOLD	389	371	380	59.182757072294564	src/system/char/CharLookAt.cpp
default/CamAnim	C_SYSTEM	3	316	320	16	-197	45	242	WE_ALREADY_HOLD	171	105	108	53.23590814196242	src/system/rndobj/CamAnim.cpp
default/network/quazal/Compression/ZLib/ZLibCompression	A_QUAZAL	1	316	316	0	1	1	0	SCAFFOLD_NO_ORACLE	8	-1	-1	0.0	src/network/quazal/Compression/ZLib/ZLibCompression.cpp
default/TexBlendController	C_SYSTEM	4	312	312	120	-74	41	115	WE_ALREADY_HOLD	178	117	162	71.53284671532846	src/system/rndobj/TexBlendController.cpp
default/UIListMesh	C_SYSTEM	3	312	312	0	-201	23	224	WE_ALREADY_HOLD	183	100	181	66.09294320137694	src/system/ui/UIListMesh.cpp
default/Chunks	C_SYSTEM	2	308	308	0	-24	15	39	WE_ALREADY_HOLD	170	181	170	84.90196078431373	src/system/utl/Chunks.cpp
default/MercurySwitchFilter	C_SYSTEM	3	300	304	0	-10	15	25	ORACLE_ONLY(our src is a scaffold)	13	13	-1	77.10144927536231	src/system/beatmatch/MercurySwitchFilter.cpp
default/Common_Xbox	C_SYSTEM	2	300	300	0	4	7	3	SCAFFOLD_NO_ORACLE	18	-1	-1	30.4	src/system/synth/Common_Xbox.cpp
default/BustAMoveData	C_SYSTEM	2	296	296	0	-137	5	142	WE_ALREADY_HOLD	56	-1	56	17.6056338028169	src/system/hamobj/BustAMoveData.cpp
default/band3/meta_band/SongRecord	B_BAND3	3	296	296	0	-491	57	548	WE_ALREADY_HOLD	255	234	-1	92.76517473942367	src/band3/meta_band/SongRecord.cpp
default/network/quazal/Encryption/RC4/RC4Encryption	A_QUAZAL	3	296	296	0	3	3	0	SCAFFOLD_NO_ORACLE	7	-1	-1	0.0	src/network/quazal/Encryption/RC4/RC4Encryption.cpp
default/CharDriverMidi	C_SYSTEM	3	292	292	0	-451	51	502	ORACLE_SURPLUS	163	238	162	72.92332268370608	src/system/char/CharDriverMidi.cpp
default/CharWeightSetter	C_SYSTEM	1	288	288	0	-583	51	634	WE_ALREADY_HOLD	205	189	186	74.37582128777923	src/system/char/CharWeightSetter.cpp
default/CharBonesSamples	C_SYSTEM	4	288	288	0	-586	39	625	WE_ALREADY_HOLD	733	761	754	34.385002286236855	src/system/char/CharBonesSamples.cpp
default/SongMetadata	C_SYSTEM	2	288	288	0	-18	27	45	WE_ALREADY_HOLD	167	161	152	90.92055485498109	src/system/meta/SongMetadata.cpp
default/Lit	C_SYSTEM	4	288	288	0	-127	81	208	WE_ALREADY_HOLD	328	204	271	80.77079107505071	src/system/rndobj/Lit.cpp
default/system/synth/FxSendReverb	C_SYSTEM	1	288	288	0	-36	24	60	WE_ALREADY_HOLD	70	61	68	85.41076487252124	src/system/synth/FxSendReverb.cpp
default/ClipCollide	C_SYSTEM	4	288	288	0	-758	6	764	WE_ALREADY_HOLD	424	449	421	11.904761904761905	src/system/char/ClipCollide.cpp
default/network/Plugins/Checksum/MD5/MD5	A_QUAZAL	2	288	288	0	-1	6	7	NONE	212	-1	-1	10.225988700564972	src/network/Plugins/Checksum/MD5/MD5.cpp
default/PerformanceData	B_BAND3	4	388	288	0	-865	38	903	WE_ALREADY_HOLD	395	392	-1	74.2836149889787	src/band3/meta_band/PerformanceData.cpp
default/network/quazal/SystemComponents	A_QUAZAL	1	288	288	0	1	1	0	SCAFFOLD_NO_ORACLE	8	-1	-1	0.0	src/network/quazal/SystemComponents.cpp
default/network/quazal/Services/Facades/Client/JobBackEndServicesTerminate	A_QUAZAL	1	284	284	0	1	1	0	SCAFFOLD_NO_ORACLE	7	-1	-1	0.0	src/network/quazal/Services/Facades/Client/JobBackEndServicesTerminate.cpp
default/Synapse_dsp	C_SYSTEM	8	280	280	200	-188	78	266	WE_ALREADY_HOLD	365	-1	388	40.59662775616083	src/system/synth_xbox/Synapse_dsp.cpp
default/network/Platform/BandwidthCounter	A_QUAZAL	1	280	280	0	-22	5	27	WE_ALREADY_HOLD	54	50	-1	35.622317596566525	src/network/Platform/BandwidthCounter.cpp
default/GemSmasher	B_BAND3	8	276	280	0	-553	34	587	WE_ALREADY_HOLD	245	229	-1	59.45205479452055	src/band3/bandtrack/GemSmasher.cpp
default/system/beatmatch/PhraseList	C_SYSTEM	3	280	280	0	-92	12	104	ORACLE_SURPLUS	46	55	-1	56.41025641025641	src/system/beatmatch/PhraseList.cpp
default/FlowIf	C_SYSTEM	3	276	276	0	-77	16	93	WE_ALREADY_HOLD	176	-1	167	15.246636771300448	src/system/flow/FlowIf.cpp
default/MidiParserMgr	C_SYSTEM	4	276	276	0	-239	56	295	WE_ALREADY_HOLD	291	275	288	77.96101949025487	src/system/midi/MidiParserMgr.cpp
default/DirUnloader	C_SYSTEM	3	276	276	0	-159	21	180	ORACLE_SURPLUS	33	45	33	58.064516129032256	src/system/obj/DirUnloader.cpp
default/LabelNumberTicker	C_SYSTEM	3	272	272	0	-145	63	208	WE_ALREADY_HOLD	191	150	186	46.831220813875916	src/system/ui/LabelNumberTicker.cpp
default/WahEffect	C_SYSTEM	1	272	272	0	0	4	4	NONE	241	-1	-1	16.50485436893204	src/system/synth/WahEffect.cpp
default/CampaignLevel	B_BAND3	3	272	272	0	-979	15	994	WE_ALREADY_HOLD	59	38	-1	38.857142857142854	src/band3/meta_band/CampaignLevel.cpp
default/CharIKMidi	C_SYSTEM	3	268	268	0	-346	57	403	WE_ALREADY_HOLD	200	203	185	52.25515463917526	src/system/char/CharIKMidi.cpp
default/UIComponent	C_SYSTEM	4	264	264	80	-211	119	330	WE_ALREADY_HOLD	507	461	162	77.11781888997079	src/system/ui/UIComponent.cpp
default/DataArraySongInfo	C_SYSTEM	1	264	264	0	-346	45	391	WE_ALREADY_HOLD	182	168	136	44.267515923566876	src/system/meta/DataArraySongInfo.cpp
default/PhysicsManager	C_SYSTEM	2	260	260	0	-146	3	149	WE_ALREADY_HOLD	153	-1	149	10.95890410958904	src/system/world/PhysicsManager.cpp
default/HamSupereasyData	C_SYSTEM	4	260	260	0	-124	4	128	WE_ALREADY_HOLD	60	-1	60	0.0	src/system/hamobj/HamSupereasyData.cpp
default/HeadsetXferEffect	C_SYSTEM	3	248	256	0	-3	10	13	WE_ALREADY_HOLD	25	-1	28	56.71641791044776	src/system/synth_xbox/HeadsetXferEffect.cpp
default/CharFaceServo	C_SYSTEM	4	252	252	80	-500	57	557	WE_ALREADY_HOLD	196	185	192	65.85185185185185	src/system/char/CharFaceServo.cpp
default/ThreadCall_Win	C_SYSTEM	1	252	252	0	-2	7	9	WE_ALREADY_HOLD	129	-1	129	70.28301886792453	src/system/os/ThreadCall_Win.cpp
default/system/synth_xbox/Synth	C_SYSTEM	3	248	248	0	-318	169	487	ORACLE_SURPLUS	566	-1	766	77.42907356264122	src/system/synth_xbox/Synth.cpp
default/network/quazal/Transport/UDP/PacketIn	A_QUAZAL	3	248	248	0	3	3	0	SCAFFOLD_NO_ORACLE	7	-1	-1	0.0	src/network/quazal/Transport/UDP/PacketIn.cpp
default/UIListProvider	C_SYSTEM	1	232	232	0	-130	11	141	WE_ALREADY_HOLD	162	130	162	63.758389261744966	src/system/ui/UIListProvider.cpp
default/CameraInput	C_SYSTEM	1	232	232	0	-26	2	28	ORACLE_ONLY(our src is a scaffold)	18	-1	18	3.3333333333333335	src/system/gesture/CameraInput.cpp
default/band3/meta_band/AppMiniLeaderboardDisplay	B_BAND3	4	232	232	0	-489	57	546	WE_ALREADY_HOLD	249	239	-1	86.37770897832817	src/band3/meta_band/AppMiniLeaderboardDisplay.cpp
default/network/quazal/ChangeDupSetOperation	A_QUAZAL	1	232	232	0	1	1	0	SCAFFOLD_NO_ORACLE	7	-1	-1	0.0	src/network/quazal/ChangeDupSetOperation.cpp
default/network/quazal/Core/BitStream	A_QUAZAL	3	232	232	0	3	3	0	SCAFFOLD_NO_ORACLE	8	-1	-1	0.0	src/network/quazal/Core/BitStream.cpp
default/UIListCustom	C_SYSTEM	1	228	228	0	-168	25	193	WE_ALREADY_HOLD	124	96	124	68.83333333333333	src/system/ui/UIListCustom.cpp
default/network/quazal/RMCContext	A_QUAZAL	1	228	228	0	1	1	0	SCAFFOLD_NO_ORACLE	7	-1	-1	0.0	src/network/quazal/RMCContext.cpp
default/Gen	C_SYSTEM	6	224	224	160	-277	83	360	WE_ALREADY_HOLD	430	410	408	70.49979683055669	src/system/rndobj/Gen.cpp
default/FlowEventListener	C_SYSTEM	2	224	224	0	-94	2	96	WE_ALREADY_HOLD	145	-1	146	0.0	src/system/flow/FlowEventListener.cpp
default/EnvAnim	C_SYSTEM	3	224	224	0	-331	46	377	WE_ALREADY_HOLD	144	121	-1	65.89285714285714	src/system/rndobj/EnvAnim.cpp
default/ChunkStream	C_SYSTEM	2	220	220	0	-46	35	81	WE_ALREADY_HOLD	613	498	544	76.13548883756737	src/system/utl/ChunkStream.cpp
default/network/quazal/StepSequenceJob	A_QUAZAL	1	220	220	0	1	1	0	SCAFFOLD_NO_ORACLE	8	-1	-1	0.0	src/network/quazal/StepSequenceJob.cpp
default/network/quazal/SessionClock/SessionClockExtension	A_QUAZAL	1	220	220	0	1	1	0	SCAFFOLD_NO_ORACLE	7	-1	-1	0.0	src/network/quazal/SessionClock/SessionClockExtension.cpp
default/UserMgr	C_SYSTEM	1	216	216	0	-60	12	72	ORACLE_SURPLUS	31	46	31	61.83745583038869	src/system/os/UserMgr.cpp
default/OSCMessenger	C_SYSTEM	2	216	216	0	-48	3	51	WE_ALREADY_HOLD	142	-1	142	0.0	src/system/utl/OSCMessenger.cpp
default/ssluse	C_SYSTEM	1	216	216	0	1	1	0	WE_ALREADY_HOLD	2726	-1	2726	0.0	src/system/net/curl/lib/ssluse.c
default/User	C_SYSTEM	2	212	212	0	-21	38	59	ORACLE_SURPLUS	77	139	77	88.28967642526965	src/system/os/User.cpp
default/UIListSlot	C_SYSTEM	2	208	208	0	-278	38	316	WE_ALREADY_HOLD	259	217	276	60.08188331627431	src/system/ui/UIListSlot.cpp
default/band3/meta_band/AccomplishmentTrainerListConditional	B_BAND3	2	208	208	0	-518	12	530	WE_ALREADY_HOLD	67	60	-1	74.05660377358491	src/band3/meta_band/AccomplishmentTrainerListConditional.cpp
default/MicClientMapper	C_SYSTEM	5	204	204	0	-90	18	108	ORACLE_SURPLUS	142	227	142	50.12048192771084	src/system/synth/MicClientMapper.cpp
default/UIColor	C_SYSTEM	3	200	200	80	-39	14	53	WE_ALREADY_HOLD	42	39	38	70.66246056782335	src/system/ui/UIColor.cpp
default/FlowTrigger	C_SYSTEM	1	200	200	0	-281	8	289	WE_ALREADY_HOLD	286	-1	285	24.31192660550459	src/system/flow/FlowTrigger.cpp
default/RGGemMatcher	C_SYSTEM	2	200	200	0	-4	13	17	WE_ALREADY_HOLD	198	199	-1	69.55719557195572	src/system/beatmatch/RGGemMatcher.cpp
default/band3/meta_band/AccomplishmentLessonSongListConditional	B_BAND3	2	200	200	0	-423	5	428	WE_ALREADY_HOLD	72	72	-1	44.61538461538461	src/band3/meta_band/AccomplishmentLessonSongListConditional.cpp
default/network/quazal/Core/ObjectThreadRoot	A_QUAZAL	1	200	200	0	1	1	0	SCAFFOLD_NO_ORACLE	8	-1	-1	0.0	src/network/quazal/Core/ObjectThreadRoot.cpp
default/network/quazal/ChangeMasterStationOperation	A_QUAZAL	1	200	200	0	1	1	0	SCAFFOLD_NO_ORACLE	7	-1	-1	0.0	src/network/quazal/ChangeMasterStationOperation.cpp
default/UIListSubList	C_SYSTEM	2	196	196	0	-177	30	207	WE_ALREADY_HOLD	146	115	147	76.80473372781066	src/system/ui/UIListSubList.cpp
default/CharBone	C_SYSTEM	3	192	196	0	-126	77	203	WE_ALREADY_HOLD	227	174	204	68.66666666666667	src/system/char/CharBone.cpp
default/network/quazal/Foundation/Client/ClientStreamManager	A_QUAZAL	1	196	196	0	1	1	0	SCAFFOLD_NO_ORACLE	7	-1	-1	0.0	src/network/quazal/Foundation/Client/ClientStreamManager.cpp
default/SynapseAPO	C_SYSTEM	2	192	192	0	3	14	11	WE_ALREADY_HOLD	85	-1	93	41.14114114114114	src/system/synth_xbox/SynapseAPO.cpp
default/CharUtl	C_SYSTEM	1	188	188	0	-551	18	569	WE_ALREADY_HOLD	227	216	227	82.48520710059172	src/system/char/CharUtl.cpp
default/network/quazal/DupSpace/MatchOperation	A_QUAZAL	1	188	188	0	1	1	0	SCAFFOLD_NO_ORACLE	7	-1	-1	0.0	src/network/quazal/DupSpace/MatchOperation.cpp
default/ShaderOptions	C_SYSTEM	2	184	184	0	-2721	8	2729	WE_ALREADY_HOLD	286	122	263	21.626794258373206	src/system/rndobj/ShaderOptions.cpp
default/CDReader	C_SYSTEM	1	184	184	0	-59	4	63	WE_ALREADY_HOLD	124	74	128	4.608294930875576	src/system/os/CDReader.cpp
default/TexLoadPanel	B_BAND3	2	184	184	0	-502	49	551	WE_ALREADY_HOLD	231	226	-1	87.2794800371402	src/band3/meta_band/TexLoadPanel.cpp
default/network/quazal/ProtocolRequestBroker	A_QUAZAL	1	184	184	0	1	1	0	SCAFFOLD_NO_ORACLE	7	-1	-1	0.0	src/network/quazal/ProtocolRequestBroker.cpp
default/BlockMgr	C_SYSTEM	2	172	180	0	-133	55	188	WE_ALREADY_HOLD	359	344	359	68.2051282051282	src/system/os/BlockMgr.cpp
default/CharMirror	C_SYSTEM	1	180	180	0	-213	37	250	WE_ALREADY_HOLD	147	129	142	69.17874396135265	src/system/char/CharMirror.cpp
default/band3/game/UITransitionNetMsgs	B_BAND3	2	180	180	0	-451	20	471	WE_ALREADY_HOLD	60	56	-1	87.84119106699752	src/band3/game/UITransitionNetMsgs.cpp
default/CharSleeve	C_SYSTEM	1	176	176	0	-510	33	543	WE_ALREADY_HOLD	205	171	175	47.73946360153257	src/system/char/CharSleeve.cpp
default/network/quazal/JobListenOnWellKnown	A_QUAZAL	1	176	176	0	1	1	0	SCAFFOLD_NO_ORACLE	7	-1	-1	0.0	src/network/quazal/JobListenOnWellKnown.cpp
default/network/quazal/GlobalDiscovery/GlobalDiscoveryExtension	A_QUAZAL	1	176	176	0	1	1	0	SCAFFOLD_NO_ORACLE	7	-1	-1	0.0	src/network/quazal/GlobalDiscovery/GlobalDiscoveryExtension.cpp
default/band3/meta_band/LicenseMgr	B_BAND3	2	168	168	0	-360	46	406	WE_ALREADY_HOLD	116	44	-1	52.815699658703075	src/band3/meta_band/LicenseMgr.cpp
default/DistortionEffect	C_SYSTEM	2	168	164	0	0	4	4	NONE	50	-1	-1	19.23076923076923	src/system/synth/DistortionEffect.cpp
default/FilePath	C_SYSTEM	2	164	164	0	-194	22	216	WE_ALREADY_HOLD	33	13	20	35.947712418300654	src/system/utl/FilePath.cpp
default/network/quazal/ParticipationManager	A_QUAZAL	1	164	164	0	1	1	0	SCAFFOLD_NO_ORACLE	7	-1	-1	0.0	src/network/quazal/ParticipationManager.cpp
default/UIListArrow	C_SYSTEM	3	160	160	80	-151	21	172	WE_ALREADY_HOLD	107	98	95	81.28	src/system/ui/UIListArrow.cpp
default/AllocInfo	C_SYSTEM	2	160	160	0	-11	10	21	WE_ALREADY_HOLD	203	-1	198	73.54838709677419	src/system/utl/AllocInfo.cpp
default/network/quazal/Core/StringStream	A_QUAZAL	1	160	160	0	1	1	0	SCAFFOLD_NO_ORACLE	8	-1	-1	0.0	src/network/quazal/Core/StringStream.cpp
default/HamCamShot	C_SYSTEM	1	156	156	0	-983	1	984	WE_ALREADY_HOLD	989	-1	983	0.0	src/system/hamobj/HamCamShot.cpp
default/SessionMessages	A_QUAZAL	1	156	156	0	-624	62	686	WE_ALREADY_HOLD	287	284	-1	74.77544910179641	src/network/net/SessionMessages.cpp
default/BandSongPref	C_SYSTEM	1	156	156	0	-38	13	51	WE_ALREADY_HOLD	61	49	-1	81.875	src/system/bandobj/BandSongPref.cpp
default/system/beatmatch/BeatMatchUtl	C_SYSTEM	4	156	156	0	-5	9	14	WE_ALREADY_HOLD	110	110	-1	68.58638743455498	src/system/beatmatch/BeatMatchUtl.cpp
default/CheckboxDisplay	C_SYSTEM	2	152	152	0	-88	43	131	WE_ALREADY_HOLD	94	74	-1	82.48081841432226	src/system/bandobj/CheckboxDisplay.cpp
default/SongInfoCopy	C_SYSTEM	2	152	152	0	-247	57	304	WE_ALREADY_HOLD	126	143	86	64.90384615384616	src/system/utl/SongInfoCopy.cpp
default/band3/meta_band/UGCPurchasePanel	B_BAND3	3	152	152	0	-461	41	502	WE_ALREADY_HOLD	194	131	-1	72.52843394575677	src/band3/meta_band/UGCPurchasePanel.cpp
default/system/synth/FxSendSynapse	C_SYSTEM	7	148	148	0	-35	25	60	WE_ALREADY_HOLD	82	92	82	91.69139465875371	src/system/synth/FxSendSynapse.cpp
default/File_Win	C_SYSTEM	1	148	148	0	-4	5	9	WE_ALREADY_HOLD	135	-1	135	52.5974025974026	src/system/os/File_Win.cpp
default/UIListHighlight	C_SYSTEM	2	144	144	0	-231	17	248	WE_ALREADY_HOLD	88	92	58	77.85714285714286	src/system/ui/UIListHighlight.cpp
default/system/beatmatch/DrumMap	C_SYSTEM	1	144	144	0	-39	1	40	WE_ALREADY_HOLD	39	34	-1	0.0	src/system/beatmatch/DrumMap.cpp
default/FreeCamera	C_SYSTEM	1	140	140	0	-444	11	455	WE_ALREADY_HOLD	182	203	139	47.774480712166174	src/system/world/FreeCamera.cpp
default/CreditsPanel	C_SYSTEM	2	140	140	0	-111	36	147	WE_ALREADY_HOLD	218	171	198	65.10204081632654	src/system/meta/CreditsPanel.cpp
default/Joypad_Xinput	C_SYSTEM	3	132	136	0	-20	11	31	WE_ALREADY_HOLD	219	-1	221	36.44646924829157	src/system/os/Joypad_Xinput.cpp
default/AsyncTask	C_SYSTEM	1	136	136	0	1	4	3	WE_ALREADY_HOLD	27	29	27	56.09756097560975	src/system/os/AsyncTask.cpp
default/HamIKSkeleton	C_SYSTEM	1	136	136	0	-509	9	518	ORACLE_SURPLUS	109	-1	214	31.05263157894737	src/system/hamobj/HamIKSkeleton.cpp
default/Metronome	B_BAND3	4	136	136	0	-412	11	423	WE_ALREADY_HOLD	58	57	-1	51.295336787564764	src/band3/game/Metronome.cpp
default/system/beatmatch/DrumMixDB	C_SYSTEM	1	136	136	0	-176	22	198	WE_ALREADY_HOLD	45	45	-1	57.03363914373089	src/system/beatmatch/DrumMixDB.cpp
default/SampleInst	C_SYSTEM	1	132	132	0	-71	15	86	WE_ALREADY_HOLD	140	66	127	42.69230769230769	src/system/synth/SampleInst.cpp
default/PostProcer	C_SYSTEM	1	132	132	0	-71	7	78	WE_ALREADY_HOLD	46	-1	46	30.097087378640776	src/system/world/PostProcer.cpp
default/system/beatmatch/SlotChannelMapping	C_SYSTEM	4	124	132	0	-120	33	153	WE_ALREADY_HOLD	115	117	-1	59.58083832335329	src/system/beatmatch/SlotChannelMapping.cpp
default/network/quazal/Competition/Protocol/TournamentDDL	A_QUAZAL	1	132	132	0	1	1	0	SCAFFOLD_NO_ORACLE	8	-1	-1	0.0	src/network/quazal/Competition/Protocol/TournamentDDL.cpp
default/network/quazal/MatchMaking/Protocol/GameSessionDDL	A_QUAZAL	1	132	132	0	1	1	0	SCAFFOLD_NO_ORACLE	8	-1	-1	0.0	src/network/quazal/MatchMaking/Protocol/GameSessionDDL.cpp
default/Rand	C_SYSTEM	2	128	128	0	11	27	16	ORACLE_SURPLUS	97	212	87	50.44642857142857	src/system/math/Rand.cpp
default/SpectralAnalysis	C_SYSTEM	1	128	128	0	-60	8	68	WE_ALREADY_HOLD	134	-1	130	48.105436573311366	src/system/synth_xbox/SpectralAnalysis.cpp
default/HamPhotoDisplay	C_SYSTEM	1	128	128	0	-236	2	238	WE_ALREADY_HOLD	133	-1	97	0.0	src/system/hamobj/HamPhotoDisplay.cpp
default/AccomplishmentSetlist	B_BAND3	4	128	128	0	-429	16	445	WE_ALREADY_HOLD	75	65	-1	78.86792452830188	src/band3/meta_band/AccomplishmentSetlist.cpp
default/system/hamobj/MiniLeaderboardDisplay	C_SYSTEM	2	128	128	0	-109	31	140	WE_ALREADY_HOLD	86	-1	77	80.44280442804428	src/system/hamobj/MiniLeaderboardDisplay.cpp
default/Graph	C_SYSTEM	1	124	124	0	-209	18	227	WE_ALREADY_HOLD	190	160	192	61.64383561643836	src/system/rndobj/Graph.cpp
default/CharBoneOffset	C_SYSTEM	2	124	124	0	-122	27	149	WE_ALREADY_HOLD	85	64	64	72.51264755480607	src/system/char/CharBoneOffset.cpp
default/NetGameMsgs	B_BAND3	3	124	124	0	-832	142	974	WE_ALREADY_HOLD	358	349	-1	72.7643784786642	src/band3/game/NetGameMsgs.cpp
default/band3/meta_band/PassiveMessenger	B_BAND3	1	124	124	0	-398	180	578	WE_ALREADY_HOLD	513	465	-1	95.67531603459747	src/band3/meta_band/PassiveMessenger.cpp
default/network/quazal/LocalClock	A_QUAZAL	1	124	124	0	1	1	0	SCAFFOLD_NO_ORACLE	7	-1	-1	0.0	src/network/quazal/LocalClock.cpp
default/PartLauncher	C_SYSTEM	3	120	120	120	-138	67	205	WE_ALREADY_HOLD	313	274	284	86.14232209737828	src/system/rndobj/PartLauncher.cpp
default/StorePreviewMgr	C_SYSTEM	3	120	120	80	-56	42	98	ORACLE_SURPLUS	149	149	172	69.76495726495726	src/system/meta/StorePreviewMgr.cpp
default/band3/meta_band/UIStats	B_BAND3	4	120	120	0	-506	37	543	WE_ALREADY_HOLD	318	297	-1	47.05882352941177	src/band3/meta_band/UIStats.cpp
default/system/ui/UIGridProvider	C_SYSTEM	3	120	120	0	-118	25	143	WE_ALREADY_HOLD	82	87	-1	67.81376518218623	src/system/ui/UIGridProvider.cpp
default/ADSR	C_SYSTEM	5	116	116	0	-54	16	70	ORACLE_SURPLUS	319	517	95	86.7231638418079	src/system/synth/ADSR.cpp
default/band3/game/VocalGuidePitch	B_BAND3	2	116	116	0	-441	17	458	WE_ALREADY_HOLD	134	126	-1	57.46606334841629	src/band3/game/VocalGuidePitch.cpp
default/network/quazal/Foundation/Protocol/DataDDL	A_QUAZAL	1	116	116	0	1	1	0	SCAFFOLD_NO_ORACLE	8	-1	-1	0.0	src/network/quazal/Foundation/Protocol/DataDDL.cpp
default/Console	C_SYSTEM	1	112	112	0	-2172	88	2260	WE_ALREADY_HOLD	596	548	549	76.43076923076923	src/system/rndobj/Console.cpp
default/Watcher	C_SYSTEM	1	112	112	0	-64	15	79	WE_ALREADY_HOLD	88	-1	88	50.402144772117964	src/system/rndobj/Watcher.cpp
default/CharIKHead	C_SYSTEM	1	112	112	0	-548	81	629	WE_ALREADY_HOLD	314	228	245	60.6175972927242	src/system/char/CharIKHead.cpp
default/SongCollision	C_SYSTEM	1	112	112	0	-700	16	716	WE_ALREADY_HOLD	458	-1	454	35.36585365853659	src/system/hamobj/SongCollision.cpp
default/system/synth_xbox/FxSendPitchShift	C_SYSTEM	2	112	112	0	3	3	0	ORACLE_ONLY(our src is a scaffold)	1	-1	12	0.0	src/system/synth_xbox/FxSendPitchShift.cpp
default/OverdriveTimeTracker	B_BAND3	1	112	112	0	-436	15	451	WE_ALREADY_HOLD	116	107	-1	75.0	src/band3/game/OverdriveTimeTracker.cpp
default/FixedSizeSaveableStream	C_SYSTEM	2	108	108	0	-311	20	331	ORACLE_SURPLUS	72	86	72	77.94117647058823	src/system/meta/FixedSizeSaveableStream.cpp
default/UIButton	C_SYSTEM	1	108	108	0	-123	17	140	WE_ALREADY_HOLD	51	56	53	84.67966573816156	src/system/ui/UIButton.cpp
default/FitnessFilter	C_SYSTEM	1	108	108	0	-80	10	90	WE_ALREADY_HOLD	207	-1	211	6.296296296296297	src/system/gesture/FitnessFilter.cpp
default/MultiTempoTempoMap	C_SYSTEM	1	108	108	0	-68	26	94	WE_ALREADY_HOLD	211	231	204	63.28437917222964	src/system/utl/MultiTempoTempoMap.cpp
default/BaseMaterial	C_SYSTEM	1	104	104	0	-318	30	348	WE_ALREADY_HOLD	377	-1	323	70.48853439680957	src/system/rndobj/BaseMaterial.cpp
default/MetaMaterial	C_SYSTEM	3	104	104	0	4	4	0	ORACLE_SURPLUS	21	-1	315	0.0	src/system/rndobj/MetaMaterial.cpp
default/NetworkSocket_Win	C_SYSTEM	1	100	100	0	-9	22	31	WE_ALREADY_HOLD	369	-1	362	89.5017793594306	src/system/os/NetworkSocket_Win.cpp
default/Sequence	C_SYSTEM	8	92	100	8	-2641	245	2886	WE_ALREADY_HOLD	874	755	839	78.0995173905808	src/system/synth/Sequence.cpp
default/network/quazal/Core/Platform	A_QUAZAL	1	100	100	0	1	1	0	SCAFFOLD_NO_ORACLE	8	-1	-1	0.0	src/network/quazal/Core/Platform.cpp
default/network/quazal/Foundation/Protocol/NotificationEventManager	A_QUAZAL	1	100	100	0	1	1	0	SCAFFOLD_NO_ORACLE	7	-1	-1	0.0	src/network/quazal/Foundation/Protocol/NotificationEventManager.cpp
default/CharIKHand	C_SYSTEM	1	96	96	0	-320	38	358	ORACLE_SURPLUS	680	1033	664	47.95918367346939	src/system/char/CharIKHand.cpp
default/band3/bandtrack/Track	B_BAND3	1	96	96	0	-493	51	544	WE_ALREADY_HOLD	368	366	-1	85.98277212216132	src/band3/bandtrack/Track.cpp
default/system/os/UsbMidiGuitar	C_SYSTEM	2	96	96	0	-32	33	65	WE_ALREADY_HOLD	253	240	253	39.44174757281554	src/system/os/UsbMidiGuitar.cpp
default/system/bandobj/UnisonIcon	C_SYSTEM	1	96	96	0	-162	36	198	WE_ALREADY_HOLD	108	79	-1	96.69876203576341	src/system/bandobj/UnisonIcon.cpp
default/network/quazal/MatchMaking/Protocol/DynamicGatheringDDL	A_QUAZAL	1	96	96	0	1	1	0	SCAFFOLD_NO_ORACLE	8	-1	-1	0.0	src/network/quazal/MatchMaking/Protocol/DynamicGatheringDDL.cpp
default/network/quazal/Competition/Protocol/CompetitionDDL	A_QUAZAL	1	96	96	0	1	1	0	SCAFFOLD_NO_ORACLE	8	-1	-1	0.0	src/network/quazal/Competition/Protocol/CompetitionDDL.cpp
default/network/quazal/MatchMaking/Protocol/GatheringDDL	A_QUAZAL	1	96	96	0	1	1	0	SCAFFOLD_NO_ORACLE	8	-1	-1	0.0	src/network/quazal/MatchMaking/Protocol/GatheringDDL.cpp
default/network/quazal/Stack/Core/BerkeleySocketDriver	A_QUAZAL	1	96	96	0	1	1	0	SCAFFOLD_NO_ORACLE	8	-1	-1	0.0	src/network/quazal/Stack/Core/BerkeleySocketDriver.cpp
default/DateTime	C_SYSTEM	1	88	88	0	-19	21	40	WE_ALREADY_HOLD	351	173	350	61.78343949044586	src/system/os/DateTime.cpp
default/GuitarTrackWatcherImpl	C_SYSTEM	2	84	84	0	-15	13	28	WE_ALREADY_HOLD	118	121	-1	93.18181818181819	src/system/beatmatch/GuitarTrackWatcherImpl.cpp
default/CharFeedback	C_SYSTEM	1	80	80	0	-603	12	615	WE_ALREADY_HOLD	216	-1	216	31.147540983606557	src/system/hamobj/CharFeedback.cpp
default/SessionUsersProviders	B_BAND3	1	76	76	0	-504	24	528	WE_ALREADY_HOLD	131	131	-1	71.62162162162163	src/band3/meta_band/SessionUsersProviders.cpp
default/Profile	C_SYSTEM	1	76	76	0	-21	17	38	ORACLE_SURPLUS	50	64	42	93.96825396825396	src/system/meta/Profile.cpp
default/System	C_SYSTEM	1	72	72	0	-217	4	221	WE_ALREADY_HOLD	747	825	697	85.48387096774194	src/system/os/System.cpp
default/PartAnim	C_SYSTEM	1	72	72	0	-554	60	614	WE_ALREADY_HOLD	253	195	212	73.34360554699538	src/system/rndobj/PartAnim.cpp
default/FilterVersion	C_SYSTEM	2	72	72	0	-55	6	61	WE_ALREADY_HOLD	63	-1	61	10.457516339869281	src/system/hamobj/FilterVersion.cpp
default/MoviePanel	C_SYSTEM	2	64	72	0	-482	76	558	WE_ALREADY_HOLD	348	328	353	59.874608150470216	src/system/meta/MoviePanel.cpp
default/NetworkEmulator	A_QUAZAL	1	72	72	0	-17	17	34	WE_ALREADY_HOLD	162	153	-1	75.0	src/network/net/NetworkEmulator.cpp
default/system/midi/MidiReceiver	C_SYSTEM	1	72	72	0	-8	3	11	WE_ALREADY_HOLD	21	24	21	23.076923076923077	src/system/midi/MidiReceiver.cpp
default/network/quazal/Core/MutexPrimitive	A_QUAZAL	1	72	72	0	1	1	0	SCAFFOLD_NO_ORACLE	8	-1	-1	0.0	src/network/quazal/Core/MutexPrimitive.cpp
default/Interp	C_SYSTEM	1	68	68	0	-17	16	33	ORACLE_SURPLUS	143	180	57	63.99082568807339	src/system/math/Interp.cpp
default/DataFlex	C_SYSTEM	1	68	68	0	-10	10	20	WE_ALREADY_HOLD	2146	2149	2139	34.14264036418816	src/system/obj/DataFlex.c
default/PeakDetector	C_SYSTEM	1	68	68	0	3	3	0	ORACLE_ONLY(our src is a scaffold)	1	-1	117	0.0	src/system/synth_xbox/PeakDetector.cpp
default/aes	C_SYSTEM	3	68	68	0	2	7	5	WE_ALREADY_HOLD	469	423	469	99.46924758039339	src/system/synth/tomcrypt/aes.c
default/SkeletonUpdate	C_SYSTEM	1	68	68	0	-216	3	219	WE_ALREADY_HOLD	505	-1	535	5.128205128205129	src/system/gesture/SkeletonUpdate.cpp
default/band3/meta_band/CampaignGoalsLeaderboardChoicePanel	B_BAND3	1	68	68	0	-741	37	778	WE_ALREADY_HOLD	195	171	-1	79.3103448275862	src/band3/meta_band/CampaignGoalsLeaderboardChoicePanel.cpp
default/PlayerLeaderboards	B_BAND3	2	64	64	0	-456	22	478	WE_ALREADY_HOLD	99	98	-1	75.0	src/band3/meta_band/PlayerLeaderboards.cpp
default/osfinfo	D_XDK	1	52	52	0	6	7	1	WE_ALREADY_HOLD	41	-1	41	11.728395061728396	src/xdk/LIBCMT/osfinfo.cpp
default/SongSortMgr	B_BAND3	3	40	52	0	-903	191	1094	WE_ALREADY_HOLD	593	598	-1	66.96669666966697	src/band3/meta_band/SongSortMgr.cpp
default/band3/meta_band/ProfileAssets	B_BAND3	1	52	52	0	-502	21	523	ORACLE_SURPLUS	84	111	-1	86.37532133676092	src/band3/meta_band/ProfileAssets.cpp
default/Locale	C_SYSTEM	2	40	48	0	-84	13	97	WE_ALREADY_HOLD	483	395	403	23.361344537815125	src/system/utl/Locale.cpp
default/UIPanel	C_SYSTEM	2	40	40	0	-63	74	137	WE_ALREADY_HOLD	384	382	382	97.63224181360202	src/system/ui/UIPanel.cpp
default/HamScrollSpeedIndicator	C_SYSTEM	1	40	40	0	-227	5	232	WE_ALREADY_HOLD	137	-1	138	19.148936170212767	src/system/hamobj/HamScrollSpeedIndicator.cpp
default/ThreeDSoundManager	C_SYSTEM	1	40	40	0	-490	2	492	WE_ALREADY_HOLD	157	-1	154	0.0	src/system/world/ThreeDSoundManager.cpp
default/system/synth_xbox/FxSendSynapse	C_SYSTEM	1	40	40	0	3	4	1	ORACLE_ONLY(our src is a scaffold)	16	-1	106	14.598540145985401	src/system/synth_xbox/FxSendSynapse.cpp
default/BinkReader	C_SYSTEM	1	40	40	0	-11	1	12	ORACLE_SURPLUS	208	294	201	0.0	src/system/synth/BinkReader.cpp
default/system/gesture/DrawUtl	C_SYSTEM	1	40	40	0	-70	2	72	ORACLE_SURPLUS	164	-1	311	0.0	src/system/gesture/DrawUtl.cpp
default/MicInputArrow	C_SYSTEM	2	40	40	0	-206	53	259	WE_ALREADY_HOLD	195	166	-1	61.70520231213873	src/system/bandobj/MicInputArrow.cpp
default/ScrollbarDisplay	C_SYSTEM	1	40	40	0	-116	70	186	WE_ALREADY_HOLD	287	300	-1	90.33790918690602	src/system/bandobj/ScrollbarDisplay.cpp
default/band3/game/BandPerformer	B_BAND3	1	40	40	0	-508	42	550	WE_ALREADY_HOLD	238	223	-1	82.32217573221757	src/band3/game/BandPerformer.cpp
default/HxGuid	C_SYSTEM	2	36	36	0	-6	7	13	WE_ALREADY_HOLD	72	79	59	93.43065693430657	src/system/utl/HxGuid.cpp
default/rtti	D_XDK	1	36	36	0	-37	12	49	ORACLE_ONLY(our src is a scaffold)	10	-1	359	15.384615384615385	src/xdk/LIBCMT/rtti.cpp
default/PropertyEventProvider	C_SYSTEM	1	36	36	0	-70	3	73	WE_ALREADY_HOLD	31	-1	31	58.97435897435897	src/system/flow/PropertyEventProvider.cpp
default/keygen_xbox	OTHER	1	32	32	0	0	20	20	WE_ALREADY_HOLD	206	-1	202	6.362153344208809	src/keygen_xbox.cpp
default/RGState	C_SYSTEM	2	32	32	0	3	11	8	WE_ALREADY_HOLD	43	43	-1	58.064516129032256	src/system/beatmatch/RGState.cpp
default/PanelDir	C_SYSTEM	2	28	28	0	-1684	108	1792	WE_ALREADY_HOLD	835	577	773	70.31150667514304	src/system/ui/PanelDir.cpp
default/PlayerDiffIcon	C_SYSTEM	2	28	28	0	-184	54	238	WE_ALREADY_HOLD	178	121	-1	59.523809523809526	src/system/bandobj/PlayerDiffIcon.cpp
default/Memcard	C_SYSTEM	1	24	24	0	-15	8	23	WE_ALREADY_HOLD	28	29	28	72.34042553191489	src/system/os/Memcard.cpp
default/Bitmap	C_SYSTEM	1	20	20	0	-35	49	84	WE_ALREADY_HOLD	1357	1387	1281	72.70970235794357	src/system/rndobj/Bitmap.cpp
default/ButtonHolder	C_SYSTEM	1	20	20	0	-152	63	215	WE_ALREADY_HOLD	146	152	146	89.17618761274805	src/system/meta/ButtonHolder.cpp
default/band3/meta_band/SetlistToStorePanel	B_BAND3	1	12	16	0	-509	19	528	WE_ALREADY_HOLD	180	66	-1	69.68011126564673	src/band3/meta_band/SetlistToStorePanel.cpp
default/system/synth_xbox/FxSendMeterEffect	C_SYSTEM	2	16	16	16	-73	21	94	ORACLE_SURPLUS	49	-1	64	88.06366047745358	src/system/synth_xbox/FxSendMeterEffect.cpp
default/system/synth_xbox/SynthSample	C_SYSTEM	1	16	16	0	-26	8	34	WE_ALREADY_HOLD	73	-1	79	93.10344827586206	src/system/synth_xbox/SynthSample.cpp
default/SongSortBySong	B_BAND3	2	0	16	16	-472	22	494	WE_ALREADY_HOLD	78	75	-1	69.03669724770643	src/band3/meta_band/SongSortBySong.cpp
default/StarDisplay	C_SYSTEM	1	12	12	0	-59	106	165	WE_ALREADY_HOLD	313	260	-1	86.84321143337537	src/system/bandobj/StarDisplay.cpp
default/LightHue	C_SYSTEM	1	12	12	12	-641	89	730	WE_ALREADY_HOLD	161	168	133	77.62384550797648	src/system/world/LightHue.cpp
default/band3/meta_band/StoreSongSortNode	B_BAND3	1	12	12	0	-454	27	481	WE_ALREADY_HOLD	59	65	-1	99.42196531791907	src/band3/meta_band/StoreSongSortNode.cpp
default/OvershellPartSelectProvider	B_BAND3	1	0	8	0	-477	26	503	WE_ALREADY_HOLD	197	185	-1	63.18807339449541	src/band3/meta_band/OvershellPartSelectProvider.cpp
default/Mat_NG	C_SYSTEM	2	0	8	8	-75	20	95	WE_ALREADY_HOLD	598	-1	619	35.2017937219731	src/system/rndobj/Mat_NG.cpp
default/DataUtl	C_SYSTEM	1	0	8	0	-104	33	137	WE_ALREADY_HOLD	255	199	206	97.54601226993866	src/system/obj/DataUtl.cpp
default/System_Xbox	C_SYSTEM	1	8	8	0	-14	4	18	WE_ALREADY_HOLD	319	-1	320	91.66666666666667	src/system/os/System_Xbox.cpp
default/band3/meta_band/NetSync	B_BAND3	1	0	8	0	-494	121	615	WE_ALREADY_HOLD	385	403	-1	98.62971037060106	src/band3/meta_band/NetSync.cpp
default/band3/game/ScoreTracker	B_BAND3	1	0	8	0	-430	7	437	WE_ALREADY_HOLD	37	36	-1	100.0	src/band3/game/ScoreTracker.cpp
default/SongSortByArtist	B_BAND3	1	0	8	0	-492	38	530	WE_ALREADY_HOLD	150	146	-1	74.24242424242425	src/band3/meta_band/SongSortByArtist.cpp
default/SongSortByDiff	B_BAND3	1	0	8	0	-455	17	472	WE_ALREADY_HOLD	98	94	-1	89.6640826873385	src/band3/meta_band/SongSortByDiff.cpp
default/SongSortByRecent	B_BAND3	1	0	8	0	-433	42	475	WE_ALREADY_HOLD	176	160	-1	95.32710280373831	src/band3/meta_band/SongSortByRecent.cpp
default/SongSortByStars	B_BAND3	1	0	8	0	-451	27	478	WE_ALREADY_HOLD	132	124	-1	93.24324324324324	src/band3/meta_band/SongSortByStars.cpp
default/band3/tour/TourChar	B_BAND3	1	0	8	0	-430	22	452	WE_ALREADY_HOLD	87	88	-1	98.61431870669746	src/band3/tour/TourChar.cpp
default/band3/tour/TourChallengeResultsPanel	B_BAND3	1	0	8	0	-450	25	475	WE_ALREADY_HOLD	127	121	-1	46.724890829694324	src/band3/tour/TourChallengeResultsPanel.cpp
default/TrackWatcher	C_SYSTEM	1	0	4	0	-51	44	95	WE_ALREADY_HOLD	185	162	-1	96.74220963172804	src/system/beatmatch/TrackWatcher.cpp
default/SongSortByRank	B_BAND3	3	0	4	0	-614	52	666	WE_ALREADY_HOLD	227	230	-1	83.90070921985816	src/band3/meta_band/SongSortByRank.cpp
default/HamRibbon	C_SYSTEM	1	0	0	0	-321	6	327	WE_ALREADY_HOLD	425	-1	417	33.9622641509434	src/system/hamobj/HamRibbon.cpp
default/HamListRibbon	C_SYSTEM	1	0	0	0	-567	10	577	WE_ALREADY_HOLD	632	-1	649	61.048689138576776	src/system/hamobj/HamListRibbon.cpp
default/StreakTracker	B_BAND3	1	0	0	0	-489	39	528	WE_ALREADY_HOLD	198	185	-1	97.63313609467455	src/band3/game/StreakTracker.cpp
default/SongSortByReview	B_BAND3	1	0	0	0	-453	33	486	WE_ALREADY_HOLD	117	107	-1	87.98798798798799	src/band3/meta_band/SongSortByReview.cpp
default/PhysicsVolume	C_SYSTEM	1	0	0	0	-226	3	229	WE_ALREADY_HOLD	314	-1	329	100.0	src/system/world/PhysicsVolume.cpp
