# GENUINE residue of the relocation-name audit -- WORKLIST, NOT A DEFECT LIST.
# Regenerate: tools/relocname_genuine_worklist.py --out <this file>
# Source     : decomp-bench/archive/harvest/relocname-audit-2026-08-06/pairs_folded2.json (sha256 af61ba6ae8b4e1f0...)
# Audit tree : rb3-xenon@a236686e   ruler: name_check, objdiff-cli sha256 ca2be75232767f53...
# Cut at     : rb3-xenon@e8fe5238
# Rows       : 3004 rows = 3356 charged call sites over 1506 distinct (T,B) pairs, 2863 enclosing functions, 561 units
# pair_sites : charged sites for this (T,B) pair BINARY-WIDE.  fn_sites: charged sites for it inside THIS enclosing function.
# body       : DIFF_SAMESIZE=170  DIFF_SIZE=2834
#              DIFF_SIZE = our body for B differs in LENGTH from retail at addr(T); DIFF_SAMESIZE = same length, different code.
# map        : the SYMBOL-MAP verdict for the same pair. It disagrees with `body` constantly and the body test is the one to believe --
#              6,677 pairs the map test calls a defect are byte-identical bodies. Kept only so the divergence stays visible.
# joins      : T = target callee still in scripts/target_symbol_map.json; B = our callee still named by a built obj, AT THE CUT COMMIT.
#              -B=6  T-=15  TB=2983
#
# *** GENUINE IS AN UPPER BOUND ON DEFECTS. *** A body difference means EITHER our source calls the wrong function OR the retail map
# mis-attributes the name at the destination VA -- and this repo's whole map(...) lane series exists to repair the latter. The adjudicated
# figure for the whole at-100 charged population is 298 fns / 25,920 B / 0.2425 pp WRONG (lane CW-2, 34017f74); CV-4's earlier estimate was
# 353 fns / 24,836 B / 0.23 pp (34b44dd6). Adjudicate a row with tools/xbin_adjudicate.py (cross-binary, masks exactly the relocated
# field via our own relocation table, calibrated) or tools/at100_adjudicate.py -- NEVER from the symbol map, and NEVER auto-apply.
# The upstream comparator masks every D-form and branch displacement unconditionally and ignores relocation target names, so it
# over-produces FOLD and this residue is if anything SHORT. Not a population census.
pair_sites	fn_sites	body	map	joins	opcode	unit	enclosing_fn	target_callee	our_callee
501	5	DIFF_SIZE	DIFFERENT_FUNCTION	TB	bl	default/AccomplishmentPanel	?Enter@AccomplishmentPanel@@UAAXXZ	??2CriticalSection@@SAPAXI@Z	??2@YAPAXI@Z
501	1	DIFF_SIZE	DIFFERENT_FUNCTION	TB	bl	default/Achievements	?Init@Achievements@@SAXXZ	??2CriticalSection@@SAPAXI@Z	??2@YAPAXI@Z
501	1	DIFF_SIZE	DIFFERENT_FUNCTION	TB	bl	default/AmbientOcclusion	?BuildTrees@RndAmbientOcclusion@@QAAXW4Quality@1@@Z	??2CriticalSection@@SAPAXI@Z	??2@YAPAXI@Z
501	1	DIFF_SIZE	DIFFERENT_FUNCTION	TB	bl	default/BandCharacter	?SetDeformation@BandCharacter@@QAAXXZ	??2CriticalSection@@SAPAXI@Z	??2@YAPAXI@Z
501	2	DIFF_SIZE	DIFFERENT_FUNCTION	TB	bl	default/BandMachineMgr	??0BandMachineMgr@@QAA@PAVSessionMgr@@PAVBandUserMgr@@@Z	??2CriticalSection@@SAPAXI@Z	??2@YAPAXI@Z
501	1	DIFF_SIZE	DIFFERENT_FUNCTION	TB	bl	default/BandMachineMgr	?NewNetMessage@SyncLocalMachineMsg@?A0x92bae52f@@SAPAVNetMessage@@XZ	??2CriticalSection@@SAPAXI@Z	??2@YAPAXI@Z
501	1	DIFF_SIZE	DIFFERENT_FUNCTION	TB	bl	default/BandMachineMgr	?NewNetMessage@SyncMachineMsg@?A0xdc7f467b@@SAPAVNetMessage@@XZ	??2CriticalSection@@SAPAXI@Z	??2@YAPAXI@Z
501	3	DIFF_SIZE	DIFFERENT_FUNCTION	TB	bl	default/BandUI	?Init@BandUI@@UAAXXZ	??2CriticalSection@@SAPAXI@Z	??2@YAPAXI@Z
501	1	DIFF_SIZE	DIFFERENT_FUNCTION	TB	bl	default/BandUser	?NewLocalBandUser@BandUser@@SAPAVLocalBandUser@@XZ	??2CriticalSection@@SAPAXI@Z	??2@YAPAXI@Z
501	1	DIFF_SIZE	DIFFERENT_FUNCTION	TB	bl	default/BandUser	?NewNullLocalBandUser@BandUser@@SAPAVNullLocalBandUser@@XZ	??2CriticalSection@@SAPAXI@Z	??2@YAPAXI@Z
501	1	DIFF_SIZE	DIFFERENT_FUNCTION	TB	bl	default/BeatMatcher	??0BeatMatcher@@QAA@ABVUserGuid@@HHVSymbol@@PAVSongData@@AAVSongInfo@@PAVDataArray@@PAVBeatMaster@@@Z	??2CriticalSection@@SAPAXI@Z	??2@YAPAXI@Z
501	1	DIFF_SIZE	DIFFERENT_FUNCTION	TB	bl	default/BeatMatcher	?SetTrack@BeatMatcher@@UAAXH@Z	??2CriticalSection@@SAPAXI@Z	??2@YAPAXI@Z
501	1	DIFF_SIZE	DIFFERENT_FUNCTION	TB	bl	default/CameraManager	?FindOrAddCategory@CameraManager@@AAAAAV?$ObjPtrList@VCamShot@@VObjectDir@@@@VSymbol@@@Z	??2CriticalSection@@SAPAXI@Z	??2@YAPAXI@Z
501	1	DIFF_SIZE	DIFFERENT_FUNCTION	TB	bl	default/Campaign	?ConfigureCampaignKeyData@Campaign@@QAAXPAVDataArray@@@Z	??2CriticalSection@@SAPAXI@Z	??2@YAPAXI@Z
501	1	DIFF_SIZE	DIFFERENT_FUNCTION	TB	bl	default/CampaignSongInfoPanel	?Enter@CampaignSongInfoPanel@@UAAXXZ	??2CriticalSection@@SAPAXI@Z	??2@YAPAXI@Z
501	1	DIFF_SIZE	DIFFERENT_FUNCTION	TB	bl	default/Char	?NewObject@CharBonesObject@@SAPAVObject@Hmx@@XZ	??2CriticalSection@@SAPAXI@Z	??2@YAPAXI@Z
501	1	DIFF_SIZE	DIFFERENT_FUNCTION	TB	bl	default/CharacterCreatorPanel	?CreateNewCharacter@CharacterCreatorPanel@@QAAXXZ	??2CriticalSection@@SAPAXI@Z	??2@YAPAXI@Z
501	1	DIFF_SIZE	DIFFERENT_FUNCTION	TB	bl	default/Cheats	?CheatsInit@@YAXXZ	??2CriticalSection@@SAPAXI@Z	??2@YAPAXI@Z
501	1	DIFF_SIZE	DIFFERENT_FUNCTION	TB	bl	default/ChordbookPanel	??0ChordbookPanel@@QAA@XZ	??2CriticalSection@@SAPAXI@Z	??2@YAPAXI@Z
501	1	DIFF_SIZE	DIFFERENT_FUNCTION	TB	bl	default/ContentMgr_Xbox	?Delete@XboxContent@@UAAXXZ	??2CriticalSection@@SAPAXI@Z	??2@YAPAXI@Z
501	1	DIFF_SIZE	DIFFERENT_FUNCTION	TB	bl	default/ContentMgr_Xbox	?Unmount@XboxContent@@UAAXXZ	??2CriticalSection@@SAPAXI@Z	??2@YAPAXI@Z
501	2	DIFF_SIZE	DIFFERENT_FUNCTION	TB	bl	default/DataFile	?DataWriteFile@@YAXPBDPBVDataArray@@H@Z	??2CriticalSection@@SAPAXI@Z	??2@YAPAXI@Z
501	1	DIFF_SIZE	DIFFERENT_FUNCTION	TB	bl	default/DataPointMgr	?NetCacheMgrInit@@YAXXZ	??2CriticalSection@@SAPAXI@Z	??2@YAPAXI@Z
501	1	DIFF_SIZE	DIFFERENT_FUNCTION	TB	bl	default/Debug	?StartLog@Debug@@QAAXPBD_N@Z	??2CriticalSection@@SAPAXI@Z	??2@YAPAXI@Z
501	1	DIFF_SIZE	DIFFERENT_FUNCTION	TB	bl	default/EntityUploader	?BuildStringCheckOp@EntityUploader@@QAAHAAPAPAVEntityData@@PBDHPAVTourSavable@@@Z	??2CriticalSection@@SAPAXI@Z	??2@YAPAXI@Z
501	1	DIFF_SIZE	DIFFERENT_FUNCTION	TB	bl	default/EntityUploader	?BuildUpdateCharOp@EntityUploader@@QAAHAAPAPAVEntityData@@PAVTourCharLocal@@@Z	??2CriticalSection@@SAPAXI@Z	??2@YAPAXI@Z
501	1	DIFF_SIZE	DIFFERENT_FUNCTION	TB	bl	default/EntityUploader	?BuildUpdateSetlistOp@EntityUploader@@QAAHAAPAPAVEntityData@@PAVLocalSavedSetlist@@@Z	??2CriticalSection@@SAPAXI@Z	??2@YAPAXI@Z
501	1	DIFF_SIZE	DIFFERENT_FUNCTION	TB	bl	default/Env_NG	?NewObject@RndSoftParticleBuffer@@SAPAVObject@Hmx@@XZ	??2CriticalSection@@SAPAXI@Z	??2@YAPAXI@Z
501	1	DIFF_SIZE	DIFFERENT_FUNCTION	TB	bl	default/ExternalMic	?GetMasterForIndex@ExternalMicClientMgr@@SAPAVExternalMicClientProxy@@K@Z	??2CriticalSection@@SAPAXI@Z	??2@YAPAXI@Z
501	1	DIFF_SIZE	DIFFERENT_FUNCTION	TB	bl	default/FIRFilter	?newInstance@FIRFilter@soundtouch@@SAPAV12@XZ	??2CriticalSection@@SAPAXI@Z	??2@YAPAXI@Z
501	1	DIFF_SIZE	DIFFERENT_FUNCTION	TB	bl	default/FingerShape	??0FingerShape@@QAA@PAVRndDir@@@Z	??2CriticalSection@@SAPAXI@Z	??2@YAPAXI@Z
501	1	DIFF_SIZE	DIFFERENT_FUNCTION	TB	bl	default/FreestylePanel	??0FreestylePanel@@QAA@XZ	??2CriticalSection@@SAPAXI@Z	??2@YAPAXI@Z
501	1	DIFF_SIZE	DIFFERENT_FUNCTION	TB	bl	default/FxSendWah	??0?$StandardEffect@VWahEffect@@@@QAA@XZ	??2CriticalSection@@SAPAXI@Z	??2@YAPAXI@Z
501	1	DIFF_SIZE	DIFFERENT_FUNCTION	TB	bl	default/FxSendWah	?CreateFx@FxSendWah360@@MAAPAUIUnknown@@XZ	??2CriticalSection@@SAPAXI@Z	??2@YAPAXI@Z
501	1	DIFF_SIZE	DIFFERENT_FUNCTION	TB	bl	default/Game	?NewNetMessage@AccomplishmentEarnedMsg@@SAPAVNetMessage@@XZ	??2CriticalSection@@SAPAXI@Z	??2@YAPAXI@Z
501	1	DIFF_SIZE	DIFFERENT_FUNCTION	TB	bl	default/Game	?NewNetMessage@AccomplishmentMsg@@SAPAVNetMessage@@XZ	??2CriticalSection@@SAPAXI@Z	??2@YAPAXI@Z
501	1	DIFF_SIZE	DIFFERENT_FUNCTION	TB	bl	default/Game	?NewNetMessage@SetUpMicsMsg@@SAPAVNetMessage@@XZ	??2CriticalSection@@SAPAXI@Z	??2@YAPAXI@Z
501	1	DIFF_SIZE	DIFFERENT_FUNCTION	TB	bl	default/Game	?NewNetMessage@SetUserDifficultyMsg@@SAPAVNetMessage@@XZ	??2CriticalSection@@SAPAXI@Z	??2@YAPAXI@Z
501	1	DIFF_SIZE	DIFFERENT_FUNCTION	TB	bl	default/Game	?NewNetMessage@SetUserTrackTypeMsg@@SAPAVNetMessage@@XZ	??2CriticalSection@@SAPAXI@Z	??2@YAPAXI@Z
501	1	DIFF_SIZE	DIFFERENT_FUNCTION	TB	bl	default/Game	?NewNetMessage@SetlistSubmissionMsg@@SAPAVNetMessage@@XZ	??2CriticalSection@@SAPAXI@Z	??2@YAPAXI@Z
501	1	DIFF_SIZE	DIFFERENT_FUNCTION	TB	bl	default/Game	?NewNetMessage@SongResultsScrollMsg@@SAPAVNetMessage@@XZ	??2CriticalSection@@SAPAXI@Z	??2@YAPAXI@Z
501	1	DIFF_SIZE	DIFFERENT_FUNCTION	TB	bl	default/Game	?NewNetMessage@TourHideShowFiltersMsg@@SAPAVNetMessage@@XZ	??2CriticalSection@@SAPAXI@Z	??2@YAPAXI@Z
501	1	DIFF_SIZE	DIFFERENT_FUNCTION	TB	bl	default/Game	?NewNetMessage@TourMostStarsMsg@@SAPAVNetMessage@@XZ	??2CriticalSection@@SAPAXI@Z	??2@YAPAXI@Z
501	1	DIFF_SIZE	DIFFERENT_FUNCTION	TB	bl	default/Game	?NewNetMessage@TourPlayedMsg@@SAPAVNetMessage@@XZ	??2CriticalSection@@SAPAXI@Z	??2@YAPAXI@Z
501	1	DIFF_SIZE	DIFFERENT_FUNCTION	TB	bl	default/Game	?NewObject@GemTrainerLoopPanel@@SAPAVObject@Hmx@@XZ	??2CriticalSection@@SAPAXI@Z	??2@YAPAXI@Z
501	1	DIFF_SIZE	DIFFERENT_FUNCTION	TB	bl	default/Game	?NewObject@TrainerChallenge@@SAPAVObject@Hmx@@XZ	??2CriticalSection@@SAPAXI@Z	??2@YAPAXI@Z
501	2	DIFF_SIZE	DIFFERENT_FUNCTION	TB	bl	default/GameConfig	??0GameConfig@@QAA@XZ	??2CriticalSection@@SAPAXI@Z	??2@YAPAXI@Z
501	1	DIFF_SIZE	DIFFERENT_FUNCTION	TB	bl	default/GameMicManager	?CreateMic@GameMicManager@@QAAXH@Z	??2CriticalSection@@SAPAXI@Z	??2@YAPAXI@Z
501	1	DIFF_SIZE	DIFFERENT_FUNCTION	TB	bl	default/GameMicManager	?Init@GameMicManager@@SAXXZ	??2CriticalSection@@SAPAXI@Z	??2@YAPAXI@Z
501	1	DIFF_SIZE	DIFFERENT_FUNCTION	TB	bl	default/GameMode	?GameModeInit@@YAXXZ	??2CriticalSection@@SAPAXI@Z	??2@YAPAXI@Z
501	3	DIFF_SIZE	DIFFERENT_FUNCTION	TB	bl	default/GamePanel	??0GamePanel@@QAA@XZ	??2CriticalSection@@SAPAXI@Z	??2@YAPAXI@Z
501	1	DIFF_SIZE	DIFFERENT_FUNCTION	TB	bl	default/GemTrack	?HandleNewSong@GemTrack@@QAAXXZ	??2CriticalSection@@SAPAXI@Z	??2@YAPAXI@Z
501	2	DIFF_SIZE	DIFFERENT_FUNCTION	TB	bl	default/GemTrackDir	?SyncObjects@GemTrackDir@@UAAXXZ	??2CriticalSection@@SAPAXI@Z	??2@YAPAXI@Z
501	1	DIFF_SIZE	DIFFERENT_FUNCTION	TB	bl	default/Gesture	?NewObject@HighFiveGestureFilter@@SAPAVObject@Hmx@@XZ	??2CriticalSection@@SAPAXI@Z	??2@YAPAXI@Z
501	1	DIFF_SIZE	DIFFERENT_FUNCTION	TB	bl	default/Graph	?AddSphere@RndGraph@@QAAXABVVector3@@MABVColor@Hmx@@@Z	??2CriticalSection@@SAPAXI@Z	??2@YAPAXI@Z
501	1	DIFF_SIZE	DIFFERENT_FUNCTION	TB	bl	default/Graph	?AddString@RndGraph@@QAAXPBDABVVector2@@ABVColor@Hmx@@@Z	??2CriticalSection@@SAPAXI@Z	??2@YAPAXI@Z
501	1	DIFF_SIZE	DIFFERENT_FUNCTION	TB	bl	default/Graph	?Init@RndGraph@@SAXXZ	??2CriticalSection@@SAPAXI@Z	??2@YAPAXI@Z
501	1	DIFF_SIZE	DIFFERENT_FUNCTION	TB	bl	default/HeldButtonPanel	??0HeldButtonPanel@@QAA@XZ	??2CriticalSection@@SAPAXI@Z	??2@YAPAXI@Z
501	1	DIFF_SIZE	DIFFERENT_FUNCTION	TB	bl	default/Instance	?SyncDir@WorldInstance@@AAAXXZ	??2CriticalSection@@SAPAXI@Z	??2@YAPAXI@Z
501	1	DIFF_SIZE	DIFFERENT_FUNCTION	TB	bl	default/Leaderboard	??0Leaderboard@@QAA@VEntityID@@PAVCallback@0@@Z	??2CriticalSection@@SAPAXI@Z	??2@YAPAXI@Z
501	1	DIFF_SIZE	DIFFERENT_FUNCTION	TB	bl	default/MainHubPanel	??0MainHubPanel@@QAA@XZ	??2CriticalSection@@SAPAXI@Z	??2@YAPAXI@Z
501	1	DIFF_SIZE	DIFFERENT_FUNCTION	TB	bl	default/MainHubPanel	?Enter@MainHubPanel@@UAAXXZ	??2CriticalSection@@SAPAXI@Z	??2@YAPAXI@Z
501	1	DIFF_SIZE	DIFFERENT_FUNCTION	TB	bl	default/MainHubPanel	?NewNetMessage@MainHubAdvanceMsg@?A0x447fe1d1@@SAPAVNetMessage@@XZ	??2CriticalSection@@SAPAXI@Z	??2@YAPAXI@Z
501	2	DIFF_SIZE	DIFFERENT_FUNCTION	TB	bl	default/MasterAudio	??0MasterAudio@@QAA@PAVDataArray@@HPAVBeatMaster@@PAVSongData@@@Z	??2CriticalSection@@SAPAXI@Z	??2@YAPAXI@Z
501	1	DIFF_SIZE	DIFFERENT_FUNCTION	TB	bl	default/MasterAudio	?SetMapping@TrackData@@QAAXPBD@Z	??2CriticalSection@@SAPAXI@Z	??2@YAPAXI@Z
501	1	DIFF_SIZE	DIFFERENT_FUNCTION	TB	bl	default/MasterAudio	?SetSlippable@ChannelData@@QAAX_N@Z	??2CriticalSection@@SAPAXI@Z	??2@YAPAXI@Z
501	2	DIFF_SIZE	DIFFERENT_FUNCTION	TB	bl	default/MasterAudio	?SetupTracks@MasterAudio@@QAAXPAVSongInfo@@PAVPlayerTrackConfigList@@@Z	??2CriticalSection@@SAPAXI@Z	??2@YAPAXI@Z
501	3	DIFF_SIZE	DIFFERENT_FUNCTION	TB	bl	default/Matchmaker	??0Matchmaker@@QAA@XZ	??2CriticalSection@@SAPAXI@Z	??2@YAPAXI@Z
501	2	DIFF_SIZE	DIFFERENT_FUNCTION	TB	bl	default/MercurySwitchFilter	?NewMercurySwitchFilter@@YAPAVMercurySwitchFilter@@PAVDataArray@@@Z	??2CriticalSection@@SAPAXI@Z	??2@YAPAXI@Z
501	1	DIFF_SIZE	DIFFERENT_FUNCTION	TB	bl	default/MetaPanel	?Load@MetaPanel@@UAAXXZ	??2CriticalSection@@SAPAXI@Z	??2@YAPAXI@Z
501	1	DIFF_SIZE	DIFFERENT_FUNCTION	TB	bl	default/MetaPanel	?NewNetMessage@AppendSongToSetlistMsg@@SAPAVNetMessage@@XZ	??2CriticalSection@@SAPAXI@Z	??2@YAPAXI@Z
501	1	DIFF_SIZE	DIFFERENT_FUNCTION	TB	bl	default/MetaPanel	?NewNetMessage@BandEventPreviewMsg@@SAPAVNetMessage@@XZ	??2CriticalSection@@SAPAXI@Z	??2@YAPAXI@Z
501	1	DIFF_SIZE	DIFFERENT_FUNCTION	TB	bl	default/MetaPanel	?NewNetMessage@RemoveLastSongFromSetlistMsg@@SAPAVNetMessage@@XZ	??2CriticalSection@@SAPAXI@Z	??2@YAPAXI@Z
501	1	DIFF_SIZE	DIFFERENT_FUNCTION	TB	bl	default/MetaPanel	?NewNetMessage@TriggerBackSoundMsg@@SAPAVNetMessage@@XZ	??2CriticalSection@@SAPAXI@Z	??2@YAPAXI@Z
501	1	DIFF_SIZE	DIFFERENT_FUNCTION	TB	bl	default/MetaPanel	?NewNetMessage@VerifyBuildVersionMsg@@SAPAVNetMessage@@XZ	??2CriticalSection@@SAPAXI@Z	??2@YAPAXI@Z
501	1	DIFF_SIZE	DIFFERENT_FUNCTION	TB	bl	default/MetaPanel	?NewObject@AccomplishmentPanel@@SAPAVObject@Hmx@@XZ	??2CriticalSection@@SAPAXI@Z	??2@YAPAXI@Z
501	1	DIFF_SIZE	DIFFERENT_FUNCTION	TB	bl	default/MetaPanel	?NewObject@BackdropPanel@@SAPAVObject@Hmx@@XZ	??2CriticalSection@@SAPAXI@Z	??2@YAPAXI@Z
501	1	DIFF_SIZE	DIFFERENT_FUNCTION	TB	bl	default/MetaPanel	?NewObject@BandPreloadPanel@@SAPAVObject@Hmx@@XZ	??2CriticalSection@@SAPAXI@Z	??2@YAPAXI@Z
501	1	DIFF_SIZE	DIFFERENT_FUNCTION	TB	bl	default/MetaPanel	?NewObject@BandStorePanel@@SAPAVObject@Hmx@@XZ	??2CriticalSection@@SAPAXI@Z	??2@YAPAXI@Z
501	1	DIFF_SIZE	DIFFERENT_FUNCTION	TB	bl	default/MetaPanel	?NewObject@CalibrationPanel@@SAPAVObject@Hmx@@XZ	??2CriticalSection@@SAPAXI@Z	??2@YAPAXI@Z
501	1	DIFF_SIZE	DIFFERENT_FUNCTION	TB	bl	default/MetaPanel	?NewObject@CampaignCareerLeaderboardPanel@@SAPAVObject@Hmx@@XZ	??2CriticalSection@@SAPAXI@Z	??2@YAPAXI@Z
501	1	DIFF_SIZE	DIFFERENT_FUNCTION	TB	bl	default/MetaPanel	?NewObject@CampaignGoalsLeaderboardChoicePanel@@SAPAVObject@Hmx@@XZ	??2CriticalSection@@SAPAXI@Z	??2@YAPAXI@Z
501	1	DIFF_SIZE	DIFFERENT_FUNCTION	TB	bl	default/MetaPanel	?NewObject@CampaignGoalsLeaderboardPanel@@SAPAVObject@Hmx@@XZ	??2CriticalSection@@SAPAXI@Z	??2@YAPAXI@Z
501	1	DIFF_SIZE	DIFFERENT_FUNCTION	TB	bl	default/MetaPanel	?NewObject@CampaignSongInfoPanel@@SAPAVObject@Hmx@@XZ	??2CriticalSection@@SAPAXI@Z	??2@YAPAXI@Z
501	1	DIFF_SIZE	DIFFERENT_FUNCTION	TB	bl	default/MetaPanel	?NewObject@ClosetPanel@@SAPAVObject@Hmx@@XZ	??2CriticalSection@@SAPAXI@Z	??2@YAPAXI@Z
501	1	DIFF_SIZE	DIFFERENT_FUNCTION	TB	bl	default/MetaPanel	?NewObject@ContentDeletePanel@@SAPAVObject@Hmx@@XZ	??2CriticalSection@@SAPAXI@Z	??2@YAPAXI@Z
501	1	DIFF_SIZE	DIFFERENT_FUNCTION	TB	bl	default/MetaPanel	?NewObject@ContentLoadingPanel@@SAPAVObject@Hmx@@XZ	??2CriticalSection@@SAPAXI@Z	??2@YAPAXI@Z
501	1	DIFF_SIZE	DIFFERENT_FUNCTION	TB	bl	default/MetaPanel	?NewObject@CreditsPanel@@SAPAVObject@Hmx@@XZ	??2CriticalSection@@SAPAXI@Z	??2@YAPAXI@Z
501	1	DIFF_SIZE	DIFFERENT_FUNCTION	TB	bl	default/MetaPanel	?NewObject@CustomizePanel@@SAPAVObject@Hmx@@XZ	??2CriticalSection@@SAPAXI@Z	??2@YAPAXI@Z
501	1	DIFF_SIZE	DIFFERENT_FUNCTION	TB	bl	default/MetaPanel	?NewObject@EditSetlistPanel@@SAPAVObject@Hmx@@XZ	??2CriticalSection@@SAPAXI@Z	??2@YAPAXI@Z
501	1	DIFF_SIZE	DIFFERENT_FUNCTION	TB	bl	default/MetaPanel	?NewObject@EventDialogPanel@@SAPAVObject@Hmx@@XZ	??2CriticalSection@@SAPAXI@Z	??2@YAPAXI@Z
501	1	DIFF_SIZE	DIFFERENT_FUNCTION	TB	bl	default/MetaPanel	?NewObject@GameTimePanel@@SAPAVObject@Hmx@@XZ	??2CriticalSection@@SAPAXI@Z	??2@YAPAXI@Z
501	1	DIFF_SIZE	DIFFERENT_FUNCTION	TB	bl	default/MetaPanel	?NewObject@HeldButtonPanel@@SAPAVObject@Hmx@@XZ	??2CriticalSection@@SAPAXI@Z	??2@YAPAXI@Z
501	1	DIFF_SIZE	DIFFERENT_FUNCTION	TB	bl	default/MetaPanel	?NewObject@InterstitialPanel@@SAPAVObject@Hmx@@XZ	??2CriticalSection@@SAPAXI@Z	??2@YAPAXI@Z
501	1	DIFF_SIZE	DIFFERENT_FUNCTION	TB	bl	default/MetaPanel	?NewObject@JoinInvitePanel@@SAPAVObject@Hmx@@XZ	??2CriticalSection@@SAPAXI@Z	??2@YAPAXI@Z
501	1	DIFF_SIZE	DIFFERENT_FUNCTION	TB	bl	default/MetaPanel	?NewObject@MainHubPanel@@SAPAVObject@Hmx@@XZ	??2CriticalSection@@SAPAXI@Z	??2@YAPAXI@Z
501	1	DIFF_SIZE	DIFFERENT_FUNCTION	TB	bl	default/MetaPanel	?NewObject@ManageBandPanel@@SAPAVObject@Hmx@@XZ	??2CriticalSection@@SAPAXI@Z	??2@YAPAXI@Z
501	1	DIFF_SIZE	DIFFERENT_FUNCTION	TB	bl	default/MetaPanel	?NewObject@MoviePanel@@SAPAVObject@Hmx@@XZ	??2CriticalSection@@SAPAXI@Z	??2@YAPAXI@Z
501	1	DIFF_SIZE	DIFFERENT_FUNCTION	TB	bl	default/MetaPanel	?NewObject@MultiSelectListPanel@@SAPAVObject@Hmx@@XZ	??2CriticalSection@@SAPAXI@Z	??2@YAPAXI@Z
501	1	DIFF_SIZE	DIFFERENT_FUNCTION	TB	bl	default/MetaPanel	?NewObject@NewAwardPanel@@SAPAVObject@Hmx@@XZ	??2CriticalSection@@SAPAXI@Z	??2@YAPAXI@Z
501	1	DIFF_SIZE	DIFFERENT_FUNCTION	TB	bl	default/MetaPanel	?NewObject@OvershellPanel@@SAPAVObject@Hmx@@XZ	??2CriticalSection@@SAPAXI@Z	??2@YAPAXI@Z
501	1	DIFF_SIZE	DIFFERENT_FUNCTION	TB	bl	default/MetaPanel	?NewObject@ParentalControlPanel@@SAPAVObject@Hmx@@XZ	??2CriticalSection@@SAPAXI@Z	??2@YAPAXI@Z
501	1	DIFF_SIZE	DIFFERENT_FUNCTION	TB	bl	default/MetaPanel	?NewObject@PassiveMessagesPanel@@SAPAVObject@Hmx@@XZ	??2CriticalSection@@SAPAXI@Z	??2@YAPAXI@Z
501	1	DIFF_SIZE	DIFFERENT_FUNCTION	TB	bl	default/MetaPanel	?NewObject@PatchPanel@@SAPAVObject@Hmx@@XZ	??2CriticalSection@@SAPAXI@Z	??2@YAPAXI@Z
501	1	DIFF_SIZE	DIFFERENT_FUNCTION	TB	bl	default/MetaPanel	?NewObject@PatchSelectPanel@@SAPAVObject@Hmx@@XZ	??2CriticalSection@@SAPAXI@Z	??2@YAPAXI@Z
501	1	DIFF_SIZE	DIFFERENT_FUNCTION	TB	bl	default/MetaPanel	?NewObject@QuestFilterPanel@@SAPAVObject@Hmx@@XZ	??2CriticalSection@@SAPAXI@Z	??2@YAPAXI@Z
501	1	DIFF_SIZE	DIFFERENT_FUNCTION	TB	bl	default/MetaPanel	?NewObject@RetryAudioPanel@@SAPAVObject@Hmx@@XZ	??2CriticalSection@@SAPAXI@Z	??2@YAPAXI@Z
501	1	DIFF_SIZE	DIFFERENT_FUNCTION	TB	bl	default/MetaPanel	?NewObject@SaveLoadStatusPanel@@SAPAVObject@Hmx@@XZ	??2CriticalSection@@SAPAXI@Z	??2@YAPAXI@Z
501	1	DIFF_SIZE	DIFFERENT_FUNCTION	TB	bl	default/MetaPanel	?NewObject@SelectDifficultyPanel@@SAPAVObject@Hmx@@XZ	??2CriticalSection@@SAPAXI@Z	??2@YAPAXI@Z
501	1	DIFF_SIZE	DIFFERENT_FUNCTION	TB	bl	default/MetaPanel	?NewObject@SetlistMergePanel@@SAPAVObject@Hmx@@XZ	??2CriticalSection@@SAPAXI@Z	??2@YAPAXI@Z
501	1	DIFF_SIZE	DIFFERENT_FUNCTION	TB	bl	default/MetaPanel	?NewObject@SetlistToStorePanel@@SAPAVObject@Hmx@@XZ	??2CriticalSection@@SAPAXI@Z	??2@YAPAXI@Z
501	1	DIFF_SIZE	DIFFERENT_FUNCTION	TB	bl	default/MetaPanel	?NewObject@SongSelectPanel@@SAPAVObject@Hmx@@XZ	??2CriticalSection@@SAPAXI@Z	??2@YAPAXI@Z
501	1	DIFF_SIZE	DIFFERENT_FUNCTION	TB	bl	default/MetaPanel	?NewObject@StoreInfoPanel@@SAPAVObject@Hmx@@XZ	??2CriticalSection@@SAPAXI@Z	??2@YAPAXI@Z
501	1	DIFF_SIZE	DIFFERENT_FUNCTION	TB	bl	default/MetaPanel	?NewObject@StoreMainPanel@@SAPAVObject@Hmx@@XZ	??2CriticalSection@@SAPAXI@Z	??2@YAPAXI@Z
501	1	DIFF_SIZE	DIFFERENT_FUNCTION	TB	bl	default/MetaPanel	?NewObject@StoreMenuPanel@@SAPAVObject@Hmx@@XZ	??2CriticalSection@@SAPAXI@Z	??2@YAPAXI@Z
501	1	DIFF_SIZE	DIFFERENT_FUNCTION	TB	bl	default/MetaPanel	?NewObject@TexLoadPanel@@SAPAVObject@Hmx@@XZ	??2CriticalSection@@SAPAXI@Z	??2@YAPAXI@Z
501	1	DIFF_SIZE	DIFFERENT_FUNCTION	TB	bl	default/MetaPanel	?NewObject@TokenRedemptionPanel@@SAPAVObject@Hmx@@XZ	??2CriticalSection@@SAPAXI@Z	??2@YAPAXI@Z
501	1	DIFF_SIZE	DIFFERENT_FUNCTION	TB	bl	default/MetaPanel	?NewObject@TourChallengeResultsPanel@@SAPAVObject@Hmx@@XZ	??2CriticalSection@@SAPAXI@Z	??2@YAPAXI@Z
501	1	DIFF_SIZE	DIFFERENT_FUNCTION	TB	bl	default/MetaPanel	?NewObject@TourDescPanel@@SAPAVObject@Hmx@@XZ	??2CriticalSection@@SAPAXI@Z	??2@YAPAXI@Z
501	1	DIFF_SIZE	DIFFERENT_FUNCTION	TB	bl	default/MetaPanel	?NewObject@TrainingPanel@@SAPAVObject@Hmx@@XZ	??2CriticalSection@@SAPAXI@Z	??2@YAPAXI@Z
501	1	DIFF_SIZE	DIFFERENT_FUNCTION	TB	bl	default/MetaPanel	?NewObject@UGCPurchasePanel@@SAPAVObject@Hmx@@XZ	??2CriticalSection@@SAPAXI@Z	??2@YAPAXI@Z
501	1	DIFF_SIZE	DIFFERENT_FUNCTION	TB	bl	default/MetaPanel	?NewObject@VoiceoverPanel@@SAPAVObject@Hmx@@XZ	??2CriticalSection@@SAPAXI@Z	??2@YAPAXI@Z
501	1	DIFF_SIZE	DIFFERENT_FUNCTION	TB	bl	default/MetaPerformer	?Init@MetaPerformer@@SAXXZ	??2CriticalSection@@SAPAXI@Z	??2@YAPAXI@Z
501	1	DIFF_SIZE	DIFFERENT_FUNCTION	TB	bl	default/Mic	?GetInstance@MicManagerXbox@@SAPAV1@XZ	??2CriticalSection@@SAPAXI@Z	??2@YAPAXI@Z
501	1	DIFF_SIZE	DIFFERENT_FUNCTION	TB	bl	default/MidiParser	?NewObject@MidiParser@@SAPAVObject@Hmx@@XZ	??2CriticalSection@@SAPAXI@Z	??2@YAPAXI@Z
501	1	DIFF_SIZE	DIFFERENT_FUNCTION	TB	bl	default/MoviePanel	?NewObject@ConnectionStatusPanel@@SAPAVObject@Hmx@@XZ	??2CriticalSection@@SAPAXI@Z	??2@YAPAXI@Z
501	1	DIFF_SIZE	DIFFERENT_FUNCTION	TB	bl	default/MoviePanel	?NewObject@DeJitterPanel@@SAPAVObject@Hmx@@XZ	??2CriticalSection@@SAPAXI@Z	??2@YAPAXI@Z
501	1	DIFF_SIZE	DIFFERENT_FUNCTION	TB	bl	default/MoviePanel	?NewObject@PreloadPanel@@SAPAVObject@Hmx@@XZ	??2CriticalSection@@SAPAXI@Z	??2@YAPAXI@Z
501	4	DIFF_SIZE	DIFFERENT_FUNCTION	TB	bl	default/MusicLibrary	??0MusicLibrary@@QAA@AAVSongPreview@@@Z	??2CriticalSection@@SAPAXI@Z	??2@YAPAXI@Z
501	1	DIFF_SIZE	DIFFERENT_FUNCTION	TB	bl	default/MusicLibrary	?Init@MusicLibrary@@SAXAAVSongPreview@@@Z	??2CriticalSection@@SAPAXI@Z	??2@YAPAXI@Z
501	1	DIFF_SIZE	DIFFERENT_FUNCTION	TB	bl	default/MusicLibrary	?NewNetMessage@MusicLibraryTaskMsg@@SAPAVNetMessage@@XZ	??2CriticalSection@@SAPAXI@Z	??2@YAPAXI@Z
501	1	DIFF_SIZE	DIFFERENT_FUNCTION	TB	bl	default/NetworkSocket_Win	?Accept@WinSockSocket@@UAAPAVNetworkSocket@@XZ	??2CriticalSection@@SAPAXI@Z	??2@YAPAXI@Z
501	1	DIFF_SIZE	DIFFERENT_FUNCTION	TB	bl	default/NetworkSocket_Win	?Create@NetworkSocket@@SAPAV1@_N@Z	??2CriticalSection@@SAPAXI@Z	??2@YAPAXI@Z
501	1	DIFF_SIZE	DIFFERENT_FUNCTION	TB	bl	default/OvershellPanel	?FinishLoad@OvershellPanel@@UAAXXZ	??2CriticalSection@@SAPAXI@Z	??2@YAPAXI@Z
501	1	DIFF_SIZE	DIFFERENT_FUNCTION	TB	bl	default/OvershellPanel	?NewNetMessage@MainHubAdvanceMsg@?A0xfb94c5e0@@SAPAVNetMessage@@XZ	??2CriticalSection@@SAPAXI@Z	??2@YAPAXI@Z
501	10	DIFF_SIZE	DIFFERENT_FUNCTION	TB	bl	default/OvershellSlot	??0OvershellSlot@@QAA@HPAVOvershellPanel@@PAVOvershellDir@@PAVBandUserMgr@@PAVSessionMgr@@@Z	??2CriticalSection@@SAPAXI@Z	??2@YAPAXI@Z
501	1	DIFF_SIZE	DIFFERENT_FUNCTION	TB	bl	default/OvershellSlotState	?Init@OvershellSlotStateMgr@@QAAXPAVDataArray@@PAVOvershellSlot@@@Z	??2CriticalSection@@SAPAXI@Z	??2@YAPAXI@Z
501	1	DIFF_SIZE	DIFFERENT_FUNCTION	TB	bl	default/Performer	??0Performer@@QAA@PAVBandUser@@PAVBand@@@Z	??2CriticalSection@@SAPAXI@Z	??2@YAPAXI@Z
501	1	DIFF_SIZE	DIFFERENT_FUNCTION	TB	bl	default/PitchShiftEffect	??0PitchShiftEffect@@QAA@XZ	??2CriticalSection@@SAPAXI@Z	??2@YAPAXI@Z
501	7	DIFF_SIZE	DIFFERENT_FUNCTION	TB	bl	default/PropAnim	?AddKeys@RndPropAnim@@QAAPAVPropKeys@@PAVObject@Hmx@@PAVDataArray@@W4AnimKeysType@2@@Z	??2CriticalSection@@SAPAXI@Z	??2@YAPAXI@Z
501	1	DIFF_SIZE	DIFFERENT_FUNCTION	TB	bl	default/QuestFilterPanel	?FinishLoad@QuestFilterPanel@@UAAXXZ	??2CriticalSection@@SAPAXI@Z	??2@YAPAXI@Z
501	1	DIFF_SIZE	DIFFERENT_FUNCTION	TB	bl	default/QuestManager	?ConfigureFixedSetlistData@QuestManager@@QAAXPAVDataArray@@@Z	??2CriticalSection@@SAPAXI@Z	??2@YAPAXI@Z
501	1	DIFF_SIZE	DIFFERENT_FUNCTION	TB	bl	default/QuestManager	?ConfigureQuestData@QuestManager@@QAAXPAVDataArray@@@Z	??2CriticalSection@@SAPAXI@Z	??2@YAPAXI@Z
501	1	DIFF_SIZE	DIFFERENT_FUNCTION	TB	bl	default/QuestManager	?ConfigureQuestFilterData@QuestManager@@QAAXPAVDataArray@@@Z	??2CriticalSection@@SAPAXI@Z	??2@YAPAXI@Z
501	1	DIFF_SIZE	DIFFERENT_FUNCTION	TB	bl	default/Rnd_Xbox	?Init@DxRnd@@QAAXPAUHWND__@@@Z	??2CriticalSection@@SAPAXI@Z	??2@YAPAXI@Z
501	1	DIFF_SIZE	DIFFERENT_FUNCTION	TB	bl	default/Sequence	?NewObject@ParallelGroupSeq@@SAPAVObject@Hmx@@XZ	??2CriticalSection@@SAPAXI@Z	??2@YAPAXI@Z
501	1	DIFF_SIZE	DIFFERENT_FUNCTION	TB	bl	default/Sequence	?NewObject@RandomGroupSeq@@SAPAVObject@Hmx@@XZ	??2CriticalSection@@SAPAXI@Z	??2@YAPAXI@Z
501	1	DIFF_SIZE	DIFFERENT_FUNCTION	TB	bl	default/Sequence	?NewObject@RandomIntervalGroupSeq@@SAPAVObject@Hmx@@XZ	??2CriticalSection@@SAPAXI@Z	??2@YAPAXI@Z
501	1	DIFF_SIZE	DIFFERENT_FUNCTION	TB	bl	default/Sequence	?NewObject@SerialGroupSeq@@SAPAVObject@Hmx@@XZ	??2CriticalSection@@SAPAXI@Z	??2@YAPAXI@Z
501	1	DIFF_SIZE	DIFFERENT_FUNCTION	TB	bl	default/Sequence	?NewObject@SfxSeq@@SAPAVObject@Hmx@@XZ	??2CriticalSection@@SAPAXI@Z	??2@YAPAXI@Z
501	1	DIFF_SIZE	DIFFERENT_FUNCTION	TB	bl	default/Sequence	?NewObject@WaitSeq@@SAPAVObject@Hmx@@XZ	??2CriticalSection@@SAPAXI@Z	??2@YAPAXI@Z
501	1	DIFF_SIZE	DIFFERENT_FUNCTION	TB	bl	default/SessionUsersProviders	?NewNetMessage@KickPlayerMsg@?A0x3d644e05@@SAPAVNetMessage@@XZ	??2CriticalSection@@SAPAXI@Z	??2@YAPAXI@Z
501	1	DIFF_SIZE	DIFFERENT_FUNCTION	TB	bl	default/SetlistMergePanel	??0SetlistMergePanel@@QAA@XZ	??2CriticalSection@@SAPAXI@Z	??2@YAPAXI@Z
501	2	DIFF_SIZE	DIFFERENT_FUNCTION	TB	bl	default/SongDB	??0SongDB@@QAA@XZ	??2CriticalSection@@SAPAXI@Z	??2@YAPAXI@Z
501	1	DIFF_SIZE	DIFFERENT_FUNCTION	TB	bl	default/SongData	??0FakeTrack@SongData@@QAA@VSymbol@@@Z	??2CriticalSection@@SAPAXI@Z	??2@YAPAXI@Z
501	1	DIFF_SIZE	DIFFERENT_FUNCTION	TB	bl	default/SongData	??0SongData@@QAA@XZ	??2CriticalSection@@SAPAXI@Z	??2@YAPAXI@Z
501	1	DIFF_SIZE	DIFFERENT_FUNCTION	TB	bl	default/SongData	??0TrackInfo@SongData@@QAA@VSymbol@@W4SongInfoAudioType@@UAudioTrackNum@@W4TrackType@@_N@Z	??2CriticalSection@@SAPAXI@Z	??2@YAPAXI@Z
501	4	DIFF_SIZE	DIFFERENT_FUNCTION	TB	bl	default/SongData	?Load@SongData@@QAAXPBDPAVSongInfo@@HPAVPlayerTrackConfigList@@AAV?$vector@PAVMidiReceiver@@V?$StlNodeAlloc@PAVMidiReceiver@@@stlpmtx_std@@@stlpmtx_std@@_N@Z	??2CriticalSection@@SAPAXI@Z	??2@YAPAXI@Z
501	2	DIFF_SIZE	DIFFERENT_FUNCTION	TB	bl	default/SongData	?MakeBackupTracks@SongData@@QAAXXZ	??2CriticalSection@@SAPAXI@Z	??2@YAPAXI@Z
501	2	DIFF_SIZE	DIFFERENT_FUNCTION	TB	bl	default/SongMetadata	??0SongMetadata@@IAA@PAVDataArray@@0_N@Z	??2CriticalSection@@SAPAXI@Z	??2@YAPAXI@Z
501	2	DIFF_SIZE	DIFFERENT_FUNCTION	TB	bl	default/SongMetadata	?Load@SongMetadata@@UAAXAAVBinStream@@@Z	??2CriticalSection@@SAPAXI@Z	??2@YAPAXI@Z
501	1	DIFF_SIZE	DIFFERENT_FUNCTION	TB	bl	default/SongParser	?MergeMidiFile@SongParser@@QAAXAAVBinStream@@PBD@Z	??2CriticalSection@@SAPAXI@Z	??2@YAPAXI@Z
501	1	DIFF_SIZE	DIFFERENT_FUNCTION	TB	bl	default/SongParser	?Poll@SongParser@@QAAXXZ	??2CriticalSection@@SAPAXI@Z	??2@YAPAXI@Z
501	1	DIFF_SIZE	DIFFERENT_FUNCTION	TB	bl	default/SongParser	?ReadMidiFile@SongParser@@QAAXAAVBinStream@@PBDPAVSongInfo@@@Z	??2CriticalSection@@SAPAXI@Z	??2@YAPAXI@Z
501	1	DIFF_SIZE	DIFFERENT_FUNCTION	TB	bl	default/SongSectionController	?OnAddTriggerPool@SongSectionController@@QAA?AVDataNode@@PBVDataArray@@@Z	??2CriticalSection@@SAPAXI@Z	??2@YAPAXI@Z
501	2	DIFF_SIZE	DIFFERENT_FUNCTION	TB	bl	default/SongSortByArtist	?Init@SongSortByArtist@@UAAXXZ	??2CriticalSection@@SAPAXI@Z	??2@YAPAXI@Z
501	2	DIFF_SIZE	DIFFERENT_FUNCTION	TB	bl	default/SongSortByArtist	?NewHeaderNode@SongSortByArtist@@UBAPAVHeaderSortNode@@PAVSongSortNode@@@Z	??2CriticalSection@@SAPAXI@Z	??2@YAPAXI@Z
501	2	DIFF_SIZE	DIFFERENT_FUNCTION	TB	bl	default/SongSortByArtist	?NewSongNode@SongSortByArtist@@UBAPAVOwnedSongSortNode@@PAVSongRecord@@@Z	??2CriticalSection@@SAPAXI@Z	??2@YAPAXI@Z
501	2	DIFF_SIZE	DIFFERENT_FUNCTION	TB	bl	default/SongSortByArtist	?NewSongNode@SongSortByArtist@@UBAPAVStoreSongSortNode@@PAVStoreOffer@@@Z	??2CriticalSection@@SAPAXI@Z	??2@YAPAXI@Z
501	2	DIFF_SIZE	DIFFERENT_FUNCTION	TB	bl	default/SongSortByArtist	?NewSubheaderNode@SongSortByArtist@@UBAPAVSubheaderSortNode@@PAVSongSortNode@@@Z	??2CriticalSection@@SAPAXI@Z	??2@YAPAXI@Z
501	2	DIFF_SIZE	DIFFERENT_FUNCTION	TB	bl	default/SongSortByDiff	?NewHeaderNode@SongSortByDiff@@UBAPAVHeaderSortNode@@PAVSongSortNode@@@Z	??2CriticalSection@@SAPAXI@Z	??2@YAPAXI@Z
501	2	DIFF_SIZE	DIFFERENT_FUNCTION	TB	bl	default/SongSortByDiff	?NewShortcutNode@SongSortByDiff@@UBAPAVShortcutNode@@PAVSongSortNode@@@Z	??2CriticalSection@@SAPAXI@Z	??2@YAPAXI@Z
501	2	DIFF_SIZE	DIFFERENT_FUNCTION	TB	bl	default/SongSortByDiff	?NewSongNode@SongSortByDiff@@UBAPAVOwnedSongSortNode@@PAVSongRecord@@@Z	??2CriticalSection@@SAPAXI@Z	??2@YAPAXI@Z
501	2	DIFF_SIZE	DIFFERENT_FUNCTION	TB	bl	default/SongSortByDiff	?NewSongNode@SongSortByDiff@@UBAPAVStoreSongSortNode@@PAVStoreOffer@@@Z	??2CriticalSection@@SAPAXI@Z	??2@YAPAXI@Z
501	2	DIFF_SIZE	DIFFERENT_FUNCTION	TB	bl	default/SongSortByRank	?NewHeaderNode@SongSortByRank@@UBAPAVHeaderSortNode@@PAVSongSortNode@@@Z	??2CriticalSection@@SAPAXI@Z	??2@YAPAXI@Z
501	2	DIFF_SIZE	DIFFERENT_FUNCTION	TB	bl	default/SongSortByRank	?NewShortcutNode@SongSortByRank@@UBAPAVShortcutNode@@PAVSongSortNode@@@Z	??2CriticalSection@@SAPAXI@Z	??2@YAPAXI@Z
501	5	DIFF_SIZE	DIFFERENT_FUNCTION	TB	bl	default/SongSortByRank	?NewSongNode@SongSortByRank@@UBAPAVOwnedSongSortNode@@PAVSongRecord@@@Z	??2CriticalSection@@SAPAXI@Z	??2@YAPAXI@Z
501	2	DIFF_SIZE	DIFFERENT_FUNCTION	TB	bl	default/SongSortByRank	?NewSongNode@SongSortByRank@@UBAPAVStoreSongSortNode@@PAVStoreOffer@@@Z	??2CriticalSection@@SAPAXI@Z	??2@YAPAXI@Z
501	2	DIFF_SIZE	DIFFERENT_FUNCTION	TB	bl	default/SongSortByRecent	?NewHeaderNode@SongSortByRecent@@UBAPAVHeaderSortNode@@PAVSongSortNode@@@Z	??2CriticalSection@@SAPAXI@Z	??2@YAPAXI@Z
501	2	DIFF_SIZE	DIFFERENT_FUNCTION	TB	bl	default/SongSortByRecent	?NewShortcutNode@SongSortByRecent@@UBAPAVShortcutNode@@PAVSongSortNode@@@Z	??2CriticalSection@@SAPAXI@Z	??2@YAPAXI@Z
501	2	DIFF_SIZE	DIFFERENT_FUNCTION	TB	bl	default/SongSortByRecent	?NewSongNode@SongSortByRecent@@UBAPAVOwnedSongSortNode@@PAVSongRecord@@@Z	??2CriticalSection@@SAPAXI@Z	??2@YAPAXI@Z
501	2	DIFF_SIZE	DIFFERENT_FUNCTION	TB	bl	default/SongSortByRecent	?NewSongNode@SongSortByRecent@@UBAPAVStoreSongSortNode@@PAVStoreOffer@@@Z	??2CriticalSection@@SAPAXI@Z	??2@YAPAXI@Z
501	2	DIFF_SIZE	DIFFERENT_FUNCTION	TB	bl	default/SongSortByReview	?NewHeaderNode@SongSortByPlays@@UBAPAVHeaderSortNode@@PAVSongSortNode@@@Z	??2CriticalSection@@SAPAXI@Z	??2@YAPAXI@Z
501	2	DIFF_SIZE	DIFFERENT_FUNCTION	TB	bl	default/SongSortByReview	?NewHeaderNode@SongSortByReview@@UBAPAVHeaderSortNode@@PAVSongSortNode@@@Z	??2CriticalSection@@SAPAXI@Z	??2@YAPAXI@Z
501	2	DIFF_SIZE	DIFFERENT_FUNCTION	TB	bl	default/SongSortByReview	?NewShortcutNode@SongSortByPlays@@UBAPAVShortcutNode@@PAVSongSortNode@@@Z	??2CriticalSection@@SAPAXI@Z	??2@YAPAXI@Z
501	2	DIFF_SIZE	DIFFERENT_FUNCTION	TB	bl	default/SongSortByReview	?NewShortcutNode@SongSortByReview@@UBAPAVShortcutNode@@PAVSongSortNode@@@Z	??2CriticalSection@@SAPAXI@Z	??2@YAPAXI@Z
501	2	DIFF_SIZE	DIFFERENT_FUNCTION	TB	bl	default/SongSortByReview	?NewSongNode@SongSortByPlays@@UBAPAVOwnedSongSortNode@@PAVSongRecord@@@Z	??2CriticalSection@@SAPAXI@Z	??2@YAPAXI@Z
501	2	DIFF_SIZE	DIFFERENT_FUNCTION	TB	bl	default/SongSortByReview	?NewSongNode@SongSortByPlays@@UBAPAVStoreSongSortNode@@PAVStoreOffer@@@Z	??2CriticalSection@@SAPAXI@Z	??2@YAPAXI@Z
501	2	DIFF_SIZE	DIFFERENT_FUNCTION	TB	bl	default/SongSortByReview	?NewSongNode@SongSortByReview@@UBAPAVOwnedSongSortNode@@PAVSongRecord@@@Z	??2CriticalSection@@SAPAXI@Z	??2@YAPAXI@Z
501	2	DIFF_SIZE	DIFFERENT_FUNCTION	TB	bl	default/SongSortByReview	?NewSongNode@SongSortByReview@@UBAPAVStoreSongSortNode@@PAVStoreOffer@@@Z	??2CriticalSection@@SAPAXI@Z	??2@YAPAXI@Z
501	2	DIFF_SIZE	DIFFERENT_FUNCTION	TB	bl	default/SongSortBySong	?Init@SongSortBySong@@UAAXXZ	??2CriticalSection@@SAPAXI@Z	??2@YAPAXI@Z
501	2	DIFF_SIZE	DIFFERENT_FUNCTION	TB	bl	default/SongSortBySong	?NewHeaderNode@SongSortBySong@@UBAPAVHeaderSortNode@@PAVSongSortNode@@@Z	??2CriticalSection@@SAPAXI@Z	??2@YAPAXI@Z
501	2	DIFF_SIZE	DIFFERENT_FUNCTION	TB	bl	default/SongSortBySong	?NewShortcutNode@SongSortBySong@@UBAPAVShortcutNode@@PAVSongSortNode@@@Z	??2CriticalSection@@SAPAXI@Z	??2@YAPAXI@Z
501	2	DIFF_SIZE	DIFFERENT_FUNCTION	TB	bl	default/SongSortBySong	?NewSongNode@SongSortBySong@@UBAPAVOwnedSongSortNode@@PAVSongRecord@@@Z	??2CriticalSection@@SAPAXI@Z	??2@YAPAXI@Z
501	2	DIFF_SIZE	DIFFERENT_FUNCTION	TB	bl	default/SongSortBySong	?NewSongNode@SongSortBySong@@UBAPAVStoreSongSortNode@@PAVStoreOffer@@@Z	??2CriticalSection@@SAPAXI@Z	??2@YAPAXI@Z
501	2	DIFF_SIZE	DIFFERENT_FUNCTION	TB	bl	default/SongSortByStars	?NewHeaderNode@SongSortByStars@@UBAPAVHeaderSortNode@@PAVSongSortNode@@@Z	??2CriticalSection@@SAPAXI@Z	??2@YAPAXI@Z
501	2	DIFF_SIZE	DIFFERENT_FUNCTION	TB	bl	default/SongSortByStars	?NewShortcutNode@SongSortByStars@@UBAPAVShortcutNode@@PAVSongSortNode@@@Z	??2CriticalSection@@SAPAXI@Z	??2@YAPAXI@Z
501	2	DIFF_SIZE	DIFFERENT_FUNCTION	TB	bl	default/SongSortByStars	?NewSongNode@SongSortByStars@@UBAPAVOwnedSongSortNode@@PAVSongRecord@@@Z	??2CriticalSection@@SAPAXI@Z	??2@YAPAXI@Z
501	2	DIFF_SIZE	DIFFERENT_FUNCTION	TB	bl	default/SongSortByStars	?NewSongNode@SongSortByStars@@UBAPAVStoreSongSortNode@@PAVStoreOffer@@@Z	??2CriticalSection@@SAPAXI@Z	??2@YAPAXI@Z
501	9	DIFF_SIZE	DIFFERENT_FUNCTION	TB	bl	default/SongSortMgr	??0SongSortMgr@@QAA@XZ	??2CriticalSection@@SAPAXI@Z	??2@YAPAXI@Z
501	1	DIFF_SIZE	DIFFERENT_FUNCTION	TB	bl	default/SongSortMgr	?BuildInternalSetlists@SongSortMgr@@QAAXXZ	??2CriticalSection@@SAPAXI@Z	??2@YAPAXI@Z
501	1	DIFF_SIZE	DIFFERENT_FUNCTION	TB	bl	default/SongSortMgr	?Init@SongSortMgr@@SAXXZ	??2CriticalSection@@SAPAXI@Z	??2@YAPAXI@Z
501	1	DIFF_SIZE	DIFFERENT_FUNCTION	TB	bl	default/StorePreviewMgr	??0StorePreviewMgr@@QAA@XZ	??2CriticalSection@@SAPAXI@Z	??2@YAPAXI@Z
501	1	DIFF_SIZE	DIFFERENT_FUNCTION	TB	bl	default/Stream	??0Stream@@IAA@XZ	??2CriticalSection@@SAPAXI@Z	??2@YAPAXI@Z
501	1	DIFF_SIZE	DIFFERENT_FUNCTION	TB	bl	default/StreamNull	??0StreamNull@@QAA@M@Z	??2CriticalSection@@SAPAXI@Z	??2@YAPAXI@Z
501	1	DIFF_SIZE	DIFFERENT_FUNCTION	TB	bl	default/SynapseAPO	?SetSamplingRate@SynapseAPO@DSP@@QAAXM@Z	??2CriticalSection@@SAPAXI@Z	??2@YAPAXI@Z
501	1	DIFF_SIZE	DIFFERENT_FUNCTION	TB	bl	default/SyncStore	?NewNetMessage@SyncAllMsg@@SAPAVNetMessage@@XZ	??2CriticalSection@@SAPAXI@Z	??2@YAPAXI@Z
501	1	DIFF_SIZE	DIFFERENT_FUNCTION	TB	bl	default/SyncStore	?NewNetMessage@SyncObjMsg@@SAPAVNetMessage@@XZ	??2CriticalSection@@SAPAXI@Z	??2@YAPAXI@Z
501	1	DIFF_SIZE	DIFFERENT_FUNCTION	TB	bl	default/SyncStore	?NewNetMessage@SyncUserMsg@@SAPAVNetMessage@@XZ	??2CriticalSection@@SAPAXI@Z	??2@YAPAXI@Z
501	1	DIFF_SIZE	DIFFERENT_FUNCTION	TB	bl	default/TDStretch	??0RateTransposer@soundtouch@@QAA@XZ	??2CriticalSection@@SAPAXI@Z	??2@YAPAXI@Z
501	1	DIFF_SIZE	DIFFERENT_FUNCTION	TB	bl	default/TDStretch	?newInstance@RateTransposer@soundtouch@@SAPAV12@XZ	??2CriticalSection@@SAPAXI@Z	??2@YAPAXI@Z
501	1	DIFF_SIZE	DIFFERENT_FUNCTION	TB	bl	default/TDStretch	?newInstance@TDStretch@soundtouch@@SAPAV12@XZ	??2CriticalSection@@SAPAXI@Z	??2@YAPAXI@Z
501	1	DIFF_SIZE	DIFFERENT_FUNCTION	TB	bl	default/TexLoadPanel	?AddTex@TexLoadPanel@@QAAPAVDynamicTex@@PBD0_N1@Z	??2CriticalSection@@SAPAXI@Z	??2@YAPAXI@Z
501	1	DIFF_SIZE	DIFFERENT_FUNCTION	TB	bl	default/TourBand	??0TourBand@@QAA@PAVBandProfile@@@Z	??2CriticalSection@@SAPAXI@Z	??2@YAPAXI@Z
501	1	DIFF_SIZE	DIFFERENT_FUNCTION	TB	bl	default/TourDescPanel	?FinishLoad@TourDescPanel@@UAAXXZ	??2CriticalSection@@SAPAXI@Z	??2@YAPAXI@Z
501	1	DIFF_SIZE	DIFFERENT_FUNCTION	TB	bl	default/TrackPanelDir	?SyncObjects@TrackPanelDir@@UAAXXZ	??2CriticalSection@@SAPAXI@Z	??2@YAPAXI@Z
501	7	DIFF_SIZE	DIFFERENT_FUNCTION	TB	bl	default/TrackWatcher	?NewTrackWatcherImpl@@YAPAVTrackWatcherImpl@@HABVUserGuid@@HVSymbol@@PAVSongData@@PAVTrackWatcherParent@@PAVDataArray@@@Z	??2CriticalSection@@SAPAXI@Z	??2@YAPAXI@Z
501	20	DIFF_SIZE	DIFFERENT_FUNCTION	TB	bl	default/TrackerManager	?MakeTracker@TrackerManager@@QAAPAVTracker@@W4TrackerType@@PAVTrackerSource@@@Z	??2CriticalSection@@SAPAXI@Z	??2@YAPAXI@Z
501	2	DIFF_SIZE	DIFFERENT_FUNCTION	TB	bl	default/TrainingPanel	?Load@TrainingPanel@@UAAXXZ	??2CriticalSection@@SAPAXI@Z	??2@YAPAXI@Z
501	1	DIFF_SIZE	DIFFERENT_FUNCTION	TB	bl	default/UI	?InitResources@UIManager@@QAAXVSymbol@@@Z	??2CriticalSection@@SAPAXI@Z	??2@YAPAXI@Z
501	1	DIFF_SIZE	DIFFERENT_FUNCTION	TB	bl	default/UI	?NewObject@UIScreen@@SAPAVObject@Hmx@@XZ	??2CriticalSection@@SAPAXI@Z	??2@YAPAXI@Z
501	1	DIFF_SIZE	DIFFERENT_FUNCTION	TB	bl	default/UI	?UseJoypad@UIManager@@QAAX_N0@Z	??2CriticalSection@@SAPAXI@Z	??2@YAPAXI@Z
501	1	DIFF_SIZE	DIFFERENT_FUNCTION	TB	bl	default/UIEventMgr	?Init@UIEventMgr@@SAXXZ	??2CriticalSection@@SAPAXI@Z	??2@YAPAXI@Z
501	1	DIFF_SIZE	DIFFERENT_FUNCTION	TB	bl	default/UIList	?OnSetData@UIList@@IAA?AVDataNode@@PAVDataArray@@@Z	??2CriticalSection@@SAPAXI@Z	??2@YAPAXI@Z
501	1	DIFF_SIZE	DIFFERENT_FUNCTION	TB	bl	default/VocalPlayer	??0VocalPlayer@@QAA@PAVBandUser@@PAVBeatMaster@@PAVBand@@HPAVPerformer@@H@Z	??2CriticalSection@@SAPAXI@Z	??2@YAPAXI@Z
501	1	DIFF_SIZE	DIFFERENT_FUNCTION	TB	bl	default/VocalPlayer	?PostLoad@VocalPlayer@@UAAX_N@Z	??2CriticalSection@@SAPAXI@Z	??2@YAPAXI@Z
501	1	DIFF_SIZE	DIFFERENT_FUNCTION	TB	bl	default/VocalTrack	??0TambourineGemPool@@QAA@XZ	??2CriticalSection@@SAPAXI@Z	??2@YAPAXI@Z
501	1	DIFF_SIZE	DIFFERENT_FUNCTION	TB	bl	default/VocalTrack	?CreateLyric@VocalTrack@@QAAPAVLyric@@AAPBVVocalNote@@ABV?$vector@VVocalNote@@V?$StlNodeAlloc@VVocalNote@@@stlpmtx_std@@@stlpmtx_std@@_N22@Z	??2CriticalSection@@SAPAXI@Z	??2@YAPAXI@Z
501	1	DIFF_SIZE	DIFFERENT_FUNCTION	TB	bl	default/VocalTrack	?GetCurrentPlate@VocalTrack@@QAAPAVTubePlate@@AAV?$deque@PAVTubePlate@@V?$StlNodeAlloc@PAVTubePlate@@@stlpmtx_std@@@stlpmtx_std@@H@Z	??2CriticalSection@@SAPAXI@Z	??2@YAPAXI@Z
501	1	DIFF_SIZE	DIFFERENT_FUNCTION	TB	bl	default/VocalTrack	?Init@VocalTrack@@UAAXXZ	??2CriticalSection@@SAPAXI@Z	??2@YAPAXI@Z
501	1	DIFF_SIZE	DIFFERENT_FUNCTION	TB	bl	default/VocalTrack	?InitPlateList@VocalTrack@@QAAXAAV?$deque@PAVTubePlate@@V?$StlNodeAlloc@PAVTubePlate@@@stlpmtx_std@@@stlpmtx_std@@HH@Z	??2CriticalSection@@SAPAXI@Z	??2@YAPAXI@Z
501	1	DIFF_SIZE	DIFFERENT_FUNCTION	TB	bl	default/VorbisReader	??0VorbisReader@@QAA@PAVFile@@_NPAVStandardStream@@11@Z	??2CriticalSection@@SAPAXI@Z	??2@YAPAXI@Z
501	2	DIFF_SIZE	DIFFERENT_FUNCTION	TB	bl	default/VorbisReader	?InitDecoder@VorbisReader@@AAAXXZ	??2CriticalSection@@SAPAXI@Z	??2@YAPAXI@Z
501	3	DIFF_SIZE	DIFFERENT_FUNCTION	TB	bl	default/VorbisReader	?TryReadHeader@VorbisReader@@AAA_NXZ	??2CriticalSection@@SAPAXI@Z	??2@YAPAXI@Z
501	1	DIFF_SIZE	DIFFERENT_FUNCTION	TB	bl	default/WaitingUserGate	??0WaitingUserGate@@QAA@XZ	??2CriticalSection@@SAPAXI@Z	??2@YAPAXI@Z
501	1	DIFF_SIZE	DIFFERENT_FUNCTION	TB	bl	default/WaitingUserGate	?NewNetMessage@EnterFlowMsg@@SAPAVNetMessage@@XZ	??2CriticalSection@@SAPAXI@Z	??2@YAPAXI@Z
501	1	DIFF_SIZE	DIFFERENT_FUNCTION	TB	bl	default/WaitingUserGate	?NewNetMessage@OpenWaitingGateMsg@?A0xe564e51a@@SAPAVNetMessage@@XZ	??2CriticalSection@@SAPAXI@Z	??2@YAPAXI@Z
501	1	DIFF_SIZE	DIFFERENT_FUNCTION	TB	bl	default/Waypoint	?Init@Waypoint@@SAXXZ	??2CriticalSection@@SAPAXI@Z	??2@YAPAXI@Z
501	1	DIFF_SIZE	DIFFERENT_FUNCTION	TB	bl	default/band3/bandtrack/Gem	?AddRep@Gem@@QAAXAAVGemRepTemplate@@PAVRndGroup@@VSymbol@@ABVTrackConfig@@_N@Z	??2CriticalSection@@SAPAXI@Z	??2@YAPAXI@Z
501	2	DIFF_SIZE	DIFFERENT_FUNCTION	TB	bl	default/band3/bandtrack/Track	?NewTrack@@YAPAVTrack@@PAVBandUser@@@Z	??2CriticalSection@@SAPAXI@Z	??2@YAPAXI@Z
501	3	DIFF_SIZE	DIFFERENT_FUNCTION	TB	bl	default/band3/game/Band	?NewPlayer@Band@@QAAPAVPlayer@@PAVBeatMaster@@PAVBandUser@@@Z	??2CriticalSection@@SAPAXI@Z	??2@YAPAXI@Z
501	1	DIFF_SIZE	DIFFERENT_FUNCTION	TB	bl	default/band3/game/BandUserMgr	?BandUserMgrInit@@YAXXZ	??2CriticalSection@@SAPAXI@Z	??2@YAPAXI@Z
501	1	DIFF_SIZE	DIFFERENT_FUNCTION	TB	bl	default/band3/game/Game	?NewNetMessage@PlayerGameplayMsg@@SAPAVNetMessage@@XZ	??2CriticalSection@@SAPAXI@Z	??2@YAPAXI@Z
501	1	DIFF_SIZE	DIFFERENT_FUNCTION	TB	bl	default/band3/game/Game	?NewNetMessage@PlayerStatsMsg@@SAPAVNetMessage@@XZ	??2CriticalSection@@SAPAXI@Z	??2@YAPAXI@Z
501	1	DIFF_SIZE	DIFFERENT_FUNCTION	TB	bl	default/band3/game/Game	?NewNetMessage@ResumeNoScoreGameMsg@@SAPAVNetMessage@@XZ	??2CriticalSection@@SAPAXI@Z	??2@YAPAXI@Z
501	1	DIFF_SIZE	DIFFERENT_FUNCTION	TB	bl	default/band3/game/Game	?NewNetMessage@SetPartyShuffleModeMsg@@SAPAVNetMessage@@XZ	??2CriticalSection@@SAPAXI@Z	??2@YAPAXI@Z
501	1	DIFF_SIZE	DIFFERENT_FUNCTION	TB	bl	default/band3/game/Game	?NewObject@ChordbookPanel@@SAPAVObject@Hmx@@XZ	??2CriticalSection@@SAPAXI@Z	??2@YAPAXI@Z
501	1	DIFF_SIZE	DIFFERENT_FUNCTION	TB	bl	default/band3/game/Game	?NewObject@FadePanel@@SAPAVObject@Hmx@@XZ	??2CriticalSection@@SAPAXI@Z	??2@YAPAXI@Z
501	1	DIFF_SIZE	DIFFERENT_FUNCTION	TB	bl	default/band3/game/Game	?NewObject@FreestylePanel@@SAPAVObject@Hmx@@XZ	??2CriticalSection@@SAPAXI@Z	??2@YAPAXI@Z
501	1	DIFF_SIZE	DIFFERENT_FUNCTION	TB	bl	default/band3/game/Game	?NewObject@GamePanel@@SAPAVObject@Hmx@@XZ	??2CriticalSection@@SAPAXI@Z	??2@YAPAXI@Z
501	1	DIFF_SIZE	DIFFERENT_FUNCTION	TB	bl	default/band3/game/Game	?NewObject@GemTrainerPanel@@SAPAVObject@Hmx@@XZ	??2CriticalSection@@SAPAXI@Z	??2@YAPAXI@Z
501	1	DIFF_SIZE	DIFFERENT_FUNCTION	TB	bl	default/band3/game/Game	?NewObject@PracticePanel@@SAPAVObject@Hmx@@XZ	??2CriticalSection@@SAPAXI@Z	??2@YAPAXI@Z
501	1	DIFF_SIZE	DIFFERENT_FUNCTION	TB	bl	default/band3/game/Game	?NewObject@RGTrainerPanel@@SAPAVObject@Hmx@@XZ	??2CriticalSection@@SAPAXI@Z	??2@YAPAXI@Z
501	1	DIFF_SIZE	DIFFERENT_FUNCTION	TB	bl	default/band3/game/Game	?NewObject@RKTrainerPanel@@SAPAVObject@Hmx@@XZ	??2CriticalSection@@SAPAXI@Z	??2@YAPAXI@Z
501	1	DIFF_SIZE	DIFFERENT_FUNCTION	TB	bl	default/band3/game/Game	?NewObject@SyncGameStartPanel@@SAPAVObject@Hmx@@XZ	??2CriticalSection@@SAPAXI@Z	??2@YAPAXI@Z
501	1	DIFF_SIZE	DIFFERENT_FUNCTION	TB	bl	default/band3/game/Game	?NewObject@TrackPanel@@SAPAVObject@Hmx@@XZ	??2CriticalSection@@SAPAXI@Z	??2@YAPAXI@Z
501	1	DIFF_SIZE	DIFFERENT_FUNCTION	TB	bl	default/band3/game/Game	?NewObject@VocalTrainerPanel@@SAPAVObject@Hmx@@XZ	??2CriticalSection@@SAPAXI@Z	??2@YAPAXI@Z
501	2	DIFF_SIZE	DIFFERENT_FUNCTION	TB	bl	default/band3/game/GemTrainerPanel	??0GemTrainerPanel@@QAA@XZ	??2CriticalSection@@SAPAXI@Z	??2@YAPAXI@Z
501	1	DIFF_SIZE	DIFFERENT_FUNCTION	TB	bl	default/band3/game/TrainerPanel	??0TrainerPanel@@QAA@XZ	??2CriticalSection@@SAPAXI@Z	??2@YAPAXI@Z
501	1	DIFF_SIZE	DIFFERENT_FUNCTION	TB	bl	default/band3/game/VocalTrainerPanel	?Enter@VocalTrainerPanel@@UAAXXZ	??2CriticalSection@@SAPAXI@Z	??2@YAPAXI@Z
501	1	DIFF_SIZE	DIFFERENT_FUNCTION	TB	bl	default/band3/meta_band/AccomplishmentManager	?ConfigureAccomplishmentCategoryData@AccomplishmentManager@@QAAXPAVDataArray@@@Z	??2CriticalSection@@SAPAXI@Z	??2@YAPAXI@Z
501	1	DIFF_SIZE	DIFFERENT_FUNCTION	TB	bl	default/band3/meta_band/AccomplishmentManager	?ConfigureAccomplishmentCategoryGroupingData@AccomplishmentManager@@QAAXXZ	??2CriticalSection@@SAPAXI@Z	??2@YAPAXI@Z
501	1	DIFF_SIZE	DIFFERENT_FUNCTION	TB	bl	default/band3/meta_band/AccomplishmentManager	?ConfigureAccomplishmentGroupData@AccomplishmentManager@@QAAXPAVDataArray@@@Z	??2CriticalSection@@SAPAXI@Z	??2@YAPAXI@Z
501	1	DIFF_SIZE	DIFFERENT_FUNCTION	TB	bl	default/band3/meta_band/AccomplishmentManager	?ConfigureAccomplishmentGroupToCategoriesData@AccomplishmentManager@@QAAXXZ	??2CriticalSection@@SAPAXI@Z	??2@YAPAXI@Z
501	1	DIFF_SIZE	DIFFERENT_FUNCTION	TB	bl	default/band3/meta_band/AccomplishmentManager	?ConfigureAwardData@AccomplishmentManager@@QAAXPAVDataArray@@@Z	??2CriticalSection@@SAPAXI@Z	??2@YAPAXI@Z
501	1	DIFF_SIZE	DIFFERENT_FUNCTION	TB	bl	default/band3/meta_band/AccomplishmentProgress	??$LoadStdPtr@VGamerAwardStatus@@V?$StlNodeAlloc@PAVGamerAwardStatus@@@stlpmtx_std@@@FixedSizeSaveable@@SAXAAVFixedSizeSaveableStream@@AAV?$list@PAVGamerAwardStatus@@V?$StlNodeAlloc@PAVGamerAwardStatus@@@stlpmtx_std@@@stlpmtx_std@@HH@Z	??2CriticalSection@@SAPAXI@Z	??2@YAPAXI@Z
501	1	DIFF_SIZE	DIFFERENT_FUNCTION	TB	bl	default/band3/meta_band/AccomplishmentProgress	?GiveAvatarAsset@AccomplishmentProgress@@AAAXPAVAccomplishment@@@Z	??2CriticalSection@@SAPAXI@Z	??2@YAPAXI@Z
501	1	DIFF_SIZE	DIFFERENT_FUNCTION	TB	bl	default/band3/meta_band/AccomplishmentProgress	?GiveGamerpic@AccomplishmentProgress@@AAAXPAVAccomplishment@@@Z	??2CriticalSection@@SAPAXI@Z	??2@YAPAXI@Z
501	1	DIFF_SIZE	DIFFERENT_FUNCTION	TB	bl	default/band3/meta_band/AppMiniLeaderboardDisplay	?UpdateLeaderboardOnline@AppMiniLeaderboardDisplay@@QAAXH@Z	??2CriticalSection@@SAPAXI@Z	??2@YAPAXI@Z
501	1	DIFF_SIZE	DIFFERENT_FUNCTION	TB	bl	default/band3/meta_band/AssetMgr	?AddAssets@AssetMgr@@QAAXXZ	??2CriticalSection@@SAPAXI@Z	??2@YAPAXI@Z
501	1	DIFF_SIZE	DIFFERENT_FUNCTION	TB	bl	default/band3/meta_band/BandProfile	??$LoadStdPtr@VLocalSavedSetlist@@V?$StlNodeAlloc@PAVLocalSavedSetlist@@@stlpmtx_std@@@FixedSizeSaveable@@SAXAAVFixedSizeSaveableStream@@AAV?$vector@PAVLocalSavedSetlist@@V?$StlNodeAlloc@PAVLocalSavedSetlist@@@stlpmtx_std@@@stlpmtx_std@@HH@Z	??2CriticalSection@@SAPAXI@Z	??2@YAPAXI@Z
501	1	DIFF_SIZE	DIFFERENT_FUNCTION	TB	bl	default/band3/meta_band/BandProfile	??$LoadStdPtr@VPerformanceData@@V?$StlNodeAlloc@PAVPerformanceData@@@stlpmtx_std@@@FixedSizeSaveable@@SAXAAVFixedSizeSaveableStream@@AAV?$list@PAVPerformanceData@@V?$StlNodeAlloc@PAVPerformanceData@@@stlpmtx_std@@@stlpmtx_std@@HH@Z	??2CriticalSection@@SAPAXI@Z	??2@YAPAXI@Z
501	1	DIFF_SIZE	DIFFERENT_FUNCTION	TB	bl	default/band3/meta_band/BandStorePanel	??0BandStorePanel@@QAA@XZ	??2CriticalSection@@SAPAXI@Z	??2@YAPAXI@Z
501	1	DIFF_SIZE	DIFFERENT_FUNCTION	TB	bl	default/band3/meta_band/BandStorePanel	?SetShortcutData@BandStorePanel@@QAAXPAVDataArray@@@Z	??2CriticalSection@@SAPAXI@Z	??2@YAPAXI@Z
501	1	DIFF_SIZE	DIFFERENT_FUNCTION	TB	bl	default/band3/meta_band/CampaignGoalsLeaderboardChoicePanel	?Load@CampaignGoalsLeaderboardChoicePanel@@UAAXXZ	??2CriticalSection@@SAPAXI@Z	??2@YAPAXI@Z
501	1	DIFF_SIZE	DIFFERENT_FUNCTION	TB	bl	default/band3/meta_band/CampaignGoalsLeaderboardPanel	?Load@CampaignGoalsLeaderboardPanel@@UAAXXZ	??2CriticalSection@@SAPAXI@Z	??2@YAPAXI@Z
501	1	DIFF_SIZE	DIFFERENT_FUNCTION	TB	bl	default/band3/meta_band/CharCache	?Init@CharCache@@SAXXZ	??2CriticalSection@@SAPAXI@Z	??2@YAPAXI@Z
501	1	DIFF_SIZE	DIFFERENT_FUNCTION	TB	bl	default/band3/meta_band/CharSync	?Init@CharSync@@SAXPAVBandUserMgr@@@Z	??2CriticalSection@@SAPAXI@Z	??2@YAPAXI@Z
501	1	DIFF_SIZE	DIFFERENT_FUNCTION	TB	bl	default/band3/meta_band/ClosetMgr	?Init@ClosetMgr@@SAXXZ	??2CriticalSection@@SAPAXI@Z	??2@YAPAXI@Z
501	1	DIFF_SIZE	DIFFERENT_FUNCTION	TB	bl	default/band3/meta_band/InputMgr	?Init@InputMgr@@SAXXZ	??2CriticalSection@@SAPAXI@Z	??2@YAPAXI@Z
501	3	DIFF_SIZE	DIFFERENT_FUNCTION	TB	bl	default/band3/meta_band/LessonMgr	??0LessonMgr@@QAA@XZ	??2CriticalSection@@SAPAXI@Z	??2@YAPAXI@Z
501	1	DIFF_SIZE	DIFFERENT_FUNCTION	TB	bl	default/band3/meta_band/LessonMgr	?Init@LessonMgr@@SAXXZ	??2CriticalSection@@SAPAXI@Z	??2@YAPAXI@Z
501	1	DIFF_SIZE	DIFFERENT_FUNCTION	TB	bl	default/band3/meta_band/LockStepMgr	?NewNetMessage@BasicStartLockMsg@@SAPAVNetMessage@@XZ	??2CriticalSection@@SAPAXI@Z	??2@YAPAXI@Z
501	1	DIFF_SIZE	DIFFERENT_FUNCTION	TB	bl	default/band3/meta_band/ManageBandPanel	??0ManageBandPanel@@QAA@XZ	??2CriticalSection@@SAPAXI@Z	??2@YAPAXI@Z
501	2	DIFF_SIZE	DIFFERENT_FUNCTION	TB	bl	default/band3/meta_band/ManageBandPanel	?Enter@ManageBandPanel@@UAAXXZ	??2CriticalSection@@SAPAXI@Z	??2@YAPAXI@Z
501	1	DIFF_SIZE	DIFFERENT_FUNCTION	TB	bl	default/band3/meta_band/ModifierMgr	?Init@ModifierMgr@@SAXXZ	??2CriticalSection@@SAPAXI@Z	??2@YAPAXI@Z
501	1	DIFF_SIZE	DIFFERENT_FUNCTION	TB	bl	default/band3/meta_band/NetSync	??0NetSync@@QAA@XZ	??2CriticalSection@@SAPAXI@Z	??2@YAPAXI@Z
501	1	DIFF_SIZE	DIFFERENT_FUNCTION	TB	bl	default/band3/meta_band/NetSync	?Init@NetSync@@SAXXZ	??2CriticalSection@@SAPAXI@Z	??2@YAPAXI@Z
501	1	DIFF_SIZE	DIFFERENT_FUNCTION	TB	bl	default/band3/meta_band/NetSync	?NewNetMessage@ComponentFocusNetMsg@@SAPAVNetMessage@@XZ	??2CriticalSection@@SAPAXI@Z	??2@YAPAXI@Z
501	1	DIFF_SIZE	DIFFERENT_FUNCTION	TB	bl	default/band3/meta_band/NetSync	?NewNetMessage@ComponentScrollNetMsg@@SAPAVNetMessage@@XZ	??2CriticalSection@@SAPAXI@Z	??2@YAPAXI@Z
501	1	DIFF_SIZE	DIFFERENT_FUNCTION	TB	bl	default/band3/meta_band/NetSync	?NewNetMessage@ComponentSelectNetMsg@@SAPAVNetMessage@@XZ	??2CriticalSection@@SAPAXI@Z	??2@YAPAXI@Z
501	1	DIFF_SIZE	DIFFERENT_FUNCTION	TB	bl	default/band3/meta_band/NetSync	?NewNetMessage@NetGotoScreenMsg@@SAPAVNetMessage@@XZ	??2CriticalSection@@SAPAXI@Z	??2@YAPAXI@Z
501	1	DIFF_SIZE	DIFFERENT_FUNCTION	TB	bl	default/band3/meta_band/NetSync	?NewNetMessage@NetPopScreenMsg@@SAPAVNetMessage@@XZ	??2CriticalSection@@SAPAXI@Z	??2@YAPAXI@Z
501	1	DIFF_SIZE	DIFFERENT_FUNCTION	TB	bl	default/band3/meta_band/NetSync	?NewNetMessage@NetPushScreenMsg@@SAPAVNetMessage@@XZ	??2CriticalSection@@SAPAXI@Z	??2@YAPAXI@Z
501	1	DIFF_SIZE	DIFFERENT_FUNCTION	TB	bl	default/band3/meta_band/NetSync	?NewNetMessage@NetSyncScreenMsg@@SAPAVNetMessage@@XZ	??2CriticalSection@@SAPAXI@Z	??2@YAPAXI@Z
501	1	DIFF_SIZE	DIFFERENT_FUNCTION	TB	bl	default/band3/meta_band/NewAwardPanel	?FinishLoad@NewAwardPanel@@UAAXXZ	??2CriticalSection@@SAPAXI@Z	??2@YAPAXI@Z
501	1	DIFF_SIZE	DIFFERENT_FUNCTION	TB	bl	default/band3/meta_band/ParentalControlPanel	?Enter@ParentalControlPanel@@UAAXXZ	??2CriticalSection@@SAPAXI@Z	??2@YAPAXI@Z
501	4	DIFF_SIZE	DIFFERENT_FUNCTION	TB	bl	default/band3/meta_band/PatchPanel	?Enter@PatchPanel@@UAAXXZ	??2CriticalSection@@SAPAXI@Z	??2@YAPAXI@Z
501	2	DIFF_SIZE	DIFFERENT_FUNCTION	TB	bl	default/band3/meta_band/PatchSelectPanel	?Load@PatchSelectPanel@@UAAXXZ	??2CriticalSection@@SAPAXI@Z	??2@YAPAXI@Z
501	1	DIFF_SIZE	DIFFERENT_FUNCTION	TB	bl	default/band3/meta_band/PrefabMgr	??0CharCreatorPrefab@PrefabMgr@@QAA@PAVBandCharDesc@@VSymbol@@@Z	??2CriticalSection@@SAPAXI@Z	??2@YAPAXI@Z
501	3	DIFF_SIZE	DIFFERENT_FUNCTION	TB	bl	default/band3/meta_band/PrefabMgr	??0PrefabMgr@@QAA@XZ	??2CriticalSection@@SAPAXI@Z	??2@YAPAXI@Z
501	1	DIFF_SIZE	DIFFERENT_FUNCTION	TB	bl	default/band3/meta_band/SaveLoadManager	?Init@SaveLoadManager@@SAXXZ	??2CriticalSection@@SAPAXI@Z	??2@YAPAXI@Z
501	3	DIFF_SIZE	DIFFERENT_FUNCTION	TB	bl	default/band3/meta_band/SessionMgr	??0SessionMgr@@QAA@PAVBandUserMgr@@PAVMatchmaker@@@Z	??2CriticalSection@@SAPAXI@Z	??2@YAPAXI@Z
501	2	DIFF_SIZE	DIFFERENT_FUNCTION	TB	bl	default/band3/meta_band/SetlistSortByLocation	?NewFunctionNode@SetlistSortByLocation@@UBAPAVFunctionSortNode@@VSymbol@@@Z	??2CriticalSection@@SAPAXI@Z	??2@YAPAXI@Z
501	2	DIFF_SIZE	DIFFERENT_FUNCTION	TB	bl	default/band3/meta_band/SetlistSortByLocation	?NewHeaderNode@SetlistSortByLocation@@UBAPAVHeaderSortNode@@PAVFunctionSortNode@@@Z	??2CriticalSection@@SAPAXI@Z	??2@YAPAXI@Z
501	2	DIFF_SIZE	DIFFERENT_FUNCTION	TB	bl	default/band3/meta_band/SetlistSortByLocation	?NewHeaderNode@SetlistSortByLocation@@UBAPAVHeaderSortNode@@PAVSetlistSortNode@@@Z	??2CriticalSection@@SAPAXI@Z	??2@YAPAXI@Z
501	2	DIFF_SIZE	DIFFERENT_FUNCTION	TB	bl	default/band3/meta_band/SetlistSortByLocation	?NewSetlistNode@SetlistSortByLocation@@UBAPAVSetlistSortNode@@PAVSetlistRecord@@@Z	??2CriticalSection@@SAPAXI@Z	??2@YAPAXI@Z
501	2	DIFF_SIZE	DIFFERENT_FUNCTION	TB	bl	default/band3/meta_band/SetlistSortByLocation	?NewShortcutNode@SetlistSortByLocation@@UBAPAVShortcutNode@@PAVFunctionSortNode@@@Z	??2CriticalSection@@SAPAXI@Z	??2@YAPAXI@Z
501	2	DIFF_SIZE	DIFFERENT_FUNCTION	TB	bl	default/band3/meta_band/SetlistSortByLocation	?NewShortcutNode@SetlistSortByLocation@@UBAPAVShortcutNode@@PAVSetlistSortNode@@@Z	??2CriticalSection@@SAPAXI@Z	??2@YAPAXI@Z
501	2	DIFF_SIZE	DIFFERENT_FUNCTION	TB	bl	default/band3/meta_band/SongSelectPanel	?GetLeaderboard@SongSelectPanel@@QAAPAVLeaderboard@@PAVLocalBandUser@@W4ScoreType@@HW4Mode@2@@Z	??2CriticalSection@@SAPAXI@Z	??2@YAPAXI@Z
501	1	DIFF_SIZE	DIFFERENT_FUNCTION	TB	bl	default/band3/meta_band/SongUpgradeMgr	?AddUpgradeData@SongUpgradeMgr@@QAAXPAVDataArray@@PAVDataLoader@@W4ContentLocT@@VSymbol@@@Z	??2CriticalSection@@SAPAXI@Z	??2@YAPAXI@Z
501	1	DIFF_SIZE	DIFFERENT_FUNCTION	TB	bl	default/band3/meta_band/SongUpgradeMgr	?ReadCachedMetadataFromStream@SongUpgradeMgr@@QAA_NAAVBinStream@@H@Z	??2CriticalSection@@SAPAXI@Z	??2@YAPAXI@Z
501	1	DIFF_SIZE	DIFFERENT_FUNCTION	TB	bl	default/band3/meta_band/StoreMenuPanel	?AddMenu@StoreMenuPanel@@QAAXPAVDataArray@@PBDH@Z	??2CriticalSection@@SAPAXI@Z	??2@YAPAXI@Z
501	1	DIFF_SIZE	DIFFERENT_FUNCTION	TB	bl	default/band3/meta_band/TrainingMgr	?Init@TrainingMgr@@SAXXZ	??2CriticalSection@@SAPAXI@Z	??2@YAPAXI@Z
501	1	DIFF_SIZE	DIFFERENT_FUNCTION	TB	bl	default/band3/meta_band/ViewSetting	?BuildFilters@ViewSettingsProvider@@QAAXVSymbol@@@Z	??2CriticalSection@@SAPAXI@Z	??2@YAPAXI@Z
501	1	DIFF_SIZE	DIFFERENT_FUNCTION	TB	bl	default/band3/tour/TourDesc	?Configure@TourDesc@@UAAXPAVDataArray@@@Z	??2CriticalSection@@SAPAXI@Z	??2@YAPAXI@Z
501	1	DIFF_SIZE	DIFFERENT_FUNCTION	TB	bl	default/network/net/NetSession	??0NetSession@@QAA@XZ	??2CriticalSection@@SAPAXI@Z	??2@YAPAXI@Z
501	1	DIFF_SIZE	DIFFERENT_FUNCTION	TB	bl	default/network/net/NetSession	?NewNetMessage@AddUserRequestMsg@@SAPAVNetMessage@@XZ	??2CriticalSection@@SAPAXI@Z	??2@YAPAXI@Z
501	1	DIFF_SIZE	DIFFERENT_FUNCTION	TB	bl	default/network/net/NetSession	?NewNetMessage@AddUserResponseMsg@@SAPAVNetMessage@@XZ	??2CriticalSection@@SAPAXI@Z	??2@YAPAXI@Z
501	1	DIFF_SIZE	DIFFERENT_FUNCTION	TB	bl	default/network/net/NetSession	?NewNetMessage@BeginArbitrationMsg@@SAPAVNetMessage@@XZ	??2CriticalSection@@SAPAXI@Z	??2@YAPAXI@Z
501	1	DIFF_SIZE	DIFFERENT_FUNCTION	TB	bl	default/network/net/NetSession	?NewNetMessage@DataArrayMsg@@SAPAVNetMessage@@XZ	??2CriticalSection@@SAPAXI@Z	??2@YAPAXI@Z
501	1	DIFF_SIZE	DIFFERENT_FUNCTION	TB	bl	default/network/net/NetSession	?NewNetMessage@EndGameMsg@@SAPAVNetMessage@@XZ	??2CriticalSection@@SAPAXI@Z	??2@YAPAXI@Z
501	1	DIFF_SIZE	DIFFERENT_FUNCTION	TB	bl	default/network/net/NetSession	?NewNetMessage@FinishedArbitrationMsg@@SAPAVNetMessage@@XZ	??2CriticalSection@@SAPAXI@Z	??2@YAPAXI@Z
501	1	DIFF_SIZE	DIFFERENT_FUNCTION	TB	bl	default/network/net/NetSession	?NewNetMessage@JoinRequestMsg@@SAPAVNetMessage@@XZ	??2CriticalSection@@SAPAXI@Z	??2@YAPAXI@Z
501	1	DIFF_SIZE	DIFFERENT_FUNCTION	TB	bl	default/network/net/NetSession	?NewNetMessage@JoinResponseMsg@@SAPAVNetMessage@@XZ	??2CriticalSection@@SAPAXI@Z	??2@YAPAXI@Z
501	1	DIFF_SIZE	DIFFERENT_FUNCTION	TB	bl	default/network/net/NetSession	?NewNetMessage@StartGameOnTimeMsg@@SAPAVNetMessage@@XZ	??2CriticalSection@@SAPAXI@Z	??2@YAPAXI@Z
501	1	DIFF_SIZE	DIFFERENT_FUNCTION	TB	bl	default/network/net/NetSession	?NewNetMessage@UpdateUserDataMsg@@SAPAVNetMessage@@XZ	??2CriticalSection@@SAPAXI@Z	??2@YAPAXI@Z
501	1	DIFF_SIZE	DIFFERENT_FUNCTION	TB	bl	default/network/net/NetSession	?NewNetMessage@UserLeftMsg@@SAPAVNetMessage@@XZ	??2CriticalSection@@SAPAXI@Z	??2@YAPAXI@Z
501	1	DIFF_SIZE	DIFFERENT_FUNCTION	TB	bl	default/system/beatmatch/BeatMaster	??0BeatMaster@@QAA@PAVSongData@@H@Z	??2CriticalSection@@SAPAXI@Z	??2@YAPAXI@Z
501	1	DIFF_SIZE	DIFFERENT_FUNCTION	TB	bl	default/system/beatmatch/DrumMixDB	??0DrumMixDB@@QAA@H@Z	??2CriticalSection@@SAPAXI@Z	??2@YAPAXI@Z
501	1	DIFF_SIZE	DIFFERENT_FUNCTION	TB	bl	default/system/beatmatch/DrumMixDB	?Duplicate@DrumMixDB@@QBAPAV1@XZ	??2CriticalSection@@SAPAXI@Z	??2@YAPAXI@Z
501	1	DIFF_SIZE	DIFFERENT_FUNCTION	TB	bl	default/system/beatmatch/GameGemDB	??0GameGemDB@@QAA@HH@Z	??2CriticalSection@@SAPAXI@Z	??2@YAPAXI@Z
501	1	DIFF_SIZE	DIFFERENT_FUNCTION	TB	bl	default/system/beatmatch/GameGemDB	?Duplicate@GameGemDB@@QBAPAV1@XZ	??2CriticalSection@@SAPAXI@Z	??2@YAPAXI@Z
501	1	DIFF_SIZE	DIFFERENT_FUNCTION	TB	bl	default/system/beatmatch/PhraseDB	??0PhraseDB@@QAA@H@Z	??2CriticalSection@@SAPAXI@Z	??2@YAPAXI@Z
501	1	DIFF_SIZE	DIFFERENT_FUNCTION	TB	bl	default/system/beatmatch/PhraseList	??0PhraseListCollection@@QAA@XZ	??2CriticalSection@@SAPAXI@Z	??2@YAPAXI@Z
501	2	DIFF_SIZE	DIFFERENT_FUNCTION	TB	bl	default/system/beatmatch/SlotChannelMapping	?NewSlotChannelMapping@@YAPAVSlotChannelMapping@@PAVSubmixCollection@@ABV?$vector@HV?$StlNodeAlloc@H@stlpmtx_std@@@stlpmtx_std@@_N@Z	??2CriticalSection@@SAPAXI@Z	??2@YAPAXI@Z
501	1	DIFF_SIZE	DIFFERENT_FUNCTION	TB	bl	default/system/char/CharMeshCacheMgr	?SyncMesh@CharMeshCacheMgr@@UAAXPAVRndMesh@@H@Z	??2CriticalSection@@SAPAXI@Z	??2@YAPAXI@Z
501	1	DIFF_SIZE	DIFFERENT_FUNCTION	TB	bl	default/system/os/UsbMidiGuitar	?Init@UsbMidiGuitar@@SAXXZ	??2CriticalSection@@SAPAXI@Z	??2@YAPAXI@Z
501	1	DIFF_SIZE	DIFFERENT_FUNCTION	TB	bl	default/system/rndobj/Rnd	?PreInit@Rnd@@UAAXXZ	??2CriticalSection@@SAPAXI@Z	??2@YAPAXI@Z
501	1	DIFF_SIZE	DIFFERENT_FUNCTION	TB	bl	default/system/synth/Synth	?NewStream@Synth@@UAAPAVStream@@PBDMM_N@Z	??2CriticalSection@@SAPAXI@Z	??2@YAPAXI@Z
501	1	DIFF_SIZE	DIFFERENT_FUNCTION	TB	bl	default/system/synth/Synth	?NewStreamFile@Synth@@UAAXPBDAAPAVFile@@AAVSymbol@@@Z	??2CriticalSection@@SAPAXI@Z	??2@YAPAXI@Z
501	1	DIFF_SIZE	DIFFERENT_FUNCTION	TB	bl	default/system/synth_xbox/FxSendChorus	??0?$StandardEffect@VFlangerEffect@@@@QAA@XZ	??2CriticalSection@@SAPAXI@Z	??2@YAPAXI@Z
501	1	DIFF_SIZE	DIFFERENT_FUNCTION	TB	bl	default/system/synth_xbox/FxSendCompress	?CreateFx@FxSendCompress360@@MAAPAUIUnknown@@XZ	??2CriticalSection@@SAPAXI@Z	??2@YAPAXI@Z
501	1	DIFF_SIZE	DIFFERENT_FUNCTION	TB	bl	default/system/synth_xbox/FxSendDelay	??0?$StandardEffect@VDelayEffect@@@@QAA@XZ	??2CriticalSection@@SAPAXI@Z	??2@YAPAXI@Z
501	1	DIFF_SIZE	DIFFERENT_FUNCTION	TB	bl	default/system/synth_xbox/FxSendDelay	?CreateFx@FxSendDelay360@@MAAPAUIUnknown@@XZ	??2CriticalSection@@SAPAXI@Z	??2@YAPAXI@Z
501	1	DIFF_SIZE	DIFFERENT_FUNCTION	TB	bl	default/system/synth_xbox/FxSendDistortion	??0?$StandardEffect@VDistortionEffect@@@@QAA@XZ	??2CriticalSection@@SAPAXI@Z	??2@YAPAXI@Z
501	1	DIFF_SIZE	DIFFERENT_FUNCTION	TB	bl	default/system/synth_xbox/FxSendDistortion	?CreateFx@FxSendDistortion360@@MAAPAUIUnknown@@XZ	??2CriticalSection@@SAPAXI@Z	??2@YAPAXI@Z
501	1	DIFF_SIZE	DIFFERENT_FUNCTION	TB	bl	default/system/synth_xbox/FxSendEQ	??0?$StandardEffect@VEQEffect@@@@QAA@XZ	??2CriticalSection@@SAPAXI@Z	??2@YAPAXI@Z
501	1	DIFF_SIZE	DIFFERENT_FUNCTION	TB	bl	default/system/synth_xbox/FxSendEQ	?CreateFx@FxSendEQ360@@MAAPAUIUnknown@@XZ	??2CriticalSection@@SAPAXI@Z	??2@YAPAXI@Z
501	1	DIFF_SIZE	DIFFERENT_FUNCTION	TB	bl	default/system/synth_xbox/FxSendMeterEffect	?CreateFx@FxSendMeterEffect360@@MAAPAUIUnknown@@XZ	??2CriticalSection@@SAPAXI@Z	??2@YAPAXI@Z
501	1	DIFF_SIZE	DIFFERENT_FUNCTION	TB	bl	default/system/synth_xbox/FxSendMeterEffect	?InitParams@FxSendMeterEffect360@@MAAXPAUIXAudio2SubmixVoice@@H@Z	??2CriticalSection@@SAPAXI@Z	??2@YAPAXI@Z
501	1	DIFF_SIZE	DIFFERENT_FUNCTION	TB	bl	default/system/synth_xbox/Synth	??0?$StandardEffect@VCompressionEffect@@@@QAA@XZ	??2CriticalSection@@SAPAXI@Z	??2@YAPAXI@Z
501	1	DIFF_SIZE	DIFFERENT_FUNCTION	TB	bl	default/system/synth_xbox/Synth	?Init@Synth360@@UAAXXZ	??2CriticalSection@@SAPAXI@Z	??2@YAPAXI@Z
501	1	DIFF_SIZE	DIFFERENT_FUNCTION	TB	bl	default/system/synth_xbox/Synth	?New@Synth@@CAPAV1@XZ	??2CriticalSection@@SAPAXI@Z	??2@YAPAXI@Z
501	2	DIFF_SIZE	DIFFERENT_FUNCTION	TB	bl	default/system/synth_xbox/Synth	?NewStream@Synth360@@UAAPAVStream@@PBDMM_N@Z	??2CriticalSection@@SAPAXI@Z	??2@YAPAXI@Z
501	1	DIFF_SIZE	DIFFERENT_FUNCTION	TB	bl	default/system/synth_xbox/Synth	?NewStreamDecoder@Synth360@@UAAPAVStreamReader@@PAVFile@@PAVStandardStream@@VSymbol@@_N@Z	??2CriticalSection@@SAPAXI@Z	??2@YAPAXI@Z
501	3	DIFF_SIZE	DIFFERENT_FUNCTION	TB	bl	default/system/synth_xbox/Synth	?PreInit@Synth360@@UAAXXZ	??2CriticalSection@@SAPAXI@Z	??2@YAPAXI@Z
501	1	DIFF_SIZE	DIFFERENT_FUNCTION	TB	bl	default/system/ui/UIGridProvider	?ResizeSubProviders@UIGridProvider@@QBAXXZ	??2CriticalSection@@SAPAXI@Z	??2@YAPAXI@Z
501	1	DIFF_SIZE	DIFFERENT_FUNCTION	TB	bl	default/system/utl/LogFile	?AdvanceFile@LogFile@@QAAXXZ	??2CriticalSection@@SAPAXI@Z	??2@YAPAXI@Z
100	3	DIFF_SIZE	DIFFERENT_FUNCTION	TB	bl	default/BandDirector	?OnPostProcs@BandDirector@@QAA?AVDataNode@@PAVDataArray@@@Z	??BDataArrayPtr@@QBAPAVDataArray@@XZ	?Var@DataNode@@QBAPAV1@PBVDataArray@@@Z
100	1	DIFF_SIZE	DIFFERENT_FUNCTION	TB	bl	default/BandMachineMgr	?ForEachMachine@BandMachineMgr@@QAA?AVDataNode@@PBVDataArray@@@Z	??BDataArrayPtr@@QBAPAVDataArray@@XZ	?Var@DataNode@@QBAPAV1@PBVDataArray@@@Z
100	1	DIFF_SIZE	DIFFERENT_FUNCTION	TB	bl	default/CameraManager	?OnIterateShot@CameraManager@@AAA?AVDataNode@@PAVDataArray@@@Z	??BDataArrayPtr@@QBAPAVDataArray@@XZ	?Var@DataNode@@QBAPAV1@PBVDataArray@@@Z
100	3	DIFF_SIZE	DIFFERENT_FUNCTION	TB	bl	default/Console	?OnGetPos@RndMultiMesh@@IAA?AVDataNode@@PBVDataArray@@@Z	??BDataArrayPtr@@QBAPAVDataArray@@XZ	?Var@DataNode@@QBAPAV1@PBVDataArray@@@Z
100	3	DIFF_SIZE	DIFFERENT_FUNCTION	TB	bl	default/Console	?OnGetRot@RndMultiMesh@@IAA?AVDataNode@@PBVDataArray@@@Z	??BDataArrayPtr@@QBAPAVDataArray@@XZ	?Var@DataNode@@QBAPAV1@PBVDataArray@@@Z
100	3	DIFF_SIZE	DIFFERENT_FUNCTION	TB	bl	default/Console	?OnGetScale@RndMultiMesh@@IAA?AVDataNode@@PBVDataArray@@@Z	??BDataArrayPtr@@QBAPAVDataArray@@XZ	?Var@DataNode@@QBAPAV1@PBVDataArray@@@Z
100	1	DIFF_SIZE	DIFFERENT_FUNCTION	TB	bl	default/DataArray	?ExecuteScript@DataArray@@QAA?AVDataNode@@HPAVObject@Hmx@@PBV1@H@Z	??BDataArrayPtr@@QBAPAVDataArray@@XZ	?Var@DataNode@@QBAPAV1@PBVDataArray@@@Z
100	1	DIFF_SIZE	DIFFERENT_FUNCTION	TB	bl	default/DataFunc	?DataAddEq@@YA?AVDataNode@@PAVDataArray@@@Z	??BDataArrayPtr@@QBAPAVDataArray@@XZ	?Var@DataNode@@QBAPAV1@PBVDataArray@@@Z
100	1	DIFF_SIZE	DIFFERENT_FUNCTION	TB	bl	default/DataFunc	?DataAndEqual@@YA?AVDataNode@@PAVDataArray@@@Z	??BDataArrayPtr@@QBAPAVDataArray@@XZ	?Var@DataNode@@QBAPAV1@PBVDataArray@@@Z
100	1	DIFF_SIZE	DIFFERENT_FUNCTION	TB	bl	default/DataFunc	?DataClampEq@@YA?AVDataNode@@PAVDataArray@@@Z	??BDataArrayPtr@@QBAPAVDataArray@@XZ	?Var@DataNode@@QBAPAV1@PBVDataArray@@@Z
100	1	DIFF_SIZE	DIFFERENT_FUNCTION	TB	bl	default/DataFunc	?DataDec@@YA?AVDataNode@@PAVDataArray@@@Z	??BDataArrayPtr@@QBAPAVDataArray@@XZ	?Var@DataNode@@QBAPAV1@PBVDataArray@@@Z
100	1	DIFF_SIZE	DIFFERENT_FUNCTION	TB	bl	default/DataFunc	?DataDivideEq@@YA?AVDataNode@@PAVDataArray@@@Z	??BDataArrayPtr@@QBAPAVDataArray@@XZ	?Var@DataNode@@QBAPAV1@PBVDataArray@@@Z
100	1	DIFF_SIZE	DIFFERENT_FUNCTION	TB	bl	default/DataFunc	?DataDo@@YA?AVDataNode@@PAVDataArray@@@Z	??BDataArrayPtr@@QBAPAVDataArray@@XZ	?Var@DataNode@@QBAPAV1@PBVDataArray@@@Z
100	1	DIFF_SIZE	DIFFERENT_FUNCTION	TB	bl	default/DataFunc	?DataForEach@@YA?AVDataNode@@PAVDataArray@@@Z	??BDataArrayPtr@@QBAPAVDataArray@@XZ	?Var@DataNode@@QBAPAV1@PBVDataArray@@@Z
100	1	DIFF_SIZE	DIFFERENT_FUNCTION	TB	bl	default/DataFunc	?DataForEachInt@@YA?AVDataNode@@PAVDataArray@@@Z	??BDataArrayPtr@@QBAPAVDataArray@@XZ	?Var@DataNode@@QBAPAV1@PBVDataArray@@@Z
100	6	DIFF_SIZE	DIFFERENT_FUNCTION	TB	bl	default/DataFunc	?DataGetDateTime@@YA?AVDataNode@@PAVDataArray@@@Z	??BDataArrayPtr@@QBAPAVDataArray@@XZ	?Var@DataNode@@QBAPAV1@PBVDataArray@@@Z
100	1	DIFF_SIZE	DIFFERENT_FUNCTION	TB	bl	default/DataFunc	?DataInc@@YA?AVDataNode@@PAVDataArray@@@Z	??BDataArrayPtr@@QBAPAVDataArray@@XZ	?Var@DataNode@@QBAPAV1@PBVDataArray@@@Z
100	1	DIFF_SIZE	DIFFERENT_FUNCTION	TB	bl	default/DataFunc	?DataMaskEqual@@YA?AVDataNode@@PAVDataArray@@@Z	??BDataArrayPtr@@QBAPAVDataArray@@XZ	?Var@DataNode@@QBAPAV1@PBVDataArray@@@Z
100	1	DIFF_SIZE	DIFFERENT_FUNCTION	TB	bl	default/DataFunc	?DataMultiplyEq@@YA?AVDataNode@@PAVDataArray@@@Z	??BDataArrayPtr@@QBAPAVDataArray@@XZ	?Var@DataNode@@QBAPAV1@PBVDataArray@@@Z
100	1	DIFF_SIZE	DIFFERENT_FUNCTION	TB	bl	default/DataFunc	?DataOrEqual@@YA?AVDataNode@@PAVDataArray@@@Z	??BDataArrayPtr@@QBAPAVDataArray@@XZ	?Var@DataNode@@QBAPAV1@PBVDataArray@@@Z
100	1	DIFF_SIZE	DIFFERENT_FUNCTION	TB	bl	default/DataFunc	?DataSearchReplace@@YA?AVDataNode@@PAVDataArray@@@Z	??BDataArrayPtr@@QBAPAVDataArray@@XZ	?Var@DataNode@@QBAPAV1@PBVDataArray@@@Z
100	1	DIFF_SIZE	DIFFERENT_FUNCTION	TB	bl	default/DataFunc	?DataStrCat@@YA?AVDataNode@@PAVDataArray@@@Z	??BDataArrayPtr@@QBAPAVDataArray@@XZ	?Var@DataNode@@QBAPAV1@PBVDataArray@@@Z
100	1	DIFF_SIZE	DIFFERENT_FUNCTION	TB	bl	default/DataFunc	?DataSubEq@@YA?AVDataNode@@PAVDataArray@@@Z	??BDataArrayPtr@@QBAPAVDataArray@@XZ	?Var@DataNode@@QBAPAV1@PBVDataArray@@@Z
100	3	DIFF_SIZE	DIFFERENT_FUNCTION	TB	bl	default/DataFunc	?DataUnpackColor@@YA?AVDataNode@@PAVDataArray@@@Z	??BDataArrayPtr@@QBAPAVDataArray@@XZ	?Var@DataNode@@QBAPAV1@PBVDataArray@@@Z
100	1	DIFF_SIZE	DIFFERENT_FUNCTION	TB	bl	default/DataFunc	?FileListCallBack@@YA_NPAD@Z	??BDataArrayPtr@@QBAPAVDataArray@@XZ	?Var@DataNode@@QBAPAV1@PBVDataArray@@@Z
100	4	DIFF_SIZE	DIFFERENT_FUNCTION	TB	bl	default/Draw	?OnGetSphere@RndDrawable@@IAA?AVDataNode@@PBVDataArray@@@Z	??BDataArrayPtr@@QBAPAVDataArray@@XZ	?Var@DataNode@@QBAPAV1@PBVDataArray@@@Z
100	1	DIFF_SIZE	DIFFERENT_FUNCTION	TB	bl	default/Game	?ForEachActivePlayer@Game@@QAA?AVDataNode@@PBVDataArray@@@Z	??BDataArrayPtr@@QBAPAVDataArray@@XZ	?Var@DataNode@@QBAPAV1@PBVDataArray@@@Z
100	2	DIFF_SIZE	DIFFERENT_FUNCTION	TB	bl	default/Game	?OnAdjustForVocalPhrases@Game@@QAA?AVDataNode@@PAVDataArray@@@Z	??BDataArrayPtr@@QBAPAVDataArray@@XZ	?Var@DataNode@@QBAPAV1@PBVDataArray@@@Z
100	1	DIFF_SIZE	DIFFERENT_FUNCTION	TB	bl	default/GameConfig	?ForEach@GameConfig@@QAA?AVDataNode@@PBVDataArray@@_N@Z	??BDataArrayPtr@@QBAPAVDataArray@@XZ	?Var@DataNode@@QBAPAV1@PBVDataArray@@@Z
100	2	DIFF_SIZE	DIFFERENT_FUNCTION	TB	bl	default/GameConfig	?OnGetSectionBounds@GameConfig@@QAA?AVDataNode@@PAVDataArray@@@Z	??BDataArrayPtr@@QBAPAVDataArray@@XZ	?Var@DataNode@@QBAPAV1@PBVDataArray@@@Z
100	4	DIFF_SIZE	DIFFERENT_FUNCTION	TB	bl	default/GameConfig	?OnGetSectionBoundsTick@GameConfig@@QAA?AVDataNode@@PAVDataArray@@@Z	??BDataArrayPtr@@QBAPAVDataArray@@XZ	?Var@DataNode@@QBAPAV1@PBVDataArray@@@Z
100	3	DIFF_SIZE	DIFFERENT_FUNCTION	TB	bl	default/Mesh	?OnGetFace@RndMesh@@IAA?AVDataNode@@PBVDataArray@@@Z	??BDataArrayPtr@@QBAPAVDataArray@@XZ	?Var@DataNode@@QBAPAV1@PBVDataArray@@@Z
100	3	DIFF_SIZE	DIFFERENT_FUNCTION	TB	bl	default/Mesh	?OnGetVertNorm@RndMesh@@IAA?AVDataNode@@PBVDataArray@@@Z	??BDataArrayPtr@@QBAPAVDataArray@@XZ	?Var@DataNode@@QBAPAV1@PBVDataArray@@@Z
100	2	DIFF_SIZE	DIFFERENT_FUNCTION	TB	bl	default/Mesh	?OnGetVertUV@RndMesh@@IAA?AVDataNode@@PBVDataArray@@@Z	??BDataArrayPtr@@QBAPAVDataArray@@XZ	?Var@DataNode@@QBAPAV1@PBVDataArray@@@Z
100	3	DIFF_SIZE	DIFFERENT_FUNCTION	TB	bl	default/Mesh	?OnGetVertXYZ@RndMesh@@IAA?AVDataNode@@PBVDataArray@@@Z	??BDataArrayPtr@@QBAPAVDataArray@@XZ	?Var@DataNode@@QBAPAV1@PBVDataArray@@@Z
100	1	DIFF_SIZE	DIFFERENT_FUNCTION	TB	bl	default/Option	?DataOptionStr@@YA?AVDataNode@@PAVDataArray@@@Z	??BDataArrayPtr@@QBAPAVDataArray@@XZ	?Var@DataNode@@QBAPAV1@PBVDataArray@@@Z
100	1	DIFF_SIZE	DIFFERENT_FUNCTION	TB	bl	default/Option	?DataOptionSym@@YA?AVDataNode@@PAVDataArray@@@Z	??BDataArrayPtr@@QBAPAVDataArray@@XZ	?Var@DataNode@@QBAPAV1@PBVDataArray@@@Z
100	4	DIFF_SIZE	DIFFERENT_FUNCTION	TB	bl	default/PropAnim	?ForAllKeyframes@RndPropAnim@@QAA?AVDataNode@@PBVDataArray@@@Z	??BDataArrayPtr@@QBAPAVDataArray@@XZ	?Var@DataNode@@QBAPAV1@PBVDataArray@@@Z
100	1	DIFF_SIZE	DIFFERENT_FUNCTION	TB	bl	default/PropAnim	?ForEachTarget@RndPropAnim@@QAA?AVDataNode@@PBVDataArray@@@Z	??BDataArrayPtr@@QBAPAVDataArray@@XZ	?Var@DataNode@@QBAPAV1@PBVDataArray@@@Z
100	1	DIFF_SIZE	DIFFERENT_FUNCTION	TB	bl	default/PropAnim	?ForeachFrame@RndPropAnim@@QAA?AVDataNode@@PBVDataArray@@@Z	??BDataArrayPtr@@QBAPAVDataArray@@XZ	?Var@DataNode@@QBAPAV1@PBVDataArray@@@Z
100	1	DIFF_SIZE	DIFFERENT_FUNCTION	TB	bl	default/PropAnim	?OnGetValueFromIndex@RndPropAnim@@QAA?AVDataNode@@PBVDataArray@@@Z	??BDataArrayPtr@@QBAPAVDataArray@@XZ	?Var@DataNode@@QBAPAV1@PBVDataArray@@@Z
100	3	DIFF_SIZE	DIFFERENT_FUNCTION	TB	bl	default/Song	?OnMBTFromSeconds@Song@@UAA?AVDataNode@@PBVDataArray@@@Z	??BDataArrayPtr@@QBAPAVDataArray@@XZ	?Var@DataNode@@QBAPAV1@PBVDataArray@@@Z
100	1	DIFF_SIZE	DIFFERENT_FUNCTION	TB	bl	default/Task	?OnWaitTimeout@ThreadTask@@AAA?AVDataNode@@PAVDataArray@@@Z	??BDataArrayPtr@@QBAPAVDataArray@@XZ	?Var@DataNode@@QBAPAV1@PBVDataArray@@@Z
100	1	DIFF_SIZE	DIFFERENT_FUNCTION	TB	bl	default/TrackPanelDirBase	?DataForEachConfigObj@TrackPanelDirBase@@QAA?AVDataNode@@PAVDataArray@@@Z	??BDataArrayPtr@@QBAPAVDataArray@@XZ	?Var@DataNode@@QBAPAV1@PBVDataArray@@@Z
100	3	DIFF_SIZE	DIFFERENT_FUNCTION	TB	bl	default/Trans	?OnGetLocalPos@RndTransformable@@AAA?AVDataNode@@PBVDataArray@@@Z	??BDataArrayPtr@@QBAPAVDataArray@@XZ	?Var@DataNode@@QBAPAV1@PBVDataArray@@@Z
100	3	DIFF_SIZE	DIFFERENT_FUNCTION	TB	bl	default/Trans	?OnGetLocalScale@RndTransformable@@AAA?AVDataNode@@PBVDataArray@@@Z	??BDataArrayPtr@@QBAPAVDataArray@@XZ	?Var@DataNode@@QBAPAV1@PBVDataArray@@@Z
100	3	DIFF_SIZE	DIFFERENT_FUNCTION	TB	bl	default/Trans	?OnGetWorldForward@RndTransformable@@AAA?AVDataNode@@PBVDataArray@@@Z	??BDataArrayPtr@@QBAPAVDataArray@@XZ	?Var@DataNode@@QBAPAV1@PBVDataArray@@@Z
100	3	DIFF_SIZE	DIFFERENT_FUNCTION	TB	bl	default/Trans	?OnGetWorldPos@RndTransformable@@AAA?AVDataNode@@PBVDataArray@@@Z	??BDataArrayPtr@@QBAPAVDataArray@@XZ	?Var@DataNode@@QBAPAV1@PBVDataArray@@@Z
100	3	DIFF_SIZE	DIFFERENT_FUNCTION	TB	bl	default/Trans	?OnGetWorldRot@RndTransformable@@AAA?AVDataNode@@PBVDataArray@@@Z	??BDataArrayPtr@@QBAPAVDataArray@@XZ	?Var@DataNode@@QBAPAV1@PBVDataArray@@@Z
100	1	DIFF_SIZE	DIFFERENT_FUNCTION	TB	bl	default/UI	?OnForeachCurrentScreen@UIManager@@AAA?AVDataNode@@PBVDataArray@@@Z	??BDataArrayPtr@@QBAPAVDataArray@@XZ	?Var@DataNode@@QBAPAV1@PBVDataArray@@@Z
100	1	DIFF_SIZE	DIFFERENT_FUNCTION	TB	bl	default/UIScreen	?ForeachPanel@UIScreen@@IAA?AVDataNode@@PBVDataArray@@@Z	??BDataArrayPtr@@QBAPAVDataArray@@XZ	?Var@DataNode@@QBAPAV1@PBVDataArray@@@Z
100	1	DIFF_SIZE	DIFFERENT_FUNCTION	TB	bl	default/VocalTrackDir	?DataForEachConfigObj@VocalTrackDir@@QAA?AVDataNode@@PAVDataArray@@@Z	??BDataArrayPtr@@QBAPAVDataArray@@XZ	?Var@DataNode@@QBAPAV1@PBVDataArray@@@Z
100	1	DIFF_SIZE	DIFFERENT_FUNCTION	TB	bl	default/VocalTrackDir	?DataToString@?A0x7d89b762@@YAPBDABVDataNode@@@Z	??BDataArrayPtr@@QBAPAVDataArray@@XZ	?Var@DataNode@@QBAPAV1@PBVDataArray@@@Z
100	1	DIFF_SIZE	DIFFERENT_FUNCTION	TB	bl	default/band3/bandtrack/TrackPanel	?ForEachTrack@TrackPanel@@QAA?AVDataNode@@PBVDataArray@@@Z	??BDataArrayPtr@@QBAPAVDataArray@@XZ	?Var@DataNode@@QBAPAV1@PBVDataArray@@@Z
100	1	DIFF_SIZE	DIFFERENT_FUNCTION	TB	bl	default/band3/game/BandUserMgr	?ForEachUser@BandUserMgr@@QAA?AVDataNode@@PBVDataArray@@H@Z	??BDataArrayPtr@@QBAPAVDataArray@@XZ	?Var@DataNode@@QBAPAV1@PBVDataArray@@@Z
60	1	DIFF_SIZE	DIFFERENT_FUNCTION	TB	bl	default/AmbientOcclusion	fn_8248F978	??3BinStream@@SAXPAX@Z	??3DataArray@@SAXPAX@Z
60	1	DIFF_SIZE	DIFFERENT_FUNCTION	TB	bl	default/BandUI	fn_82536AC0	??3BinStream@@SAXPAX@Z	??3DataArray@@SAXPAX@Z
60	1	DIFF_SIZE	DIFFERENT_FUNCTION	TB	bl	default/BandUI	fn_82536AE8	??3BinStream@@SAXPAX@Z	??3DataArray@@SAXPAX@Z
60	1	DIFF_SIZE	DIFFERENT_FUNCTION	TB	bl	default/Campaign	fn_825A9490	??3BinStream@@SAXPAX@Z	??3DataArray@@SAXPAX@Z
60	1	DIFF_SIZE	DIFFERENT_FUNCTION	TB	bl	default/CharClip	fn_8235ECA0	??3BinStream@@SAXPAX@Z	??3DataArray@@SAXPAX@Z
60	1	DIFF_SIZE	DIFFERENT_FUNCTION	TB	bl	default/CharClip	fn_8235EDC0	??3BinStream@@SAXPAX@Z	??3DataArray@@SAXPAX@Z
60	1	DIFF_SIZE	DIFFERENT_FUNCTION	TB	bl	default/CharDriver	fn_8237A5CC	??3BinStream@@SAXPAX@Z	??3DataArray@@SAXPAX@Z
60	1	DIFF_SIZE	DIFFERENT_FUNCTION	TB	bl	default/CharacterCreatorPanel	fn_8260F17C	??3BinStream@@SAXPAX@Z	??3DataArray@@SAXPAX@Z
60	1	DIFF_SIZE	DIFFERENT_FUNCTION	TB	bl	default/CharacterCreatorPanel	fn_8260F1A4	??3BinStream@@SAXPAX@Z	??3DataArray@@SAXPAX@Z
60	1	DIFF_SIZE	DIFFERENT_FUNCTION	TB	bl	default/CharacterCreatorPanel	fn_8260F1CC	??3BinStream@@SAXPAX@Z	??3DataArray@@SAXPAX@Z
60	1	DIFF_SIZE	DIFFERENT_FUNCTION	TB	bl	default/CharacterCreatorPanel	fn_8260F1F4	??3BinStream@@SAXPAX@Z	??3DataArray@@SAXPAX@Z
60	1	DIFF_SIZE	DIFFERENT_FUNCTION	TB	bl	default/CharacterCreatorPanel	fn_8260F21C	??3BinStream@@SAXPAX@Z	??3DataArray@@SAXPAX@Z
60	1	DIFF_SIZE	DIFFERENT_FUNCTION	TB	bl	default/CharacterCreatorPanel	fn_8260F244	??3BinStream@@SAXPAX@Z	??3DataArray@@SAXPAX@Z
60	1	DIFF_SIZE	DIFFERENT_FUNCTION	TB	bl	default/CharacterCreatorPanel	fn_8260F26C	??3BinStream@@SAXPAX@Z	??3DataArray@@SAXPAX@Z
60	1	DIFF_SIZE	DIFFERENT_FUNCTION	TB	bl	default/EntityUploader	fn_8250D368	??3BinStream@@SAXPAX@Z	??3DataArray@@SAXPAX@Z
60	1	DIFF_SIZE	DIFFERENT_FUNCTION	TB	bl	default/Flow	fn_82574DF4	??3BinStream@@SAXPAX@Z	??3DataArray@@SAXPAX@Z
60	1	DIFF_SIZE	DIFFERENT_FUNCTION	TB	bl	default/Game	fn_82677C60	??3BinStream@@SAXPAX@Z	??3DataArray@@SAXPAX@Z
60	1	DIFF_SIZE	DIFFERENT_FUNCTION	TB	bl	default/GameMicManager	fn_82682068	??3BinStream@@SAXPAX@Z	??3DataArray@@SAXPAX@Z
60	1	DIFF_SIZE	DIFFERENT_FUNCTION	TB	bl	default/GamePanel	fn_82694924	??3BinStream@@SAXPAX@Z	??3DataArray@@SAXPAX@Z
60	1	DIFF_SIZE	DIFFERENT_FUNCTION	TB	bl	default/GemTrackDir	fn_822E8090	??3BinStream@@SAXPAX@Z	??3DataArray@@SAXPAX@Z
60	1	DIFF_SIZE	DIFFERENT_FUNCTION	TB	bl	default/GemTrackDir	fn_822E8398	??3BinStream@@SAXPAX@Z	??3DataArray@@SAXPAX@Z
60	1	DIFF_SIZE	DIFFERENT_FUNCTION	TB	bl	default/MainHubPanel	fn_82624574	??3BinStream@@SAXPAX@Z	??3DataArray@@SAXPAX@Z
60	1	DIFF_SIZE	DIFFERENT_FUNCTION	TB	bl	default/MeshAnim	fn_823E4A68	??3BinStream@@SAXPAX@Z	??3DataArray@@SAXPAX@Z
60	1	DIFF_SIZE	DIFFERENT_FUNCTION	TB	bl	default/MusicLibrary	fn_8253AC18	??3BinStream@@SAXPAX@Z	??3DataArray@@SAXPAX@Z
60	1	DIFF_SIZE	DIFFERENT_FUNCTION	TB	bl	default/MusicLibrary	fn_82545500	??3BinStream@@SAXPAX@Z	??3DataArray@@SAXPAX@Z
60	1	DIFF_SIZE	DIFFERENT_FUNCTION	TB	bl	default/PracticePanel	fn_826B2FB0	??3BinStream@@SAXPAX@Z	??3DataArray@@SAXPAX@Z
60	1	DIFF_SIZE	DIFFERENT_FUNCTION	TB	bl	default/ProfileMgr	fn_82548634	??3BinStream@@SAXPAX@Z	??3DataArray@@SAXPAX@Z
60	1	DIFF_SIZE	DIFFERENT_FUNCTION	TB	bl	default/PropKeys	fn_8263FD04	??3BinStream@@SAXPAX@Z	??3DataArray@@SAXPAX@Z
60	1	DIFF_SIZE	DIFFERENT_FUNCTION	TB	bl	default/QuestFilterPanel	fn_82B7BA68	??3BinStream@@SAXPAX@Z	??3DataArray@@SAXPAX@Z
60	1	DIFF_SIZE	DIFFERENT_FUNCTION	TB	bl	default/RockCentral	fn_824F7D18	??3BinStream@@SAXPAX@Z	??3DataArray@@SAXPAX@Z
60	1	DIFF_SIZE	DIFFERENT_FUNCTION	TB	bl	default/RockCentral	fn_824F7E20	??3BinStream@@SAXPAX@Z	??3DataArray@@SAXPAX@Z
60	1	DIFF_SIZE	DIFFERENT_FUNCTION	TB	bl	default/StorePanel	fn_827B4E2C	??3BinStream@@SAXPAX@Z	??3DataArray@@SAXPAX@Z
60	1	DIFF_SIZE	DIFFERENT_FUNCTION	TB	bl	default/Tour	fn_8235BD34	??3BinStream@@SAXPAX@Z	??3DataArray@@SAXPAX@Z
60	1	DIFF_SIZE	DIFFERENT_FUNCTION	TB	bl	default/TrackerManager	fn_82694068	??3BinStream@@SAXPAX@Z	??3DataArray@@SAXPAX@Z
60	1	DIFF_SIZE	DIFFERENT_FUNCTION	TB	bl	default/UI	fn_82802900	??3BinStream@@SAXPAX@Z	??3DataArray@@SAXPAX@Z
60	1	DIFF_SIZE	DIFFERENT_FUNCTION	TB	bl	default/UIList	fn_82777C5C	??3BinStream@@SAXPAX@Z	??3DataArray@@SAXPAX@Z
60	1	DIFF_SIZE	DIFFERENT_FUNCTION	TB	bl	default/UIList	fn_82777CD4	??3BinStream@@SAXPAX@Z	??3DataArray@@SAXPAX@Z
60	1	DIFF_SIZE	DIFFERENT_FUNCTION	TB	bl	default/UIList	fn_82777CFC	??3BinStream@@SAXPAX@Z	??3DataArray@@SAXPAX@Z
60	1	DIFF_SIZE	DIFFERENT_FUNCTION	TB	bl	default/UIList	fn_82777D24	??3BinStream@@SAXPAX@Z	??3DataArray@@SAXPAX@Z
60	1	DIFF_SIZE	DIFFERENT_FUNCTION	TB	bl	default/UIList	fn_82777D4C	??3BinStream@@SAXPAX@Z	??3DataArray@@SAXPAX@Z
60	1	DIFF_SIZE	DIFFERENT_FUNCTION	TB	bl	default/UIList	fn_827FC324	??3BinStream@@SAXPAX@Z	??3DataArray@@SAXPAX@Z
60	1	DIFF_SIZE	DIFFERENT_FUNCTION	TB	bl	default/VocalPlayer	fn_826EAE48	??3BinStream@@SAXPAX@Z	??3DataArray@@SAXPAX@Z
60	1	DIFF_SIZE	DIFFERENT_FUNCTION	TB	bl	default/VocalTrack	fn_82BA4308	??3BinStream@@SAXPAX@Z	??3DataArray@@SAXPAX@Z
60	1	DIFF_SIZE	DIFFERENT_FUNCTION	TB	bl	default/VocalTrack	fn_82BA63A0	??3BinStream@@SAXPAX@Z	??3DataArray@@SAXPAX@Z
60	1	DIFF_SIZE	DIFFERENT_FUNCTION	TB	bl	default/band3/game/Band	fn_8269A818	??3BinStream@@SAXPAX@Z	??3DataArray@@SAXPAX@Z
60	1	DIFF_SIZE	DIFFERENT_FUNCTION	TB	bl	default/band3/meta_band/BandStorePanel	fn_82607EA8	??3BinStream@@SAXPAX@Z	??3DataArray@@SAXPAX@Z
60	1	DIFF_SIZE	DIFFERENT_FUNCTION	TB	bl	default/band3/meta_band/ManageBandPanel	fn_82625EA0	??3BinStream@@SAXPAX@Z	??3DataArray@@SAXPAX@Z
60	1	DIFF_SIZE	DIFFERENT_FUNCTION	TB	bl	default/band3/meta_band/ManageBandPanel	fn_82625EC8	??3BinStream@@SAXPAX@Z	??3DataArray@@SAXPAX@Z
60	1	DIFF_SIZE	DIFFERENT_FUNCTION	TB	bl	default/band3/meta_band/NetSync	fn_8259A9D4	??3BinStream@@SAXPAX@Z	??3DataArray@@SAXPAX@Z
60	1	DIFF_SIZE	DIFFERENT_FUNCTION	TB	bl	default/band3/meta_band/PrefabMgr	fn_82553F9C	??3BinStream@@SAXPAX@Z	??3DataArray@@SAXPAX@Z
60	1	DIFF_SIZE	DIFFERENT_FUNCTION	TB	bl	default/band3/meta_band/SaveLoadManager	fn_825506FC	??3BinStream@@SAXPAX@Z	??3DataArray@@SAXPAX@Z
60	1	DIFF_SIZE	DIFFERENT_FUNCTION	TB	bl	default/band3/meta_band/SaveLoadManager	fn_825524A4	??3BinStream@@SAXPAX@Z	??3DataArray@@SAXPAX@Z
60	1	DIFF_SIZE	DIFFERENT_FUNCTION	TB	bl	default/band3/meta_band/SongSelectPanel	fn_826374A8	??3BinStream@@SAXPAX@Z	??3DataArray@@SAXPAX@Z
60	1	DIFF_SIZE	DIFFERENT_FUNCTION	TB	bl	default/band3/meta_band/ViewSetting	fn_825D664C	??3BinStream@@SAXPAX@Z	??3DataArray@@SAXPAX@Z
60	1	DIFF_SIZE	DIFFERENT_FUNCTION	TB	bl	default/band3/meta_band/ViewSetting	fn_825D6674	??3BinStream@@SAXPAX@Z	??3DataArray@@SAXPAX@Z
60	1	DIFF_SIZE	DIFFERENT_FUNCTION	TB	bl	default/band3/meta_band/ViewSetting	fn_825D669C	??3BinStream@@SAXPAX@Z	??3DataArray@@SAXPAX@Z
60	1	DIFF_SIZE	DIFFERENT_FUNCTION	TB	bl	default/band3/meta_band/ViewSetting	fn_825D66C4	??3BinStream@@SAXPAX@Z	??3DataArray@@SAXPAX@Z
60	1	DIFF_SIZE	DIFFERENT_FUNCTION	TB	bl	default/band3/meta_band/ViewSetting	fn_825D66EC	??3BinStream@@SAXPAX@Z	??3DataArray@@SAXPAX@Z
60	1	DIFF_SIZE	DIFFERENT_FUNCTION	TB	bl	default/system/rndobj/Utl	fn_8243DD9C	??3BinStream@@SAXPAX@Z	??3DataArray@@SAXPAX@Z
60	1	DIFF_SIZE	DIFFERENT_FUNCTION	TB	bl	default/system/synth/MoggClip	fn_8270DA68	??3BinStream@@SAXPAX@Z	??3DataArray@@SAXPAX@Z
50	1	DIFF_SIZE	DIFFERENT_FUNCTION	TB	bl	default/BandCamShot	fn_822B6B68	??1ObjRef@@QAA@XZ	??3DataArray@@SAXPAX@Z
50	1	DIFF_SIZE	DIFFERENT_FUNCTION	TB	bl	default/BandDirector	fn_82297D14	??1ObjRef@@QAA@XZ	??3DataArray@@SAXPAX@Z
50	1	DIFF_SIZE	DIFFERENT_FUNCTION	TB	bl	default/BandDirector	fn_82297E18	??1ObjRef@@QAA@XZ	??3DataArray@@SAXPAX@Z
50	1	DIFF_SIZE	DIFFERENT_FUNCTION	TB	bl	default/BandDirector	fn_82297E6C	??1ObjRef@@QAA@XZ	??3DataArray@@SAXPAX@Z
50	1	DIFF_SIZE	DIFFERENT_FUNCTION	TB	bl	default/BandDirector	fn_82297EC0	??1ObjRef@@QAA@XZ	??3DataArray@@SAXPAX@Z
50	1	DIFF_SIZE	DIFFERENT_FUNCTION	TB	bl	default/BandWardrobe	fn_8232DE54	??1ObjRef@@QAA@XZ	??3DataArray@@SAXPAX@Z
50	1	DIFF_SIZE	DIFFERENT_FUNCTION	TB	bl	default/BandWardrobe	fn_8232E834	??1ObjRef@@QAA@XZ	??3DataArray@@SAXPAX@Z
50	1	DIFF_SIZE	DIFFERENT_FUNCTION	TB	bl	default/CameraShot	fn_824C06FC	??1ObjRef@@QAA@XZ	??3DataArray@@SAXPAX@Z
50	1	DIFF_SIZE	DIFFERENT_FUNCTION	TB	bl	default/CameraShot	fn_824C0750	??1ObjRef@@QAA@XZ	??3DataArray@@SAXPAX@Z
50	1	DIFF_SIZE	DIFFERENT_FUNCTION	TB	bl	default/CameraShot	fn_824C6728	??1ObjRef@@QAA@XZ	??3DataArray@@SAXPAX@Z
50	1	DIFF_SIZE	DIFFERENT_FUNCTION	TB	bl	default/CameraShot	fn_824C68B0	??1ObjRef@@QAA@XZ	??3DataArray@@SAXPAX@Z
50	1	DIFF_SIZE	DIFFERENT_FUNCTION	TB	bl	default/CharBlendBone	fn_823C43C0	??1ObjRef@@QAA@XZ	??3DataArray@@SAXPAX@Z
50	1	DIFF_SIZE	DIFFERENT_FUNCTION	TB	bl	default/CharBlendBone	fn_823C4414	??1ObjRef@@QAA@XZ	??3DataArray@@SAXPAX@Z
50	1	DIFF_SIZE	DIFFERENT_FUNCTION	TB	bl	default/CharIKRod	fn_823C501C	??1ObjRef@@QAA@XZ	??3DataArray@@SAXPAX@Z
50	1	DIFF_SIZE	DIFFERENT_FUNCTION	TB	bl	default/CharIKRod	fn_823C5070	??1ObjRef@@QAA@XZ	??3DataArray@@SAXPAX@Z
50	1	DIFF_SIZE	DIFFERENT_FUNCTION	TB	bl	default/CharIKRod	fn_823C50C4	??1ObjRef@@QAA@XZ	??3DataArray@@SAXPAX@Z
50	1	DIFF_SIZE	DIFFERENT_FUNCTION	TB	bl	default/CharIKRod	fn_823C5118	??1ObjRef@@QAA@XZ	??3DataArray@@SAXPAX@Z
50	1	DIFF_SIZE	DIFFERENT_FUNCTION	TB	bl	default/CharIKRod	fn_823C60CC	??1ObjRef@@QAA@XZ	??3DataArray@@SAXPAX@Z
50	1	DIFF_SIZE	DIFFERENT_FUNCTION	TB	bl	default/CharIKRod	fn_823C6120	??1ObjRef@@QAA@XZ	??3DataArray@@SAXPAX@Z
50	1	DIFF_SIZE	DIFFERENT_FUNCTION	TB	bl	default/CharIKScale	fn_8239A17C	??1ObjRef@@QAA@XZ	??3DataArray@@SAXPAX@Z
50	1	DIFF_SIZE	DIFFERENT_FUNCTION	TB	bl	default/CharacterTest	fn_823DDC3C	??1ObjRef@@QAA@XZ	??3DataArray@@SAXPAX@Z
50	1	DIFF_SIZE	DIFFERENT_FUNCTION	TB	bl	default/CharacterTest	fn_823DDD14	??1ObjRef@@QAA@XZ	??3DataArray@@SAXPAX@Z
50	1	DIFF_SIZE	DIFFERENT_FUNCTION	TB	bl	default/Crowd	fn_824E6C30	??1ObjRef@@QAA@XZ	??3DataArray@@SAXPAX@Z
50	1	DIFF_SIZE	DIFFERENT_FUNCTION	TB	bl	default/Crowd	fn_824E6D08	??1ObjRef@@QAA@XZ	??3DataArray@@SAXPAX@Z
50	1	DIFF_SIZE	DIFFERENT_FUNCTION	TB	bl	default/FileMerger	fn_82398654	??1ObjRef@@QAA@XZ	??3DataArray@@SAXPAX@Z
50	1	DIFF_SIZE	DIFFERENT_FUNCTION	TB	bl	default/FileMerger	fn_823986A8	??1ObjRef@@QAA@XZ	??3DataArray@@SAXPAX@Z
50	1	DIFF_SIZE	DIFFERENT_FUNCTION	TB	bl	default/FileMerger	fn_82398728	??1ObjRef@@QAA@XZ	??3DataArray@@SAXPAX@Z
50	1	DIFF_SIZE	DIFFERENT_FUNCTION	TB	bl	default/MeshAnim	fn_82469C8C	??1ObjRef@@QAA@XZ	??3DataArray@@SAXPAX@Z
50	1	DIFF_SIZE	DIFFERENT_FUNCTION	TB	bl	default/Morph	fn_82484840	??1ObjRef@@QAA@XZ	??3DataArray@@SAXPAX@Z
50	1	DIFF_SIZE	DIFFERENT_FUNCTION	TB	bl	default/StreakMeter	fn_822D96AC	??1ObjRef@@QAA@XZ	??3DataArray@@SAXPAX@Z
50	1	DIFF_SIZE	DIFFERENT_FUNCTION	TB	bl	default/StreakMeter	fn_822D9700	??1ObjRef@@QAA@XZ	??3DataArray@@SAXPAX@Z
50	1	DIFF_SIZE	DIFFERENT_FUNCTION	TB	bl	default/StreakMeter	fn_822D9754	??1ObjRef@@QAA@XZ	??3DataArray@@SAXPAX@Z
50	1	DIFF_SIZE	DIFFERENT_FUNCTION	TB	bl	default/StreakMeter	fn_822D97A8	??1ObjRef@@QAA@XZ	??3DataArray@@SAXPAX@Z
50	1	DIFF_SIZE	DIFFERENT_FUNCTION	TB	bl	default/StreakMeter	fn_822D97FC	??1ObjRef@@QAA@XZ	??3DataArray@@SAXPAX@Z
50	1	DIFF_SIZE	DIFFERENT_FUNCTION	TB	bl	default/StreakMeter	fn_822D9850	??1ObjRef@@QAA@XZ	??3DataArray@@SAXPAX@Z
50	1	DIFF_SIZE	DIFFERENT_FUNCTION	TB	bl	default/StreakMeter	fn_822D98A4	??1ObjRef@@QAA@XZ	??3DataArray@@SAXPAX@Z
50	1	DIFF_SIZE	DIFFERENT_FUNCTION	TB	bl	default/StreakMeter	fn_822D98F8	??1ObjRef@@QAA@XZ	??3DataArray@@SAXPAX@Z
50	1	DIFF_SIZE	DIFFERENT_FUNCTION	TB	bl	default/StreakMeter	fn_822D994C	??1ObjRef@@QAA@XZ	??3DataArray@@SAXPAX@Z
50	1	DIFF_SIZE	DIFFERENT_FUNCTION	TB	bl	default/StreakMeter	fn_822D99A0	??1ObjRef@@QAA@XZ	??3DataArray@@SAXPAX@Z
50	1	DIFF_SIZE	DIFFERENT_FUNCTION	TB	bl	default/StreakMeter	fn_822D99F4	??1ObjRef@@QAA@XZ	??3DataArray@@SAXPAX@Z
50	1	DIFF_SIZE	DIFFERENT_FUNCTION	TB	bl	default/StreakMeter	fn_822D9A48	??1ObjRef@@QAA@XZ	??3DataArray@@SAXPAX@Z
50	1	DIFF_SIZE	DIFFERENT_FUNCTION	TB	bl	default/StreakMeter	fn_822D9A9C	??1ObjRef@@QAA@XZ	??3DataArray@@SAXPAX@Z
50	1	DIFF_SIZE	DIFFERENT_FUNCTION	TB	bl	default/StreakMeter	fn_822D9AF0	??1ObjRef@@QAA@XZ	??3DataArray@@SAXPAX@Z
50	1	DIFF_SIZE	DIFFERENT_FUNCTION	TB	bl	default/StreakMeter	fn_822D9B44	??1ObjRef@@QAA@XZ	??3DataArray@@SAXPAX@Z
50	1	DIFF_SIZE	DIFFERENT_FUNCTION	TB	bl	default/StreakMeter	fn_822D9B98	??1ObjRef@@QAA@XZ	??3DataArray@@SAXPAX@Z
50	1	DIFF_SIZE	DIFFERENT_FUNCTION	TB	bl	default/StreakMeter	fn_822D9BEC	??1ObjRef@@QAA@XZ	??3DataArray@@SAXPAX@Z
50	1	DIFF_SIZE	DIFFERENT_FUNCTION	TB	bl	default/StreakMeter	fn_822D9CF0	??1ObjRef@@QAA@XZ	??3DataArray@@SAXPAX@Z
50	1	DIFF_SIZE	DIFFERENT_FUNCTION	TB	bl	default/StreakMeter	fn_822D9D44	??1ObjRef@@QAA@XZ	??3DataArray@@SAXPAX@Z
50	1	DIFF_SIZE	DIFFERENT_FUNCTION	TB	bl	default/TexBlender	fn_8248AB68	??1ObjRef@@QAA@XZ	??3DataArray@@SAXPAX@Z
50	1	DIFF_SIZE	DIFFERENT_FUNCTION	TB	bl	default/TourDescPanel	fn_82808F5C	??1ObjRef@@QAA@XZ	??3DataArray@@SAXPAX@Z
39	1	DIFF_SIZE	DIFFERENT_FUNCTION	TB	bl	default/AppLabel	fn_825C6B14	??1String@@UAA@XZ	??1DataNode@@QAA@XZ
39	1	DIFF_SIZE	DIFFERENT_FUNCTION	TB	bl	default/BandDirector	fn_82299344	??1String@@UAA@XZ	??1DataNode@@QAA@XZ
39	1	DIFF_SIZE	DIFFERENT_FUNCTION	TB	bl	default/CacheMgr_Xbox	fn_827D89C8	??1String@@UAA@XZ	??1DataNode@@QAA@XZ
39	1	DIFF_SIZE	DIFFERENT_FUNCTION	TB	bl	default/Cache_Xbox	fn_827DACC0	??1String@@UAA@XZ	??1DataNode@@QAA@XZ
39	1	DIFF_SIZE	DIFFERENT_FUNCTION	TB	bl	default/Campaign	fn_825A6B84	??1String@@UAA@XZ	??1DataNode@@QAA@XZ
39	1	DIFF_SIZE	DIFFERENT_FUNCTION	TB	bl	default/CharDriver	fn_82377090	??1String@@UAA@XZ	??1DataNode@@QAA@XZ
39	1	DIFF_SIZE	DIFFERENT_FUNCTION	TB	bl	default/CharIKSliderMidi	fn_823F0694	??1String@@UAA@XZ	??1DataNode@@QAA@XZ
39	1	DIFF_SIZE	DIFFERENT_FUNCTION	TB	bl	default/CharLipSync	fn_823D5828	??1String@@UAA@XZ	??1DataNode@@QAA@XZ
39	1	DIFF_SIZE	DIFFERENT_FUNCTION	TB	bl	default/CharacterCreatorPanel	fn_8260E4B0	??1String@@UAA@XZ	??1DataNode@@QAA@XZ
39	1	DIFF_SIZE	DIFFERENT_FUNCTION	TB	bl	default/Console	fn_82466E80	??1String@@UAA@XZ	??1DataNode@@QAA@XZ
39	1	DIFF_SIZE	DIFFERENT_FUNCTION	TB	bl	default/DataFunc	fn_8276194C	??1String@@UAA@XZ	??1DataNode@@QAA@XZ
39	1	DIFF_SIZE	DIFFERENT_FUNCTION	TB	bl	default/DataFunc	fn_82761BDC	??1String@@UAA@XZ	??1DataNode@@QAA@XZ
39	1	DIFF_SIZE	DIFFERENT_FUNCTION	TB	bl	default/DataFunc	fn_8276212C	??1String@@UAA@XZ	??1DataNode@@QAA@XZ
39	1	DIFF_SIZE	DIFFERENT_FUNCTION	TB	bl	default/DataFunc	fn_827622F0	??1String@@UAA@XZ	??1DataNode@@QAA@XZ
39	1	DIFF_SIZE	DIFFERENT_FUNCTION	TB	bl	default/EventTrigger	fn_8249C9B4	??1String@@UAA@XZ	??1DataNode@@QAA@XZ
39	1	DIFF_SIZE	DIFFERENT_FUNCTION	TB	bl	default/FileMerger	fn_82395354	??1String@@UAA@XZ	??1DataNode@@QAA@XZ
39	1	DIFF_SIZE	DIFFERENT_FUNCTION	TB	bl	default/GamePanel	fn_82694D8C	??1String@@UAA@XZ	??1DataNode@@QAA@XZ
39	1	DIFF_SIZE	DIFFERENT_FUNCTION	TB	bl	default/MeshAnim	fn_827B2D80	??1String@@UAA@XZ	??1DataNode@@QAA@XZ
39	1	DIFF_SIZE	DIFFERENT_FUNCTION	TB	bl	default/MusicLibraryStore	fn_825BCD44	??1String@@UAA@XZ	??1DataNode@@QAA@XZ
39	1	DIFF_SIZE	DIFFERENT_FUNCTION	TB	bl	default/PropAnim	fn_8242CC8C	??1String@@UAA@XZ	??1DataNode@@QAA@XZ
39	1	DIFF_SIZE	DIFFERENT_FUNCTION	TB	bl	default/PropKeys	fn_82421F5C	??1String@@UAA@XZ	??1DataNode@@QAA@XZ
39	1	DIFF_SIZE	DIFFERENT_FUNCTION	TB	bl	default/Song	fn_827C7F38	??1String@@UAA@XZ	??1DataNode@@QAA@XZ
39	1	DIFF_SIZE	DIFFERENT_FUNCTION	TB	bl	default/StarDisplay	fn_8231D904	??1String@@UAA@XZ	??1DataNode@@QAA@XZ
39	1	DIFF_SIZE	DIFFERENT_FUNCTION	TB	bl	default/StorePanel	fn_827B66B0	??1String@@UAA@XZ	??1DataNode@@QAA@XZ
39	1	DIFF_SIZE	DIFFERENT_FUNCTION	TB	bl	default/StorePreviewMgr	fn_827B2660	??1String@@UAA@XZ	??1DataNode@@QAA@XZ
39	1	DIFF_SIZE	DIFFERENT_FUNCTION	TB	bl	default/Text	fn_8245B460	??1String@@UAA@XZ	??1DataNode@@QAA@XZ
39	1	DIFF_SIZE	DIFFERENT_FUNCTION	TB	bl	default/TourDescPanel	fn_82B7C7C0	??1String@@UAA@XZ	??1DataNode@@QAA@XZ
39	1	DIFF_SIZE	DIFFERENT_FUNCTION	TB	bl	default/UIFontImporter	fn_82817F70	??1String@@UAA@XZ	??1DataNode@@QAA@XZ
39	1	DIFF_SIZE	DIFFERENT_FUNCTION	TB	bl	default/VocalTrack	fn_82BA3AFC	??1String@@UAA@XZ	??1DataNode@@QAA@XZ
39	1	DIFF_SIZE	DIFFERENT_FUNCTION	TB	bl	default/band3/bandtrack/Gem	fn_823CAAC4	??1String@@UAA@XZ	??1DataNode@@QAA@XZ
39	1	DIFF_SIZE	DIFFERENT_FUNCTION	TB	bl	default/band3/meta_band/BandProfile	fn_8258B200	??1String@@UAA@XZ	??1DataNode@@QAA@XZ
39	1	DIFF_SIZE	DIFFERENT_FUNCTION	TB	bl	default/band3/meta_band/BandStorePanel	fn_826073C4	??1String@@UAA@XZ	??1DataNode@@QAA@XZ
39	1	DIFF_SIZE	DIFFERENT_FUNCTION	TB	bl	default/band3/meta_band/CampaignGoalsLeaderboardChoicePanel	fn_825F5518	??1String@@UAA@XZ	??1DataNode@@QAA@XZ
39	1	DIFF_SIZE	DIFFERENT_FUNCTION	TB	bl	default/band3/meta_band/CharCache	fn_8256B6BC	??1String@@UAA@XZ	??1DataNode@@QAA@XZ
39	1	DIFF_SIZE	DIFFERENT_FUNCTION	TB	bl	default/band3/meta_band/NewAwardPanel	fn_82627B3C	??1String@@UAA@XZ	??1DataNode@@QAA@XZ
39	1	DIFF_SIZE	DIFFERENT_FUNCTION	TB	bl	default/band3/meta_band/PassiveMessenger	fn_825CADF4	??1String@@UAA@XZ	??1DataNode@@QAA@XZ
39	1	DIFF_SIZE	DIFFERENT_FUNCTION	TB	bl	default/band3/meta_band/TokenRedemptionPanel	fn_82641258	??1String@@UAA@XZ	??1DataNode@@QAA@XZ
39	1	DIFF_SIZE	DIFFERENT_FUNCTION	TB	bl	default/system/rndobj/Utl	fn_8243EBF8	??1String@@UAA@XZ	??1DataNode@@QAA@XZ
39	1	DIFF_SIZE	DIFFERENT_FUNCTION	TB	bl	default/system/rndobj/Utl	fn_8243FDDC	??1String@@UAA@XZ	??1DataNode@@QAA@XZ
36	1	DIFF_SIZE	DIFFERENT_FUNCTION	TB	bl	default/FocusTracker	?CheckCondition@AccuracyFocusTracker@@UAAXM_NAA_N1@Z	?Terminate@Movie@@SAXXZ	?MsToTick@@YAMM@Z
36	2	DIFF_SIZE	DIFFERENT_FUNCTION	TB	bl	default/FocusTracker	?HandleFocusSwitch@AccuracyFocusTracker@@UAAXM@Z	?Terminate@Movie@@SAXXZ	?MsToTick@@YAMM@Z
36	2	DIFF_SIZE	DIFFERENT_FUNCTION	TB	bl	default/GemManager	?Jump@GemManager@@QAAXM@Z	?Terminate@Movie@@SAXXZ	?MsToTick@@YAMM@Z
36	1	DIFF_SIZE	DIFFERENT_FUNCTION	TB	bl	default/GemManager	?OnMissPhrase@GemManager@@QAA_NH@Z	?Terminate@Movie@@SAXXZ	?MsToTick@@YAMM@Z
36	1	DIFF_SIZE	DIFFERENT_FUNCTION	TB	bl	default/GemManager	?PollHelper@GemManager@@QAAXMABVPlayerState@@@Z	?Terminate@Movie@@SAXXZ	?MsToTick@@YAMM@Z
36	1	DIFF_SIZE	DIFFERENT_FUNCTION	TB	bl	default/GemManager	?ResetArpeggios@GemManager@@QAAXM@Z	?Terminate@Movie@@SAXXZ	?MsToTick@@YAMM@Z
36	1	DIFF_SIZE	DIFFERENT_FUNCTION	TB	bl	default/GemManager	?UpdateArpeggios@GemManager@@QAAXM_N@Z	?Terminate@Movie@@SAXXZ	?MsToTick@@YAMM@Z
36	1	DIFF_SIZE	DIFFERENT_FUNCTION	TB	bl	default/GemPlayer	?CanFlail@GemPlayer@@QAA_NM@Z	?Terminate@Movie@@SAXXZ	?MsToTick@@YAMM@Z
36	1	DIFF_SIZE	DIFFERENT_FUNCTION	TB	bl	default/GemPlayer	?EnableFills@GemPlayer@@UAAXM_N@Z	?Terminate@Movie@@SAXXZ	?MsToTick@@YAMM@Z
36	1	DIFF_SIZE	DIFFERENT_FUNCTION	TB	bl	default/GemPlayer	?PostDynamicAdd@GemPlayer@@UAAXXZ	?Terminate@Movie@@SAXXZ	?MsToTick@@YAMM@Z
36	2	DIFF_SIZE	DIFFERENT_FUNCTION	TB	bl	default/GemPlayer	?Rollback@GemPlayer@@UAAXMM@Z	?Terminate@Movie@@SAXXZ	?MsToTick@@YAMM@Z
36	1	DIFF_SIZE	DIFFERENT_FUNCTION	TB	bl	default/GemTrack	?ChangeDifficulty@GemTrack@@QAAXW4Difficulty@@H@Z	?Terminate@Movie@@SAXXZ	?MsToTick@@YAMM@Z
36	2	DIFF_SIZE	DIFFERENT_FUNCTION	TB	bl	default/GemTrack	?Poll@GemTrack@@UAAXM@Z	?Terminate@Movie@@SAXXZ	?MsToTick@@YAMM@Z
36	1	DIFF_SIZE	DIFFERENT_FUNCTION	TB	bl	default/GemTrack	?RebuildBeats@GemTrack@@UAAXXZ	?Terminate@Movie@@SAXXZ	?MsToTick@@YAMM@Z
36	2	DIFF_SIZE	DIFFERENT_FUNCTION	TB	bl	default/GemTrack	?RedrawTrackElements@GemTrack@@QAAXM@Z	?Terminate@Movie@@SAXXZ	?MsToTick@@YAMM@Z
36	1	DIFF_SIZE	DIFFERENT_FUNCTION	TB	bl	default/MasterAudio	?Miss@MasterAudio@@UAAXHHMHHW4GemHitFlags@@@Z	?Terminate@Movie@@SAXXZ	?MsToTick@@YAMM@Z
36	1	DIFF_SIZE	DIFFERENT_FUNCTION	TB	bl	default/Metronome	?Poll@Metronome@@QAAXHW4OverrideEnabled@1@@Z	?Terminate@Movie@@SAXXZ	?MsToTick@@YAMM@Z
36	1	DIFF_SIZE	DIFFERENT_FUNCTION	TB	bl	default/StatCollector	?Poll@StatCollector@@QAAXM@Z	?Terminate@Movie@@SAXXZ	?MsToTick@@YAMM@Z
36	1	DIFF_SIZE	DIFFERENT_FUNCTION	TB	bl	default/VocalTrack	?BuildScrollingDeployZone@VocalTrack@@QAAXHABU?$pair@MM@stlpmtx_std@@@Z	?Terminate@Movie@@SAXXZ	?MsToTick@@YAMM@Z
36	1	DIFF_SIZE	DIFFERENT_FUNCTION	TB	bl	default/VocalTrack	?BuildStaticDeployZone@VocalTrack@@QAAXHABU?$pair@MM@stlpmtx_std@@MAAMAAV?$deque@VLyricShift@VocalTrack@@V?$StlNodeAlloc@VLyricShift@VocalTrack@@@stlpmtx_std@@@3@@Z	?Terminate@Movie@@SAXXZ	?MsToTick@@YAMM@Z
36	2	DIFF_SIZE	DIFFERENT_FUNCTION	TB	bl	default/band3/game/Game	?AdjustForVocalPhrases@Game@@QBAXAAM0@Z	?Terminate@Movie@@SAXXZ	?MsToTick@@YAMM@Z
36	1	DIFF_SIZE	DIFFERENT_FUNCTION	TB	bl	default/band3/game/PerfectOverdriveTracker	?TranslateRelativeTargets@PerfectOverdriveTracker@@UAAXXZ	?Terminate@Movie@@SAXXZ	?MsToTick@@YAMM@Z
36	1	DIFF_SIZE	DIFFERENT_FUNCTION	TB	bl	default/band3/game/PerfectSectionTracker	?HandleEnterExtent@PerfectSectionTracker@@QAAXMH_N@Z	?Terminate@Movie@@SAXXZ	?MsToTick@@YAMM@Z
36	1	DIFF_SIZE	DIFFERENT_FUNCTION	TB	bl	default/band3/game/Player	?DelayReturn@Player@@QAAX_N@Z	?Terminate@Movie@@SAXXZ	?MsToTick@@YAMM@Z
36	1	DIFF_SIZE	DIFFERENT_FUNCTION	TB	bl	default/band3/game/Player	?DisableOverdrivePhrases@Player@@QAAXXZ	?Terminate@Movie@@SAXXZ	?MsToTick@@YAMM@Z
36	1	DIFF_SIZE	DIFFERENT_FUNCTION	TB	bl	default/band3/game/Player	?GetEnabledStateAt@Player@@QBA?AW4EnabledState@@M@Z	?Terminate@Movie@@SAXXZ	?MsToTick@@YAMM@Z
36	1	DIFF_SIZE	DIFFERENT_FUNCTION	TB	bl	default/band3/game/Player	?Leave@Player@@UAAXXZ	?Terminate@Movie@@SAXXZ	?MsToTick@@YAMM@Z
36	1	DIFF_SIZE	DIFFERENT_FUNCTION	TB	bl	default/band3/game/Player	?SetEnabledState@Player@@UAAXW4EnabledState@@PAVBandUser@@_N@Z	?Terminate@Movie@@SAXXZ	?MsToTick@@YAMM@Z
36	1	DIFF_SIZE	DIFFERENT_FUNCTION	TB	bl	default/band3/game/TambourineManager	?HandleButtonDown@TambourineManager@@QAAXXZ	?Terminate@Movie@@SAXXZ	?MsToTick@@YAMM@Z
36	1	DIFF_SIZE	DIFFERENT_FUNCTION	TB	bl	default/band3/game/VocalGuidePitch	?Poll@VocalGuidePitch@@QAAXM@Z	?Terminate@Movie@@SAXXZ	?MsToTick@@YAMM@Z
32	1	DIFF_SIZE	DIFFERENT_FUNCTION	TB	bl	default/Archive	??1Archive@@QAA@XZ	??1?$vector@UNode@?$ObjPtrVec@VObject@Hmx@@VObjectDir@@@@V?$StlNodeAlloc@UNode@?$ObjPtrVec@VObject@Hmx@@VObjectDir@@@@@stlpmtx_std@@@stlpmtx_std@@QAA@XZ	??1?$vector@VString@@V?$StlNodeAlloc@VString@@@stlpmtx_std@@@stlpmtx_std@@QAA@XZ
32	1	DIFF_SIZE	DIFFERENT_FUNCTION	TB	bl	default/Archive	fn_82513BF0	??1?$vector@UNode@?$ObjPtrVec@VObject@Hmx@@VObjectDir@@@@V?$StlNodeAlloc@UNode@?$ObjPtrVec@VObject@Hmx@@VObjectDir@@@@@stlpmtx_std@@@stlpmtx_std@@QAA@XZ	??1?$vector@VString@@V?$StlNodeAlloc@VString@@@stlpmtx_std@@@stlpmtx_std@@QAA@XZ
32	1	DIFF_SIZE	DIFFERENT_FUNCTION	TB	bl	default/Archive	fn_82514500	??1?$vector@UNode@?$ObjPtrVec@VObject@Hmx@@VObjectDir@@@@V?$StlNodeAlloc@UNode@?$ObjPtrVec@VObject@Hmx@@VObjectDir@@@@@stlpmtx_std@@@stlpmtx_std@@QAA@XZ	??1?$vector@VString@@V?$StlNodeAlloc@VString@@@stlpmtx_std@@@stlpmtx_std@@QAA@XZ
32	1	DIFF_SIZE	DIFFERENT_FUNCTION	TB	bl	default/BandSongMgr	??$ClearAndShrink@VString@@@@YAXAAV?$vector@VString@@V?$StlNodeAlloc@VString@@@stlpmtx_std@@@stlpmtx_std@@@Z	??1?$vector@UNode@?$ObjPtrVec@VObject@Hmx@@VObjectDir@@@@V?$StlNodeAlloc@UNode@?$ObjPtrVec@VObject@Hmx@@VObjectDir@@@@@stlpmtx_std@@@stlpmtx_std@@QAA@XZ	??1?$vector@VString@@V?$StlNodeAlloc@VString@@@stlpmtx_std@@@stlpmtx_std@@QAA@XZ
32	1	DIFF_SIZE	DIFFERENT_FUNCTION	TB	bl	default/CharLipSync	??1CharLipSync@@UAA@XZ	??1?$vector@UNode@?$ObjPtrVec@VObject@Hmx@@VObjectDir@@@@V?$StlNodeAlloc@UNode@?$ObjPtrVec@VObject@Hmx@@VObjectDir@@@@@stlpmtx_std@@@stlpmtx_std@@QAA@XZ	??1?$vector@VString@@V?$StlNodeAlloc@VString@@@stlpmtx_std@@@stlpmtx_std@@QAA@XZ
32	1	DIFF_SIZE	DIFFERENT_FUNCTION	TB	bl	default/CharLipSync	fn_823D49B4	??1?$vector@UNode@?$ObjPtrVec@VObject@Hmx@@VObjectDir@@@@V?$StlNodeAlloc@UNode@?$ObjPtrVec@VObject@Hmx@@VObjectDir@@@@@stlpmtx_std@@@stlpmtx_std@@QAA@XZ	??1?$vector@VString@@V?$StlNodeAlloc@VString@@@stlpmtx_std@@@stlpmtx_std@@QAA@XZ
32	1	DIFF_SIZE	DIFFERENT_FUNCTION	TB	bl	default/CustomizePanel	fn_8261873C	??1?$vector@UNode@?$ObjPtrVec@VObject@Hmx@@VObjectDir@@@@V?$StlNodeAlloc@UNode@?$ObjPtrVec@VObject@Hmx@@VObjectDir@@@@@stlpmtx_std@@@stlpmtx_std@@QAA@XZ	??1?$vector@VString@@V?$StlNodeAlloc@VString@@@stlpmtx_std@@@stlpmtx_std@@QAA@XZ
32	1	DIFF_SIZE	DIFFERENT_FUNCTION	TB	bl	default/MetaPanel	fn_82573B04	??1?$vector@UNode@?$ObjPtrVec@VObject@Hmx@@VObjectDir@@@@V?$StlNodeAlloc@UNode@?$ObjPtrVec@VObject@Hmx@@VObjectDir@@@@@stlpmtx_std@@@stlpmtx_std@@QAA@XZ	??1?$vector@VString@@V?$StlNodeAlloc@VString@@@stlpmtx_std@@@stlpmtx_std@@QAA@XZ
32	1	DIFF_SIZE	DIFFERENT_FUNCTION	TB	bl	default/MidiReader	??1MidiReader@@QAA@XZ	??1?$vector@UNode@?$ObjPtrVec@VObject@Hmx@@VObjectDir@@@@V?$StlNodeAlloc@UNode@?$ObjPtrVec@VObject@Hmx@@VObjectDir@@@@@stlpmtx_std@@@stlpmtx_std@@QAA@XZ	??1?$vector@VString@@V?$StlNodeAlloc@VString@@@stlpmtx_std@@@stlpmtx_std@@QAA@XZ
32	1	DIFF_SIZE	DIFFERENT_FUNCTION	TB	bl	default/MidiReader	fn_827EEC40	??1?$vector@UNode@?$ObjPtrVec@VObject@Hmx@@VObjectDir@@@@V?$StlNodeAlloc@UNode@?$ObjPtrVec@VObject@Hmx@@VObjectDir@@@@@stlpmtx_std@@@stlpmtx_std@@QAA@XZ	??1?$vector@VString@@V?$StlNodeAlloc@VString@@@stlpmtx_std@@@stlpmtx_std@@QAA@XZ
32	1	DIFF_SIZE	DIFFERENT_FUNCTION	TB	bl	default/MidiReader	fn_827EEFA4	??1?$vector@UNode@?$ObjPtrVec@VObject@Hmx@@VObjectDir@@@@V?$StlNodeAlloc@UNode@?$ObjPtrVec@VObject@Hmx@@VObjectDir@@@@@stlpmtx_std@@@stlpmtx_std@@QAA@XZ	??1?$vector@VString@@V?$StlNodeAlloc@VString@@@stlpmtx_std@@@stlpmtx_std@@QAA@XZ
32	1	DIFF_SIZE	DIFFERENT_FUNCTION	TB	bl	default/PreloadPanel	??1PreloadPanel@@UAA@XZ	??1?$vector@UNode@?$ObjPtrVec@VObject@Hmx@@VObjectDir@@@@V?$StlNodeAlloc@UNode@?$ObjPtrVec@VObject@Hmx@@VObjectDir@@@@@stlpmtx_std@@@stlpmtx_std@@QAA@XZ	??1?$vector@VString@@V?$StlNodeAlloc@VString@@@stlpmtx_std@@@stlpmtx_std@@QAA@XZ
32	1	DIFF_SIZE	DIFFERENT_FUNCTION	TB	bl	default/PreloadPanel	fn_827B4168	??1?$vector@UNode@?$ObjPtrVec@VObject@Hmx@@VObjectDir@@@@V?$StlNodeAlloc@UNode@?$ObjPtrVec@VObject@Hmx@@VObjectDir@@@@@stlpmtx_std@@@stlpmtx_std@@QAA@XZ	??1?$vector@VString@@V?$StlNodeAlloc@VString@@@stlpmtx_std@@@stlpmtx_std@@QAA@XZ
32	1	DIFF_SIZE	DIFFERENT_FUNCTION	TB	bl	default/PreloadPanel	fn_827B4548	??1?$vector@UNode@?$ObjPtrVec@VObject@Hmx@@VObjectDir@@@@V?$StlNodeAlloc@UNode@?$ObjPtrVec@VObject@Hmx@@VObjectDir@@@@@stlpmtx_std@@@stlpmtx_std@@QAA@XZ	??1?$vector@VString@@V?$StlNodeAlloc@VString@@@stlpmtx_std@@@stlpmtx_std@@QAA@XZ
32	1	DIFF_SIZE	DIFFERENT_FUNCTION	TB	bl	default/SongInfoCopy	??1SongInfoCopy@@UAA@XZ	??1?$vector@UNode@?$ObjPtrVec@VObject@Hmx@@VObjectDir@@@@V?$StlNodeAlloc@UNode@?$ObjPtrVec@VObject@Hmx@@VObjectDir@@@@@stlpmtx_std@@@stlpmtx_std@@QAA@XZ	??1?$vector@VString@@V?$StlNodeAlloc@VString@@@stlpmtx_std@@@stlpmtx_std@@QAA@XZ
32	1	DIFF_SIZE	DIFFERENT_FUNCTION	TB	bl	default/SongInfoCopy	fn_827D1A64	??1?$vector@UNode@?$ObjPtrVec@VObject@Hmx@@VObjectDir@@@@V?$StlNodeAlloc@UNode@?$ObjPtrVec@VObject@Hmx@@VObjectDir@@@@@stlpmtx_std@@@stlpmtx_std@@QAA@XZ	??1?$vector@VString@@V?$StlNodeAlloc@VString@@@stlpmtx_std@@@stlpmtx_std@@QAA@XZ
32	1	DIFF_SIZE	DIFFERENT_FUNCTION	TB	bl	default/SongInfoCopy	fn_827D2404	??1?$vector@UNode@?$ObjPtrVec@VObject@Hmx@@VObjectDir@@@@V?$StlNodeAlloc@UNode@?$ObjPtrVec@VObject@Hmx@@VObjectDir@@@@@stlpmtx_std@@@stlpmtx_std@@QAA@XZ	??1?$vector@VString@@V?$StlNodeAlloc@VString@@@stlpmtx_std@@@stlpmtx_std@@QAA@XZ
32	1	DIFF_SIZE	DIFFERENT_FUNCTION	TB	bl	default/band3/meta_band/AssetMgr	?StripFinish@AssetMgr@@QAA?AVSymbol@@V2@@Z	??1?$vector@UNode@?$ObjPtrVec@VObject@Hmx@@VObjectDir@@@@V?$StlNodeAlloc@UNode@?$ObjPtrVec@VObject@Hmx@@VObjectDir@@@@@stlpmtx_std@@@stlpmtx_std@@QAA@XZ	??1?$vector@VString@@V?$StlNodeAlloc@VString@@@stlpmtx_std@@@stlpmtx_std@@QAA@XZ
32	1	DIFF_SIZE	DIFFERENT_FUNCTION	TB	bl	default/band3/meta_band/AssetMgr	fn_8256AC20	??1?$vector@UNode@?$ObjPtrVec@VObject@Hmx@@VObjectDir@@@@V?$StlNodeAlloc@UNode@?$ObjPtrVec@VObject@Hmx@@VObjectDir@@@@@stlpmtx_std@@@stlpmtx_std@@QAA@XZ	??1?$vector@VString@@V?$StlNodeAlloc@VString@@@stlpmtx_std@@@stlpmtx_std@@QAA@XZ
32	1	DIFF_SIZE	DIFFERENT_FUNCTION	TB	bl	default/band3/meta_band/LessonMgr	?GetDifficulty@Lesson@@QBA?AW4Difficulty@@XZ	??1?$vector@UNode@?$ObjPtrVec@VObject@Hmx@@VObjectDir@@@@V?$StlNodeAlloc@UNode@?$ObjPtrVec@VObject@Hmx@@VObjectDir@@@@@stlpmtx_std@@@stlpmtx_std@@QAA@XZ	??1?$vector@VString@@V?$StlNodeAlloc@VString@@@stlpmtx_std@@@stlpmtx_std@@QAA@XZ
32	1	DIFF_SIZE	DIFFERENT_FUNCTION	TB	bl	default/band3/meta_band/LessonMgr	fn_825695A4	??1?$vector@UNode@?$ObjPtrVec@VObject@Hmx@@VObjectDir@@@@V?$StlNodeAlloc@UNode@?$ObjPtrVec@VObject@Hmx@@VObjectDir@@@@@stlpmtx_std@@@stlpmtx_std@@QAA@XZ	??1?$vector@VString@@V?$StlNodeAlloc@VString@@@stlpmtx_std@@@stlpmtx_std@@QAA@XZ
32	1	DIFF_SIZE	DIFFERENT_FUNCTION	TB	bl	default/band3/meta_band/MusicLibraryNetSetlists	??1NetSavedSetlist@@UAA@XZ	??1?$vector@UNode@?$ObjPtrVec@VObject@Hmx@@VObjectDir@@@@V?$StlNodeAlloc@UNode@?$ObjPtrVec@VObject@Hmx@@VObjectDir@@@@@stlpmtx_std@@@stlpmtx_std@@QAA@XZ	??1?$vector@VString@@V?$StlNodeAlloc@VString@@@stlpmtx_std@@@stlpmtx_std@@QAA@XZ
32	4	DIFF_SIZE	DIFFERENT_FUNCTION	TB	bl	default/band3/meta_band/PrefabMgr	??0PrefabMgr@@QAA@XZ	??1?$vector@UNode@?$ObjPtrVec@VObject@Hmx@@VObjectDir@@@@V?$StlNodeAlloc@UNode@?$ObjPtrVec@VObject@Hmx@@VObjectDir@@@@@stlpmtx_std@@@stlpmtx_std@@QAA@XZ	??1?$vector@VString@@V?$StlNodeAlloc@VString@@@stlpmtx_std@@@stlpmtx_std@@QAA@XZ
32	1	DIFF_SIZE	DIFFERENT_FUNCTION	TB	bl	default/band3/meta_band/PrefabMgr	fn_8255544C	??1?$vector@UNode@?$ObjPtrVec@VObject@Hmx@@VObjectDir@@@@V?$StlNodeAlloc@UNode@?$ObjPtrVec@VObject@Hmx@@VObjectDir@@@@@stlpmtx_std@@@stlpmtx_std@@QAA@XZ	??1?$vector@VString@@V?$StlNodeAlloc@VString@@@stlpmtx_std@@@stlpmtx_std@@QAA@XZ
32	1	DIFF_SIZE	DIFFERENT_FUNCTION	TB	bl	default/band3/meta_band/TokenRedemptionPanel	fn_82641280	??1?$vector@UNode@?$ObjPtrVec@VObject@Hmx@@VObjectDir@@@@V?$StlNodeAlloc@UNode@?$ObjPtrVec@VObject@Hmx@@VObjectDir@@@@@stlpmtx_std@@@stlpmtx_std@@QAA@XZ	??1?$vector@VString@@V?$StlNodeAlloc@VString@@@stlpmtx_std@@@stlpmtx_std@@QAA@XZ
32	1	DIFF_SIZE	DIFFERENT_FUNCTION	TB	bl	default/band3/meta_band/TokenRedemptionPanel	fn_826415E0	??1?$vector@UNode@?$ObjPtrVec@VObject@Hmx@@VObjectDir@@@@V?$StlNodeAlloc@UNode@?$ObjPtrVec@VObject@Hmx@@VObjectDir@@@@@stlpmtx_std@@@stlpmtx_std@@QAA@XZ	??1?$vector@VString@@V?$StlNodeAlloc@VString@@@stlpmtx_std@@@stlpmtx_std@@QAA@XZ
32	2	DIFF_SIZE	DIFFERENT_FUNCTION	TB	bl	default/band3/meta_band/VoiceoverPanel	?SetVoiceoverSymbol@VoiceoverPanel@@QAAXVSymbol@@@Z	??1?$vector@UNode@?$ObjPtrVec@VObject@Hmx@@VObjectDir@@@@V?$StlNodeAlloc@UNode@?$ObjPtrVec@VObject@Hmx@@VObjectDir@@@@@stlpmtx_std@@@stlpmtx_std@@QAA@XZ	??1?$vector@VString@@V?$StlNodeAlloc@VString@@@stlpmtx_std@@@stlpmtx_std@@QAA@XZ
32	1	DIFF_SIZE	DIFFERENT_FUNCTION	TB	bl	default/band3/meta_band/VoiceoverPanel	fn_8262FF80	??1?$vector@UNode@?$ObjPtrVec@VObject@Hmx@@VObjectDir@@@@V?$StlNodeAlloc@UNode@?$ObjPtrVec@VObject@Hmx@@VObjectDir@@@@@stlpmtx_std@@@stlpmtx_std@@QAA@XZ	??1?$vector@VString@@V?$StlNodeAlloc@VString@@@stlpmtx_std@@@stlpmtx_std@@QAA@XZ
31	1	DIFF_SIZE	DIFFERENT_FUNCTION	TB	bl	default/AppLabel	fn_825C80A8	??1DataNode@@QAA@XZ	??1String@@UAA@XZ
31	1	DIFF_SIZE	DIFFERENT_FUNCTION	TB	bl	default/BandCamShot	fn_822B3370	??1DataNode@@QAA@XZ	??1String@@UAA@XZ
31	1	DIFF_SIZE	DIFFERENT_FUNCTION	TB	bl	default/CharBoneDir	fn_823B4E74	??1DataNode@@QAA@XZ	??1String@@UAA@XZ
31	1	DIFF_SIZE	DIFFERENT_FUNCTION	TB	bl	default/CharDriver	fn_8237B028	??1DataNode@@QAA@XZ	??1String@@UAA@XZ
31	1	DIFF_SIZE	DIFFERENT_FUNCTION	TB	bl	default/CharacterCreatorPanel	fn_8260EA60	??1DataNode@@QAA@XZ	??1String@@UAA@XZ
31	1	DIFF_SIZE	DIFFERENT_FUNCTION	TB	bl	default/DataFunc	fn_8275E0A8	??1DataNode@@QAA@XZ	??1String@@UAA@XZ
31	1	DIFF_SIZE	DIFFERENT_FUNCTION	TB	bl	default/DataFunc	fn_8275E258	??1DataNode@@QAA@XZ	??1String@@UAA@XZ
31	1	DIFF_SIZE	DIFFERENT_FUNCTION	TB	bl	default/DataFunc	fn_8275E408	??1DataNode@@QAA@XZ	??1String@@UAA@XZ
31	1	DIFF_SIZE	DIFFERENT_FUNCTION	TB	bl	default/DataFunc	fn_8275E9B4	??1DataNode@@QAA@XZ	??1String@@UAA@XZ
31	1	DIFF_SIZE	DIFFERENT_FUNCTION	TB	bl	default/DataFunc	fn_8275E9DC	??1DataNode@@QAA@XZ	??1String@@UAA@XZ
31	1	DIFF_SIZE	DIFFERENT_FUNCTION	TB	bl	default/DataFunc	fn_82760E74	??1DataNode@@QAA@XZ	??1String@@UAA@XZ
31	1	DIFF_SIZE	DIFFERENT_FUNCTION	TB	bl	default/DataFunc	fn_82760FFC	??1DataNode@@QAA@XZ	??1String@@UAA@XZ
31	1	DIFF_SIZE	DIFFERENT_FUNCTION	TB	bl	default/DataFunc	fn_827614F0	??1DataNode@@QAA@XZ	??1String@@UAA@XZ
31	1	DIFF_SIZE	DIFFERENT_FUNCTION	TB	bl	default/DataFunc	fn_827615F8	??1DataNode@@QAA@XZ	??1String@@UAA@XZ
31	1	DIFF_SIZE	DIFFERENT_FUNCTION	TB	bl	default/DataFunc	fn_82761A24	??1DataNode@@QAA@XZ	??1String@@UAA@XZ
31	1	DIFF_SIZE	DIFFERENT_FUNCTION	TB	bl	default/DataFunc	fn_82762154	??1DataNode@@QAA@XZ	??1String@@UAA@XZ
31	1	DIFF_SIZE	DIFFERENT_FUNCTION	TB	bl	default/DataFunc	fn_82763080	??1DataNode@@QAA@XZ	??1String@@UAA@XZ
31	1	DIFF_SIZE	DIFFERENT_FUNCTION	TB	bl	default/EntityUploader	fn_8250EF0C	??1DataNode@@QAA@XZ	??1String@@UAA@XZ
31	1	DIFF_SIZE	DIFFERENT_FUNCTION	TB	bl	default/Group	fn_82454914	??1DataNode@@QAA@XZ	??1String@@UAA@XZ
31	1	DIFF_SIZE	DIFFERENT_FUNCTION	TB	bl	default/Object	fn_8275B770	??1DataNode@@QAA@XZ	??1String@@UAA@XZ
31	1	DIFF_SIZE	DIFFERENT_FUNCTION	TB	bl	default/RockCentral	fn_825090F4	??1DataNode@@QAA@XZ	??1String@@UAA@XZ
31	1	DIFF_SIZE	DIFFERENT_FUNCTION	TB	bl	default/RockCentral	fn_82509460	??1DataNode@@QAA@XZ	??1String@@UAA@XZ
31	1	DIFF_SIZE	DIFFERENT_FUNCTION	TB	bl	default/RockCentral	fn_825094D8	??1DataNode@@QAA@XZ	??1String@@UAA@XZ
31	1	DIFF_SIZE	DIFFERENT_FUNCTION	TB	bl	default/Song	fn_827C8B10	??1DataNode@@QAA@XZ	??1String@@UAA@XZ
31	1	DIFF_SIZE	DIFFERENT_FUNCTION	TB	bl	default/SongSectionController	fn_8230DD98	??1DataNode@@QAA@XZ	??1String@@UAA@XZ
31	1	DIFF_SIZE	DIFFERENT_FUNCTION	TB	bl	default/StarDisplay	fn_8231E2F8	??1DataNode@@QAA@XZ	??1String@@UAA@XZ
31	1	DIFF_SIZE	DIFFERENT_FUNCTION	TB	bl	default/StorePanel	fn_82604FF0	??1DataNode@@QAA@XZ	??1String@@UAA@XZ
31	1	DIFF_SIZE	DIFFERENT_FUNCTION	TB	bl	default/TourDescPanel	fn_82B7EF4C	??1DataNode@@QAA@XZ	??1String@@UAA@XZ
31	1	DIFF_SIZE	DIFFERENT_FUNCTION	TB	bl	default/UIList	fn_827FD284	??1DataNode@@QAA@XZ	??1String@@UAA@XZ
31	1	DIFF_SIZE	DIFFERENT_FUNCTION	TB	bl	default/UIList	fn_827FD374	??1DataNode@@QAA@XZ	??1String@@UAA@XZ
31	1	DIFF_SIZE	DIFFERENT_FUNCTION	TB	bl	default/band3/meta_band/BandStorePanel	fn_82606BF8	??1DataNode@@QAA@XZ	??1String@@UAA@XZ
30	1	DIFF_SIZE	DIFFERENT_FUNCTION	TB	bl	default/BandMachineMgr	?ForEachMachine@BandMachineMgr@@QAA?AVDataNode@@PBVDataArray@@@Z	??BDataArrayPtr@@QBAPAVDataArray@@XZ	?Command@DataNode@@QBAPAVDataArray@@PBV2@@Z
30	1	DIFF_SIZE	DIFFERENT_FUNCTION	TB	bl	default/CameraManager	?OnIterateShot@CameraManager@@AAA?AVDataNode@@PAVDataArray@@@Z	??BDataArrayPtr@@QBAPAVDataArray@@XZ	?Command@DataNode@@QBAPAVDataArray@@PBV2@@Z
30	1	DIFF_SIZE	DIFFERENT_FUNCTION	TB	bl	default/Cheats	?InitLongJoyCheats@@YAXPBVDataArray@@@Z	??BDataArrayPtr@@QBAPAVDataArray@@XZ	?Command@DataNode@@QBAPAVDataArray@@PBV2@@Z
30	1	DIFF_SIZE	DIFFERENT_FUNCTION	TB	bl	default/Console	??1Breakpoint@RndConsole@@QAA@XZ	??BDataArrayPtr@@QBAPAVDataArray@@XZ	?Command@DataNode@@QBAPAVDataArray@@PBV2@@Z
30	1	DIFF_SIZE	DIFFERENT_FUNCTION	TB	bl	default/Console	?Breakpoints@RndConsole@@QAAXXZ	??BDataArrayPtr@@QBAPAVDataArray@@XZ	?Command@DataNode@@QBAPAVDataArray@@PBV2@@Z
30	1	DIFF_SIZE	DIFFERENT_FUNCTION	TB	bl	default/Console	?InsertBreak@RndConsole@@AAAXPAVDataArray@@H@Z	??BDataArrayPtr@@QBAPAVDataArray@@XZ	?Command@DataNode@@QBAPAVDataArray@@PBV2@@Z
30	1	DIFF_SIZE	DIFFERENT_FUNCTION	TB	bl	default/DataArray	?ExecuteBlock@DataArray@@QAA?AVDataNode@@H@Z	??BDataArrayPtr@@QBAPAVDataArray@@XZ	?Command@DataNode@@QBAPAVDataArray@@PBV2@@Z
30	1	DIFF_SIZE	DIFFERENT_FUNCTION	TB	bl	default/DataFile	?OnReflect@TextFile@@AAA?AVDataNode@@PAVDataArray@@@Z	??BDataArrayPtr@@QBAPAVDataArray@@XZ	?Command@DataNode@@QBAPAVDataArray@@PBV2@@Z
30	1	DIFF_SIZE	DIFFERENT_FUNCTION	TB	bl	default/DataFunc	?DataDo@@YA?AVDataNode@@PAVDataArray@@@Z	??BDataArrayPtr@@QBAPAVDataArray@@XZ	?Command@DataNode@@QBAPAVDataArray@@PBV2@@Z
30	1	DIFF_SIZE	DIFFERENT_FUNCTION	TB	bl	default/DataFunc	?DataForEach@@YA?AVDataNode@@PAVDataArray@@@Z	??BDataArrayPtr@@QBAPAVDataArray@@XZ	?Command@DataNode@@QBAPAVDataArray@@PBV2@@Z
30	1	DIFF_SIZE	DIFFERENT_FUNCTION	TB	bl	default/DataFunc	?DataForEachInt@@YA?AVDataNode@@PAVDataArray@@@Z	??BDataArrayPtr@@QBAPAVDataArray@@XZ	?Command@DataNode@@QBAPAVDataArray@@PBV2@@Z
30	1	DIFF_SIZE	DIFFERENT_FUNCTION	TB	bl	default/DataFunc	?DataIf@@YA?AVDataNode@@PAVDataArray@@@Z	??BDataArrayPtr@@QBAPAVDataArray@@XZ	?Command@DataNode@@QBAPAVDataArray@@PBV2@@Z
30	1	DIFF_SIZE	DIFFERENT_FUNCTION	TB	bl	default/DataFunc	?DataTime@@YA?AVDataNode@@PAVDataArray@@@Z	??BDataArrayPtr@@QBAPAVDataArray@@XZ	?Command@DataNode@@QBAPAVDataArray@@PBV2@@Z
30	1	DIFF_SIZE	DIFFERENT_FUNCTION	TB	bl	default/DataFunc	?DataUnless@@YA?AVDataNode@@PAVDataArray@@@Z	??BDataArrayPtr@@QBAPAVDataArray@@XZ	?Command@DataNode@@QBAPAVDataArray@@PBV2@@Z
30	1	DIFF_SIZE	DIFFERENT_FUNCTION	TB	bl	default/DataFunc	?DataWhile@@YA?AVDataNode@@PAVDataArray@@@Z	??BDataArrayPtr@@QBAPAVDataArray@@XZ	?Command@DataNode@@QBAPAVDataArray@@PBV2@@Z
30	1	DIFF_SIZE	DIFFERENT_FUNCTION	TB	bl	default/File	?OnWithFileRoot@@YA?AVDataNode@@PAVDataArray@@@Z	??BDataArrayPtr@@QBAPAVDataArray@@XZ	?Command@DataNode@@QBAPAVDataArray@@PBV2@@Z
30	1	DIFF_SIZE	DIFFERENT_FUNCTION	TB	bl	default/Game	?ForEachActivePlayer@Game@@QAA?AVDataNode@@PBVDataArray@@@Z	??BDataArrayPtr@@QBAPAVDataArray@@XZ	?Command@DataNode@@QBAPAVDataArray@@PBV2@@Z
30	1	DIFF_SIZE	DIFFERENT_FUNCTION	TB	bl	default/GameConfig	?ForEach@GameConfig@@QAA?AVDataNode@@PBVDataArray@@_N@Z	??BDataArrayPtr@@QBAPAVDataArray@@XZ	?Command@DataNode@@QBAPAVDataArray@@PBV2@@Z
30	1	DIFF_SIZE	DIFFERENT_FUNCTION	TB	bl	default/PropAnim	?ForAllKeyframes@RndPropAnim@@QAA?AVDataNode@@PBVDataArray@@@Z	??BDataArrayPtr@@QBAPAVDataArray@@XZ	?Command@DataNode@@QBAPAVDataArray@@PBV2@@Z
30	1	DIFF_SIZE	DIFFERENT_FUNCTION	TB	bl	default/PropAnim	?ForEachTarget@RndPropAnim@@QAA?AVDataNode@@PBVDataArray@@@Z	??BDataArrayPtr@@QBAPAVDataArray@@XZ	?Command@DataNode@@QBAPAVDataArray@@PBV2@@Z
30	1	DIFF_SIZE	DIFFERENT_FUNCTION	TB	bl	default/PropAnim	?ForeachFrame@RndPropAnim@@QAA?AVDataNode@@PBVDataArray@@@Z	??BDataArrayPtr@@QBAPAVDataArray@@XZ	?Command@DataNode@@QBAPAVDataArray@@PBV2@@Z
30	1	DIFF_SIZE	DIFFERENT_FUNCTION	TB	bl	default/RockCentral	?ExecuteConfig@RockCentral@@QAAXPBD@Z	??BDataArrayPtr@@QBAPAVDataArray@@XZ	?Command@DataNode@@QBAPAVDataArray@@PBV2@@Z
30	1	DIFF_SIZE	DIFFERENT_FUNCTION	TB	bl	default/Task	?Poll@ThreadTask@@UAAXM@Z	??BDataArrayPtr@@QBAPAVDataArray@@XZ	?Command@DataNode@@QBAPAVDataArray@@PBV2@@Z
30	1	DIFF_SIZE	DIFFERENT_FUNCTION	TB	bl	default/TrackPanelDirBase	?DataForEachConfigObj@TrackPanelDirBase@@QAA?AVDataNode@@PAVDataArray@@@Z	??BDataArrayPtr@@QBAPAVDataArray@@XZ	?Command@DataNode@@QBAPAVDataArray@@PBV2@@Z
30	1	DIFF_SIZE	DIFFERENT_FUNCTION	TB	bl	default/UI	?OnForeachCurrentScreen@UIManager@@AAA?AVDataNode@@PBVDataArray@@@Z	??BDataArrayPtr@@QBAPAVDataArray@@XZ	?Command@DataNode@@QBAPAVDataArray@@PBV2@@Z
30	1	DIFF_SIZE	DIFFERENT_FUNCTION	TB	bl	default/UIScreen	?ForeachPanel@UIScreen@@IAA?AVDataNode@@PBVDataArray@@@Z	??BDataArrayPtr@@QBAPAVDataArray@@XZ	?Command@DataNode@@QBAPAVDataArray@@PBV2@@Z
30	1	DIFF_SIZE	DIFFERENT_FUNCTION	TB	bl	default/VocalTrackDir	?DataForEachConfigObj@VocalTrackDir@@QAA?AVDataNode@@PAVDataArray@@@Z	??BDataArrayPtr@@QBAPAVDataArray@@XZ	?Command@DataNode@@QBAPAVDataArray@@PBV2@@Z
30	1	DIFF_SIZE	DIFFERENT_FUNCTION	TB	bl	default/band3/bandtrack/TrackPanel	?ForEachTrack@TrackPanel@@QAA?AVDataNode@@PBVDataArray@@@Z	??BDataArrayPtr@@QBAPAVDataArray@@XZ	?Command@DataNode@@QBAPAVDataArray@@PBV2@@Z
30	1	DIFF_SIZE	DIFFERENT_FUNCTION	TB	bl	default/band3/game/BandUserMgr	?ForEachUser@BandUserMgr@@QAA?AVDataNode@@PBVDataArray@@H@Z	??BDataArrayPtr@@QBAPAVDataArray@@XZ	?Command@DataNode@@QBAPAVDataArray@@PBV2@@Z
30	1	DIFF_SIZE	DIFFERENT_FUNCTION	TB	bl	default/system/rndobj/Rnd	?OnReflect@Rnd@@IAA?AVDataNode@@PBVDataArray@@@Z	??BDataArrayPtr@@QBAPAVDataArray@@XZ	?Command@DataNode@@QBAPAVDataArray@@PBV2@@Z
28	1	DIFF_SIZE	DIFFERENT_FUNCTION	TB	bl	default/BandCamShot	fn_822B0C9C	??1ObjRef@@QAA@XZ	??1String@@UAA@XZ
28	1	DIFF_SIZE	DIFFERENT_FUNCTION	TB	bl	default/BandCamShot	fn_822B0F6C	??1ObjRef@@QAA@XZ	??1String@@UAA@XZ
28	1	DIFF_SIZE	DIFFERENT_FUNCTION	TB	bl	default/BandCharacter	fn_8227F108	??1ObjRef@@QAA@XZ	??1String@@UAA@XZ
28	1	DIFF_SIZE	DIFFERENT_FUNCTION	TB	bl	default/BandDirector	fn_8228D464	??1ObjRef@@QAA@XZ	??1String@@UAA@XZ
28	1	DIFF_SIZE	DIFFERENT_FUNCTION	TB	bl	default/BandWardrobe	fn_8232C7AC	??1ObjRef@@QAA@XZ	??1String@@UAA@XZ
28	1	DIFF_SIZE	DIFFERENT_FUNCTION	TB	bl	default/BaseMaterial	fn_824357C4	??1ObjRef@@QAA@XZ	??1String@@UAA@XZ
28	1	DIFF_SIZE	DIFFERENT_FUNCTION	TB	bl	default/CharBoneDir	fn_823B55B4	??1ObjRef@@QAA@XZ	??1String@@UAA@XZ
28	1	DIFF_SIZE	DIFFERENT_FUNCTION	TB	bl	default/CharBonesMeshes	fn_8237B908	??1ObjRef@@QAA@XZ	??1String@@UAA@XZ
28	1	DIFF_SIZE	DIFFERENT_FUNCTION	TB	bl	default/CharLipSync	fn_823D35A8	??1ObjRef@@QAA@XZ	??1String@@UAA@XZ
28	1	DIFF_SIZE	DIFFERENT_FUNCTION	TB	bl	default/CharacterTest	fn_823DD864	??1ObjRef@@QAA@XZ	??1String@@UAA@XZ
28	1	DIFF_SIZE	DIFFERENT_FUNCTION	TB	bl	default/Crowd	fn_824E02C8	??1ObjRef@@QAA@XZ	??1String@@UAA@XZ
28	1	DIFF_SIZE	DIFFERENT_FUNCTION	TB	bl	default/EventTrigger	fn_8249B62C	??1ObjRef@@QAA@XZ	??1String@@UAA@XZ
28	1	DIFF_SIZE	DIFFERENT_FUNCTION	TB	bl	default/EventTrigger	fn_8249BF68	??1ObjRef@@QAA@XZ	??1String@@UAA@XZ
28	1	DIFF_SIZE	DIFFERENT_FUNCTION	TB	bl	default/EventTrigger	fn_8249C2A4	??1ObjRef@@QAA@XZ	??1String@@UAA@XZ
28	1	DIFF_SIZE	DIFFERENT_FUNCTION	TB	bl	default/EventTrigger	fn_824A1EC4	??1ObjRef@@QAA@XZ	??1String@@UAA@XZ
28	1	DIFF_SIZE	DIFFERENT_FUNCTION	TB	bl	default/Font	fn_824729AC	??1ObjRef@@QAA@XZ	??1String@@UAA@XZ
28	1	DIFF_SIZE	DIFFERENT_FUNCTION	TB	bl	default/Instance	fn_824EA5C4	??1ObjRef@@QAA@XZ	??1String@@UAA@XZ
28	1	DIFF_SIZE	DIFFERENT_FUNCTION	TB	bl	default/LightPreset	fn_824AC598	??1ObjRef@@QAA@XZ	??1String@@UAA@XZ
28	1	DIFF_SIZE	DIFFERENT_FUNCTION	TB	bl	default/MetaMusic	fn_8270FBAC	??1ObjRef@@QAA@XZ	??1String@@UAA@XZ
28	1	DIFF_SIZE	DIFFERENT_FUNCTION	TB	bl	default/PropKeys	fn_824218CC	??1ObjRef@@QAA@XZ	??1String@@UAA@XZ
28	1	DIFF_SIZE	DIFFERENT_FUNCTION	TB	bl	default/PropKeys	fn_82422988	??1ObjRef@@QAA@XZ	??1String@@UAA@XZ
28	1	DIFF_SIZE	DIFFERENT_FUNCTION	TB	bl	default/PropKeys	fn_824230D4	??1ObjRef@@QAA@XZ	??1String@@UAA@XZ
28	1	DIFF_SIZE	DIFFERENT_FUNCTION	TB	bl	default/RockCentral	fn_82286EEC	??1ObjRef@@QAA@XZ	??1String@@UAA@XZ
28	1	DIFF_SIZE	DIFFERENT_FUNCTION	TB	bl	default/RockCentral	fn_82286F74	??1ObjRef@@QAA@XZ	??1String@@UAA@XZ
28	1	DIFF_SIZE	DIFFERENT_FUNCTION	TB	bl	default/TexBlender	fn_8248A4D4	??1ObjRef@@QAA@XZ	??1String@@UAA@XZ
28	1	DIFF_SIZE	DIFFERENT_FUNCTION	TB	bl	default/VocalTrack	fn_82BA0554	??1ObjRef@@QAA@XZ	??1String@@UAA@XZ
28	1	DIFF_SIZE	DIFFERENT_FUNCTION	TB	bl	default/VocalTrackDir	fn_822F6FFC	??1ObjRef@@QAA@XZ	??1String@@UAA@XZ
28	1	DIFF_SIZE	DIFFERENT_FUNCTION	TB	bl	default/system/rndobj/Movie	fn_82478210	??1ObjRef@@QAA@XZ	??1String@@UAA@XZ
27	1	DIFF_SIZE	DIFFERENT_FUNCTION	TB	bl	default/BandCamShot	fn_822B0ED4	??1ObjRef@@QAA@XZ	??1DataNode@@QAA@XZ
27	1	DIFF_SIZE	DIFFERENT_FUNCTION	TB	bl	default/BandCamShot	fn_822B8564	??1ObjRef@@QAA@XZ	??1DataNode@@QAA@XZ
27	1	DIFF_SIZE	DIFFERENT_FUNCTION	TB	bl	default/BandCamShot	fn_822B85B4	??1ObjRef@@QAA@XZ	??1DataNode@@QAA@XZ
27	1	DIFF_SIZE	DIFFERENT_FUNCTION	TB	bl	default/BandCrowdMeter	fn_822C085C	??1ObjRef@@QAA@XZ	??1DataNode@@QAA@XZ
27	1	DIFF_SIZE	DIFFERENT_FUNCTION	TB	bl	default/BandDirector	fn_8228D598	??1ObjRef@@QAA@XZ	??1DataNode@@QAA@XZ
27	1	DIFF_SIZE	DIFFERENT_FUNCTION	TB	bl	default/BandDirector	fn_82297C94	??1ObjRef@@QAA@XZ	??1DataNode@@QAA@XZ
27	1	DIFF_SIZE	DIFFERENT_FUNCTION	TB	bl	default/BandScoreboard	fn_822CEF3C	??1ObjRef@@QAA@XZ	??1DataNode@@QAA@XZ
27	1	DIFF_SIZE	DIFFERENT_FUNCTION	TB	bl	default/CameraManager	fn_824BA2E4	??1ObjRef@@QAA@XZ	??1DataNode@@QAA@XZ
27	1	DIFF_SIZE	DIFFERENT_FUNCTION	TB	bl	default/CharBonesMeshes	fn_8237C7DC	??1ObjRef@@QAA@XZ	??1DataNode@@QAA@XZ
27	1	DIFF_SIZE	DIFFERENT_FUNCTION	TB	bl	default/CharEyes	fn_8238A520	??1ObjRef@@QAA@XZ	??1DataNode@@QAA@XZ
27	1	DIFF_SIZE	DIFFERENT_FUNCTION	TB	bl	default/CharForeTwist	fn_823C4758	??1ObjRef@@QAA@XZ	??1DataNode@@QAA@XZ
27	1	DIFF_SIZE	DIFFERENT_FUNCTION	TB	bl	default/CharIKHand	fn_82399238	??1ObjRef@@QAA@XZ	??1DataNode@@QAA@XZ
27	1	DIFF_SIZE	DIFFERENT_FUNCTION	TB	bl	default/CharIKMidi	fn_823CA8A4	??1ObjRef@@QAA@XZ	??1DataNode@@QAA@XZ
27	1	DIFF_SIZE	DIFFERENT_FUNCTION	TB	bl	default/Character	fn_8236E560	??1ObjRef@@QAA@XZ	??1DataNode@@QAA@XZ
27	1	DIFF_SIZE	DIFFERENT_FUNCTION	TB	bl	default/Character	fn_8236F820	??1ObjRef@@QAA@XZ	??1DataNode@@QAA@XZ
27	1	DIFF_SIZE	DIFFERENT_FUNCTION	TB	bl	default/HamCamTransform	fn_822A6E0C	??1ObjRef@@QAA@XZ	??1DataNode@@QAA@XZ
27	1	DIFF_SIZE	DIFFERENT_FUNCTION	TB	bl	default/HamCamTransform	fn_822A8914	??1ObjRef@@QAA@XZ	??1DataNode@@QAA@XZ
27	1	DIFF_SIZE	DIFFERENT_FUNCTION	TB	bl	default/HamCamTransform	fn_8234D030	??1ObjRef@@QAA@XZ	??1DataNode@@QAA@XZ
27	1	DIFF_SIZE	DIFFERENT_FUNCTION	TB	bl	default/StreakMeter	fn_822CCB94	??1ObjRef@@QAA@XZ	??1DataNode@@QAA@XZ
27	1	DIFF_SIZE	DIFFERENT_FUNCTION	TB	bl	default/StreakMeter	fn_822CCC44	??1ObjRef@@QAA@XZ	??1DataNode@@QAA@XZ
27	1	DIFF_SIZE	DIFFERENT_FUNCTION	TB	bl	default/StreakMeter	fn_822DA924	??1ObjRef@@QAA@XZ	??1DataNode@@QAA@XZ
27	1	DIFF_SIZE	DIFFERENT_FUNCTION	TB	bl	default/StreakMeter	fn_822DA9D4	??1ObjRef@@QAA@XZ	??1DataNode@@QAA@XZ
27	1	DIFF_SIZE	DIFFERENT_FUNCTION	TB	bl	default/TrackPanelDir	fn_82309084	??1ObjRef@@QAA@XZ	??1DataNode@@QAA@XZ
27	1	DIFF_SIZE	DIFFERENT_FUNCTION	TB	bl	default/TrackPanelDir	fn_82309134	??1ObjRef@@QAA@XZ	??1DataNode@@QAA@XZ
27	1	DIFF_SIZE	DIFFERENT_FUNCTION	TB	bl	default/TrackPanelDir	fn_8230A4BC	??1ObjRef@@QAA@XZ	??1DataNode@@QAA@XZ
27	1	DIFF_SIZE	DIFFERENT_FUNCTION	TB	bl	default/Waypoint	fn_823DC678	??1ObjRef@@QAA@XZ	??1DataNode@@QAA@XZ
27	1	DIFF_SIZE	DIFFERENT_FUNCTION	TB	bl	default/Waypoint	fn_823DCD8C	??1ObjRef@@QAA@XZ	??1DataNode@@QAA@XZ
25	1	DIFF_SIZE	DIFFERENT_FUNCTION	TB	bl	default/CharLipSync	fn_823D4734	??1Object@Hmx@@UAA@XZ	??1ObjRefOwner@@UAA@XZ
25	1	DIFF_SIZE	DIFFERENT_FUNCTION	TB	bl	default/CharMeshHide	fn_823A1734	??1Object@Hmx@@UAA@XZ	??1ObjRefOwner@@UAA@XZ
25	1	DIFF_SIZE	DIFFERENT_FUNCTION	TB	bl	default/ChordShapeGenerator	fn_822E0F00	??1Object@Hmx@@UAA@XZ	??1ObjRefOwner@@UAA@XZ
25	1	DIFF_SIZE	DIFFERENT_FUNCTION	TB	bl	default/ContentMgr_Xbox	fn_825215B8	??1Object@Hmx@@UAA@XZ	??1ObjRefOwner@@UAA@XZ
25	1	DIFF_SIZE	DIFFERENT_FUNCTION	TB	bl	default/DataFunc	fn_8275D0C8	??1Object@Hmx@@UAA@XZ	??1ObjRefOwner@@UAA@XZ
25	1	DIFF_SIZE	DIFFERENT_FUNCTION	TB	bl	default/GemTrackResourceManager	fn_82356744	??1Object@Hmx@@UAA@XZ	??1ObjRefOwner@@UAA@XZ
25	1	DIFF_SIZE	DIFFERENT_FUNCTION	TB	bl	default/GuitarFx	fn_826F4D54	??1Object@Hmx@@UAA@XZ	??1ObjRefOwner@@UAA@XZ
25	1	DIFF_SIZE	DIFFERENT_FUNCTION	TB	bl	default/LightHue	fn_824E7B34	??1Object@Hmx@@UAA@XZ	??1ObjRefOwner@@UAA@XZ
25	1	DIFF_SIZE	DIFFERENT_FUNCTION	TB	bl	default/MidiInstrument	fn_82715430	??1Object@Hmx@@UAA@XZ	??1ObjRefOwner@@UAA@XZ
25	1	DIFF_SIZE	DIFFERENT_FUNCTION	TB	bl	default/MoggClipMap	fn_8272B01C	??1Object@Hmx@@UAA@XZ	??1ObjRefOwner@@UAA@XZ
25	1	DIFF_SIZE	DIFFERENT_FUNCTION	TB	bl	default/PatchDir	fn_82275BE4	??1Object@Hmx@@UAA@XZ	??1ObjRefOwner@@UAA@XZ
25	1	DIFF_SIZE	DIFFERENT_FUNCTION	TB	bl	default/SampleInst	fn_8272A9C4	??1Object@Hmx@@UAA@XZ	??1ObjRefOwner@@UAA@XZ
25	1	DIFF_SIZE	DIFFERENT_FUNCTION	TB	bl	default/Sequence	fn_827089D0	??1Object@Hmx@@UAA@XZ	??1ObjRefOwner@@UAA@XZ
25	1	DIFF_SIZE	DIFFERENT_FUNCTION	TB	bl	default/Set	fn_82482D1C	??1Object@Hmx@@UAA@XZ	??1ObjRefOwner@@UAA@XZ
25	1	DIFF_SIZE	DIFFERENT_FUNCTION	TB	bl	default/Sfx	fn_8271A110	??1Object@Hmx@@UAA@XZ	??1ObjRefOwner@@UAA@XZ
25	1	DIFF_SIZE	DIFFERENT_FUNCTION	TB	bl	default/Sfx	fn_8271C254	??1Object@Hmx@@UAA@XZ	??1ObjRefOwner@@UAA@XZ
25	1	DIFF_SIZE	DIFFERENT_FUNCTION	TB	bl	default/SoftParticleBuffer	fn_824A888C	??1Object@Hmx@@UAA@XZ	??1ObjRefOwner@@UAA@XZ
25	1	DIFF_SIZE	DIFFERENT_FUNCTION	TB	bl	default/Spotlight	fn_824DFC8C	??1Object@Hmx@@UAA@XZ	??1ObjRefOwner@@UAA@XZ
25	1	DIFF_SIZE	DIFFERENT_FUNCTION	TB	bl	default/Task	fn_82747A10	??1Object@Hmx@@UAA@XZ	??1ObjRefOwner@@UAA@XZ
25	1	DIFF_SIZE	DIFFERENT_FUNCTION	TB	bl	default/TexBlendController	fn_82488CB8	??1Object@Hmx@@UAA@XZ	??1ObjRefOwner@@UAA@XZ
25	1	DIFF_SIZE	DIFFERENT_FUNCTION	TB	bl	default/TexBlendController	fn_82488FAC	??1Object@Hmx@@UAA@XZ	??1ObjRefOwner@@UAA@XZ
25	1	DIFF_SIZE	DIFFERENT_FUNCTION	TB	bl	default/UIListSlot	fn_828158C0	??1Object@Hmx@@UAA@XZ	??1ObjRefOwner@@UAA@XZ
25	1	DIFF_SIZE	DIFFERENT_FUNCTION	TB	bl	default/band3/game/KeysFx	fn_826F405C	??1Object@Hmx@@UAA@XZ	??1ObjRefOwner@@UAA@XZ
25	1	DIFF_SIZE	DIFFERENT_FUNCTION	TB	bl	default/band3/meta_band/ViewSetting	fn_825D6EE0	??1Object@Hmx@@UAA@XZ	??1ObjRefOwner@@UAA@XZ
25	1	DIFF_SIZE	DIFFERENT_FUNCTION	TB	bl	default/system/rndobj/Rnd	fn_8241602C	??1Object@Hmx@@UAA@XZ	??1ObjRefOwner@@UAA@XZ
21	1	DIFF_SIZE	DIFFERENT_FUNCTION	TB	bl	default/Tour	?GetAnnouncement@Tour@@QBA?AVSymbol@@XZ	?GetAward@AccomplishmentManager@@QBAPAVAward@@VSymbol@@@Z	?GetTourDesc@Tour@@QBAPAVTourDesc@@VSymbol@@@Z
21	1	DIFF_SIZE	DIFFERENT_FUNCTION	TB	bl	default/Tour	?GetBronzeGoalIcon@Tour@@QAA?AVString@@XZ	?GetAward@AccomplishmentManager@@QBAPAVAward@@VSymbol@@@Z	?GetTourDesc@Tour@@QBAPAVTourDesc@@VSymbol@@@Z
21	1	DIFF_SIZE	DIFFERENT_FUNCTION	TB	bl	default/Tour	?GetBronzeMedalGoalInCurrentTour@Tour@@QBAHXZ	?GetAward@AccomplishmentManager@@QBAPAVAward@@VSymbol@@@Z	?GetTourDesc@Tour@@QBAPAVTourDesc@@VSymbol@@@Z
21	1	DIFF_SIZE	DIFFERENT_FUNCTION	TB	bl	default/Tour	?GetConclusionText@Tour@@QBA?AVSymbol@@XZ	?GetAward@AccomplishmentManager@@QBAPAVAward@@VSymbol@@@Z	?GetTourDesc@Tour@@QBAPAVTourDesc@@VSymbol@@@Z
21	1	DIFF_SIZE	DIFFERENT_FUNCTION	TB	bl	default/Tour	?GetGigFlavor@Tour@@QBA?AVSymbol@@XZ	?GetAward@AccomplishmentManager@@QBAPAVAward@@VSymbol@@@Z	?GetTourDesc@Tour@@QBAPAVTourDesc@@VSymbol@@@Z
21	1	DIFF_SIZE	DIFFERENT_FUNCTION	TB	bl	default/Tour	?GetGoldGoalIcon@Tour@@QAA?AVString@@XZ	?GetAward@AccomplishmentManager@@QBAPAVAward@@VSymbol@@@Z	?GetTourDesc@Tour@@QBAPAVTourDesc@@VSymbol@@@Z
21	1	DIFF_SIZE	DIFFERENT_FUNCTION	TB	bl	default/Tour	?GetGoldMedalGoalInCurrentTour@Tour@@QBAHXZ	?GetAward@AccomplishmentManager@@QBAPAVAward@@VSymbol@@@Z	?GetTourDesc@Tour@@QBAPAVTourDesc@@VSymbol@@@Z
21	1	DIFF_SIZE	DIFFERENT_FUNCTION	TB	bl	default/Tour	?GetMapScreen@Tour@@QBA?AVSymbol@@XZ	?GetAward@AccomplishmentManager@@QBAPAVAward@@VSymbol@@@Z	?GetTourDesc@Tour@@QBAPAVTourDesc@@VSymbol@@@Z
21	1	DIFF_SIZE	DIFFERENT_FUNCTION	TB	bl	default/Tour	?GetSilverGoalIcon@Tour@@QAA?AVString@@XZ	?GetAward@AccomplishmentManager@@QBAPAVAward@@VSymbol@@@Z	?GetTourDesc@Tour@@QBAPAVTourDesc@@VSymbol@@@Z
21	1	DIFF_SIZE	DIFFERENT_FUNCTION	TB	bl	default/Tour	?GetSilverMedalGoalInCurrentTour@Tour@@QBAHXZ	?GetAward@AccomplishmentManager@@QBAPAVAward@@VSymbol@@@Z	?GetTourDesc@Tour@@QBAPAVTourDesc@@VSymbol@@@Z
21	1	DIFF_SIZE	DIFFERENT_FUNCTION	TB	bl	default/Tour	?HasBronzeMedal@Tour@@QBA_NVSymbol@@@Z	?GetAward@AccomplishmentManager@@QBAPAVAward@@VSymbol@@@Z	?GetTourDesc@Tour@@QBAPAVTourDesc@@VSymbol@@@Z
21	1	DIFF_SIZE	DIFFERENT_FUNCTION	TB	bl	default/Tour	?HasGoldMedal@Tour@@QBA_NVSymbol@@@Z	?GetAward@AccomplishmentManager@@QBAPAVAward@@VSymbol@@@Z	?GetTourDesc@Tour@@QBAPAVTourDesc@@VSymbol@@@Z
21	1	DIFF_SIZE	DIFFERENT_FUNCTION	TB	bl	default/Tour	?HasSilverMedal@Tour@@QBA_NVSymbol@@@Z	?GetAward@AccomplishmentManager@@QBAPAVAward@@VSymbol@@@Z	?GetTourDesc@Tour@@QBAPAVTourDesc@@VSymbol@@@Z
21	2	DIFF_SIZE	DIFFERENT_FUNCTION	TB	bl	default/TourDescPanel	??RTourDescCmp@@QBA_NVSymbol@@0@Z	?GetAward@AccomplishmentManager@@QBAPAVAward@@VSymbol@@@Z	?GetTourDesc@Tour@@QBAPAVTourDesc@@VSymbol@@@Z
21	1	DIFF_SIZE	DIFFERENT_FUNCTION	TB	bl	default/TourDescPanel	?IsTourDescAvailable@TourDescProvider@@QBA_NVSymbol@@@Z	?GetAward@AccomplishmentManager@@QBAPAVAward@@VSymbol@@@Z	?GetTourDesc@Tour@@QBAPAVTourDesc@@VSymbol@@@Z
21	1	DIFF_SIZE	DIFFERENT_FUNCTION	TB	bl	default/TourDescPanel	?Text@TourDescProvider@@UBAXHHPAVUIListLabel@@PAVUILabel@@@Z	?GetAward@AccomplishmentManager@@QBAPAVAward@@VSymbol@@@Z	?GetTourDesc@Tour@@QBAPAVTourDesc@@VSymbol@@@Z
21	1	DIFF_SIZE	DIFFERENT_FUNCTION	TB	bl	default/TourDescPanel	?UpdateExtendedMesh@TourDescProvider@@UBAXHHPAVRndMesh@@@Z	?GetAward@AccomplishmentManager@@QBAPAVAward@@VSymbol@@@Z	?GetTourDesc@Tour@@QBAPAVTourDesc@@VSymbol@@@Z
21	1	DIFF_SIZE	DIFFERENT_FUNCTION	TB	bl	default/TourPerformer	?UpdateGigDataForSong@TourPerformerImpl@@QAAXVSymbol@@H@Z	?GetAward@AccomplishmentManager@@QBAPAVAward@@VSymbol@@@Z	?GetTourDesc@Tour@@QBAPAVTourDesc@@VSymbol@@@Z
21	1	DIFF_SIZE	DIFFERENT_FUNCTION	TB	bl	default/TourProgress	?AreAllTourGigsComplete@TourProgress@@QBA_NXZ	?GetAward@AccomplishmentManager@@QBAPAVAward@@VSymbol@@@Z	?GetTourDesc@Tour@@QBAPAVTourDesc@@VSymbol@@@Z
21	1	DIFF_SIZE	DIFFERENT_FUNCTION	TB	bl	default/band3/tour/TourPerformerLocal	?InitializeNextGig@TourPerformerLocal@@QAAXXZ	?GetAward@AccomplishmentManager@@QBAPAVAward@@VSymbol@@@Z	?GetTourDesc@Tour@@QBAPAVTourDesc@@VSymbol@@@Z
20	2	DIFF_SIZE	DIFFERENT_FUNCTION	TB	bl	default/AAFilter	?calculateCoeffs@AAFilter@soundtouch@@IAAXXZ	??2CriticalSection@@SAPAXI@Z	??_U@YAPAXI@Z
20	1	DIFF_SIZE	DIFFERENT_FUNCTION	TB	bl	default/FIFOSampleBuffer	?ensureCapacity@FIFOSampleBuffer@soundtouch@@AAAXI@Z	??2CriticalSection@@SAPAXI@Z	??_U@YAPAXI@Z
20	1	DIFF_SIZE	DIFFERENT_FUNCTION	TB	bl	default/Font	?Load@KerningTable@@QAAXAAVBinStreamRev@@PAVRndFont@@@Z	??2CriticalSection@@SAPAXI@Z	??_U@YAPAXI@Z
20	1	DIFF_SIZE	DIFFERENT_FUNCTION	TB	bl	default/MemTracker	??0?$KeylessHash@PAXPAVAllocInfo@@@@QAA@HABQAVAllocInfo@@0PAPAV1@@Z	??2CriticalSection@@SAPAXI@Z	??_U@YAPAXI@Z
20	1	DIFF_SIZE	DIFFERENT_FUNCTION	TB	bl	default/MemTracker	?Resize@?$KeylessHash@PAXPAVAllocInfo@@@@QAAXHPAPAVAllocInfo@@@Z	??2CriticalSection@@SAPAXI@Z	??_U@YAPAXI@Z
20	1	DIFF_SIZE	DIFFERENT_FUNCTION	TB	bl	default/StoreEnumeration	??0XboxEnumeration@@QAA@HPAV?$vector@_KV?$StlNodeAlloc@_K@stlpmtx_std@@@stlpmtx_std@@@Z	??2CriticalSection@@SAPAXI@Z	??_U@YAPAXI@Z
20	1	DIFF_SIZE	DIFFERENT_FUNCTION	TB	bl	default/Symbol	?Resize@?$KeylessHash@PBDPBD@@QAAXHPAPBD@Z	??2CriticalSection@@SAPAXI@Z	??_U@YAPAXI@Z
20	2	DIFF_SIZE	DIFFERENT_FUNCTION	TB	bl	default/TDStretch	?acceptNewOverlapLength@TDStretch@soundtouch@@IAAXH@Z	??2CriticalSection@@SAPAXI@Z	??_U@YAPAXI@Z
20	1	DIFF_SIZE	DIFFERENT_FUNCTION	TB	bl	default/Task	?Init@TaskMgr@@QAAXXZ	??2CriticalSection@@SAPAXI@Z	??_U@YAPAXI@Z
20	1	DIFF_SIZE	DIFFERENT_FUNCTION	TB	bl	default/VorbisReader	??0VorbisReader@@QAA@PAVFile@@_NPAVStandardStream@@11@Z	??2CriticalSection@@SAPAXI@Z	??_U@YAPAXI@Z
20	1	DIFF_SIZE	DIFFERENT_FUNCTION	TB	bl	default/band3/bandtrack/GemRepTemplate	??0GemRepTemplate@@QAA@ABVTrackConfig@@@Z	??2CriticalSection@@SAPAXI@Z	??_U@YAPAXI@Z
20	5	DIFF_SIZE	DIFFERENT_FUNCTION	TB	bl	default/band3/meta_band/EditSetlistPanel	?VerifyStrings@EditSetlistPanel@@QAAXPBD0@Z	??2CriticalSection@@SAPAXI@Z	??_U@YAPAXI@Z
20	1	DIFF_SIZE	DIFFERENT_FUNCTION	TB	bl	default/system/obj/Dir	??0?$KeylessHash@PBDUEntry@ObjectDir@@@@QAA@HABUEntry@ObjectDir@@0PAU12@@Z	??2CriticalSection@@SAPAXI@Z	??_U@YAPAXI@Z
20	1	DIFF_SIZE	DIFFERENT_FUNCTION	TB	bl	default/system/obj/Dir	?Resize@?$KeylessHash@PBDUEntry@ObjectDir@@@@QAAXHPAUEntry@ObjectDir@@@Z	??2CriticalSection@@SAPAXI@Z	??_U@YAPAXI@Z
19	1	DIFF_SIZE	REVIEW	TB	bl	default/AmbientOcclusion	fn_8248FC2C	??$__destroy_aux@UEntry@LocalePanel@@@stlpmtx_std@@YAXPAUEntry@LocalePanel@@ABU__false_type@0@@Z	??1DataNode@@QAA@XZ
19	1	DIFF_SIZE	REVIEW	TB	bl	default/Anim	fn_82405EBC	??$__destroy_aux@UEntry@LocalePanel@@@stlpmtx_std@@YAXPAUEntry@LocalePanel@@ABU__false_type@0@@Z	??1DataNode@@QAA@XZ
19	1	DIFF_SIZE	REVIEW	TB	bl	default/Anim	fn_82406124	??$__destroy_aux@UEntry@LocalePanel@@@stlpmtx_std@@YAXPAUEntry@LocalePanel@@ABU__false_type@0@@Z	??1DataNode@@QAA@XZ
19	1	DIFF_SIZE	REVIEW	TB	bl	default/Anim	fn_8240614C	??$__destroy_aux@UEntry@LocalePanel@@@stlpmtx_std@@YAXPAUEntry@LocalePanel@@ABU__false_type@0@@Z	??1DataNode@@QAA@XZ
19	1	DIFF_SIZE	REVIEW	TB	bl	default/BandCamShot	fn_822B4DC0	??$__destroy_aux@UEntry@LocalePanel@@@stlpmtx_std@@YAXPAUEntry@LocalePanel@@ABU__false_type@0@@Z	??1DataNode@@QAA@XZ
19	1	DIFF_SIZE	REVIEW	TB	bl	default/BandCamShot	fn_822B4E7C	??$__destroy_aux@UEntry@LocalePanel@@@stlpmtx_std@@YAXPAUEntry@LocalePanel@@ABU__false_type@0@@Z	??1DataNode@@QAA@XZ
19	1	DIFF_SIZE	REVIEW	TB	bl	default/BandCamShot	fn_822B4F5C	??$__destroy_aux@UEntry@LocalePanel@@@stlpmtx_std@@YAXPAUEntry@LocalePanel@@ABU__false_type@0@@Z	??1DataNode@@QAA@XZ
19	1	DIFF_SIZE	REVIEW	TB	bl	default/BandCamShot	fn_822B4FEC	??$__destroy_aux@UEntry@LocalePanel@@@stlpmtx_std@@YAXPAUEntry@LocalePanel@@ABU__false_type@0@@Z	??1DataNode@@QAA@XZ
19	1	DIFF_SIZE	REVIEW	TB	bl	default/BandCamShot	fn_822B52F4	??$__destroy_aux@UEntry@LocalePanel@@@stlpmtx_std@@YAXPAUEntry@LocalePanel@@ABU__false_type@0@@Z	??1DataNode@@QAA@XZ
19	1	DIFF_SIZE	REVIEW	TB	bl	default/BandCamShot	fn_822B54D4	??$__destroy_aux@UEntry@LocalePanel@@@stlpmtx_std@@YAXPAUEntry@LocalePanel@@ABU__false_type@0@@Z	??1DataNode@@QAA@XZ
19	1	DIFF_SIZE	DIFFERENT_FUNCTION	TB	bl	default/BandCharDesc	fn_82339F64	??1LoaderGlitchContext@@QAA@XZ	??1DataNode@@QAA@XZ
19	1	DIFF_SIZE	DIFFERENT_FUNCTION	TB	bl	default/BandCharacter	fn_8228A7BC	??1LoaderGlitchContext@@QAA@XZ	??1DataNode@@QAA@XZ
19	1	DIFF_SIZE	REVIEW	TB	bl	default/CharClip	fn_82793C30	??$__destroy_aux@UEntry@LocalePanel@@@stlpmtx_std@@YAXPAUEntry@LocalePanel@@ABU__false_type@0@@Z	??1DataNode@@QAA@XZ
19	1	DIFF_SIZE	DIFFERENT_FUNCTION	TB	bl	default/CharData	fn_825D82A8	??1LoaderGlitchContext@@QAA@XZ	??1DataNode@@QAA@XZ
19	1	DIFF_SIZE	DIFFERENT_FUNCTION	TB	bl	default/CharDriver	fn_8237A8B8	??1LoaderGlitchContext@@QAA@XZ	??1DataNode@@QAA@XZ
19	1	DIFF_SIZE	REVIEW	TB	bl	default/EventTrigger	fn_824A4450	??$__destroy_aux@UEntry@LocalePanel@@@stlpmtx_std@@YAXPAUEntry@LocalePanel@@ABU__false_type@0@@Z	??1DataNode@@QAA@XZ
19	1	DIFF_SIZE	DIFFERENT_FUNCTION	TB	bl	default/FileMerger	fn_82391F50	??1LoaderGlitchContext@@QAA@XZ	??1DataNode@@QAA@XZ
19	1	DIFF_SIZE	REVIEW	TB	bl	default/GemPlayer	fn_826C3834	??$__destroy_aux@UEntry@LocalePanel@@@stlpmtx_std@@YAXPAUEntry@LocalePanel@@ABU__false_type@0@@Z	??1DataNode@@QAA@XZ
19	1	DIFF_SIZE	REVIEW	TB	bl	default/GemPlayer	fn_826C3CB8	??$__destroy_aux@UEntry@LocalePanel@@@stlpmtx_std@@YAXPAUEntry@LocalePanel@@ABU__false_type@0@@Z	??1DataNode@@QAA@XZ
19	1	DIFF_SIZE	REVIEW	TB	bl	default/Instance	fn_824EC138	??$__destroy_aux@UEntry@LocalePanel@@@stlpmtx_std@@YAXPAUEntry@LocalePanel@@ABU__false_type@0@@Z	??1DataNode@@QAA@XZ
19	1	DIFF_SIZE	DIFFERENT_FUNCTION	TB	bl	default/Instance	fn_824ED3CC	??1LoaderGlitchContext@@QAA@XZ	??1DataNode@@QAA@XZ
19	1	DIFF_SIZE	DIFFERENT_FUNCTION	TB	bl	default/MetaMusic	fn_827119D4	??1LoaderGlitchContext@@QAA@XZ	??1DataNode@@QAA@XZ
19	1	DIFF_SIZE	DIFFERENT_FUNCTION	TB	bl	default/PanelDir	fn_824D1374	??1LoaderGlitchContext@@QAA@XZ	??1DataNode@@QAA@XZ
19	1	DIFF_SIZE	DIFFERENT_FUNCTION	TB	bl	default/PatchDir	fn_82275B3C	??1LoaderGlitchContext@@QAA@XZ	??1DataNode@@QAA@XZ
19	1	DIFF_SIZE	DIFFERENT_FUNCTION	TB	bl	default/StorePanel	fn_827B4808	??1LoaderGlitchContext@@QAA@XZ	??1DataNode@@QAA@XZ
19	1	DIFF_SIZE	DIFFERENT_FUNCTION	TB	bl	default/TexRenderer	fn_8244585C	??1LoaderGlitchContext@@QAA@XZ	??1DataNode@@QAA@XZ
19	1	DIFF_SIZE	DIFFERENT_FUNCTION	TB	bl	default/UI	fn_82805B7C	??1LoaderGlitchContext@@QAA@XZ	??1DataNode@@QAA@XZ
19	1	DIFF_SIZE	DIFFERENT_FUNCTION	TB	bl	default/UIFontImporter	fn_8281C840	??1LoaderGlitchContext@@QAA@XZ	??1DataNode@@QAA@XZ
19	1	DIFF_SIZE	REVIEW	TB	bl	default/UIList	fn_8260798C	??$__destroy_aux@UEntry@LocalePanel@@@stlpmtx_std@@YAXPAUEntry@LocalePanel@@ABU__false_type@0@@Z	??1DataNode@@QAA@XZ
19	1	DIFF_SIZE	DIFFERENT_FUNCTION	TB	bl	default/VocalTrackDir	fn_822F6790	??1LoaderGlitchContext@@QAA@XZ	??1DataNode@@QAA@XZ
19	1	DIFF_SIZE	DIFFERENT_FUNCTION	TB	bl	default/system/obj/Dir	fn_8274EB60	??1LoaderGlitchContext@@QAA@XZ	??1DataNode@@QAA@XZ
19	1	DIFF_SIZE	DIFFERENT_FUNCTION	TB	bl	default/system/obj/Dir	fn_827529B4	??1LoaderGlitchContext@@QAA@XZ	??1DataNode@@QAA@XZ
19	1	DIFF_SIZE	DIFFERENT_FUNCTION	TB	bl	default/system/obj/Dir	fn_82752A04	??1LoaderGlitchContext@@QAA@XZ	??1DataNode@@QAA@XZ
19	1	DIFF_SIZE	DIFFERENT_FUNCTION	TB	bl	default/system/obj/Dir	fn_82752D20	??1LoaderGlitchContext@@QAA@XZ	??1DataNode@@QAA@XZ
19	1	DIFF_SIZE	DIFFERENT_FUNCTION	TB	bl	default/system/rndobj/Utl	fn_8243EBD0	??1LoaderGlitchContext@@QAA@XZ	??1DataNode@@QAA@XZ
19	1	DIFF_SIZE	REVIEW	TB	bl	default/system/rndobj/Utl	fn_8243F5E8	??$__destroy_aux@UEntry@LocalePanel@@@stlpmtx_std@@YAXPAUEntry@LocalePanel@@ABU__false_type@0@@Z	??1DataNode@@QAA@XZ
19	1	DIFF_SIZE	REVIEW	TB	bl	default/system/rndobj/Utl	fn_8243F6A4	??$__destroy_aux@UEntry@LocalePanel@@@stlpmtx_std@@YAXPAUEntry@LocalePanel@@ABU__false_type@0@@Z	??1DataNode@@QAA@XZ
19	1	DIFF_SIZE	REVIEW	TB	bl	default/system/rndobj/Utl	fn_8243FDB4	??$__destroy_aux@UEntry@LocalePanel@@@stlpmtx_std@@YAXPAUEntry@LocalePanel@@ABU__false_type@0@@Z	??1DataNode@@QAA@XZ
18	1	DIFF_SIZE	DIFFERENT_FUNCTION	TB	bl	default/Award	?Configure@Award@@UAAXPAVDataArray@@@Z	?SystemConfig@@YAPAVDataArray@@XZ	?GetAssetMgr@AssetMgr@@SAPAV1@XZ
18	1	DIFF_SIZE	DIFFERENT_FUNCTION	TB	bl	default/CharacterCreatorPanel	?AddGridThumbnails@CharacterCreatorPanel@@QAAXVSymbol@@0@Z	?SystemConfig@@YAPAVDataArray@@XZ	?GetAssetMgr@AssetMgr@@SAPAV1@XZ
18	1	DIFF_SIZE	DIFFERENT_FUNCTION	TB	bl	default/CharacterCreatorPanel	?GetRandomEyebrows@CharacterCreatorPanel@@QAA?AVSymbol@@XZ	?SystemConfig@@YAPAVDataArray@@XZ	?GetAssetMgr@AssetMgr@@SAPAV1@XZ
18	1	DIFF_SIZE	DIFFERENT_FUNCTION	TB	bl	default/CustomizePanel	?GetAssetShot@CustomizePanel@@QAA?AVSymbol@@V2@@Z	?SystemConfig@@YAPAVDataArray@@XZ	?GetAssetMgr@AssetMgr@@SAPAV1@XZ
18	1	DIFF_SIZE	DIFFERENT_FUNCTION	TB	bl	default/CustomizePanel	?StripFinish@CustomizePanel@@QAA?AVSymbol@@V2@@Z	?SystemConfig@@YAPAVDataArray@@XZ	?GetAssetMgr@AssetMgr@@SAPAV1@XZ
18	1	DIFF_SIZE	DIFFERENT_FUNCTION	TB	bl	default/band3/meta_band/AccomplishmentManager	?EquipAward@AccomplishmentManager@@QAAXPAVLocalBandUser@@VSymbol@@@Z	?SystemConfig@@YAPAVDataArray@@XZ	?GetAssetMgr@AssetMgr@@SAPAV1@XZ
18	1	DIFF_SIZE	DIFFERENT_FUNCTION	TB	bl	default/band3/meta_band/AssetProvider	?Mat@AssetProvider@@UBAPAVRndMat@@HHPAVUIListMesh@@@Z	?SystemConfig@@YAPAVDataArray@@XZ	?GetAssetMgr@AssetMgr@@SAPAV1@XZ
18	1	DIFF_SIZE	DIFFERENT_FUNCTION	TB	bl	default/band3/meta_band/AssetProvider	?SortAssetsByIndex@AssetProvider@@SA_NVSymbol@@0@Z	?SystemConfig@@YAPAVDataArray@@XZ	?GetAssetMgr@AssetMgr@@SAPAV1@XZ
18	1	DIFF_SIZE	DIFFERENT_FUNCTION	TB	bl	default/band3/meta_band/ClosetMgr	?GetAssetFromAssetType@ClosetMgr@@QAA?AVSymbol@@W4AssetType@@@Z	?SystemConfig@@YAPAVDataArray@@XZ	?GetAssetMgr@AssetMgr@@SAPAV1@XZ
18	1	DIFF_SIZE	DIFFERENT_FUNCTION	TB	bl	default/band3/meta_band/ClosetMgr	?ResetNewCharacterPreview@ClosetMgr@@QAAXVSymbol@@@Z	?SystemConfig@@YAPAVDataArray@@XZ	?GetAssetMgr@AssetMgr@@SAPAV1@XZ
18	1	DIFF_SIZE	DIFFERENT_FUNCTION	TB	bl	default/band3/meta_band/CurrentOutfitProvider	?Text@CurrentOutfitProvider@@UBAXHHPAVUIListLabel@@PAVUILabel@@@Z	?SystemConfig@@YAPAVDataArray@@XZ	?GetAssetMgr@AssetMgr@@SAPAV1@XZ
18	1	DIFF_SIZE	DIFFERENT_FUNCTION	TB	bl	default/band3/meta_band/CurrentOutfitProvider	?UpdateExtendedText@CurrentOutfitProvider@@UBAXHHPAVUILabel@@@Z	?SystemConfig@@YAPAVDataArray@@XZ	?GetAssetMgr@AssetMgr@@SAPAV1@XZ
18	1	DIFF_SIZE	DIFFERENT_FUNCTION	TB	bl	default/band3/meta_band/EyebrowsProvider	?Update@EyebrowsProvider@@QAAXVSymbol@@@Z	?SystemConfig@@YAPAVDataArray@@XZ	?GetAssetMgr@AssetMgr@@SAPAV1@XZ
18	1	DIFF_SIZE	DIFFERENT_FUNCTION	TB	bl	default/band3/meta_band/FaceHairProvider	??0FaceHairProvider@@QAA@XZ	?SystemConfig@@YAPAVDataArray@@XZ	?GetAssetMgr@AssetMgr@@SAPAV1@XZ
18	1	DIFF_SIZE	DIFFERENT_FUNCTION	TB	bl	default/band3/meta_band/InstrumentFinishProvider	?Update@InstrumentFinishProvider@@QAAXVSymbol@@@Z	?SystemConfig@@YAPAVDataArray@@XZ	?GetAssetMgr@AssetMgr@@SAPAV1@XZ
18	2	DIFF_SIZE	DIFFERENT_FUNCTION	TB	bl	default/band3/meta_band/NewAwardPanel	?Mat@AwardAssetProvider@@UBAPAVRndMat@@HHPAVUIListMesh@@@Z	?SystemConfig@@YAPAVDataArray@@XZ	?GetAssetMgr@AssetMgr@@SAPAV1@XZ
18	1	DIFF_SIZE	DIFFERENT_FUNCTION	TB	bl	default/band3/meta_band/ProfileAssets	?GetNewAssets@ProfileAssets@@QBAXAAV?$vector@VSymbol@@V?$StlNodeAlloc@VSymbol@@@stlpmtx_std@@@stlpmtx_std@@W4AssetGender@@@Z	?SystemConfig@@YAPAVDataArray@@XZ	?GetAssetMgr@AssetMgr@@SAPAV1@XZ
17	1	DIFF_SIZE	DIFFERENT_FUNCTION	TB	bl	default/BandCamShot	??_G?$ObjPtr@VHamCamShot@@@@UAAPAXI@Z	?MemFree@@YAXPAX@Z	??3@YAXPAX@Z
17	1	DIFF_SIZE	DIFFERENT_FUNCTION	TB	bl	default/BandCharacter	??_G?$ObjPtrList@VCharKeyHandMidi@@VObjectDir@@@@UAAPAXI@Z	?MemFree@@YAXPAX@Z	??3@YAXPAX@Z
17	1	DIFF_SAMESIZE	DIFFERENT_FUNCTION	TB	bl	default/BandLabel	fn_82341CA4	??1Message@@UAA@XZ	??1DataNode@@QAA@XZ
17	1	DIFF_SAMESIZE	DIFFERENT_FUNCTION	TB	bl	default/BandLabel	fn_826665D0	??1Message@@UAA@XZ	??1DataNode@@QAA@XZ
17	1	DIFF_SIZE	DIFFERENT_FUNCTION	TB	bl	default/BandList	??_G?$ObjPtr@VSequence@@@@UAAPAXI@Z	?MemFree@@YAXPAX@Z	??3@YAXPAX@Z
17	1	DIFF_SIZE	DIFFERENT_FUNCTION	TB	bl	default/BandUser	??_GRemoteBandUser@@UAAPAXI@Z	?MemFree@@YAXPAX@Z	??3@YAXPAX@Z
17	1	DIFF_SIZE	DIFFERENT_FUNCTION	TB	bl	default/CharClip	??_G?$ObjRefConcrete@VCharClip@@VObjectDir@@@@UAAPAXI@Z	?MemFree@@YAXPAX@Z	??3@YAXPAX@Z
17	1	DIFF_SIZE	DIFFERENT_FUNCTION	TB	bl	default/CharMeshHide	??_G?$ObjPtrList@VMoggClipMap@@VObjectDir@@@@UAAPAXI@Z	?MemFree@@YAXPAX@Z	??3@YAXPAX@Z
17	1	DIFF_SAMESIZE	DIFFERENT_FUNCTION	TB	bl	default/CheatProvider	fn_823EFCA8	??1Message@@UAA@XZ	??1DataNode@@QAA@XZ
17	1	DIFF_SAMESIZE	DIFFERENT_FUNCTION	TB	bl	default/Cheats	fn_827C2DDC	??1Message@@UAA@XZ	??1DataNode@@QAA@XZ
17	1	DIFF_SAMESIZE	DIFFERENT_FUNCTION	TB	bl	default/Console	fn_82467E24	??1Message@@UAA@XZ	??1DataNode@@QAA@XZ
17	1	DIFF_SAMESIZE	DIFFERENT_FUNCTION	TB	bl	default/Group	fn_823EB228	??1Message@@UAA@XZ	??1DataNode@@QAA@XZ
17	1	DIFF_SIZE	DIFFERENT_FUNCTION	TB	bl	default/MeshDeform	??_G?$ObjPtrList@VObjectDir@@V1@@@UAAPAXI@Z	?MemFree@@YAXPAX@Z	??3@YAXPAX@Z
17	1	DIFF_SAMESIZE	DIFFERENT_FUNCTION	TB	bl	default/MusicLibrary	fn_82544C18	??1Message@@UAA@XZ	??1DataNode@@QAA@XZ
17	1	DIFF_SAMESIZE	DIFFERENT_FUNCTION	TB	bl	default/OvershellPanel	fn_825B7C58	??1Message@@UAA@XZ	??1DataNode@@QAA@XZ
17	1	DIFF_SAMESIZE	DIFFERENT_FUNCTION	TB	bl	default/OvershellPanel	fn_825B7C80	??1Message@@UAA@XZ	??1DataNode@@QAA@XZ
17	1	DIFF_SAMESIZE	DIFFERENT_FUNCTION	TB	bl	default/OvershellPanel	fn_825B9B50	??1Message@@UAA@XZ	??1DataNode@@QAA@XZ
17	1	DIFF_SIZE	DIFFERENT_FUNCTION	TB	bl	default/Sequence	??_GRandomGroupSeq@@UAAPAXI@Z	?MemFree@@YAXPAX@Z	??3@YAXPAX@Z
17	1	DIFF_SIZE	DIFFERENT_FUNCTION	TB	bl	default/Sfx	??_G?$ObjPtr@VSynthSample@@@@UAAPAXI@Z	?MemFree@@YAXPAX@Z	??3@YAXPAX@Z
17	1	DIFF_SIZE	DIFFERENT_FUNCTION	TB	bl	default/Spotlight	??_G?$ObjRefConcrete@VRndGroup@@VObjectDir@@@@UAAPAXI@Z	?MemFree@@YAXPAX@Z	??3@YAXPAX@Z
17	1	DIFF_SIZE	DIFFERENT_FUNCTION	TB	bl	default/SpotlightDrawer	??_G?$ObjRefConcrete@VRndDrawable@@VObjectDir@@@@UAAPAXI@Z	?MemFree@@YAXPAX@Z	??3@YAXPAX@Z
17	1	DIFF_SAMESIZE	DIFFERENT_FUNCTION	TB	bl	default/StorePanel	fn_827B5A98	??1Message@@UAA@XZ	??1DataNode@@QAA@XZ
17	1	DIFF_SIZE	DIFFERENT_FUNCTION	TB	bl	default/TexBlender	??_G?$ObjPtr@VBandCamShot@@@@UAAPAXI@Z	?MemFree@@YAXPAX@Z	??3@YAXPAX@Z
17	1	DIFF_SIZE	DIFFERENT_FUNCTION	TB	bl	default/TransAnim	??_G?$ObjOwnerPtr@VRndTransAnim@@@@UAAPAXI@Z	?MemFree@@YAXPAX@Z	??3@YAXPAX@Z
17	1	DIFF_SAMESIZE	DIFFERENT_FUNCTION	TB	bl	default/UI	fn_82804218	??1Message@@UAA@XZ	??1DataNode@@QAA@XZ
17	1	DIFF_SAMESIZE	DIFFERENT_FUNCTION	TB	bl	default/UI	fn_82804240	??1Message@@UAA@XZ	??1DataNode@@QAA@XZ
17	1	DIFF_SIZE	DIFFERENT_FUNCTION	TB	bl	default/UIList	??_G?$ObjPtr@VRndPostProc@@@@UAAPAXI@Z	?MemFree@@YAXPAX@Z	??3@YAXPAX@Z
17	1	DIFF_SAMESIZE	DIFFERENT_FUNCTION	TB	bl	default/UIList	fn_827F950C	??1Message@@UAA@XZ	??1DataNode@@QAA@XZ
17	1	DIFF_SAMESIZE	DIFFERENT_FUNCTION	TB	bl	default/UIList	fn_827F96AC	??1Message@@UAA@XZ	??1DataNode@@QAA@XZ
17	1	DIFF_SIZE	DIFFERENT_FUNCTION	TB	bl	default/UITrigger	??_G?$ObjOwnerPtr@VEventTrigger@@@@UAAPAXI@Z	?MemFree@@YAXPAX@Z	??3@YAXPAX@Z
17	1	DIFF_SAMESIZE	DIFFERENT_FUNCTION	TB	bl	default/band3/meta_band/ViewSetting	fn_828014B8	??1Message@@UAA@XZ	??1DataNode@@QAA@XZ
17	1	DIFF_SIZE	DIFFERENT_FUNCTION	TB	bl	default/system/rndobj/CubeTex	??_G?$ObjRefConcrete@VRndMesh@@VObjectDir@@@@UAAPAXI@Z	?MemFree@@YAXPAX@Z	??3@YAXPAX@Z
17	1	DIFF_SIZE	DIFFERENT_FUNCTION	TB	bl	default/system/rndobj/Utl	??_GModalKeyListener@@UAAPAXI@Z	?MemFree@@YAXPAX@Z	??3@YAXPAX@Z
17	1	DIFF_SAMESIZE	DIFFERENT_FUNCTION	TB	bl	default/system/ui/UILabelDir	fn_8280FC74	??1Message@@UAA@XZ	??1DataNode@@QAA@XZ
16	1	DIFF_SIZE	REVIEW	TB	bl	default/Mic	??1MicManagerXbox@@AAA@XZ	??$?0H@?$StlNodeAlloc@V?$_List_node@H@stlpmtx_std@@@stlpmtx_std@@QAA@ABV?$StlNodeAlloc@H@1@@Z	??1CriticalSection@@QAA@XZ
16	1	DIFF_SIZE	REVIEW	TB	bl	default/Mic	fn_82B600F0	??$?0H@?$StlNodeAlloc@V?$_List_node@H@stlpmtx_std@@@stlpmtx_std@@QAA@ABV?$StlNodeAlloc@H@1@@Z	??1CriticalSection@@QAA@XZ
16	1	DIFF_SIZE	REVIEW	TB	bl	default/Server	??1Server@@UAA@XZ	??$?0H@?$StlNodeAlloc@V?$_List_node@H@stlpmtx_std@@@stlpmtx_std@@QAA@ABV?$StlNodeAlloc@H@1@@Z	??1CriticalSection@@QAA@XZ
16	1	DIFF_SIZE	REVIEW	TB	bl	default/Server	fn_823EC4D0	??$?0H@?$StlNodeAlloc@V?$_List_node@H@stlpmtx_std@@@stlpmtx_std@@QAA@ABV?$StlNodeAlloc@H@1@@Z	??1CriticalSection@@QAA@XZ
16	1	DIFF_SIZE	REVIEW	TB	bl	default/Server	fn_823F5DAC	??$?0H@?$StlNodeAlloc@V?$_List_node@H@stlpmtx_std@@@stlpmtx_std@@QAA@ABV?$StlNodeAlloc@H@1@@Z	??1CriticalSection@@QAA@XZ
16	2	DIFF_SIZE	REVIEW	TB	bl	default/Splash	??1Splash@@UAA@XZ	??$?0H@?$StlNodeAlloc@V?$_List_node@H@stlpmtx_std@@@stlpmtx_std@@QAA@ABV?$StlNodeAlloc@H@1@@Z	??1CriticalSection@@QAA@XZ
16	1	DIFF_SIZE	REVIEW	TB	bl	default/Splash	fn_82742388	??$?0H@?$StlNodeAlloc@V?$_List_node@H@stlpmtx_std@@@stlpmtx_std@@QAA@ABV?$StlNodeAlloc@H@1@@Z	??1CriticalSection@@QAA@XZ
16	1	DIFF_SIZE	REVIEW	TB	bl	default/Splash	fn_8274240C	??$?0H@?$StlNodeAlloc@V?$_List_node@H@stlpmtx_std@@@stlpmtx_std@@QAA@ABV?$StlNodeAlloc@H@1@@Z	??1CriticalSection@@QAA@XZ
16	1	DIFF_SIZE	REVIEW	TB	bl	default/Splash	fn_82742540	??$?0H@?$StlNodeAlloc@V?$_List_node@H@stlpmtx_std@@@stlpmtx_std@@QAA@ABV?$StlNodeAlloc@H@1@@Z	??1CriticalSection@@QAA@XZ
16	1	DIFF_SIZE	REVIEW	TB	bl	default/Splash	fn_827425C4	??$?0H@?$StlNodeAlloc@V?$_List_node@H@stlpmtx_std@@@stlpmtx_std@@QAA@ABV?$StlNodeAlloc@H@1@@Z	??1CriticalSection@@QAA@XZ
16	1	DIFF_SIZE	REVIEW	TB	bl	default/VorbisReader	fn_82BB43C4	??$?0H@?$StlNodeAlloc@V?$_List_node@H@stlpmtx_std@@@stlpmtx_std@@QAA@ABV?$StlNodeAlloc@H@1@@Z	??1CriticalSection@@QAA@XZ
16	1	DIFF_SIZE	REVIEW	TB	bl	default/VorbisReader	fn_82BB45DC	??$?0H@?$StlNodeAlloc@V?$_List_node@H@stlpmtx_std@@@stlpmtx_std@@QAA@ABV?$StlNodeAlloc@H@1@@Z	??1CriticalSection@@QAA@XZ
16	1	DIFF_SIZE	REVIEW	TB	bl	default/system/synth_xbox/Synth	??1Synth360@@UAA@XZ	??$?0H@?$StlNodeAlloc@V?$_List_node@H@stlpmtx_std@@@stlpmtx_std@@QAA@ABV?$StlNodeAlloc@H@1@@Z	??1CriticalSection@@QAA@XZ
16	1	DIFF_SIZE	REVIEW	TB	bl	default/system/synth_xbox/Synth	fn_82B5D06C	??$?0H@?$StlNodeAlloc@V?$_List_node@H@stlpmtx_std@@@stlpmtx_std@@QAA@ABV?$StlNodeAlloc@H@1@@Z	??1CriticalSection@@QAA@XZ
16	1	DIFF_SIZE	REVIEW	TB	bl	default/system/synth_xbox/Synth	fn_82B5D1EC	??$?0H@?$StlNodeAlloc@V?$_List_node@H@stlpmtx_std@@@stlpmtx_std@@QAA@ABV?$StlNodeAlloc@H@1@@Z	??1CriticalSection@@QAA@XZ
15	1	DIFF_SIZE	DIFFERENT_FUNCTION	TB	bl	default/AmbientOcclusion	fn_82490D44	??1Object@Hmx@@UAA@XZ	??1String@@UAA@XZ
15	1	DIFF_SIZE	DIFFERENT_FUNCTION	TB	bl	default/BandCamShot	fn_822B8698	??1Object@Hmx@@UAA@XZ	??1String@@UAA@XZ
15	1	DIFF_SIZE	DIFFERENT_FUNCTION	TB	bl	default/BandHighlight	??0BandHighlight@@QAA@XZ	??0RndTransformable@@IAA@XZ	??0UIComponent@@IAA@XZ
15	1	DIFF_SIZE	DIFFERENT_FUNCTION	TB	bl	default/CalibrationPanel	?SyncProperty@CalibrationPanel@@UAA_NAAVDataNode@@PAVDataArray@@HW4PropOp@@@Z	?SyncProperty@Tour@@UAA_NAAVDataNode@@PAVDataArray@@HW4PropOp@@@Z	?SyncProperty@Object@Hmx@@UAA_NAAVDataNode@@PAVDataArray@@HW4PropOp@@@Z
15	1	DIFF_SIZE	DIFFERENT_FUNCTION	TB	bl	default/Campaign	fn_825A8F08	??1Object@Hmx@@UAA@XZ	??1String@@UAA@XZ
15	1	DIFF_SIZE	DIFFERENT_FUNCTION	TB	bl	default/CharBone	?SyncProperty@CharBone@@UAA_NAAVDataNode@@PAVDataArray@@HW4PropOp@@@Z	?SyncProperty@Tour@@UAA_NAAVDataNode@@PAVDataArray@@HW4PropOp@@@Z	?SyncProperty@Object@Hmx@@UAA_NAAVDataNode@@PAVDataArray@@HW4PropOp@@@Z
15	1	DIFF_SIZE	DIFFERENT_FUNCTION	TB	bl	default/CheckboxDisplay	??0CheckboxDisplay@@QAA@XZ	??0RndTransformable@@IAA@XZ	??0UIComponent@@IAA@XZ
15	1	DIFF_SIZE	DIFFERENT_FUNCTION	TB	bl	default/ChordShapeGenerator	?SyncProperty@ChordShapeGenerator@@UAA_NAAVDataNode@@PAVDataArray@@HW4PropOp@@@Z	?SyncProperty@Tour@@UAA_NAAVDataNode@@PAVDataArray@@HW4PropOp@@@Z	?SyncProperty@Object@Hmx@@UAA_NAAVDataNode@@PAVDataArray@@HW4PropOp@@@Z
15	1	DIFF_SIZE	DIFFERENT_FUNCTION	TB	bl	default/ChordbookPanel	?SyncProperty@ChordbookPanel@@UAA_NAAVDataNode@@PAVDataArray@@HW4PropOp@@@Z	?SyncProperty@Tour@@UAA_NAAVDataNode@@PAVDataArray@@HW4PropOp@@@Z	?SyncProperty@Object@Hmx@@UAA_NAAVDataNode@@PAVDataArray@@HW4PropOp@@@Z
15	1	DIFF_SIZE	DIFFERENT_FUNCTION	TB	bl	default/Console	fn_82468414	??1Object@Hmx@@UAA@XZ	??1String@@UAA@XZ
15	1	DIFF_SIZE	DIFFERENT_FUNCTION	TB	bl	default/CreditsPanel	?Load@CreditsPanel@@EAAXXZ	??2CriticalSection@@SAPAXI@Z	??2Loader@@SAPAXI@Z
15	1	DIFF_SIZE	DIFFERENT_FUNCTION	TB	bl	default/CustomizePanel	?SyncProperty@CustomizePanel@@UAA_NAAVDataNode@@PAVDataArray@@HW4PropOp@@@Z	?SyncProperty@Tour@@UAA_NAAVDataNode@@PAVDataArray@@HW4PropOp@@@Z	?SyncProperty@Object@Hmx@@UAA_NAAVDataNode@@PAVDataArray@@HW4PropOp@@@Z
15	1	DIFF_SIZE	DIFFERENT_FUNCTION	TB	bl	default/DataUtl	?DataFactory@@YAPAVLoader@@ABVFilePath@@W4LoaderPos@@@Z	??2CriticalSection@@SAPAXI@Z	??2Loader@@SAPAXI@Z
15	1	DIFF_SIZE	DIFFERENT_FUNCTION	TB	bl	default/FileCache	?StartRead@FileCacheEntry@@QAAXW4LoaderPos@@_N@Z	??2CriticalSection@@SAPAXI@Z	??2Loader@@SAPAXI@Z
15	1	DIFF_SIZE	DIFFERENT_FUNCTION	TB	bl	default/FileMergerOrganizer	?AddFileMerger@FileMergerOrganizer@@QAAXPAVFileMerger@@@Z	??2CriticalSection@@SAPAXI@Z	??2Loader@@SAPAXI@Z
15	1	DIFF_SIZE	DIFFERENT_FUNCTION	TB	bl	default/FileMergerOrganizer	?FailedLoading@FileMergerOrganizer@@UAAXPAVLoader@@@Z	??2CriticalSection@@SAPAXI@Z	??2Loader@@SAPAXI@Z
15	1	DIFF_SIZE	DIFFERENT_FUNCTION	TB	bl	default/FileMergerOrganizer	fn_823D9FDC	??1Object@Hmx@@UAA@XZ	??1String@@UAA@XZ
15	1	DIFF_SIZE	DIFFERENT_FUNCTION	TB	bl	default/InlineHelp	??0InlineHelp@@IAA@XZ	??0RndTransformable@@IAA@XZ	??0UIComponent@@IAA@XZ
15	1	DIFF_SIZE	DIFFERENT_FUNCTION	TB	bl	default/InstrumentDifficultyDisplay	??0InstrumentDifficultyDisplay@@QAA@XZ	??0RndTransformable@@IAA@XZ	??0UIComponent@@IAA@XZ
15	1	DIFF_SIZE	DIFFERENT_FUNCTION	TB	bl	default/LightHue	?Sync@LightHue@@AAAXXZ	??2CriticalSection@@SAPAXI@Z	??2Loader@@SAPAXI@Z
15	1	DIFF_SIZE	DIFFERENT_FUNCTION	TB	bl	default/LightPreset	fn_82380B58	??1Object@Hmx@@UAA@XZ	??1String@@UAA@XZ
15	1	DIFF_SIZE	DIFFERENT_FUNCTION	TB	bl	default/Loader	?AddLoader@LoadMgr@@QAAPAVLoader@@ABVFilePath@@W4LoaderPos@@@Z	??2CriticalSection@@SAPAXI@Z	??2Loader@@SAPAXI@Z
15	1	DIFF_SIZE	DIFFERENT_FUNCTION	TB	bl	default/MeshDeform	fn_8240CADC	??1Object@Hmx@@UAA@XZ	??1String@@UAA@XZ
15	1	DIFF_SIZE	DIFFERENT_FUNCTION	TB	bl	default/MetaMusic	?Load@MetaMusic@@QAAXPBDM_N1@Z	??2CriticalSection@@SAPAXI@Z	??2Loader@@SAPAXI@Z
15	1	DIFF_SIZE	DIFFERENT_FUNCTION	TB	bl	default/MetaMusic	?Poll@MetaMusic@@QAAXXZ	??2CriticalSection@@SAPAXI@Z	??2Loader@@SAPAXI@Z
15	1	DIFF_SIZE	DIFFERENT_FUNCTION	TB	bl	default/MetaMusic	fn_82711358	??1Object@Hmx@@UAA@XZ	??1String@@UAA@XZ
15	1	DIFF_SIZE	DIFFERENT_FUNCTION	TB	bl	default/MeterDisplay	??0MeterDisplay@@IAA@XZ	??0RndTransformable@@IAA@XZ	??0UIComponent@@IAA@XZ
15	1	DIFF_SIZE	DIFFERENT_FUNCTION	TB	bl	default/MoviePanel	fn_827B1144	??1Object@Hmx@@UAA@XZ	??1String@@UAA@XZ
15	1	DIFF_SIZE	DIFFERENT_FUNCTION	TB	bl	default/NetCacheLoader	?SetState@NetCacheLoader@@IAAXW4State@1@@Z	??2CriticalSection@@SAPAXI@Z	??2Loader@@SAPAXI@Z
15	1	DIFF_SIZE	DIFFERENT_FUNCTION	TB	bl	default/NetLoader_Xbox	??0NetLoaderStub@@QAA@ABVString@@@Z	??2CriticalSection@@SAPAXI@Z	??2Loader@@SAPAXI@Z
15	1	DIFF_SIZE	DIFFERENT_FUNCTION	TB	bl	default/PollAnim	?SyncProperty@RndPollAnim@@UAA_NAAVDataNode@@PAVDataArray@@HW4PropOp@@@Z	?SyncProperty@Tour@@UAA_NAAVDataNode@@PAVDataArray@@HW4PropOp@@@Z	?SyncProperty@Object@Hmx@@UAA_NAAVDataNode@@PAVDataArray@@HW4PropOp@@@Z
15	1	DIFF_SIZE	DIFFERENT_FUNCTION	TB	bl	default/RockCentral	fn_825CAB68	??1Object@Hmx@@UAA@XZ	??1String@@UAA@XZ
15	1	DIFF_SIZE	DIFFERENT_FUNCTION	TB	bl	default/ScoreDisplay	??0ScoreDisplay@@QAA@XZ	??0RndTransformable@@IAA@XZ	??0UIComponent@@IAA@XZ
15	1	DIFF_SIZE	DIFFERENT_FUNCTION	TB	bl	default/ScrollbarDisplay	??0ScrollbarDisplay@@QAA@XZ	??0RndTransformable@@IAA@XZ	??0UIComponent@@IAA@XZ
15	1	DIFF_SIZE	DIFFERENT_FUNCTION	TB	bl	default/SongSectionController	?SyncProperty@SongSectionController@@UAA_NAAVDataNode@@PAVDataArray@@HW4PropOp@@@Z	?SyncProperty@Tour@@UAA_NAAVDataNode@@PAVDataArray@@HW4PropOp@@@Z	?SyncProperty@Object@Hmx@@UAA_NAAVDataNode@@PAVDataArray@@HW4PropOp@@@Z
15	1	DIFF_SIZE	DIFFERENT_FUNCTION	TB	bl	default/StarDisplay	??0StarDisplay@@QAA@XZ	??0RndTransformable@@IAA@XZ	??0UIComponent@@IAA@XZ
15	1	DIFF_SIZE	DIFFERENT_FUNCTION	TB	bl	default/StorePanel	?SyncProperty@StorePanel@@UAA_NAAVDataNode@@PAVDataArray@@HW4PropOp@@@Z	?SyncProperty@Tour@@UAA_NAAVDataNode@@PAVDataArray@@HW4PropOp@@@Z	?SyncProperty@Object@Hmx@@UAA_NAAVDataNode@@PAVDataArray@@HW4PropOp@@@Z
15	1	DIFF_SIZE	DIFFERENT_FUNCTION	TB	bl	default/Tex	fn_823FE9F8	??1Object@Hmx@@UAA@XZ	??1String@@UAA@XZ
15	1	DIFF_SIZE	DIFFERENT_FUNCTION	TB	bl	default/TexMovie	?SyncProperty@TexMovie@@UAA_NAAVDataNode@@PAVDataArray@@HW4PropOp@@@Z	?SyncProperty@Tour@@UAA_NAAVDataNode@@PAVDataArray@@HW4PropOp@@@Z	?SyncProperty@Object@Hmx@@UAA_NAAVDataNode@@PAVDataArray@@HW4PropOp@@@Z
15	1	DIFF_SIZE	DIFFERENT_FUNCTION	TB	bl	default/TexRenderer	?SyncProperty@RndTexRenderer@@UAA_NAAVDataNode@@PAVDataArray@@HW4PropOp@@@Z	?SyncProperty@Tour@@UAA_NAAVDataNode@@PAVDataArray@@HW4PropOp@@@Z	?SyncProperty@Object@Hmx@@UAA_NAAVDataNode@@PAVDataArray@@HW4PropOp@@@Z
15	1	DIFF_SIZE	DIFFERENT_FUNCTION	TB	bl	default/UI	fn_823F578C	??1Object@Hmx@@UAA@XZ	??1String@@UAA@XZ
15	1	DIFF_SIZE	DIFFERENT_FUNCTION	TB	bl	default/UIComponent	?NewObject@UIComponent@@SAPAVObject@Hmx@@XZ	??0RndTransformable@@IAA@XZ	??0UIComponent@@IAA@XZ
15	1	DIFF_SIZE	DIFFERENT_FUNCTION	TB	bl	default/UILabel	??0UILabel@@IAA@XZ	??0RndTransformable@@IAA@XZ	??0UIComponent@@IAA@XZ
15	1	DIFF_SIZE	DIFFERENT_FUNCTION	TB	bl	default/UIList	??0UIList@@IAA@XZ	??0RndTransformable@@IAA@XZ	??0UIComponent@@IAA@XZ
15	1	DIFF_SIZE	DIFFERENT_FUNCTION	TB	bl	default/UIPicture	??0UIPicture@@IAA@XZ	??0RndTransformable@@IAA@XZ	??0UIComponent@@IAA@XZ
15	1	DIFF_SIZE	DIFFERENT_FUNCTION	TB	bl	default/UISlider	??0UISlider@@IAA@XZ	??0RndTransformable@@IAA@XZ	??0UIComponent@@IAA@XZ
15	1	DIFF_SIZE	DIFFERENT_FUNCTION	TB	bl	default/band3/game/GemTrainerPanel	?SyncProperty@GemTrainerPanel@@UAA_NAAVDataNode@@PAVDataArray@@HW4PropOp@@@Z	?SyncProperty@Tour@@UAA_NAAVDataNode@@PAVDataArray@@HW4PropOp@@@Z	?SyncProperty@Object@Hmx@@UAA_NAAVDataNode@@PAVDataArray@@HW4PropOp@@@Z
15	1	DIFF_SIZE	DIFFERENT_FUNCTION	TB	bl	default/band3/meta_band/CharCache	fn_8256B7AC	??1Object@Hmx@@UAA@XZ	??1String@@UAA@XZ
15	1	DIFF_SIZE	DIFFERENT_FUNCTION	TB	bl	default/band3/meta_band/PatchSelectPanel	?SyncProperty@PatchSelectPanel@@UAA_NAAVDataNode@@PAVDataArray@@HW4PropOp@@@Z	?SyncProperty@Tour@@UAA_NAAVDataNode@@PAVDataArray@@HW4PropOp@@@Z	?SyncProperty@Object@Hmx@@UAA_NAAVDataNode@@PAVDataArray@@HW4PropOp@@@Z
15	1	DIFF_SIZE	DIFFERENT_FUNCTION	TB	bl	default/band3/meta_band/StoreInfoPanel	?SyncProperty@StoreInfoPanel@@UAA_NAAVDataNode@@PAVDataArray@@HW4PropOp@@@Z	?SyncProperty@Tour@@UAA_NAAVDataNode@@PAVDataArray@@HW4PropOp@@@Z	?SyncProperty@Object@Hmx@@UAA_NAAVDataNode@@PAVDataArray@@HW4PropOp@@@Z
15	2	DIFF_SIZE	DIFFERENT_FUNCTION	TB	bl	default/system/bandobj/DialogDisplay	?SyncProperty@DialogDisplay@@UAA_NAAVDataNode@@PAVDataArray@@HW4PropOp@@@Z	?SyncProperty@Tour@@UAA_NAAVDataNode@@PAVDataArray@@HW4PropOp@@@Z	?SyncProperty@Object@Hmx@@UAA_NAAVDataNode@@PAVDataArray@@HW4PropOp@@@Z
15	1	DIFF_SIZE	DIFFERENT_FUNCTION	TB	bl	default/system/bandobj/ReviewDisplay	??0ReviewDisplay@@QAA@XZ	??0RndTransformable@@IAA@XZ	??0UIComponent@@IAA@XZ
15	1	DIFF_SIZE	DIFFERENT_FUNCTION	TB	bl	default/system/obj/Dir	??1ObjectDir@@UAA@XZ	??2CriticalSection@@SAPAXI@Z	??2Loader@@SAPAXI@Z
15	1	DIFF_SIZE	DIFFERENT_FUNCTION	TB	bl	default/system/rndobj/CubeTex	fn_82495248	??1Object@Hmx@@UAA@XZ	??1String@@UAA@XZ
15	1	DIFF_SIZE	DIFFERENT_FUNCTION	TB	bl	default/system/rndobj/Utl	?ResourceFactory@@YAPAVLoader@@ABVFilePath@@W4LoaderPos@@@Z	??2CriticalSection@@SAPAXI@Z	??2Loader@@SAPAXI@Z
15	1	DIFF_SIZE	DIFFERENT_FUNCTION	TB	bl	default/system/rndobj/Utl	fn_82438A44	??1Object@Hmx@@UAA@XZ	??1String@@UAA@XZ
15	1	DIFF_SIZE	DIFFERENT_FUNCTION	TB	bl	default/system/synth/MoggClip	?LoadFile@MoggClip@@AAAXPAVBinStream@@@Z	??2CriticalSection@@SAPAXI@Z	??2Loader@@SAPAXI@Z
15	1	DIFF_SIZE	DIFFERENT_FUNCTION	TB	bl	default/system/synth/Synth	?WavFactory@@YAPAVLoader@@ABVFilePath@@W4LoaderPos@@@Z	??2CriticalSection@@SAPAXI@Z	??2Loader@@SAPAXI@Z
15	1	DIFF_SIZE	DIFFERENT_FUNCTION	TB	bl	default/system/ui/UIProxy	??0UIProxy@@IAA@XZ	??0RndTransformable@@IAA@XZ	??0UIComponent@@IAA@XZ
14	1	DIFF_SIZE	DIFFERENT_FUNCTION	TB	bl	default/BandIKEffector	?Save@BandIKEffector@@UAAXAAVBinStream@@@Z	?Save@FlowValueCase@@UAAXAAVBinStream@@@Z	?Save@CharWeightable@@UAAXAAVBinStream@@@Z
14	1	DIFF_SIZE	DIFFERENT_FUNCTION	TB	bl	default/CharBoneDir	?Save@CharBoneTwist@@UAAXAAVBinStream@@@Z	?Save@FlowValueCase@@UAAXAAVBinStream@@@Z	?Save@CharWeightable@@UAAXAAVBinStream@@@Z
14	1	DIFF_SIZE	DIFFERENT_FUNCTION	TB	bl	default/CharDriver	?Save@CharDriver@@UAAXAAVBinStream@@@Z	?Save@FlowValueCase@@UAAXAAVBinStream@@@Z	?Save@CharWeightable@@UAAXAAVBinStream@@@Z
14	1	DIFF_SIZE	DIFFERENT_FUNCTION	TB	bl	default/CharEyes	?Save@CharEyes@@UAAXAAVBinStream@@@Z	?Save@FlowValueCase@@UAAXAAVBinStream@@@Z	?Save@CharWeightable@@UAAXAAVBinStream@@@Z
14	1	DIFF_SIZE	DIFFERENT_FUNCTION	TB	bl	default/CharIKFingers	?Save@CharIKFingers@@UAAXAAVBinStream@@@Z	?Save@FlowValueCase@@UAAXAAVBinStream@@@Z	?Save@CharWeightable@@UAAXAAVBinStream@@@Z
14	1	DIFF_SIZE	DIFFERENT_FUNCTION	TB	bl	default/CharIKHead	?Save@CharIKHead@@UAAXAAVBinStream@@@Z	?Save@FlowValueCase@@UAAXAAVBinStream@@@Z	?Save@CharWeightable@@UAAXAAVBinStream@@@Z
14	1	DIFF_SIZE	DIFFERENT_FUNCTION	TB	bl	default/CharIKScale	?Save@CharIKScale@@UAAXAAVBinStream@@@Z	?Save@FlowValueCase@@UAAXAAVBinStream@@@Z	?Save@CharWeightable@@UAAXAAVBinStream@@@Z
14	1	DIFF_SIZE	DIFFERENT_FUNCTION	TB	bl	default/CharIKSliderMidi	?Save@CharIKSliderMidi@@UAAXAAVBinStream@@@Z	?Save@FlowValueCase@@UAAXAAVBinStream@@@Z	?Save@CharWeightable@@UAAXAAVBinStream@@@Z
14	1	DIFF_SIZE	DIFFERENT_FUNCTION	TB	bl	default/CharLipSyncDriver	?Save@CharLipSyncDriver@@UAAXAAVBinStream@@@Z	?Save@FlowValueCase@@UAAXAAVBinStream@@@Z	?Save@CharWeightable@@UAAXAAVBinStream@@@Z
14	1	DIFF_SIZE	DIFFERENT_FUNCTION	TB	bl	default/CharLookAt	?Save@CharLookAt@@UAAXAAVBinStream@@@Z	?Save@FlowValueCase@@UAAXAAVBinStream@@@Z	?Save@CharWeightable@@UAAXAAVBinStream@@@Z
14	1	DIFF_SIZE	DIFFERENT_FUNCTION	TB	bl	default/CharMirror	?Save@CharMirror@@UAAXAAVBinStream@@@Z	?Save@FlowValueCase@@UAAXAAVBinStream@@@Z	?Save@CharWeightable@@UAAXAAVBinStream@@@Z
14	1	DIFF_SIZE	DIFFERENT_FUNCTION	TB	bl	default/CharPollGroup	?Save@CharPollGroup@@UAAXAAVBinStream@@@Z	?Save@FlowValueCase@@UAAXAAVBinStream@@@Z	?Save@CharWeightable@@UAAXAAVBinStream@@@Z
14	1	DIFF_SIZE	DIFFERENT_FUNCTION	TB	bl	default/CharWeightSetter	?Save@CharWeightSetter@@UAAXAAVBinStream@@@Z	?Save@FlowValueCase@@UAAXAAVBinStream@@@Z	?Save@CharWeightable@@UAAXAAVBinStream@@@Z
14	1	DIFF_SIZE	DIFFERENT_FUNCTION	TB	bl	default/FileMerger	?Save@CharIKHand@@UAAXAAVBinStream@@@Z	?Save@FlowValueCase@@UAAXAAVBinStream@@@Z	?Save@CharWeightable@@UAAXAAVBinStream@@@Z
13	1	DIFF_SIZE	DIFFERENT_FUNCTION	TB	bl	default/BandDirector	fn_8229A504	??1DataNode@@QAA@XZ	??1FilePath@@UAA@XZ
13	1	DIFF_SIZE	DIFFERENT_FUNCTION	TB	bl	default/Character	fn_82370B3C	??1DataNode@@QAA@XZ	??1FilePath@@UAA@XZ
13	1	DIFF_SIZE	DIFFERENT_FUNCTION	TB	bl	default/Character	fn_823731B4	??1DataNode@@QAA@XZ	??1FilePath@@UAA@XZ
13	1	DIFF_SIZE	DIFFERENT_FUNCTION	TB	bl	default/DepthBuffer3D	fn_826FA6C4	??1DataNode@@QAA@XZ	??1FilePath@@UAA@XZ
13	1	DIFF_SIZE	DIFFERENT_FUNCTION	TB	bl	default/FileMerger	fn_8239276C	??1DataNode@@QAA@XZ	??1FilePath@@UAA@XZ
13	1	DIFF_SIZE	DIFFERENT_FUNCTION	TB	bl	default/Font	fn_82475614	??1DataNode@@QAA@XZ	??1FilePath@@UAA@XZ
13	1	DIFF_SIZE	DIFFERENT_FUNCTION	TB	bl	default/HamCamTransform	fn_8234CCB4	??1DataNode@@QAA@XZ	??1FilePath@@UAA@XZ
13	1	DIFF_SIZE	DIFFERENT_FUNCTION	TB	bl	default/LightPreset	fn_824AE8C4	??1DataNode@@QAA@XZ	??1FilePath@@UAA@XZ
13	1	DIFF_SIZE	DIFFERENT_FUNCTION	TB	bl	default/PanelDir	fn_828089C4	??1DataNode@@QAA@XZ	??1FilePath@@UAA@XZ
13	1	DIFF_SIZE	DIFFERENT_FUNCTION	TB	bl	default/PropKeys	fn_82C3F02C	??1DataNode@@QAA@XZ	??1FilePath@@UAA@XZ
13	1	DIFF_SIZE	DIFFERENT_FUNCTION	TB	bl	default/PropSync	fn_824CE32C	??1DataNode@@QAA@XZ	??1FilePath@@UAA@XZ
13	1	DIFF_SIZE	DIFFERENT_FUNCTION	TB	bl	default/UIListDir	fn_8280BEF4	??1DataNode@@QAA@XZ	??1FilePath@@UAA@XZ
13	1	DIFF_SIZE	DIFFERENT_FUNCTION	TB	bl	default/VocalTrackDir	fn_822F96A0	??1DataNode@@QAA@XZ	??1FilePath@@UAA@XZ
12	1	DIFF_SIZE	DIFFERENT_FUNCTION	TB	bl	default/AccomplishmentSongConditional	fn_825EC0BC	??1Object@Hmx@@UAA@XZ	??1?$_String_base@DV?$allocator@D@stlpmtx_std@@@stlpmtx_std@@IAA@XZ
12	1	DIFF_SIZE	DIFFERENT_FUNCTION	TB	bl	default/BandMachine	fn_825C1890	??1Object@Hmx@@UAA@XZ	??1?$_String_base@DV?$allocator@D@stlpmtx_std@@@stlpmtx_std@@IAA@XZ
12	1	DIFF_SIZE	DIFFERENT_FUNCTION	TB	bl	default/ByteGrinder	fn_82727FD4	??1Object@Hmx@@UAA@XZ	??1?$_String_base@DV?$allocator@D@stlpmtx_std@@@stlpmtx_std@@IAA@XZ
12	1	DIFF_SIZE	DIFFERENT_FUNCTION	TB	bl	default/CameraManager	fn_824BD490	??1DataNode@@QAA@XZ	??1?$map@HMU?$less@H@stlpmtx_std@@V?$StlNodeAlloc@U?$pair@$$CBHM@stlpmtx_std@@@2@@stlpmtx_std@@QAA@XZ
12	1	DIFF_SIZE	DIFFERENT_FUNCTION	TB	bl	default/CharEyes	fn_8238B0F8	??1DataNode@@QAA@XZ	??1?$map@HMU?$less@H@stlpmtx_std@@V?$StlNodeAlloc@U?$pair@$$CBHM@stlpmtx_std@@@2@@stlpmtx_std@@QAA@XZ
12	1	DIFF_SIZE	DIFFERENT_FUNCTION	TB	bl	default/CharHair	fn_823AA3EC	??1DataNode@@QAA@XZ	??1?$map@HMU?$less@H@stlpmtx_std@@V?$StlNodeAlloc@U?$pair@$$CBHM@stlpmtx_std@@@2@@stlpmtx_std@@QAA@XZ
12	1	DIFF_SIZE	DIFFERENT_FUNCTION	TB	bl	default/Debug	fn_82510E94	??1DataNode@@QAA@XZ	??1?$map@HMU?$less@H@stlpmtx_std@@V?$StlNodeAlloc@U?$pair@$$CBHM@stlpmtx_std@@@2@@stlpmtx_std@@QAA@XZ
12	1	DIFF_SIZE	DIFFERENT_FUNCTION	TB	bl	default/MessageTimer	fn_82272BD8	??1Object@Hmx@@UAA@XZ	??1?$_String_base@DV?$allocator@D@stlpmtx_std@@@stlpmtx_std@@IAA@XZ
12	1	DIFF_SIZE	DIFFERENT_FUNCTION	TB	bl	default/MetaPanel	fn_82606150	??1DataNode@@QAA@XZ	??1?$map@HMU?$less@H@stlpmtx_std@@V?$StlNodeAlloc@U?$pair@$$CBHM@stlpmtx_std@@@2@@stlpmtx_std@@QAA@XZ
12	1	DIFF_SIZE	DIFFERENT_FUNCTION	TB	bl	default/MidiSynth	fn_824CC2F8	??1DataNode@@QAA@XZ	??1?$map@HMU?$less@H@stlpmtx_std@@V?$StlNodeAlloc@U?$pair@$$CBHM@stlpmtx_std@@@2@@stlpmtx_std@@QAA@XZ
12	1	DIFF_SIZE	DIFFERENT_FUNCTION	TB	bl	default/NextSongPanel	fn_82643ACC	??1Object@Hmx@@UAA@XZ	??1?$_String_base@DV?$allocator@D@stlpmtx_std@@@stlpmtx_std@@IAA@XZ
12	1	DIFF_SIZE	DIFFERENT_FUNCTION	TB	bl	default/NoteTube	fn_82C29A64	??1Object@Hmx@@UAA@XZ	??1?$_String_base@DV?$allocator@D@stlpmtx_std@@@stlpmtx_std@@IAA@XZ
12	1	DIFF_SIZE	DIFFERENT_FUNCTION	TB	bl	default/PerformanceData	fn_82657BEC	??1Object@Hmx@@UAA@XZ	??1?$_String_base@DV?$allocator@D@stlpmtx_std@@@stlpmtx_std@@IAA@XZ
12	1	DIFF_SIZE	DIFFERENT_FUNCTION	TB	bl	default/SpotlightDrawer	fn_824D5C78	??1DataNode@@QAA@XZ	??1?$map@HMU?$less@H@stlpmtx_std@@V?$StlNodeAlloc@U?$pair@$$CBHM@stlpmtx_std@@@2@@stlpmtx_std@@QAA@XZ
12	1	DIFF_SIZE	DIFFERENT_FUNCTION	TB	bl	default/StorePanel	fn_827B5AC0	??1DataNode@@QAA@XZ	??1?$map@HMU?$less@H@stlpmtx_std@@V?$StlNodeAlloc@U?$pair@$$CBHM@stlpmtx_std@@@2@@stlpmtx_std@@QAA@XZ
12	1	DIFF_SIZE	DIFFERENT_FUNCTION	TB	bl	default/UploadErrorMgr	fn_826420BC	??1Object@Hmx@@UAA@XZ	??1?$_String_base@DV?$allocator@D@stlpmtx_std@@@stlpmtx_std@@IAA@XZ
12	1	DIFF_SIZE	DIFFERENT_FUNCTION	TB	bl	default/band3/game/PresenceMgr	fn_82680D44	??1Object@Hmx@@UAA@XZ	??1?$_String_base@DV?$allocator@D@stlpmtx_std@@@stlpmtx_std@@IAA@XZ
12	12	DIFF_SIZE	DIFFERENT_FUNCTION	TB	bl	default/band3/meta_band/AccomplishmentManager	?FactoryCreateAccomplishment@AccomplishmentManager@@QAAPAVAccomplishment@@PAVDataArray@@H@Z	??2CriticalSection@@SAPAXI@Z	??2Accomplishment@@SAPAXI@Z
12	1	DIFF_SIZE	DIFFERENT_FUNCTION	TB	bl	default/band3/meta_band/AccomplishmentManager	fn_8255F5A0	??1Object@Hmx@@UAA@XZ	??1?$_String_base@DV?$allocator@D@stlpmtx_std@@@stlpmtx_std@@IAA@XZ
12	1	DIFF_SIZE	DIFFERENT_FUNCTION	TB	bl	default/band3/meta_band/CampaignGoalsLeaderboardPanel	fn_825F1BA8	??1DataNode@@QAA@XZ	??1?$map@HMU?$less@H@stlpmtx_std@@V?$StlNodeAlloc@U?$pair@$$CBHM@stlpmtx_std@@@2@@stlpmtx_std@@QAA@XZ
12	1	DIFF_SIZE	DIFFERENT_FUNCTION	TB	bl	default/band3/meta_band/CampaignGoalsLeaderboardPanel	fn_825F1E94	??1DataNode@@QAA@XZ	??1?$map@HMU?$less@H@stlpmtx_std@@V?$StlNodeAlloc@U?$pair@$$CBHM@stlpmtx_std@@@2@@stlpmtx_std@@QAA@XZ
12	1	DIFF_SIZE	DIFFERENT_FUNCTION	TB	bl	default/band3/meta_band/CharCache	fn_8256C7B8	??1DataNode@@QAA@XZ	??1?$map@HMU?$less@H@stlpmtx_std@@V?$StlNodeAlloc@U?$pair@$$CBHM@stlpmtx_std@@@2@@stlpmtx_std@@QAA@XZ
12	1	DIFF_SIZE	DIFFERENT_FUNCTION	TB	bl	default/band3/meta_band/NewAwardPanel	fn_82627980	??1DataNode@@QAA@XZ	??1?$map@HMU?$less@H@stlpmtx_std@@V?$StlNodeAlloc@U?$pair@$$CBHM@stlpmtx_std@@@2@@stlpmtx_std@@QAA@XZ
12	1	DIFF_SIZE	DIFFERENT_FUNCTION	TB	bl	default/band3/meta_band/PassiveMessenger	fn_825CAF44	??1Object@Hmx@@UAA@XZ	??1?$_String_base@DV?$allocator@D@stlpmtx_std@@@stlpmtx_std@@IAA@XZ
12	1	DIFF_SIZE	DIFFERENT_FUNCTION	TB	bl	default/band3/meta_band/StoreOfferProvider	fn_82664664	??1Object@Hmx@@UAA@XZ	??1?$_String_base@DV?$allocator@D@stlpmtx_std@@@stlpmtx_std@@IAA@XZ
11	1	DIFF_SIZE	DIFFERENT_FUNCTION	TB	bl	default/Crowd	??$_Copy_Construct@UChar3D@CharData@WorldCrowd@@@stlpmtx_std@@YAXPAUChar3D@CharData@WorldCrowd@@ABU123@@Z	??4Char3D@CharData@WorldCrowd@@QAAAAU012@ABU012@@Z	??0Char3D@CharData@WorldCrowd@@QAA@ABU012@@Z
11	1	DIFF_SIZE	DIFFERENT_FUNCTION	TB	bl	default/Crowd	??$__adjust_heap@PAUChar3D@CharData@WorldCrowd@@HU123@USort3DChars@@@stlpmtx_std@@YAXPAUChar3D@CharData@WorldCrowd@@HHU123@USort3DChars@@@Z	??4Char3D@CharData@WorldCrowd@@QAAAAU012@ABU012@@Z	??0Char3D@CharData@WorldCrowd@@QAA@ABU012@@Z
11	1	DIFF_SIZE	DIFFERENT_FUNCTION	TB	bl	default/Crowd	??$__insertion_sort@PAUChar3D@CharData@WorldCrowd@@U123@USort3DChars@@@stlpmtx_std@@YAXPAUChar3D@CharData@WorldCrowd@@00USort3DChars@@@Z	??4Char3D@CharData@WorldCrowd@@QAAAAU012@ABU012@@Z	??0Char3D@CharData@WorldCrowd@@QAA@ABU012@@Z
11	1	DIFF_SIZE	DIFFERENT_FUNCTION	TB	bl	default/Crowd	??$__introsort_loop@PAUChar3D@CharData@WorldCrowd@@U123@HUSort3DChars@@@stlpmtx_std@@YAXPAUChar3D@CharData@WorldCrowd@@00HUSort3DChars@@@Z	??4Char3D@CharData@WorldCrowd@@QAAAAU012@ABU012@@Z	??0Char3D@CharData@WorldCrowd@@QAA@ABU012@@Z
11	1	DIFF_SIZE	DIFFERENT_FUNCTION	TB	bl	default/Crowd	??$__linear_insert@PAUChar3D@CharData@WorldCrowd@@U123@USort3DChars@@@stlpmtx_std@@YAXPAUChar3D@CharData@WorldCrowd@@0U123@USort3DChars@@@Z	??4Char3D@CharData@WorldCrowd@@QAAAAU012@ABU012@@Z	??0Char3D@CharData@WorldCrowd@@QAA@ABU012@@Z
11	1	DIFF_SIZE	DIFFERENT_FUNCTION	TB	bl	default/Crowd	??$__make_heap@PAUChar3D@CharData@WorldCrowd@@USort3DChars@@U123@H@stlpmtx_std@@YAXPAUChar3D@CharData@WorldCrowd@@0USort3DChars@@0PAH@Z	??4Char3D@CharData@WorldCrowd@@QAAAAU012@ABU012@@Z	??0Char3D@CharData@WorldCrowd@@QAA@ABU012@@Z
11	1	DIFF_SIZE	DIFFERENT_FUNCTION	TB	bl	default/Crowd	??$__partial_sort@PAUChar3D@CharData@WorldCrowd@@U123@USort3DChars@@@stlpmtx_std@@YAXPAUChar3D@CharData@WorldCrowd@@000USort3DChars@@@Z	??4Char3D@CharData@WorldCrowd@@QAAAAU012@ABU012@@Z	??0Char3D@CharData@WorldCrowd@@QAA@ABU012@@Z
11	1	DIFF_SIZE	DIFFERENT_FUNCTION	TB	bl	default/Crowd	??$__pop_heap@PAUChar3D@CharData@WorldCrowd@@U123@USort3DChars@@H@stlpmtx_std@@YAXPAUChar3D@CharData@WorldCrowd@@00U123@USort3DChars@@PAH@Z	??4Char3D@CharData@WorldCrowd@@QAAAAU012@ABU012@@Z	??0Char3D@CharData@WorldCrowd@@QAA@ABU012@@Z
11	1	DIFF_SIZE	DIFFERENT_FUNCTION	TB	bl	default/Crowd	??$__unguarded_insertion_sort_aux@PAUChar3D@CharData@WorldCrowd@@U123@USort3DChars@@@stlpmtx_std@@YAXPAUChar3D@CharData@WorldCrowd@@00USort3DChars@@@Z	??4Char3D@CharData@WorldCrowd@@QAAAAU012@ABU012@@Z	??0Char3D@CharData@WorldCrowd@@QAA@ABU012@@Z
11	1	DIFF_SIZE	DIFFERENT_FUNCTION	TB	bl	default/Crowd	??$sort_heap@PAUChar3D@CharData@WorldCrowd@@USort3DChars@@@stlpmtx_std@@YAXPAUChar3D@CharData@WorldCrowd@@0USort3DChars@@@Z	??4Char3D@CharData@WorldCrowd@@QAAAAU012@ABU012@@Z	??0Char3D@CharData@WorldCrowd@@QAA@ABU012@@Z
11	1	DIFF_SIZE	DIFFERENT_FUNCTION	TB	bl	default/Crowd	??$swap@UChar3D@CharData@WorldCrowd@@@stlpmtx_std@@YAXAAUChar3D@CharData@WorldCrowd@@0@Z	??4Char3D@CharData@WorldCrowd@@QAAAAU012@ABU012@@Z	??0Char3D@CharData@WorldCrowd@@QAA@ABU012@@Z
10	2	DIFF_SIZE	DIFFERENT_FUNCTION	TB	bl	default/BandSongMgr	??RSongRankCmp@@QBA_NHH@Z	?HasPart@BandSongMetadata@@UBA_NVSymbol@@_N@Z	?Rank@BandSongMetadata@@QBAMVSymbol@@@Z
10	1	DIFF_SIZE	DIFFERENT_FUNCTION	TB	bl	default/BandSongMgr	?Handle@BandSongMgr@@UAA?AVDataNode@@PAVDataArray@@_N@Z	?HasPart@BandSongMetadata@@UBA_NVSymbol@@_N@Z	?Rank@BandSongMetadata@@QBAMVSymbol@@@Z
10	1	DIFF_SIZE	DIFFERENT_FUNCTION	TB	bl	default/CameraShot	fn_824C38E8	??1ObjRef@@QAA@XZ	??1?$ObjRefConcrete@VRndTransformable@@VObjectDir@@@@UAA@XZ
10	2	DIFF_SAMESIZE	DIFFERENT_FUNCTION	TB	bl	default/CharClipGroup	??$__linear_insert@PAV?$ObjOwnerPtr@VCharClip@@@@V1@UAlphabetically@@@stlpmtx_std@@YAXPAV?$ObjOwnerPtr@VCharClip@@@@0V1@UAlphabetically@@@Z	?SetOwnerObj@?$ObjOwnerPtr@VObject@Hmx@@@@QAAXPAVObject@Hmx@@@Z	?SetObjConcrete@?$ObjRefConcrete@VCharClip@@VObjectDir@@@@QAAXPAVCharClip@@@Z
10	1	DIFF_SAMESIZE	DIFFERENT_FUNCTION	TB	bl	default/CharClipGroup	??$__pop_heap@PAV?$ObjOwnerPtr@VCharClip@@@@V1@UAlphabetically@@H@stlpmtx_std@@YAXPAV?$ObjOwnerPtr@VCharClip@@@@00V1@UAlphabetically@@PAH@Z	?SetOwnerObj@?$ObjOwnerPtr@VObject@Hmx@@@@QAAXPAVObject@Hmx@@@Z	?SetObjConcrete@?$ObjRefConcrete@VCharClip@@VObjectDir@@@@QAAXPAVCharClip@@@Z
10	2	DIFF_SAMESIZE	DIFFERENT_FUNCTION	TB	bl	default/CharClipGroup	??$swap@V?$ObjOwnerPtr@VCharClip@@@@@stlpmtx_std@@YAXAAV?$ObjOwnerPtr@VCharClip@@@@0@Z	?SetOwnerObj@?$ObjOwnerPtr@VObject@Hmx@@@@QAAXPAVObject@Hmx@@@Z	?SetObjConcrete@?$ObjRefConcrete@VCharClip@@VObjectDir@@@@QAAXPAVCharClip@@@Z
10	2	DIFF_SAMESIZE	DIFFERENT_FUNCTION	TB	bl	default/CharClipGroup	??4?$vector@V?$ObjOwnerPtr@VCharClip@@@@V?$StlNodeAlloc@V?$ObjOwnerPtr@VCharClip@@@@@stlpmtx_std@@@stlpmtx_std@@QAAAAV01@ABV01@@Z	?SetOwnerObj@?$ObjOwnerPtr@VObject@Hmx@@@@QAAXPAVObject@Hmx@@@Z	?SetObjConcrete@?$ObjRefConcrete@VCharClip@@VObjectDir@@@@QAAXPAVCharClip@@@Z
10	1	DIFF_SAMESIZE	DIFFERENT_FUNCTION	TB	bl	default/CharClipGroup	?_M_erase@?$vector@V?$ObjOwnerPtr@VCharClip@@@@V?$StlNodeAlloc@V?$ObjOwnerPtr@VCharClip@@@@@stlpmtx_std@@@stlpmtx_std@@IAAPAV?$ObjOwnerPtr@VCharClip@@@@PAV3@0ABU__false_type@2@@Z	?SetOwnerObj@?$ObjOwnerPtr@VObject@Hmx@@@@QAAXPAVObject@Hmx@@@Z	?SetObjConcrete@?$ObjRefConcrete@VCharClip@@VObjectDir@@@@QAAXPAVCharClip@@@Z
10	1	DIFF_SAMESIZE	DIFFERENT_FUNCTION	TB	bl	default/CharClipGroup	?_M_erase@?$vector@V?$ObjOwnerPtr@VCharClip@@@@V?$StlNodeAlloc@V?$ObjOwnerPtr@VCharClip@@@@@stlpmtx_std@@@stlpmtx_std@@IAAPAV?$ObjOwnerPtr@VCharClip@@@@PAV3@ABU__false_type@2@@Z	?SetOwnerObj@?$ObjOwnerPtr@VObject@Hmx@@@@QAAXPAVObject@Hmx@@@Z	?SetObjConcrete@?$ObjRefConcrete@VCharClip@@VObjectDir@@@@QAAXPAVCharClip@@@Z
10	1	DIFF_SAMESIZE	DIFFERENT_FUNCTION	TB	bl	default/CharEyes	?push_back@?$ObjVector@V?$ObjOwnerPtr@VCharClip@@@@@@QAAXABV?$ObjOwnerPtr@VCharClip@@@@@Z	?SetOwnerObj@?$ObjOwnerPtr@VObject@Hmx@@@@QAAXPAVObject@Hmx@@@Z	?SetObjConcrete@?$ObjRefConcrete@VCharClip@@VObjectDir@@@@QAAXPAVCharClip@@@Z
10	1	DIFF_SIZE	DIFFERENT_FUNCTION	TB	bl	default/Character	fn_8236DDC4	??1ObjRef@@QAA@XZ	??1?$ObjRefConcrete@VRndTransformable@@VObjectDir@@@@UAA@XZ
10	1	DIFF_SIZE	DIFFERENT_FUNCTION	TB	bl	default/Env	fn_82408970	??1ObjRef@@QAA@XZ	??1?$ObjRefConcrete@VRndTransformable@@VObjectDir@@@@UAA@XZ
10	1	DIFF_SIZE	DIFFERENT_FUNCTION	TB	bl	default/EnvAnim	fn_82487310	??1?$_Vector_base@VFilePath@@V?$StlNodeAlloc@VFilePath@@@stlpmtx_std@@@stlpmtx_std@@QAA@XZ	??1?$Keys@VVector2@@V1@@@QAA@XZ
10	1	DIFF_SIZE	DIFFERENT_FUNCTION	TB	bl	default/EnvAnim	fn_824876F8	??1?$_Vector_base@VFilePath@@V?$StlNodeAlloc@VFilePath@@@stlpmtx_std@@@stlpmtx_std@@QAA@XZ	??1?$Keys@VVector2@@V1@@@QAA@XZ
10	1	DIFF_SIZE	DIFFERENT_FUNCTION	TB	bl	default/OutfitConfig	fn_8229EB60	??1ObjRef@@QAA@XZ	??1?$ObjRefConcrete@VRndTransformable@@VObjectDir@@@@UAA@XZ
10	1	DIFF_SIZE	DIFFERENT_FUNCTION	TB	bl	default/OutfitConfig	fn_8229EBF8	??1ObjRef@@QAA@XZ	??1?$ObjRefConcrete@VRndTransformable@@VObjectDir@@@@UAA@XZ
10	1	DIFF_SIZE	DIFFERENT_FUNCTION	TB	bl	default/PartAnim	fn_824803FC	??1?$_Vector_base@VFilePath@@V?$StlNodeAlloc@VFilePath@@@stlpmtx_std@@@stlpmtx_std@@QAA@XZ	??1?$Keys@VVector2@@V1@@@QAA@XZ
10	1	DIFF_SIZE	DIFFERENT_FUNCTION	TB	bl	default/PartAnim	fn_82480428	??1?$_Vector_base@VFilePath@@V?$StlNodeAlloc@VFilePath@@@stlpmtx_std@@@stlpmtx_std@@QAA@XZ	??1?$Keys@VVector2@@V1@@@QAA@XZ
10	1	DIFF_SIZE	DIFFERENT_FUNCTION	TB	bl	default/PartAnim	fn_82480454	??1?$_Vector_base@VFilePath@@V?$StlNodeAlloc@VFilePath@@@stlpmtx_std@@@stlpmtx_std@@QAA@XZ	??1?$Keys@VVector2@@V1@@@QAA@XZ
10	1	DIFF_SIZE	DIFFERENT_FUNCTION	TB	bl	default/PartAnim	fn_82480480	??1?$_Vector_base@VFilePath@@V?$StlNodeAlloc@VFilePath@@@stlpmtx_std@@@stlpmtx_std@@QAA@XZ	??1?$Keys@VVector2@@V1@@@QAA@XZ
10	1	DIFF_SIZE	DIFFERENT_FUNCTION	TB	bl	default/PartAnim	fn_824808DC	??1?$_Vector_base@VFilePath@@V?$StlNodeAlloc@VFilePath@@@stlpmtx_std@@@stlpmtx_std@@QAA@XZ	??1?$Keys@VVector2@@V1@@@QAA@XZ
10	1	DIFF_SIZE	DIFFERENT_FUNCTION	TB	bl	default/PartAnim	fn_8248090C	??1?$_Vector_base@VFilePath@@V?$StlNodeAlloc@VFilePath@@@stlpmtx_std@@@stlpmtx_std@@QAA@XZ	??1?$Keys@VVector2@@V1@@@QAA@XZ
10	1	DIFF_SIZE	DIFFERENT_FUNCTION	TB	bl	default/PartAnim	fn_8248093C	??1?$_Vector_base@VFilePath@@V?$StlNodeAlloc@VFilePath@@@stlpmtx_std@@@stlpmtx_std@@QAA@XZ	??1?$Keys@VVector2@@V1@@@QAA@XZ
10	1	DIFF_SIZE	DIFFERENT_FUNCTION	TB	bl	default/PartAnim	fn_8248096C	??1?$_Vector_base@VFilePath@@V?$StlNodeAlloc@VFilePath@@@stlpmtx_std@@@stlpmtx_std@@QAA@XZ	??1?$Keys@VVector2@@V1@@@QAA@XZ
10	1	DIFF_SIZE	DIFFERENT_FUNCTION	TB	bl	default/PartLauncher	fn_8244FA2C	??1ObjRef@@QAA@XZ	??1?$ObjRefConcrete@VRndTransformable@@VObjectDir@@@@UAA@XZ
10	1	DIFF_SIZE	DIFFERENT_FUNCTION	TB	bl	default/PropSync	fn_824CB9A0	??1ObjRef@@QAA@XZ	??1?$ObjRefConcrete@VRndTransformable@@VObjectDir@@@@UAA@XZ
10	1	DIFF_SIZE	DIFFERENT_FUNCTION	TB	bl	default/Sequence	fn_827061D8	??1ObjRef@@QAA@XZ	??1?$ObjRefConcrete@VRndTransformable@@VObjectDir@@@@UAA@XZ
10	1	DIFF_SIZE	DIFFERENT_FUNCTION	TB	bl	default/Sfx	fn_8271E004	??1ObjRef@@QAA@XZ	??1?$ObjRefConcrete@VRndTransformable@@VObjectDir@@@@UAA@XZ
10	1	DIFF_SIZE	DIFFERENT_FUNCTION	TB	bl	default/Sfx	fn_8271E09C	??1ObjRef@@QAA@XZ	??1?$ObjRefConcrete@VRndTransformable@@VObjectDir@@@@UAA@XZ
10	1	DIFF_SIZE	DIFFERENT_FUNCTION	TB	bl	default/SongSortByDiff	?NewSongNode@SongSortByDiff@@UBAPAVOwnedSongSortNode@@PAVSongRecord@@@Z	?HasPart@BandSongMetadata@@UBA_NVSymbol@@_N@Z	?Rank@BandSongMetadata@@QBAMVSymbol@@@Z
10	2	DIFF_SIZE	DIFFERENT_FUNCTION	TB	bl	default/SongSortByStars	?NewSongNode@SongSortByStars@@UBAPAVOwnedSongSortNode@@PAVSongRecord@@@Z	?HasPart@BandSongMetadata@@UBA_NVSymbol@@_N@Z	?Rank@BandSongMetadata@@QBAMVSymbol@@@Z
10	2	DIFF_SIZE	DIFFERENT_FUNCTION	TB	bl	default/band3/meta_band/AccomplishmentManager	??RSongDifficultyCmp@@QBA_NVSymbol@@0@Z	?HasPart@BandSongMetadata@@UBA_NVSymbol@@_N@Z	?Rank@BandSongMetadata@@QBAMVSymbol@@@Z
10	2	DIFF_SIZE	DIFFERENT_FUNCTION	TB	bl	default/band3/meta_band/ViewSetting	?BuildFilters@ViewSettingsProvider@@QAAXVSymbol@@@Z	?HasPart@BandSongMetadata@@UBA_NVSymbol@@_N@Z	?Rank@BandSongMetadata@@QBAMVSymbol@@@Z
9	3	DIFF_SIZE	DIFFERENT_FUNCTION	TB	bl	default/DataFunc	?DataClamp@@YA?AVDataNode@@PAVDataArray@@@Z	??BDataArrayPtr@@QBAPAVDataArray@@XZ	?LiteralInt@DataNode@@QBAHPBVDataArray@@@Z
9	2	DIFF_SIZE	DIFFERENT_FUNCTION	TB	bl	default/DataFunc	?DataMod@@YA?AVDataNode@@PAVDataArray@@@Z	??BDataArrayPtr@@QBAPAVDataArray@@XZ	?LiteralInt@DataNode@@QBAHPBVDataArray@@@Z
9	1	DIFF_SIZE	DIFFERENT_FUNCTION	TB	bl	default/DataFunc	?DataNewArray@@YA?AVDataNode@@PAVDataArray@@@Z	??BDataArrayPtr@@QBAPAVDataArray@@XZ	?LiteralInt@DataNode@@QBAHPBVDataArray@@@Z
9	3	DIFF_SIZE	DIFFERENT_FUNCTION	TB	bl	default/DataFunc	?DataSub@@YA?AVDataNode@@PAVDataArray@@@Z	??BDataArrayPtr@@QBAPAVDataArray@@XZ	?LiteralInt@DataNode@@QBAHPBVDataArray@@@Z
8	1	DIFF_SIZE	DIFFERENT_FUNCTION	TB	bl	default/AccomplishmentPanel	fn_825FC7EC	??1UIListProvider@@UAA@XZ	??1?$_String_base@DV?$allocator@D@stlpmtx_std@@@stlpmtx_std@@IAA@XZ
8	1	DIFF_SIZE	DIFFERENT_FUNCTION	TB	bl	default/AmbientOcclusion	fn_82493388	??1DataArrayPtr@@QAA@XZ	??1DataNode@@QAA@XZ
8	1	DIFF_SIZE	DIFFERENT_FUNCTION	TB	bl	default/BandDirector	fn_82298820	??1DataArrayPtr@@QAA@XZ	??1DataNode@@QAA@XZ
8	1	DIFF_SIZE	DIFFERENT_FUNCTION	TB	bl	default/BandDirector	fn_82298B0C	??1DataArrayPtr@@QAA@XZ	??1DataNode@@QAA@XZ
8	1	DIFF_SIZE	DIFFERENT_FUNCTION	TB	bl	default/BandDirector	fn_8229931C	??1DataArrayPtr@@QAA@XZ	??1DataNode@@QAA@XZ
8	1	DIFF_SIZE	DIFFERENT_FUNCTION	TB	bl	default/BandDirector	fn_82299878	??1DataNode@@QAA@XZ	??1DataArrayPtr@@QAA@XZ
8	1	DIFF_SIZE	DIFFERENT_FUNCTION	TB	bl	default/BandDirector	fn_822998A0	??1DataNode@@QAA@XZ	??1DataArrayPtr@@QAA@XZ
8	1	DIFF_SIZE	DIFFERENT_FUNCTION	TB	bl	default/BandIKEffector	?Handle@BandIKEffector@@UAA?AVDataNode@@PAVDataArray@@_N@Z	?Handle@CharData@@UAA?AVDataNode@@PAVDataArray@@_N@Z	?Handle@CharWeightable@@UAA?AVDataNode@@PAVDataArray@@_N@Z
8	2	DIFF_SIZE	DIFFERENT_FUNCTION	TB	bl	default/ByteGrinder	?GrindArray@ByteGrinder@@QAAXJJPAEHH@Z	_snprintf	?Hx_snprintf@@YAHPADIPBDZZ
8	1	DIFF_SIZE	DIFFERENT_FUNCTION	TB	bl	default/CampaignSongInfoPanel	fn_825F646C	??1UIListProvider@@UAA@XZ	??1?$_String_base@DV?$allocator@D@stlpmtx_std@@@stlpmtx_std@@IAA@XZ
8	1	DIFF_SIZE	DIFFERENT_FUNCTION	TB	bl	default/CharBoneDir	?Handle@CharBoneTwist@@UAA?AVDataNode@@PAVDataArray@@_N@Z	?Handle@CharData@@UAA?AVDataNode@@PAVDataArray@@_N@Z	?Handle@CharWeightable@@UAA?AVDataNode@@PAVDataArray@@_N@Z
8	1	DIFF_SIZE	DIFFERENT_FUNCTION	TB	bl	default/CharIKFingers	?Handle@CharIKFingers@@UAA?AVDataNode@@PAVDataArray@@_N@Z	?Handle@CharData@@UAA?AVDataNode@@PAVDataArray@@_N@Z	?Handle@CharWeightable@@UAA?AVDataNode@@PAVDataArray@@_N@Z
8	1	DIFF_SIZE	DIFFERENT_FUNCTION	TB	bl	default/CharIKHead	?Handle@CharIKHead@@UAA?AVDataNode@@PAVDataArray@@_N@Z	?Handle@CharData@@UAA?AVDataNode@@PAVDataArray@@_N@Z	?Handle@CharWeightable@@UAA?AVDataNode@@PAVDataArray@@_N@Z
8	1	DIFF_SIZE	DIFFERENT_FUNCTION	TB	bl	default/CharIKScale	?Handle@CharIKScale@@UAA?AVDataNode@@PAVDataArray@@_N@Z	?Handle@CharData@@UAA?AVDataNode@@PAVDataArray@@_N@Z	?Handle@CharWeightable@@UAA?AVDataNode@@PAVDataArray@@_N@Z
8	1	DIFF_SIZE	DIFFERENT_FUNCTION	TB	bl	default/CharIKSliderMidi	?Handle@CharIKSliderMidi@@UAA?AVDataNode@@PAVDataArray@@_N@Z	?Handle@CharData@@UAA?AVDataNode@@PAVDataArray@@_N@Z	?Handle@CharWeightable@@UAA?AVDataNode@@PAVDataArray@@_N@Z
8	1	DIFF_SIZE	DIFFERENT_FUNCTION	TB	bl	default/CharMirror	?Handle@CharMirror@@UAA?AVDataNode@@PAVDataArray@@_N@Z	?Handle@CharData@@UAA?AVDataNode@@PAVDataArray@@_N@Z	?Handle@CharWeightable@@UAA?AVDataNode@@PAVDataArray@@_N@Z
8	1	DIFF_SIZE	DIFFERENT_FUNCTION	TB	bl	default/DataFunc	fn_8275DAF4	??1DataNode@@QAA@XZ	??1DataArrayPtr@@QAA@XZ
8	1	DIFF_SIZE	DIFFERENT_FUNCTION	TB	bl	default/DataFunc	fn_82762D68	??1DataArrayPtr@@QAA@XZ	??1DataNode@@QAA@XZ
8	1	DIFF_SIZE	DIFFERENT_FUNCTION	TB	bl	default/DirLoader	fn_8275AF20	??1DataNode@@QAA@XZ	??1DataArrayPtr@@QAA@XZ
8	1	DIFF_SIZE	DIFFERENT_FUNCTION	TB	bl	default/DirLoader	fn_8275B170	??1DataNode@@QAA@XZ	??1DataArrayPtr@@QAA@XZ
8	1	DIFF_SIZE	DIFFERENT_FUNCTION	TB	bl	default/FileMerger	?Handle@CharIKHand@@UAA?AVDataNode@@PAVDataArray@@_N@Z	?Handle@CharData@@UAA?AVDataNode@@PAVDataArray@@_N@Z	?Handle@CharWeightable@@UAA?AVDataNode@@PAVDataArray@@_N@Z
8	1	DIFF_SIZE	DIFFERENT_FUNCTION	TB	bl	default/Font	fn_82475910	??1?$_Vector_base@VTrackerPlayerDisplay@@V?$StlNodeAlloc@VTrackerPlayerDisplay@@@stlpmtx_std@@@stlpmtx_std@@QAA@XZ	??1DataNode@@QAA@XZ
8	1	DIFF_SIZE	DIFFERENT_FUNCTION	TB	bl	default/Font	fn_826DDB98	??1DataArrayPtr@@QAA@XZ	??1DataNode@@QAA@XZ
8	1	DIFF_SIZE	DIFFERENT_FUNCTION	TB	bl	default/GemTrackDir	?Deploy@GemTrackDir@@UAAXXZ	??2CriticalSection@@SAPAXI@Z	??2Task@@SAPAXI@Z
8	1	DIFF_SIZE	DIFFERENT_FUNCTION	TB	bl	default/GemTrackDir	?OnUpdateFx@GemTrackDir@@QAAXH@Z	??2CriticalSection@@SAPAXI@Z	??2Task@@SAPAXI@Z
8	1	DIFF_SIZE	DIFFERENT_FUNCTION	TB	bl	default/GemTrackDir	?PlayIntro@GemTrackDir@@UAAXXZ	??2CriticalSection@@SAPAXI@Z	??2Task@@SAPAXI@Z
8	1	DIFF_SIZE	DIFFERENT_FUNCTION	TB	bl	default/GemTrackDir	?RefreshStreakMeter@GemTrackDir@@UAAXHHH@Z	??2CriticalSection@@SAPAXI@Z	??2Task@@SAPAXI@Z
8	1	DIFF_SIZE	DIFFERENT_FUNCTION	TB	bl	default/GemTrackDir	?Retract@GemTrackDir@@UAAX_N@Z	??2CriticalSection@@SAPAXI@Z	??2Task@@SAPAXI@Z
8	1	DIFF_SIZE	DIFFERENT_FUNCTION	TB	bl	default/Locale	?LocalizeSeparatedInt@@YAPBDHAAVLocale@@@Z	_snprintf	?Hx_snprintf@@YAHPADIPBDZZ
8	1	DIFF_SIZE	DIFFERENT_FUNCTION	TB	bl	default/MainHubMessageProvider	fn_826730C0	??1UIListProvider@@UAA@XZ	??1?$_String_base@DV?$allocator@D@stlpmtx_std@@@stlpmtx_std@@IAA@XZ
8	1	DIFF_SIZE	DIFFERENT_FUNCTION	TB	bl	default/MemTracker	fn_825D67A8	??1UIListProvider@@UAA@XZ	??1?$_String_base@DV?$allocator@D@stlpmtx_std@@@stlpmtx_std@@IAA@XZ
8	1	DIFF_SIZE	DIFFERENT_FUNCTION	TB	bl	default/MeshAnim	fn_82470980	??1?$_Vector_base@VTrackerPlayerDisplay@@V?$StlNodeAlloc@VTrackerPlayerDisplay@@@stlpmtx_std@@@stlpmtx_std@@QAA@XZ	??1DataNode@@QAA@XZ
8	1	DIFF_SIZE	DIFFERENT_FUNCTION	TB	bl	default/MusicLibrary	fn_8253DCFC	??1DataNode@@QAA@XZ	??1DataArrayPtr@@QAA@XZ
8	1	DIFF_SIZE	DIFFERENT_FUNCTION	TB	bl	default/RockCentral	fn_82508E28	??1DataNode@@QAA@XZ	??1DataArrayPtr@@QAA@XZ
8	1	DIFF_SIZE	DIFFERENT_FUNCTION	TB	bl	default/Song	fn_827C6074	??1DataArrayPtr@@QAA@XZ	??1DataNode@@QAA@XZ
8	1	DIFF_SIZE	DIFFERENT_FUNCTION	TB	bl	default/StringTable	fn_827C908C	??1?$_Vector_base@VTrackerPlayerDisplay@@V?$StlNodeAlloc@VTrackerPlayerDisplay@@@stlpmtx_std@@@stlpmtx_std@@QAA@XZ	??1DataNode@@QAA@XZ
8	1	DIFF_SIZE	DIFFERENT_FUNCTION	TB	bl	default/Task	?OnScriptTask@@YA?AVDataNode@@PAVDataArray@@@Z	??2CriticalSection@@SAPAXI@Z	??2Task@@SAPAXI@Z
8	1	DIFF_SIZE	DIFFERENT_FUNCTION	TB	bl	default/Task	?OnThreadTask@@YA?AVDataNode@@PAVDataArray@@@Z	??2CriticalSection@@SAPAXI@Z	??2Task@@SAPAXI@Z
8	1	DIFF_SIZE	DIFFERENT_FUNCTION	TB	bl	default/TexBlender	fn_8248C3B8	??1?$_Vector_base@VTrackerPlayerDisplay@@V?$StlNodeAlloc@VTrackerPlayerDisplay@@@stlpmtx_std@@@stlpmtx_std@@QAA@XZ	??1DataNode@@QAA@XZ
8	1	DIFF_SIZE	DIFFERENT_FUNCTION	TB	bl	default/TexBlender	fn_8248C3E0	??1?$_Vector_base@VTrackerPlayerDisplay@@V?$StlNodeAlloc@VTrackerPlayerDisplay@@@stlpmtx_std@@@stlpmtx_std@@QAA@XZ	??1DataNode@@QAA@XZ
8	1	DIFF_SIZE	DIFFERENT_FUNCTION	TB	bl	default/TexBlender	fn_8248C408	??1?$_Vector_base@VTrackerPlayerDisplay@@V?$StlNodeAlloc@VTrackerPlayerDisplay@@@stlpmtx_std@@@stlpmtx_std@@QAA@XZ	??1DataNode@@QAA@XZ
8	1	DIFF_SIZE	DIFFERENT_FUNCTION	TB	bl	default/TextStream	??6TextStream@@QAAAAV0@D@Z	_snprintf	?Hx_snprintf@@YAHPADIPBDZZ
8	1	DIFF_SIZE	DIFFERENT_FUNCTION	TB	bl	default/TextStream	??6TextStream@@QAAAAV0@E@Z	_snprintf	?Hx_snprintf@@YAHPADIPBDZZ
8	1	DIFF_SIZE	DIFFERENT_FUNCTION	TB	bl	default/TextStream	??6TextStream@@QAAAAV0@H@Z	_snprintf	?Hx_snprintf@@YAHPADIPBDZZ
8	1	DIFF_SIZE	DIFFERENT_FUNCTION	TB	bl	default/TextStream	??6TextStream@@QAAAAV0@I@Z	_snprintf	?Hx_snprintf@@YAHPADIPBDZZ
8	1	DIFF_SIZE	DIFFERENT_FUNCTION	TB	bl	default/TextStream	??6TextStream@@QAAAAV0@M@Z	_snprintf	?Hx_snprintf@@YAHPADIPBDZZ
8	1	DIFF_SIZE	DIFFERENT_FUNCTION	TB	bl	default/TrackPanelDir	?SetMultiplier@TrackPanelDir@@UAAXH_N@Z	??2CriticalSection@@SAPAXI@Z	??2Task@@SAPAXI@Z
8	1	DIFF_SIZE	DIFFERENT_FUNCTION	TB	bl	default/TrackWatcherImpl	fn_82480F84	??1?$_Vector_base@VTrackerPlayerDisplay@@V?$StlNodeAlloc@VTrackerPlayerDisplay@@@stlpmtx_std@@@stlpmtx_std@@QAA@XZ	??1DataNode@@QAA@XZ
8	1	DIFF_SIZE	DIFFERENT_FUNCTION	TB	bl	default/UIFontImporter	fn_8281C868	??1?$_Vector_base@VTrackerPlayerDisplay@@V?$StlNodeAlloc@VTrackerPlayerDisplay@@@stlpmtx_std@@@stlpmtx_std@@QAA@XZ	??1DataNode@@QAA@XZ
8	1	DIFF_SIZE	DIFFERENT_FUNCTION	TB	bl	default/band3/game/PracticeSectionProvider	fn_826CFF64	??1UIListProvider@@UAA@XZ	??1?$_String_base@DV?$allocator@D@stlpmtx_std@@@stlpmtx_std@@IAA@XZ
8	1	DIFF_SIZE	DIFFERENT_FUNCTION	TB	bl	default/band3/meta_band/InstrumentFinishProvider	fn_8266FBFC	??1UIListProvider@@UAA@XZ	??1?$_String_base@DV?$allocator@D@stlpmtx_std@@@stlpmtx_std@@IAA@XZ
8	1	DIFF_SIZE	DIFFERENT_FUNCTION	TB	bl	default/band3/meta_band/LessonProvider	fn_82674AE4	??1UIListProvider@@UAA@XZ	??1?$_String_base@DV?$allocator@D@stlpmtx_std@@@stlpmtx_std@@IAA@XZ
8	1	DIFF_SIZE	DIFFERENT_FUNCTION	TB	bl	default/band3/meta_band/ManageBandPanel	fn_82625800	??1UIListProvider@@UAA@XZ	??1?$_String_base@DV?$allocator@D@stlpmtx_std@@@stlpmtx_std@@IAA@XZ
8	1	DIFF_SIZE	DIFFERENT_FUNCTION	TB	bl	default/band3/meta_band/StoreOfferProvider	fn_82665338	??1DataArrayPtr@@QAA@XZ	??1DataNode@@QAA@XZ
8	1	DIFF_SIZE	DIFFERENT_FUNCTION	TB	bl	default/band3/meta_band/StoreOfferProvider	fn_82665458	??1DataNode@@QAA@XZ	??1DataArrayPtr@@QAA@XZ
7	1	DIFF_SIZE	DIFFERENT_FUNCTION	TB	bl	default/AccomplishmentPanel	??$__linear_insert@PAVSymbol@@V1@VAccomplishmentCategoryCmp@@@stlpmtx_std@@YAXPAVSymbol@@0V1@VAccomplishmentCategoryCmp@@@Z	??RAccomplishmentCmp@@QBA_NVSymbol@@0@Z	??RAccomplishmentCategoryCmp@@QBA_NVSymbol@@0@Z
7	1	DIFF_SIZE	DIFFERENT_FUNCTION	TB	bl	default/AccomplishmentPanel	??$__lower_bound@PAVSymbol@@V1@VAccomplishmentCategoryCmp@@H@stlpmtx_std@@YAPAVSymbol@@PAV1@0ABV1@VAccomplishmentCategoryCmp@@PAH@Z	??RAccomplishmentCmp@@QBA_NVSymbol@@0@Z	??RAccomplishmentCategoryCmp@@QBA_NVSymbol@@0@Z
7	1	DIFF_SIZE	DIFFERENT_FUNCTION	TB	bl	default/AccomplishmentPanel	??$__merge_backward@PAVSymbol@@PAV1@PAV1@VAccomplishmentCategoryCmp@@@stlpmtx_std@@YAPAVSymbol@@PAV1@0000VAccomplishmentCategoryCmp@@@Z	??RAccomplishmentCmp@@QBA_NVSymbol@@0@Z	??RAccomplishmentCategoryCmp@@QBA_NVSymbol@@0@Z
7	1	DIFF_SIZE	DIFFERENT_FUNCTION	TB	bl	default/AccomplishmentPanel	??$__merge_without_buffer@PAVSymbol@@HVAccomplishmentCategoryCmp@@@stlpmtx_std@@YAXPAVSymbol@@00HHVAccomplishmentCategoryCmp@@@Z	??RAccomplishmentCmp@@QBA_NVSymbol@@0@Z	??RAccomplishmentCategoryCmp@@QBA_NVSymbol@@0@Z
7	1	DIFF_SIZE	DIFFERENT_FUNCTION	TB	bl	default/AccomplishmentPanel	??$__unguarded_linear_insert@PAVSymbol@@V1@VAccomplishmentCategoryCmp@@@stlpmtx_std@@YAXPAVSymbol@@V1@VAccomplishmentCategoryCmp@@@Z	??RAccomplishmentCmp@@QBA_NVSymbol@@0@Z	??RAccomplishmentCategoryCmp@@QBA_NVSymbol@@0@Z
7	1	DIFF_SIZE	DIFFERENT_FUNCTION	TB	bl	default/AccomplishmentPanel	??$__upper_bound@PAVSymbol@@V1@VAccomplishmentCategoryCmp@@H@stlpmtx_std@@YAPAVSymbol@@PAV1@0ABV1@VAccomplishmentCategoryCmp@@PAH@Z	??RAccomplishmentCmp@@QBA_NVSymbol@@0@Z	??RAccomplishmentCategoryCmp@@QBA_NVSymbol@@0@Z
7	1	DIFF_SIZE	DIFFERENT_FUNCTION	TB	bl	default/AccomplishmentPanel	??$merge@PAVSymbol@@PAV1@PAV1@VAccomplishmentCategoryCmp@@@stlpmtx_std@@YAPAVSymbol@@PAV1@0000VAccomplishmentCategoryCmp@@@Z	??RAccomplishmentCmp@@QBA_NVSymbol@@0@Z	??RAccomplishmentCategoryCmp@@QBA_NVSymbol@@0@Z
7	1	DIFF_SAMESIZE	DIFFERENT_FUNCTION	TB	bl	default/BaseGuitarTrackWatcherImpl	?CanHopo@BaseGuitarTrackWatcherImpl@@QBA_NH@Z	?Loose@GameGem@@QBA_NXZ	?IsRealGuitar@GameGem@@QBA_NXZ
7	1	DIFF_SAMESIZE	DIFFERENT_FUNCTION	TB	bl	default/GemManager	?RollStartsAt@GemManager@@QBA_NHABVGameGem@@AAHAAI@Z	?Loose@GameGem@@QBA_NXZ	?IsRealGuitar@GameGem@@QBA_NXZ
7	1	DIFF_SAMESIZE	DIFFERENT_FUNCTION	TB	bl	default/GemManager	?TrillStartsAt@GemManager@@QBA_NHABVGameGem@@AAH@Z	?Loose@GameGem@@QBA_NXZ	?IsRealGuitar@GameGem@@QBA_NXZ
7	1	DIFF_SIZE	DIFFERENT_FUNCTION	TB	bl	default/MeshAnim	fn_8246B388	??1?$_Vector_base@VStreakList@Scoring@@V?$StlNodeAlloc@VStreakList@Scoring@@@stlpmtx_std@@@stlpmtx_std@@QAA@XZ	??1DataNode@@QAA@XZ
7	1	DIFF_SIZE	DIFFERENT_FUNCTION	TB	bl	default/MeshAnim	fn_8246F52C	??1?$_Vector_base@VStreakList@Scoring@@V?$StlNodeAlloc@VStreakList@Scoring@@@stlpmtx_std@@@stlpmtx_std@@QAA@XZ	??1DataNode@@QAA@XZ
7	1	DIFF_SIZE	DIFFERENT_FUNCTION	TB	bl	default/MeshAnim	fn_824708C8	??1?$_Vector_base@VStreakList@Scoring@@V?$StlNodeAlloc@VStreakList@Scoring@@@stlpmtx_std@@@stlpmtx_std@@QAA@XZ	??1DataNode@@QAA@XZ
7	1	DIFF_SIZE	DIFFERENT_FUNCTION	TB	bl	default/MeshAnim	fn_82470A38	??1?$_Vector_base@VStreakList@Scoring@@V?$StlNodeAlloc@VStreakList@Scoring@@@stlpmtx_std@@@stlpmtx_std@@QAA@XZ	??1DataNode@@QAA@XZ
7	1	DIFF_SIZE	DIFFERENT_FUNCTION	TB	bl	default/MeshAnim	fn_82470CA8	??1?$_Vector_base@VStreakList@Scoring@@V?$StlNodeAlloc@VStreakList@Scoring@@@stlpmtx_std@@@stlpmtx_std@@QAA@XZ	??1DataNode@@QAA@XZ
7	1	DIFF_SIZE	DIFFERENT_FUNCTION	TB	bl	default/RockCentral	fn_82286DDC	??1ObjRef@@QAA@XZ	??1Message@@UAA@XZ
7	1	DIFF_SIZE	DIFFERENT_FUNCTION	TB	bl	default/RockCentral	fn_82286E64	??1ObjRef@@QAA@XZ	??1Message@@UAA@XZ
7	1	DIFF_SIZE	DIFFERENT_FUNCTION	TB	bl	default/RockCentral	fn_82287194	??1ObjRef@@QAA@XZ	??1Message@@UAA@XZ
7	1	DIFF_SIZE	DIFFERENT_FUNCTION	TB	bl	default/RockCentral	fn_8228721C	??1ObjRef@@QAA@XZ	??1Message@@UAA@XZ
7	1	DIFF_SIZE	DIFFERENT_FUNCTION	TB	bl	default/RockCentral	fn_822872A4	??1ObjRef@@QAA@XZ	??1Message@@UAA@XZ
7	1	DIFF_SIZE	DIFFERENT_FUNCTION	TB	bl	default/RockCentral	fn_8249B864	??1ObjRef@@QAA@XZ	??1Message@@UAA@XZ
7	1	DIFF_SAMESIZE	DIFFERENT_FUNCTION	TB	bl	default/TrackWatcherImpl	?SendSeen@TrackWatcherImpl@@QAAXMH@Z	?Loose@GameGem@@QBA_NXZ	?IsRealGuitar@GameGem@@QBA_NXZ
7	1	DIFF_SIZE	DIFFERENT_FUNCTION	TB	bl	default/UIList	fn_82777720	??1?$_Vector_base@VStreakList@Scoring@@V?$StlNodeAlloc@VStreakList@Scoring@@@stlpmtx_std@@@stlpmtx_std@@QAA@XZ	??1DataNode@@QAA@XZ
7	1	DIFF_SIZE	DIFFERENT_FUNCTION	TB	bl	default/VocalTrackDir	fn_822F8AC4	??1ObjRef@@QAA@XZ	??1Message@@UAA@XZ
7	2	DIFF_SAMESIZE	DIFFERENT_FUNCTION	TB	bl	default/band3/bandtrack/Gem	?AddInstance@Gem@@QAAXVSymbol@@H@Z	?Loose@GameGem@@QBA_NXZ	?IsRealGuitar@GameGem@@QBA_NXZ
7	1	DIFF_SAMESIZE	DIFFERENT_FUNCTION	TB	bl	default/band3/bandtrack/Gem	?CreateWidgetInstances@Gem@@QAAXVSymbol@@@Z	?Loose@GameGem@@QBA_NXZ	?IsRealGuitar@GameGem@@QBA_NXZ
7	1	DIFF_SIZE	DIFFERENT_FUNCTION	TB	bl	default/system/rndobj/Utl	fn_824398C0	??1?$_Vector_base@VStreakList@Scoring@@V?$StlNodeAlloc@VStreakList@Scoring@@@stlpmtx_std@@@stlpmtx_std@@QAA@XZ	??1DataNode@@QAA@XZ
6	1	DIFF_SIZE	DIFFERENT_FUNCTION	TB	bl	default/AmbientOcclusion	fn_824933B0	??1DataNode@@QAA@XZ	??1BinStreamRev@@UAA@XZ
6	2	DIFF_SIZE	REVIEW	TB	bl	default/BandDirector	?_M_fill_insert_aux@?$vector@V?$Key@VObjectStage@@@@V?$StlNodeAlloc@V?$Key@VObjectStage@@@@@stlpmtx_std@@@stlpmtx_std@@AAAXPAV?$Key@VObjectStage@@@@IABV3@ABU__false_type@2@@Z	??$__uninitialized_copy@PBVPracticeStep@@PAV1@@stlpmtx_std@@YAPAVPracticeStep@@PBV1@0PAV1@ABU__false_type@0@@Z	??$__uninitialized_copy@PAV?$Key@VObjectStage@@@@PAV1@@stlpmtx_std@@YAPAV?$Key@VObjectStage@@@@PAV1@00ABU__false_type@0@@Z
6	2	DIFF_SIZE	REVIEW	TB	bl	default/BandDirector	?_M_insert_overflow_aux@?$vector@V?$Key@VObjectStage@@@@V?$StlNodeAlloc@V?$Key@VObjectStage@@@@@stlpmtx_std@@@stlpmtx_std@@IAAXPAV?$Key@VObjectStage@@@@ABV3@ABU__false_type@2@I_N@Z	??$__uninitialized_copy@PBVPracticeStep@@PAV1@@stlpmtx_std@@YAPAVPracticeStep@@PBV1@0PAV1@ABU__false_type@0@@Z	??$__uninitialized_copy@PAV?$Key@VObjectStage@@@@PAV1@@stlpmtx_std@@YAPAV?$Key@VObjectStage@@@@PAV1@00ABU__false_type@0@@Z
6	1	DIFF_SIZE	DIFFERENT_FUNCTION	TB	bl	default/BandMachineMgr	fn_825C2D70	??1NetMessage@@UAA@XZ	??1Message@@UAA@XZ
6	1	DIFF_SIZE	DIFFERENT_FUNCTION	TB	bl	default/BandSongMetadata	?resize@?$hashtable@U?$pair@$$CBVSymbol@@M@stlpmtx_std@@VSymbol@@U?$hash@VSymbol@@@2@U?$_HashMapTraitsT@U?$pair@$$CBVSymbol@@M@stlpmtx_std@@@priv@2@U?$_Select1st@U?$pair@$$CBVSymbol@@M@stlpmtx_std@@@2@U?$equal_to@VSymbol@@@2@V?$StlNodeAlloc@U?$pair@$$CBVSymbol@@M@stlpmtx_std@@@2@@stlpmtx_std@@QAAXI@Z	?erase@?$list@PAVFileCache@@V?$StlNodeAlloc@PAVFileCache@@@stlpmtx_std@@@stlpmtx_std@@QAA?AU?$_List_iterator@PAVFileCache@@U?$_Nonconst_traits@PAVFileCache@@@stlpmtx_std@@@2@U32@0@Z	?_S_next_size@?$_Stl_prime@_N@priv@stlpmtx_std@@SAII@Z
6	1	DIFF_SIZE	DIFFERENT_FUNCTION	TB	bl	default/CharBoneDir	fn_823B7D9C	??1DataNode@@QAA@XZ	??1BinStreamRev@@UAA@XZ
6	1	DIFF_SIZE	DIFFERENT_FUNCTION	TB	bl	default/CharServoBone	fn_823762AC	??1DataNode@@QAA@XZ	??1BinStreamRev@@UAA@XZ
6	2	DIFF_SAMESIZE	DIFFERENT_FUNCTION	TB	bl	default/CharSignalApplier	??4?$vector@UBoneOp@CharSignalApplier@@V?$StlNodeAlloc@UBoneOp@CharSignalApplier@@@stlpmtx_std@@@stlpmtx_std@@QAAAAV01@ABV01@@Z	??4HighlightObject@@QAAAAV0@ABV0@@Z	??4BoneOp@CharSignalApplier@@QAAAAU01@ABU01@@Z
6	1	DIFF_SAMESIZE	DIFFERENT_FUNCTION	TB	bl	default/CharSignalApplier	?_M_erase@?$vector@UBoneOp@CharSignalApplier@@V?$StlNodeAlloc@UBoneOp@CharSignalApplier@@@stlpmtx_std@@@stlpmtx_std@@IAAPAUBoneOp@CharSignalApplier@@PAU34@0ABU__false_type@2@@Z	??4HighlightObject@@QAAAAV0@ABV0@@Z	??4BoneOp@CharSignalApplier@@QAAAAU01@ABU01@@Z
6	1	DIFF_SIZE	DIFFERENT_FUNCTION	TB	bl	default/DataFile	fn_822E4FA8	??1?$ObjRefConcrete@VFlowLabel@@VObjectDir@@@@UAA@XZ	??1String@@UAA@XZ
6	1	DIFF_SIZE	DIFFERENT_FUNCTION	TB	bl	default/DataFile	fn_822E5010	??1?$ObjRefConcrete@VFlowLabel@@VObjectDir@@@@UAA@XZ	??1String@@UAA@XZ
6	1	DIFF_SIZE	DIFFERENT_FUNCTION	TB	bl	default/DeployCountTracker	fn_826DCB54	??1Tracker@@UAA@XZ	??1?$_String_base@DV?$allocator@D@stlpmtx_std@@@stlpmtx_std@@IAA@XZ
6	3	DIFF_SIZE	DIFFERENT_FUNCTION	TB	bl	default/DirLoader	??$_S_sort@VSymbol@@V?$StlNodeAlloc@VSymbol@@@stlpmtx_std@@USymbolSort@@@stlpmtx_std@@YAXAAV?$list@VSymbol@@V?$StlNodeAlloc@VSymbol@@@stlpmtx_std@@@0@USymbolSort@@@Z	?swap@?$list@VBSPFace@@V?$StlNodeAlloc@VBSPFace@@@stlpmtx_std@@@stlpmtx_std@@QAAXAAV12@@Z	?swap@?$list@VSymbol@@V?$StlNodeAlloc@VSymbol@@@stlpmtx_std@@@stlpmtx_std@@QAAXAAV12@@Z
6	1	DIFF_SIZE	DIFFERENT_FUNCTION	TB	bl	default/FileMerger	fn_82391D88	??1DataNode@@QAA@XZ	??1BinStreamRev@@UAA@XZ
6	1	DIFF_SIZE	DIFFERENT_FUNCTION	TB	bl	default/FocusTracker	fn_826D877C	??1Tracker@@UAA@XZ	??1?$_String_base@DV?$allocator@D@stlpmtx_std@@@stlpmtx_std@@IAA@XZ
6	1	DIFF_SIZE	DIFFERENT_FUNCTION	TB	bl	default/HamCamTransform	fn_822A4A68	??1?$ObjRefConcrete@VCharLookAt@@VObjectDir@@@@UAA@XZ	??1ObjRefOwner@@UAA@XZ
6	1	DIFF_SIZE	DIFFERENT_FUNCTION	TB	bl	default/HamCamTransform	fn_822AB764	??1ObjRef@@QAA@XZ	??3@YAXPAX@Z
6	1	DIFF_SIZE	DIFFERENT_FUNCTION	TB	bl	default/HamCamTransform	fn_822AB7B8	??1ObjRef@@QAA@XZ	??3@YAXPAX@Z
6	1	DIFF_SIZE	DIFFERENT_FUNCTION	TB	bl	default/Instance	fn_824EA05C	??1DataNode@@QAA@XZ	??1BinStreamRev@@UAA@XZ
6	1	DIFF_SIZE	DIFFERENT_FUNCTION	TB	bl	default/MainHubPanel	fn_8261FC00	??1NetMessage@@UAA@XZ	??1Message@@UAA@XZ
6	1	DIFF_SIZE	DIFFERENT_FUNCTION	TB	bl	default/MainHubPanel	fn_8261FCC8	??1NetMessage@@UAA@XZ	??1Message@@UAA@XZ
6	1	DIFF_SIZE	DIFFERENT_FUNCTION	TB	bl	default/MeshDeform	fn_8240D068	??1ObjRef@@QAA@XZ	??3@YAXPAX@Z
6	1	DIFF_SIZE	DIFFERENT_FUNCTION	TB	bl	default/MidiSynth	fn_824CC924	??1?$ObjRefConcrete@VCharLookAt@@VObjectDir@@@@UAA@XZ	??1ObjRefOwner@@UAA@XZ
6	1	DIFF_SIZE	DIFFERENT_FUNCTION	TB	bl	default/Morph	fn_82483984	??1?$ObjRefConcrete@VCharLookAt@@VObjectDir@@@@UAA@XZ	??1ObjRefOwner@@UAA@XZ
6	1	DIFF_SIZE	DIFFERENT_FUNCTION	TB	bl	default/Morph	fn_824839F0	??1?$ObjRefConcrete@VCharLookAt@@VObjectDir@@@@UAA@XZ	??1ObjRefOwner@@UAA@XZ
6	1	DIFF_SIZE	DIFFERENT_FUNCTION	TB	bl	default/MoviePanel	?Exit@MoviePanel@@UAAXXZ	?find@FixedString@@QBAID@Z	?End@Movie@@QAAXXZ
6	1	DIFF_SIZE	DIFFERENT_FUNCTION	TB	bl	default/MoviePanel	?Poll@MoviePanel@@UAAXXZ	?find@FixedString@@QBAID@Z	?End@Movie@@QAAXXZ
6	1	DIFF_SIZE	DIFFERENT_FUNCTION	TB	bl	default/MoviePanel	?Unload@MoviePanel@@UAAXXZ	?find@FixedString@@QBAID@Z	?End@Movie@@QAAXXZ
6	3	DIFF_SAMESIZE	DIFFERENT_FUNCTION	TB	bl	default/OutfitConfig	?_M_fill_insert_aux@?$vector@UBoneOp@CharSignalApplier@@V?$StlNodeAlloc@UBoneOp@CharSignalApplier@@@stlpmtx_std@@@stlpmtx_std@@AAAXPAUBoneOp@CharSignalApplier@@IABU34@ABU__false_type@2@@Z	??4HighlightObject@@QAAAAV0@ABV0@@Z	??4BoneOp@CharSignalApplier@@QAAAAU01@ABU01@@Z
6	1	DIFF_SIZE	DIFFERENT_FUNCTION	TB	bl	default/OutfitConfig	fn_8229E220	??1?$ObjRefConcrete@VCharLookAt@@VObjectDir@@@@UAA@XZ	??1ObjRefOwner@@UAA@XZ
6	1	DIFF_SIZE	DIFFERENT_FUNCTION	TB	bl	default/OverdriveTracker	fn_826DE1F4	??1Tracker@@UAA@XZ	??1?$_String_base@DV?$allocator@D@stlpmtx_std@@@stlpmtx_std@@IAA@XZ
6	1	DIFF_SIZE	DIFFERENT_FUNCTION	TB	bl	default/OvershellSlot	?OnMsg@OvershellSlot@@QAA?AVDataNode@@ABVUIComponentSelectMsg@@@Z	?NuipHeadOrientationAllowTitleChangeColorSettings@@YAHXZ	??9DataNode@@QBA_NABV0@@Z
6	2	DIFF_SIZE	REVIEW	TB	bl	default/PropKeys	??$_M_range_insert_aux@PBV?$Key@VObjectStage@@@@@?$vector@V?$Key@VObjectStage@@@@V?$StlNodeAlloc@V?$Key@VObjectStage@@@@@stlpmtx_std@@@stlpmtx_std@@AAAXPAV?$Key@VObjectStage@@@@PBV2@1IABU__false_type@1@@Z	??$__uninitialized_copy@PBVPracticeStep@@PAV1@@stlpmtx_std@@YAPAVPracticeStep@@PBV1@0PAV1@ABU__false_type@0@@Z	??$__uninitialized_copy@PAV?$Key@VObjectStage@@@@PAV1@@stlpmtx_std@@YAPAV?$Key@VObjectStage@@@@PAV1@00ABU__false_type@0@@Z
6	1	DIFF_SIZE	DIFFERENT_FUNCTION	TB	bl	default/PropSync	fn_824CB418	??1?$ObjRefConcrete@VCharLookAt@@VObjectDir@@@@UAA@XZ	??1ObjRefOwner@@UAA@XZ
6	1	DIFF_SIZE	DIFFERENT_FUNCTION	TB	bl	default/RockCentral	fn_823F27B8	??1NetMessage@@UAA@XZ	??1Message@@UAA@XZ
6	1	DIFF_SIZE	DIFFERENT_FUNCTION	TB	bl	default/RockCentral	fn_825C2CCC	??1NetMessage@@UAA@XZ	??1Message@@UAA@XZ
6	1	DIFF_SIZE	DIFFERENT_FUNCTION	TB	bl	default/SongSortByRank	?resize@?$hashtable@U?$pair@$$CBHU?$pair@H_N@stlpmtx_std@@@stlpmtx_std@@HU?$hash@H@2@U?$_HashMapTraitsT@U?$pair@$$CBHU?$pair@H_N@stlpmtx_std@@@stlpmtx_std@@@priv@2@U?$_Select1st@U?$pair@$$CBHU?$pair@H_N@stlpmtx_std@@@stlpmtx_std@@@2@U?$equal_to@H@2@V?$StlNodeAlloc@U?$pair@$$CBHU?$pair@H_N@stlpmtx_std@@@stlpmtx_std@@@2@@stlpmtx_std@@QAAXI@Z	?erase@?$list@PAVFileCache@@V?$StlNodeAlloc@PAVFileCache@@@stlpmtx_std@@@stlpmtx_std@@QAA?AU?$_List_iterator@PAVFileCache@@U?$_Nonconst_traits@PAVFileCache@@@stlpmtx_std@@@2@U32@0@Z	?_S_next_size@?$_Stl_prime@_N@priv@stlpmtx_std@@SAII@Z
6	1	DIFF_SIZE	DIFFERENT_FUNCTION	TB	bl	default/SongStatusMgr	?resize@?$hashtable@U?$pair@$$CBHPAVSongStatus@@@stlpmtx_std@@HU?$hash@H@2@U?$_HashMapTraitsT@U?$pair@$$CBHPAVSongStatus@@@stlpmtx_std@@@priv@2@U?$_Select1st@U?$pair@$$CBHPAVSongStatus@@@stlpmtx_std@@@2@U?$equal_to@H@2@V?$StlNodeAlloc@U?$pair@$$CBHPAVSongStatus@@@stlpmtx_std@@@2@@stlpmtx_std@@QAAXI@Z	?erase@?$list@PAVFileCache@@V?$StlNodeAlloc@PAVFileCache@@@stlpmtx_std@@@stlpmtx_std@@QAA?AU?$_List_iterator@PAVFileCache@@U?$_Nonconst_traits@PAVFileCache@@@stlpmtx_std@@@2@U32@0@Z	?_S_next_size@?$_Stl_prime@_N@priv@stlpmtx_std@@SAII@Z
6	1	DIFF_SIZE	DIFFERENT_FUNCTION	TB	bl	default/StreakTracker	fn_826DF7F4	??1Tracker@@UAA@XZ	??1?$_String_base@DV?$allocator@D@stlpmtx_std@@@stlpmtx_std@@IAA@XZ
6	1	DIFF_SIZE	DIFFERENT_FUNCTION	TB	bl	default/TexMovie	??1TexMovie@@UAA@XZ	?find@FixedString@@QBAID@Z	?End@Movie@@QAAXXZ
6	1	DIFF_SIZE	DIFFERENT_FUNCTION	TB	bl	default/TexMovie	?OnPlayMovie@TexMovie@@IAA?AVDataNode@@PAVDataArray@@@Z	?find@FixedString@@QBAID@Z	?End@Movie@@QAAXXZ
6	1	DIFF_SIZE	DIFFERENT_FUNCTION	TB	bl	default/TexMovie	?SetFile@TexMovie@@QAAXABVFilePath@@@Z	?find@FixedString@@QBAID@Z	?End@Movie@@QAAXXZ
6	1	DIFF_SIZE	DIFFERENT_FUNCTION	TB	bl	default/UIList	?OnMsg@UIList@@IAA?AVDataNode@@ABVButtonDownMsg@@@Z	?NuipHeadOrientationAllowTitleChangeColorSettings@@YAHXZ	??9DataNode@@QBA_NABV0@@Z
6	3	DIFF_SIZE	DIFFERENT_FUNCTION	TB	bl	default/VocalTrack	??$_S_sort@VSymbol@@V?$StlNodeAlloc@VSymbol@@@stlpmtx_std@@U?$less@VSymbol@@@3@@stlpmtx_std@@YAXAAV?$list@VSymbol@@V?$StlNodeAlloc@VSymbol@@@stlpmtx_std@@@0@U?$less@VSymbol@@@0@@Z	?swap@?$list@VBSPFace@@V?$StlNodeAlloc@VBSPFace@@@stlpmtx_std@@@stlpmtx_std@@QAAXAAV12@@Z	?swap@?$list@VSymbol@@V?$StlNodeAlloc@VSymbol@@@stlpmtx_std@@@stlpmtx_std@@QAAXAAV12@@Z
6	1	DIFF_SIZE	DIFFERENT_FUNCTION	TB	bl	default/VocalTrack	fn_82BA9DB4	??1ObjRef@@QAA@XZ	??3@YAXPAX@Z
6	1	DIFF_SIZE	DIFFERENT_FUNCTION	TB	bl	default/VocalTrack	fn_82BA9E08	??1ObjRef@@QAA@XZ	??3@YAXPAX@Z
6	1	DIFF_SIZE	DIFFERENT_FUNCTION	TB	bl	default/VocalTrack	fn_82BA9FE8	??1ObjRef@@QAA@XZ	??3@YAXPAX@Z
6	2	DIFF_SAMESIZE	DIFFERENT_FUNCTION	TB	bl	default/Waypoint	??4?$vector@V?$ObjOwnerPtr@VWaypoint@@@@V?$StlNodeAlloc@V?$ObjOwnerPtr@VWaypoint@@@@@stlpmtx_std@@@stlpmtx_std@@QAAAAV01@ABV01@@Z	?SetOwnerObj@?$ObjOwnerPtr@VCharInterest@@@@QAAXPAVCharInterest@@@Z	?SetObjConcrete@?$ObjRefConcrete@VWaypoint@@VObjectDir@@@@QAAXPAVWaypoint@@@Z
6	1	DIFF_SAMESIZE	DIFFERENT_FUNCTION	TB	bl	default/Waypoint	?_M_erase@?$vector@V?$ObjOwnerPtr@VWaypoint@@@@V?$StlNodeAlloc@V?$ObjOwnerPtr@VWaypoint@@@@@stlpmtx_std@@@stlpmtx_std@@IAAPAV?$ObjOwnerPtr@VWaypoint@@@@PAV3@ABU__false_type@2@@Z	?SetOwnerObj@?$ObjOwnerPtr@VCharInterest@@@@QAAXPAVCharInterest@@@Z	?SetObjConcrete@?$ObjRefConcrete@VWaypoint@@VObjectDir@@@@QAAXPAVWaypoint@@@Z
6	3	DIFF_SAMESIZE	DIFFERENT_FUNCTION	TB	bl	default/Waypoint	?_M_fill_insert_aux@?$vector@V?$ObjOwnerPtr@VWaypoint@@@@V?$StlNodeAlloc@V?$ObjOwnerPtr@VWaypoint@@@@@stlpmtx_std@@@stlpmtx_std@@AAAXPAV?$ObjOwnerPtr@VWaypoint@@@@IABV3@ABU__false_type@2@@Z	?SetOwnerObj@?$ObjOwnerPtr@VCharInterest@@@@QAAXPAVCharInterest@@@Z	?SetObjConcrete@?$ObjRefConcrete@VWaypoint@@VObjectDir@@@@QAAXPAVWaypoint@@@Z
6	2	DIFF_SIZE	DIFFERENT_FUNCTION	TB	bl	default/WebSvcMgrCurl	??$make_pair@VString@@V1@@stlpmtx_std@@YA?AU?$pair@VString@@V1@@0@VString@@0@Z	??1?$ObjRefConcrete@VFlowLabel@@VObjectDir@@@@UAA@XZ	??1String@@UAA@XZ
6	1	DIFF_SIZE	DIFFERENT_FUNCTION	TB	bl	default/WebSvcMgrCurl	fn_822E7590	??1?$ObjRefConcrete@VFlowLabel@@VObjectDir@@@@UAA@XZ	??1String@@UAA@XZ
6	1	DIFF_SIZE	DIFFERENT_FUNCTION	TB	bl	default/WebSvcMgrCurl	fn_822E75B8	??1?$ObjRefConcrete@VFlowLabel@@VObjectDir@@@@UAA@XZ	??1String@@UAA@XZ
6	1	DIFF_SIZE	DIFFERENT_FUNCTION	TB	bl	default/band3/game/PerfectOverdriveTracker	fn_826E0F9C	??1Tracker@@UAA@XZ	??1?$_String_base@DV?$allocator@D@stlpmtx_std@@@stlpmtx_std@@IAA@XZ
6	1	DIFF_SIZE	DIFFERENT_FUNCTION	TB	bl	default/band3/game/PerfectSectionTracker	fn_826DB028	??1Tracker@@UAA@XZ	??1?$_String_base@DV?$allocator@D@stlpmtx_std@@@stlpmtx_std@@IAA@XZ
6	1	DIFF_SIZE	DIFFERENT_FUNCTION	TB	bl	default/band3/game/UISyncNetMsgs	fn_8269F484	??1NetMessage@@UAA@XZ	??1Message@@UAA@XZ
6	1	DIFF_SIZE	DIFFERENT_FUNCTION	TB	bl	default/band3/meta_band/AssetMgr	?_M_initialize_buckets@?$hashtable@U?$pair@$$CBVSymbol@@PAVAsset@@@stlpmtx_std@@VSymbol@@U?$hash@VSymbol@@@2@U?$_HashMapTraitsT@U?$pair@$$CBVSymbol@@PAVAsset@@@stlpmtx_std@@@priv@2@U?$_Select1st@U?$pair@$$CBVSymbol@@PAVAsset@@@stlpmtx_std@@@2@U?$equal_to@VSymbol@@@2@V?$StlNodeAlloc@U?$pair@$$CBVSymbol@@PAVAsset@@@stlpmtx_std@@@2@@stlpmtx_std@@AAAXI@Z	?erase@?$list@PAVFileCache@@V?$StlNodeAlloc@PAVFileCache@@@stlpmtx_std@@@stlpmtx_std@@QAA?AU?$_List_iterator@PAVFileCache@@U?$_Nonconst_traits@PAVFileCache@@@stlpmtx_std@@@2@U32@0@Z	?_S_next_size@?$_Stl_prime@_N@priv@stlpmtx_std@@SAII@Z
6	1	DIFF_SIZE	DIFFERENT_FUNCTION	TB	bl	default/band3/meta_band/InterstitialMgr	?resize@?$hashtable@U?$pair@$$CBVSymbol@@PAVDataArray@@@stlpmtx_std@@VSymbol@@U?$hash@VSymbol@@@2@U?$_HashMapTraitsT@U?$pair@$$CBVSymbol@@PAVDataArray@@@stlpmtx_std@@@priv@2@U?$_Select1st@U?$pair@$$CBVSymbol@@PAVDataArray@@@stlpmtx_std@@@2@U?$equal_to@VSymbol@@@2@V?$StlNodeAlloc@U?$pair@$$CBVSymbol@@PAVDataArray@@@stlpmtx_std@@@2@@stlpmtx_std@@QAAXI@Z	?erase@?$list@PAVFileCache@@V?$StlNodeAlloc@PAVFileCache@@@stlpmtx_std@@@stlpmtx_std@@QAA?AU?$_List_iterator@PAVFileCache@@U?$_Nonconst_traits@PAVFileCache@@@stlpmtx_std@@@2@U32@0@Z	?_S_next_size@?$_Stl_prime@_N@priv@stlpmtx_std@@SAII@Z
6	1	DIFF_SIZE	DIFFERENT_FUNCTION	TB	bl	default/band3/meta_band/LicenseMgr	?resize@?$hashtable@U?$pair@$$CBVSymbol@@V?$vector@VSymbol@@V?$StlNodeAlloc@VSymbol@@@stlpmtx_std@@@stlpmtx_std@@@stlpmtx_std@@VSymbol@@U?$hash@VSymbol@@@2@U?$_HashMapTraitsT@U?$pair@$$CBVSymbol@@V?$vector@VSymbol@@V?$StlNodeAlloc@VSymbol@@@stlpmtx_std@@@stlpmtx_std@@@stlpmtx_std@@@priv@2@U?$_Select1st@U?$pair@$$CBVSymbol@@V?$vector@VSymbol@@V?$StlNodeAlloc@VSymbol@@@stlpmtx_std@@@stlpmtx_std@@@stlpmtx_std@@@2@U?$equal_to@VSymbol@@@2@V?$StlNodeAlloc@U?$pair@$$CBVSymbol@@V?$vector@VSymbol@@V?$StlNodeAlloc@VSymbol@@@stlpmtx_std@@@stlpmtx_std@@@stlpmtx_std@@@2@@stlpmtx_std@@QAAXI@Z	?erase@?$list@PAVFileCache@@V?$StlNodeAlloc@PAVFileCache@@@stlpmtx_std@@@stlpmtx_std@@QAA?AU?$_List_iterator@PAVFileCache@@U?$_Nonconst_traits@PAVFileCache@@@stlpmtx_std@@@2@U32@0@Z	?_S_next_size@?$_Stl_prime@_N@priv@stlpmtx_std@@SAII@Z
6	3	DIFF_SIZE	DIFFERENT_FUNCTION	TB	bl	default/band3/meta_band/NetSync	?IsBlockingEvent@NetSync@@QBA_NVSymbol@@@Z	?NuipHeadOrientationAllowTitleChangeColorSettings@@YAHXZ	??9DataNode@@QBA_NABV0@@Z
6	1	DIFF_SIZE	DIFFERENT_FUNCTION	TB	bl	default/band3/meta_band/NetSync	?OnMsg@NetSync@@QAA?AVDataNode@@ABVUIComponentScrollMsg@@@Z	?NuipHeadOrientationAllowTitleChangeColorSettings@@YAHXZ	??9DataNode@@QBA_NABV0@@Z
6	1	DIFF_SIZE	DIFFERENT_FUNCTION	TB	bl	default/system/ui/UILabelDir	fn_82810170	??1DataNode@@QAA@XZ	??1BinStreamRev@@UAA@XZ
5	1	DIFF_SIZE	DIFFERENT_FUNCTION	TB	bl	default/AppLabel	fn_825C6884	??1String@@UAA@XZ	??1DataArrayPtr@@QAA@XZ
5	1	DIFF_SIZE	DIFFERENT_FUNCTION	TB	bl	default/AppLabel	fn_825C6B5C	??1String@@UAA@XZ	??1DataArrayPtr@@QAA@XZ
5	1	DIFF_SIZE	REVIEW	TB	bl	default/BandList	?ForceConcealed@BandList@@QAAXHAAVTransform@@@Z	??$_M_allocate_and_copy@PBV?$Key@VColor@Hmx@@@@@?$vector@V?$Key@VColor@Hmx@@@@V?$StlNodeAlloc@V?$Key@VColor@Hmx@@@@@stlpmtx_std@@@stlpmtx_std@@IAAPAV?$Key@VColor@Hmx@@@@IPBV2@0@Z	?MakeTransform@RndTransAnim@@QAAXMAAVTransform@@_NM@Z
5	1	DIFF_SIZE	REVIEW	TB	bl	default/BandList	?ForceRevealed@BandList@@QAAXHAAVTransform@@@Z	??$_M_allocate_and_copy@PBV?$Key@VColor@Hmx@@@@@?$vector@V?$Key@VColor@Hmx@@@@V?$StlNodeAlloc@V?$Key@VColor@Hmx@@@@@stlpmtx_std@@@stlpmtx_std@@IAAPAV?$Key@VColor@Hmx@@@@IPBV2@0@Z	?MakeTransform@RndTransAnim@@QAAXMAAVTransform@@_NM@Z
5	1	DIFF_SIZE	REVIEW	TB	bl	default/BandList	?RevealAnimPoll@BandList@@QAAXHAAVTransform@@@Z	??$_M_allocate_and_copy@PBV?$Key@VColor@Hmx@@@@@?$vector@V?$Key@VColor@Hmx@@@@V?$StlNodeAlloc@V?$Key@VColor@Hmx@@@@@stlpmtx_std@@@stlpmtx_std@@IAAPAV?$Key@VColor@Hmx@@@@IPBV2@0@Z	?MakeTransform@RndTransAnim@@QAAXMAAVTransform@@_NM@Z
5	1	DIFF_SAMESIZE	DIFFERENT_FUNCTION	TB	bl	default/CharBonesMeshes	?_M_erase@?$vector@V?$ObjOwnerPtr@VRndTransformable@@@@V?$StlNodeAlloc@V?$ObjOwnerPtr@VRndTransformable@@@@@stlpmtx_std@@@stlpmtx_std@@IAAPAV?$ObjOwnerPtr@VRndTransformable@@@@PAV3@0ABU__false_type@2@@Z	?SetOwnerObj@?$ObjOwnerPtr@VCharInterest@@@@QAAXPAVCharInterest@@@Z	?SetObjConcrete@?$ObjRefConcrete@VRndTransformable@@VObjectDir@@@@QAAXPAVRndTransformable@@@Z
5	3	DIFF_SAMESIZE	DIFFERENT_FUNCTION	TB	bl	default/CharBonesMeshes	?_M_fill_insert_aux@?$vector@V?$ObjOwnerPtr@VRndTransformable@@@@V?$StlNodeAlloc@V?$ObjOwnerPtr@VRndTransformable@@@@@stlpmtx_std@@@stlpmtx_std@@AAAXPAV?$ObjOwnerPtr@VRndTransformable@@@@IABV3@ABU__false_type@2@@Z	?SetOwnerObj@?$ObjOwnerPtr@VCharInterest@@@@QAAXPAVCharInterest@@@Z	?SetObjConcrete@?$ObjRefConcrete@VRndTransformable@@VObjectDir@@@@QAAXPAVRndTransformable@@@Z
5	1	DIFF_SAMESIZE	DIFFERENT_FUNCTION	TB	bl	default/Character	?Copy@Character@@UAAXPBVObject@Hmx@@W4CopyType@23@@Z	?SetOwnerObj@?$ObjOwnerPtr@VCharInterest@@@@QAAXPAVCharInterest@@@Z	?SetObjConcrete@?$ObjRefConcrete@VRndTransformable@@VObjectDir@@@@QAAXPAVRndTransformable@@@Z
5	1	DIFF_SIZE	DIFFERENT_FUNCTION	TB	bl	default/CreditsPanel	fn_827AEAF8	??1UIListProvider@@UAA@XZ	??1String@@UAA@XZ
5	1	DIFF_SIZE	DIFFERENT_FUNCTION	TB	bl	default/DirLoader	fn_827580A0	??1String@@UAA@XZ	??1DataArrayPtr@@QAA@XZ
5	1	DIFF_SIZE	DIFFERENT_FUNCTION	TB	bl	default/FxSendWah	fn_82B64454	??1FxSendWah@@UAA@XZ	??1ObjRefOwner@@UAA@XZ
5	1	DIFF_SIZE	DIFFERENT_FUNCTION	TB	bl	default/GameConfig	fn_8268A98C	??1Object@Hmx@@UAA@XZ	??1NetMessage@@UAA@XZ
5	1	DIFF_SIZE	REVIEW	TB	bl	default/Gen	?DrawShowing@RndGenerator@@UAAXXZ	??$_M_allocate_and_copy@PBV?$Key@VColor@Hmx@@@@@?$vector@V?$Key@VColor@Hmx@@@@V?$StlNodeAlloc@V?$Key@VColor@Hmx@@@@@stlpmtx_std@@@stlpmtx_std@@IAAPAV?$Key@VColor@Hmx@@@@IPBV2@0@Z	?MakeTransform@RndTransAnim@@QAAXMAAVTransform@@_NM@Z
5	1	DIFF_SIZE	DIFFERENT_FUNCTION	TB	bl	default/Gen	fn_8247E358	??1?$ObjRefConcrete@VRndMesh@@VObjectDir@@@@UAA@XZ	??1?$ObjPtr@VRndParticleSys@@@@UAA@XZ
5	2	DIFF_SIZE	DIFFERENT_FUNCTION	TB	bl	default/HamCamTransform	??$PropSync@VTransformArea@@@@YA_NAAV?$ObjVector@VTransformArea@@@@AAVDataNode@@PAVDataArray@@HW4PropOp@@@Z	??1MatSwap@OutfitConfig@@QAA@XZ	??1TransformArea@@QAA@XZ
5	1	DIFF_SIZE	DIFFERENT_FUNCTION	TB	bl	default/HamCamTransform	??$_Destroy_Range@PAVTransformArea@@@stlpmtx_std@@YAXPAVTransformArea@@0@Z	??1MatSwap@OutfitConfig@@QAA@XZ	??1TransformArea@@QAA@XZ
5	1	DIFF_SIZE	DIFFERENT_FUNCTION	TB	bl	default/HamCamTransform	?_M_fill_insert_aux@?$vector@VTransformArea@@V?$StlNodeAlloc@VTransformArea@@@stlpmtx_std@@@stlpmtx_std@@AAAXPAVTransformArea@@IABV3@ABU__false_type@2@@Z	??1MatSwap@OutfitConfig@@QAA@XZ	??1TransformArea@@QAA@XZ
5	1	DIFF_SIZE	DIFFERENT_FUNCTION	TB	bl	default/HamCamTransform	?resize@?$ObjVector@VTransformArea@@@@QAAXI@Z	??1MatSwap@OutfitConfig@@QAA@XZ	??1TransformArea@@QAA@XZ
5	2	DIFF_SIZE	DIFFERENT_FUNCTION	TB	bl	default/HamMove	??4?$vector@ULocalizedName@HamMove@@V?$StlNodeAlloc@ULocalizedName@HamMove@@@stlpmtx_std@@@stlpmtx_std@@QAAAAV01@ABV01@@Z	??4SampleZone@@QAAAAV0@ABV0@@Z	??4LocalizedName@HamMove@@QAAAAU01@ABU01@@Z
5	3	DIFF_SIZE	DIFFERENT_FUNCTION	TB	bl	default/HamMove	?_M_fill_insert_aux@?$vector@ULocalizedName@HamMove@@V?$StlNodeAlloc@ULocalizedName@HamMove@@@stlpmtx_std@@@stlpmtx_std@@AAAXPAULocalizedName@HamMove@@IABU34@ABU__false_type@2@@Z	??4SampleZone@@QAAAAV0@ABV0@@Z	??4LocalizedName@HamMove@@QAAAAU01@ABU01@@Z
5	1	DIFF_SIZE	DIFFERENT_FUNCTION	TB	bl	default/Leaderboard	fn_8266D288	??1UIListProvider@@UAA@XZ	??1String@@UAA@XZ
5	1	DIFF_SIZE	DIFFERENT_FUNCTION	TB	bl	default/MeshAnim	fn_8246BFF0	??1Object@Hmx@@UAA@XZ	??1NetMessage@@UAA@XZ
5	1	DIFF_SIZE	DIFFERENT_FUNCTION	TB	bl	default/MeshAnim	fn_8246C1F8	??1Object@Hmx@@UAA@XZ	??1NetMessage@@UAA@XZ
5	1	DIFF_SIZE	DIFFERENT_FUNCTION	TB	bl	default/MeshDeform	fn_8240D040	??1Object@Hmx@@UAA@XZ	??1NetMessage@@UAA@XZ
5	1	DIFF_SIZE	DIFFERENT_FUNCTION	TB	bl	default/PartAnim	fn_82480378	??1?$ObjRefConcrete@VRndMesh@@VObjectDir@@@@UAA@XZ	??1?$ObjPtr@VRndParticleSys@@@@UAA@XZ
5	1	DIFF_SIZE	DIFFERENT_FUNCTION	TB	bl	default/PartAnim	fn_8248084C	??1?$ObjRefConcrete@VRndMesh@@VObjectDir@@@@UAA@XZ	??1?$ObjPtr@VRndParticleSys@@@@UAA@XZ
5	1	DIFF_SIZE	DIFFERENT_FUNCTION	TB	bl	default/PartLauncher	fn_8244FEFC	??1?$ObjRefConcrete@VRndMesh@@VObjectDir@@@@UAA@XZ	??1?$ObjPtr@VRndParticleSys@@@@UAA@XZ
5	1	DIFF_SIZE	DIFFERENT_FUNCTION	TB	bl	default/PartLauncher	fn_824501C8	??1?$ObjRefConcrete@VRndMesh@@VObjectDir@@@@UAA@XZ	??1?$ObjPtr@VRndParticleSys@@@@UAA@XZ
5	1	DIFF_SIZE	DIFFERENT_FUNCTION	TB	bl	default/PropKeys	fn_826682F4	??1UIListProvider@@UAA@XZ	??1String@@UAA@XZ
5	1	DIFF_SIZE	DIFFERENT_FUNCTION	TB	bl	default/RockCentral	fn_824F86A8	??1String@@UAA@XZ	??1DataArrayPtr@@QAA@XZ
5	1	DIFF_SIZE	DIFFERENT_FUNCTION	TB	bl	default/RockCentral	fn_824F8F24	??1String@@UAA@XZ	??1DataArrayPtr@@QAA@XZ
5	1	DIFF_SIZE	DIFFERENT_FUNCTION	TB	bl	default/TourDescPanel	fn_82B7DEE8	??1String@@UAA@XZ	??1?$map@HMU?$less@H@stlpmtx_std@@V?$StlNodeAlloc@U?$pair@$$CBHM@stlpmtx_std@@@2@@stlpmtx_std@@QAA@XZ
5	1	DIFF_SIZE	DIFFERENT_FUNCTION	TB	bl	default/TourDescPanel	fn_82B7DF10	??1String@@UAA@XZ	??1?$map@HMU?$less@H@stlpmtx_std@@V?$StlNodeAlloc@U?$pair@$$CBHM@stlpmtx_std@@@2@@stlpmtx_std@@QAA@XZ
5	1	DIFF_SIZE	DIFFERENT_FUNCTION	TB	bl	default/TourDescPanel	fn_82B7DF38	??1String@@UAA@XZ	??1?$map@HMU?$less@H@stlpmtx_std@@V?$StlNodeAlloc@U?$pair@$$CBHM@stlpmtx_std@@@2@@stlpmtx_std@@QAA@XZ
5	1	DIFF_SIZE	DIFFERENT_FUNCTION	TB	bl	default/TourDescPanel	fn_82B7DF60	??1String@@UAA@XZ	??1?$map@HMU?$less@H@stlpmtx_std@@V?$StlNodeAlloc@U?$pair@$$CBHM@stlpmtx_std@@@2@@stlpmtx_std@@QAA@XZ
5	1	DIFF_SIZE	DIFFERENT_FUNCTION	TB	bl	default/TourDescPanel	fn_82B7E7A8	??1UIListProvider@@UAA@XZ	??1String@@UAA@XZ
5	1	DIFF_SIZE	REVIEW	TB	bl	default/TransAnim	?SetFrame@RndTransAnim@@UAAXMM@Z	??$_M_allocate_and_copy@PBV?$Key@VColor@Hmx@@@@@?$vector@V?$Key@VColor@Hmx@@@@V?$StlNodeAlloc@V?$Key@VColor@Hmx@@@@@stlpmtx_std@@@stlpmtx_std@@IAAPAV?$Key@VColor@Hmx@@@@IPBV2@0@Z	?MakeTransform@RndTransAnim@@QAAXMAAVTransform@@_NM@Z
5	1	DIFF_SIZE	DIFFERENT_FUNCTION	TB	bl	default/UIList	fn_82607964	??1UIListProvider@@UAA@XZ	??1String@@UAA@XZ
5	1	DIFF_SIZE	DIFFERENT_FUNCTION	TB	bl	default/UIListCustom	fn_8281E8DC	??1UIListSlot@@UAA@XZ	??1ObjRefOwner@@UAA@XZ
5	1	DIFF_SIZE	DIFFERENT_FUNCTION	TB	bl	default/UIListLabel	fn_8281FA30	??1UIListSlot@@UAA@XZ	??1ObjRefOwner@@UAA@XZ
5	1	DIFF_SIZE	DIFFERENT_FUNCTION	TB	bl	default/UIListMesh	fn_828147D4	??1UIListSlot@@UAA@XZ	??1ObjRefOwner@@UAA@XZ
5	1	DIFF_SIZE	DIFFERENT_FUNCTION	TB	bl	default/UIListMesh	fn_82814A00	??1UIListSlot@@UAA@XZ	??1ObjRefOwner@@UAA@XZ
5	1	DIFF_SIZE	DIFFERENT_FUNCTION	TB	bl	default/UIListSubList	fn_82820720	??1UIListSlot@@UAA@XZ	??1ObjRefOwner@@UAA@XZ
5	1	DIFF_SIZE	DIFFERENT_FUNCTION	TB	bl	default/band3/meta_band/AccomplishmentManager	fn_8255ECCC	??1Object@Hmx@@UAA@XZ	??1NetMessage@@UAA@XZ
5	1	DIFF_SIZE	DIFFERENT_FUNCTION	TB	bl	default/band3/meta_band/CharCache	fn_8256C310	??1String@@UAA@XZ	??1?$map@HMU?$less@H@stlpmtx_std@@V?$StlNodeAlloc@U?$pair@$$CBHM@stlpmtx_std@@@2@@stlpmtx_std@@QAA@XZ
5	1	DIFF_SIZE	DIFFERENT_FUNCTION	TB	bl	default/system/synth_xbox/FxSendChorus	fn_82B624B0	??1FxSendWah@@UAA@XZ	??1ObjRefOwner@@UAA@XZ
5	1	DIFF_SIZE	DIFFERENT_FUNCTION	TB	bl	default/system/synth_xbox/FxSendFlanger	fn_82B63930	??1FxSendWah@@UAA@XZ	??1ObjRefOwner@@UAA@XZ
5	1	DIFF_SIZE	DIFFERENT_FUNCTION	TB	bl	default/system/synth_xbox/Synth	fn_82B5AEAC	??1FxSendWah@@UAA@XZ	??1ObjRefOwner@@UAA@XZ
5	1	DIFF_SIZE	DIFFERENT_FUNCTION	TB	bl	default/system/synth_xbox/Synth	fn_82B5B238	??1FxSendWah@@UAA@XZ	??1ObjRefOwner@@UAA@XZ
4	1	DIFF_SIZE	DIFFERENT_FUNCTION	TB	bl	default/AccomplishmentConditional	??_GAccomplishmentConditional@@UAAPAXI@Z	??1AccomplishmentTrainerConditional@@UAA@XZ	??1AccomplishmentConditional@@UAA@XZ
4	1	DIFF_SIZE	DIFFERENT_FUNCTION	TB	bl	default/AccomplishmentPanel	??$__merge_without_buffer@PAVSymbol@@HVAccomplishmentCmp@@@stlpmtx_std@@YAXPAVSymbol@@00HHVAccomplishmentCmp@@@Z	??RAccomplishmentCategoryCmp@@QBA_NVSymbol@@0@Z	??RAccomplishmentCmp@@QBA_NVSymbol@@0@Z
4	1	DIFF_SIZE	DIFFERENT_FUNCTION	TB	bl	default/AccomplishmentPanel	??$__unguarded_linear_insert@PAVSymbol@@V1@VAccomplishmentCmp@@@stlpmtx_std@@YAXPAVSymbol@@V1@VAccomplishmentCmp@@@Z	??RAccomplishmentCategoryCmp@@QBA_NVSymbol@@0@Z	??RAccomplishmentCmp@@QBA_NVSymbol@@0@Z
4	1	DIFF_SIZE	DIFFERENT_FUNCTION	TB	bl	default/AccomplishmentPanel	??$__upper_bound@PAVSymbol@@V1@VAccomplishmentCmp@@H@stlpmtx_std@@YAPAVSymbol@@PAV1@0ABV1@VAccomplishmentCmp@@PAH@Z	??RAccomplishmentCategoryCmp@@QBA_NVSymbol@@0@Z	??RAccomplishmentCmp@@QBA_NVSymbol@@0@Z
4	1	DIFF_SIZE	DIFFERENT_FUNCTION	TB	bl	default/AccomplishmentPanel	??$merge@PAVSymbol@@PAV1@PAV1@VAccomplishmentCmp@@@stlpmtx_std@@YAPAVSymbol@@PAV1@0000VAccomplishmentCmp@@@Z	??RAccomplishmentCategoryCmp@@QBA_NVSymbol@@0@Z	??RAccomplishmentCmp@@QBA_NVSymbol@@0@Z
4	1	DIFF_SIZE	DIFFERENT_FUNCTION	TB	bl	default/AccomplishmentSongConditional	??_GAccomplishmentSongConditional@@UAAPAXI@Z	??1AccomplishmentTrainerConditional@@UAA@XZ	??1AccomplishmentConditional@@UAA@XZ
4	1	DIFF_SIZE	DIFFERENT_FUNCTION	TB	bl	default/Anim	fn_82400D9C	??1ObjRef@@QAA@XZ	??1?$ObjRefConcrete@VRndAnimatable@@VObjectDir@@@@UAA@XZ
4	1	DIFF_SIZE	DIFFERENT_FUNCTION	TB	bl	default/AnimFilter	fn_82496BF8	??1ObjRef@@QAA@XZ	??1?$ObjRefConcrete@VRndAnimatable@@VObjectDir@@@@UAA@XZ
4	1	DIFF_SIZE	DIFFERENT_FUNCTION	TB	bl	default/BandCamShot	fn_822B1838	??1ObjRef@@QAA@XZ	??1?$ObjRefConcrete@VRndAnimatable@@VObjectDir@@@@UAA@XZ
4	1	DIFF_SIZE	DIFFERENT_FUNCTION	TB	bl	default/BandIKEffector	fn_822C2500	??1?$ObjRefConcrete@VRndTransformable@@VObjectDir@@@@UAA@XZ	??1ObjRefOwner@@UAA@XZ
4	1	DIFF_SIZE	DIFFERENT_FUNCTION	TB	bl	default/BandIKEffector	fn_822C2728	??1?$ObjRefConcrete@VRndTransformable@@VObjectDir@@@@UAA@XZ	??1ObjRefOwner@@UAA@XZ
4	1	DIFF_SIZE	DIFFERENT_FUNCTION	TB	bl	default/BandIKEffector	fn_822C45F0	??1?$ObjRefConcrete@VHamCharacter@@VObjectDir@@@@UAA@XZ	??1?$ObjPtr@VBandIKEffector@@@@UAA@XZ
4	1	DIFF_SIZE	DIFFERENT_FUNCTION	TB	bl	default/BandIKEffector	fn_822C4620	??1?$ObjRefConcrete@VHamCharacter@@VObjectDir@@@@UAA@XZ	??1?$ObjPtr@VBandIKEffector@@@@UAA@XZ
4	1	DIFF_SIZE	DIFFERENT_FUNCTION	TB	bl	default/BandIKEffector	fn_822C4EC4	??1?$ObjRefConcrete@VHamCharacter@@VObjectDir@@@@UAA@XZ	??1?$ObjPtr@VBandIKEffector@@@@UAA@XZ
4	1	DIFF_SIZE	DIFFERENT_FUNCTION	TB	bl	default/BandIKEffector	fn_822C4F18	??1?$ObjRefConcrete@VHamCharacter@@VObjectDir@@@@UAA@XZ	??1?$ObjPtr@VBandIKEffector@@@@UAA@XZ
4	1	DIFF_SIZE	DIFFERENT_FUNCTION	TB	bl	default/BandMachineMgr	fn_825C2BD4	??1NetMessage@@UAA@XZ	??1BinStream@@UAA@XZ
4	1	DIFF_SIZE	DIFFERENT_FUNCTION	TB	bl	default/CameraShot	fn_824C10B8	??1ObjRef@@QAA@XZ	??1Object@Hmx@@UAA@XZ
4	1	DIFF_SIZE	DIFFERENT_FUNCTION	TB	bl	default/CameraShot	fn_824C47AC	??1?$list@UWeightContext@CharBone@@V?$StlNodeAlloc@UWeightContext@CharBone@@@stlpmtx_std@@@stlpmtx_std@@QAA@XZ	??1DataNode@@QAA@XZ
4	1	DIFF_SIZE	DIFFERENT_FUNCTION	TB	bl	default/CameraShot	fn_824C4864	??1?$list@UWeightContext@CharBone@@V?$StlNodeAlloc@UWeightContext@CharBone@@@stlpmtx_std@@@stlpmtx_std@@QAA@XZ	??1DataNode@@QAA@XZ
4	1	DIFF_SIZE	DIFFERENT_FUNCTION	TB	bl	default/CharBoneDir	fn_823B6920	??1?$list@UWeightContext@CharBone@@V?$StlNodeAlloc@UWeightContext@CharBone@@@stlpmtx_std@@@stlpmtx_std@@QAA@XZ	??1DataNode@@QAA@XZ
4	1	DIFF_SIZE	DIFFERENT_FUNCTION	TB	bl	default/CharClip	fn_82380434	??1?$list@UWeightContext@CharBone@@V?$StlNodeAlloc@UWeightContext@CharBone@@@stlpmtx_std@@@stlpmtx_std@@QAA@XZ	??1DataNode@@QAA@XZ
4	1	DIFF_SIZE	DIFFERENT_FUNCTION	TB	bl	default/CharDriver	fn_823772BC	??1ObjRef@@QAA@XZ	??1?$_String_base@DV?$allocator@D@stlpmtx_std@@@stlpmtx_std@@IAA@XZ
4	1	DIFF_SIZE	DIFFERENT_FUNCTION	TB	bl	default/CharDriverMidi	fn_823CD034	??1ObjRef@@QAA@XZ	??1?$_String_base@DV?$allocator@D@stlpmtx_std@@@stlpmtx_std@@IAA@XZ
4	1	DIFF_SIZE	DIFFERENT_FUNCTION	TB	bl	default/CharEyeDartRuleset	fn_823BE7F4	??1?$ObjRefConcrete@VObject@Hmx@@VObjectDir@@@@UAA@XZ	??1DataNode@@QAA@XZ
4	2	DIFF_SIZE	REVIEW	TB	bl	default/CharEyes	?_M_insert_overflow_aux@?$vector@UEyeDesc@CharEyes@@V?$StlNodeAlloc@UEyeDesc@CharEyes@@@stlpmtx_std@@@stlpmtx_std@@IAAXPAUEyeDesc@CharEyes@@ABU34@ABU__false_type@2@I_N@Z	??$__uninitialized_copy@PBUEyeDesc@CharEyes@@PAU12@@stlpmtx_std@@YAPAUEyeDesc@CharEyes@@PBU12@0PAU12@ABU__false_type@0@@Z	??$__uninitialized_copy@PAUEyeDesc@CharEyes@@PAU12@@stlpmtx_std@@YAPAUEyeDesc@CharEyes@@PAU12@00ABU__false_type@0@@Z
4	1	DIFF_SIZE	DIFFERENT_FUNCTION	TB	bl	default/CharEyes	fn_8238447C	??1ObjRef@@QAA@XZ	??1?$ObjRefConcrete@VCharWeightable@@VObjectDir@@@@UAA@XZ
4	2	DIFF_SIZE	REVIEW	TB	bl	default/CharHair	?_M_fill_insert_aux@?$vector@VStrand@CharHair@@V?$StlNodeAlloc@VStrand@CharHair@@@stlpmtx_std@@@stlpmtx_std@@AAAXPAVStrand@CharHair@@IABV34@ABU__false_type@2@@Z	??$__uninitialized_copy@PBVStrand@CharHair@@PAV12@@stlpmtx_std@@YAPAVStrand@CharHair@@PBV12@0PAV12@ABU__false_type@0@@Z	??$__uninitialized_copy@PAVStrand@CharHair@@PAV12@@stlpmtx_std@@YAPAVStrand@CharHair@@PAV12@00ABU__false_type@0@@Z
4	2	DIFF_SIZE	REVIEW	TB	bl	default/CharHair	?_M_insert_overflow_aux@?$vector@VStrand@CharHair@@V?$StlNodeAlloc@VStrand@CharHair@@@stlpmtx_std@@@stlpmtx_std@@IAAXPAVStrand@CharHair@@ABV34@ABU__false_type@2@I_N@Z	??$__uninitialized_copy@PBVStrand@CharHair@@PAV12@@stlpmtx_std@@YAPAVStrand@CharHair@@PBV12@0PAV12@ABU__false_type@0@@Z	??$__uninitialized_copy@PAVStrand@CharHair@@PAV12@@stlpmtx_std@@YAPAVStrand@CharHair@@PAV12@00ABU__false_type@0@@Z
4	2	DIFF_SIZE	REVIEW	TB	bl	default/CharMeshHide	?_M_fill_insert_aux@?$vector@VHide@CharMeshHide@@V?$StlNodeAlloc@VHide@CharMeshHide@@@stlpmtx_std@@@stlpmtx_std@@AAAXPAVHide@CharMeshHide@@IABV34@ABU__false_type@2@@Z	??$__uninitialized_copy@PBVHide@CharMeshHide@@PAV12@@stlpmtx_std@@YAPAVHide@CharMeshHide@@PBV12@0PAV12@ABU__false_type@0@@Z	??$__uninitialized_copy@PAVHide@CharMeshHide@@PAV12@@stlpmtx_std@@YAPAVHide@CharMeshHide@@PAV12@00ABU__false_type@0@@Z
4	2	DIFF_SIZE	REVIEW	TB	bl	default/CharMeshHide	?_M_insert_overflow_aux@?$vector@VHide@CharMeshHide@@V?$StlNodeAlloc@VHide@CharMeshHide@@@stlpmtx_std@@@stlpmtx_std@@IAAXPAVHide@CharMeshHide@@ABV34@ABU__false_type@2@I_N@Z	??$__uninitialized_copy@PBVHide@CharMeshHide@@PAV12@@stlpmtx_std@@YAPAVHide@CharMeshHide@@PBV12@0PAV12@ABU__false_type@0@@Z	??$__uninitialized_copy@PAVHide@CharMeshHide@@PAV12@@stlpmtx_std@@YAPAVHide@CharMeshHide@@PAV12@00ABU__false_type@0@@Z
4	1	DIFF_SIZE	DIFFERENT_FUNCTION	TB	bl	default/CharPollGroup	fn_823AF86C	??1ObjRef@@QAA@XZ	??1?$ObjRefConcrete@VCharWeightable@@VObjectDir@@@@UAA@XZ
4	1	DIFF_SIZE	DIFFERENT_FUNCTION	TB	bl	default/Character	fn_822A5500	??1?$ObjRefConcrete@VRndTransformable@@VObjectDir@@@@UAA@XZ	??1ObjRefOwner@@UAA@XZ
4	1	DIFF_SIZE	DIFFERENT_FUNCTION	TB	bl	default/Character	fn_8236DF18	??1ObjRef@@QAA@XZ	??1?$ObjRefConcrete@VCharWeightable@@VObjectDir@@@@UAA@XZ
4	1	DIFF_SIZE	DIFFERENT_FUNCTION	TB	bl	default/CharacterCreatorPanel	?SetFocusComponent@CharacterCreatorPanel@@QAAXW4CharCreatorState@1@VSymbol@@@Z	??A?$hash_map@HPAVSongUpgradeData@@U?$hash@H@stlpmtx_std@@U?$equal_to@H@3@V?$StlNodeAlloc@U?$pair@$$CBHPAVSongUpgradeData@@@stlpmtx_std@@@3@@stlpmtx_std@@QAAAAPAVSongUpgradeData@@ABH@Z	??A?$map@HPAVUIComponent@@U?$less@H@stlpmtx_std@@V?$StlNodeAlloc@U?$pair@$$CBHPAVUIComponent@@@stlpmtx_std@@@3@@stlpmtx_std@@QAAAAPAVUIComponent@@ABH@Z
4	1	DIFF_SIZE	DIFFERENT_FUNCTION	TB	bl	default/CharacterCreatorPanel	?StoreFocusComponent@CharacterCreatorPanel@@QAAXXZ	??A?$hash_map@HPAVSongUpgradeData@@U?$hash@H@stlpmtx_std@@U?$equal_to@H@3@V?$StlNodeAlloc@U?$pair@$$CBHPAVSongUpgradeData@@@stlpmtx_std@@@3@@stlpmtx_std@@QAAAAPAVSongUpgradeData@@ABH@Z	??A?$map@HPAVUIComponent@@U?$less@H@stlpmtx_std@@V?$StlNodeAlloc@U?$pair@$$CBHPAVUIComponent@@@stlpmtx_std@@@3@@stlpmtx_std@@QAAAAPAVUIComponent@@ABH@Z
4	1	DIFF_SIZE	DIFFERENT_FUNCTION	T-	bl	default/ChooseColorPanel	?Handle@ChooseColorPanel@@UAA?AVDataNode@@PAVDataArray@@_N@Z	??A?$hash_map@HPAVSongUpgradeData@@U?$hash@H@stlpmtx_std@@U?$equal_to@H@3@V?$StlNodeAlloc@U?$pair@$$CBHPAVSongUpgradeData@@@stlpmtx_std@@@3@@stlpmtx_std@@QAAAAPAVSongUpgradeData@@ABH@Z	??A?$map@HPAVColorPalette@@U?$less@H@stlpmtx_std@@V?$StlNodeAlloc@U?$pair@$$CBHPAVColorPalette@@@stlpmtx_std@@@3@@stlpmtx_std@@QAAAAPAVColorPalette@@ABH@Z
4	3	DIFF_SIZE	DIFFERENT_FUNCTION	T-	bl	default/ChooseColorPanel	?Load@ChooseColorPanel@@UAAXXZ	??A?$hash_map@HPAVSongUpgradeData@@U?$hash@H@stlpmtx_std@@U?$equal_to@H@3@V?$StlNodeAlloc@U?$pair@$$CBHPAVSongUpgradeData@@@stlpmtx_std@@@3@@stlpmtx_std@@QAAAAPAVSongUpgradeData@@ABH@Z	??A?$map@HPAVColorPalette@@U?$less@H@stlpmtx_std@@V?$StlNodeAlloc@U?$pair@$$CBHPAVColorPalette@@@stlpmtx_std@@@3@@stlpmtx_std@@QAAAAPAVColorPalette@@ABH@Z
4	1	DIFF_SAMESIZE	DIFFERENT_FUNCTION	TB	bl	default/Console	fn_82467E4C	??1DataNode@@QAA@XZ	??1Message@@UAA@XZ
4	1	DIFF_SIZE	DIFFERENT_FUNCTION	TB	bl	default/CustomizePanel	?SetFocusComponent@CustomizePanel@@QAAXW4CustomizeState@1@VSymbol@@@Z	??A?$hash_map@HPAVSongUpgradeData@@U?$hash@H@stlpmtx_std@@U?$equal_to@H@3@V?$StlNodeAlloc@U?$pair@$$CBHPAVSongUpgradeData@@@stlpmtx_std@@@3@@stlpmtx_std@@QAAAAPAVSongUpgradeData@@ABH@Z	??A?$map@HPAVUIComponent@@U?$less@H@stlpmtx_std@@V?$StlNodeAlloc@U?$pair@$$CBHPAVUIComponent@@@stlpmtx_std@@@3@@stlpmtx_std@@QAAAAPAVUIComponent@@ABH@Z
4	1	DIFF_SIZE	DIFFERENT_FUNCTION	TB	bl	default/CustomizePanel	?StoreFocusComponent@CustomizePanel@@QAAXXZ	??A?$hash_map@HPAVSongUpgradeData@@U?$hash@H@stlpmtx_std@@U?$equal_to@H@3@V?$StlNodeAlloc@U?$pair@$$CBHPAVSongUpgradeData@@@stlpmtx_std@@@3@@stlpmtx_std@@QAAAAPAVSongUpgradeData@@ABH@Z	??A?$map@HPAVUIComponent@@U?$less@H@stlpmtx_std@@V?$StlNodeAlloc@U?$pair@$$CBHPAVUIComponent@@@stlpmtx_std@@@3@@stlpmtx_std@@QAAAAPAVUIComponent@@ABH@Z
4	1	DIFF_SIZE	DIFFERENT_FUNCTION	TB	bl	default/CymbalSelectionProvider	fn_8266969C	??1UIListProvider@@UAA@XZ	??1?$_Vector_base@V?$map@HMU?$less@H@stlpmtx_std@@V?$StlNodeAlloc@U?$pair@$$CBHM@stlpmtx_std@@@2@@stlpmtx_std@@V?$StlNodeAlloc@V?$map@HMU?$less@H@stlpmtx_std@@V?$StlNodeAlloc@U?$pair@$$CBHM@stlpmtx_std@@@2@@stlpmtx_std@@@2@@stlpmtx_std@@QAA@XZ
4	1	DIFF_SIZE	DIFFERENT_FUNCTION	TB	bl	default/DataArray	?Clone@DataArray@@QAAPAV1@_N0H@Z	??BDataArrayPtr@@QBAPAVDataArray@@XZ	?LiteralArray@DataNode@@QBAPAVDataArray@@PBV2@@Z
4	1	DIFF_SIZE	DIFFERENT_FUNCTION	TB	bl	default/DataFile	fn_8276B11C	??1Loader@@UAA@XZ	??1String@@UAA@XZ
4	1	DIFF_SIZE	DIFFERENT_FUNCTION	TB	bl	default/DataFunc	?DataNewArray@@YA?AVDataNode@@PAVDataArray@@@Z	??BDataArrayPtr@@QBAPAVDataArray@@XZ	?LiteralArray@DataNode@@QBAPAVDataArray@@PBV2@@Z
4	1	DIFF_SIZE	DIFFERENT_FUNCTION	TB	bl	default/DirUnloader	fn_8276CE64	??1Loader@@UAA@XZ	??1String@@UAA@XZ
4	1	DIFF_SIZE	DIFFERENT_FUNCTION	TB	bl	default/EntityUploader	fn_8250EF34	??1String@@UAA@XZ	??3@YAXPAX@Z
4	1	DIFF_SIZE	DIFFERENT_FUNCTION	TB	bl	default/EventTrigger	fn_8249C160	??1ObjRef@@QAA@XZ	??1?$ObjRefConcrete@VRndAnimatable@@VObjectDir@@@@UAA@XZ
4	1	DIFF_SIZE	DIFFERENT_FUNCTION	TB	bl	default/EventTrigger	fn_824A44A0	??1?$ObjRefConcrete@VObject@Hmx@@VObjectDir@@@@UAA@XZ	??1DataNode@@QAA@XZ
4	1	DIFF_SIZE	DIFFERENT_FUNCTION	TB	bl	default/FileMerger	fn_82390BBC	??1Loader@@UAA@XZ	??1String@@UAA@XZ
4	1	DIFF_SIZE	DIFFERENT_FUNCTION	TB	bl	default/FitnessFilter	fn_823DD1AC	??1ObjRef@@QAA@XZ	??1Object@Hmx@@UAA@XZ
4	1	DIFF_SIZE	DIFFERENT_FUNCTION	TB	bl	default/FitnessFilter	fn_823DD2D0	??1ObjRef@@QAA@XZ	??1Object@Hmx@@UAA@XZ
4	2	DIFF_SIZE	DIFFERENT_FUNCTION	TB	bl	default/Flow	??$PropSync@UDynamicPropertyEntry@Flow@@@@YA_NAAV?$ObjVector@UDynamicPropertyEntry@Flow@@@@AAVDataNode@@PAVDataArray@@HW4PropOp@@@Z	??1Strand@CharHair@@QAA@XZ	??1DynamicPropertyEntry@Flow@@QAA@XZ
4	1	DIFF_SIZE	DIFFERENT_FUNCTION	TB	bl	default/Flow	??$_Destroy_Range@PAUDynamicPropertyEntry@Flow@@@stlpmtx_std@@YAXPAUDynamicPropertyEntry@Flow@@0@Z	??1Strand@CharHair@@QAA@XZ	??1DynamicPropertyEntry@Flow@@QAA@XZ
4	1	DIFF_SIZE	DIFFERENT_FUNCTION	TB	bl	default/Flow	fn_823AAFEC	??1Strand@CharHair@@QAA@XZ	??1DynamicPropertyEntry@Flow@@QAA@XZ
4	1	DIFF_SIZE	DIFFERENT_FUNCTION	TB	bl	default/FxSendWah	fn_82B64518	??1FxSendWah@@UAA@XZ	??1?$ObjRefConcrete@VFxSend@@VObjectDir@@@@UAA@XZ
4	1	DIFF_SIZE	DIFFERENT_FUNCTION	TB	bl	default/GamePanel	fn_82694B48	??1NetMessage@@UAA@XZ	??1DataNode@@QAA@XZ
4	1	DIFF_SIZE	DIFFERENT_FUNCTION	TB	bl	default/HamCamTransform	?_M_erase@?$vector@VTransformArea@@V?$StlNodeAlloc@VTransformArea@@@stlpmtx_std@@@stlpmtx_std@@IAAPAVTransformArea@@PAV3@0ABU__false_type@2@@Z	??4MatSwap@OutfitConfig@@QAAAAV01@ABV01@@Z	??4TransformArea@@QAAAAV0@ABV0@@Z
4	2	DIFF_SIZE	REVIEW	TB	bl	default/HamCamTransform	?_M_fill_insert_aux@?$vector@UEyeDesc@CharEyes@@V?$StlNodeAlloc@UEyeDesc@CharEyes@@@stlpmtx_std@@@stlpmtx_std@@AAAXPAUEyeDesc@CharEyes@@IABU34@ABU__false_type@2@@Z	??$__uninitialized_copy@PBUEyeDesc@CharEyes@@PAU12@@stlpmtx_std@@YAPAUEyeDesc@CharEyes@@PBU12@0PAU12@ABU__false_type@0@@Z	??$__uninitialized_copy@PAUEyeDesc@CharEyes@@PAU12@@stlpmtx_std@@YAPAUEyeDesc@CharEyes@@PAU12@00ABU__false_type@0@@Z
4	3	DIFF_SIZE	DIFFERENT_FUNCTION	TB	bl	default/HamCamTransform	?_M_fill_insert_aux@?$vector@VTransformArea@@V?$StlNodeAlloc@VTransformArea@@@stlpmtx_std@@@stlpmtx_std@@AAAXPAVTransformArea@@IABV3@ABU__false_type@2@@Z	??4MatSwap@OutfitConfig@@QAAAAV01@ABV01@@Z	??4TransformArea@@QAAAAV0@ABV0@@Z
4	1	DIFF_SIZE	DIFFERENT_FUNCTION	TB	bl	default/Leaderboard	fn_8235F088	??1Object@Hmx@@UAA@XZ	??1Message@@UAA@XZ
4	2	DIFF_SIZE	REVIEW	TB	bl	default/LightPreset	?_M_fill_insert_aux@?$vector@UKeyframe@LightPreset@@V?$StlNodeAlloc@UKeyframe@LightPreset@@@stlpmtx_std@@@stlpmtx_std@@AAAXPAUKeyframe@LightPreset@@IABU34@ABU__false_type@2@@Z	??$__uninitialized_copy@PBUKeyframe@LightPreset@@PAU12@@stlpmtx_std@@YAPAUKeyframe@LightPreset@@PBU12@0PAU12@ABU__false_type@0@@Z	??$__uninitialized_copy@PAUKeyframe@LightPreset@@PAU12@@stlpmtx_std@@YAPAUKeyframe@LightPreset@@PAU12@00ABU__false_type@0@@Z
4	2	DIFF_SIZE	REVIEW	TB	bl	default/LightPreset	?_M_insert_overflow_aux@?$vector@UKeyframe@LightPreset@@V?$StlNodeAlloc@UKeyframe@LightPreset@@@stlpmtx_std@@@stlpmtx_std@@IAAXPAUKeyframe@LightPreset@@ABU34@ABU__false_type@2@I_N@Z	??$__uninitialized_copy@PBUKeyframe@LightPreset@@PAU12@@stlpmtx_std@@YAPAUKeyframe@LightPreset@@PBU12@0PAU12@ABU__false_type@0@@Z	??$__uninitialized_copy@PAUKeyframe@LightPreset@@PAU12@@stlpmtx_std@@YAPAUKeyframe@LightPreset@@PAU12@00ABU__false_type@0@@Z
4	1	DIFF_SAMESIZE	DIFFERENT_FUNCTION	TB	bl	default/LightPreset	fn_824AF7D0	??1DataNode@@QAA@XZ	??1Message@@UAA@XZ
4	1	DIFF_SIZE	DIFFERENT_FUNCTION	TB	bl	default/Loader	??_G?$pair@VString@@P6APAVLoader@@ABVFilePath@@W4LoaderPos@@@Z@stlpmtx_std@@QAAPAXI@Z	??1Loader@@UAA@XZ	??1String@@UAA@XZ
4	2	DIFF_SIZE	REVIEW	TB	bl	default/MeshDeform	?_M_fill_insert_aux@?$vector@UBoneDesc@RndMeshDeform@@V?$StlNodeAlloc@UBoneDesc@RndMeshDeform@@@stlpmtx_std@@@stlpmtx_std@@AAAXPAUBoneDesc@RndMeshDeform@@IABU34@ABU__false_type@2@@Z	??$__uninitialized_fill_n@PAUBoneDesc@RndMeshDeform@@IU12@@stlpmtx_std@@YAPAUBoneDesc@RndMeshDeform@@PAU12@IABU12@ABU__false_type@0@@Z	??$__uninitialized_copy@PAUBoneDesc@RndMeshDeform@@PAU12@@stlpmtx_std@@YAPAUBoneDesc@RndMeshDeform@@PAU12@00ABU__false_type@0@@Z
4	2	DIFF_SIZE	REVIEW	TB	bl	default/MeshDeform	?_M_insert_overflow_aux@?$vector@UBoneDesc@RndMeshDeform@@V?$StlNodeAlloc@UBoneDesc@RndMeshDeform@@@stlpmtx_std@@@stlpmtx_std@@IAAXPAUBoneDesc@RndMeshDeform@@ABU34@ABU__false_type@2@I_N@Z	??$__uninitialized_fill_n@PAUBoneDesc@RndMeshDeform@@IU12@@stlpmtx_std@@YAPAUBoneDesc@RndMeshDeform@@PAU12@IABU12@ABU__false_type@0@@Z	??$__uninitialized_copy@PAUBoneDesc@RndMeshDeform@@PAU12@@stlpmtx_std@@YAPAUBoneDesc@RndMeshDeform@@PAU12@00ABU__false_type@0@@Z
4	1	DIFF_SIZE	DIFFERENT_FUNCTION	TB	bl	default/MessageTimer	fn_82346560	??1ObjRef@@QAA@XZ	??1?$_String_base@DV?$allocator@D@stlpmtx_std@@@stlpmtx_std@@IAA@XZ
4	2	DIFF_SIZE	DIFFERENT_FUNCTION	TB	bl	default/Msg	?OnAddSink@MsgSource@@QAA?AVDataNode@@PAVDataArray@@@Z	??BDataArrayPtr@@QBAPAVDataArray@@XZ	?LiteralArray@DataNode@@QBAPAVDataArray@@PBV2@@Z
4	1	DIFF_SIZE	DIFFERENT_FUNCTION	TB	bl	default/OutfitConfig	fn_8229DCE8	??1ObjRef@@QAA@XZ	??1?$ObjRefConcrete@VCharWeightable@@VObjectDir@@@@UAA@XZ
4	1	DIFF_SIZE	DIFFERENT_FUNCTION	TB	bl	default/OutfitConfig	fn_822A2BA8	??1?$ObjRefConcrete@VRndTex@@VObjectDir@@@@UAA@XZ	??1DataNode@@QAA@XZ
4	1	DIFF_SIZE	DIFFERENT_FUNCTION	TB	bl	default/OvershellSlot	fn_825E00A8	??1String@@UAA@XZ	??3@YAXPAX@Z
4	1	DIFF_SIZE	DIFFERENT_FUNCTION	TB	bl	default/PropAnim	fn_8242ACB4	??1PropKeys@@UAA@XZ	??1?$ObjRefConcrete@VObject@Hmx@@VObjectDir@@@@UAA@XZ
4	1	DIFF_SIZE	DIFFERENT_FUNCTION	TB	bl	default/PropAnim	fn_8242AFE4	??1PropKeys@@UAA@XZ	??1?$ObjRefConcrete@VObject@Hmx@@VObjectDir@@@@UAA@XZ
4	1	DIFF_SIZE	DIFFERENT_FUNCTION	TB	bl	default/PropAnim	fn_8242B310	??1PropKeys@@UAA@XZ	??1?$ObjRefConcrete@VObject@Hmx@@VObjectDir@@@@UAA@XZ
4	1	DIFF_SIZE	DIFFERENT_FUNCTION	TB	bl	default/PropAnim	fn_8242B5B4	??1PropKeys@@UAA@XZ	??1?$ObjRefConcrete@VObject@Hmx@@VObjectDir@@@@UAA@XZ
4	1	DIFF_SIZE	DIFFERENT_FUNCTION	TB	bl	default/PropKeys	fn_82423014	??1?$ObjRefConcrete@VObject@Hmx@@VObjectDir@@@@UAA@XZ	??1DataNode@@QAA@XZ
4	1	DIFF_SAMESIZE	DIFFERENT_FUNCTION	TB	bl	default/PropKeys	fn_82423EEC	??1DataNode@@QAA@XZ	??1Message@@UAA@XZ
4	1	DIFF_SIZE	DIFFERENT_FUNCTION	TB	bl	default/PropKeys	fn_8266831C	??1Object@Hmx@@UAA@XZ	??1?$vector@UNode@?$ObjPtrVec@VFlowNode@@VObjectDir@@@@V?$StlNodeAlloc@UNode@?$ObjPtrVec@VFlowNode@@VObjectDir@@@@@stlpmtx_std@@@stlpmtx_std@@QAA@XZ
4	1	DIFF_SIZE	DIFFERENT_FUNCTION	TB	bl	default/PropKeys	fn_82668424	??1Object@Hmx@@UAA@XZ	??1?$vector@UNode@?$ObjPtrVec@VFlowNode@@VObjectDir@@@@V?$StlNodeAlloc@UNode@?$ObjPtrVec@VFlowNode@@VObjectDir@@@@@stlpmtx_std@@@stlpmtx_std@@QAA@XZ
4	1	DIFF_SIZE	DIFFERENT_FUNCTION	TB	bl	default/QuestFilterPanel	fn_82B7A260	??1NetMessage@@UAA@XZ	??1DataNode@@QAA@XZ
4	1	DIFF_SIZE	DIFFERENT_FUNCTION	TB	bl	default/RockCentral	fn_8228710C	??1ObjRef@@QAA@XZ	??1?$_String_base@DV?$allocator@D@stlpmtx_std@@@stlpmtx_std@@IAA@XZ
4	1	DIFF_SIZE	DIFFERENT_FUNCTION	TB	bl	default/RockCentral	fn_824F68F0	??1Updatable@@UAA@XZ	??1Message@@UAA@XZ
4	1	DIFF_SIZE	DIFFERENT_FUNCTION	TB	bl	default/RockCentral	fn_824F6978	??1Updatable@@UAA@XZ	??1Message@@UAA@XZ
4	1	DIFF_SIZE	DIFFERENT_FUNCTION	TB	bl	default/RockCentral	fn_824F6A80	??1Updatable@@UAA@XZ	??1Message@@UAA@XZ
4	1	DIFF_SIZE	DIFFERENT_FUNCTION	TB	bl	default/RockCentral	fn_824F6B88	??1Updatable@@UAA@XZ	??1Message@@UAA@XZ
4	1	DIFF_SIZE	DIFFERENT_FUNCTION	TB	bl	default/RockCentral	fn_824F95A0	??1String@@UAA@XZ	??1?$pair@$$CBVSymbol@@VDataNode@@@stlpmtx_std@@QAA@XZ
4	1	DIFF_SIZE	DIFFERENT_FUNCTION	TB	bl	default/RockCentral	fn_824FA2A4	??1String@@UAA@XZ	??1?$pair@$$CBVSymbol@@VDataNode@@@stlpmtx_std@@QAA@XZ
4	1	DIFF_SIZE	DIFFERENT_FUNCTION	TB	bl	default/RockCentral	fn_824FA2CC	??1String@@UAA@XZ	??1?$pair@$$CBVSymbol@@VDataNode@@@stlpmtx_std@@QAA@XZ
4	1	DIFF_SIZE	DIFFERENT_FUNCTION	TB	bl	default/RockCentral	fn_82507210	??1String@@UAA@XZ	??1?$pair@$$CBVSymbol@@VDataNode@@@stlpmtx_std@@QAA@XZ
4	1	DIFF_SIZE	DIFFERENT_FUNCTION	TB	bl	default/RockCentral	fn_825ACD08	??1Object@Hmx@@UAA@XZ	??1Message@@UAA@XZ
4	2	DIFF_SIZE	REVIEW	TB	bl	default/Sfx	?_M_fill_insert_aux@?$vector@VMoggClipMap@@V?$StlNodeAlloc@VMoggClipMap@@@stlpmtx_std@@@stlpmtx_std@@AAAXPAVMoggClipMap@@IABV3@ABU__false_type@2@@Z	??$__uninitialized_copy@PBVMoggClipMap@@PAV1@@stlpmtx_std@@YAPAVMoggClipMap@@PBV1@0PAV1@ABU__false_type@0@@Z	??$__uninitialized_copy@PAVMoggClipMap@@PAV1@@stlpmtx_std@@YAPAVMoggClipMap@@PAV1@00ABU__false_type@0@@Z
4	2	DIFF_SIZE	REVIEW	TB	bl	default/Sfx	?_M_insert_overflow_aux@?$vector@VMoggClipMap@@V?$StlNodeAlloc@VMoggClipMap@@@stlpmtx_std@@@stlpmtx_std@@IAAXPAVMoggClipMap@@ABV3@ABU__false_type@2@I_N@Z	??$__uninitialized_copy@PBVMoggClipMap@@PAV1@@stlpmtx_std@@YAPAVMoggClipMap@@PBV1@0PAV1@ABU__false_type@0@@Z	??$__uninitialized_copy@PAVMoggClipMap@@PAV1@@stlpmtx_std@@YAPAVMoggClipMap@@PAV1@00ABU__false_type@0@@Z
4	1	DIFF_SIZE	DIFFERENT_FUNCTION	TB	bl	default/SongParser	fn_8278406C	??1String@@UAA@XZ	??3@YAXPAX@Z
4	1	DIFF_SIZE	DIFFERENT_FUNCTION	TB	bl	default/SongParser	fn_82784094	??1String@@UAA@XZ	??3@YAXPAX@Z
4	1	DIFF_SIZE	DIFFERENT_FUNCTION	TB	bl	default/SongStatusMgr	fn_825D3968	??1Object@Hmx@@UAA@XZ	??1Message@@UAA@XZ
4	1	DIFF_SIZE	DIFFERENT_FUNCTION	TB	bl	default/Spotlight	??1Spotlight@@UAA@XZ	??1?$ObjRefConcrete@VRndGroup@@VObjectDir@@@@UAA@XZ	??1?$ObjOwnerPtr@VSpotlight@@@@UAA@XZ
4	1	DIFF_SIZE	DIFFERENT_FUNCTION	TB	bl	default/Spotlight	??_G?$ObjOwnerPtr@VSpotlight@@@@UAAPAXI@Z	??1?$ObjRefConcrete@VRndGroup@@VObjectDir@@@@UAA@XZ	??1?$ObjOwnerPtr@VSpotlight@@@@UAA@XZ
4	1	DIFF_SIZE	DIFFERENT_FUNCTION	TB	bl	default/Spotlight	fn_824DA878	??1?$ObjRefConcrete@VRndGroup@@VObjectDir@@@@UAA@XZ	??1?$ObjOwnerPtr@VSpotlight@@@@UAA@XZ
4	1	DIFF_SIZE	DIFFERENT_FUNCTION	TB	bl	default/Spotlight	fn_824DAE00	??1?$ObjRefConcrete@VRndGroup@@VObjectDir@@@@UAA@XZ	??1?$ObjOwnerPtr@VSpotlight@@@@UAA@XZ
4	1	DIFF_SIZE	DIFFERENT_FUNCTION	TB	bl	default/StarDisplay	??_GStarDisplay@@UAAPAXI@Z	?MemFree@@YAXPAX@Z	??3UIComponent@@SAXPAX@Z
4	1	DIFF_SIZE	DIFFERENT_FUNCTION	TB	bl	default/SyncStore	fn_823E9E74	??1NetMessage@@UAA@XZ	??1BinStream@@UAA@XZ
4	1	DIFF_SIZE	REVIEW	TB	bl	default/Tour	?CreateAndSubmitMusicLibraryTask@Tour@@QAAXHVSymbol@@000_N@Z	??$__copy_ptrs@PBHPAH@stlpmtx_std@@YAPAHPBH0PAHABU__true_type@0@@Z	?GetQuest@Tour@@QAAPAVQuest@@XZ
4	1	DIFF_SIZE	REVIEW	TB	bl	default/TrackerManager	?ConfigureQuestGoal@TrackerManager@@QAAXXZ	??$__copy_ptrs@PBHPAH@stlpmtx_std@@YAPAHPBH0PAHABU__true_type@0@@Z	?GetQuest@Tour@@QAAPAVQuest@@XZ
4	1	DIFF_SIZE	REVIEW	TB	bl	default/TrackerManager	?StartIntro@TrackerManager@@QAAXXZ	??$__copy_ptrs@PBHPAH@stlpmtx_std@@YAPAHPBH0PAHABU__true_type@0@@Z	?GetQuest@Tour@@QAAPAVQuest@@XZ
4	1	DIFF_SIZE	DIFFERENT_FUNCTION	TB	bl	default/TrackerManager	fn_82694460	??0?$list@UBone@CharBones@@V?$StlNodeAlloc@UBone@CharBones@@@stlpmtx_std@@@stlpmtx_std@@QAA@ABV?$StlNodeAlloc@UBone@CharBones@@@1@@Z	??1TrackerDesc@@QAA@XZ
4	1	DIFF_SIZE	DIFFERENT_FUNCTION	TB	bl	default/TrackerManager	fn_826946AC	??0?$list@UBone@CharBones@@V?$StlNodeAlloc@UBone@CharBones@@@stlpmtx_std@@@stlpmtx_std@@QAA@ABV?$StlNodeAlloc@UBone@CharBones@@@1@@Z	??1TrackerDesc@@QAA@XZ
4	1	DIFF_SIZE	DIFFERENT_FUNCTION	TB	bl	default/UIComponent	??_GUIComponent@@UAAPAXI@Z	?MemFree@@YAXPAX@Z	??3UIComponent@@SAXPAX@Z
4	1	DIFF_SIZE	DIFFERENT_FUNCTION	TB	bl	default/UIList	fn_82666398	??1Object@Hmx@@UAA@XZ	??1?$vector@UNode@?$ObjPtrVec@VFlowNode@@VObjectDir@@@@V?$StlNodeAlloc@UNode@?$ObjPtrVec@VFlowNode@@VObjectDir@@@@@stlpmtx_std@@@stlpmtx_std@@QAA@XZ
4	1	DIFF_SAMESIZE	DIFFERENT_FUNCTION	T-	bl	default/UIListDir	??$__adjust_heap@PAPAVUILabel@@HPAV1@ULabelSort@?A0x15e3583a@@@stlpmtx_std@@YAXPAPAVUILabel@@HHPAV1@ULabelSort@?A0x15e3583a@@@Z	??RWidgetDrawSort@?A0x530db9db@@QBA_NPBVUIListWidget@@0@Z	??RLabelSort@?A0x4c78cf70@@QAA_NPAVUILabel@@0@Z
4	1	DIFF_SAMESIZE	DIFFERENT_FUNCTION	T-	bl	default/UIListDir	??$__linear_insert@PAPAVUILabel@@PAV1@ULabelSort@?A0x15e3583a@@@stlpmtx_std@@YAXPAPAVUILabel@@0PAV1@ULabelSort@?A0x15e3583a@@@Z	??RWidgetDrawSort@?A0x530db9db@@QBA_NPBVUIListWidget@@0@Z	??RLabelSort@?A0x4c78cf70@@QAA_NPAVUILabel@@0@Z
4	1	DIFF_SAMESIZE	DIFFERENT_FUNCTION	T-	bl	default/UIListDir	??$__partial_sort@PAPAVUILabel@@PAV1@ULabelSort@?A0x15e3583a@@@stlpmtx_std@@YAXPAPAVUILabel@@000ULabelSort@?A0x15e3583a@@@Z	??RWidgetDrawSort@?A0x530db9db@@QBA_NPBVUIListWidget@@0@Z	??RLabelSort@?A0x4c78cf70@@QAA_NPAVUILabel@@0@Z
4	1	DIFF_SAMESIZE	DIFFERENT_FUNCTION	T-	bl	default/UIListDir	??$__push_heap@PAPAVUILabel@@HPAV1@ULabelSort@?A0x15e3583a@@@stlpmtx_std@@YAXPAPAVUILabel@@HHPAV1@ULabelSort@?A0x15e3583a@@@Z	??RWidgetDrawSort@?A0x530db9db@@QBA_NPBVUIListWidget@@0@Z	??RLabelSort@?A0x4c78cf70@@QAA_NPAVUILabel@@0@Z
4	1	DIFF_SAMESIZE	DIFFERENT_FUNCTION	TB	bl	default/UIScreen	fn_827F06A0	??1DataNode@@QAA@XZ	??1Message@@UAA@XZ
4	1	DIFF_SIZE	DIFFERENT_FUNCTION	TB	bl	default/band3/bandtrack/Gem	fn_822A65D8	??1?$ObjRefConcrete@VRndTransformable@@VObjectDir@@@@UAA@XZ	??1ObjRefOwner@@UAA@XZ
4	1	DIFF_SIZE	DIFFERENT_FUNCTION	TB	bl	default/band3/game/Player	fn_826A3F24	??1NetMessage@@UAA@XZ	??1DataNode@@QAA@XZ
4	1	DIFF_SIZE	DIFFERENT_FUNCTION	TB	bl	default/band3/game/Tracker	fn_826D2248	??0?$list@UBone@CharBones@@V?$StlNodeAlloc@UBone@CharBones@@@stlpmtx_std@@@stlpmtx_std@@QAA@ABV?$StlNodeAlloc@UBone@CharBones@@@1@@Z	??1TrackerDesc@@QAA@XZ
4	1	DIFF_SIZE	DIFFERENT_FUNCTION	TB	bl	default/band3/game/Tracker	fn_826D236C	??0?$list@UBone@CharBones@@V?$StlNodeAlloc@UBone@CharBones@@@stlpmtx_std@@@stlpmtx_std@@QAA@ABV?$StlNodeAlloc@UBone@CharBones@@@1@@Z	??1TrackerDesc@@QAA@XZ
4	1	DIFF_SIZE	DIFFERENT_FUNCTION	TB	bl	default/band3/meta_band/AccomplishmentOneShot	??_GAccomplishmentOneShot@@UAAPAXI@Z	??1AccomplishmentTrainerConditional@@UAA@XZ	??1AccomplishmentConditional@@UAA@XZ
4	1	DIFF_SIZE	DIFFERENT_FUNCTION	TB	bl	default/band3/meta_band/AccomplishmentTrainerConditional	??1AccomplishmentPlayerConditional@@UAA@XZ	??1AccomplishmentTrainerConditional@@UAA@XZ	??1AccomplishmentConditional@@UAA@XZ
4	1	DIFF_SIZE	DIFFERENT_FUNCTION	TB	bl	default/band3/meta_band/AppMiniLeaderboardDisplay	??_GAppMiniLeaderboardDisplay@@UAAPAXI@Z	?MemFree@@YAXPAX@Z	??3UIComponent@@SAXPAX@Z
4	1	DIFF_SIZE	DIFFERENT_FUNCTION	TB	bl	default/band3/meta_band/AssetProvider	fn_8267171C	??1UIListProvider@@UAA@XZ	??1?$_Vector_base@V?$map@HMU?$less@H@stlpmtx_std@@V?$StlNodeAlloc@U?$pair@$$CBHM@stlpmtx_std@@@2@@stlpmtx_std@@V?$StlNodeAlloc@V?$map@HMU?$less@H@stlpmtx_std@@V?$StlNodeAlloc@U?$pair@$$CBHM@stlpmtx_std@@@2@@stlpmtx_std@@@2@@stlpmtx_std@@QAA@XZ
4	1	DIFF_SIZE	DIFFERENT_FUNCTION	TB	bl	default/band3/meta_band/CurrentOutfitProvider	fn_82671EEC	??1UIListProvider@@UAA@XZ	??1?$_Vector_base@V?$map@HMU?$less@H@stlpmtx_std@@V?$StlNodeAlloc@U?$pair@$$CBHM@stlpmtx_std@@@2@@stlpmtx_std@@V?$StlNodeAlloc@V?$map@HMU?$less@H@stlpmtx_std@@V?$StlNodeAlloc@U?$pair@$$CBHM@stlpmtx_std@@@2@@stlpmtx_std@@@2@@stlpmtx_std@@QAA@XZ
4	1	DIFF_SIZE	DIFFERENT_FUNCTION	TB	bl	default/band3/meta_band/FaceTypeProvider	fn_8266F2DC	??1UIListProvider@@UAA@XZ	??1?$_Vector_base@V?$map@HMU?$less@H@stlpmtx_std@@V?$StlNodeAlloc@U?$pair@$$CBHM@stlpmtx_std@@@2@@stlpmtx_std@@V?$StlNodeAlloc@V?$map@HMU?$less@H@stlpmtx_std@@V?$StlNodeAlloc@U?$pair@$$CBHM@stlpmtx_std@@@2@@stlpmtx_std@@@2@@stlpmtx_std@@QAA@XZ
4	1	DIFF_SIZE	DIFFERENT_FUNCTION	TB	bl	default/band3/meta_band/ViewSetting	fn_825D67D0	??1Object@Hmx@@UAA@XZ	??1?$vector@UNode@?$ObjPtrVec@VFlowNode@@VObjectDir@@@@V?$StlNodeAlloc@UNode@?$ObjPtrVec@VFlowNode@@VObjectDir@@@@@stlpmtx_std@@@stlpmtx_std@@QAA@XZ
4	1	DIFF_SIZE	REVIEW	TB	bl	default/band3/tour/TourChallengeResultsPanel	?Handle@TourChallengeResultsPanel@@UAA?AVDataNode@@PAVDataArray@@_N@Z	??$__copy_ptrs@PBHPAH@stlpmtx_std@@YAPAHPBH0PAHABU__true_type@0@@Z	?GetQuest@Tour@@QAAPAVQuest@@XZ
4	1	DIFF_SIZE	DIFFERENT_FUNCTION	TB	bl	default/network/net/NetSession	fn_823E2BC4	??1NetMessage@@UAA@XZ	??1BinStream@@UAA@XZ
4	1	DIFF_SIZE	DIFFERENT_FUNCTION	TB	bl	default/network/net/NetSession	fn_823E6E6C	??1NetMessage@@UAA@XZ	??1DataNode@@QAA@XZ
4	1	DIFF_SIZE	DIFFERENT_FUNCTION	TB	bl	default/network/net/Synchronize	fn_823E924C	??1NetMessage@@UAA@XZ	??1BinStream@@UAA@XZ
4	1	DIFF_SIZE	DIFFERENT_FUNCTION	TB	bl	default/system/bandobj/ReviewDisplay	??_GReviewDisplay@@UAAPAXI@Z	?MemFree@@YAXPAX@Z	??3UIComponent@@SAXPAX@Z
4	1	DIFF_SIZE	DIFFERENT_FUNCTION	TB	bl	default/system/rndobj/Utl	fn_82438620	??1Object@Hmx@@UAA@XZ	??1Message@@UAA@XZ
4	1	DIFF_SIZE	DIFFERENT_FUNCTION	TB	bl	default/system/rndobj/Utl	fn_82439848	??1?$ObjRefConcrete@VRndTex@@VObjectDir@@@@UAA@XZ	??1DataNode@@QAA@XZ
4	1	DIFF_SIZE	DIFFERENT_FUNCTION	TB	bl	default/system/rndobj/Utl	fn_82439870	??1?$ObjRefConcrete@VRndTex@@VObjectDir@@@@UAA@XZ	??1DataNode@@QAA@XZ
4	1	DIFF_SIZE	DIFFERENT_FUNCTION	TB	bl	default/system/rndobj/Utl	fn_82439898	??1?$ObjRefConcrete@VRndTex@@VObjectDir@@@@UAA@XZ	??1DataNode@@QAA@XZ
4	1	DIFF_SIZE	DIFFERENT_FUNCTION	TB	bl	default/system/rndobj/Utl	fn_824398E8	??1?$ObjRefConcrete@VObject@Hmx@@VObjectDir@@@@UAA@XZ	??1DataNode@@QAA@XZ
4	1	DIFF_SIZE	DIFFERENT_FUNCTION	TB	bl	default/system/synth/Synth	fn_826FCD4C	??1ObjRef@@QAA@XZ	??1Object@Hmx@@UAA@XZ
4	1	DIFF_SIZE	DIFFERENT_FUNCTION	TB	bl	default/system/synth_xbox/FxSendChorus	fn_82B627F4	??1FxSendWah@@UAA@XZ	??1?$ObjRefConcrete@VFxSend@@VObjectDir@@@@UAA@XZ
4	1	DIFF_SIZE	DIFFERENT_FUNCTION	TB	bl	default/system/synth_xbox/FxSendFlanger	fn_82B63B34	??1FxSendWah@@UAA@XZ	??1?$ObjRefConcrete@VFxSend@@VObjectDir@@@@UAA@XZ
4	1	DIFF_SIZE	DIFFERENT_FUNCTION	TB	bl	default/system/synth_xbox/Synth	fn_82B5AF60	??1FxSendWah@@UAA@XZ	??1?$ObjRefConcrete@VFxSend@@VObjectDir@@@@UAA@XZ
3	1	DIFF_SAMESIZE	REVIEW	TB	bl	default/AccomplishmentPanel	??$__merge_adaptive@PAVSymbol@@HPAV1@UGoalAlpaCmp@@@stlpmtx_std@@YAXPAVSymbol@@00HH0HUGoalAlpaCmp@@@Z	??$merge@PAVSymbol@@PAV1@PAV1@VAccomplishmentCategoryCmp@@@stlpmtx_std@@YAPAVSymbol@@PAV1@0000VAccomplishmentCategoryCmp@@@Z	??$merge@PAVSymbol@@PAV1@PAV1@UGoalAlpaCmp@@@stlpmtx_std@@YAPAVSymbol@@PAV1@0000UGoalAlpaCmp@@@Z
3	2	DIFF_SAMESIZE	REVIEW	TB	bl	default/AccomplishmentPanel	??$__merge_sort_loop@PAVSymbol@@PAV1@HUGoalAlpaCmp@@@stlpmtx_std@@YAXPAVSymbol@@00HUGoalAlpaCmp@@@Z	??$merge@PAVSymbol@@PAV1@PAV1@VAccomplishmentCategoryCmp@@@stlpmtx_std@@YAPAVSymbol@@PAV1@0000VAccomplishmentCategoryCmp@@@Z	??$merge@PAVSymbol@@PAV1@PAV1@UGoalAlpaCmp@@@stlpmtx_std@@YAPAVSymbol@@PAV1@0000UGoalAlpaCmp@@@Z
3	1	DIFF_SIZE	DIFFERENT_FUNCTION	TB	bl	default/AccomplishmentPanel	fn_825F882C	??1DataNode@@QAA@XZ	??1?$vector@PAVLocalBandUser@@V?$StlNodeAlloc@PAVLocalBandUser@@@stlpmtx_std@@@stlpmtx_std@@QAA@XZ
3	1	DIFF_SIZE	DIFFERENT_FUNCTION	TB	bl	default/AppChild	??0AppChild@@AAA@PBD@Z	??2CriticalSection@@SAPAXI@Z	??2BinStream@@SAPAXI@Z
3	1	DIFF_SIZE	DIFFERENT_FUNCTION	TB	bl	default/BandCamShot	fn_822B858C	??1?$ObjRefConcrete@VFlowLabel@@VObjectDir@@@@UAA@XZ	??1DataNode@@QAA@XZ
3	1	DIFF_SIZE	DIFFERENT_FUNCTION	TB	bl	default/BandCamShot	fn_822B85DC	??1?$ObjRefConcrete@VFlowLabel@@VObjectDir@@@@UAA@XZ	??1DataNode@@QAA@XZ
3	1	DIFF_SIZE	DIFFERENT_FUNCTION	TB	bl	default/BandCharacter	??1BandCharacter@@UAA@XZ	??1?$ObjRefConcrete@VBandCharDesc@@VObjectDir@@@@UAA@XZ	??1?$ObjOwnerPtr@VBandCharDesc@@@@UAA@XZ
3	1	DIFF_SAMESIZE	DIFFERENT_FUNCTION	TB	bl	default/BandCharacter	?Copy@BandCharacter@@UAAXPBVObject@Hmx@@W4CopyType@23@@Z	?SetOwnerObj@?$ObjOwnerPtr@VBandCharDesc@@@@QAAXPAVBandCharDesc@@@Z	?SetObjConcrete@?$ObjRefConcrete@VBandCharDesc@@VObjectDir@@@@QAAXPAVBandCharDesc@@@Z
3	2	DIFF_SAMESIZE	DIFFERENT_FUNCTION	TB	bl	default/BandCharacter	?Load@?$ObjRefConcrete@VBandCharDesc@@VObjectDir@@@@QAA_NAAVBinStream@@_NPAVObjectDir@@@Z	?SetOwnerObj@?$ObjOwnerPtr@VBandCharDesc@@@@QAAXPAVBandCharDesc@@@Z	?SetObjConcrete@?$ObjRefConcrete@VBandCharDesc@@VObjectDir@@@@QAAXPAVBandCharDesc@@@Z
3	1	DIFF_SIZE	DIFFERENT_FUNCTION	TB	bl	default/BandCharacter	fn_8228732C	??1ObjRef@@QAA@XZ	??1FilePath@@UAA@XZ
3	1	DIFF_SIZE	DIFFERENT_FUNCTION	TB	bl	default/BandCharacter	fn_822890FC	??1?$ObjRefConcrete@VBandCharDesc@@VObjectDir@@@@UAA@XZ	??1?$ObjOwnerPtr@VBandCharDesc@@@@UAA@XZ
3	1	DIFF_SIZE	DIFFERENT_FUNCTION	TB	bl	default/BandCharacter	fn_82289D98	??1?$ObjRefConcrete@VBandCharDesc@@VObjectDir@@@@UAA@XZ	??1?$ObjOwnerPtr@VBandCharDesc@@@@UAA@XZ
3	1	DIFF_SIZE	DIFFERENT_FUNCTION	TB	bl	default/BandDirector	fn_82290908	??1ObjRef@@QAA@XZ	??1FilePath@@UAA@XZ
3	1	DIFF_SIZE	DIFFERENT_FUNCTION	TB	bl	default/BandDirector	fn_822981C4	??1?$vector@UPropertyFilter@CameraManager@@V?$StlNodeAlloc@UPropertyFilter@CameraManager@@@stlpmtx_std@@@stlpmtx_std@@QAA@XZ	??1DataNode@@QAA@XZ
3	1	DIFF_SIZE	REVIEW	TB	bl	default/BandDirector	fn_82299518	??$__destroy_aux@V?$Key@VObjectStage@@@@@stlpmtx_std@@YAXPAV?$Key@VObjectStage@@@@ABU__false_type@0@@Z	??1DataNode@@QAA@XZ
3	1	DIFF_SIZE	DIFFERENT_FUNCTION	TB	bl	default/BandDirector	fn_82299828	??1?$vector@UPropertyFilter@CameraManager@@V?$StlNodeAlloc@UPropertyFilter@CameraManager@@@stlpmtx_std@@@stlpmtx_std@@QAA@XZ	??1DataNode@@QAA@XZ
3	1	DIFF_SIZE	DIFFERENT_FUNCTION	TB	bl	default/BandDirector	fn_822999EC	??1?$vector@UPropertyFilter@CameraManager@@V?$StlNodeAlloc@UPropertyFilter@CameraManager@@@stlpmtx_std@@@stlpmtx_std@@QAA@XZ	??1DataNode@@QAA@XZ
3	1	DIFF_SIZE	DIFFERENT_FUNCTION	TB	bl	default/CameraShot	??$?5U?$pair@HH@stlpmtx_std@@V?$StlNodeAlloc@U?$pair@HH@stlpmtx_std@@@1@@@YAAAVBinStream@@AAV0@AAV?$vector@U?$pair@HH@stlpmtx_std@@V?$StlNodeAlloc@U?$pair@HH@stlpmtx_std@@@2@@stlpmtx_std@@@Z	?resize@?$vector@U?$pair@PBVMoveVariant@@PBV1@@stlpmtx_std@@V?$StlNodeAlloc@U?$pair@PBVMoveVariant@@PBV1@@stlpmtx_std@@@2@@stlpmtx_std@@QAAXIABU?$pair@PBVMoveVariant@@PBV1@@2@@Z	?resize@?$vector@U?$pair@HH@stlpmtx_std@@V?$StlNodeAlloc@U?$pair@HH@stlpmtx_std@@@2@@stlpmtx_std@@QAAXIABU?$pair@HH@2@@Z
3	1	DIFF_SIZE	DIFFERENT_FUNCTION	TB	bl	default/CharBone	fn_823D8068	??1Object@Hmx@@UAA@XZ	??1?$ObjRefConcrete@VRndTransformable@@VObjectDir@@@@UAA@XZ
3	3	DIFF_SIZE	DIFFERENT_FUNCTION	TB	bl	default/CharBoneDir	??$_S_sort@VString@@V?$StlNodeAlloc@VString@@@stlpmtx_std@@U?$less@VString@@@3@@stlpmtx_std@@YAXAAV?$list@VString@@V?$StlNodeAlloc@VString@@@stlpmtx_std@@@0@U?$less@VString@@@0@@Z	?swap@?$list@VBSPFace@@V?$StlNodeAlloc@VBSPFace@@@stlpmtx_std@@@stlpmtx_std@@QAAXAAV12@@Z	?swap@?$list@VString@@V?$StlNodeAlloc@VString@@@stlpmtx_std@@@stlpmtx_std@@QAAXAAV12@@Z
3	3	DIFF_SIZE	DIFFERENT_FUNCTION	TB	bl	default/CharClipSet	??$_S_sort@PAVCharClip@@V?$StlNodeAlloc@PAVCharClip@@@stlpmtx_std@@UObjNameSort@@@stlpmtx_std@@YAXAAV?$list@PAVCharClip@@V?$StlNodeAlloc@PAVCharClip@@@stlpmtx_std@@@0@UObjNameSort@@@Z	?swap@?$list@VBSPFace@@V?$StlNodeAlloc@VBSPFace@@@stlpmtx_std@@@stlpmtx_std@@QAAXAAV12@@Z	?swap@?$list@PAVCharClip@@V?$StlNodeAlloc@PAVCharClip@@@stlpmtx_std@@@stlpmtx_std@@QAAXAAV12@@Z
3	1	DIFF_SIZE	DIFFERENT_FUNCTION	TB	bl	default/CharIKScale	fn_8239B444	??1ObjRef@@QAA@XZ	??1?$ObjRefConcrete@VRndMat@@VObjectDir@@@@UAA@XZ
3	1	DIFF_SIZE	DIFFERENT_FUNCTION	TB	bl	default/CharLipSync	fn_823D4960	??1Object@Hmx@@UAA@XZ	??1?$ObjRefConcrete@VRndTransformable@@VObjectDir@@@@UAA@XZ
3	1	DIFF_SIZE	DIFFERENT_FUNCTION	TB	bl	default/CharLipSync	fn_823D4C68	?CurrentThreadId@@YAKXZ	??1DataNode@@QAA@XZ
3	1	DIFF_SIZE	DIFFERENT_FUNCTION	TB	bl	default/CharLipSync	fn_823D5800	?CurrentThreadId@@YAKXZ	??1DataNode@@QAA@XZ
3	1	DIFF_SIZE	DIFFERENT_FUNCTION	TB	bl	default/CharLipSync	fn_823D5850	?CurrentThreadId@@YAKXZ	??1DataNode@@QAA@XZ
3	1	DIFF_SAMESIZE	REVIEW	TB	bl	default/Character	fn_822A2F80	??$_Destroy_Range@PAVOverlay@OutfitConfig@@@stlpmtx_std@@YAXPAVOverlay@OutfitConfig@@0@Z	??$_Destroy_Range@PAVSampleMarker@@@stlpmtx_std@@YAXPAVSampleMarker@@0@Z
3	1	DIFF_SIZE	DIFFERENT_FUNCTION	TB	bl	default/Console	fn_82468320	??1Object@Hmx@@UAA@XZ	??1FilePath@@UAA@XZ
3	1	DIFF_SIZE	DIFFERENT_FUNCTION	TB	bl	default/ContentMgr_Xbox	fn_82521488	??1Object@Hmx@@UAA@XZ	??1?$_Vector_base@VString@@V?$StlNodeAlloc@VString@@@stlpmtx_std@@@stlpmtx_std@@QAA@XZ
3	3	DIFF_SIZE	DIFFERENT_FUNCTION	TB	bl	default/Crowd	??$_S_sort@IV?$StlNodeAlloc@I@stlpmtx_std@@U?$less@I@2@@stlpmtx_std@@YAXAAV?$list@IV?$StlNodeAlloc@I@stlpmtx_std@@@0@U?$less@I@0@@Z	?swap@?$list@VBSPFace@@V?$StlNodeAlloc@VBSPFace@@@stlpmtx_std@@@stlpmtx_std@@QAAXAAV12@@Z	?swap@?$list@IV?$StlNodeAlloc@I@stlpmtx_std@@@stlpmtx_std@@QAAXAAV12@@Z
3	1	DIFF_SIZE	REVIEW	TB	bl	default/Crowd	?Set3DCharAll@WorldCrowd@@QAAXXZ	??$?0H@?$StlNodeAlloc@V?$_List_node@H@stlpmtx_std@@@stlpmtx_std@@QAA@ABV?$StlNodeAlloc@H@1@@Z	?InvalidateProxies@RndMultiMesh@@QAAXXZ
3	1	DIFF_SIZE	DIFFERENT_FUNCTION	TB	bl	default/Crowd	fn_824E0E18	??1ObjRef@@QAA@XZ	??1FilePath@@UAA@XZ
3	1	DIFF_SIZE	DIFFERENT_FUNCTION	TB	bl	default/DataFile	fn_8276AB6C	??3BandHighlight@@SAXPAX@Z	??1MemTemp@@QAA@XZ
3	1	DIFF_SIZE	DIFFERENT_FUNCTION	TB	bl	default/Env	fn_82408C5C	??1Object@Hmx@@UAA@XZ	??1?$ObjRefConcrete@VRndTransformable@@VObjectDir@@@@UAA@XZ
3	3	DIFF_SIZE	DIFFERENT_FUNCTION	TB	bl	default/EventAnim	??$_S_sort@VKeyFrame@EventAnim@@V?$StlNodeAlloc@VKeyFrame@EventAnim@@@stlpmtx_std@@U?$less@VKeyFrame@EventAnim@@@4@@stlpmtx_std@@YAXAAV?$list@VKeyFrame@EventAnim@@V?$StlNodeAlloc@VKeyFrame@EventAnim@@@stlpmtx_std@@@0@U?$less@VKeyFrame@EventAnim@@@0@@Z	?swap@?$list@VBSPFace@@V?$StlNodeAlloc@VBSPFace@@@stlpmtx_std@@@stlpmtx_std@@QAAXAAV12@@Z	?swap@?$list@VKeyFrame@EventAnim@@V?$StlNodeAlloc@VKeyFrame@EventAnim@@@stlpmtx_std@@@stlpmtx_std@@QAAXAAV12@@Z
3	1	DIFF_SIZE	DIFFERENT_FUNCTION	TB	bl	default/EventTrigger	fn_824A4B44	??3BandHighlight@@SAXPAX@Z	??1MemTemp@@QAA@XZ
3	3	DIFF_SIZE	DIFFERENT_FUNCTION	TB	bl	default/Faders	?_M_insert@?$_Rb_tree@PAVFaderGroup@@U?$less@PAVFaderGroup@@@stlpmtx_std@@PAV1@U?$_Identity@PAVFaderGroup@@@3@U?$_SetTraitsT@PAVFaderGroup@@@priv@3@V?$StlNodeAlloc@PAVFaderGroup@@@3@@stlpmtx_std@@AAA?AU?$_Rb_tree_iterator@PAVFaderGroup@@U?$_SetTraitsT@PAVFaderGroup@@@priv@stlpmtx_std@@@2@PAU_Rb_tree_node_base@2@ABQAVFaderGroup@@00@Z	?_M_create_node@?$_Rb_tree@W4TrackType@@U?$less@W4TrackType@@@stlpmtx_std@@U?$pair@$$CBW4TrackType@@VPlayerContribData@PerfectOverdriveTracker@@@3@U?$_Select1st@U?$pair@$$CBW4TrackType@@VPlayerContribData@PerfectOverdriveTracker@@@stlpmtx_std@@@3@U?$_MapTraitsT@U?$pair@$$CBW4TrackType@@VPlayerContribData@PerfectOverdriveTracker@@@stlpmtx_std@@@priv@3@V?$StlNodeAlloc@U?$pair@$$CBW4TrackType@@VPlayerContribData@PerfectOverdriveTracker@@@stlpmtx_std@@@3@@stlpmtx_std@@IAAPAU_Rb_tree_node_base@2@ABU?$pair@$$CBW4TrackType@@VPlayerContribData@PerfectOverdriveTracker@@@2@@Z	?_M_create_node@?$_Rb_tree@PAVFaderGroup@@U?$less@PAVFaderGroup@@@stlpmtx_std@@PAV1@U?$_Identity@PAVFaderGroup@@@3@U?$_SetTraitsT@PAVFaderGroup@@@priv@3@V?$StlNodeAlloc@PAVFaderGroup@@@3@@stlpmtx_std@@IAAPAU_Rb_tree_node_base@2@ABQAVFaderGroup@@@Z
3	3	DIFF_SIZE	DIFFERENT_FUNCTION	TB	bl	default/FileMerger	??$_S_sort@PAUMerger@FileMerger@@V?$StlNodeAlloc@PAUMerger@FileMerger@@@stlpmtx_std@@UFileMergerSort@@@stlpmtx_std@@YAXAAV?$list@PAUMerger@FileMerger@@V?$StlNodeAlloc@PAUMerger@FileMerger@@@stlpmtx_std@@@0@UFileMergerSort@@@Z	?swap@?$list@VBSPFace@@V?$StlNodeAlloc@VBSPFace@@@stlpmtx_std@@@stlpmtx_std@@QAAXAAV12@@Z	?swap@?$list@PAUMerger@FileMerger@@V?$StlNodeAlloc@PAUMerger@FileMerger@@@stlpmtx_std@@@stlpmtx_std@@QAAXAAV12@@Z
3	3	DIFF_SIZE	DIFFERENT_FUNCTION	TB	bl	default/Font	?_M_insert@?$_Rb_tree@GU?$less@G@stlpmtx_std@@U?$pair@$$CBGUCharInfo@RndFont@@@2@U?$_Select1st@U?$pair@$$CBGUCharInfo@RndFont@@@stlpmtx_std@@@2@U?$_MapTraitsT@U?$pair@$$CBGUCharInfo@RndFont@@@stlpmtx_std@@@priv@2@V?$StlNodeAlloc@U?$pair@$$CBGUCharInfo@RndFont@@@stlpmtx_std@@@2@@stlpmtx_std@@AAA?AU?$_Rb_tree_iterator@U?$pair@$$CBGUCharInfo@RndFont@@@stlpmtx_std@@U?$_MapTraitsT@U?$pair@$$CBGUCharInfo@RndFont@@@stlpmtx_std@@@priv@2@@2@PAU_Rb_tree_node_base@2@ABU?$pair@$$CBGUCharInfo@RndFont@@@2@00@Z	?_M_create_node@?$_Rb_tree@GU?$less@G@stlpmtx_std@@U?$pair@$$CBGG@2@U?$_Select1st@U?$pair@$$CBGG@stlpmtx_std@@@2@U?$_MapTraitsT@U?$pair@$$CBGG@stlpmtx_std@@@priv@2@V?$StlNodeAlloc@U?$pair@$$CBGG@stlpmtx_std@@@2@@stlpmtx_std@@IAAPAU_Rb_tree_node_base@2@ABU?$pair@$$CBGG@2@@Z	?_M_create_node@?$_Rb_tree@GU?$less@G@stlpmtx_std@@U?$pair@$$CBGUCharInfo@RndFont@@@2@U?$_Select1st@U?$pair@$$CBGUCharInfo@RndFont@@@stlpmtx_std@@@2@U?$_MapTraitsT@U?$pair@$$CBGUCharInfo@RndFont@@@stlpmtx_std@@@priv@2@V?$StlNodeAlloc@U?$pair@$$CBGUCharInfo@RndFont@@@stlpmtx_std@@@2@@stlpmtx_std@@IAAPAU_Rb_tree_node_base@2@ABU?$pair@$$CBGUCharInfo@RndFont@@@2@@Z
3	1	DIFF_SIZE	DIFFERENT_FUNCTION	TB	bl	default/Font	fn_82473BD4	??1Object@Hmx@@UAA@XZ	??1FilePath@@UAA@XZ
3	1	DIFF_SIZE	REVIEW	TB	bl	default/Game	?DropUser@Game@@QAAXPAVBandUser@@@Z	??$__find@PAVSymbol@@V1@@stlpmtx_std@@YAPAVSymbol@@PAV1@0ABV1@ABUrandom_access_iterator_tag@0@@Z	??$__find@PAPAVBandUser@@PAV1@@stlpmtx_std@@YAPAPAVBandUser@@PAPAV1@0ABQAV1@ABUrandom_access_iterator_tag@0@@Z
3	1	DIFF_SIZE	REVIEW	TB	bl	default/GameMicManager	?HandleMicsChanged@GameMicManager@@UAAXXZ	??$__find@PBHH@stlpmtx_std@@YAPBHPBH0ABHABUrandom_access_iterator_tag@0@@Z	??$__find@PAHH@stlpmtx_std@@YAPAHPAH0ABHABUrandom_access_iterator_tag@0@@Z
3	1	DIFF_SAMESIZE	DIFFERENT_FUNCTION	TB	bl	default/GemManager	?Released@GemManager@@QAAXMH@Z	?ReverseSlide@GameGem@@QBA_NXZ	?LeftHandSlide@GameGem@@QBA_NXZ
3	1	DIFF_SAMESIZE	REVIEW	TB	bl	default/HamCamTransform	fn_822A9C30	??$_Destroy_Range@PAUEntry@LocalePanel@@@stlpmtx_std@@YAXPAUEntry@LocalePanel@@0@Z	??$_Destroy_Range@PAUCharInterestState@CharEyes@@@stlpmtx_std@@YAXPAUCharInterestState@CharEyes@@0@Z
3	1	DIFF_SAMESIZE	REVIEW	TB	bl	default/HamCamTransform	fn_822A9CC8	??$_Destroy_Range@PAUEntry@LocalePanel@@@stlpmtx_std@@YAXPAUEntry@LocalePanel@@0@Z	??$_Destroy_Range@PAUCharInterestState@CharEyes@@@stlpmtx_std@@YAXPAUCharInterestState@CharEyes@@0@Z
3	1	DIFF_SAMESIZE	REVIEW	TB	bl	default/HamCamTransform	fn_822AA6C4	??$_Destroy_Range@PAUEntry@LocalePanel@@@stlpmtx_std@@YAXPAUEntry@LocalePanel@@0@Z	??$_Destroy_Range@PAUCharInterestState@CharEyes@@@stlpmtx_std@@YAXPAUCharInterestState@CharEyes@@0@Z
3	3	DIFF_SIZE	DIFFERENT_FUNCTION	TB	bl	default/Instance	??$_S_sort@PAVObject@Hmx@@V?$StlNodeAlloc@PAVObject@Hmx@@@stlpmtx_std@@UClassAndNameSort@DirLoader@@@stlpmtx_std@@YAXAAV?$list@PAVObject@Hmx@@V?$StlNodeAlloc@PAVObject@Hmx@@@stlpmtx_std@@@0@UClassAndNameSort@DirLoader@@@Z	?swap@?$list@VBSPFace@@V?$StlNodeAlloc@VBSPFace@@@stlpmtx_std@@@stlpmtx_std@@QAAXAAV12@@Z	?swap@?$list@PAVObject@Hmx@@V?$StlNodeAlloc@PAVObject@Hmx@@@stlpmtx_std@@@stlpmtx_std@@QAAXAAV12@@Z
3	1	DIFF_SIZE	DIFFERENT_FUNCTION	TB	bl	default/Leaderboard	fn_8266BE48	??1String@@UAA@XZ	??1Message@@UAA@XZ
3	1	DIFF_SIZE	REVIEW	TB	bl	default/LightPreset	??$_M_allocate_and_copy@PBUSpotlightEntry@LightPreset@@@?$vector@USpotlightEntry@LightPreset@@V?$StlNodeAlloc@USpotlightEntry@LightPreset@@@stlpmtx_std@@@stlpmtx_std@@IAAPAUSpotlightEntry@LightPreset@@IPBU23@0@Z	??$__uninitialized_fill_n@PAVCamShotFrame@@IV1@@stlpmtx_std@@YAPAVCamShotFrame@@PAV1@IABV1@ABU__false_type@0@@Z	??$__uninitialized_copy@PBUSpotlightEntry@LightPreset@@PAU12@@stlpmtx_std@@YAPAUSpotlightEntry@LightPreset@@PBU12@0PAU12@ABU__false_type@0@@Z
3	1	DIFF_SIZE	REVIEW	TB	bl	default/LightPreset	??0?$vector@USpotlightEntry@LightPreset@@V?$StlNodeAlloc@USpotlightEntry@LightPreset@@@stlpmtx_std@@@stlpmtx_std@@QAA@ABV01@@Z	??$__uninitialized_fill_n@PAVCamShotFrame@@IV1@@stlpmtx_std@@YAPAVCamShotFrame@@PAV1@IABV1@ABU__false_type@0@@Z	??$__uninitialized_copy@PBUSpotlightEntry@LightPreset@@PAU12@@stlpmtx_std@@YAPAUSpotlightEntry@LightPreset@@PBU12@0PAU12@ABU__false_type@0@@Z
3	1	DIFF_SIZE	REVIEW	TB	bl	default/LightPreset	??4?$vector@USpotlightEntry@LightPreset@@V?$StlNodeAlloc@USpotlightEntry@LightPreset@@@stlpmtx_std@@@stlpmtx_std@@QAAAAV01@ABV01@@Z	??$__uninitialized_fill_n@PAVCamShotFrame@@IV1@@stlpmtx_std@@YAPAVCamShotFrame@@PAV1@IABV1@ABU__false_type@0@@Z	??$__uninitialized_copy@PBUSpotlightEntry@LightPreset@@PAU12@@stlpmtx_std@@YAPAUSpotlightEntry@LightPreset@@PBU12@0PAU12@ABU__false_type@0@@Z
3	1	DIFF_SIZE	DIFFERENT_FUNCTION	TB	bl	default/Lit	??_GRndLight@@UAAPAXI@Z	?MemFree@@YAXPAX@Z	??3RndLight@@SAXPAX@Z
3	1	DIFF_SIZE	DIFFERENT_FUNCTION	TB	bl	default/Lit_NG	??_GNgLight@@UAAPAXI@Z	?MemFree@@YAXPAX@Z	??3RndLight@@SAXPAX@Z
3	1	DIFF_SAMESIZE	DIFFERENT_FUNCTION	TB	bl	default/MatAnim	fn_824628EC	??1?$_Vector_base@VStreakList@Scoring@@V?$StlNodeAlloc@VStreakList@Scoring@@@stlpmtx_std@@@stlpmtx_std@@QAA@XZ	??1?$_Vector_base@VVector2@@V?$StlNodeAlloc@VVector2@@@stlpmtx_std@@@stlpmtx_std@@QAA@XZ
3	1	DIFF_SIZE	DIFFERENT_FUNCTION	TB	bl	default/MatAnim	fn_82462AC0	??1?$ObjPtr@VRndTex@@@@UAA@XZ	??1DataNode@@QAA@XZ
3	1	DIFF_SIZE	DIFFERENT_FUNCTION	TB	bl	default/MatAnim	fn_8246351C	??1?$ObjPtr@VRndTex@@@@UAA@XZ	??1DataNode@@QAA@XZ
3	1	DIFF_SIZE	DIFFERENT_FUNCTION	TB	bl	default/MatAnim	fn_824636E4	??1?$ObjPtr@VRndTex@@@@UAA@XZ	??1DataNode@@QAA@XZ
3	1	DIFF_SIZE	DIFFERENT_FUNCTION	TB	bl	default/MemcardMgr_Xbox	fn_8251D18C	??1Message@@UAA@XZ	??1ThreadCallback@@UAA@XZ
3	1	DIFF_SIZE	DIFFERENT_FUNCTION	TB	bl	default/MemcardMgr_Xbox	fn_8251D350	??1Message@@UAA@XZ	??1ThreadCallback@@UAA@XZ
3	1	DIFF_SIZE	DIFFERENT_FUNCTION	TB	bl	default/MemcardMgr_Xbox	fn_827AC514	??1Message@@UAA@XZ	??1ThreadCallback@@UAA@XZ
3	3	DIFF_SIZE	DIFFERENT_FUNCTION	TB	bl	default/Mesh	??$_S_sort@HV?$StlNodeAlloc@H@stlpmtx_std@@U?$less@H@2@@stlpmtx_std@@YAXAAV?$list@HV?$StlNodeAlloc@H@stlpmtx_std@@@0@U?$less@H@0@@Z	?swap@?$list@VBSPFace@@V?$StlNodeAlloc@VBSPFace@@@stlpmtx_std@@@stlpmtx_std@@QAAXAAV12@@Z	?swap@?$list@HV?$StlNodeAlloc@H@stlpmtx_std@@@stlpmtx_std@@QAAXAAV12@@Z
3	1	DIFF_SAMESIZE	DIFFERENT_FUNCTION	TB	bl	default/MeshAnim	fn_8246F284	??1?$_Vector_base@VStreakList@Scoring@@V?$StlNodeAlloc@VStreakList@Scoring@@@stlpmtx_std@@@stlpmtx_std@@QAA@XZ	??1?$_Vector_base@VVector2@@V?$StlNodeAlloc@VVector2@@@stlpmtx_std@@@stlpmtx_std@@QAA@XZ
3	1	DIFF_SIZE	DIFFERENT_FUNCTION	TB	bl	default/Mic	??0ChatReceiver@@QAA@PAUIXHV2Engine@@H@Z	??2CriticalSection@@SAPAXI@Z	??2BinStream@@SAPAXI@Z
3	1	DIFF_SIZE	DIFFERENT_FUNCTION	TB	bl	default/MidiParser	fn_827E7BD8	??3BandHighlight@@SAXPAX@Z	??1MemTemp@@QAA@XZ
3	1	DIFF_SIZE	DIFFERENT_FUNCTION	TB	bl	default/MidiSynth	fn_824CC8B0	??1?$ObjRefConcrete@VRndTex@@VObjectDir@@@@UAA@XZ	??1ObjRefOwner@@UAA@XZ
3	1	DIFF_SIZE	DIFFERENT_FUNCTION	TB	bl	default/MoviePanel	??1MoviePanel@@UAA@XZ	??0CritSecTracker@@QAA@PAVCriticalSection@@@Z	??1Movie@@QAA@XZ
3	3	DIFF_SIZE	DIFFERENT_FUNCTION	TB	bl	default/Msg	?OnAddSink@MsgSource@@QAA?AVDataNode@@PAVDataArray@@@Z	??0?$reverse_iterator@PAPAVSynchronizable@@@stlpmtx_std@@QAA@ABV01@@Z	?LiteralSym@DataNode@@QBA?AVSymbol@@PBVDataArray@@@Z
3	1	DIFF_SAMESIZE	DIFFERENT_FUNCTION	TB	bl	default/MusicLibrary	?ContentDone@MusicLibrary@@UAAXXZ	?RemoveLastSongFromSetlist@MusicLibrary@@QAAXXZ	?PushSetlistToScreen@MusicLibrary@@QAAXXZ
3	3	DIFF_SIZE	DIFFERENT_FUNCTION	-B	bl	default/MusicLibrary	?Custom@MusicLibrary@@UBAXHHPAVUIListCustom@@PAVObject@Hmx@@@Z	?SetTrackedSkeletons@GestureMgr@@QAAXHH@Z	?SetValues@StarDisplay@@QAAXHH@Z
3	1	DIFF_SAMESIZE	DIFFERENT_FUNCTION	TB	bl	default/MusicLibrary	?MakeSureSetlistIsValid@MusicLibrary@@QAAXXZ	?RemoveLastSongFromSetlist@MusicLibrary@@QAAXXZ	?PushSetlistToScreen@MusicLibrary@@QAAXXZ
3	1	DIFF_SAMESIZE	DIFFERENT_FUNCTION	TB	bl	default/MusicLibrary	?Poll@MusicLibrary@@QAAXXZ	?RemoveLastSongFromSetlist@MusicLibrary@@QAAXXZ	?PushSetlistToScreen@MusicLibrary@@QAAXXZ
3	1	DIFF_SIZE	DIFFERENT_FUNCTION	TB	bl	default/MusicLibrary	fn_8253D7C4	??1DataNode@@QAA@XZ	??1?$vector@PAVLocalBandUser@@V?$StlNodeAlloc@PAVLocalBandUser@@@stlpmtx_std@@@stlpmtx_std@@QAA@XZ
3	1	DIFF_SIZE	DIFFERENT_FUNCTION	TB	bl	default/OutfitConfig	fn_8229EF78	??1ObjRef@@QAA@XZ	??1?$ObjRefConcrete@VRndMat@@VObjectDir@@@@UAA@XZ
3	1	DIFF_SIZE	DIFFERENT_FUNCTION	TB	bl	default/OvershellPanel	fn_825B48B0	??1DataNode@@QAA@XZ	??1?$vector@PAVLocalBandUser@@V?$StlNodeAlloc@PAVLocalBandUser@@@stlpmtx_std@@@stlpmtx_std@@QAA@XZ
3	1	DIFF_SIZE	DIFFERENT_FUNCTION	TB	bl	default/PanelDir	fn_827ED2C8	??1?$_Vector_base@VFilePath@@V?$StlNodeAlloc@VFilePath@@@stlpmtx_std@@@stlpmtx_std@@QAA@XZ	??1?$_Vector_base@V?$ObjPtr@VUIColor@@@@V?$StlNodeAlloc@V?$ObjPtr@VUIColor@@@@@stlpmtx_std@@@stlpmtx_std@@QAA@XZ
3	1	DIFF_SIZE	DIFFERENT_FUNCTION	TB	bl	default/PanelDir	fn_82808A94	??1Message@@UAA@XZ	??1FilePath@@UAA@XZ
3	1	DIFF_SIZE	DIFFERENT_FUNCTION	TB	bl	default/PatchDir	fn_827163A4	??1?$ObjDirPtr@VObjectDir@@@@UAA@XZ	??1ObjRefOwner@@UAA@XZ
3	1	DIFF_SIZE	REVIEW	TB	bl	default/PropAnim	fn_8242C53C	??$__destroy_aux@V?$Key@VObjectStage@@@@@stlpmtx_std@@YAXPAV?$Key@VObjectStage@@@@ABU__false_type@0@@Z	??1DataNode@@QAA@XZ
3	1	DIFF_SIZE	REVIEW	TB	bl	default/PropKeys	fn_824248B0	??$__destroy_aux@V?$Key@VObjectStage@@@@@stlpmtx_std@@YAXPAV?$Key@VObjectStage@@@@ABU__false_type@0@@Z	??1DataNode@@QAA@XZ
3	1	DIFF_SIZE	DIFFERENT_FUNCTION	TB	bl	default/PropSync	fn_824CB398	??1?$ObjRefConcrete@VRndTex@@VObjectDir@@@@UAA@XZ	??1ObjRefOwner@@UAA@XZ
3	1	DIFF_SIZE	DIFFERENT_FUNCTION	TB	bl	default/QuestFilterPanel	?FinishLoad@QuestFilterPanel@@UAAXXZ	?Print@String@@UAAXPBD@Z	?FinishLoad@TexLoadPanel@@UAAXXZ
3	3	DIFF_SIZE	REVIEW	TB	bl	default/Rnd_Xbox	?CreatePostTextures@DxRnd@@AAAXXZ	?resize@?$vector@URndPointTest@NgRnd@@V?$StlNodeAlloc@URndPointTest@NgRnd@@@stlpmtx_std@@@stlpmtx_std@@QAAXIABURndPointTest@NgRnd@@@Z	??$New@VDxTex@@@Object@Hmx@@SAPAVDxTex@@XZ
3	1	DIFF_SIZE	DIFFERENT_FUNCTION	TB	bl	default/RockCentral	fn_8250B0A4	??1String@@UAA@XZ	??1Message@@UAA@XZ
3	1	DIFF_SIZE	DIFFERENT_FUNCTION	TB	bl	default/RockCentral	fn_825CAA48	??1UIListProvider@@UAA@XZ	??1Message@@UAA@XZ
3	1	DIFF_SIZE	DIFFERENT_FUNCTION	TB	bl	default/RockCentral	fn_825CAB40	??1UIListProvider@@UAA@XZ	??1Message@@UAA@XZ
3	1	DIFF_SIZE	DIFFERENT_FUNCTION	TB	bl	default/RockCentralJobs	fn_8250C910	??1String@@UAA@XZ	??1Message@@UAA@XZ
3	1	DIFF_SAMESIZE	REVIEW	TB	bl	default/SampleData	fn_822A43A4	??$_Destroy_Range@PAVOverlay@OutfitConfig@@@stlpmtx_std@@YAXPAVOverlay@OutfitConfig@@0@Z	??$_Destroy_Range@PAVSampleMarker@@@stlpmtx_std@@YAXPAVSampleMarker@@0@Z
3	1	DIFF_SAMESIZE	REVIEW	TB	bl	default/SampleInst	fn_822A2E78	??$_Destroy_Range@PAVOverlay@OutfitConfig@@@stlpmtx_std@@YAXPAVOverlay@OutfitConfig@@0@Z	??$_Destroy_Range@PAVSampleMarker@@@stlpmtx_std@@YAXPAVSampleMarker@@0@Z
3	1	DIFF_SAMESIZE	DIFFERENT_FUNCTION	TB	bl	default/ScrollbarDisplay	?UpdateSavedListInfo@ScrollbarDisplay@@QAAXXZ	?AnimTarget@RndMatAnim@@UAAPAVObject@Hmx@@XZ	?MaxDisplay@UIListState@@QBAHXZ
3	3	DIFF_SIZE	DIFFERENT_FUNCTION	TB	bl	default/Song	?_M_insert@?$_Rb_tree@HU?$less@H@stlpmtx_std@@U?$pair@$$CBHVSymbol@@@2@U?$_Select1st@U?$pair@$$CBHVSymbol@@@stlpmtx_std@@@2@U?$_MapTraitsT@U?$pair@$$CBHVSymbol@@@stlpmtx_std@@@priv@2@V?$StlNodeAlloc@U?$pair@$$CBHVSymbol@@@stlpmtx_std@@@2@@stlpmtx_std@@AAA?AU?$_Rb_tree_iterator@U?$pair@$$CBHVSymbol@@@stlpmtx_std@@U?$_MapTraitsT@U?$pair@$$CBHVSymbol@@@stlpmtx_std@@@priv@2@@2@PAU_Rb_tree_node_base@2@ABU?$pair@$$CBHVSymbol@@@2@00@Z	?_M_create_node@?$_Rb_tree@W4TrackType@@U?$less@W4TrackType@@@stlpmtx_std@@U?$pair@$$CBW4TrackType@@VPlayerStreakData@PerfectSectionTracker@@@3@U?$_Select1st@U?$pair@$$CBW4TrackType@@VPlayerStreakData@PerfectSectionTracker@@@stlpmtx_std@@@3@U?$_MapTraitsT@U?$pair@$$CBW4TrackType@@VPlayerStreakData@PerfectSectionTracker@@@stlpmtx_std@@@priv@3@V?$StlNodeAlloc@U?$pair@$$CBW4TrackType@@VPlayerStreakData@PerfectSectionTracker@@@stlpmtx_std@@@3@@stlpmtx_std@@IAAPAU_Rb_tree_node_base@2@ABU?$pair@$$CBW4TrackType@@VPlayerStreakData@PerfectSectionTracker@@@2@@Z	?_M_create_node@?$_Rb_tree@HU?$less@H@stlpmtx_std@@U?$pair@$$CBHVSymbol@@@2@U?$_Select1st@U?$pair@$$CBHVSymbol@@@stlpmtx_std@@@2@U?$_MapTraitsT@U?$pair@$$CBHVSymbol@@@stlpmtx_std@@@priv@2@V?$StlNodeAlloc@U?$pair@$$CBHVSymbol@@@stlpmtx_std@@@2@@stlpmtx_std@@IAAPAU_Rb_tree_node_base@2@ABU?$pair@$$CBHVSymbol@@@2@@Z
3	1	DIFF_SIZE	DIFFERENT_FUNCTION	TB	bl	default/SongData	?Poll@SongData@@QAA_NXZ	??2CriticalSection@@SAPAXI@Z	??2BinStream@@SAPAXI@Z
3	1	DIFF_SIZE	DIFFERENT_FUNCTION	TB	bl	default/SongParser	?HandleTrillEnd@SongParser@@QAA_NHE@Z	?resize@?$vector@U?$pair@PBVMoveVariant@@PBV1@@stlpmtx_std@@V?$StlNodeAlloc@U?$pair@PBVMoveVariant@@PBV1@@stlpmtx_std@@@2@@stlpmtx_std@@QAAXIABU?$pair@PBVMoveVariant@@PBV1@@2@@Z	?resize@?$vector@U?$pair@HH@stlpmtx_std@@V?$StlNodeAlloc@U?$pair@HH@stlpmtx_std@@@2@@stlpmtx_std@@QAAXIABU?$pair@HH@2@@Z
3	1	DIFF_SIZE	DIFFERENT_FUNCTION	TB	bl	default/SongParser	?Reset@SongParser@@QAAXXZ	?resize@?$vector@U?$pair@PBVMoveVariant@@PBV1@@stlpmtx_std@@V?$StlNodeAlloc@U?$pair@PBVMoveVariant@@PBV1@@stlpmtx_std@@@2@@stlpmtx_std@@QAAXIABU?$pair@PBVMoveVariant@@PBV1@@2@@Z	?resize@?$vector@U?$pair@HH@stlpmtx_std@@V?$StlNodeAlloc@U?$pair@HH@stlpmtx_std@@@2@@stlpmtx_std@@QAAXIABU?$pair@HH@2@@Z
3	1	DIFF_SIZE	REVIEW	TB	bl	default/SongSortMgr	?GetRandomSongs@SongSortMgr@@QAA_NHPAV?$vector@VSymbol@@V?$StlNodeAlloc@VSymbol@@@stlpmtx_std@@@stlpmtx_std@@PAV?$vector@HV?$StlNodeAlloc@H@stlpmtx_std@@@3@00_N2@Z	??$__find@PBHH@stlpmtx_std@@YAPBHPBH0ABHABUrandom_access_iterator_tag@0@@Z	??$__find@PAHH@stlpmtx_std@@YAPAHPAH0ABHABUrandom_access_iterator_tag@0@@Z
3	1	DIFF_SIZE	DIFFERENT_FUNCTION	TB	bl	default/StreakMeter	fn_822CCC6C	??1?$ObjRefConcrete@VFlowLabel@@VObjectDir@@@@UAA@XZ	??1DataNode@@QAA@XZ
3	1	DIFF_SIZE	DIFFERENT_FUNCTION	TB	bl	default/TexMovie	??1TexMovie@@UAA@XZ	??0CritSecTracker@@QAA@PAVCriticalSection@@@Z	??1Movie@@QAA@XZ
3	1	DIFF_SIZE	DIFFERENT_FUNCTION	TB	bl	default/TexMovie	fn_82746AAC	??0CritSecTracker@@QAA@PAVCriticalSection@@@Z	??1Movie@@QAA@XZ
3	1	DIFF_SIZE	DIFFERENT_FUNCTION	TB	bl	default/TourDescPanel	?FinishLoad@TourDescPanel@@UAAXXZ	?Print@String@@UAAXPBD@Z	?FinishLoad@TexLoadPanel@@UAAXXZ
3	1	DIFF_SAMESIZE	DIFFERENT_FUNCTION	TB	bl	default/TrackWatcherImpl	?KillSustain@TrackWatcherImpl@@QAAXH@Z	?ReverseSlide@GameGem@@QBA_NXZ	?LeftHandSlide@GameGem@@QBA_NXZ
3	3	DIFF_SIZE	DIFFERENT_FUNCTION	TB	bl	default/TrackWidget	??$_S_sort@PAVWaypoint@@V?$StlNodeAlloc@PAVWaypoint@@@stlpmtx_std@@UObjNameSort@@@stlpmtx_std@@YAXAAV?$list@PAVWaypoint@@V?$StlNodeAlloc@PAVWaypoint@@@stlpmtx_std@@@0@UObjNameSort@@@Z	?swap@?$list@VBSPFace@@V?$StlNodeAlloc@VBSPFace@@@stlpmtx_std@@@stlpmtx_std@@QAAXAAV12@@Z	?swap@?$list@PAVWaypoint@@V?$StlNodeAlloc@PAVWaypoint@@@stlpmtx_std@@@stlpmtx_std@@QAAXAAV12@@Z
3	3	DIFF_SIZE	DIFFERENT_FUNCTION	TB	bl	default/TrackWidget	??$_S_sort@VMeshInstance@@V?$StlNodeAlloc@VMeshInstance@@@stlpmtx_std@@V?$WidgetInstanceCmp@VMeshInstance@@@@@stlpmtx_std@@YAXAAV?$list@VMeshInstance@@V?$StlNodeAlloc@VMeshInstance@@@stlpmtx_std@@@0@V?$WidgetInstanceCmp@VMeshInstance@@@@@Z	?swap@?$list@VBSPFace@@V?$StlNodeAlloc@VBSPFace@@@stlpmtx_std@@@stlpmtx_std@@QAAXAAV12@@Z	?swap@?$list@VMeshInstance@@V?$StlNodeAlloc@VMeshInstance@@@stlpmtx_std@@@stlpmtx_std@@QAAXAAV12@@Z
3	3	DIFF_SIZE	DIFFERENT_FUNCTION	TB	bl	default/UI	??$_S_sort@PAVUIResource@@V?$StlNodeAlloc@PAVUIResource@@@stlpmtx_std@@UCompare@1@@stlpmtx_std@@YAXAAV?$list@PAVUIResource@@V?$StlNodeAlloc@PAVUIResource@@@stlpmtx_std@@@0@UCompare@UIResource@@@Z	?swap@?$list@VBSPFace@@V?$StlNodeAlloc@VBSPFace@@@stlpmtx_std@@@stlpmtx_std@@QAAXAAV12@@Z	?swap@?$list@PAVUIResource@@V?$StlNodeAlloc@PAVUIResource@@@stlpmtx_std@@@stlpmtx_std@@QAAXAAV12@@Z
3	1	DIFF_SIZE	DIFFERENT_FUNCTION	TB	bl	default/UIFontImporter	fn_8281906C	??1ObjRef@@QAA@XZ	??1?$ObjRefConcrete@VRndMat@@VObjectDir@@@@UAA@XZ
3	2	DIFF_SIZE	DIFFERENT_FUNCTION	TB	bl	default/UIList	?OnMsg@UIList@@IAA?AVDataNode@@ABVButtonDownMsg@@@Z	?ScrollDirection@@YAHABVButtonDownMsg@@_N1H@Z	?ScrollDirection@@YAHABVButtonDownMsg@@VSymbol@@_NH@Z
3	1	DIFF_SAMESIZE	DIFFERENT_FUNCTION	TB	bl	default/UIList	?Save@UIList@@UAAXAAVBinStream@@@Z	?AnimTarget@RndMatAnim@@UAAPAVObject@Hmx@@XZ	?MaxDisplay@UIListState@@QBAHXZ
3	1	DIFF_SAMESIZE	DIFFERENT_FUNCTION	TB	bl	default/UIList	?SyncProperty@UIList@@UAA_NAAVDataNode@@PAVDataArray@@HW4PropOp@@@Z	?AnimTarget@RndMatAnim@@UAAPAVObject@Hmx@@XZ	?MaxDisplay@UIListState@@QBAHXZ
3	1	DIFF_SIZE	DIFFERENT_FUNCTION	TB	bl	default/UIList	fn_82666370	??1UIListProvider@@UAA@XZ	??1Message@@UAA@XZ
3	1	DIFF_SIZE	DIFFERENT_FUNCTION	TB	bl	default/UIList	fn_827F8DA4	??1Message@@UAA@XZ	??1FilePath@@UAA@XZ
3	1	DIFF_SIZE	DIFFERENT_FUNCTION	TB	bl	default/UIListSlot	fn_82815840	??1?$_Vector_base@VFilePath@@V?$StlNodeAlloc@VFilePath@@@stlpmtx_std@@@stlpmtx_std@@QAA@XZ	??1?$_Vector_base@V?$ObjPtr@VUIColor@@@@V?$StlNodeAlloc@V?$ObjPtr@VUIColor@@@@@stlpmtx_std@@@stlpmtx_std@@QAA@XZ
3	1	DIFF_SIZE	DIFFERENT_FUNCTION	TB	bl	default/UIListWidget	fn_82822488	??1?$_Vector_base@VFilePath@@V?$StlNodeAlloc@VFilePath@@@stlpmtx_std@@@stlpmtx_std@@QAA@XZ	??1?$_Vector_base@V?$ObjPtr@VUIColor@@@@V?$StlNodeAlloc@V?$ObjPtr@VUIColor@@@@@stlpmtx_std@@@stlpmtx_std@@QAA@XZ
3	1	DIFF_SIZE	DIFFERENT_FUNCTION	TB	bl	default/UISlider	?OnMsg@UISlider@@IAA?AVDataNode@@ABVButtonDownMsg@@@Z	?ScrollDirection@@YAHABVButtonDownMsg@@_N1H@Z	?ScrollDirection@@YAHABVButtonDownMsg@@VSymbol@@_NH@Z
3	1	DIFF_SIZE	DIFFERENT_FUNCTION	TB	bl	default/UISlider	fn_8280AB78	??1Message@@UAA@XZ	??1FilePath@@UAA@XZ
3	1	DIFF_SAMESIZE	DIFFERENT_FUNCTION	TB	bl	default/UITransitionHandler	fn_8275CE4C	??1?$_Vector_base@VStreakList@Scoring@@V?$StlNodeAlloc@VStreakList@Scoring@@@stlpmtx_std@@@stlpmtx_std@@QAA@XZ	??1?$_Vector_base@VVector2@@V?$StlNodeAlloc@VVector2@@@stlpmtx_std@@@stlpmtx_std@@QAA@XZ
3	1	DIFF_SAMESIZE	DIFFERENT_FUNCTION	TB	bl	default/band3/bandtrack/Gem	?AddRep@Gem@@QAAXAAVGemRepTemplate@@PAVRndGroup@@VSymbol@@ABVTrackConfig@@_N@Z	?ReverseSlide@GameGem@@QBA_NXZ	?LeftHandSlide@GameGem@@QBA_NXZ
3	3	DIFF_SIZE	DIFFERENT_FUNCTION	TB	bl	default/band3/bandtrack/Gem	?_M_fill_insert_aux@?$vector@VMeshAO@OutfitConfig@@V?$StlNodeAlloc@VMeshAO@OutfitConfig@@@stlpmtx_std@@@stlpmtx_std@@AAAXPAVMeshAO@OutfitConfig@@IABV34@ABU__false_type@2@@Z	??4Patch@BandCharDesc@@QAAAAV01@ABV01@@Z	??4MeshAO@OutfitConfig@@QAAAAV01@ABV01@@Z
3	1	DIFF_SIZE	REVIEW	TB	bl	default/band3/game/Game	??$remove@PAPAVBandUser@@PAV1@@stlpmtx_std@@YAPAPAVBandUser@@PAPAV1@0ABQAV1@@Z	??$__find@PAVSymbol@@V1@@stlpmtx_std@@YAPAVSymbol@@PAV1@0ABV1@ABUrandom_access_iterator_tag@0@@Z	??$__find@PAPAVBandUser@@PAV1@@stlpmtx_std@@YAPAPAVBandUser@@PAPAV1@0ABQAV1@ABUrandom_access_iterator_tag@0@@Z
3	1	DIFF_SIZE	REVIEW	TB	bl	default/band3/game/Game	?ReconcilePlayers@Game@@QAAXXZ	??$__find@PAVSymbol@@V1@@stlpmtx_std@@YAPAVSymbol@@PAV1@0ABV1@ABUrandom_access_iterator_tag@0@@Z	??$__find@PAPAVBandUser@@PAV1@@stlpmtx_std@@YAPAPAVBandUser@@PAPAV1@0ABQAV1@ABUrandom_access_iterator_tag@0@@Z
3	1	DIFF_SIZE	DIFFERENT_FUNCTION	TB	bl	default/band3/meta_band/AssetMgr	fn_8256AFAC	??1Object@Hmx@@UAA@XZ	??1?$_Vector_base@VString@@V?$StlNodeAlloc@VString@@@stlpmtx_std@@@stlpmtx_std@@QAA@XZ
3	1	DIFF_SIZE	DIFFERENT_FUNCTION	TB	bl	default/band3/meta_band/CharCache	fn_8256BC28	??1Object@Hmx@@UAA@XZ	??1FilePath@@UAA@XZ
3	1	DIFF_SIZE	DIFFERENT_FUNCTION	TB	bl	default/band3/meta_band/MusicLibraryNetSetlists	fn_825D0BD0	??1Object@Hmx@@UAA@XZ	??1?$_Vector_base@VString@@V?$StlNodeAlloc@VString@@@stlpmtx_std@@@stlpmtx_std@@QAA@XZ
3	1	DIFF_SIZE	DIFFERENT_FUNCTION	TB	bl	default/band3/meta_band/NewAwardPanel	?FinishLoad@NewAwardPanel@@UAAXXZ	?Print@String@@UAAXPBD@Z	?FinishLoad@TexLoadPanel@@UAAXXZ
3	1	DIFF_SIZE	REVIEW	TB	bl	default/band3/meta_band/SetlistToStorePanel	?GetSongsFromMusicLibrary@SetlistToStorePanel@@QAAXXZ	??$__find@PBHH@stlpmtx_std@@YAPBHPBH0ABHABUrandom_access_iterator_tag@0@@Z	??$__find@PAHH@stlpmtx_std@@YAPAHPAH0ABHABUrandom_access_iterator_tag@0@@Z
3	1	DIFF_SIZE	DIFFERENT_FUNCTION	TB	bl	default/band3/meta_band/SongSelectPanel	fn_82638BB0	??1String@@UAA@XZ	??1?$_String_base@DV?$allocator@D@stlpmtx_std@@@stlpmtx_std@@IAA@XZ
3	1	DIFF_SIZE	DIFFERENT_FUNCTION	TB	bl	default/band3/meta_band/SongSelectPanel	fn_82638C60	??1String@@UAA@XZ	??1?$_String_base@DV?$allocator@D@stlpmtx_std@@@stlpmtx_std@@IAA@XZ
3	1	DIFF_SIZE	DIFFERENT_FUNCTION	TB	bl	default/band3/meta_band/SongSelectPanel	fn_82638D04	??1String@@UAA@XZ	??1?$_String_base@DV?$allocator@D@stlpmtx_std@@@stlpmtx_std@@IAA@XZ
3	1	DIFF_SIZE	REVIEW	TB	bl	default/network/net/NetSession	?GetNewRemoteUser@NetSession@@QAAPAVRemoteUser@@XZ	??$__find@PAVSymbol@@V1@@stlpmtx_std@@YAPAVSymbol@@PAV1@0ABV1@ABUrandom_access_iterator_tag@0@@Z	??$__find@PBQAVUser@@PBV1@@stlpmtx_std@@YAPBQAVUser@@PBQAV1@0ABQBV1@ABUrandom_access_iterator_tag@0@@Z
3	1	DIFF_SIZE	REVIEW	TB	bl	default/network/net/NetSession	?Handle@NetSession@@UAA?AVDataNode@@PAVDataArray@@_N@Z	??$__find@PAVSymbol@@V1@@stlpmtx_std@@YAPAVSymbol@@PAV1@0ABV1@ABUrandom_access_iterator_tag@0@@Z	??$__find@PBQAVUser@@PBV1@@stlpmtx_std@@YAPBQAVUser@@PBQAV1@0ABQBV1@ABUrandom_access_iterator_tag@0@@Z
3	1	DIFF_SIZE	REVIEW	TB	bl	default/network/net/NetSession	?HasUser@NetSession@@QBA_NPBVUser@@@Z	??$__find@PAVSymbol@@V1@@stlpmtx_std@@YAPAVSymbol@@PAV1@0ABV1@ABUrandom_access_iterator_tag@0@@Z	??$__find@PBQAVUser@@PBV1@@stlpmtx_std@@YAPBQAVUser@@PBQAV1@0ABQBV1@ABUrandom_access_iterator_tag@0@@Z
3	1	DIFF_SIZE	DIFFERENT_FUNCTION	TB	bl	default/system/obj/Dir	fn_8274F9D8	??1?$ObjDirPtr@VObjectDir@@@@UAA@XZ	??1ObjRefOwner@@UAA@XZ
3	1	DIFF_SIZE	DIFFERENT_FUNCTION	TB	bl	default/system/obj/Dir	fn_8274FA5C	??1?$ObjDirPtr@VObjectDir@@@@UAA@XZ	??1ObjRefOwner@@UAA@XZ
3	1	DIFF_SIZE	DIFFERENT_FUNCTION	TB	bl	default/system/rnddx9/CubeTex	??_GDxLight@@UAAPAXI@Z	?MemFree@@YAXPAX@Z	??3RndLight@@SAXPAX@Z
3	3	DIFF_SIZE	DIFFERENT_FUNCTION	TB	bl	default/system/rndobj/Rnd	??$_S_sort@PAVPostProcessor@@V?$StlNodeAlloc@PAVPostProcessor@@@stlpmtx_std@@USortPostProc@@@stlpmtx_std@@YAXAAV?$list@PAVPostProcessor@@V?$StlNodeAlloc@PAVPostProcessor@@@stlpmtx_std@@@0@USortPostProc@@@Z	?swap@?$list@VBSPFace@@V?$StlNodeAlloc@VBSPFace@@@stlpmtx_std@@@stlpmtx_std@@QAAXAAV12@@Z	?swap@?$list@PAVPostProcessor@@V?$StlNodeAlloc@PAVPostProcessor@@@stlpmtx_std@@@stlpmtx_std@@QAAXAAV12@@Z
3	1	DIFF_SIZE	DIFFERENT_FUNCTION	TB	bl	default/system/rndobj/Rnd	fn_8241193C	??1?$ObjRefConcrete@VRndTex@@VObjectDir@@@@UAA@XZ	??1ObjRefOwner@@UAA@XZ
3	3	DIFF_SIZE	DIFFERENT_FUNCTION	TB	bl	default/system/rndobj/Utl	??$_S_sort@UInstance@RndMultiMesh@@V?$TransformListAlloc@UInstance@RndMultiMesh@@@stlpmtx_std@@P6A_NAAU12@0@Z@stlpmtx_std@@YAXAAV?$list@UInstance@RndMultiMesh@@V?$TransformListAlloc@UInstance@RndMultiMesh@@@stlpmtx_std@@@0@P6A_NAAUInstance@RndMultiMesh@@1@Z@Z	?swap@?$list@VBSPFace@@V?$StlNodeAlloc@VBSPFace@@@stlpmtx_std@@@stlpmtx_std@@QAAXAAV12@@Z	?swap@?$list@UInstance@RndMultiMesh@@V?$TransformListAlloc@UInstance@RndMultiMesh@@@stlpmtx_std@@@stlpmtx_std@@QAAXAAV12@@Z
3	1	DIFF_SIZE	DIFFERENT_FUNCTION	TB	bl	default/system/rndobj/Utl	?FindBounds@?$Keys@VQuat@Hmx@@V12@@@QAAXAAM0AAH1@Z	?KeyLessEq@?$Keys@VColor@Hmx@@V12@@@QBAHM@Z	?KeyGreaterEq@?$Keys@VQuat@Hmx@@V12@@@QBAHM@Z
3	1	DIFF_SIZE	REVIEW	TB	bl	default/system/rndobj/Utl	?RandomXfms@@YAXPAVRndMultiMesh@@@Z	??$?0H@?$StlNodeAlloc@V?$_List_node@H@stlpmtx_std@@@stlpmtx_std@@QAA@ABV?$StlNodeAlloc@H@1@@Z	?InvalidateProxies@RndMultiMesh@@QAAXXZ
3	2	DIFF_SIZE	DIFFERENT_FUNCTION	TB	bl	default/system/rndobj/Utl	?Remove@?$Keys@VQuat@Hmx@@V12@@@QAAHMM@Z	?KeyLessEq@?$Keys@VColor@Hmx@@V12@@@QBAHM@Z	?KeyGreaterEq@?$Keys@VQuat@Hmx@@V12@@@QBAHM@Z
3	1	DIFF_SIZE	REVIEW	TB	bl	default/system/rndobj/Utl	?SortXfms@@YAXPAVRndMultiMesh@@ABVVector3@@@Z	??$?0H@?$StlNodeAlloc@V?$_List_node@H@stlpmtx_std@@@stlpmtx_std@@QAA@ABV?$StlNodeAlloc@H@1@@Z	?InvalidateProxies@RndMultiMesh@@QAAXXZ
2	1	DIFF_SIZE	DIFFERENT_FUNCTION	TB	bl	default/AccomplishmentConditional	fn_8266AFE4	??1Accomplishment@@UAA@XZ	??1?$_String_base@DV?$allocator@D@stlpmtx_std@@@stlpmtx_std@@IAA@XZ
2	2	DIFF_SIZE	DIFFERENT_FUNCTION	TB	bl	default/AccomplishmentDiscSongConditional	?_M_copy@?$_Rb_tree@VSymbol@@U?$less@VSymbol@@@stlpmtx_std@@V1@U?$_Identity@VSymbol@@@3@U?$_SetTraitsT@VSymbol@@@priv@3@V?$StlNodeAlloc@VSymbol@@@3@@stlpmtx_std@@AAAPAU_Rb_tree_node_base@2@PAU32@0@Z	?_M_create_node@?$_Rb_tree@VString@@U?$less@VString@@@stlpmtx_std@@U?$pair@$$CBVString@@VDataNode@@@3@U?$_Select1st@U?$pair@$$CBVString@@VDataNode@@@stlpmtx_std@@@3@U?$_MapTraitsT@U?$pair@$$CBVString@@VDataNode@@@stlpmtx_std@@@priv@3@V?$StlNodeAlloc@U?$pair@$$CBVString@@VDataNode@@@stlpmtx_std@@@3@@stlpmtx_std@@IAAPAU_Rb_tree_node_base@2@ABU?$pair@$$CBVString@@VDataNode@@@2@@Z	?_M_create_node@?$_Rb_tree@VSymbol@@U?$less@VSymbol@@@stlpmtx_std@@V1@U?$_Identity@VSymbol@@@3@U?$_SetTraitsT@VSymbol@@@priv@3@V?$StlNodeAlloc@VSymbol@@@3@@stlpmtx_std@@IAAPAU_Rb_tree_node_base@2@ABVSymbol@@@Z
2	2	DIFF_SAMESIZE	REVIEW	TB	bl	default/AccomplishmentPanel	??$__merge_sort_loop@PAVSymbol@@PAV1@HVAccomplishmentCmp@@@stlpmtx_std@@YAXPAVSymbol@@00HVAccomplishmentCmp@@@Z	??$merge@PAVSymbol@@PAV1@PAV1@UGoalAlpaCmp@@@stlpmtx_std@@YAPAVSymbol@@PAV1@0000UGoalAlpaCmp@@@Z	??$merge@PAVSymbol@@PAV1@PAV1@VAccomplishmentCmp@@@stlpmtx_std@@YAPAVSymbol@@PAV1@0000VAccomplishmentCmp@@@Z
2	1	DIFF_SIZE	DIFFERENT_FUNCTION	TB	bl	default/AccomplishmentProgress	fn_8244CAEC	??1DataNode@@QAA@XZ	??1RockCentralOpCompleteMsg@@UAA@XZ
2	2	DIFF_SIZE	REVIEW	TB	bl	default/AmbientOcclusion	??R?$VectorSort@PAVRndMesh@@@@QAA_NPAVRndMesh@@0@Z	??$__find@PAVSymbol@@V1@@stlpmtx_std@@YAPAVSymbol@@PAV1@0ABV1@ABUrandom_access_iterator_tag@0@@Z	??$__find@PBQAVRndMesh@@PAV1@@stlpmtx_std@@YAPBQAVRndMesh@@PBQAV1@0ABQAV1@ABUrandom_access_iterator_tag@0@@Z
2	1	DIFF_SIZE	DIFFERENT_FUNCTION	TB	bl	default/AmbientOcclusion	fn_8248F818	??1?$_Vector_base@VStreakList@Scoring@@V?$StlNodeAlloc@VStreakList@Scoring@@@stlpmtx_std@@@stlpmtx_std@@QAA@XZ	??1String@@UAA@XZ
2	1	DIFF_SIZE	REVIEW	TB	bl	default/AmbientOcclusion	fn_8248F9FC	??$__destroy_aux@UEntry@LocalePanel@@@stlpmtx_std@@YAXPAUEntry@LocalePanel@@ABU__false_type@0@@Z	??1String@@UAA@XZ
2	1	DIFF_SIZE	DIFFERENT_FUNCTION	TB	bl	default/AmbientOcclusion	fn_8249371C	??1DataNode@@QAA@XZ	??1AutoSlowFrame@@QAA@XZ
2	1	DIFF_SIZE	DIFFERENT_FUNCTION	TB	bl	default/AppInlineHelp	??_GAppInlineHelp@@UAAPAXI@Z	?MemFree@@YAXPAX@Z	??3InlineHelp@@SAXPAX@Z
2	1	DIFF_SIZE	DIFFERENT_FUNCTION	TB	bl	default/AppLabel	fn_825C7F6C	??1DataArrayPtr@@QAA@XZ	??1String@@UAA@XZ
2	1	DIFF_SIZE	DIFFERENT_FUNCTION	TB	bl	default/AppLabel	fn_825C80F8	??1DataArrayPtr@@QAA@XZ	??1String@@UAA@XZ
2	1	DIFF_SIZE	DIFFERENT_FUNCTION	TB	bl	default/BandCamShot	fn_822B1288	??1?$ObjRefConcrete@VBandCamShot@@VObjectDir@@@@UAA@XZ	??1ObjRefOwner@@UAA@XZ
2	1	DIFF_SIZE	DIFFERENT_FUNCTION	TB	bl	default/BandCamShot	fn_822B2680	??1?$ObjRefConcrete@VBandCamShot@@VObjectDir@@@@UAA@XZ	??1ObjRefOwner@@UAA@XZ
2	1	DIFF_SIZE	DIFFERENT_FUNCTION	TB	bl	default/BandCamShot	fn_822B4A1C	??1DataNode@@QAA@XZ	??1MessageTimer@@QAA@XZ
2	1	DIFF_SIZE	DIFFERENT_FUNCTION	TB	bl	default/BandCamShot	fn_822B77E4	??1DataNode@@QAA@XZ	??1MessageTimer@@QAA@XZ
2	1	DIFF_SIZE	REVIEW	TB	bl	default/BandCharDesc	fn_8233975C	??$_Destroy@UBoneOp@CharSignalApplier@@@stlpmtx_std@@YAXPAUBoneOp@CharSignalApplier@@@Z	??1Head@BandCharDesc@@UAA@XZ
2	1	DIFF_SIZE	REVIEW	TB	bl	default/BandCharDesc	fn_823398C0	??$_Destroy@UBoneOp@CharSignalApplier@@@stlpmtx_std@@YAXPAUBoneOp@CharSignalApplier@@@Z	??1Head@BandCharDesc@@UAA@XZ
2	1	DIFF_SIZE	DIFFERENT_FUNCTION	TB	bl	default/BandCharacter	?DeformHead@BandCharacter@@QAAXPAVSyncMeshCB@@@Z	??0?$list@UBone@CharBones@@V?$StlNodeAlloc@UBone@CharBones@@@stlpmtx_std@@@stlpmtx_std@@QAA@ABV?$StlNodeAlloc@UBone@CharBones@@@1@@Z	??1BandHeadShaper@@QAA@XZ
2	1	DIFF_SIZE	DIFFERENT_FUNCTION	TB	bl	default/BandCharacter	fn_8227E9E8	??0?$list@UBone@CharBones@@V?$StlNodeAlloc@UBone@CharBones@@@stlpmtx_std@@@stlpmtx_std@@QAA@ABV?$StlNodeAlloc@UBone@CharBones@@@1@@Z	??1BandHeadShaper@@QAA@XZ
2	1	DIFF_SIZE	DIFFERENT_FUNCTION	TB	bl	default/BandDirector	fn_8228F27C	??1DataArrayPtr@@QAA@XZ	??1MemHeapTracker@@QAA@XZ
2	1	DIFF_SIZE	DIFFERENT_FUNCTION	TB	bl	default/BandDirector	fn_822987F8	??1DataNode@@QAA@XZ	??1PropertyFilter@CameraManager@@QAA@XZ
2	1	DIFF_SIZE	REVIEW	TB	bl	default/BandIKEffector	??$_M_allocate_and_copy@PBVConstraint@BandIKEffector@@@?$vector@VConstraint@BandIKEffector@@V?$StlNodeAlloc@VConstraint@BandIKEffector@@@stlpmtx_std@@@stlpmtx_std@@IAAPAVConstraint@BandIKEffector@@IPBV23@0@Z	??$__uninitialized_copy@PAVConstraint@BandIKEffector@@PAV12@@stlpmtx_std@@YAPAVConstraint@BandIKEffector@@PAV12@00ABU__false_type@0@@Z	??$__uninitialized_copy@PBVConstraint@BandIKEffector@@PAV12@@stlpmtx_std@@YAPAVConstraint@BandIKEffector@@PBV12@0PAV12@ABU__false_type@0@@Z
2	2	DIFF_SAMESIZE	DIFFERENT_FUNCTION	TB	bl	default/BandIKEffector	??1BandIKEffector@@UAA@XZ	??1?$ObjRefConcrete@VHamCharacter@@VObjectDir@@@@UAA@XZ	??1?$ObjRefConcrete@VBandIKEffector@@VObjectDir@@@@UAA@XZ
2	1	DIFF_SIZE	REVIEW	TB	bl	default/BandIKEffector	??4?$vector@VConstraint@BandIKEffector@@V?$StlNodeAlloc@VConstraint@BandIKEffector@@@stlpmtx_std@@@stlpmtx_std@@QAAAAV01@ABV01@@Z	??$__uninitialized_copy@PAVConstraint@BandIKEffector@@PAV12@@stlpmtx_std@@YAPAVConstraint@BandIKEffector@@PAV12@00ABU__false_type@0@@Z	??$__uninitialized_copy@PBVConstraint@BandIKEffector@@PAV12@@stlpmtx_std@@YAPAVConstraint@BandIKEffector@@PBV12@0PAV12@ABU__false_type@0@@Z
2	1	DIFF_SIZE	REVIEW	TB	bl	default/BandIKEffector	?_M_fill_insert_aux@?$vector@VConstraint@BandIKEffector@@V?$StlNodeAlloc@VConstraint@BandIKEffector@@@stlpmtx_std@@@stlpmtx_std@@AAAXPAVConstraint@BandIKEffector@@IABV34@ABU__false_type@2@@Z	??$__uninitialized_copy@PBVConstraint@BandIKEffector@@PAV12@@stlpmtx_std@@YAPAVConstraint@BandIKEffector@@PBV12@0PAV12@ABU__false_type@0@@Z	??$__uninitialized_fill_n@PAVConstraint@BandIKEffector@@IV12@@stlpmtx_std@@YAPAVConstraint@BandIKEffector@@PAV12@IABV12@ABU__false_type@0@@Z
2	1	DIFF_SIZE	REVIEW	TB	bl	default/BandIKEffector	?_M_insert_overflow_aux@?$vector@VConstraint@BandIKEffector@@V?$StlNodeAlloc@VConstraint@BandIKEffector@@@stlpmtx_std@@@stlpmtx_std@@IAAXPAVConstraint@BandIKEffector@@ABV34@ABU__false_type@2@I_N@Z	??$__uninitialized_copy@PBVConstraint@BandIKEffector@@PAV12@@stlpmtx_std@@YAPAVConstraint@BandIKEffector@@PBV12@0PAV12@ABU__false_type@0@@Z	??$__uninitialized_fill_n@PAVConstraint@BandIKEffector@@IV12@@stlpmtx_std@@YAPAVConstraint@BandIKEffector@@PAV12@IABV12@ABU__false_type@0@@Z
2	1	DIFF_SIZE	DIFFERENT_FUNCTION	TB	bl	default/BandLabel	fn_823415EC	??1DataArrayPtr@@QAA@XZ	??1MemHeapTracker@@QAA@XZ
2	1	DIFF_SIZE	DIFFERENT_FUNCTION	TB	bl	default/BandRetargetVignette	fn_822C6F94	?Enter@BandRetargetVignette@@UAAXXZ	??1CharPollableSorter@@QAA@XZ
2	1	DIFF_SIZE	DIFFERENT_FUNCTION	TB	bl	default/BandSongMetadata	fn_8235FCE0	??1NetMessage@@UAA@XZ	??1?$_String_base@DV?$allocator@D@stlpmtx_std@@@stlpmtx_std@@IAA@XZ
2	1	DIFF_SIZE	DIFFERENT_FUNCTION	TB	bl	default/BandSwatch	fn_822AEBB8	??1DataNode@@QAA@XZ	??1?$vector@HV?$StlNodeAlloc@H@stlpmtx_std@@@stlpmtx_std@@QAA@XZ
2	1	DIFF_SIZE	DIFFERENT_FUNCTION	TB	bl	default/BandSwatch	fn_822AF150	??1PhysMemTypeTracker@@QAA@XZ	??1TourMostStarsMsg@@UAA@XZ
2	1	DIFF_SIZE	DIFFERENT_FUNCTION	TB	bl	default/BandUI	fn_82535E68	??1NetMessage@@UAA@XZ	??1StartLockMsg@@UAA@XZ
2	1	DIFF_SAMESIZE	DIFFERENT_FUNCTION	TB	bl	default/BaseGuitarTrackWatcherImpl	?CheckForFretTimeout@BaseGuitarTrackWatcherImpl@@QAAXM@Z	?ShowChordNums@GameGem@@QBA_NXZ	?Loose@GameGem@@QBA_NXZ
2	1	DIFF_SIZE	DIFFERENT_FUNCTION	TB	bl	default/BinStream	?EnableReadEncryption@BinStream@@QAAXXZ	??2CriticalSection@@SAPAXI@Z	??2Rand2@@SAPAXI@Z
2	1	DIFF_SIZE	DIFFERENT_FUNCTION	TB	bl	default/BinStream	?EnableWriteEncryption@BinStream@@QAAXXZ	??2CriticalSection@@SAPAXI@Z	??2Rand2@@SAPAXI@Z
2	1	DIFF_SIZE	DIFFERENT_FUNCTION	TB	bl	default/BlockMgr	fn_8252D050	??3Block@@SAXPAX@Z	??1?$list@VBlockRequest@@V?$StlNodeAlloc@VBlockRequest@@@stlpmtx_std@@@stlpmtx_std@@QAA@XZ
2	1	DIFF_SIZE	DIFFERENT_FUNCTION	TB	bl	default/BlockMgr	fn_8252D114	??3Block@@SAXPAX@Z	??1?$list@VBlockRequest@@V?$StlNodeAlloc@VBlockRequest@@@stlpmtx_std@@@stlpmtx_std@@QAA@XZ
2	2	DIFF_SIZE	REVIEW	TB	bl	default/ButtonHolder	?_M_insert_overflow_aux@?$vector@VActionRec@@V?$StlNodeAlloc@VActionRec@@@stlpmtx_std@@@stlpmtx_std@@IAAXPAVActionRec@@ABV3@ABU__false_type@2@I_N@Z	??$__uninitialized_copy@PBVActionRec@@PAV1@@stlpmtx_std@@YAPAVActionRec@@PBV1@0PAV1@ABU__false_type@0@@Z	??$__uninitialized_copy@PAVActionRec@@PAV1@@stlpmtx_std@@YAPAVActionRec@@PAV1@00ABU__false_type@0@@Z
2	1	DIFF_SIZE	DIFFERENT_FUNCTION	TB	bl	default/Cache_Xbox	fn_827DBFE4	??1String@@UAA@XZ	??3DataArray@@SAXPAX@Z
2	1	DIFF_SIZE	DIFFERENT_FUNCTION	TB	bl	default/Cam	??_GRndCam@@UAAPAXI@Z	?MemFree@@YAXPAX@Z	??3RndCam@@SAXPAX@Z
2	1	DIFF_SIZE	DIFFERENT_FUNCTION	TB	bl	default/CamAnim	??1RndCamAnim@@UAA@XZ	??1?$ObjRefConcrete@VRndCam@@VObjectDir@@@@UAA@XZ	??1?$ObjOwnerPtr@VRndCamAnim@@@@UAA@XZ
2	1	DIFF_SIZE	DIFFERENT_FUNCTION	TB	bl	default/CamAnim	??_G?$ObjOwnerPtr@VRndCamAnim@@@@UAAPAXI@Z	??1?$ObjRefConcrete@VRndCam@@VObjectDir@@@@UAA@XZ	??1?$ObjOwnerPtr@VRndCamAnim@@@@UAA@XZ
2	1	DIFF_SIZE	DIFFERENT_FUNCTION	TB	bl	default/CameraShot	fn_824C3650	??1?$ObjRefConcrete@VSpotlight@@VObjectDir@@@@UAA@XZ	??1ObjRefOwner@@UAA@XZ
2	1	DIFF_SIZE	DIFFERENT_FUNCTION	TB	bl	default/CameraShot	fn_824C3754	??1?$ObjRefConcrete@VSpotlight@@VObjectDir@@@@UAA@XZ	??1ObjRefOwner@@UAA@XZ
2	1	DIFF_SIZE	DIFFERENT_FUNCTION	TB	bl	default/CharClip	fn_823826E8	??1ObjRef@@QAA@XZ	??1?$ObjRefConcrete@VCharClip@@VObjectDir@@@@UAA@XZ
2	1	DIFF_SIZE	DIFFERENT_FUNCTION	TB	bl	default/CharClipGroup	fn_8238DE2C	??1ObjRef@@QAA@XZ	??1?$ObjRefConcrete@VCharClip@@VObjectDir@@@@UAA@XZ
2	1	DIFF_SIZE	DIFFERENT_FUNCTION	TB	bl	default/CharClipSet	fn_823D0AFC	??1ObjRef@@QAA@XZ	??1?$ObjRefConcrete@VRndDir@@VObjectDir@@@@UAA@XZ
2	1	DIFF_SIZE	DIFFERENT_FUNCTION	TB	bl	default/CharDriver	?SyncInternalBones@CharDriver@@IAAXXZ	??2CriticalSection@@SAPAXI@Z	??2CharBonesAlloc@@SAPAXI@Z
2	1	DIFF_SIZE	DIFFERENT_FUNCTION	TB	bl	default/CharDriver	fn_823CF898	??1ObjRef@@QAA@XZ	??3CharBonesAlloc@@SAXPAX@Z
2	1	DIFF_SIZE	DIFFERENT_FUNCTION	TB	bl	default/CharDriver	fn_823CF8EC	??1ObjRef@@QAA@XZ	??3CharBonesAlloc@@SAXPAX@Z
2	1	DIFF_SIZE	REVIEW	TB	bl	default/CharEyes	fn_82389A8C	??$__destroy_aux@UCharInterestState@CharEyes@@@stlpmtx_std@@YAXPAUCharInterestState@CharEyes@@ABU__false_type@0@@Z	??1?$ObjOwnerPtr@VCharClip@@@@UAA@XZ
2	1	DIFF_SIZE	REVIEW	TB	bl	default/CharEyes	fn_8238AC84	??$__destroy_aux@UCharInterestState@CharEyes@@@stlpmtx_std@@YAXPAUCharInterestState@CharEyes@@ABU__false_type@0@@Z	??1?$ObjOwnerPtr@VCharClip@@@@UAA@XZ
2	1	DIFF_SIZE	DIFFERENT_FUNCTION	TB	bl	default/CharEyes	fn_8238AE8C	??1ObjRef@@QAA@XZ	??1BinStreamRev@@UAA@XZ
2	1	DIFF_SIZE	DIFFERENT_FUNCTION	TB	bl	default/CharForeTwist	fn_823C4780	??1?$ObjPtr@VCharacter@@@@UAA@XZ	??1DataNode@@QAA@XZ
2	1	DIFF_SIZE	DIFFERENT_FUNCTION	TB	bl	default/CharIKHand	fn_82399260	??1?$ObjPtr@VCharacter@@@@UAA@XZ	??1DataNode@@QAA@XZ
2	2	DIFF_SIZE	REVIEW	TB	bl	default/CharLipSync	?_M_fill_insert_aux@?$vector@UWeight@PlayBack@CharLipSync@@V?$StlNodeAlloc@UWeight@PlayBack@CharLipSync@@@stlpmtx_std@@@stlpmtx_std@@AAAXPAUWeight@PlayBack@CharLipSync@@IABU345@ABU__false_type@2@@Z	??$__uninitialized_fill_n@PAUMoveReplacer@@IU1@@stlpmtx_std@@YAPAUMoveReplacer@@PAU1@IABU1@ABU__false_type@0@@Z	??$__uninitialized_copy@PAUWeight@PlayBack@CharLipSync@@PAU123@@stlpmtx_std@@YAPAUWeight@PlayBack@CharLipSync@@PAU123@00ABU__false_type@0@@Z
2	1	DIFF_SIZE	DIFFERENT_FUNCTION	TB	bl	default/CharMeshHide	fn_823A1F1C	??1ObjRef@@QAA@XZ	??1?$map@HMU?$less@H@stlpmtx_std@@V?$StlNodeAlloc@U?$pair@$$CBHM@stlpmtx_std@@@2@@stlpmtx_std@@QAA@XZ
2	1	DIFF_SIZE	DIFFERENT_FUNCTION	TB	bl	default/CharMeshHide	fn_826FFFC0	??1?$ObjPtr@VFxSend@@@@UAA@XZ	??1MoggClipMap@@UAA@XZ
2	1	DIFF_SIZE	DIFFERENT_FUNCTION	TB	bl	default/CharMirror	fn_823CD8D8	??1ObjRef@@QAA@XZ	??1?$ObjRefConcrete@VCharServoBone@@VObjectDir@@@@UAA@XZ
2	1	DIFF_SIZE	DIFFERENT_FUNCTION	TB	bl	default/CharMirror	fn_823CD92C	??1ObjRef@@QAA@XZ	??1?$ObjRefConcrete@VCharServoBone@@VObjectDir@@@@UAA@XZ
2	1	DIFF_SIZE	DIFFERENT_FUNCTION	TB	bl	default/CharServoBone	fn_82375CB8	??1ObjRef@@QAA@XZ	??1?$ObjRefConcrete@VWaypoint@@VObjectDir@@@@UAA@XZ
2	1	DIFF_SIZE	DIFFERENT_FUNCTION	TB	bl	default/CharServoBone	fn_823CE640	??1ObjRef@@QAA@XZ	??1?$ObjRefConcrete@VWaypoint@@VObjectDir@@@@UAA@XZ
2	2	DIFF_SAMESIZE	DIFFERENT_FUNCTION	TB	bl	default/CharWeightable	?Load@?$ObjRefConcrete@VCharWeightable@@VObjectDir@@@@QAA_NAAVBinStream@@_NPAVObjectDir@@@Z	?SetOwnerObj@?$ObjOwnerPtr@VCharInterest@@@@QAAXPAVCharInterest@@@Z	?SetObjConcrete@?$ObjRefConcrete@VCharWeightable@@VObjectDir@@@@QAAXPAVCharWeightable@@@Z
2	1	DIFF_SIZE	DIFFERENT_FUNCTION	TB	bl	default/Character	fn_82373F4C	??1?$_Vector_base@VStreakList@Scoring@@V?$StlNodeAlloc@VStreakList@Scoring@@@stlpmtx_std@@@stlpmtx_std@@QAA@XZ	??1ObjRefOwner@@UAA@XZ
2	1	DIFF_SIZE	DIFFERENT_FUNCTION	TB	bl	default/Character	fn_823748AC	?Enter@BandRetargetVignette@@UAAXXZ	??1CharPollableSorter@@QAA@XZ
2	1	DIFF_SIZE	DIFFERENT_FUNCTION	TB	bl	default/Cheats	fn_827C2964	??1?$_Vector_base@VFilePath@@V?$StlNodeAlloc@VFilePath@@@stlpmtx_std@@@stlpmtx_std@@QAA@XZ	??1?$vector@UKeyCheat@@V?$StlNodeAlloc@UKeyCheat@@@stlpmtx_std@@@stlpmtx_std@@QAA@XZ
2	1	DIFF_SIZE	DIFFERENT_FUNCTION	TB	bl	default/Cheats	fn_827C2B8C	??1?$_Vector_base@VFilePath@@V?$StlNodeAlloc@VFilePath@@@stlpmtx_std@@@stlpmtx_std@@QAA@XZ	??1?$vector@UKeyCheat@@V?$StlNodeAlloc@UKeyCheat@@@stlpmtx_std@@@stlpmtx_std@@QAA@XZ
2	2	DIFF_SIZE	REVIEW	TB	bl	default/ChordShapeGenerator	?NameMesh@ChordShapeGenerator@@QAAXPAVRndMesh@@_N@Z	??$Find@VRndMesh@@@ObjectDir@@QAAPAVRndMesh@@PBD_N@Z	?FindObject@ObjectDir@@QAAPAVObject@Hmx@@PBD_N@Z
2	1	DIFF_SIZE	DIFFERENT_FUNCTION	TB	bl	default/ConnectionStatusPanel	??_GReclaimableAlloc@@UAAPAXI@Z	?MemFree@@YAXPAX@Z	??3FixedSizeAlloc@@SAXPAX@Z
2	1	DIFF_SIZE	DIFFERENT_FUNCTION	TB	bl	default/Console	??_GFixedSizeAlloc@@UAAPAXI@Z	?MemFree@@YAXPAX@Z	??3FixedSizeAlloc@@SAXPAX@Z
2	1	DIFF_SIZE	DIFFERENT_FUNCTION	TB	bl	default/Crowd	fn_824E1090	??1?$ObjRefConcrete@VCharDriver@@VObjectDir@@@@UAA@XZ	??1ObjRefOwner@@UAA@XZ
2	1	DIFF_SIZE	DIFFERENT_FUNCTION	TB	bl	default/Crowd	fn_824E1490	??1?$ObjRefConcrete@VCharDriver@@VObjectDir@@@@UAA@XZ	??1ObjRefOwner@@UAA@XZ
2	1	DIFF_SIZE	DIFFERENT_FUNCTION	TB	bl	default/Crowd	fn_824E24E0	??1Char3D@CharData@WorldCrowd@@QAA@XZ	??1Merger@FileMerger@@QAA@XZ
2	1	DIFF_SIZE	DIFFERENT_FUNCTION	TB	bl	default/Crowd	fn_824E2BF8	??1Char3D@CharData@WorldCrowd@@QAA@XZ	??1Merger@FileMerger@@QAA@XZ
2	1	DIFF_SIZE	DIFFERENT_FUNCTION	TB	bl	default/Crowd	fn_824E3D80	??1CharDef@WorldCrowd@@QAA@XZ	??1ObjRefOwner@@UAA@XZ
2	1	DIFF_SIZE	DIFFERENT_FUNCTION	TB	bl	default/Crowd	fn_824E3F68	??1CharDef@WorldCrowd@@QAA@XZ	??1ObjRefOwner@@UAA@XZ
2	2	DIFF_SIZE	REVIEW	TB	bl	default/DataEventList	?_M_fill_insert_aux@?$vector@UCompEv@DataEventList@@V?$StlNodeAlloc@UCompEv@DataEventList@@@stlpmtx_std@@@stlpmtx_std@@AAAXPAUCompEv@DataEventList@@IABU34@ABU__false_type@2@@Z	??$__uninitialized_copy@PBUTempoInfoPoint@MultiTempoTempoMap@@PAU12@@stlpmtx_std@@YAPAUTempoInfoPoint@MultiTempoTempoMap@@PBU12@0PAU12@ABU__false_type@0@@Z	??$__uninitialized_copy@PAUCompEv@DataEventList@@PAU12@@stlpmtx_std@@YAPAUCompEv@DataEventList@@PAU12@00ABU__false_type@0@@Z
2	2	DIFF_SIZE	REVIEW	TB	bl	default/DataEventList	?_M_fill_insert_aux@?$vector@VDataEvent@@V?$StlNodeAlloc@VDataEvent@@@stlpmtx_std@@@stlpmtx_std@@AAAXPAVDataEvent@@IABV3@ABU__false_type@2@@Z	??$__uninitialized_copy@PBVFilePath@@PAV1@@stlpmtx_std@@YAPAVFilePath@@PBV1@0PAV1@ABU__false_type@0@@Z	??$__uninitialized_copy@PAVDataEvent@@PAV1@@stlpmtx_std@@YAPAVDataEvent@@PAV1@00ABU__false_type@0@@Z
2	1	DIFF_SIZE	DIFFERENT_FUNCTION	TB	bl	default/DataFunc	??0DataMergeFilter@@QAA@ABVDataNode@@W4Subdirs@MergeFilter@@@Z	??BDataArrayPtr@@QBAPAVDataArray@@XZ	?Func@DataNode@@QBAP6A?AV1@PAVDataArray@@@ZPBV2@@Z
2	1	DIFF_SIZE	DIFFERENT_FUNCTION	TB	bl	default/DataPointMgr	?EnterLoadState@NetCacheMgr@@AAAXXZ	??2CriticalSection@@SAPAXI@Z	??2FileCache@@SAPAXI@Z
2	1	DIFF_SIZE	REVIEW	TB	bl	default/Defines	?IsTrackPlayableByController@@YA_NW4TrackType@@W4ControllerType@@@Z	??$__find@PBHH@stlpmtx_std@@YAPBHPBH0ABHABUrandom_access_iterator_tag@0@@Z	??$__find@PAW4TrackType@@W41@@stlpmtx_std@@YAPAW4TrackType@@PAW41@0ABW41@ABUrandom_access_iterator_tag@0@@Z
2	1	DIFF_SIZE	REVIEW	TB	bl	default/Defines	?RepresentSamePart@@YA_NW4TrackType@@0@Z	??$__find@PBHH@stlpmtx_std@@YAPBHPBH0ABHABUrandom_access_iterator_tag@0@@Z	??$__find@PAW4TrackType@@W41@@stlpmtx_std@@YAPAW4TrackType@@PAW41@0ABW41@ABUrandom_access_iterator_tag@0@@Z
2	1	DIFF_SIZE	DIFFERENT_FUNCTION	TB	bl	default/DepthBuffer3D	fn_826FA6EC	??1DataNode@@QAA@XZ	??1PropertyFilter@CameraManager@@QAA@XZ
2	1	DIFF_SIZE	DIFFERENT_FUNCTION	TB	bl	default/DepthBuffer3D	fn_826FAA48	??1DataNode@@QAA@XZ	??1AutoSlowFrame@@QAA@XZ
2	1	DIFF_SAMESIZE	DIFFERENT_FUNCTION	TB	bl	default/Draw	?Highlight@RndDrawable@@UAAXXZ	?UtilDrawSphere@@YAXABVVector3@@MABVColor@Hmx@@PAVRndMat@@@Z	?UtilDrawSphere@@YAXABVVector3@@MABVColor@Hmx@@@Z
2	1	DIFF_SIZE	DIFFERENT_FUNCTION	TB	bl	default/EnvAnim	??1RndEnvAnim@@UAA@XZ	??1?$ObjRefConcrete@VRndEnvAnim@@VObjectDir@@@@UAA@XZ	??1?$ObjOwnerPtr@VRndEnvAnim@@@@UAA@XZ
2	1	DIFF_SIZE	DIFFERENT_FUNCTION	TB	bl	default/EnvAnim	??_G?$ObjOwnerPtr@VRndEnvAnim@@@@UAAPAXI@Z	??1?$ObjRefConcrete@VRndEnvAnim@@VObjectDir@@@@UAA@XZ	??1?$ObjOwnerPtr@VRndEnvAnim@@@@UAA@XZ
2	1	DIFF_SIZE	REVIEW	TB	bl	default/EventTrigger	fn_824A0CB4	??$_Destroy@UAnim@EventTrigger@@@stlpmtx_std@@YAXPAUAnim@EventTrigger@@@Z	??1DataNode@@QAA@XZ
2	1	DIFF_SIZE	REVIEW	TB	bl	default/EventTrigger	fn_824A1FD4	??$_Destroy@UAnim@EventTrigger@@@stlpmtx_std@@YAXPAUAnim@EventTrigger@@@Z	??1DataNode@@QAA@XZ
2	1	DIFF_SIZE	DIFFERENT_FUNCTION	TB	bl	default/EventTrigger	fn_824A2930	??1ObjRef@@QAA@XZ	??1?$ObjRefConcrete@VEventTrigger@@VObjectDir@@@@UAA@XZ
2	2	DIFF_SIZE	REVIEW	TB	bl	default/FileMerger	?_M_fill_insert_aux@?$vector@UIKTarget@CharIKHand@@V?$StlNodeAlloc@UIKTarget@CharIKHand@@@stlpmtx_std@@@stlpmtx_std@@AAAXPAUIKTarget@CharIKHand@@IABU34@ABU__false_type@2@@Z	??$__uninitialized_copy@PBVDataEvent@@PAV1@@stlpmtx_std@@YAPAVDataEvent@@PBV1@0PAV1@ABU__false_type@0@@Z	??$__uninitialized_copy@PAUIKTarget@CharIKHand@@PAU12@@stlpmtx_std@@YAPAUIKTarget@CharIKHand@@PAU12@00ABU__false_type@0@@Z
2	1	DIFF_SIZE	DIFFERENT_FUNCTION	TB	bl	default/FileMerger	fn_82394618	??1Object@Hmx@@UAA@XZ	??1?$_Vector_base@VFlowMathOp@@V?$StlNodeAlloc@VFlowMathOp@@@stlpmtx_std@@@stlpmtx_std@@QAA@XZ
2	1	DIFF_SIZE	DIFFERENT_FUNCTION	TB	bl	default/FileMerger	fn_82394AD8	??1Object@Hmx@@UAA@XZ	??1?$_Vector_base@VFlowMathOp@@V?$StlNodeAlloc@VFlowMathOp@@@stlpmtx_std@@@stlpmtx_std@@QAA@XZ
2	2	DIFF_SIZE	DIFFERENT_FUNCTION	TB	bl	default/Flow	??$PropSync@UDynamicPropertyEntry@Flow@@@@YA_NAAV?$ObjVector@UDynamicPropertyEntry@Flow@@@@AAVDataNode@@PAVDataArray@@HW4PropOp@@@Z	?PropSync@@YA_NAAVStrand@CharHair@@AAVDataNode@@PAVDataArray@@HW4PropOp@@@Z	?PropSync@@YA_NAAUDynamicPropertyEntry@Flow@@AAVDataNode@@PAVDataArray@@HW4PropOp@@@Z
2	1	DIFF_SIZE	DIFFERENT_FUNCTION	TB	bl	default/FocusTracker	??1AccuracyFocusTracker@@UAA@XZ	??1?$_Vector_base@VFilePath@@V?$StlNodeAlloc@VFilePath@@@stlpmtx_std@@@stlpmtx_std@@QAA@XZ	??1TrackerSectionManager@@QAA@XZ
2	2	DIFF_SIZE	DIFFERENT_FUNCTION	TB	bl	default/Font	?_M_copy@?$_Rb_tree@GU?$less@G@stlpmtx_std@@U?$pair@$$CBGUCharInfo@RndFont@@@2@U?$_Select1st@U?$pair@$$CBGUCharInfo@RndFont@@@stlpmtx_std@@@2@U?$_MapTraitsT@U?$pair@$$CBGUCharInfo@RndFont@@@stlpmtx_std@@@priv@2@V?$StlNodeAlloc@U?$pair@$$CBGUCharInfo@RndFont@@@stlpmtx_std@@@2@@stlpmtx_std@@AAAPAU_Rb_tree_node_base@2@PAU32@0@Z	?_M_create_node@?$_Rb_tree@HU?$less@H@stlpmtx_std@@U?$pair@$$CBHVColor@Hmx@@@2@U?$_Select1st@U?$pair@$$CBHVColor@Hmx@@@stlpmtx_std@@@2@U?$_MapTraitsT@U?$pair@$$CBHVColor@Hmx@@@stlpmtx_std@@@priv@2@V?$StlNodeAlloc@U?$pair@$$CBHVColor@Hmx@@@stlpmtx_std@@@2@@stlpmtx_std@@IAAPAU_Rb_tree_node_base@2@ABU?$pair@$$CBHVColor@Hmx@@@2@@Z	?_M_create_node@?$_Rb_tree@GU?$less@G@stlpmtx_std@@U?$pair@$$CBGUCharInfo@RndFont@@@2@U?$_Select1st@U?$pair@$$CBGUCharInfo@RndFont@@@stlpmtx_std@@@2@U?$_MapTraitsT@U?$pair@$$CBGUCharInfo@RndFont@@@stlpmtx_std@@@priv@2@V?$StlNodeAlloc@U?$pair@$$CBGUCharInfo@RndFont@@@stlpmtx_std@@@2@@stlpmtx_std@@IAAPAU_Rb_tree_node_base@2@ABU?$pair@$$CBGUCharInfo@RndFont@@@2@@Z
2	1	DIFF_SIZE	DIFFERENT_FUNCTION	TB	bl	default/FreestylePanel	?Handle@FreestylePanel@@UAA?AVDataNode@@PAVDataArray@@_N@Z	?IsDirtySave@TourSavable@@UBA_NXZ	?Enabled@Metronome@@QBA_NXZ
2	1	DIFF_SIZE	REVIEW	TB	bl	default/GemManager	fn_82B9BBD4	??$__ucopy_ptrs@PBQAVTail@@PAPAV1@@stlpmtx_std@@YAPAPAVTail@@PBQAV1@0PAPAV1@ABU__true_type@0@@Z	??1?$list@VHitGem@GemManager@@V?$StlNodeAlloc@VHitGem@GemManager@@@stlpmtx_std@@@stlpmtx_std@@QAA@XZ
2	1	DIFF_SIZE	REVIEW	TB	bl	default/GemManager	fn_82B9F2A8	??$__ucopy_ptrs@PBQAVTail@@PAPAV1@@stlpmtx_std@@YAPAPAVTail@@PBQAV1@0PAPAV1@ABU__true_type@0@@Z	??1?$list@VHitGem@GemManager@@V?$StlNodeAlloc@VHitGem@GemManager@@@stlpmtx_std@@@stlpmtx_std@@QAA@XZ
2	1	DIFF_SIZE	DIFFERENT_FUNCTION	TB	bl	default/GemTrackResourceManager	??$_Copy_Construct@VSmasherPlateInfo@GemTrackResourceManager@@@stlpmtx_std@@YAXPAVSmasherPlateInfo@GemTrackResourceManager@@ABV12@@Z	??0?$ObjPtr@VRndMat@@@@QAA@ABV0@@Z	??0?$ObjPtr@VRndDir@@@@QAA@ABV0@@Z
2	1	DIFF_SAMESIZE	DIFFERENT_FUNCTION	TB	bl	default/Graph	?DrawFixedZ@DrawSphere@@UAAXM@Z	?UtilDrawSphere@@YAXABVVector3@@MABVColor@Hmx@@PAVRndMat@@@Z	?UtilDrawSphere@@YAXABVVector3@@MABVColor@Hmx@@@Z
2	1	DIFF_SIZE	DIFFERENT_FUNCTION	TB	bl	default/HamCamTransform	??$PropSync@VTransformArea@@@@YA_NAAV?$ObjVector@VTransformArea@@@@AAVDataNode@@PAVDataArray@@HW4PropOp@@@Z	??0MatSwap@OutfitConfig@@QAA@PAVObject@Hmx@@@Z	??0TransformArea@@QAA@PAVObject@Hmx@@@Z
2	1	DIFF_SIZE	DIFFERENT_FUNCTION	TB	bl	default/HamCamTransform	?resize@?$ObjVector@VTransformArea@@@@QAAXI@Z	??0MatSwap@OutfitConfig@@QAA@PAVObject@Hmx@@@Z	??0TransformArea@@QAA@PAVObject@Hmx@@@Z
2	1	DIFF_SIZE	DIFFERENT_FUNCTION	TB	bl	default/HamCamTransform	fn_822A7C48	??1Piece@Piercing@OutfitConfig@@QAA@XZ	??1DataNode@@QAA@XZ
2	1	DIFF_SIZE	DIFFERENT_FUNCTION	TB	bl	default/HamCamTransform	fn_822A893C	??1Piece@Piercing@OutfitConfig@@QAA@XZ	??1DataNode@@QAA@XZ
2	1	DIFF_SIZE	DIFFERENT_FUNCTION	TB	bl	default/HamCamTransform	fn_822A8E40	??1MatSwap@OutfitConfig@@QAA@XZ	??1Merger@FileMerger@@QAA@XZ
2	1	DIFF_SIZE	DIFFERENT_FUNCTION	TB	bl	default/HamCamTransform	fn_822A9AC8	??1MeshAO@OutfitConfig@@QAA@XZ	??1DataNode@@QAA@XZ
2	1	DIFF_SIZE	DIFFERENT_FUNCTION	TB	bl	default/HamCamTransform	fn_822A9F30	??1MeshAO@OutfitConfig@@QAA@XZ	??1DataNode@@QAA@XZ
2	1	DIFF_SIZE	DIFFERENT_FUNCTION	TB	bl	default/HamCamTransform	fn_822AA2DC	??1?$_Vector_base@VStreakList@Scoring@@V?$StlNodeAlloc@VStreakList@Scoring@@@stlpmtx_std@@@stlpmtx_std@@QAA@XZ	??1ObjRefOwner@@UAA@XZ
2	1	DIFF_SIZE	DIFFERENT_FUNCTION	TB	bl	default/HamCamTransform	fn_822AA354	??1MatSwap@OutfitConfig@@QAA@XZ	??1Merger@FileMerger@@QAA@XZ
2	1	DIFF_SIZE	DIFFERENT_FUNCTION	TB	bl	default/HamCamTransform	fn_8234D058	??1LabelStyle@UILabel@@QAA@XZ	??1DataNode@@QAA@XZ
2	1	DIFF_SIZE	DIFFERENT_FUNCTION	TB	bl	default/InlineHelp	??_GInlineHelp@@UAAPAXI@Z	?MemFree@@YAXPAX@Z	??3InlineHelp@@SAXPAX@Z
2	2	DIFF_SIZE	REVIEW	TB	bl	default/InlineHelp	?_M_fill_insert_aux@?$vector@UActionElement@InlineHelp@@V?$StlNodeAlloc@UActionElement@InlineHelp@@@stlpmtx_std@@@stlpmtx_std@@AAAXPAUActionElement@InlineHelp@@IABU34@ABU__false_type@2@@Z	??$__uninitialized_copy@PBUActionElement@InlineHelp@@PAU12@@stlpmtx_std@@YAPAUActionElement@InlineHelp@@PBU12@0PAU12@ABU__false_type@0@@Z	??$__uninitialized_copy@PAUActionElement@InlineHelp@@PAU12@@stlpmtx_std@@YAPAUActionElement@InlineHelp@@PAU12@00ABU__false_type@0@@Z
2	1	DIFF_SIZE	DIFFERENT_FUNCTION	TB	bl	default/Instance	fn_824ED0D8	??1?$ObjDirPtr@VObjectDir@@@@UAA@XZ	??1DataNode@@QAA@XZ
2	1	DIFF_SAMESIZE	DIFFERENT_FUNCTION	TB	bl	default/Jukebox	fn_827B1894	??1?$_Vector_base@VTrackerPlayerDisplay@@V?$StlNodeAlloc@VTrackerPlayerDisplay@@@stlpmtx_std@@@stlpmtx_std@@QAA@XZ	??1?$_String_base@DV?$allocator@D@stlpmtx_std@@@stlpmtx_std@@IAA@XZ
2	1	DIFF_SIZE	DIFFERENT_FUNCTION	TB	bl	default/LayerDir	??0Layer@LayerDir@@QAA@ABV01@@Z	??0?$ObjPtr@VRndMat@@@@QAA@ABV0@@Z	??0?$ObjPtr@VRndDir@@@@QAA@ABV0@@Z
2	1	DIFF_SIZE	DIFFERENT_FUNCTION	TB	bl	default/LayerDir	fn_82328988	??1String@@UAA@XZ	??1ObjRefOwner@@UAA@XZ
2	2	DIFF_SIZE	REVIEW	TB	bl	default/LightPreset	?SyncKeyframeTargets@LightPreset@@IAAXXZ	??$__find@PAVSymbol@@V1@@stlpmtx_std@@YAPAVSymbol@@PAV1@0ABV1@ABUrandom_access_iterator_tag@0@@Z	??$__find@PAPAVRndLight@@PAV1@@stlpmtx_std@@YAPAPAVRndLight@@PAPAV1@0ABQAV1@ABUrandom_access_iterator_tag@0@@Z
2	1	DIFF_SIZE	REVIEW	TB	bl	default/LightPreset	?SyncKeyframeTargets@LightPreset@@IAAXXZ	??$__find@PAVSymbol@@V1@@stlpmtx_std@@YAPAVSymbol@@PAV1@0ABV1@ABUrandom_access_iterator_tag@0@@Z	??$__find@PAPAVSpotlight@@PAV1@@stlpmtx_std@@YAPAPAVSpotlight@@PAPAV1@0ABQAV1@ABUrandom_access_iterator_tag@0@@Z
2	1	DIFF_SIZE	REVIEW	TB	bl	default/LightPreset	?SyncNewSpotlights@LightPreset@@IAAXXZ	??$__find@PAVSymbol@@V1@@stlpmtx_std@@YAPAVSymbol@@PAV1@0ABV1@ABUrandom_access_iterator_tag@0@@Z	??$__find@PAPAVSpotlight@@PAV1@@stlpmtx_std@@YAPAPAVSpotlight@@PAPAV1@0ABQAV1@ABUrandom_access_iterator_tag@0@@Z
2	2	DIFF_SIZE	REVIEW	TB	bl	default/LightPreset	?_M_fill_insert_aux@?$vector@USpotlightEntry@LightPreset@@V?$StlNodeAlloc@USpotlightEntry@LightPreset@@@stlpmtx_std@@@stlpmtx_std@@AAAXPAUSpotlightEntry@LightPreset@@IABU34@ABU__false_type@2@@Z	??$__uninitialized_fill_n@PAVCamShotFrame@@IV1@@stlpmtx_std@@YAPAVCamShotFrame@@PAV1@IABV1@ABU__false_type@0@@Z	??$__uninitialized_copy@PAUSpotlightEntry@LightPreset@@PAU12@@stlpmtx_std@@YAPAUSpotlightEntry@LightPreset@@PAU12@00ABU__false_type@0@@Z
2	1	DIFF_SIZE	DIFFERENT_FUNCTION	TB	bl	default/LightPreset	fn_824AECA4	??1DataNode@@QAA@XZ	??1FilePathTracker@@QAA@XZ
2	1	DIFF_SIZE	DIFFERENT_FUNCTION	TB	bl	default/LightPreset	fn_824B0B20	??1?$_Vector_base@USpotlightEntry@LightPreset@@V?$StlNodeAlloc@USpotlightEntry@LightPreset@@@stlpmtx_std@@@stlpmtx_std@@QAA@XZ	??1ObjRefOwner@@UAA@XZ
2	1	DIFF_SIZE	DIFFERENT_FUNCTION	TB	bl	default/LightPreset	fn_824B1450	??1?$_Vector_base@USpotlightEntry@LightPreset@@V?$StlNodeAlloc@USpotlightEntry@LightPreset@@@stlpmtx_std@@@stlpmtx_std@@QAA@XZ	??1ObjRefOwner@@UAA@XZ
2	1	DIFF_SIZE	REVIEW	TB	bl	default/LightPreset	fn_824B1F2C	??$?5MM@@YAAAVBinStreamRev@@AAV0@AAV?$Keys@MM@@@Z	??1String@@UAA@XZ
2	1	DIFF_SIZE	REVIEW	TB	bl	default/LightPreset	fn_824B27BC	??$?5MM@@YAAAVBinStreamRev@@AAV0@AAV?$Keys@MM@@@Z	??1String@@UAA@XZ
2	1	DIFF_SIZE	DIFFERENT_FUNCTION	TB	bl	default/MeasureMap	fn_827D0E70	??1?$_Vector_base@VStreakList@Scoring@@V?$StlNodeAlloc@VStreakList@Scoring@@@stlpmtx_std@@@stlpmtx_std@@QAA@XZ	??1Object@Hmx@@UAA@XZ
2	1	DIFF_SIZE	DIFFERENT_FUNCTION	TB	bl	default/Memcard_Xbox	?CreateMCFile@MCContainerXbox@@UAAPAVMCFile@@XZ	??2CriticalSection@@SAPAXI@Z	??2MCFile@@SAPAXI@Z
2	1	DIFF_SIZE	DIFFERENT_FUNCTION	TB	bl	default/Memcard_Xbox	?GetSize@MCContainerXbox@@UAA?AW4MCResult@@PBDPAH@Z	??2CriticalSection@@SAPAXI@Z	??2MCFile@@SAPAXI@Z
2	1	DIFF_SIZE	DIFFERENT_FUNCTION	TB	bl	default/Memory_Xbox	fn_822BBDDC	??1ObjRef@@QAA@XZ	??1?$ObjRefConcrete@VEventTrigger@@VObjectDir@@@@UAA@XZ
2	1	DIFF_SIZE	DIFFERENT_FUNCTION	TB	bl	default/MeshAnim	??_GRndMultiMesh@@UAAPAXI@Z	?MemFree@@YAXPAX@Z	??3RndMultiMesh@@SAXPAX@Z
2	2	DIFF_SIZE	REVIEW	TB	bl	default/MeshAnim	?_M_fill_insert_aux@?$vector@V?$Key@V?$vector@VColor@Hmx@@V?$StlNodeAlloc@VColor@Hmx@@@stlpmtx_std@@@stlpmtx_std@@@@V?$StlNodeAlloc@V?$Key@V?$vector@VColor@Hmx@@V?$StlNodeAlloc@VColor@Hmx@@@stlpmtx_std@@@stlpmtx_std@@@@@stlpmtx_std@@@stlpmtx_std@@AAAXPAV?$Key@V?$vector@VColor@Hmx@@V?$StlNodeAlloc@VColor@Hmx@@@stlpmtx_std@@@stlpmtx_std@@@@IABV3@ABU__false_type@2@@Z	??$__uninitialized_copy@PBV?$Key@V?$vector@VVector3@@V?$StlNodeAlloc@VVector3@@@stlpmtx_std@@@stlpmtx_std@@@@PAV1@@stlpmtx_std@@YAPAV?$Key@V?$vector@VVector3@@V?$StlNodeAlloc@VVector3@@@stlpmtx_std@@@stlpmtx_std@@@@PBV1@0PAV1@ABU__false_type@0@@Z	??$__uninitialized_copy@PAV?$Key@V?$vector@VColor@Hmx@@V?$StlNodeAlloc@VColor@Hmx@@@stlpmtx_std@@@stlpmtx_std@@@@PAV1@@stlpmtx_std@@YAPAV?$Key@V?$vector@VColor@Hmx@@V?$StlNodeAlloc@VColor@Hmx@@@stlpmtx_std@@@stlpmtx_std@@@@PAV1@00ABU__false_type@0@@Z
2	2	DIFF_SIZE	REVIEW	TB	bl	default/MeshAnim	?_M_fill_insert_aux@?$vector@V?$Key@V?$vector@VVector2@@V?$StlNodeAlloc@VVector2@@@stlpmtx_std@@@stlpmtx_std@@@@V?$StlNodeAlloc@V?$Key@V?$vector@VVector2@@V?$StlNodeAlloc@VVector2@@@stlpmtx_std@@@stlpmtx_std@@@@@stlpmtx_std@@@stlpmtx_std@@AAAXPAV?$Key@V?$vector@VVector2@@V?$StlNodeAlloc@VVector2@@@stlpmtx_std@@@stlpmtx_std@@@@IABV3@ABU__false_type@2@@Z	??$__uninitialized_copy@PBV?$Key@V?$vector@VVector2@@V?$StlNodeAlloc@VVector2@@@stlpmtx_std@@@stlpmtx_std@@@@PAV1@@stlpmtx_std@@YAPAV?$Key@V?$vector@VVector2@@V?$StlNodeAlloc@VVector2@@@stlpmtx_std@@@stlpmtx_std@@@@PBV1@0PAV1@ABU__false_type@0@@Z	??$__uninitialized_copy@PAV?$Key@V?$vector@VVector2@@V?$StlNodeAlloc@VVector2@@@stlpmtx_std@@@stlpmtx_std@@@@PAV1@@stlpmtx_std@@YAPAV?$Key@V?$vector@VVector2@@V?$StlNodeAlloc@VVector2@@@stlpmtx_std@@@stlpmtx_std@@@@PAV1@00ABU__false_type@0@@Z
2	2	DIFF_SIZE	REVIEW	TB	bl	default/MeshAnim	?_M_insert_overflow_aux@?$vector@V?$Key@V?$vector@VColor@Hmx@@V?$StlNodeAlloc@VColor@Hmx@@@stlpmtx_std@@@stlpmtx_std@@@@V?$StlNodeAlloc@V?$Key@V?$vector@VColor@Hmx@@V?$StlNodeAlloc@VColor@Hmx@@@stlpmtx_std@@@stlpmtx_std@@@@@stlpmtx_std@@@stlpmtx_std@@IAAXPAV?$Key@V?$vector@VColor@Hmx@@V?$StlNodeAlloc@VColor@Hmx@@@stlpmtx_std@@@stlpmtx_std@@@@ABV3@ABU__false_type@2@I_N@Z	??$__uninitialized_copy@PBV?$Key@V?$vector@VVector2@@V?$StlNodeAlloc@VVector2@@@stlpmtx_std@@@stlpmtx_std@@@@PAV1@@stlpmtx_std@@YAPAV?$Key@V?$vector@VVector2@@V?$StlNodeAlloc@VVector2@@@stlpmtx_std@@@stlpmtx_std@@@@PBV1@0PAV1@ABU__false_type@0@@Z	??$__uninitialized_copy@PAV?$Key@V?$vector@VColor@Hmx@@V?$StlNodeAlloc@VColor@Hmx@@@stlpmtx_std@@@stlpmtx_std@@@@PAV1@@stlpmtx_std@@YAPAV?$Key@V?$vector@VColor@Hmx@@V?$StlNodeAlloc@VColor@Hmx@@@stlpmtx_std@@@stlpmtx_std@@@@PAV1@00ABU__false_type@0@@Z
2	2	DIFF_SIZE	REVIEW	TB	bl	default/MeshAnim	?_M_insert_overflow_aux@?$vector@V?$Key@V?$vector@VVector2@@V?$StlNodeAlloc@VVector2@@@stlpmtx_std@@@stlpmtx_std@@@@V?$StlNodeAlloc@V?$Key@V?$vector@VVector2@@V?$StlNodeAlloc@VVector2@@@stlpmtx_std@@@stlpmtx_std@@@@@stlpmtx_std@@@stlpmtx_std@@IAAXPAV?$Key@V?$vector@VVector2@@V?$StlNodeAlloc@VVector2@@@stlpmtx_std@@@stlpmtx_std@@@@ABV3@ABU__false_type@2@I_N@Z	??$__uninitialized_copy@PBV?$Key@V?$vector@VVector3@@V?$StlNodeAlloc@VVector3@@@stlpmtx_std@@@stlpmtx_std@@@@PAV1@@stlpmtx_std@@YAPAV?$Key@V?$vector@VVector3@@V?$StlNodeAlloc@VVector3@@@stlpmtx_std@@@stlpmtx_std@@@@PBV1@0PAV1@ABU__false_type@0@@Z	??$__uninitialized_copy@PAV?$Key@V?$vector@VVector2@@V?$StlNodeAlloc@VVector2@@@stlpmtx_std@@@stlpmtx_std@@@@PAV1@@stlpmtx_std@@YAPAV?$Key@V?$vector@VVector2@@V?$StlNodeAlloc@VVector2@@@stlpmtx_std@@@stlpmtx_std@@@@PAV1@00ABU__false_type@0@@Z
2	1	DIFF_SAMESIZE	REVIEW	TB	bl	default/MeshAnim	fn_822C7960	??$__destroy_range@PAV?$Key@V?$vector@VColor@Hmx@@V?$StlNodeAlloc@VColor@Hmx@@@stlpmtx_std@@@stlpmtx_std@@@@V1@@stlpmtx_std@@YAXPAV?$Key@V?$vector@VColor@Hmx@@V?$StlNodeAlloc@VColor@Hmx@@@stlpmtx_std@@@stlpmtx_std@@@@00@Z	??$_Destroy_Range@PAVConstraint@BandIKEffector@@@stlpmtx_std@@YAXPAVConstraint@BandIKEffector@@0@Z
2	1	DIFF_SAMESIZE	REVIEW	TB	bl	default/MeshAnim	fn_822C79F8	??$__destroy_range@PAV?$Key@V?$vector@VColor@Hmx@@V?$StlNodeAlloc@VColor@Hmx@@@stlpmtx_std@@@stlpmtx_std@@@@V1@@stlpmtx_std@@YAXPAV?$Key@V?$vector@VColor@Hmx@@V?$StlNodeAlloc@VColor@Hmx@@@stlpmtx_std@@@stlpmtx_std@@@@00@Z	??$_Destroy_Range@PAVConstraint@BandIKEffector@@@stlpmtx_std@@YAXPAVConstraint@BandIKEffector@@0@Z
2	1	DIFF_SIZE	DIFFERENT_FUNCTION	TB	bl	default/MeshAnim	fn_823E46A4	??1?$_Vector_base@VStreakList@Scoring@@V?$StlNodeAlloc@VStreakList@Scoring@@@stlpmtx_std@@@stlpmtx_std@@QAA@XZ	??1Object@Hmx@@UAA@XZ
2	1	DIFF_SIZE	REVIEW	TB	bl	default/MeshDeform	??$_M_allocate_and_copy@PBUBoneDesc@RndMeshDeform@@@?$vector@UBoneDesc@RndMeshDeform@@V?$StlNodeAlloc@UBoneDesc@RndMeshDeform@@@stlpmtx_std@@@stlpmtx_std@@IAAPAUBoneDesc@RndMeshDeform@@IPBU23@0@Z	??$__uninitialized_fill_n@PAUBoneDesc@RndMeshDeform@@IU12@@stlpmtx_std@@YAPAUBoneDesc@RndMeshDeform@@PAU12@IABU12@ABU__false_type@0@@Z	??$__uninitialized_copy@PBUBoneDesc@RndMeshDeform@@PAU12@@stlpmtx_std@@YAPAUBoneDesc@RndMeshDeform@@PBU12@0PAU12@ABU__false_type@0@@Z
2	1	DIFF_SIZE	REVIEW	TB	bl	default/MeshDeform	??4?$vector@UBoneDesc@RndMeshDeform@@V?$StlNodeAlloc@UBoneDesc@RndMeshDeform@@@stlpmtx_std@@@stlpmtx_std@@QAAAAV01@ABV01@@Z	??$__uninitialized_fill_n@PAUBoneDesc@RndMeshDeform@@IU12@@stlpmtx_std@@YAPAUBoneDesc@RndMeshDeform@@PAU12@IABU12@ABU__false_type@0@@Z	??$__uninitialized_copy@PBUBoneDesc@RndMeshDeform@@PAU12@@stlpmtx_std@@YAPAUBoneDesc@RndMeshDeform@@PBU12@0PAU12@ABU__false_type@0@@Z
2	1	DIFF_SIZE	DIFFERENT_FUNCTION	TB	bl	default/MessageTimer	fn_82346588	??1?$ObjRefConcrete@VCharLookAt@@VObjectDir@@@@UAA@XZ	??1?$_String_base@DV?$allocator@D@stlpmtx_std@@@stlpmtx_std@@IAA@XZ
2	1	DIFF_SIZE	DIFFERENT_FUNCTION	TB	bl	default/MessageTimer	fn_823465F0	??1?$ObjRefConcrete@VCharLookAt@@VObjectDir@@@@UAA@XZ	??1?$_String_base@DV?$allocator@D@stlpmtx_std@@@stlpmtx_std@@IAA@XZ
2	1	DIFF_SIZE	DIFFERENT_FUNCTION	TB	bl	default/MetaMusic	?_M_fill_insert@?$vector@V?$ObjDirPtr@VObjectDir@@@@V?$StlNodeAlloc@V?$ObjDirPtr@VObjectDir@@@@@stlpmtx_std@@@stlpmtx_std@@AAAXPAV?$ObjDirPtr@VObjectDir@@@@IABV3@@Z	?_M_insert_overflow_aux@?$vector@VDataArrayPtr@@V?$StlNodeAlloc@VDataArrayPtr@@@stlpmtx_std@@@stlpmtx_std@@IAAXPAVDataArrayPtr@@ABV3@ABU__false_type@2@I_N@Z	?_M_insert_overflow_aux@?$vector@V?$ObjDirPtr@VObjectDir@@@@V?$StlNodeAlloc@V?$ObjDirPtr@VObjectDir@@@@@stlpmtx_std@@@stlpmtx_std@@IAAXPAV?$ObjDirPtr@VObjectDir@@@@ABV3@ABU__false_type@2@I_N@Z
2	1	DIFF_SIZE	DIFFERENT_FUNCTION	TB	bl	default/MetaMusic	fn_82710A80	??1?$ObjDirPtr@VObjectDir@@@@UAA@XZ	??1DataNode@@QAA@XZ
2	1	DIFF_SIZE	DIFFERENT_FUNCTION	TB	bl	default/MetaPanel	?NewObject@BandScreen@@SAPAVObject@Hmx@@XZ	??2CriticalSection@@SAPAXI@Z	??2BandScreen@@SAPAXI@Z
2	1	DIFF_SIZE	DIFFERENT_FUNCTION	TB	bl	default/MetaPanel	?NewObject@SigninScreen@@SAPAVObject@Hmx@@XZ	??2CriticalSection@@SAPAXI@Z	??2BandScreen@@SAPAXI@Z
2	2	DIFF_SIZE	REVIEW	TB	bl	default/MicClientMapper	?_M_insert_overflow_aux@?$vector@UMicMappingData@MicClientMapper@@V?$StlNodeAlloc@UMicMappingData@MicClientMapper@@@stlpmtx_std@@@stlpmtx_std@@IAAXPAUMicMappingData@MicClientMapper@@ABU34@ABU__false_type@2@I_N@Z	??$__uninitialized_fill_n@PAUWeightedEntry@@IU1@@stlpmtx_std@@YAPAUWeightedEntry@@PAU1@IABU1@ABU__false_type@0@@Z	??$__uninitialized_copy@PAUMicMappingData@MicClientMapper@@PAU12@@stlpmtx_std@@YAPAUMicMappingData@MicClientMapper@@PAU12@00ABU__false_type@0@@Z
2	2	DIFF_SIZE	REVIEW	TB	bl	default/MidiParser	?_M_insert_overflow_aux@?$vector@UNote@MidiParser@@V?$StlNodeAlloc@UNote@MidiParser@@@stlpmtx_std@@@stlpmtx_std@@IAAXPAUNote@MidiParser@@ABU34@ABU__false_type@2@I_N@Z	??$__uninitialized_copy@PBUTempoInfoPoint@MultiTempoTempoMap@@PAU12@@stlpmtx_std@@YAPAUTempoInfoPoint@MultiTempoTempoMap@@PBU12@0PAU12@ABU__false_type@0@@Z	??$__uninitialized_copy@PAUNote@MidiParser@@PAU12@@stlpmtx_std@@YAPAUNote@MidiParser@@PAU12@00ABU__false_type@0@@Z
2	1	DIFF_SIZE	DIFFERENT_FUNCTION	TB	bl	default/MidiParser	fn_827EA734	??1?$_Vector_base@VFilePath@@V?$StlNodeAlloc@VFilePath@@@stlpmtx_std@@@stlpmtx_std@@QAA@XZ	??1?$vector@UNote@MidiParser@@V?$StlNodeAlloc@UNote@MidiParser@@@stlpmtx_std@@@stlpmtx_std@@QAA@XZ
2	1	DIFF_SIZE	DIFFERENT_FUNCTION	TB	bl	default/MidiParser	fn_827EAA70	??1?$_Vector_base@VFilePath@@V?$StlNodeAlloc@VFilePath@@@stlpmtx_std@@@stlpmtx_std@@QAA@XZ	??1?$vector@UNote@MidiParser@@V?$StlNodeAlloc@UNote@MidiParser@@@stlpmtx_std@@@stlpmtx_std@@QAA@XZ
2	1	DIFF_SIZE	DIFFERENT_FUNCTION	TB	bl	default/MidiParserMgr	fn_827EC764	??3BandHighlight@@SAXPAX@Z	??1DataNode@@QAA@XZ
2	1	DIFF_SIZE	DIFFERENT_FUNCTION	TB	bl	default/MidiReader	?ReadSomeEvents@MidiReader@@QAA_NH@Z	?ReadNextEventImpl@MidiReader@@AAAXXZ	?ReadNextEvent@MidiReader@@AAAXXZ
2	1	DIFF_SIZE	DIFFERENT_FUNCTION	TB	bl	default/MidiReader	?ReadTrack@MidiReader@@AAA_NXZ	?ReadNextEventImpl@MidiReader@@AAAXXZ	?ReadNextEvent@MidiReader@@AAAXXZ
2	1	DIFF_SIZE	DIFFERENT_FUNCTION	TB	bl	default/MidiSynth	fn_824CC848	??1?$ObjRefConcrete@VLightPreset@@VObjectDir@@@@UAA@XZ	??1ObjRefOwner@@UAA@XZ
2	1	DIFF_SAMESIZE	REVIEW	TB	bl	default/MidiSynth	fn_827191F0	??$_Destroy_Range@PAVMidiChannel@@@stlpmtx_std@@YAXPAVMidiChannel@@0@Z	??$_Destroy_Range@PAV?$map@HMU?$less@H@stlpmtx_std@@V?$StlNodeAlloc@U?$pair@$$CBHM@stlpmtx_std@@@2@@stlpmtx_std@@@stlpmtx_std@@YAXPAV?$map@HMU?$less@H@stlpmtx_std@@V?$StlNodeAlloc@U?$pair@$$CBHM@stlpmtx_std@@@2@@0@0@Z
2	1	DIFF_SAMESIZE	REVIEW	TB	bl	default/MidiSynth	fn_82719288	??$_Destroy_Range@PAVMidiChannel@@@stlpmtx_std@@YAXPAVMidiChannel@@0@Z	??$_Destroy_Range@PAV?$map@HMU?$less@H@stlpmtx_std@@V?$StlNodeAlloc@U?$pair@$$CBHM@stlpmtx_std@@@2@@stlpmtx_std@@@stlpmtx_std@@YAXPAV?$map@HMU?$less@H@stlpmtx_std@@V?$StlNodeAlloc@U?$pair@$$CBHM@stlpmtx_std@@@2@@0@0@Z
2	2	DIFF_SIZE	REVIEW	TB	bl	default/Morph	??4?$vector@VDrivenPropertyEntry@@V?$StlNodeAlloc@VDrivenPropertyEntry@@@stlpmtx_std@@@stlpmtx_std@@QAAAAV01@ABV01@@Z	??$__copy_ptrs@PAUPose@RndMorph@@PAU12@@stlpmtx_std@@YAPAUPose@RndMorph@@PAU12@00ABU__false_type@0@@Z	??$__copy_ptrs@PBVDrivenPropertyEntry@@PAV1@@stlpmtx_std@@YAPAVDrivenPropertyEntry@@PBV1@0PAV1@ABU__false_type@0@@Z
2	1	DIFF_SIZE	DIFFERENT_FUNCTION	TB	bl	default/Morph	fn_823989B4	??1ObjRef@@QAA@XZ	??1?$map@HMU?$less@H@stlpmtx_std@@V?$StlNodeAlloc@U?$pair@$$CBHM@stlpmtx_std@@@2@@stlpmtx_std@@QAA@XZ
2	1	DIFF_SIZE	REVIEW	TB	bl	default/MoveMgr	??$__make_heap@PAPAVCamShot@@UNameSort@@PAV1@H@stlpmtx_std@@YAXPAPAVCamShot@@0UNameSort@@0PAH@Z	??$__adjust_heap@PAHHHU?$less@H@stlpmtx_std@@@stlpmtx_std@@YAXPAHHHHU?$less@H@0@@Z	??$__adjust_heap@PAPAVCamShot@@HPAV1@UNameSort@@@stlpmtx_std@@YAXPAPAVCamShot@@HHPAV1@UNameSort@@@Z
2	1	DIFF_SIZE	REVIEW	TB	bl	default/MoveMgr	??$sort_heap@PAPAVCamShot@@UNameSort@@@stlpmtx_std@@YAXPAPAVCamShot@@0UNameSort@@@Z	??$__adjust_heap@PAHHHU?$less@H@stlpmtx_std@@@stlpmtx_std@@YAXPAHHHHU?$less@H@0@@Z	??$__adjust_heap@PAPAVCamShot@@HPAV1@UNameSort@@@stlpmtx_std@@YAXPAPAVCamShot@@HHPAV1@UNameSort@@@Z
2	1	DIFF_SIZE	DIFFERENT_FUNCTION	TB	bl	default/MoveMgr	fn_822D2ACC	??1?$_Vector_base@VStreakList@Scoring@@V?$StlNodeAlloc@VStreakList@Scoring@@@stlpmtx_std@@@stlpmtx_std@@QAA@XZ	??1DataArrayPtr@@QAA@XZ
2	1	DIFF_SIZE	DIFFERENT_FUNCTION	TB	bl	default/MusicLibrary	fn_8253DD24	??1DataNode@@QAA@XZ	??1?$vector@HV?$StlNodeAlloc@H@stlpmtx_std@@@stlpmtx_std@@QAA@XZ
2	1	DIFF_SIZE	DIFFERENT_FUNCTION	TB	bl	default/MusicLibrary	fn_8253DE04	??1NetMessage@@UAA@XZ	??1DataArrayPtr@@QAA@XZ
2	1	DIFF_SIZE	DIFFERENT_FUNCTION	TB	bl	default/NetGameMsgs	fn_8235FFB0	??1?$vector@V?$map@HMU?$less@H@stlpmtx_std@@V?$StlNodeAlloc@U?$pair@$$CBHM@stlpmtx_std@@@2@@stlpmtx_std@@V?$StlNodeAlloc@V?$map@HMU?$less@H@stlpmtx_std@@V?$StlNodeAlloc@U?$pair@$$CBHM@stlpmtx_std@@@2@@stlpmtx_std@@@2@@stlpmtx_std@@QAA@XZ	??1NetMessage@@UAA@XZ
2	1	DIFF_SIZE	DIFFERENT_FUNCTION	TB	bl	default/NetGameMsgs	fn_82692544	??1NetMessage@@UAA@XZ	??1?$_Vector_base@V?$map@HMU?$less@H@stlpmtx_std@@V?$StlNodeAlloc@U?$pair@$$CBHM@stlpmtx_std@@@2@@stlpmtx_std@@V?$StlNodeAlloc@V?$map@HMU?$less@H@stlpmtx_std@@V?$StlNodeAlloc@U?$pair@$$CBHM@stlpmtx_std@@@2@@stlpmtx_std@@@2@@stlpmtx_std@@QAA@XZ
2	2	DIFF_SIZE	DIFFERENT_FUNCTION	TB	bl	default/NetLoader	?Create@NetLoader@@SAPAV1@ABVString@@@Z	??2CriticalSection@@SAPAXI@Z	??2NetLoader@@SAPAXI@Z
2	1	DIFF_SIZE	DIFFERENT_FUNCTION	TB	bl	default/NextSongPanel	fn_82644E08	??1NetMessage@@UAA@XZ	??1DataArrayPtr@@QAA@XZ
2	2	DIFF_SIZE	REVIEW	TB	bl	default/OutfitConfig	?_M_fill_insert_aux@?$vector@VOverlay@OutfitConfig@@V?$StlNodeAlloc@VOverlay@OutfitConfig@@@stlpmtx_std@@@stlpmtx_std@@AAAXPAVOverlay@OutfitConfig@@IABV34@ABU__false_type@2@@Z	??$__uninitialized_copy@PBVSampleMarker@@PAV1@@stlpmtx_std@@YAPAVSampleMarker@@PBV1@0PAV1@ABU__false_type@0@@Z	??$__uninitialized_copy@PAVOverlay@OutfitConfig@@PAV12@@stlpmtx_std@@YAPAVOverlay@OutfitConfig@@PAV12@00ABU__false_type@0@@Z
2	1	DIFF_SIZE	DIFFERENT_FUNCTION	TB	bl	default/OutfitConfig	fn_8229FF04	??1String@@UAA@XZ	??3DataArray@@SAXPAX@Z
2	1	DIFF_SIZE	REVIEW	TB	bl	default/OutfitConfig	fn_822A640C	??$_Destroy@VOverlay@OutfitConfig@@@stlpmtx_std@@YAXPAVOverlay@OutfitConfig@@@Z	??1?$ObjPtr@VRndTex@@@@UAA@XZ
2	1	DIFF_SIZE	DIFFERENT_FUNCTION	TB	bl	default/OvershellPanel	?RemoveUsersRequiringSongOptions@OvershellPanel@@QAAXXZ	?clear@?$_List_base@PAVPassiveMessage@@V?$StlNodeAlloc@PAVPassiveMessage@@@stlpmtx_std@@@stlpmtx_std@@QAAXXZ	?RemoveUser@OvershellSlot@@QAAXXZ
2	1	DIFF_SIZE	DIFFERENT_FUNCTION	TB	bl	default/OvershellSlot	?Handle@OvershellSlot@@UAA?AVDataNode@@PAVDataArray@@_N@Z	?clear@?$_List_base@PAVPassiveMessage@@V?$StlNodeAlloc@PAVPassiveMessage@@@stlpmtx_std@@@stlpmtx_std@@QAAXXZ	?RemoveUser@OvershellSlot@@QAAXXZ
2	2	DIFF_SIZE	REVIEW	TB	bl	default/PanelDir	?_M_insert_overflow_aux@?$vector@VFilePath@@V?$StlNodeAlloc@VFilePath@@@stlpmtx_std@@@stlpmtx_std@@IAAXPAVFilePath@@ABV3@ABU__false_type@2@I_N@Z	??$__uninitialized_copy@PBVFilePath@@PAV1@@stlpmtx_std@@YAPAVFilePath@@PBV1@0PAV1@ABU__false_type@0@@Z	??$__uninitialized_copy@PAVFilePath@@PAV1@@stlpmtx_std@@YAPAVFilePath@@PAV1@00ABU__false_type@0@@Z
2	1	DIFF_SIZE	DIFFERENT_FUNCTION	TB	bl	default/Part	??_GRndParticleSys@@UAAPAXI@Z	?MemFree@@YAXPAX@Z	??3RndParticleSys@@SAXPAX@Z
2	1	DIFF_SAMESIZE	DIFFERENT_FUNCTION	TB	bl	default/PartAnim	??1RndParticleSysAnim@@UAA@XZ	??1?$ObjRefConcrete@VRndMesh@@VObjectDir@@@@UAA@XZ	??1?$ObjRefConcrete@VRndParticleSys@@VObjectDir@@@@UAA@XZ
2	1	DIFF_SAMESIZE	DIFFERENT_FUNCTION	TB	bl	default/PartLauncher	??1RndPartLauncher@@UAA@XZ	??1?$ObjRefConcrete@VRndMesh@@VObjectDir@@@@UAA@XZ	??1?$ObjRefConcrete@VRndParticleSys@@VObjectDir@@@@UAA@XZ
2	1	DIFF_SIZE	DIFFERENT_FUNCTION	TB	bl	default/PatchDir	fn_822746EC	??1String@@UAA@XZ	??1ObjRefOwner@@UAA@XZ
2	1	DIFF_SIZE	DIFFERENT_FUNCTION	-B	bl	default/Performer	?SendRemoteStats@Performer@@QAAXPAVBandUser@@@Z	??_GPlayerStatsMsg@@UAAPAXI@Z	??1PlayerStatsMsg@@UAA@XZ
2	1	DIFF_SIZE	DIFFERENT_FUNCTION	-B	bl	default/Performer	fn_8269DB00	??_GPlayerStatsMsg@@UAAPAXI@Z	??1PlayerStatsMsg@@UAA@XZ
2	1	DIFF_SIZE	DIFFERENT_FUNCTION	TB	bl	default/PostProc	??_GRndPostProc@@UAAPAXI@Z	?MemFree@@YAXPAX@Z	??3RndPostProc@@SAXPAX@Z
2	1	DIFF_SIZE	DIFFERENT_FUNCTION	TB	bl	default/PostProc_NG	??_GNgPostProc@@UAAPAXI@Z	?MemFree@@YAXPAX@Z	??3RndPostProc@@SAXPAX@Z
2	1	DIFF_SIZE	DIFFERENT_FUNCTION	TB	bl	default/PreloadPanel	??0PreloadPanel@@QAA@XZ	??2CriticalSection@@SAPAXI@Z	??2FileCache@@SAPAXI@Z
2	1	DIFF_SIZE	DIFFERENT_FUNCTION	TB	bl	default/PropAnim	?Load@ColorKeys@@UAAXAAVBinStreamRev@@@Z	?Save@PropKeys@@UAAXAAVBinStream@@@Z	?Load@PropKeys@@UAAXAAVBinStreamRev@@@Z
2	1	DIFF_SIZE	DIFFERENT_FUNCTION	TB	bl	default/PropAnim	?Load@QuatKeys@@UAAXAAVBinStreamRev@@@Z	?Save@PropKeys@@UAAXAAVBinStream@@@Z	?Load@PropKeys@@UAAXAAVBinStreamRev@@@Z
2	1	DIFF_SIZE	DIFFERENT_FUNCTION	TB	bl	default/PropAnim	fn_8242AAC8	??1PropKeys@@UAA@XZ	??1ObjRefOwner@@UAA@XZ
2	1	DIFF_SIZE	DIFFERENT_FUNCTION	TB	bl	default/PropAnim	fn_8242B874	??1PropKeys@@UAA@XZ	??1ObjRefOwner@@UAA@XZ
2	1	DIFF_SIZE	DIFFERENT_FUNCTION	TB	bl	default/PropKeys	fn_82422F34	??1?$ObjRefConcrete@VBandCamShot@@VObjectDir@@@@UAA@XZ	??1String@@UAA@XZ
2	1	DIFF_SIZE	DIFFERENT_FUNCTION	TB	bl	default/PropKeys	fn_82422FEC	??1?$ObjRefConcrete@VBandCamShot@@VObjectDir@@@@UAA@XZ	??1String@@UAA@XZ
2	1	DIFF_SIZE	DIFFERENT_FUNCTION	TB	bl	default/PropSync	fn_824CB320	??1?$ObjRefConcrete@VLightPreset@@VObjectDir@@@@UAA@XZ	??1ObjRefOwner@@UAA@XZ
2	1	DIFF_SAMESIZE	DIFFERENT_FUNCTION	TB	bl	default/RGGemMatcher	?FretMatchImpl@RGGemMatcher@@QBA_NABVGameGem@@MMMM_N1W4RGMatchType@@@Z	?ShowChordNums@GameGem@@QBA_NXZ	?Loose@GameGem@@QBA_NXZ
2	1	DIFF_SIZE	REVIEW	TB	bl	default/RhythmDetector	??$__uninitialized_copy@PAUFrame@RhythmDetector@@PAU12@@stlpmtx_std@@YAPAUFrame@RhythmDetector@@PAU12@00ABU__false_type@0@@Z	??$_Copy_Construct@VSingerStats@@@stlpmtx_std@@YAXPAVSingerStats@@ABV1@@Z	??$_Param_Construct@UFrame@RhythmDetector@@U12@@stlpmtx_std@@YAXPAUFrame@RhythmDetector@@ABU12@@Z
2	1	DIFF_SIZE	DIFFERENT_FUNCTION	TB	bl	default/Rnd_Xbox	??_GDxTexRenderer@@UAAPAXI@Z	?MemFree@@YAXPAX@Z	??3RndTexRenderer@@SAXPAX@Z
2	1	DIFF_SIZE	DIFFERENT_FUNCTION	TB	bl	default/Rnd_Xbox	?SetAspect@DxRnd@@UAAXW4Aspect@Rnd@@@Z	??0SampleMarker@@QAA@XZ	?ResetDevice@DxRnd@@AAAXXZ
2	1	DIFF_SIZE	DIFFERENT_FUNCTION	TB	bl	default/Rnd_Xbox	?SetShrinkToSafeArea@DxRnd@@UAAX_N@Z	??0SampleMarker@@QAA@XZ	?ResetDevice@DxRnd@@AAAXXZ
2	1	DIFF_SIZE	DIFFERENT_FUNCTION	TB	bl	default/Rnd_Xbox	fn_82738078	??1PhysMemTypeTracker@@QAA@XZ	??1TourMostStarsMsg@@UAA@XZ
2	1	DIFF_SIZE	DIFFERENT_FUNCTION	TB	bl	default/RockCentral	fn_824F9430	??1MemStream@@UAA@XZ	??1DataNode@@QAA@XZ
2	1	DIFF_SAMESIZE	DIFFERENT_FUNCTION	TB	bl	default/RockCentral	fn_8250907C	??1RockCentralOpCompleteMsg@@UAA@XZ	??1DataResult@@UAA@XZ
2	1	DIFF_SAMESIZE	DIFFERENT_FUNCTION	TB	bl	default/RockCentral	fn_825093E8	??1RockCentralOpCompleteMsg@@UAA@XZ	??1DataResult@@UAA@XZ
2	1	DIFF_SIZE	DIFFERENT_FUNCTION	TB	bl	default/Rot	??$_Destroy_Range@PAV?$map@HMU?$less@H@stlpmtx_std@@V?$StlNodeAlloc@U?$pair@$$CBHM@stlpmtx_std@@@2@@stlpmtx_std@@@stlpmtx_std@@YAXPAV?$map@HMU?$less@H@stlpmtx_std@@V?$StlNodeAlloc@U?$pair@$$CBHM@stlpmtx_std@@@2@@0@0@Z	??1?$ObjRefConcrete@VRndTransformable@@VObjectDir@@@@UAA@XZ	?clear@?$_Rb_tree@HU?$less@H@stlpmtx_std@@U?$pair@$$CBHM@2@U?$_Select1st@U?$pair@$$CBHM@stlpmtx_std@@@2@U?$_MapTraitsT@U?$pair@$$CBHM@stlpmtx_std@@@priv@2@V?$StlNodeAlloc@U?$pair@$$CBHM@stlpmtx_std@@@2@@stlpmtx_std@@QAAXXZ
2	1	DIFF_SIZE	DIFFERENT_FUNCTION	TB	bl	default/Rot	?_M_erase@?$vector@V?$map@HMU?$less@H@stlpmtx_std@@V?$StlNodeAlloc@U?$pair@$$CBHM@stlpmtx_std@@@2@@stlpmtx_std@@V?$StlNodeAlloc@V?$map@HMU?$less@H@stlpmtx_std@@V?$StlNodeAlloc@U?$pair@$$CBHM@stlpmtx_std@@@2@@stlpmtx_std@@@2@@stlpmtx_std@@IAAPAV?$map@HMU?$less@H@stlpmtx_std@@V?$StlNodeAlloc@U?$pair@$$CBHM@stlpmtx_std@@@2@@2@PAV32@ABU__false_type@2@@Z	??1?$ObjRefConcrete@VRndTransformable@@VObjectDir@@@@UAA@XZ	?clear@?$_Rb_tree@HU?$less@H@stlpmtx_std@@U?$pair@$$CBHM@2@U?$_Select1st@U?$pair@$$CBHM@stlpmtx_std@@@2@U?$_MapTraitsT@U?$pair@$$CBHM@stlpmtx_std@@@priv@2@V?$StlNodeAlloc@U?$pair@$$CBHM@stlpmtx_std@@@2@@stlpmtx_std@@QAAXXZ
2	2	DIFF_SIZE	REVIEW	TB	bl	default/SampleData	?_M_insert_overflow_aux@?$vector@VSampleMarker@@V?$StlNodeAlloc@VSampleMarker@@@stlpmtx_std@@@stlpmtx_std@@IAAXPAVSampleMarker@@ABV3@ABU__false_type@2@I_N@Z	??$__uninitialized_copy@PBVSampleMarker@@PAV1@@stlpmtx_std@@YAPAVSampleMarker@@PBV1@0PAV1@ABU__false_type@0@@Z	??$__uninitialized_copy@PAVSampleMarker@@PAV1@@stlpmtx_std@@YAPAVSampleMarker@@PAV1@00ABU__false_type@0@@Z
2	2	DIFF_SIZE	REVIEW	TB	bl	default/Sequence	?_M_fill_insert_aux@?$vector@V?$ObjPtr@VSeqInst@@@@V?$StlNodeAlloc@V?$ObjPtr@VSeqInst@@@@@stlpmtx_std@@@stlpmtx_std@@AAAXPAV?$ObjPtr@VSeqInst@@@@IABV3@ABU__false_type@2@@Z	??$__uninitialized_copy@PAUUnlockable@?A0xf8e4b4b5@@PAU12@@stlpmtx_std@@YAPAUUnlockable@?A0xf8e4b4b5@@PAU12@00ABU__false_type@0@@Z	??$__uninitialized_copy@PAV?$ObjPtr@VSeqInst@@@@PAV1@@stlpmtx_std@@YAPAV?$ObjPtr@VSeqInst@@@@PAV1@00ABU__false_type@0@@Z
2	1	DIFF_SIZE	DIFFERENT_FUNCTION	TB	bl	default/Sequence	fn_827093A8	??1Sequence@@UAA@XZ	??1ObjRefOwner@@UAA@XZ
2	1	DIFF_SIZE	DIFFERENT_FUNCTION	TB	bl	default/SetlistMergePanel	fn_826342C8	??1NetMessage@@UAA@XZ	??1?$_String_base@DV?$allocator@D@stlpmtx_std@@@stlpmtx_std@@IAA@XZ
2	2	DIFF_SIZE	SAME_FUNCTION	T-	bl	default/Sfx	?_M_insert_overflow_aux@?$vector@UDebugGraph@?A0xb39b74bf@@V?$StlNodeAlloc@UDebugGraph@?A0xb39b74bf@@@stlpmtx_std@@@stlpmtx_std@@IAAXPAUDebugGraph@?A0xb39b74bf@@ABU34@ABU__false_type@2@I_N@Z	??$__uninitialized_copy@PAUDebugGraph@?A0xb39b74bf@@PAU12@@stlpmtx_std@@YAPAUDebugGraph@?A0xb39b74bf@@PAU12@00ABU__false_type@0@@Z	??$__uninitialized_copy@PAUDebugGraph@?A0x7ce805fb@@PAU12@@stlpmtx_std@@YAPAUDebugGraph@?A0x7ce805fb@@PAU12@00ABU__false_type@0@@Z
2	1	DIFF_SIZE	DIFFERENT_FUNCTION	TB	bl	default/Sfx	fn_82700D6C	??1?$ObjPtr@VFxSend@@@@UAA@XZ	??1MoggClipMap@@UAA@XZ
2	1	DIFF_SIZE	DIFFERENT_FUNCTION	TB	bl	default/Sfx	fn_8271C720	??1Sequence@@UAA@XZ	??1ObjRefOwner@@UAA@XZ
2	1	DIFF_SIZE	DIFFERENT_FUNCTION	TB	bl	default/Sfx	fn_8271DF6C	??1ObjRef@@QAA@XZ	??1?$ObjRefConcrete@VFxSend@@VObjectDir@@@@UAA@XZ
2	1	DIFF_SIZE	DIFFERENT_FUNCTION	TB	bl	default/SkeletonClip	?_M_fill_insert@?$vector@URecordedFrame@@V?$StlNodeAlloc@URecordedFrame@@@stlpmtx_std@@@stlpmtx_std@@AAAXPAURecordedFrame@@IABU3@@Z	?_M_insert_overflow_aux@?$vector@VTransform@@V?$StlNodeAlloc@VTransform@@@stlpmtx_std@@@stlpmtx_std@@IAAXPAVTransform@@ABV3@ABU__false_type@2@I_N@Z	?_M_insert_overflow_aux@?$vector@URecordedFrame@@V?$StlNodeAlloc@URecordedFrame@@@stlpmtx_std@@@stlpmtx_std@@IAAXPAURecordedFrame@@ABU3@ABU__false_type@2@I_N@Z
2	1	DIFF_SIZE	DIFFERENT_FUNCTION	TB	bl	default/SkeletonClip	?push_back@?$vector@URecordedFrame@@V?$StlNodeAlloc@URecordedFrame@@@stlpmtx_std@@@stlpmtx_std@@QAAXABURecordedFrame@@@Z	?_M_insert_overflow_aux@?$vector@VTransform@@V?$StlNodeAlloc@VTransform@@@stlpmtx_std@@@stlpmtx_std@@IAAXPAVTransform@@ABV3@ABU__false_type@2@I_N@Z	?_M_insert_overflow_aux@?$vector@URecordedFrame@@V?$StlNodeAlloc@URecordedFrame@@@stlpmtx_std@@@stlpmtx_std@@IAAXPAURecordedFrame@@ABU3@ABU__false_type@2@I_N@Z
2	1	DIFF_SIZE	DIFFERENT_FUNCTION	TB	bl	default/SkeletonClip	fn_82348D50	??1MeshPair@BandPatchMesh@@QAA@XZ	??1MoveRating@SkeletonClip@@QAA@XZ
2	1	DIFF_SIZE	DIFFERENT_FUNCTION	TB	bl	default/SkeletonClip	fn_8234A424	??1MeshPair@BandPatchMesh@@QAA@XZ	??1MoveRating@SkeletonClip@@QAA@XZ
2	1	DIFF_SIZE	DIFFERENT_FUNCTION	TB	bl	default/SongData	fn_827729BC	??1?$_Vector_base@VStreakList@Scoring@@V?$StlNodeAlloc@VStreakList@Scoring@@@stlpmtx_std@@@stlpmtx_std@@QAA@XZ	??1String@@UAA@XZ
2	1	DIFF_SAMESIZE	DIFFERENT_FUNCTION	TB	bl	default/SongData	fn_82774514	??1?$_Vector_base@VTrackerPlayerDisplay@@V?$StlNodeAlloc@VTrackerPlayerDisplay@@@stlpmtx_std@@@stlpmtx_std@@QAA@XZ	??1?$_String_base@DV?$allocator@D@stlpmtx_std@@@stlpmtx_std@@IAA@XZ
2	1	DIFF_SIZE	DIFFERENT_FUNCTION	TB	bl	default/SongData	fn_82777334	??1?$_Vector_base@VFilePath@@V?$StlNodeAlloc@VFilePath@@@stlpmtx_std@@@stlpmtx_std@@QAA@XZ	??1?$vector@V?$RangedData@I@?$RangedDataCollection@I@@V?$StlNodeAlloc@V?$RangedData@I@?$RangedDataCollection@I@@@stlpmtx_std@@@stlpmtx_std@@QAA@XZ
2	1	DIFF_SIZE	DIFFERENT_FUNCTION	TB	bl	default/SongData	fn_82778FE4	??1?$_Vector_base@VFilePath@@V?$StlNodeAlloc@VFilePath@@@stlpmtx_std@@@stlpmtx_std@@QAA@XZ	??1?$vector@V?$RangedData@I@?$RangedDataCollection@I@@V?$StlNodeAlloc@V?$RangedData@I@?$RangedDataCollection@I@@@stlpmtx_std@@@stlpmtx_std@@QAA@XZ
2	2	DIFF_SIZE	REVIEW	TB	bl	default/SongLayout	?_M_insert_overflow_aux@?$vector@UMoveReplacer@@V?$StlNodeAlloc@UMoveReplacer@@@stlpmtx_std@@@stlpmtx_std@@IAAXPAUMoveReplacer@@ABU3@ABU__false_type@2@I_N@Z	??$__uninitialized_fill_n@PAUMoveReplacer@@IU1@@stlpmtx_std@@YAPAUMoveReplacer@@PAU1@IABU1@ABU__false_type@0@@Z	??$__uninitialized_copy@PAUMoveReplacer@@PAU1@@stlpmtx_std@@YAPAUMoveReplacer@@PAU1@00ABU__false_type@0@@Z
2	1	DIFF_SIZE	DIFFERENT_FUNCTION	TB	bl	default/SongParser	fn_82788984	??3BinStream@@SAXPAX@Z	??1String@@UAA@XZ
2	1	DIFF_SIZE	DIFFERENT_FUNCTION	TB	bl	default/SongParser	fn_82788AD4	??3BinStream@@SAXPAX@Z	??1String@@UAA@XZ
2	1	DIFF_SIZE	DIFFERENT_FUNCTION	TB	bl	default/SongParser	fn_8278AE14	??1?$_Vector_base@VFilePath@@V?$StlNodeAlloc@VFilePath@@@stlpmtx_std@@@stlpmtx_std@@QAA@XZ	??1?$vector@VRGTrill@@V?$StlNodeAlloc@VRGTrill@@@stlpmtx_std@@@stlpmtx_std@@QAA@XZ
2	1	DIFF_SIZE	DIFFERENT_FUNCTION	TB	bl	default/SongParser	fn_8278B260	??1?$_Vector_base@VFilePath@@V?$StlNodeAlloc@VFilePath@@@stlpmtx_std@@@stlpmtx_std@@QAA@XZ	??1?$vector@VRGTrill@@V?$StlNodeAlloc@VRGTrill@@@stlpmtx_std@@@stlpmtx_std@@QAA@XZ
2	1	DIFF_SIZE	DIFFERENT_FUNCTION	TB	bl	default/SongStatusMgr	fn_825D0EFC	??1DataNode@@QAA@XZ	??1RockCentralOpCompleteMsg@@UAA@XZ
2	1	DIFF_SIZE	DIFFERENT_FUNCTION	TB	bl	default/SpotlightDrawer	fn_824D1750	??1ObjRef@@QAA@XZ	??1BinStreamRev@@UAA@XZ
2	1	DIFF_SIZE	DIFFERENT_FUNCTION	TB	bl	default/TexRenderer	??_GRndTexRenderer@@UAAPAXI@Z	?MemFree@@YAXPAX@Z	??3RndTexRenderer@@SAXPAX@Z
2	1	DIFF_SIZE	DIFFERENT_FUNCTION	TB	bl	default/Tour	?GetCurrentFilterName@Tour@@QBA?AVString@@XZ	?GetIdentifyingToken@InternalSavedSetlist@@UBA?AVSymbol@@XZ	?GetCurrentQuestFilter@TourPerformerImpl@@QBA?AVSymbol@@XZ
2	1	DIFF_SIZE	DIFFERENT_FUNCTION	TB	bl	default/Tour	fn_823603F4	??1SongFilter@SongSortMgr@@QAA@XZ	??1?$set@VSymbol@@U?$less@VSymbol@@@stlpmtx_std@@V?$StlNodeAlloc@VSymbol@@@3@@stlpmtx_std@@QAA@XZ
2	1	DIFF_SIZE	DIFFERENT_FUNCTION	TB	bl	default/TourProgress	?SetTourMostStarsMap@TourProgress@@QAAXABV?$map@VSymbol@@HU?$less@VSymbol@@@stlpmtx_std@@V?$StlNodeAlloc@U?$pair@$$CBVSymbol@@H@stlpmtx_std@@@3@@stlpmtx_std@@@Z	??4?$hashtable@U?$pair@$$CBVSymbol@@PAVDataArray@@@stlpmtx_std@@VSymbol@@U?$hash@VSymbol@@@2@U?$_HashMapTraitsT@U?$pair@$$CBVSymbol@@PAVDataArray@@@stlpmtx_std@@@priv@2@U?$_Select1st@U?$pair@$$CBVSymbol@@PAVDataArray@@@stlpmtx_std@@@2@U?$equal_to@VSymbol@@@2@V?$StlNodeAlloc@U?$pair@$$CBVSymbol@@PAVDataArray@@@stlpmtx_std@@@2@@stlpmtx_std@@QAAAAV01@ABV01@@Z	??4?$_Rb_tree@VSymbol@@U?$less@VSymbol@@@stlpmtx_std@@U?$pair@$$CBVSymbol@@H@3@U?$_Select1st@U?$pair@$$CBVSymbol@@H@stlpmtx_std@@@3@U?$_MapTraitsT@U?$pair@$$CBVSymbol@@H@stlpmtx_std@@@priv@3@V?$StlNodeAlloc@U?$pair@$$CBVSymbol@@H@stlpmtx_std@@@3@@stlpmtx_std@@QAAAAV01@ABV01@@Z
2	1	DIFF_SIZE	DIFFERENT_FUNCTION	TB	bl	default/TourProgress	?SetToursPlayedMap@TourProgress@@QAAXABV?$map@VSymbol@@HU?$less@VSymbol@@@stlpmtx_std@@V?$StlNodeAlloc@U?$pair@$$CBVSymbol@@H@stlpmtx_std@@@3@@stlpmtx_std@@@Z	??4?$hashtable@U?$pair@$$CBVSymbol@@PAVDataArray@@@stlpmtx_std@@VSymbol@@U?$hash@VSymbol@@@2@U?$_HashMapTraitsT@U?$pair@$$CBVSymbol@@PAVDataArray@@@stlpmtx_std@@@priv@2@U?$_Select1st@U?$pair@$$CBVSymbol@@PAVDataArray@@@stlpmtx_std@@@2@U?$equal_to@VSymbol@@@2@V?$StlNodeAlloc@U?$pair@$$CBVSymbol@@PAVDataArray@@@stlpmtx_std@@@2@@stlpmtx_std@@QAAAAV01@ABV01@@Z	??4?$_Rb_tree@VSymbol@@U?$less@VSymbol@@@stlpmtx_std@@U?$pair@$$CBVSymbol@@H@3@U?$_Select1st@U?$pair@$$CBVSymbol@@H@stlpmtx_std@@@3@U?$_MapTraitsT@U?$pair@$$CBVSymbol@@H@stlpmtx_std@@@priv@3@V?$StlNodeAlloc@U?$pair@$$CBVSymbol@@H@stlpmtx_std@@@3@@stlpmtx_std@@QAAAAV01@ABV01@@Z
2	1	DIFF_SIZE	DIFFERENT_FUNCTION	TB	bl	default/TrackDir	fn_827DCD80	??1?$vector@UNode@?$ObjPtrVec@VObject@Hmx@@VObjectDir@@@@V?$StlNodeAlloc@UNode@?$ObjPtrVec@VObject@Hmx@@VObjectDir@@@@@stlpmtx_std@@@stlpmtx_std@@QAA@XZ	??1DataNode@@QAA@XZ
2	1	DIFF_SIZE	DIFFERENT_FUNCTION	TB	bl	default/TrackPanelDir	fn_8230915C	??1?$ObjRefConcrete@VVocalTrackDir@@VObjectDir@@@@UAA@XZ	??1DataNode@@QAA@XZ
2	1	DIFF_SIZE	DIFFERENT_FUNCTION	TB	bl	default/TrackPanelDir	fn_82309AF8	??1?$ObjRefConcrete@VVocalTrackDir@@VObjectDir@@@@UAA@XZ	??1DataNode@@QAA@XZ
2	1	DIFF_SIZE	DIFFERENT_FUNCTION	TB	bl	default/TrackPanelDirBase	fn_823590E4	??1ObjRef@@QAA@XZ	??1?$ObjRefConcrete@VRndDir@@VObjectDir@@@@UAA@XZ
2	1	DIFF_SIZE	DIFFERENT_FUNCTION	TB	bl	default/TrackWatcherImpl	fn_82796EA4	??1?$_Vector_base@VFilePath@@V?$StlNodeAlloc@VFilePath@@@stlpmtx_std@@@stlpmtx_std@@QAA@XZ	??1?$vector@UGemInProgress@@V?$StlNodeAlloc@UGemInProgress@@@stlpmtx_std@@@stlpmtx_std@@QAA@XZ
2	1	DIFF_SIZE	DIFFERENT_FUNCTION	TB	bl	default/TrackWatcherImpl	fn_827976D0	??1?$_Vector_base@VFilePath@@V?$StlNodeAlloc@VFilePath@@@stlpmtx_std@@@stlpmtx_std@@QAA@XZ	??1?$vector@UGemInProgress@@V?$StlNodeAlloc@UGemInProgress@@@stlpmtx_std@@@stlpmtx_std@@QAA@XZ
2	1	DIFF_SIZE	DIFFERENT_FUNCTION	TB	bl	default/UI	fn_823F5BEC	??1MemStream@@UAA@XZ	??1DataNode@@QAA@XZ
2	1	DIFF_SIZE	DIFFERENT_FUNCTION	TB	bl	default/UIComponent	fn_82626F84	??1Message@@UAA@XZ	??1String@@UAA@XZ
2	1	DIFF_SAMESIZE	DIFFERENT_FUNCTION	TB	bl	default/UIEvent	?AttemptNextTransition@NonDestructiveTransitionEvent@@QAAXXZ	?InviteParty@PlatformMgr@@QAAXH@Z	?GetCurrentScreenState@BandUI@@QAAXAAV?$vector@PAVUIScreen@@V?$StlNodeAlloc@PAVUIScreen@@@stlpmtx_std@@@stlpmtx_std@@@Z
2	1	DIFF_SAMESIZE	DIFFERENT_FUNCTION	TB	bl	default/UIEventMgr	?IsTransitionEventFinished@UIEventMgr@@QBA_NXZ	?InviteParty@PlatformMgr@@QAAXH@Z	?GetCurrentScreenState@BandUI@@QAAXAAV?$vector@PAVUIScreen@@V?$StlNodeAlloc@PAVUIScreen@@@stlpmtx_std@@@stlpmtx_std@@@Z
2	1	DIFF_SIZE	DIFFERENT_FUNCTION	TB	bl	default/UILabel	fn_8234CA34	??1LabelStyle@UILabel@@QAA@XZ	??1DataNode@@QAA@XZ
2	2	DIFF_SIZE	DIFFERENT_FUNCTION	TB	bl	default/UIList	?_M_erase@?$vector@V?$vector@VVector3@@V?$StlNodeAlloc@VVector3@@@stlpmtx_std@@@stlpmtx_std@@V?$StlNodeAlloc@V?$vector@VVector3@@V?$StlNodeAlloc@VVector3@@@stlpmtx_std@@@stlpmtx_std@@@2@@stlpmtx_std@@IAAPAV?$vector@VVector3@@V?$StlNodeAlloc@VVector3@@@stlpmtx_std@@@2@PAV32@0ABU__true_type@2@@Z	??_GCommonPhraseCapturer@@QAAPAXI@Z	??_G?$vector@VVector3@@V?$StlNodeAlloc@VVector3@@@stlpmtx_std@@@stlpmtx_std@@QAAPAXI@Z
2	1	DIFF_SIZE	DIFFERENT_FUNCTION	TB	bl	default/UIList	fn_827FDFDC	??1?$_Vector_base@VStreakList@Scoring@@V?$StlNodeAlloc@VStreakList@Scoring@@@stlpmtx_std@@@stlpmtx_std@@QAA@XZ	??1DataArrayPtr@@QAA@XZ
2	1	DIFF_SIZE	DIFFERENT_FUNCTION	TB	bl	default/UIListArrow	fn_8281E378	??1UIListWidget@@UAA@XZ	??1ObjRefOwner@@UAA@XZ
2	1	DIFF_SIZE	DIFFERENT_FUNCTION	TB	bl	default/UIListCustom	fn_8281E5D0	??1UIListWidget@@UAA@XZ	??1UIListSlotElement@@UAA@XZ
2	1	DIFF_SIZE	DIFFERENT_FUNCTION	TB	bl	default/UIListDir	fn_8280BF84	??1DataNode@@QAA@XZ	??1FilePathTracker@@QAA@XZ
2	1	DIFF_SIZE	DIFFERENT_FUNCTION	TB	bl	default/UIListHighlight	fn_8281F328	??1UIListWidget@@UAA@XZ	??1UIListSlotElement@@UAA@XZ
2	1	DIFF_SIZE	DIFFERENT_FUNCTION	TB	bl	default/UIListHighlight	fn_8281F520	??1UIListWidget@@UAA@XZ	??1ObjRefOwner@@UAA@XZ
2	1	DIFF_SIZE	DIFFERENT_FUNCTION	TB	bl	default/UIListWidget	fn_82822BE8	??1?$vector@UNode@?$ObjPtrVec@VObject@Hmx@@VObjectDir@@@@V?$StlNodeAlloc@UNode@?$ObjPtrVec@VObject@Hmx@@VObjectDir@@@@@stlpmtx_std@@@stlpmtx_std@@QAA@XZ	??1DataNode@@QAA@XZ
2	2	DIFF_SIZE	REVIEW	TB	bl	default/VocalNoteList	?_M_fill_insert_aux@?$vector@VVocalNote@@V?$StlNodeAlloc@VVocalNote@@@stlpmtx_std@@@stlpmtx_std@@AAAXPAVVocalNote@@IABV3@ABU__false_type@2@@Z	??$__uninitialized_copy@PAVTrackData@SongDB@@PAV12@@stlpmtx_std@@YAPAVTrackData@SongDB@@PAV12@00ABU__false_type@0@@Z	??$__uninitialized_copy@PAVVocalNote@@PAV1@@stlpmtx_std@@YAPAVVocalNote@@PAV1@00ABU__false_type@0@@Z
2	2	DIFF_SIZE	DIFFERENT_FUNCTION	TB	bl	default/VocalTrack	?_M_insert_overflow_aux@?$vector@V?$deque@PAVTubePlate@@V?$StlNodeAlloc@PAVTubePlate@@@stlpmtx_std@@@stlpmtx_std@@V?$StlNodeAlloc@V?$deque@PAVTubePlate@@V?$StlNodeAlloc@PAVTubePlate@@@stlpmtx_std@@@stlpmtx_std@@@2@@stlpmtx_std@@IAAXPAV?$deque@PAVTubePlate@@V?$StlNodeAlloc@PAVTubePlate@@@stlpmtx_std@@@2@ABV32@ABU__true_type@2@I_N@Z	?_M_insert_overflow_aux@?$vector@V?$vector@PAUUnlockable@?A0xf8e4b4b5@@V?$StlNodeAlloc@PAUUnlockable@?A0xf8e4b4b5@@@stlpmtx_std@@@stlpmtx_std@@V?$StlNodeAlloc@V?$vector@PAUUnlockable@?A0xf8e4b4b5@@V?$StlNodeAlloc@PAUUnlockable@?A0xf8e4b4b5@@@stlpmtx_std@@@stlpmtx_std@@@2@@stlpmtx_std@@IAAXPAV?$vector@PAUUnlockable@?A0xf8e4b4b5@@V?$StlNodeAlloc@PAUUnlockable@?A0xf8e4b4b5@@@stlpmtx_std@@@2@ABV32@ABU__false_type@2@I_N@Z	?_M_insert_overflow_aux@?$vector@V?$deque@PAVTubePlate@@V?$StlNodeAlloc@PAVTubePlate@@@stlpmtx_std@@@stlpmtx_std@@V?$StlNodeAlloc@V?$deque@PAVTubePlate@@V?$StlNodeAlloc@PAVTubePlate@@@stlpmtx_std@@@stlpmtx_std@@@2@@stlpmtx_std@@IAAXPAV?$deque@PAVTubePlate@@V?$StlNodeAlloc@PAVTubePlate@@@stlpmtx_std@@@2@ABV32@ABU__false_type@2@I_N@Z
2	1	DIFF_SIZE	DIFFERENT_FUNCTION	TB	bl	default/VocalTrackDir	?DataToString@?A0x7d89b762@@YAPBDABVDataNode@@@Z	??BDataArrayPtr@@QBAPAVDataArray@@XZ	?Func@DataNode@@QBAP6A?AV1@PAVDataArray@@@ZPBV2@@Z
2	1	DIFF_SIZE	DIFFERENT_FUNCTION	TB	bl	default/WaitingUserGate	fn_825AE940	??1StartLockMsg@@UAA@XZ	??1NetMessage@@UAA@XZ
2	2	DIFF_SIZE	REVIEW	TB	bl	default/band3/bandtrack/Gem	?_M_fill_insert_aux@?$vector@VOldColorOption@@V?$StlNodeAlloc@VOldColorOption@@@stlpmtx_std@@@stlpmtx_std@@AAAXPAVOldColorOption@@IABV3@ABU__false_type@2@@Z	??$__uninitialized_copy@PAUDistEntry@@PAU1@@stlpmtx_std@@YAPAUDistEntry@@PAU1@00ABU__false_type@0@@Z	??$__uninitialized_copy@PAVOldColorOption@@PAV1@@stlpmtx_std@@YAPAVOldColorOption@@PAV1@00ABU__false_type@0@@Z
2	2	DIFF_SIZE	REVIEW	TB	bl	default/band3/bandtrack/Gem	?_M_fill_insert_aux@?$vector@VPiercing@OutfitConfig@@V?$StlNodeAlloc@VPiercing@OutfitConfig@@@stlpmtx_std@@@stlpmtx_std@@AAAXPAVPiercing@OutfitConfig@@IABV34@ABU__false_type@2@@Z	??$__uninitialized_copy@PAUNavItem@HamNavProvider@@PAU12@@stlpmtx_std@@YAPAUNavItem@HamNavProvider@@PAU12@00ABU__false_type@0@@Z	??$__uninitialized_copy@PAVPiercing@OutfitConfig@@PAV12@@stlpmtx_std@@YAPAVPiercing@OutfitConfig@@PAV12@00ABU__false_type@0@@Z
2	1	DIFF_SIZE	REVIEW	TB	bl	default/band3/bandtrack/Gem	fn_822A7838	??$_Destroy@VOverlay@OutfitConfig@@@stlpmtx_std@@YAXPAVOverlay@OutfitConfig@@@Z	??1?$ObjPtr@VRndTex@@@@UAA@XZ
2	1	DIFF_SIZE	REVIEW	TB	bl	default/band3/bandtrack/TrackPanel	fn_82B92AA4	??$__ucopy_aux@PAPAVTrack@@PAPAV1@@stlpmtx_std@@YAPAPAVTrack@@PAPAV1@00ABU__true_type@0@@Z	??1TrackPanelInterface@@UAA@XZ
2	1	DIFF_SIZE	REVIEW	TB	bl	default/band3/bandtrack/TrackPanel	fn_82B93B28	??$__ucopy_aux@PAPAVTrack@@PAPAV1@@stlpmtx_std@@YAPAPAVTrack@@PAPAV1@00ABU__true_type@0@@Z	??1TrackPanelInterface@@UAA@XZ
2	1	DIFF_SIZE	DIFFERENT_FUNCTION	TB	bl	default/band3/game/Game	fn_8235F7D4	??1?$vector@V?$map@HMU?$less@H@stlpmtx_std@@V?$StlNodeAlloc@U?$pair@$$CBHM@stlpmtx_std@@@2@@stlpmtx_std@@V?$StlNodeAlloc@V?$map@HMU?$less@H@stlpmtx_std@@V?$StlNodeAlloc@U?$pair@$$CBHM@stlpmtx_std@@@2@@stlpmtx_std@@@2@@stlpmtx_std@@QAA@XZ	??1NetMessage@@UAA@XZ
2	1	DIFF_SIZE	DIFFERENT_FUNCTION	TB	bl	default/band3/game/GemTrainerPanel	?Handle@GemTrainerPanel@@UAA?AVDataNode@@PAVDataArray@@_N@Z	?IsDirtySave@TourSavable@@UBA_NXZ	?Enabled@Metronome@@QBA_NXZ
2	1	DIFF_SIZE	DIFFERENT_FUNCTION	TB	bl	default/band3/game/PerfectOverdriveTracker	fn_826E0FC4	??1?$_Rb_tree@W4TrackType@@U?$less@W4TrackType@@@stlpmtx_std@@U?$pair@$$CBW4TrackType@@VPlayerContribData@PerfectOverdriveTracker@@@3@U?$_Select1st@U?$pair@$$CBW4TrackType@@VPlayerContribData@PerfectOverdriveTracker@@@stlpmtx_std@@@3@U?$_MapTraitsT@U?$pair@$$CBW4TrackType@@VPlayerContribData@PerfectOverdriveTracker@@@stlpmtx_std@@@priv@3@V?$StlNodeAlloc@U?$pair@$$CBW4TrackType@@VPlayerContribData@PerfectOverdriveTracker@@@stlpmtx_std@@@3@@stlpmtx_std@@QAA@XZ	??1?$map@W4TrackType@@VPlayerContribData@PerfectOverdriveTracker@@U?$less@W4TrackType@@@stlpmtx_std@@V?$StlNodeAlloc@U?$pair@$$CBW4TrackType@@VPlayerContribData@PerfectOverdriveTracker@@@stlpmtx_std@@@5@@stlpmtx_std@@QAA@XZ
2	1	DIFF_SIZE	DIFFERENT_FUNCTION	TB	bl	default/band3/game/PerfectOverdriveTracker	fn_826E1148	??1?$_Rb_tree@W4TrackType@@U?$less@W4TrackType@@@stlpmtx_std@@U?$pair@$$CBW4TrackType@@VPlayerContribData@PerfectOverdriveTracker@@@3@U?$_Select1st@U?$pair@$$CBW4TrackType@@VPlayerContribData@PerfectOverdriveTracker@@@stlpmtx_std@@@3@U?$_MapTraitsT@U?$pair@$$CBW4TrackType@@VPlayerContribData@PerfectOverdriveTracker@@@stlpmtx_std@@@priv@3@V?$StlNodeAlloc@U?$pair@$$CBW4TrackType@@VPlayerContribData@PerfectOverdriveTracker@@@stlpmtx_std@@@3@@stlpmtx_std@@QAA@XZ	??1?$map@W4TrackType@@VPlayerContribData@PerfectOverdriveTracker@@U?$less@W4TrackType@@@stlpmtx_std@@V?$StlNodeAlloc@U?$pair@$$CBW4TrackType@@VPlayerContribData@PerfectOverdriveTracker@@@stlpmtx_std@@@5@@stlpmtx_std@@QAA@XZ
2	1	DIFF_SIZE	DIFFERENT_FUNCTION	TB	bl	default/band3/game/PerfectSectionTracker	??1PerfectSectionTracker@@UAA@XZ	??1?$_Vector_base@VFilePath@@V?$StlNodeAlloc@VFilePath@@@stlpmtx_std@@@stlpmtx_std@@QAA@XZ	??1TrackerSectionManager@@QAA@XZ
2	2	DIFF_SIZE	REVIEW	TB	bl	default/band3/game/Scoring	?_M_insert_overflow_aux@?$vector@VStreakList@Scoring@@V?$StlNodeAlloc@VStreakList@Scoring@@@stlpmtx_std@@@stlpmtx_std@@IAAXPAVStreakList@Scoring@@ABV34@ABU__false_type@2@I_N@Z	??$__uninitialized_copy@PAURecurseInfo@@PAU1@@stlpmtx_std@@YAPAURecurseInfo@@PAU1@00ABU__false_type@0@@Z	??$__uninitialized_copy@PAVStreakList@Scoring@@PAV12@@stlpmtx_std@@YAPAVStreakList@Scoring@@PAV12@00ABU__false_type@0@@Z
2	1	DIFF_SIZE	REVIEW	TB	bl	default/band3/game/Stats	??$__uninitialized_fill_n@PAUFrame@RhythmDetector@@IU12@@stlpmtx_std@@YAPAUFrame@RhythmDetector@@PAU12@IABU12@ABU__false_type@0@@Z	??$_Copy_Construct@VSingerStats@@@stlpmtx_std@@YAXPAVSingerStats@@ABV1@@Z	??$_Param_Construct@UFrame@RhythmDetector@@U12@@stlpmtx_std@@YAXPAUFrame@RhythmDetector@@ABU12@@Z
2	1	DIFF_SIZE	REVIEW	TB	bl	default/band3/game/Stats	?_M_insert_overflow_aux@?$vector@UFrame@RhythmDetector@@V?$StlNodeAlloc@UFrame@RhythmDetector@@@stlpmtx_std@@@stlpmtx_std@@IAAXPAUFrame@RhythmDetector@@ABU34@ABU__false_type@2@I_N@Z	??$_Copy_Construct@VSingerStats@@@stlpmtx_std@@YAXPAVSingerStats@@ABV1@@Z	??$_Copy_Construct@UFrame@RhythmDetector@@@stlpmtx_std@@YAXPAUFrame@RhythmDetector@@ABU12@@Z
2	1	DIFF_SIZE	REVIEW	TB	bl	default/band3/game/Stats	?push_back@?$vector@UFrame@RhythmDetector@@V?$StlNodeAlloc@UFrame@RhythmDetector@@@stlpmtx_std@@@stlpmtx_std@@QAAXABUFrame@RhythmDetector@@@Z	??$_Copy_Construct@VSingerStats@@@stlpmtx_std@@YAXPAVSingerStats@@ABV1@@Z	??$_Copy_Construct@UFrame@RhythmDetector@@@stlpmtx_std@@YAXPAUFrame@RhythmDetector@@ABU12@@Z
2	2	DIFF_SIZE	REVIEW	TB	bl	default/band3/meta_band/AccomplishmentManager	?_M_insert_overflow_aux@?$vector@UGoalAcquisitionInfo@@V?$StlNodeAlloc@UGoalAcquisitionInfo@@@stlpmtx_std@@@stlpmtx_std@@IAAXPAUGoalAcquisitionInfo@@ABU3@ABU__false_type@2@I_N@Z	??$__uninitialized_copy@PAUPropertyFilter@CameraManager@@PAU12@@stlpmtx_std@@YAPAUPropertyFilter@CameraManager@@PAU12@00ABU__false_type@0@@Z	??$__uninitialized_copy@PAUGoalAcquisitionInfo@@PAU1@@stlpmtx_std@@YAPAUGoalAcquisitionInfo@@PAU1@00ABU__false_type@0@@Z
2	1	DIFF_SIZE	DIFFERENT_FUNCTION	TB	bl	default/band3/meta_band/AccomplishmentOneShot	fn_825E5B94	??1AccomplishmentTrainerConditional@@UAA@XZ	??1?$_String_base@DV?$allocator@D@stlpmtx_std@@@stlpmtx_std@@IAA@XZ
2	1	DIFF_SIZE	DIFFERENT_FUNCTION	TB	bl	default/band3/meta_band/AccomplishmentTourConditional	fn_825A4B4C	??1Accomplishment@@UAA@XZ	??1?$_String_base@DV?$allocator@D@stlpmtx_std@@@stlpmtx_std@@IAA@XZ
2	1	DIFF_SIZE	DIFFERENT_FUNCTION	TB	bl	default/band3/meta_band/AccomplishmentTrainerConditional	fn_825E7FFC	??1AccomplishmentTrainerConditional@@UAA@XZ	??1?$_String_base@DV?$allocator@D@stlpmtx_std@@@stlpmtx_std@@IAA@XZ
2	1	DIFF_SIZE	REVIEW	TB	bl	default/band3/meta_band/BandProfile	?DeleteSavedSetlist@BandProfile@@QAAXPAVLocalSavedSetlist@@@Z	??$__find@PAVSymbol@@V1@@stlpmtx_std@@YAPAVSymbol@@PAV1@0ABV1@ABUrandom_access_iterator_tag@0@@Z	??$__find@PAPAVLocalSavedSetlist@@PAV1@@stlpmtx_std@@YAPAPAVLocalSavedSetlist@@PAPAV1@0ABQAV1@ABUrandom_access_iterator_tag@0@@Z
2	1	DIFF_SIZE	REVIEW	TB	bl	default/band3/meta_band/BandProfile	?SetlistChanged@BandProfile@@QAAXPAVLocalSavedSetlist@@@Z	??$__find@PAVSymbol@@V1@@stlpmtx_std@@YAPAVSymbol@@PAV1@0ABV1@ABUrandom_access_iterator_tag@0@@Z	??$__find@PAPAVLocalSavedSetlist@@PAV1@@stlpmtx_std@@YAPAPAVLocalSavedSetlist@@PAPAV1@0ABQAV1@ABUrandom_access_iterator_tag@0@@Z
2	1	DIFF_SIZE	DIFFERENT_FUNCTION	TB	bl	default/band3/meta_band/BandStorePanel	fn_82608908	??1Message@@UAA@XZ	??1String@@UAA@XZ
2	1	DIFF_SIZE	DIFFERENT_FUNCTION	TB	bl	default/band3/meta_band/InterstitialMgr	fn_825AF628	??1?$_Slist_base@U?$pair@$$CBVSymbol@@V?$hash_map@VSymbol@@PAVDataArray@@U?$hash@VSymbol@@@stlpmtx_std@@U?$equal_to@VSymbol@@@4@V?$StlNodeAlloc@U?$pair@$$CBVSymbol@@PAVDataArray@@@stlpmtx_std@@@4@@stlpmtx_std@@@stlpmtx_std@@V?$StlNodeAlloc@U?$pair@$$CBVSymbol@@V?$hash_map@VSymbol@@PAVDataArray@@U?$hash@VSymbol@@@stlpmtx_std@@U?$equal_to@VSymbol@@@4@V?$StlNodeAlloc@U?$pair@$$CBVSymbol@@PAVDataArray@@@stlpmtx_std@@@4@@stlpmtx_std@@@stlpmtx_std@@@2@@priv@stlpmtx_std@@QAA@XZ	??1?$slist@U?$pair@$$CBVSymbol@@PAVDataArray@@@stlpmtx_std@@V?$StlNodeAlloc@U?$pair@$$CBVSymbol@@PAVDataArray@@@stlpmtx_std@@@2@@stlpmtx_std@@QAA@XZ
2	1	DIFF_SIZE	DIFFERENT_FUNCTION	TB	bl	default/band3/meta_band/InterstitialMgr	fn_825AF7A0	??1?$_Slist_base@U?$pair@$$CBVSymbol@@V?$hash_map@VSymbol@@PAVDataArray@@U?$hash@VSymbol@@@stlpmtx_std@@U?$equal_to@VSymbol@@@4@V?$StlNodeAlloc@U?$pair@$$CBVSymbol@@PAVDataArray@@@stlpmtx_std@@@4@@stlpmtx_std@@@stlpmtx_std@@V?$StlNodeAlloc@U?$pair@$$CBVSymbol@@V?$hash_map@VSymbol@@PAVDataArray@@U?$hash@VSymbol@@@stlpmtx_std@@U?$equal_to@VSymbol@@@4@V?$StlNodeAlloc@U?$pair@$$CBVSymbol@@PAVDataArray@@@stlpmtx_std@@@4@@stlpmtx_std@@@stlpmtx_std@@@2@@priv@stlpmtx_std@@QAA@XZ	??1?$slist@U?$pair@$$CBVSymbol@@PAVDataArray@@@stlpmtx_std@@V?$StlNodeAlloc@U?$pair@$$CBVSymbol@@PAVDataArray@@@stlpmtx_std@@@2@@stlpmtx_std@@QAA@XZ
2	1	DIFF_SIZE	DIFFERENT_FUNCTION	TB	bl	default/band3/meta_band/InterstitialMgr	fn_825B0378	?HasSyncPermission@InterstitialMgr@@UBA_NXZ	??1?$hash_map@VSymbol@@V?$hash_map@VSymbol@@PAVDataArray@@U?$hash@VSymbol@@@stlpmtx_std@@U?$equal_to@VSymbol@@@4@V?$StlNodeAlloc@U?$pair@$$CBVSymbol@@PAVDataArray@@@stlpmtx_std@@@4@@stlpmtx_std@@U?$hash@VSymbol@@@3@U?$equal_to@VSymbol@@@3@V?$StlNodeAlloc@U?$pair@$$CBVSymbol@@V?$hash_map@VSymbol@@PAVDataArray@@U?$hash@VSymbol@@@stlpmtx_std@@U?$equal_to@VSymbol@@@4@V?$StlNodeAlloc@U?$pair@$$CBVSymbol@@PAVDataArray@@@stlpmtx_std@@@4@@stlpmtx_std@@@stlpmtx_std@@@3@@stlpmtx_std@@QAA@XZ
2	1	DIFF_SIZE	DIFFERENT_FUNCTION	TB	bl	default/band3/meta_band/InterstitialMgr	fn_825B0490	?HasSyncPermission@InterstitialMgr@@UBA_NXZ	??1?$hash_map@VSymbol@@V?$hash_map@VSymbol@@PAVDataArray@@U?$hash@VSymbol@@@stlpmtx_std@@U?$equal_to@VSymbol@@@4@V?$StlNodeAlloc@U?$pair@$$CBVSymbol@@PAVDataArray@@@stlpmtx_std@@@4@@stlpmtx_std@@U?$hash@VSymbol@@@3@U?$equal_to@VSymbol@@@3@V?$StlNodeAlloc@U?$pair@$$CBVSymbol@@V?$hash_map@VSymbol@@PAVDataArray@@U?$hash@VSymbol@@@stlpmtx_std@@U?$equal_to@VSymbol@@@4@V?$StlNodeAlloc@U?$pair@$$CBVSymbol@@PAVDataArray@@@stlpmtx_std@@@4@@stlpmtx_std@@@stlpmtx_std@@@3@@stlpmtx_std@@QAA@XZ
2	1	DIFF_SIZE	DIFFERENT_FUNCTION	TB	bl	default/band3/meta_band/LicenseMgr	fn_8264F400	??1Callback@ContentMgr@@UAA@XZ	??1?$_String_base@DV?$allocator@D@stlpmtx_std@@@stlpmtx_std@@IAA@XZ
2	1	DIFF_SIZE	DIFFERENT_FUNCTION	TB	bl	default/band3/meta_band/MusicLibraryNetSetlists	fn_825CFFC4	??1SavedSetlist@@UAA@XZ	??1Message@@UAA@XZ
2	1	DIFF_SIZE	DIFFERENT_FUNCTION	TB	bl	default/band3/meta_band/NetSync	fn_8259AB30	??1NetMessage@@UAA@XZ	??1StartLockMsg@@UAA@XZ
2	1	DIFF_SIZE	DIFFERENT_FUNCTION	TB	bl	default/band3/meta_band/NetSync	fn_8259AED0	??1StartLockMsg@@UAA@XZ	??1NetMessage@@UAA@XZ
2	1	DIFF_SIZE	REVIEW	TB	bl	default/band3/meta_band/PrefabMgr	??$__make_heap@PAPAUEventEntry@@UMaxSort@@PAU1@H@stlpmtx_std@@YAXPAPAUEventEntry@@0UMaxSort@@0PAH@Z	??$__adjust_heap@PAPAVPrefabChar@@HPAV1@USortPrefabByPortraitFileName@@@stlpmtx_std@@YAXPAPAVPrefabChar@@HHPAV1@USortPrefabByPortraitFileName@@@Z	??$__adjust_heap@PAPAUEventEntry@@HPAU1@UMaxSort@@@stlpmtx_std@@YAXPAPAUEventEntry@@HHPAU1@UMaxSort@@@Z
2	1	DIFF_SIZE	REVIEW	TB	bl	default/band3/meta_band/PrefabMgr	??$sort_heap@PAPAUEventEntry@@UMaxSort@@@stlpmtx_std@@YAXPAPAUEventEntry@@0UMaxSort@@@Z	??$__adjust_heap@PAPAVPrefabChar@@HPAV1@USortPrefabByPortraitFileName@@@stlpmtx_std@@YAXPAPAVPrefabChar@@HHPAV1@USortPrefabByPortraitFileName@@@Z	??$__adjust_heap@PAPAUEventEntry@@HPAU1@UMaxSort@@@stlpmtx_std@@YAXPAPAUEventEntry@@HHPAU1@UMaxSort@@@Z
2	1	DIFF_SIZE	DIFFERENT_FUNCTION	TB	bl	default/band3/meta_band/SavedSetlist	fn_825AA700	??1SavedSetlist@@UAA@XZ	??1Message@@UAA@XZ
2	1	DIFF_SIZE	DIFFERENT_FUNCTION	TB	bl	default/band3/meta_band/SongRecord	fn_825BBF90	??1NetMessage@@UAA@XZ	??1?$_Vector_base@V?$map@HMU?$less@H@stlpmtx_std@@V?$StlNodeAlloc@U?$pair@$$CBHM@stlpmtx_std@@@2@@stlpmtx_std@@V?$StlNodeAlloc@V?$map@HMU?$less@H@stlpmtx_std@@V?$StlNodeAlloc@U?$pair@$$CBHM@stlpmtx_std@@@2@@stlpmtx_std@@@2@@stlpmtx_std@@QAA@XZ
2	1	DIFF_SIZE	DIFFERENT_FUNCTION	TB	bl	default/band3/meta_band/SongUpgradeMgr	fn_8264E180	??1Callback@ContentMgr@@UAA@XZ	??1?$_String_base@DV?$allocator@D@stlpmtx_std@@@stlpmtx_std@@IAA@XZ
2	1	DIFF_SIZE	DIFFERENT_FUNCTION	TB	bl	default/band3/meta_band/VoiceoverPanel	?PlayVoiceover@VoiceoverPanel@@QAAXXZ	?IsReadyToPlay@MoggClip@@QBA_NXZ	?IsReadyToPlay@BinkClip@@QBA_NXZ
2	1	DIFF_SIZE	DIFFERENT_FUNCTION	TB	bl	default/band3/meta_band/VoiceoverPanel	?UpdateVoiceoverState@VoiceoverPanel@@QAAXXZ	?IsReadyToPlay@MoggClip@@QBA_NXZ	?IsReadyToPlay@BinkClip@@QBA_NXZ
2	1	DIFF_SIZE	DIFFERENT_FUNCTION	TB	bl	default/band3/tour/GigFilter	fn_82365020	??1SongFilter@SongSortMgr@@QAA@XZ	??1?$set@VSymbol@@U?$less@VSymbol@@@stlpmtx_std@@V?$StlNodeAlloc@VSymbol@@@3@@stlpmtx_std@@QAA@XZ
2	1	DIFF_SIZE	DIFFERENT_FUNCTION	TB	bl	default/band3/tour/TourChallengeResultsPanel	?UpdateSetlistLabel@TourChallengeResultsPanel@@QAAXPAVUILabel@@@Z	?GetIdentifyingToken@InternalSavedSetlist@@UBA?AVSymbol@@XZ	?GetCurrentQuestFilter@TourPerformerImpl@@QBA?AVSymbol@@XZ
2	1	DIFF_SIZE	DIFFERENT_FUNCTION	TB	bl	default/network/net/NetSession	fn_823E5270	??1Message@@UAA@XZ	??1?$vector@HV?$StlNodeAlloc@H@stlpmtx_std@@@stlpmtx_std@@QAA@XZ
2	1	DIFF_SIZE	DIFFERENT_FUNCTION	TB	bl	default/network/net/NetSession	fn_823E6D60	??1Message@@UAA@XZ	??1?$vector@HV?$StlNodeAlloc@H@stlpmtx_std@@@stlpmtx_std@@QAA@XZ
2	2	DIFF_SIZE	REVIEW	TB	bl	default/system/bandobj/BandFaceDeform	?_M_fill_insert_aux@?$vector@VDeltaArray@BandFaceDeform@@V?$StlNodeAlloc@VDeltaArray@BandFaceDeform@@@stlpmtx_std@@@stlpmtx_std@@AAAXPAVDeltaArray@BandFaceDeform@@IABV34@ABU__false_type@2@@Z	??$__uninitialized_copy@PBV?$Key@V?$vector@VColor@Hmx@@V?$StlNodeAlloc@VColor@Hmx@@@stlpmtx_std@@@stlpmtx_std@@@@PAV1@@stlpmtx_std@@YAPAV?$Key@V?$vector@VColor@Hmx@@V?$StlNodeAlloc@VColor@Hmx@@@stlpmtx_std@@@stlpmtx_std@@@@PBV1@0PAV1@ABU__false_type@0@@Z	??$__uninitialized_copy@PAVDeltaArray@BandFaceDeform@@PAV12@@stlpmtx_std@@YAPAVDeltaArray@BandFaceDeform@@PAV12@00ABU__false_type@0@@Z
2	1	DIFF_SIZE	DIFFERENT_FUNCTION	TB	bl	default/system/bandobj/BandHeadShaper	?Start@BandHeadShaper@@QAA_NPAVObjectDir@@VSymbol@@PAVRndMesh@@PAVSyncMeshCB@@_N@Z	??2CriticalSection@@SAPAXI@Z	??2CharBonesAlloc@@SAPAXI@Z
2	1	DIFF_SIZE	REVIEW	TB	bl	default/system/obj/Dir	??$_M_allocate_and_copy@PBV?$ObjDirPtr@VObjectDir@@@@@?$vector@V?$ObjDirPtr@VObjectDir@@@@V?$StlNodeAlloc@V?$ObjDirPtr@VObjectDir@@@@@stlpmtx_std@@@stlpmtx_std@@IAAPAV?$ObjDirPtr@VObjectDir@@@@IPBV2@0@Z	??$__uninitialized_copy@PAV?$ObjDirPtr@VObjectDir@@@@PAV1@@stlpmtx_std@@YAPAV?$ObjDirPtr@VObjectDir@@@@PAV1@00ABU__false_type@0@@Z	??$__uninitialized_copy@PBV?$ObjDirPtr@VObjectDir@@@@PAV1@@stlpmtx_std@@YAPAV?$ObjDirPtr@VObjectDir@@@@PBV1@0PAV1@ABU__false_type@0@@Z
2	1	DIFF_SIZE	REVIEW	TB	bl	default/system/obj/Dir	??4?$vector@V?$ObjDirPtr@VObjectDir@@@@V?$StlNodeAlloc@V?$ObjDirPtr@VObjectDir@@@@@stlpmtx_std@@@stlpmtx_std@@QAAAAV01@ABV01@@Z	??$__uninitialized_copy@PAV?$ObjDirPtr@VObjectDir@@@@PAV1@@stlpmtx_std@@YAPAV?$ObjDirPtr@VObjectDir@@@@PAV1@00ABU__false_type@0@@Z	??$__uninitialized_copy@PBV?$ObjDirPtr@VObjectDir@@@@PAV1@@stlpmtx_std@@YAPAV?$ObjDirPtr@VObjectDir@@@@PBV1@0PAV1@ABU__false_type@0@@Z
2	1	DIFF_SIZE	DIFFERENT_FUNCTION	TB	bl	default/system/obj/Dir	?push_back@?$vector@V?$ObjDirPtr@VObjectDir@@@@V?$StlNodeAlloc@V?$ObjDirPtr@VObjectDir@@@@@stlpmtx_std@@@stlpmtx_std@@QAAXABV?$ObjDirPtr@VObjectDir@@@@@Z	?_M_insert_overflow_aux@?$vector@VDataArrayPtr@@V?$StlNodeAlloc@VDataArrayPtr@@@stlpmtx_std@@@stlpmtx_std@@IAAXPAVDataArrayPtr@@ABV3@ABU__false_type@2@I_N@Z	?_M_insert_overflow_aux@?$vector@V?$ObjDirPtr@VObjectDir@@@@V?$StlNodeAlloc@V?$ObjDirPtr@VObjectDir@@@@@stlpmtx_std@@@stlpmtx_std@@IAAXPAV?$ObjDirPtr@VObjectDir@@@@ABV3@ABU__false_type@2@I_N@Z
2	1	DIFF_SIZE	DIFFERENT_FUNCTION	TB	bl	default/system/rnddx9/CubeTex	??_GDxCam@@UAAPAXI@Z	?MemFree@@YAXPAX@Z	??3RndCam@@SAXPAX@Z
2	1	DIFF_SIZE	DIFFERENT_FUNCTION	TB	bl	default/system/rnddx9/CubeTex	??_GDxMultiMesh@@UAAPAXI@Z	?MemFree@@YAXPAX@Z	??3RndMultiMesh@@SAXPAX@Z
2	1	DIFF_SIZE	DIFFERENT_FUNCTION	TB	bl	default/system/rnddx9/CubeTex	??_GDxParticleSys@@UAAPAXI@Z	?MemFree@@YAXPAX@Z	??3RndParticleSys@@SAXPAX@Z
2	1	DIFF_SIZE	REVIEW	TB	bl	default/system/rndobj/Rnd	?OnMsg@ModalKeyListener@@QAA?AVDataNode@@ABVKeyboardKeyMsg@@@Z	??$?0H@?$StlNodeAlloc@V?$_List_node@H@stlpmtx_std@@@stlpmtx_std@@QAA@ABV?$StlNodeAlloc@H@1@@Z	?SetShowing@RndConsole@@QAAX_N@Z
2	1	DIFF_SIZE	REVIEW	TB	bl	default/system/rndobj/Rnd	?OnShowConsole@Rnd@@IAA?AVDataNode@@PBVDataArray@@@Z	??$?0H@?$StlNodeAlloc@V?$_List_node@H@stlpmtx_std@@@stlpmtx_std@@QAA@ABV?$StlNodeAlloc@H@1@@Z	?SetShowing@RndConsole@@QAAX_N@Z
2	1	DIFF_SIZE	DIFFERENT_FUNCTION	TB	bl	default/system/rndobj/Rnd	fn_82415B38	??3BandHighlight@@SAXPAX@Z	??1DataNode@@QAA@XZ
2	1	DIFF_SIZE	DIFFERENT_FUNCTION	TB	bl	default/system/rndobj/Utl	fn_8243877C	??1?$ObjRefConcrete@VRndTex@@VObjectDir@@@@UAA@XZ	??1?$ObjPtrList@VRndDrawable@@VObjectDir@@@@UAA@XZ
2	1	DIFF_SIZE	DIFFERENT_FUNCTION	TB	bl	default/system/rndobj/Utl	fn_82438BA0	??1?$ObjRefConcrete@VRndTex@@VObjectDir@@@@UAA@XZ	??1?$ObjPtrList@VRndDrawable@@VObjectDir@@@@UAA@XZ
2	1	DIFF_SIZE	REVIEW	TB	bl	default/system/rndobj/Utl	fn_8243F508	??$__destroy_aux@UEntry@LocalePanel@@@stlpmtx_std@@YAXPAUEntry@LocalePanel@@ABU__false_type@0@@Z	??1String@@UAA@XZ
2	1	DIFF_SIZE	DIFFERENT_FUNCTION	TB	bl	default/system/synth/FxSend	fn_827165CC	??1ObjRef@@QAA@XZ	??1?$ObjRefConcrete@VFxSend@@VObjectDir@@@@UAA@XZ
2	1	DIFF_SIZE	DIFFERENT_FUNCTION	TB	bl	default/system/synth/FxSendCompress	??_GFxSendCompress@@UAAPAXI@Z	?MemFree@@YAXPAX@Z	??3FxSendCompress@@SAXPAX@Z
2	1	DIFF_SIZE	DIFFERENT_FUNCTION	TB	bl	default/system/synth/FxSendDelay	??_GFxSendDelay@@UAAPAXI@Z	?MemFree@@YAXPAX@Z	??3FxSendDelay@@SAXPAX@Z
2	1	DIFF_SIZE	DIFFERENT_FUNCTION	TB	bl	default/system/synth/FxSendEQ	??_GFxSendEQ@@UAAPAXI@Z	?MemFree@@YAXPAX@Z	??3FxSendEQ@@SAXPAX@Z
2	1	DIFF_SIZE	DIFFERENT_FUNCTION	TB	bl	default/system/synth/FxSendMeterEffect	??_GFxSendMeterEffect@@UAAPAXI@Z	?MemFree@@YAXPAX@Z	??3FxSendMeterEffect@@SAXPAX@Z
2	1	DIFF_SIZE	DIFFERENT_FUNCTION	TB	bl	default/system/synth/FxSendReverb	??_GFxSendReverb@@UAAPAXI@Z	?MemFree@@YAXPAX@Z	??3FxSendReverb@@SAXPAX@Z
2	1	DIFF_SIZE	DIFFERENT_FUNCTION	TB	bl	default/system/synth_xbox/FxSendCompress	??_GFxSendCompress360@@UAAPAXI@Z	?MemFree@@YAXPAX@Z	??3FxSendCompress@@SAXPAX@Z
2	1	DIFF_SIZE	DIFFERENT_FUNCTION	TB	bl	default/system/synth_xbox/FxSendDelay	??_GFxSendDelay360@@UAAPAXI@Z	?MemFree@@YAXPAX@Z	??3FxSendDelay@@SAXPAX@Z
2	1	DIFF_SIZE	DIFFERENT_FUNCTION	TB	bl	default/system/synth_xbox/FxSendEQ	??_GFxSendEQ360@@UAAPAXI@Z	?MemFree@@YAXPAX@Z	??3FxSendEQ@@SAXPAX@Z
2	1	DIFF_SIZE	DIFFERENT_FUNCTION	TB	bl	default/system/synth_xbox/FxSendMeterEffect	??_GFxSendMeterEffect360@@UAAPAXI@Z	?MemFree@@YAXPAX@Z	??3FxSendMeterEffect@@SAXPAX@Z
2	1	DIFF_SIZE	DIFFERENT_FUNCTION	TB	bl	default/system/synth_xbox/FxSendReverb	??_GFxSendReverb360@@UAAPAXI@Z	?MemFree@@YAXPAX@Z	??3FxSendReverb@@SAXPAX@Z
1	1	DIFF_SIZE	DIFFERENT_FUNCTION	TB	bl	default/ADSR	??5@YAAAVBinStream@@AAV0@AAVADSRImpl@@@Z	?Load@ADSRImpl@@QAAXAAVBinStream@@PAVADSR@@@Z	?Load@ADSRImpl@@QAAXAAVBinStream@@@Z
1	1	DIFF_SIZE	DIFFERENT_FUNCTION	TB	bl	default/Accomplishment	??_GRndAnimatable@@UAAPAXI@Z	?MemFree@@YAXPAX@Z	??3RndAnimatable@@SAXPAX@Z
1	1	DIFF_SIZE	DIFFERENT_FUNCTION	TB	bl	default/AccomplishmentDiscSongConditional	fn_824F9358	?_M_erase@?$_Rb_tree@VString@@U?$less@VString@@@stlpmtx_std@@U?$pair@$$CBVString@@VDataNode@@@3@U?$_Select1st@U?$pair@$$CBVString@@VDataNode@@@stlpmtx_std@@@3@U?$_MapTraitsT@U?$pair@$$CBVString@@VDataNode@@@stlpmtx_std@@@priv@3@V?$StlNodeAlloc@U?$pair@$$CBVString@@VDataNode@@@stlpmtx_std@@@3@@stlpmtx_std@@AAAXPAU_Rb_tree_node_base@2@@Z	?_M_erase@?$_Rb_tree@VSymbol@@U?$less@VSymbol@@@stlpmtx_std@@V1@U?$_Identity@VSymbol@@@3@U?$_SetTraitsT@VSymbol@@@priv@3@V?$StlNodeAlloc@VSymbol@@@3@@stlpmtx_std@@AAAXPAU_Rb_tree_node_base@2@@Z
1	1	DIFF_SIZE	REVIEW	TB	bl	default/AccomplishmentPanel	??$__inplace_stable_sort@PAVSymbol@@UGoalAlpaCmp@@@stlpmtx_std@@YAXPAVSymbol@@0UGoalAlpaCmp@@@Z	??$__merge_without_buffer@PAVSymbol@@HVGoalCmp@@@stlpmtx_std@@YAXPAVSymbol@@00HHVGoalCmp@@@Z	??$__merge_without_buffer@PAVSymbol@@HUGoalAlpaCmp@@@stlpmtx_std@@YAXPAVSymbol@@00HHUGoalAlpaCmp@@@Z
1	1	DIFF_SIZE	REVIEW	TB	bl	default/AccomplishmentPanel	??$__inplace_stable_sort@PAVSymbol@@VAccomplishmentCmp@@@stlpmtx_std@@YAXPAVSymbol@@0VAccomplishmentCmp@@@Z	??$__merge_without_buffer@PAVSymbol@@HUGoalAlpaCmp@@@stlpmtx_std@@YAXPAVSymbol@@00HHUGoalAlpaCmp@@@Z	??$__merge_without_buffer@PAVSymbol@@HVAccomplishmentCmp@@@stlpmtx_std@@YAXPAVSymbol@@00HHVAccomplishmentCmp@@@Z
1	1	DIFF_SIZE	REVIEW	TB	bl	default/AccomplishmentPanel	??$__insertion_sort@PAVSymbol@@V1@UGoalAlpaCmp@@@stlpmtx_std@@YAXPAVSymbol@@00UGoalAlpaCmp@@@Z	??$__linear_insert@PAVSymbol@@V1@VAccomplishmentCategoryCmp@@@stlpmtx_std@@YAXPAVSymbol@@0V1@VAccomplishmentCategoryCmp@@@Z	??$__linear_insert@PAVSymbol@@V1@UGoalAlpaCmp@@@stlpmtx_std@@YAXPAVSymbol@@0V1@UGoalAlpaCmp@@@Z
1	1	DIFF_SAMESIZE	REVIEW	TB	bl	default/AccomplishmentPanel	??$__merge_adaptive@PAVSymbol@@HPAV1@UGoalAlpaCmp@@@stlpmtx_std@@YAXPAVSymbol@@00HH0HUGoalAlpaCmp@@@Z	??$__lower_bound@PAVSymbol@@V1@VAccomplishmentCategoryCmp@@H@stlpmtx_std@@YAPAVSymbol@@PAV1@0ABV1@VAccomplishmentCategoryCmp@@PAH@Z	??$__lower_bound@PAVSymbol@@V1@UGoalAlpaCmp@@H@stlpmtx_std@@YAPAVSymbol@@PAV1@0ABV1@UGoalAlpaCmp@@PAH@Z
1	1	DIFF_SAMESIZE	REVIEW	TB	bl	default/AccomplishmentPanel	??$__merge_adaptive@PAVSymbol@@HPAV1@UGoalAlpaCmp@@@stlpmtx_std@@YAXPAVSymbol@@00HH0HUGoalAlpaCmp@@@Z	??$__merge_backward@PAVSymbol@@PAV1@PAV1@VAccomplishmentCategoryCmp@@@stlpmtx_std@@YAPAVSymbol@@PAV1@0000VAccomplishmentCategoryCmp@@@Z	??$__merge_backward@PAVSymbol@@PAV1@PAV1@UGoalAlpaCmp@@@stlpmtx_std@@YAPAVSymbol@@PAV1@0000UGoalAlpaCmp@@@Z
1	1	DIFF_SAMESIZE	REVIEW	TB	bl	default/AccomplishmentPanel	??$__merge_adaptive@PAVSymbol@@HPAV1@UGoalAlpaCmp@@@stlpmtx_std@@YAXPAVSymbol@@00HH0HUGoalAlpaCmp@@@Z	??$__upper_bound@PAVSymbol@@V1@VAccomplishmentCategoryCmp@@H@stlpmtx_std@@YAPAVSymbol@@PAV1@0ABV1@VAccomplishmentCategoryCmp@@PAH@Z	??$__upper_bound@PAVSymbol@@V1@UGoalAlpaCmp@@H@stlpmtx_std@@YAPAVSymbol@@PAV1@0ABV1@UGoalAlpaCmp@@PAH@Z
1	1	DIFF_SAMESIZE	REVIEW	TB	bl	default/AccomplishmentPanel	??$__merge_adaptive@PAVSymbol@@HPAV1@VAccomplishmentCategoryCmp@@@stlpmtx_std@@YAXPAVSymbol@@00HH0HVAccomplishmentCategoryCmp@@@Z	??$__lower_bound@PAVSymbol@@V1@UGoalAlpaCmp@@H@stlpmtx_std@@YAPAVSymbol@@PAV1@0ABV1@UGoalAlpaCmp@@PAH@Z	??$__lower_bound@PAVSymbol@@V1@VAccomplishmentCategoryCmp@@H@stlpmtx_std@@YAPAVSymbol@@PAV1@0ABV1@VAccomplishmentCategoryCmp@@PAH@Z
1	1	DIFF_SAMESIZE	REVIEW	TB	bl	default/AccomplishmentPanel	??$__merge_adaptive@PAVSymbol@@HPAV1@VAccomplishmentCategoryCmp@@@stlpmtx_std@@YAXPAVSymbol@@00HH0HVAccomplishmentCategoryCmp@@@Z	??$__merge_backward@PAVSymbol@@PAV1@PAV1@UGoalAlpaCmp@@@stlpmtx_std@@YAPAVSymbol@@PAV1@0000UGoalAlpaCmp@@@Z	??$__merge_backward@PAVSymbol@@PAV1@PAV1@VAccomplishmentCategoryCmp@@@stlpmtx_std@@YAPAVSymbol@@PAV1@0000VAccomplishmentCategoryCmp@@@Z
1	1	DIFF_SAMESIZE	REVIEW	TB	bl	default/AccomplishmentPanel	??$__merge_adaptive@PAVSymbol@@HPAV1@VAccomplishmentCategoryCmp@@@stlpmtx_std@@YAXPAVSymbol@@00HH0HVAccomplishmentCategoryCmp@@@Z	??$__upper_bound@PAVSymbol@@V1@UGoalAlpaCmp@@H@stlpmtx_std@@YAPAVSymbol@@PAV1@0ABV1@UGoalAlpaCmp@@PAH@Z	??$__upper_bound@PAVSymbol@@V1@VAccomplishmentCategoryCmp@@H@stlpmtx_std@@YAPAVSymbol@@PAV1@0ABV1@VAccomplishmentCategoryCmp@@PAH@Z
1	1	DIFF_SAMESIZE	REVIEW	TB	bl	default/AccomplishmentPanel	??$__merge_adaptive@PAVSymbol@@HPAV1@VAccomplishmentCategoryCmp@@@stlpmtx_std@@YAXPAVSymbol@@00HH0HVAccomplishmentCategoryCmp@@@Z	??$merge@PAVSymbol@@PAV1@PAV1@UGoalAlpaCmp@@@stlpmtx_std@@YAPAVSymbol@@PAV1@0000UGoalAlpaCmp@@@Z	??$merge@PAVSymbol@@PAV1@PAV1@VAccomplishmentCategoryCmp@@@stlpmtx_std@@YAPAVSymbol@@PAV1@0000VAccomplishmentCategoryCmp@@@Z
1	1	DIFF_SIZE	DIFFERENT_FUNCTION	TB	bl	default/AccomplishmentPanel	fn_825F56A8	??1?$map@HPAVUIComponent@@U?$less@H@stlpmtx_std@@V?$StlNodeAlloc@U?$pair@$$CBHPAVUIComponent@@@stlpmtx_std@@@3@@stlpmtx_std@@QAA@XZ	??1DataNode@@QAA@XZ
1	1	DIFF_SIZE	DIFFERENT_FUNCTION	TB	bl	default/AccomplishmentPanel	fn_82602140	??1Message@@UAA@XZ	??1?$map@HMU?$less@H@stlpmtx_std@@V?$StlNodeAlloc@U?$pair@$$CBHM@stlpmtx_std@@@2@@stlpmtx_std@@QAA@XZ
1	1	DIFF_SIZE	DIFFERENT_FUNCTION	TB	bl	default/AccomplishmentPlayerConditional	fn_8235FE3C	??1Object@Hmx@@UAA@XZ	??1?$vector@V?$set@VSymbol@@U?$less@VSymbol@@@stlpmtx_std@@V?$StlNodeAlloc@VSymbol@@@3@@stlpmtx_std@@V?$StlNodeAlloc@V?$set@VSymbol@@U?$less@VSymbol@@@stlpmtx_std@@V?$StlNodeAlloc@VSymbol@@@3@@stlpmtx_std@@@2@@stlpmtx_std@@QAA@XZ
1	1	DIFF_SIZE	DIFFERENT_FUNCTION	TB	bl	default/AccomplishmentSongConditional	?CheckConditionsForSong@AccomplishmentSongConditional@@UBA_NPAVSongStatusMgr@@VSymbol@@@Z	?CheckStreakCondition@AccomplishmentSongConditional@@QBA_NPAVSongStatusMgr@@VSymbol@@ABUAccomplishmentCondition@@@Z	?CheckAwesomesCondition@AccomplishmentSongConditional@@QBA_NPAVSongStatusMgr@@VSymbol@@ABUAccomplishmentCondition@@@Z
1	1	DIFF_SIZE	DIFFERENT_FUNCTION	TB	bl	default/AccomplishmentSongConditional	?CheckConditionsForSong@AccomplishmentSongConditional@@UBA_NPAVSongStatusMgr@@VSymbol@@@Z	?CheckStreakCondition@AccomplishmentSongConditional@@QBA_NPAVSongStatusMgr@@VSymbol@@ABUAccomplishmentCondition@@@Z	?CheckHoposPercentCondition@AccomplishmentSongConditional@@QBA_NPAVSongStatusMgr@@VSymbol@@ABUAccomplishmentCondition@@@Z
1	1	DIFF_SIZE	DIFFERENT_FUNCTION	TB	bl	default/AccomplishmentSongConditional	fn_825EC2FC	??1Object@Hmx@@UAA@XZ	??1Accomplishment@@UAA@XZ
1	1	DIFF_SAMESIZE	REVIEW	TB	bl	default/Achievements	??$_M_allocate_and_copy@PBUXUSER_ACHIEVEMENT@@@?$vector@UXUSER_ACHIEVEMENT@@V?$StlNodeAlloc@UXUSER_ACHIEVEMENT@@@stlpmtx_std@@@stlpmtx_std@@IAAPAUXUSER_ACHIEVEMENT@@IPBU2@0@Z	??$__uninitialized_copy@PAU?$pair@MM@stlpmtx_std@@PAU12@@stlpmtx_std@@YAPAU?$pair@MM@0@PAU10@00ABU__false_type@0@@Z	??$__uninitialized_copy@PBUXUSER_ACHIEVEMENT@@PAU1@@stlpmtx_std@@YAPAUXUSER_ACHIEVEMENT@@PBU1@0PAU1@ABU__false_type@0@@Z
1	1	DIFF_SIZE	DIFFERENT_FUNCTION	TB	bl	default/AmbientOcclusion	?Allocate@kdTriList@?$kdTree@VTriangle@@@@SAPAV12@I@Z	??2CriticalSection@@SAPAXI@Z	??_UkdTriList@?$kdTree@VTriangle@@@@SAPAXI@Z
1	1	DIFF_SIZE	DIFFERENT_FUNCTION	TB	bl	default/AmbientOcclusion	?push_back@?$vector@VTriangle@@V?$StlNodeAlloc@VTriangle@@@stlpmtx_std@@@stlpmtx_std@@QAAXABVTriangle@@@Z	?_M_insert_overflow_aux@?$vector@V?$Key@VTransform@@@@V?$StlNodeAlloc@V?$Key@VTransform@@@@@stlpmtx_std@@@stlpmtx_std@@IAAXPAV?$Key@VTransform@@@@ABV3@ABU__false_type@2@I_N@Z	?_M_insert_overflow_aux@?$vector@VTriangle@@V?$StlNodeAlloc@VTriangle@@@stlpmtx_std@@@stlpmtx_std@@IAAXPAVTriangle@@ABV3@ABU__false_type@2@I_N@Z
1	1	DIFF_SIZE	DIFFERENT_FUNCTION	TB	bl	default/AmbientOcclusion	fn_82490D6C	??1?$ObjPtrList@VCharInterest@@VObjectDir@@@@UAA@XZ	??1Callback@RndOverlay@@UAA@XZ
1	1	DIFF_SIZE	DIFFERENT_FUNCTION	TB	bl	default/AmbientOcclusion	fn_82490DC4	??1?$ObjPtrList@VCharInterest@@VObjectDir@@@@UAA@XZ	??1?$ObjPtr@VCharClip@@@@UAA@XZ
1	1	DIFF_SIZE	DIFFERENT_FUNCTION	TB	bl	default/AmbientOcclusion	fn_82491328	??1DataNode@@QAA@XZ	??1?$vector@PAVUILabel@@V?$StlNodeAlloc@PAVUILabel@@@stlpmtx_std@@@stlpmtx_std@@QAA@XZ
1	1	DIFF_SIZE	DIFFERENT_FUNCTION	TB	bl	default/Anim	??_GRndDir@@UAAPAXI@Z	?MemFree@@YAXPAX@Z	??3RndDir@@SAXPAX@Z
1	1	DIFF_SIZE	DIFFERENT_FUNCTION	TB	bl	default/Anim	fn_824014A4	??1ObjRef@@QAA@XZ	??3AnimTask@@SAXPAX@Z
1	1	DIFF_SIZE	DIFFERENT_FUNCTION	TB	bl	default/Anim	fn_82402EC0	??1?$ObjPtrList@VRndAnimatable@@VObjectDir@@@@UAA@XZ	??1DataNode@@QAA@XZ
1	1	DIFF_SIZE	DIFFERENT_FUNCTION	TB	bl	default/Anim	fn_8240512C	??1?$ObjRefConcrete@VRndEnviron@@VObjectDir@@@@UAA@XZ	??1DataNode@@QAA@XZ
1	1	DIFF_SIZE	DIFFERENT_FUNCTION	TB	bl	default/AnimFilter	??_GRndAnimFilter@@UAAPAXI@Z	?MemFree@@YAXPAX@Z	??3RndAnimFilter@@SAXPAX@Z
1	1	DIFF_SIZE	DIFFERENT_FUNCTION	TB	bl	default/AppChild	?Init@AppChild@@SAXXZ	??2CriticalSection@@SAPAXI@Z	??2AppChild@@SAPAXI@Z
1	1	DIFF_SIZE	DIFFERENT_FUNCTION	TB	bl	default/Archive	fn_825147B0	??1String@@UAA@XZ	??1?$vector@VFileEntry@@V?$StlNodeAlloc@VFileEntry@@@stlpmtx_std@@@stlpmtx_std@@QAA@XZ
1	1	DIFF_SIZE	DIFFERENT_FUNCTION	TB	bl	default/AsyncFileHolmes	??_GAsyncFileHolmes@@UAAPAXI@Z	?MemFree@@YAXPAX@Z	??3AsyncFileHolmes@@SAXPAX@Z
1	1	DIFF_SIZE	DIFFERENT_FUNCTION	TB	bl	default/BandCamShot	??$?5UBone@CharBones@@@BinStreamRev@@QAAAAV0@AAUBone@CharBones@@@Z	?StaticClassName@BandConfiguration@@SA?AVSymbol@@XZ	??5@YAAAVBinStream@@AAV0@AAUBone@CharBones@@@Z
1	1	DIFF_SIZE	DIFFERENT_FUNCTION	TB	bl	default/BandCamShot	??$_Copy_Construct@UBitmapOverride@WorldDir@@@stlpmtx_std@@YAXPAUBitmapOverride@WorldDir@@ABU12@@Z	??0Target@BandCamShot@@QAA@ABU01@@Z	??0BitmapOverride@WorldDir@@QAA@ABU01@@Z
1	1	DIFF_SAMESIZE	REVIEW	TB	bl	default/BandCamShot	??$_M_splice_insert_dispatch@PAPAVRndDrawable@@@?$list@PAVRndDrawable@@V?$StlNodeAlloc@PAVRndDrawable@@@stlpmtx_std@@@stlpmtx_std@@AAAXU?$_List_iterator@PAVRndDrawable@@U?$_Nonconst_traits@PAVRndDrawable@@@stlpmtx_std@@@1@PAPAVRndDrawable@@1ABU__false_type@1@@Z	??$?0U?$_List_iterator@UBitmapOverride@WorldDir@@U?$_Const_traits@UBitmapOverride@WorldDir@@@stlpmtx_std@@@stlpmtx_std@@@?$list@UBitmapOverride@WorldDir@@V?$StlNodeAlloc@UBitmapOverride@WorldDir@@@stlpmtx_std@@@stlpmtx_std@@QAA@U?$_List_iterator@UBitmapOverride@WorldDir@@U?$_Const_traits@UBitmapOverride@WorldDir@@@stlpmtx_std@@@1@0ABV?$StlNodeAlloc@UBitmapOverride@WorldDir@@@1@@Z	??$?0PAPAVRndDrawable@@@?$list@PAVRndDrawable@@V?$StlNodeAlloc@PAVRndDrawable@@@stlpmtx_std@@@stlpmtx_std@@QAA@PAPAVRndDrawable@@0ABV?$StlNodeAlloc@PAVRndDrawable@@@1@@Z
1	1	DIFF_SIZE	DIFFERENT_FUNCTION	TB	bl	default/BandCamShot	??$_M_splice_insert_dispatch@PAPAVRndDrawable@@@?$list@PAVRndDrawable@@V?$StlNodeAlloc@PAVRndDrawable@@@stlpmtx_std@@@stlpmtx_std@@AAAXU?$_List_iterator@PAVRndDrawable@@U?$_Nonconst_traits@PAVRndDrawable@@@stlpmtx_std@@@1@PAPAVRndDrawable@@1ABU__false_type@1@@Z	?clear@?$_List_base@UTarget@HamCamShot@@V?$StlNodeAlloc@UTarget@HamCamShot@@@stlpmtx_std@@@stlpmtx_std@@QAAXXZ	?clear@?$_List_base@PAVRndDrawable@@V?$StlNodeAlloc@PAVRndDrawable@@@stlpmtx_std@@@stlpmtx_std@@QAAXXZ
1	1	DIFF_SIZE	REVIEW	TB	bl	default/BandCamShot	??0?$vector@VFlowMathOp@@V?$StlNodeAlloc@VFlowMathOp@@@stlpmtx_std@@@stlpmtx_std@@QAA@ABV01@@Z	??$__uninitialized_copy@PAVTrackData@SongDB@@PAV12@@stlpmtx_std@@YAPAVTrackData@SongDB@@PAV12@00ABU__false_type@0@@Z	??$__uninitialized_copy@PBVFlowMathOp@@PAV1@@stlpmtx_std@@YAPAVFlowMathOp@@PBV1@0PAV1@ABU__false_type@0@@Z
1	1	DIFF_SAMESIZE	DIFFERENT_FUNCTION	TB	bl	default/BandCamShot	??4?$list@UTarget@HamCamShot@@V?$StlNodeAlloc@UTarget@HamCamShot@@@stlpmtx_std@@@stlpmtx_std@@QAAAAV01@ABV01@@Z	??4Target@BandCamShot@@QAAAAU01@ABU01@@Z	??4Target@HamCamShot@@QAAAAU01@ABU01@@Z
1	1	DIFF_SIZE	DIFFERENT_FUNCTION	TB	bl	default/BandCamShot	??_G?$ObjOwnerPtr@VCharWeightable@@@@UAAPAXI@Z	??1?$ObjRefConcrete@VFlowLabel@@VObjectDir@@@@UAA@XZ	??1?$ObjOwnerPtr@VCharWeightable@@@@UAA@XZ
1	1	DIFF_SIZE	DIFFERENT_FUNCTION	TB	bl	default/BandCamShot	??_G?$ObjPtrList@VHamCamShot@@VObjectDir@@@@UAAPAXI@Z	??1?$ObjRefConcrete@VBandCamShot@@VObjectDir@@@@UAA@XZ	??1?$ObjPtrList@VHamCamShot@@VObjectDir@@@@UAA@XZ
1	1	DIFF_SIZE	DIFFERENT_FUNCTION	TB	bl	default/BandCamShot	??_GBandCamShot@@UAAPAXI@Z	?MemFree@@YAXPAX@Z	??3BandCamShot@@SAXPAX@Z
1	1	DIFF_SAMESIZE	REVIEW	TB	bl	default/BandCamShot	?_M_erase@?$vector@VFlowMathOp@@V?$StlNodeAlloc@VFlowMathOp@@@stlpmtx_std@@@stlpmtx_std@@IAAPAVFlowMathOp@@PAV3@0ABU__false_type@2@@Z	??$__destroy_range@PAUFrame@RhythmDetector@@U12@@stlpmtx_std@@YAXPAUFrame@RhythmDetector@@00@Z	??$_Destroy_Range@PAVFlowMathOp@@@stlpmtx_std@@YAXPAVFlowMathOp@@0@Z
1	1	DIFF_SIZE	DIFFERENT_FUNCTION	TB	bl	default/BandCamShot	?_M_erase@?$vector@VFlowMathOp@@V?$StlNodeAlloc@VFlowMathOp@@@stlpmtx_std@@@stlpmtx_std@@IAAPAVFlowMathOp@@PAV3@0ABU__false_type@2@@Z	??0VocalNote@@QAA@ABV0@@Z	??4FlowMathOp@@QAAAAV0@ABV0@@Z
1	1	DIFF_SIZE	REVIEW	TB	bl	default/BandCamShot	?insert@?$list@PAVHamCamShot@@V?$StlNodeAlloc@PAVHamCamShot@@@stlpmtx_std@@@stlpmtx_std@@QAA?AU?$_List_iterator@PAVHamCamShot@@U?$_Nonconst_traits@PAVHamCamShot@@@stlpmtx_std@@@2@U32@ABQAVHamCamShot@@@Z	??$_Destroy_Range@V?$reverse_iterator@PAVSingerStats@@@stlpmtx_std@@@stlpmtx_std@@YAXV?$reverse_iterator@PAVSingerStats@@@0@0@Z	?_M_create_node@?$list@PAVHamCamShot@@V?$StlNodeAlloc@PAVHamCamShot@@@stlpmtx_std@@@stlpmtx_std@@IAAPAU_List_node_base@2@ABQAVHamCamShot@@@Z
1	1	DIFF_SIZE	DIFFERENT_FUNCTION	TB	bl	default/BandCamShot	?insert@?$list@PAVRndAnimatable@@V?$StlNodeAlloc@PAVRndAnimatable@@@stlpmtx_std@@@stlpmtx_std@@QAA?AU?$_List_iterator@PAVRndAnimatable@@U?$_Nonconst_traits@PAVRndAnimatable@@@stlpmtx_std@@@2@U32@ABQAVRndAnimatable@@@Z	?_M_create_node@?$list@VTargetCache@BandCamShot@@V?$StlNodeAlloc@VTargetCache@BandCamShot@@@stlpmtx_std@@@stlpmtx_std@@IAAPAU_List_node_base@2@ABVTargetCache@BandCamShot@@@Z	?_M_create_node@?$list@PAVRndAnimatable@@V?$StlNodeAlloc@PAVRndAnimatable@@@stlpmtx_std@@@stlpmtx_std@@IAAPAU_List_node_base@2@ABQAVRndAnimatable@@@Z
1	1	DIFF_SIZE	DIFFERENT_FUNCTION	TB	bl	default/BandCamShot	fn_822B54FC	??1DataArrayPtr@@QAA@XZ	??1MemTemp@@QAA@XZ
1	1	DIFF_SIZE	DIFFERENT_FUNCTION	TB	bl	default/BandCamShot	fn_822B6F2C	??1EventCall@EventAnim@@QAA@XZ	??1MemHeapTracker@@QAA@XZ
1	1	DIFF_SIZE	REVIEW	TB	bl	default/BandCamShot	fn_822B70A4	??$_Destroy@UTarget@HamCamShot@@@stlpmtx_std@@YAXPAUTarget@HamCamShot@@@Z	??1DataNode@@QAA@XZ
1	1	DIFF_SIZE	REVIEW	TB	bl	default/BandCamShot	fn_822B7E84	??$_Destroy@VKeyFrame@EventAnim@@@stlpmtx_std@@YAXPAVKeyFrame@EventAnim@@@Z	??1MemHeapTracker@@QAA@XZ
1	1	DIFF_SIZE	DIFFERENT_FUNCTION	TB	bl	default/BandCamShot	fn_822B84EC	??1ObjRef@@QAA@XZ	??1MessageTimer@@QAA@XZ
1	1	DIFF_SIZE	DIFFERENT_FUNCTION	TB	bl	default/BandCamShot	fn_822B8514	??1?$ObjRefConcrete@VFlowNode@@VObjectDir@@@@UAA@XZ	??1MessageTimer@@QAA@XZ
1	1	DIFF_SIZE	DIFFERENT_FUNCTION	TB	bl	default/BandCamShot	fn_822B853C	??1?$_Vector_base@VTrackerPlayerDisplay@@V?$StlNodeAlloc@VTrackerPlayerDisplay@@@stlpmtx_std@@@stlpmtx_std@@QAA@XZ	??1Target@HamCamShot@@QAA@XZ
1	1	DIFF_SIZE	DIFFERENT_FUNCTION	TB	bl	default/BandCamShot	fn_82687148	??1?$_Vector_base@VVocalNote@@V?$StlNodeAlloc@VVocalNote@@@stlpmtx_std@@@stlpmtx_std@@QAA@XZ	??1String@@UAA@XZ
1	1	DIFF_SIZE	DIFFERENT_FUNCTION	TB	bl	default/BandCharDesc	??0?$deque@PAVTubePlate@@V?$StlNodeAlloc@PAVTubePlate@@@stlpmtx_std@@@stlpmtx_std@@QAA@V?$__move_source@V?$deque@PAVTubePlate@@V?$StlNodeAlloc@PAVTubePlate@@@stlpmtx_std@@@stlpmtx_std@@@1@@Z	?StaticClassName@BandCharDesc@@SA?AVSymbol@@XZ	??0?$_Deque_base@PAVTubePlate@@V?$StlNodeAlloc@PAVTubePlate@@@stlpmtx_std@@@stlpmtx_std@@QAA@V?$__move_source@V?$_Deque_base@PAVTubePlate@@V?$StlNodeAlloc@PAVTubePlate@@@stlpmtx_std@@@stlpmtx_std@@@1@@Z
1	1	DIFF_SIZE	DIFFERENT_FUNCTION	TB	bl	default/BandCharDesc	??_GBandCharDesc@@UAAPAXI@Z	?MemFree@@YAXPAX@Z	??3BandCharDesc@@SAXPAX@Z
1	1	DIFF_SIZE	DIFFERENT_FUNCTION	TB	bl	default/BandCharDesc	fn_82339408	??1?$_Vector_base@VPatch@BandCharDesc@@V?$StlNodeAlloc@VPatch@BandCharDesc@@@stlpmtx_std@@@stlpmtx_std@@QAA@XZ	??1FilePath@@UAA@XZ
1	1	DIFF_SIZE	DIFFERENT_FUNCTION	TB	bl	default/BandCharDesc	fn_8233A658	??1DataNode@@QAA@XZ	??1Patch@BandCharDesc@@UAA@XZ
1	1	DIFF_SIZE	DIFFERENT_FUNCTION	TB	bl	default/BandCharacter	??_G?$ObjPtrList@VCharCollide@@VObjectDir@@@@UAAPAXI@Z	??1?$ObjRefConcrete@VCharacter@@VObjectDir@@@@UAA@XZ	??1?$ObjPtrList@VCharCollide@@VObjectDir@@@@UAA@XZ
1	1	DIFF_SIZE	DIFFERENT_FUNCTION	TB	bl	default/BandCharacter	??_G?$ObjPtrList@VCharCuff@@VObjectDir@@@@UAAPAXI@Z	??1?$ObjRefConcrete@VCharEyes@@VObjectDir@@@@UAA@XZ	??1?$ObjPtrList@VCharCuff@@VObjectDir@@@@UAA@XZ
1	1	DIFF_SIZE	DIFFERENT_FUNCTION	TB	bl	default/BandCharacter	??_G?$ObjPtrList@VCharHair@@VObjectDir@@@@UAAPAXI@Z	??1?$ObjRefConcrete@VCharDriver@@VObjectDir@@@@UAA@XZ	??1?$ObjPtrList@VCharHair@@VObjectDir@@@@UAA@XZ
1	1	DIFF_SIZE	DIFFERENT_FUNCTION	TB	bl	default/BandCharacter	??_G?$ObjPtrList@VCharIKHand@@VObjectDir@@@@UAAPAXI@Z	??1?$ObjRefConcrete@VCharWeightable@@VObjectDir@@@@UAA@XZ	??1?$ObjPtrList@VCharIKHand@@VObjectDir@@@@UAA@XZ
1	1	DIFF_SIZE	DIFFERENT_FUNCTION	TB	bl	default/BandCharacter	??_G?$ObjPtrList@VCharIKMidi@@VObjectDir@@@@UAAPAXI@Z	??1?$ObjRefConcrete@VCharWeightSetter@@VObjectDir@@@@UAA@XZ	??1?$ObjPtrList@VCharIKMidi@@VObjectDir@@@@UAA@XZ
1	1	DIFF_SIZE	DIFFERENT_FUNCTION	TB	bl	default/BandCharacter	??_G?$ObjPtrList@VCharIKScale@@VObjectDir@@@@UAAPAXI@Z	??1?$ObjRefConcrete@VGemTrackDir@@VObjectDir@@@@UAA@XZ	??1?$ObjPtrList@VCharIKScale@@VObjectDir@@@@UAA@XZ
1	1	DIFF_SIZE	DIFFERENT_FUNCTION	TB	bl	default/BandCharacter	??_G?$ObjPtrList@VCharKeyHandMidi@@VObjectDir@@@@UAAPAXI@Z	??_DBandCharacter@@QAAXXZ	??1?$ObjPtrList@VCharKeyHandMidi@@VObjectDir@@@@UAA@XZ
1	1	DIFF_SIZE	DIFFERENT_FUNCTION	TB	bl	default/BandCharacter	??_G?$ObjPtrList@VRndMesh@@VObjectDir@@@@UAAPAXI@Z	??1?$ObjRefConcrete@VCharLookAt@@VObjectDir@@@@UAA@XZ	??1?$ObjPtrList@VRndMesh@@VObjectDir@@@@UAA@XZ
1	1	DIFF_SAMESIZE	DIFFERENT_FUNCTION	TB	bl	default/BandCharacter	??_G?$ObjRefConcrete@VWaypoint@@VObjectDir@@@@UAAPAXI@Z	??1?$ObjRefConcrete@VBandCharDesc@@VObjectDir@@@@UAA@XZ	??1?$ObjRefConcrete@VWaypoint@@VObjectDir@@@@UAA@XZ
1	1	DIFF_SIZE	REVIEW	TB	bl	default/BandCharacter	?BandTerminate@@YAXXZ	??$?0H@?$StlNodeAlloc@V?$_List_node@H@stlpmtx_std@@@stlpmtx_std@@QAA@ABV?$StlNodeAlloc@H@1@@Z	?Terminate@BandCharacter@@SAXXZ
1	1	DIFF_SIZE	REVIEW	TB	bl	default/BandCharacter	?SetClipTypes@BandCharacter@@QAAXVSymbol@@0@Z	?SetClipType@CharDriver@@IAAXVSymbol@@@Z	??$_outline_SetClipType@$I?SetClipType@CharDriver@@IAAXVSymbol@@@ZA@A@@@YAXPAVCharDriver@@VSymbol@@@Z
1	1	DIFF_SIZE	DIFFERENT_FUNCTION	TB	bl	default/BandCharacter	fn_82280258	??1LoaderGlitchContext@@QAA@XZ	??1?$ObjRefConcrete@VBandCharDesc@@VObjectDir@@@@UAA@XZ
1	1	DIFF_SIZE	DIFFERENT_FUNCTION	TB	bl	default/BandCharacter	fn_82281068	??1RndEnvironTracker@@QAA@XZ	??1?$ObjDirPtr@VObjectDir@@@@UAA@XZ
1	1	DIFF_SIZE	DIFFERENT_FUNCTION	TB	bl	default/BandCrowdMeter	??_G?$ObjPtr@VRndMatAnim@@@@UAAPAXI@Z	??1?$ObjPtrList@VRndGroup@@VObjectDir@@@@UAA@XZ	??1?$ObjRefConcrete@VRndMatAnim@@VObjectDir@@@@UAA@XZ
1	1	DIFF_SIZE	DIFFERENT_FUNCTION	TB	bl	default/BandCrowdMeter	??_GBandCrowdMeter@@UAAPAXI@Z	?MemFree@@YAXPAX@Z	??3BandCrowdMeter@@SAXPAX@Z
1	1	DIFF_SIZE	DIFFERENT_FUNCTION	TB	bl	default/BandCrowdMeter	?PreLoad@BandCrowdMeter@@UAAXAAVBinStream@@@Z	?SyncProperty@RndSpline@@UAA_NAAVDataNode@@PAVDataArray@@HW4PropOp@@@Z	?PreLoad@RndDir@@UAAXAAVBinStream@@@Z
1	1	DIFF_SIZE	DIFFERENT_FUNCTION	TB	bl	default/BandCrowdMeter	?push_back@?$vector@VIconData@BandCrowdMeter@@V?$StlNodeAlloc@VIconData@BandCrowdMeter@@@stlpmtx_std@@@stlpmtx_std@@QAAXABVIconData@BandCrowdMeter@@@Z	?_M_insert_overflow_aux@?$vector@VCamShotFrame@@V?$StlNodeAlloc@VCamShotFrame@@@stlpmtx_std@@@stlpmtx_std@@IAAXPAVCamShotFrame@@ABV3@ABU__false_type@2@I_N@Z	?_M_insert_overflow_aux@?$vector@VIconData@BandCrowdMeter@@V?$StlNodeAlloc@VIconData@BandCrowdMeter@@@stlpmtx_std@@@stlpmtx_std@@IAAXPAVIconData@BandCrowdMeter@@ABV34@ABU__false_type@2@I_N@Z
1	1	DIFF_SIZE	DIFFERENT_FUNCTION	TB	bl	default/BandDirector	??$_Copy_Construct@UPropertyFilter@CameraManager@@@stlpmtx_std@@YAXPAUPropertyFilter@CameraManager@@ABU12@@Z	??0?$Key@VObjectStage@@@@QAA@ABV0@@Z	??0PropertyFilter@CameraManager@@QAA@ABU01@@Z
1	1	DIFF_SIZE	DIFFERENT_FUNCTION	TB	bl	default/BandDirector	??_G?$ObjDirPtr@VRndDir@@@@UAAPAXI@Z	??1exception@std@@UAA@XZ	??1?$ObjDirPtr@VRndDir@@@@UAA@XZ
1	1	DIFF_SIZE	DIFFERENT_FUNCTION	TB	bl	default/BandDirector	??_G?$ObjPtrList@VFlowNode@@VObjectDir@@@@UAAPAXI@Z	??1?$ObjRefConcrete@VRndPostProc@@VObjectDir@@@@UAA@XZ	??1?$ObjPtrList@VFlowNode@@VObjectDir@@@@UAA@XZ
1	1	DIFF_SIZE	DIFFERENT_FUNCTION	TB	bl	default/BandDirector	??_G?$ObjPtrVec@VFlowNode@@VObjectDir@@@@UAAPAXI@Z	??1?$ObjDirPtr@VRndDir@@@@UAA@XZ	??1?$ObjPtrVec@VFlowNode@@VObjectDir@@@@UAA@XZ
1	1	DIFF_SIZE	DIFFERENT_FUNCTION	TB	bl	default/BandDirector	??_G?$ObjRefConcrete@VRndPostProc@@VObjectDir@@@@UAAPAXI@Z	??1?$ObjRefConcrete@VRndPropAnim@@VObjectDir@@@@UAA@XZ	??1?$ObjRefConcrete@VRndPostProc@@VObjectDir@@@@UAA@XZ
1	1	DIFF_SIZE	DIFFERENT_FUNCTION	TB	bl	default/BandDirector	??_G?$ObjRefConcrete@VRndPropAnim@@VObjectDir@@@@UAAPAXI@Z	??1?$ObjRefConcrete@VFileMerger@@VObjectDir@@@@UAA@XZ	??1?$ObjRefConcrete@VRndPropAnim@@VObjectDir@@@@UAA@XZ
1	1	DIFF_SIZE	DIFFERENT_FUNCTION	TB	bl	default/BandDirector	??_GBandDirector@@UAAPAXI@Z	?MemFree@@YAXPAX@Z	??3BandDirector@@SAXPAX@Z
1	1	DIFF_SIZE	DIFFERENT_FUNCTION	TB	bl	default/BandDirector	?Handle@BandDirector@@UAA?AVDataNode@@PAVDataArray@@_N@Z	??0DataNode@@QAA@XZ	?OnSaveSong@BandDirector@@QAA?AVDataNode@@PAVDataArray@@@Z
1	1	DIFF_SIZE	DIFFERENT_FUNCTION	TB	bl	default/BandDirector	?OnFirstShotOK@BandDirector@@QAA?AVDataNode@@PAVDataArray@@@Z	?KeyGreaterEq@?$Keys@_N_N@@QBAHM@Z	?KeyGreaterEq@?$Keys@UDircutEntry@BandDirector@@U12@@@QBAHM@Z
1	1	DIFF_SIZE	DIFFERENT_FUNCTION	TB	bl	default/BandDirector	fn_82290EA0	??1DataNode@@QAA@XZ	??1?$ObjRefConcrete@VObject@Hmx@@VObjectDir@@@@UAA@XZ
1	1	DIFF_SIZE	DIFFERENT_FUNCTION	TB	bl	default/BandDirector	fn_82292E00	??1DataNode@@QAA@XZ	??3DataArray@@SAXPAX@Z
1	1	DIFF_SIZE	DIFFERENT_FUNCTION	TB	bl	default/BandDirector	fn_822993BC	??1?$_Vector_base@VFilePath@@V?$StlNodeAlloc@VFilePath@@@stlpmtx_std@@@stlpmtx_std@@QAA@XZ	??1DataNode@@QAA@XZ
1	1	DIFF_SIZE	REVIEW	TB	bl	default/BandDirector	fn_82299640	??$__destroy_aux@V?$Key@VObjectStage@@@@@stlpmtx_std@@YAXPAV?$Key@VObjectStage@@@@ABU__false_type@0@@Z	??1DataArrayPtr@@QAA@XZ
1	1	DIFF_SIZE	DIFFERENT_FUNCTION	TB	bl	default/BandDirector	fn_82299850	??1PropertyFilter@CameraManager@@QAA@XZ	??1DataNode@@QAA@XZ
1	1	DIFF_SIZE	DIFFERENT_FUNCTION	TB	bl	default/BandDirector	fn_8229A26C	??1DataArrayPtr@@QAA@XZ	??1?$vector@UPropertyFilter@CameraManager@@V?$StlNodeAlloc@UPropertyFilter@CameraManager@@@stlpmtx_std@@@stlpmtx_std@@QAA@XZ
1	1	DIFF_SIZE	DIFFERENT_FUNCTION	TB	bl	default/BandDirector	fn_8229AF28	??1DataArrayPtr@@QAA@XZ	??_DCharBonesMeshes@@QAAXXZ
1	1	DIFF_SIZE	DIFFERENT_FUNCTION	TB	bl	default/BandHighlight	??_GBandHighlight@@UAAPAXI@Z	?MemFree@@YAXPAX@Z	??3BandHighlight@@SAXPAX@Z
1	1	DIFF_SIZE	DIFFERENT_FUNCTION	TB	bl	default/BandIKEffector	??_GBandIKEffector@@UAAPAXI@Z	?MemFree@@YAXPAX@Z	??3BandIKEffector@@SAXPAX@Z
1	1	DIFF_SIZE	DIFFERENT_FUNCTION	TB	bl	default/BandLeadMeter	??_GBandLeadMeter@@UAAPAXI@Z	?MemFree@@YAXPAX@Z	??3BandLeadMeter@@SAXPAX@Z
1	1	DIFF_SIZE	DIFFERENT_FUNCTION	TB	bl	default/BandList	??_G?$ObjPtr@VSequence@@@@UAAPAXI@Z	??_DBandList@@QAAXXZ	??1?$ObjRefConcrete@VSequence@@VObjectDir@@@@UAA@XZ
1	1	DIFF_SIZE	DIFFERENT_FUNCTION	TB	bl	default/BandList	fn_8233D0C4	??1UIList@@UAA@XZ	??1ObjRefOwner@@UAA@XZ
1	1	DIFF_SIZE	DIFFERENT_FUNCTION	TB	bl	default/BandMachineMgr	fn_825C4A3C	??1SongSortCmp@@UAA@XZ	??1Message@@UAA@XZ
1	1	DIFF_SIZE	DIFFERENT_FUNCTION	TB	bl	default/BandRetargetVignette	?insert@?$list@VString@@V?$StlNodeAlloc@VString@@@stlpmtx_std@@@stlpmtx_std@@QAA?AU?$_List_iterator@VString@@U?$_Nonconst_traits@VString@@@stlpmtx_std@@@2@U32@ABVString@@@Z	?_M_create_node@?$list@UFrame@RhythmDetector@@V?$StlNodeAlloc@UFrame@RhythmDetector@@@stlpmtx_std@@@stlpmtx_std@@IAAPAU_List_node_base@2@ABUFrame@RhythmDetector@@@Z	?_M_create_node@?$list@VString@@V?$StlNodeAlloc@VString@@@stlpmtx_std@@@stlpmtx_std@@IAAPAU_List_node_base@2@ABVString@@@Z
1	1	DIFF_SIZE	DIFFERENT_FUNCTION	TB	bl	default/BandScoreboard	fn_822CEF64	??1?$ObjRefConcrete@VCharLookAt@@VObjectDir@@@@UAA@XZ	??1DataNode@@QAA@XZ
1	1	DIFF_SIZE	REVIEW	TB	bl	default/BandSongMetadata	?HasSolo@BandSongMetadata@@QBA_NVSymbol@@@Z	??$__find@PAVSymbol@@V1@@stlpmtx_std@@YAPAVSymbol@@PAV1@0ABV1@ABUrandom_access_iterator_tag@0@@Z	??$__find@PBVSymbol@@V1@@stlpmtx_std@@YAPBVSymbol@@PBV1@0ABV1@ABUrandom_access_iterator_tag@0@@Z
1	1	DIFF_SIZE	DIFFERENT_FUNCTION	TB	bl	default/BandSongMgr	??$_Copy_Construct@U?$pair@$$CBVSymbol@@V?$vector@HV?$StlNodeAlloc@H@stlpmtx_std@@@stlpmtx_std@@@stlpmtx_std@@@stlpmtx_std@@YAXPAU?$pair@$$CBVSymbol@@V?$vector@HV?$StlNodeAlloc@H@stlpmtx_std@@@stlpmtx_std@@@0@ABU10@@Z	??0?$vector@VVector2@@V?$StlNodeAlloc@VVector2@@@stlpmtx_std@@@stlpmtx_std@@QAA@ABV01@@Z	??0?$vector@HV?$StlNodeAlloc@H@stlpmtx_std@@@stlpmtx_std@@QAA@ABV01@@Z
1	1	DIFF_SAMESIZE	REVIEW	TB	bl	default/BandSongMgr	??0?$vector@VVector2@@V?$StlNodeAlloc@VVector2@@@stlpmtx_std@@@stlpmtx_std@@QAA@ABV01@@Z	??$__uninitialized_copy@PAU?$pair@MM@stlpmtx_std@@PAU12@@stlpmtx_std@@YAPAU?$pair@MM@0@PAU10@00ABU__false_type@0@@Z	??$__uninitialized_copy@PBVVector2@@PAV1@@stlpmtx_std@@YAPAVVector2@@PBV1@0PAV1@ABU__false_type@0@@Z
1	1	DIFF_SIZE	DIFFERENT_FUNCTION	TB	bl	default/BandSongMgr	?push_back@?$vector@U?$pair@MM@stlpmtx_std@@V?$StlNodeAlloc@U?$pair@MM@stlpmtx_std@@@2@@stlpmtx_std@@QAAXABU?$pair@MM@2@@Z	?_M_insert_overflow_aux@?$vector@W4MatPropEditAction@@V?$StlNodeAlloc@W4MatPropEditAction@@@stlpmtx_std@@@stlpmtx_std@@IAAXPAW4MatPropEditAction@@ABW43@ABU__false_type@2@I_N@Z	?_M_insert_overflow_aux@?$vector@U?$pair@MM@stlpmtx_std@@V?$StlNodeAlloc@U?$pair@MM@stlpmtx_std@@@2@@stlpmtx_std@@IAAXPAU?$pair@MM@2@ABU32@ABU__false_type@2@I_N@Z
1	1	DIFF_SIZE	DIFFERENT_FUNCTION	TB	bl	default/BandSongMgr	fn_82579508	??1SongMetadata@@UAA@XZ	??1?$_String_base@DV?$allocator@D@stlpmtx_std@@@stlpmtx_std@@IAA@XZ
1	1	DIFF_SIZE	DIFFERENT_FUNCTION	TB	bl	default/BandSongMgr	fn_82579D7C	??1Callback@ContentMgr@@UAA@XZ	??1?$_List_base@VPlane@@V?$StlNodeAlloc@VPlane@@@stlpmtx_std@@@stlpmtx_std@@QAA@XZ
1	1	DIFF_SIZE	DIFFERENT_FUNCTION	TB	bl	default/BandSongMgr	fn_8257A898	??1SongMgr@@UAA@XZ	??1Polygon@Hmx@@QAA@XZ
1	1	DIFF_SIZE	DIFFERENT_FUNCTION	TB	bl	default/BandStarDisplay	??_GBandStarDisplay@@UAAPAXI@Z	?MemFree@@YAXPAX@Z	??3BandStarDisplay@@SAXPAX@Z
1	1	DIFF_SIZE	DIFFERENT_FUNCTION	TB	bl	default/BandSwatch	??_GBandSwatch@@UAAPAXI@Z	?MemFree@@YAXPAX@Z	??3BandSwatch@@SAXPAX@Z
1	1	DIFF_SIZE	DIFFERENT_FUNCTION	TB	bl	default/BandSwatch	fn_822ADD6C	??1UIList@@UAA@XZ	??1NgRnd@@UAA@XZ
1	1	DIFF_SIZE	DIFFERENT_FUNCTION	TB	bl	default/BandSwatch	fn_822AE6C4	??1RndTexRenderer@@UAA@XZ	??1?$hash_map@VSymbol@@PAVAward@@U?$hash@VSymbol@@@stlpmtx_std@@U?$equal_to@VSymbol@@@4@V?$StlNodeAlloc@U?$pair@$$CBVSymbol@@PAVAward@@@stlpmtx_std@@@4@@stlpmtx_std@@QAA@XZ
1	1	DIFF_SIZE	DIFFERENT_FUNCTION	TB	bl	default/BandUI	?Handle@BandUI@@UAA?AVDataNode@@PAVDataArray@@_N@Z	??0DataNode@@QAA@XZ	?OnMsg@BandUI@@QAA?AVDataNode@@ABVProcessedJoinRequestMsg@@@Z
1	1	DIFF_SIZE	DIFFERENT_FUNCTION	TB	bl	default/BandUI	?Handle@BandUI@@UAA?AVDataNode@@PAVDataArray@@_N@Z	?OnMsg@BandUI@@QAA?AVDataNode@@ABVUIComponentSelectMsg@@@Z	?OnMsg@BandUI@@QAA?AVDataNode@@ABVButtonDownMsg@@@Z
1	1	DIFF_SIZE	DIFFERENT_FUNCTION	TB	bl	default/BandUI	?Handle@BandUI@@UAA?AVDataNode@@PAVDataArray@@_N@Z	?OnMsg@BandUI@@QAA?AVDataNode@@ABVUIComponentSelectMsg@@@Z	?OnMsg@BandUI@@QAA?AVDataNode@@ABVButtonUpMsg@@@Z
1	1	DIFF_SIZE	DIFFERENT_FUNCTION	TB	bl	default/BandUI	?Handle@BandUI@@UAA?AVDataNode@@PAVDataArray@@_N@Z	?OnMsg@BandUI@@QAA?AVDataNode@@ABVUIComponentSelectMsg@@@Z	?OnMsg@BandUI@@QAA?AVDataNode@@ABVUIComponentFocusChangeMsg@@@Z
1	1	DIFF_SIZE	DIFFERENT_FUNCTION	TB	bl	default/BandUI	fn_82536060	??1StartLockMsg@@UAA@XZ	??1?$vector@MV?$StlNodeAlloc@M@stlpmtx_std@@@stlpmtx_std@@QAA@XZ
1	1	DIFF_SIZE	DIFFERENT_FUNCTION	TB	bl	default/BandUser	??_GRemoteBandUser@@UAAPAXI@Z	??_DSpotlightEnder@@QAAXXZ	??_DRemoteBandUser@@QAAXXZ
1	1	DIFF_SIZE	DIFFERENT_FUNCTION	TB	bl	default/BandUser	?SetControllerType@BandUser@@QAAXVSymbol@@@Z	?SetDifficulty@BandUser@@QAAXW4Difficulty@@@Z	?SetControllerType@BandUser@@QAAXW4ControllerType@@@Z
1	1	DIFF_SIZE	DIFFERENT_FUNCTION	TB	bl	default/BandUser	?SetDifficulty@BandUser@@QAAXVSymbol@@@Z	?SetTrackType@BandUser@@QAAXW4TrackType@@@Z	?SetDifficulty@BandUser@@QAAXW4Difficulty@@@Z
1	1	DIFF_SAMESIZE	DIFFERENT_FUNCTION	TB	bl	default/BandUser	fn_8268E25C	??1DataNode@@QAA@XZ	??1WiiFriendsListChangedMsg@@UAA@XZ
1	1	DIFF_SIZE	DIFFERENT_FUNCTION	TB	bl	default/BandWardrobe	??_G?$ObjPtr@VFileMerger@@@@UAAPAXI@Z	??1?$ObjPtrList@VObjectDir@@V1@@@UAA@XZ	??1?$ObjRefConcrete@VFileMerger@@VObjectDir@@@@UAA@XZ
1	1	DIFF_SIZE	DIFFERENT_FUNCTION	TB	bl	default/BandWardrobe	??_G?$ObjRefConcrete@VFileMerger@@VObjectDir@@@@UAAPAXI@Z	??1?$ObjPtrList@VObject@Hmx@@VObjectDir@@@@UAA@XZ	??1?$ObjRefConcrete@VFileMerger@@VObjectDir@@@@UAA@XZ
1	1	DIFF_SIZE	DIFFERENT_FUNCTION	TB	bl	default/BandWardrobe	??_GBandWardrobe@@UAAPAXI@Z	?MemFree@@YAXPAX@Z	??3BandWardrobe@@SAXPAX@Z
1	1	DIFF_SIZE	DIFFERENT_FUNCTION	TB	bl	default/BandWardrobe	??_GMerger@FileMerger@@QAAPAXI@Z	??1?$ObjPtrList@VCharInterest@@VObjectDir@@@@UAA@XZ	??1Merger@FileMerger@@QAA@XZ
1	1	DIFF_SIZE	DIFFERENT_FUNCTION	TB	bl	default/BlockMgr	?Init@BlockMgr@@QAAXXZ	??2CriticalSection@@SAPAXI@Z	??2Block@@SAPAXI@Z
1	1	DIFF_SIZE	DIFFERENT_FUNCTION	TB	bl	default/CacheMgr	?CreateCacheMgr@CacheMgr@@SAPAV1@XZ	??2CriticalSection@@SAPAXI@Z	??2CacheMgr@@SAPAXI@Z
1	1	DIFF_SIZE	DIFFERENT_FUNCTION	TB	bl	default/CacheMgr_Xbox	?CreateCacheIDForChosenDevice@CacheMgrXbox@@AAAXXZ	??2CriticalSection@@SAPAXI@Z	??2CacheID@@SAPAXI@Z
1	1	DIFF_SIZE	DIFFERENT_FUNCTION	TB	bl	default/CacheMgr_Xbox	?PollMount@CacheMgrXbox@@AAAXXZ	??2CriticalSection@@SAPAXI@Z	??2Cache@@SAPAXI@Z
1	1	DIFF_SIZE	DIFFERENT_FUNCTION	TB	bl	default/CacheMgr_Xbox	fn_827D8A78	??1NetLoader@@UAA@XZ	??1CacheMgr@@UAA@XZ
1	1	DIFF_SAMESIZE	DIFFERENT_FUNCTION	TB	bl	default/Cache_Xbox	??$_Param_Construct@UInlinedDir@ObjectDir@@U12@@stlpmtx_std@@YAXPAUInlinedDir@ObjectDir@@ABU12@@Z	??0CacheDirEntry@@QAA@ABV0@@Z	??0InlinedDir@ObjectDir@@QAA@ABU01@@Z
1	1	DIFF_SIZE	DIFFERENT_FUNCTION	TB	bl	default/Cache_Xbox	fn_827DADE0	??1Cache@@UAA@XZ	??1String@@UAA@XZ
1	1	DIFF_SIZE	DIFFERENT_FUNCTION	TB	bl	default/CamAnim	??_GRndCamAnim@@UAAPAXI@Z	?MemFree@@YAXPAX@Z	??3RndCamAnim@@SAXPAX@Z
1	1	DIFF_SAMESIZE	DIFFERENT_FUNCTION	TB	bl	default/CamAnim	?Copy@RndCamAnim@@UAAXPBVObject@Hmx@@W4CopyType@23@@Z	?SetOwnerObj@?$ObjOwnerPtr@VCharInterest@@@@QAAXPAVCharInterest@@@Z	?SetObjConcrete@?$ObjRefConcrete@VRndCamAnim@@VObjectDir@@@@QAAXPAVRndCamAnim@@@Z
1	1	DIFF_SIZE	DIFFERENT_FUNCTION	TB	bl	default/CameraManager	??_G?$ObjPtr@VRndTex@@@@UAAPAXI@Z	??1CameraManager@@UAA@XZ	??1?$ObjRefConcrete@VRndTex@@VObjectDir@@@@UAA@XZ
1	1	DIFF_SIZE	DIFFERENT_FUNCTION	TB	bl	default/CameraManager	??_G?$ObjRefConcrete@VCamShot@@VObjectDir@@@@UAAPAXI@Z	??1?$ObjPtrList@VCamShot@@VObjectDir@@@@UAA@XZ	??1?$ObjRefConcrete@VCamShot@@VObjectDir@@@@UAA@XZ
1	1	DIFF_SIZE	DIFFERENT_FUNCTION	TB	bl	default/CameraManager	??_Gbad_alloc@std@@UAAPAXI@Z	??1DestructiveTransitionEvent@@UAA@XZ	??1exception@std@@UAA@XZ
1	1	DIFF_SIZE	REVIEW	TB	bl	default/CameraManager	?reserve@?$vector@UPropertyFilter@CameraManager@@V?$StlNodeAlloc@UPropertyFilter@CameraManager@@@stlpmtx_std@@@stlpmtx_std@@QAAXI@Z	??$_M_allocate_and_copy@PBVColor@Hmx@@@?$vector@VColor@Hmx@@V?$StlNodeAlloc@VColor@Hmx@@@stlpmtx_std@@@stlpmtx_std@@IAAPAVColor@Hmx@@IPBV23@0@Z	??$_M_allocate_and_copy@PAUPropertyFilter@CameraManager@@@?$vector@UPropertyFilter@CameraManager@@V?$StlNodeAlloc@UPropertyFilter@CameraManager@@@stlpmtx_std@@@stlpmtx_std@@IAAPAUPropertyFilter@CameraManager@@IPAU23@0@Z
1	1	DIFF_SIZE	DIFFERENT_FUNCTION	TB	bl	default/CameraShot	??_GCamShot@@UAAPAXI@Z	?MemFree@@YAXPAX@Z	??3CamShot@@SAXPAX@Z
1	1	DIFF_SIZE	DIFFERENT_FUNCTION	TB	bl	default/CameraShot	?_M_fill_insert@?$vector@U?$pair@PBVMoveVariant@@PBV1@@stlpmtx_std@@V?$StlNodeAlloc@U?$pair@PBVMoveVariant@@PBV1@@stlpmtx_std@@@2@@stlpmtx_std@@AAAXPAU?$pair@PBVMoveVariant@@PBV1@@2@IABU32@@Z	?_M_insert_overflow_aux@?$vector@VMicClientID@@V?$StlNodeAlloc@VMicClientID@@@stlpmtx_std@@@stlpmtx_std@@IAAXPAVMicClientID@@ABV3@ABU__false_type@2@I_N@Z	?_M_insert_overflow_aux@?$vector@U?$pair@PBVMoveVariant@@PBV1@@stlpmtx_std@@V?$StlNodeAlloc@U?$pair@PBVMoveVariant@@PBV1@@stlpmtx_std@@@2@@stlpmtx_std@@IAAXPAU?$pair@PBVMoveVariant@@PBV1@@2@ABU32@ABU__false_type@2@I_N@Z
1	1	DIFF_SIZE	DIFFERENT_FUNCTION	TB	bl	default/CameraShot	?_M_fill_insert@?$vector@VCamShotFrame@@V?$StlNodeAlloc@VCamShotFrame@@@stlpmtx_std@@@stlpmtx_std@@AAAXPAVCamShotFrame@@IABV3@@Z	?_M_insert_overflow_aux@?$vector@UDynamicPropertyEntry@Flow@@V?$StlNodeAlloc@UDynamicPropertyEntry@Flow@@@stlpmtx_std@@@stlpmtx_std@@IAAXPAUDynamicPropertyEntry@Flow@@ABU34@ABU__false_type@2@I_N@Z	?_M_insert_overflow_aux@?$vector@VCamShotFrame@@V?$StlNodeAlloc@VCamShotFrame@@@stlpmtx_std@@@stlpmtx_std@@IAAXPAVCamShotFrame@@ABV3@ABU__false_type@2@I_N@Z
1	1	DIFF_SIZE	REVIEW	TB	bl	default/CameraShot	?_M_fill_insert_aux@?$vector@VCamShotFrame@@V?$StlNodeAlloc@VCamShotFrame@@@stlpmtx_std@@@stlpmtx_std@@AAAXPAVCamShotFrame@@IABV3@ABU__false_type@2@@Z	??$__uninitialized_fill_n@PAUDynamicPropertyEntry@Flow@@IU12@@stlpmtx_std@@YAPAUDynamicPropertyEntry@Flow@@PAU12@IABU12@ABU__false_type@0@@Z	??$__uninitialized_fill_n@PAVCamShotFrame@@IV1@@stlpmtx_std@@YAPAVCamShotFrame@@PAV1@IABV1@ABU__false_type@0@@Z
1	1	DIFF_SIZE	DIFFERENT_FUNCTION	TB	bl	default/CameraShot	fn_822BE3F8	??1?$_Vector_base@VHeldNote@@V?$StlNodeAlloc@VHeldNote@@@stlpmtx_std@@@stlpmtx_std@@QAA@XZ	??1ObjRefOwner@@UAA@XZ
1	1	DIFF_SIZE	DIFFERENT_FUNCTION	TB	bl	default/CameraShot	fn_82371830	??1Lod@Character@@QAA@XZ	??1DataNode@@QAA@XZ
1	1	DIFF_SIZE	DIFFERENT_FUNCTION	TB	bl	default/CameraShot	fn_824C2B7C	??1DataNode@@QAA@XZ	??1?$vector@U?$pair@HH@stlpmtx_std@@V?$StlNodeAlloc@U?$pair@HH@stlpmtx_std@@@2@@stlpmtx_std@@QAA@XZ
1	1	DIFF_SIZE	DIFFERENT_FUNCTION	TB	bl	default/CameraShot	fn_824C3938	??1?$_Vector_base@VTrackerPlayerDisplay@@V?$StlNodeAlloc@VTrackerPlayerDisplay@@@stlpmtx_std@@@stlpmtx_std@@QAA@XZ	??1?$ObjVector@VCamShotFrame@@@@QAA@XZ
1	1	DIFF_SIZE	DIFFERENT_FUNCTION	TB	bl	default/CameraShot	fn_824C39DC	??1?$ObjRefConcrete@VSpotlight@@VObjectDir@@@@UAA@XZ	??1?$_Vector_base@U?$pair@HH@stlpmtx_std@@V?$StlNodeAlloc@U?$pair@HH@stlpmtx_std@@@2@@stlpmtx_std@@QAA@XZ
1	1	DIFF_SIZE	DIFFERENT_FUNCTION	TB	bl	default/CameraShot	fn_824C3FC0	??1?$_Vector_base@VCamShotFrame@@V?$StlNodeAlloc@VCamShotFrame@@@stlpmtx_std@@@stlpmtx_std@@QAA@XZ	??1?$ObjPtr@VWorldCrowd@@@@UAA@XZ
1	1	DIFF_SIZE	DIFFERENT_FUNCTION	TB	bl	default/CameraShot	fn_824C4480	??1?$_Vector_base@VTrackerPlayerDisplay@@V?$StlNodeAlloc@VTrackerPlayerDisplay@@@stlpmtx_std@@@stlpmtx_std@@QAA@XZ	??1?$map@HMU?$less@H@stlpmtx_std@@V?$StlNodeAlloc@U?$pair@$$CBHM@stlpmtx_std@@@2@@stlpmtx_std@@QAA@XZ
1	1	DIFF_SIZE	DIFFERENT_FUNCTION	TB	bl	default/CameraShot	fn_824C5AB4	??1CamShotCrowd@@QAA@XZ	??1?$map@HMU?$less@H@stlpmtx_std@@V?$StlNodeAlloc@U?$pair@$$CBHM@stlpmtx_std@@@2@@stlpmtx_std@@QAA@XZ
1	1	DIFF_SIZE	DIFFERENT_FUNCTION	TB	bl	default/CameraShot	fn_824C66D0	??1?$ObjVector@VCamShotFrame@@@@QAA@XZ	??1?$vector@U?$pair@HH@stlpmtx_std@@V?$StlNodeAlloc@U?$pair@HH@stlpmtx_std@@@2@@stlpmtx_std@@QAA@XZ
1	1	DIFF_SIZE	DIFFERENT_FUNCTION	TB	bl	default/CameraShot	fn_824C7848	??1DataNode@@QAA@XZ	??1CamShotCrowd@@QAA@XZ
1	1	DIFF_SIZE	DIFFERENT_FUNCTION	TB	bl	default/Campaign	fn_825A6BAC	??1LoaderGlitchContext@@QAA@XZ	??1DataArrayPtr@@QAA@XZ
1	1	DIFF_SIZE	DIFFERENT_FUNCTION	TB	bl	default/CharBlendBone	fn_823C3D00	??1ObjRef@@QAA@XZ	??1ConstraintSystem@CharBlendBone@@QAA@XZ
1	1	DIFF_SIZE	DIFFERENT_FUNCTION	TB	bl	default/CharBone	??_GCharBone@@UAAPAXI@Z	?MemFree@@YAXPAX@Z	??3CharBone@@SAXPAX@Z
1	1	DIFF_SIZE	DIFFERENT_FUNCTION	TB	bl	default/CharBone	??_GRndTransformableRemover@@UAAPAXI@Z	?MemFree@@YAXPAX@Z	??3RndTransformable@@SAXPAX@Z
1	1	DIFF_SIZE	DIFFERENT_FUNCTION	TB	bl	default/CharBoneDir	??_GCharBoneDir@@UAAPAXI@Z	?MemFree@@YAXPAX@Z	??3CharBoneDir@@SAXPAX@Z
1	1	DIFF_SIZE	DIFFERENT_FUNCTION	TB	bl	default/CharBoneDir	??_GCharBoneTwist@@UAAPAXI@Z	?MemFree@@YAXPAX@Z	??3CharBoneTwist@@SAXPAX@Z
1	1	DIFF_SIZE	DIFFERENT_FUNCTION	TB	bl	default/CharBoneDir	fn_823B5D08	??1?$ObjPtrList@VCharBone@@VObjectDir@@@@UAA@XZ	??1ObjRefOwner@@UAA@XZ
1	1	DIFF_SIZE	DIFFERENT_FUNCTION	TB	bl	default/CharBoneOffset	??_GCharBoneOffset@@UAAPAXI@Z	?MemFree@@YAXPAX@Z	??3CharBoneOffset@@SAXPAX@Z
1	1	DIFF_SIZE	DIFFERENT_FUNCTION	TB	bl	default/CharBonesBlender	??_GCharBonesBlender@@UAAPAXI@Z	?MemFree@@YAXPAX@Z	??3CharBonesBlender@@SAXPAX@Z
1	1	DIFF_SIZE	DIFFERENT_FUNCTION	TB	bl	default/CharBonesBlender	fn_823D90F0	??1ObjRef@@QAA@XZ	??1?$ObjPtr@VCharBonesObject@@@@UAA@XZ
1	1	DIFF_SIZE	DIFFERENT_FUNCTION	TB	bl	default/CharBonesBlender	fn_823D9368	??1ObjRef@@QAA@XZ	??1?$ObjRefConcrete@VCharBonesObject@@VObjectDir@@@@UAA@XZ
1	1	DIFF_SIZE	REVIEW	TB	bl	default/CharBonesMeshes	fn_82276DCC	??$__destroy_aux@UEntry@LocalePanel@@@stlpmtx_std@@YAXPAUEntry@LocalePanel@@ABU__false_type@0@@Z	??1Object@Hmx@@UAA@XZ
1	1	DIFF_SIZE	DIFFERENT_FUNCTION	TB	bl	default/CharBonesMeshes	fn_82276E7C	??1?$_String_base@DV?$allocator@D@stlpmtx_std@@@stlpmtx_std@@IAA@XZ	??1String@@UAA@XZ
1	1	DIFF_SIZE	DIFFERENT_FUNCTION	TB	bl	default/CharBonesMeshes	fn_8237C138	??1CharBonesAlloc@@UAA@XZ	??1?$_Vector_base@V?$ObjOwnerPtr@VRndTransformable@@@@V?$StlNodeAlloc@V?$ObjOwnerPtr@VRndTransformable@@@@@stlpmtx_std@@@stlpmtx_std@@QAA@XZ
1	1	DIFF_SIZE	DIFFERENT_FUNCTION	TB	bl	default/CharBonesMeshes	fn_8237C2D4	??1CharBonesAlloc@@UAA@XZ	??1?$_Vector_base@VGem@@V?$StlNodeAlloc@VGem@@@stlpmtx_std@@@stlpmtx_std@@QAA@XZ
1	1	DIFF_SIZE	DIFFERENT_FUNCTION	TB	bl	default/CharBonesMeshes	fn_8237C5A0	??1ObjRef@@QAA@XZ	??1?$ObjOwnerPtr@VRndTransformable@@@@UAA@XZ
1	1	DIFF_SIZE	REVIEW	TB	bl	default/CharClip	??4?$vector@V?$map@HMU?$less@H@stlpmtx_std@@V?$StlNodeAlloc@U?$pair@$$CBHM@stlpmtx_std@@@2@@stlpmtx_std@@V?$StlNodeAlloc@V?$map@HMU?$less@H@stlpmtx_std@@V?$StlNodeAlloc@U?$pair@$$CBHM@stlpmtx_std@@@2@@stlpmtx_std@@@2@@stlpmtx_std@@QAAAAV01@ABV01@@Z	??$_M_allocate_and_copy@PBVActionRec@@@?$vector@VActionRec@@V?$StlNodeAlloc@VActionRec@@@stlpmtx_std@@@stlpmtx_std@@IAAPAVActionRec@@IPBV2@0@Z	??$_M_allocate_and_copy@PBV?$map@HMU?$less@H@stlpmtx_std@@V?$StlNodeAlloc@U?$pair@$$CBHM@stlpmtx_std@@@2@@stlpmtx_std@@@?$vector@V?$map@HMU?$less@H@stlpmtx_std@@V?$StlNodeAlloc@U?$pair@$$CBHM@stlpmtx_std@@@2@@stlpmtx_std@@V?$StlNodeAlloc@V?$map@HMU?$less@H@stlpmtx_std@@V?$StlNodeAlloc@U?$pair@$$CBHM@stlpmtx_std@@@2@@stlpmtx_std@@@2@@stlpmtx_std@@IAAPAV?$map@HMU?$less@H@stlpmtx_std@@V?$StlNodeAlloc@U?$pair@$$CBHM@stlpmtx_std@@@2@@1@IPBV21@0@Z
1	1	DIFF_SIZE	REVIEW	TB	bl	default/CharClip	?_M_fill_insert_aux@?$vector@V?$map@HMU?$less@H@stlpmtx_std@@V?$StlNodeAlloc@U?$pair@$$CBHM@stlpmtx_std@@@2@@stlpmtx_std@@V?$StlNodeAlloc@V?$map@HMU?$less@H@stlpmtx_std@@V?$StlNodeAlloc@U?$pair@$$CBHM@stlpmtx_std@@@2@@stlpmtx_std@@@2@@stlpmtx_std@@AAAXPAV?$map@HMU?$less@H@stlpmtx_std@@V?$StlNodeAlloc@U?$pair@$$CBHM@stlpmtx_std@@@2@@2@IABV32@ABU__true_type@2@@Z	??$__uninitialized_fill_n@PAVLeaderboardRow@@IV1@@stlpmtx_std@@YAPAVLeaderboardRow@@PAV1@IABV1@ABU__false_type@0@@Z	??$__uninitialized_fill_n@PAV?$map@HMU?$less@H@stlpmtx_std@@V?$StlNodeAlloc@U?$pair@$$CBHM@stlpmtx_std@@@2@@stlpmtx_std@@IV12@@stlpmtx_std@@YAPAV?$map@HMU?$less@H@stlpmtx_std@@V?$StlNodeAlloc@U?$pair@$$CBHM@stlpmtx_std@@@2@@0@PAV10@IABV10@ABU__false_type@0@@Z
1	1	DIFF_SIZE	DIFFERENT_FUNCTION	TB	bl	default/CharClip	fn_8235F0B0	??1?$map@HPAVUIComponent@@U?$less@H@stlpmtx_std@@V?$StlNodeAlloc@U?$pair@$$CBHPAVUIComponent@@@stlpmtx_std@@@3@@stlpmtx_std@@QAA@XZ	??1?$Keys@MM@@QAA@XZ
1	1	DIFF_SIZE	DIFFERENT_FUNCTION	TB	bl	default/CharClip	fn_8235F134	??1?$map@HPAVUIComponent@@U?$less@H@stlpmtx_std@@V?$StlNodeAlloc@U?$pair@$$CBHPAVUIComponent@@@stlpmtx_std@@@3@@stlpmtx_std@@QAA@XZ	??1CharBonesSamples@@UAA@XZ
1	1	DIFF_SIZE	DIFFERENT_FUNCTION	TB	bl	default/CharClip	fn_8237E9C8	??1DataNode@@QAA@XZ	??1MemHeapTracker@@QAA@XZ
1	1	DIFF_SIZE	DIFFERENT_FUNCTION	TB	bl	default/CharClip	fn_8237EEC8	??1DataNode@@QAA@XZ	??1?$list@UBone@CharBones@@V?$StlNodeAlloc@UBone@CharBones@@@stlpmtx_std@@@stlpmtx_std@@QAA@XZ
1	1	DIFF_SIZE	REVIEW	TB	bl	default/CharClip	fn_82382638	??$__destroy_aux@V?$map@HMU?$less@H@stlpmtx_std@@V?$StlNodeAlloc@U?$pair@$$CBHM@stlpmtx_std@@@2@@stlpmtx_std@@@stlpmtx_std@@YAXPAV?$map@HMU?$less@H@stlpmtx_std@@V?$StlNodeAlloc@U?$pair@$$CBHM@stlpmtx_std@@@2@@0@ABU__false_type@0@@Z	??1Transitions@CharClip@@QAA@XZ
1	1	DIFF_SIZE	DIFFERENT_FUNCTION	TB	bl	default/CharClipGroup	fn_82390A98	??1DataNode@@QAA@XZ	??1?$ObjOwnerPtr@VCharClip@@@@UAA@XZ
1	1	DIFF_SIZE	DIFFERENT_FUNCTION	TB	bl	default/CharClipSet	??_GCharClipSet@@UAAPAXI@Z	?MemFree@@YAXPAX@Z	??3CharClipSet@@SAXPAX@Z
1	1	DIFF_SIZE	DIFFERENT_FUNCTION	TB	bl	default/CharClipSet	?SortGroups@CharClipSet@@QAAXXZ	?Randomize@CharClipGroup@@QAAXXZ	?Sort@CharClipGroup@@QAAXXZ
1	1	DIFF_SIZE	DIFFERENT_FUNCTION	TB	bl	default/CharCollide	??_GCharCollide@@UAAPAXI@Z	?MemFree@@YAXPAX@Z	??3CharCollide@@SAXPAX@Z
1	1	DIFF_SIZE	DIFFERENT_FUNCTION	TB	bl	default/CharCuff	??_GCharCuff@@UAAPAXI@Z	?MemFree@@YAXPAX@Z	??3CharCuff@@SAXPAX@Z
1	1	DIFF_SAMESIZE	DIFFERENT_FUNCTION	TB	bl	default/CharDriver	??$?5VSymbol@@@BinStreamRev@@QAAAAV0@AAVSymbol@@@Z	?StaticClassName@CharDriver@@SA?AVSymbol@@XZ	??5BinStream@@QAAAAV0@AAVSymbol@@@Z
1	1	DIFF_SIZE	DIFFERENT_FUNCTION	TB	bl	default/CharDriver	??_G?$ObjRefConcrete@VCharWeightable@@VObjectDir@@@@UAAPAXI@Z	??1?$ObjRefConcrete@VCharClip@@VObjectDir@@@@UAA@XZ	??1?$ObjRefConcrete@VCharWeightable@@VObjectDir@@@@UAA@XZ
1	1	DIFF_SIZE	DIFFERENT_FUNCTION	TB	bl	default/CharDriver	fn_823CF844	??1ObjRef@@QAA@XZ	??3CharClipDriver@@SAXPAX@Z
1	1	DIFF_SIZE	DIFFERENT_FUNCTION	TB	bl	default/CharEyeDartRuleset	??_GCharEyeDartRuleset@@UAAPAXI@Z	?MemFree@@YAXPAX@Z	??3CharEyeDartRuleset@@SAXPAX@Z
1	1	DIFF_SIZE	DIFFERENT_FUNCTION	TB	bl	default/CharEyes	??0EyeDartRulesetData@CharEyeDartRuleset@@QAA@XZ	?StaticClassName@CharEyes@@SA?AVSymbol@@XZ	?ClearToDefaults@EyeDartRulesetData@CharEyeDartRuleset@@QAAXXZ
1	1	DIFF_SIZE	DIFFERENT_FUNCTION	TB	bl	default/CharEyes	??_G?$ObjOwnerPtr@VCharInterest@@@@UAAPAXI@Z	??1?$ObjRefConcrete@VCharFaceServo@@VObjectDir@@@@UAA@XZ	??1?$ObjOwnerPtr@VCharInterest@@@@UAA@XZ
1	1	DIFF_SIZE	DIFFERENT_FUNCTION	TB	bl	default/CharEyes	??_G?$ObjOwnerPtr@VCharLookAt@@@@UAAPAXI@Z	??1?$ObjRefConcrete@VCharInterest@@VObjectDir@@@@UAA@XZ	??1?$ObjOwnerPtr@VCharLookAt@@@@UAA@XZ
1	1	DIFF_SIZE	DIFFERENT_FUNCTION	TB	bl	default/CharEyes	??_GCharClipGroup@@UAAPAXI@Z	?MemFree@@YAXPAX@Z	??3CharClipGroup@@SAXPAX@Z
1	1	DIFF_SIZE	DIFFERENT_FUNCTION	TB	bl	default/CharEyes	fn_823871FC	??1ObjRef@@QAA@XZ	??1?$ObjRefConcrete@VCharLookAt@@VObjectDir@@@@UAA@XZ
1	1	DIFF_SIZE	DIFFERENT_FUNCTION	TB	bl	default/CharEyes	fn_82387F64	??1?$_Vector_base@VStreakList@Scoring@@V?$StlNodeAlloc@VStreakList@Scoring@@@stlpmtx_std@@@stlpmtx_std@@QAA@XZ	??1?$_Vector_base@UEyeDesc@CharEyes@@V?$StlNodeAlloc@UEyeDesc@CharEyes@@@stlpmtx_std@@@stlpmtx_std@@QAA@XZ
1	1	DIFF_SIZE	DIFFERENT_FUNCTION	TB	bl	default/CharEyes	fn_82389A64	??1ObjRef@@QAA@XZ	??1CharInterestState@CharEyes@@QAA@XZ
1	1	DIFF_SIZE	REVIEW	TB	bl	default/CharEyes	fn_8238A548	??$__destroy_aux@UCharInterestState@CharEyes@@@stlpmtx_std@@YAXPAUCharInterestState@CharEyes@@ABU__false_type@0@@Z	??1DataNode@@QAA@XZ
1	1	DIFF_SIZE	DIFFERENT_FUNCTION	TB	bl	default/CharEyes	fn_8238AC5C	??1ObjRef@@QAA@XZ	??1?$ObjOwnerPtr@VCharClip@@@@UAA@XZ
1	1	DIFF_SIZE	DIFFERENT_FUNCTION	TB	bl	default/CharFaceServo	??_GCharFaceServo@@UAAPAXI@Z	?MemFree@@YAXPAX@Z	??3CharFaceServo@@SAXPAX@Z
1	1	DIFF_SIZE	DIFFERENT_FUNCTION	TB	bl	default/CharGuitarString	??_GCharGuitarString@@UAAPAXI@Z	?MemFree@@YAXPAX@Z	??3CharGuitarString@@SAXPAX@Z
1	1	DIFF_SIZE	DIFFERENT_FUNCTION	TB	bl	default/CharHair	??_GCharHair@@UAAPAXI@Z	?MemFree@@YAXPAX@Z	??3CharHair@@SAXPAX@Z
1	1	DIFF_SIZE	DIFFERENT_FUNCTION	TB	bl	default/CharHair	fn_823A8C0C	??1?$_Vector_base@UPoint@CharHair@@V?$StlNodeAlloc@UPoint@CharHair@@@stlpmtx_std@@@stlpmtx_std@@QAA@XZ	??1?$_Vector_base@V?$map@HMU?$less@H@stlpmtx_std@@V?$StlNodeAlloc@U?$pair@$$CBHM@stlpmtx_std@@@2@@stlpmtx_std@@V?$StlNodeAlloc@V?$map@HMU?$less@H@stlpmtx_std@@V?$StlNodeAlloc@U?$pair@$$CBHM@stlpmtx_std@@@2@@stlpmtx_std@@@2@@stlpmtx_std@@QAA@XZ
1	1	DIFF_SIZE	DIFFERENT_FUNCTION	TB	bl	default/CharHair	fn_823A97F0	??1?$_Vector_base@VStrand@CharHair@@V?$StlNodeAlloc@VStrand@CharHair@@@stlpmtx_std@@@stlpmtx_std@@QAA@XZ	??1?$_Vector_base@UPoint@CharHair@@V?$StlNodeAlloc@UPoint@CharHair@@@stlpmtx_std@@@stlpmtx_std@@QAA@XZ
1	1	DIFF_SIZE	DIFFERENT_FUNCTION	TB	bl	default/CharIKFingers	??$?5VContentPoolMapping@SongSectionController@@@@YAAAVBinStream@@AAV0@AAV?$ObjList@VContentPoolMapping@SongSectionController@@@@@Z	??5@YAAAVBinStream@@AAV0@AAVPracticeSectionMapping@SongSectionController@@@Z	??5@YAAAVBinStream@@AAV0@AAVContentPoolMapping@SongSectionController@@@Z
1	1	DIFF_SIZE	DIFFERENT_FUNCTION	TB	bl	default/CharIKFingers	??$?5VContentPoolMapping@SongSectionController@@@@YAAAVBinStream@@AAV0@AAV?$ObjList@VContentPoolMapping@SongSectionController@@@@@Z	?resize@?$ObjList@VPracticeSectionMapping@SongSectionController@@@@QAAXI@Z	?resize@?$ObjList@VContentPoolMapping@SongSectionController@@@@QAAXI@Z
1	1	DIFF_SIZE	DIFFERENT_FUNCTION	TB	bl	default/CharIKFingers	??_GCharIKFingers@@UAAPAXI@Z	?MemFree@@YAXPAX@Z	??3CharIKFingers@@SAXPAX@Z
1	1	DIFF_SIZE	DIFFERENT_FUNCTION	TB	bl	default/CharIKFingers	??_GSongSectionController@@UAAPAXI@Z	?MemFree@@YAXPAX@Z	??3SongSectionController@@SAXPAX@Z
1	1	DIFF_SIZE	DIFFERENT_FUNCTION	TB	bl	default/CharIKFingers	fn_823B3C18	??1?$_Vector_base@UFingerDesc@CharIKFingers@@V?$StlNodeAlloc@UFingerDesc@CharIKFingers@@@stlpmtx_std@@@stlpmtx_std@@QAA@XZ	??1ObjRefOwner@@UAA@XZ
1	1	DIFF_SIZE	DIFFERENT_FUNCTION	TB	bl	default/CharIKFoot	??_GCharIKFoot@@UAAPAXI@Z	?MemFree@@YAXPAX@Z	??3CharIKFoot@@SAXPAX@Z
1	1	DIFF_SIZE	DIFFERENT_FUNCTION	TB	bl	default/CharIKHand	??_GCharIKHand@@UAAPAXI@Z	?MemFree@@YAXPAX@Z	??3CharIKHand@@SAXPAX@Z
1	1	DIFF_SIZE	DIFFERENT_FUNCTION	TB	bl	default/CharIKMidi	??_GCharIKMidi@@UAAPAXI@Z	?MemFree@@YAXPAX@Z	??3CharIKMidi@@SAXPAX@Z
1	1	DIFF_SIZE	DIFFERENT_FUNCTION	TB	bl	default/CharIKMidi	fn_823CA8CC	??1?$ObjRefConcrete@VRndTransformable@@VObjectDir@@@@UAA@XZ	??1DataNode@@QAA@XZ
1	1	DIFF_SIZE	DIFFERENT_FUNCTION	TB	bl	default/CharIKRod	??_GCharIKRod@@UAAPAXI@Z	?MemFree@@YAXPAX@Z	??3CharIKRod@@SAXPAX@Z
1	1	DIFF_SIZE	DIFFERENT_FUNCTION	TB	bl	default/CharIKScale	??0Polygon@Hmx@@QAA@ABV01@@Z	?StaticClassName@CharIKScale@@SA?AVSymbol@@XZ	??0?$vector@VVector2@@V?$StlNodeAlloc@VVector2@@@stlpmtx_std@@@stlpmtx_std@@QAA@ABV01@@Z
1	1	DIFF_SIZE	DIFFERENT_FUNCTION	TB	bl	default/CharIKScale	??_GCharIKScale@@UAAPAXI@Z	?MemFree@@YAXPAX@Z	??3CharIKScale@@SAXPAX@Z
1	1	DIFF_SIZE	DIFFERENT_FUNCTION	TB	bl	default/CharIKSliderMidi	??_GCharIKSliderMidi@@UAAPAXI@Z	?MemFree@@YAXPAX@Z	??3CharIKSliderMidi@@SAXPAX@Z
1	1	DIFF_SAMESIZE	DIFFERENT_FUNCTION	TB	bl	default/CharInterest	??0CharInterest@@IAA@XZ	??0?$ObjPtr@VObject@Hmx@@@@QAA@PAVObject@Hmx@@0@Z	??0?$ObjPtr@VCharEyeDartRuleset@@@@QAA@PAVObject@Hmx@@PAVCharEyeDartRuleset@@@Z
1	1	DIFF_SIZE	DIFFERENT_FUNCTION	TB	bl	default/CharInterest	??_GCharInterest@@UAAPAXI@Z	?MemFree@@YAXPAX@Z	??3CharInterest@@SAXPAX@Z
1	1	DIFF_SIZE	DIFFERENT_FUNCTION	TB	bl	default/CharLipSync	??_GCharLipSync@@UAAPAXI@Z	?MemFree@@YAXPAX@Z	??3CharLipSync@@SAXPAX@Z
1	1	DIFF_SIZE	DIFFERENT_FUNCTION	TB	bl	default/CharLipSync	?_M_fill_insert@?$vector@EV?$StlNodeAlloc@E@stlpmtx_std@@@stlpmtx_std@@AAAXPAEIABE@Z	?_M_fill_insert_aux@?$vector@VMeshFace@BandPatchMesh@@V?$StlNodeAlloc@VMeshFace@BandPatchMesh@@@stlpmtx_std@@@stlpmtx_std@@AAAXPAVMeshFace@BandPatchMesh@@IABV34@ABU__false_type@2@@Z	?_M_fill_insert_aux@?$vector@EV?$StlNodeAlloc@E@stlpmtx_std@@@stlpmtx_std@@AAAXPAEIABEABU__false_type@2@@Z
1	1	DIFF_SIZE	DIFFERENT_FUNCTION	TB	bl	default/CharLipSync	?_M_fill_insert@?$vector@EV?$StlNodeAlloc@E@stlpmtx_std@@@stlpmtx_std@@AAAXPAEIABE@Z	?_M_insert_overflow_aux@?$vector@UWeight@Generator@CharLipSync@@V?$StlNodeAlloc@UWeight@Generator@CharLipSync@@@stlpmtx_std@@@stlpmtx_std@@IAAXPAUWeight@Generator@CharLipSync@@ABU345@ABU__false_type@2@I_N@Z	?_M_insert_overflow@?$vector@EV?$StlNodeAlloc@E@stlpmtx_std@@@stlpmtx_std@@IAAXPAEABEABU__true_type@2@I_N@Z
1	1	DIFF_SIZE	DIFFERENT_FUNCTION	TB	bl	default/CharLipSync	?_M_fill_insert@?$vector@UWeight@PlayBack@CharLipSync@@V?$StlNodeAlloc@UWeight@PlayBack@CharLipSync@@@stlpmtx_std@@@stlpmtx_std@@AAAXPAUWeight@PlayBack@CharLipSync@@IABU345@@Z	?_M_insert_overflow_aux@?$vector@UMoveReplacer@@V?$StlNodeAlloc@UMoveReplacer@@@stlpmtx_std@@@stlpmtx_std@@IAAXPAUMoveReplacer@@ABU3@ABU__false_type@2@I_N@Z	?_M_insert_overflow_aux@?$vector@UWeight@PlayBack@CharLipSync@@V?$StlNodeAlloc@UWeight@PlayBack@CharLipSync@@@stlpmtx_std@@@stlpmtx_std@@IAAXPAUWeight@PlayBack@CharLipSync@@ABU345@ABU__false_type@2@I_N@Z
1	1	DIFF_SIZE	REVIEW	TB	bl	default/CharLipSync	?_M_fill_insert_aux@?$vector@UWeight@PlayBack@CharLipSync@@V?$StlNodeAlloc@UWeight@PlayBack@CharLipSync@@@stlpmtx_std@@@stlpmtx_std@@AAAXPAUWeight@PlayBack@CharLipSync@@IABU345@ABU__false_type@2@@Z	??$__uninitialized_copy@PAUMoveReplacer@@PAU1@@stlpmtx_std@@YAPAUMoveReplacer@@PAU1@00ABU__false_type@0@@Z	??$__uninitialized_fill_n@PAUWeight@PlayBack@CharLipSync@@IU123@@stlpmtx_std@@YAPAUWeight@PlayBack@CharLipSync@@PAU123@IABU123@ABU__false_type@0@@Z
1	1	DIFF_SIZE	DIFFERENT_FUNCTION	TB	bl	default/CharLipSync	?erase@?$list@VPlane@@V?$StlNodeAlloc@VPlane@@@stlpmtx_std@@@stlpmtx_std@@QAA?AU?$_List_iterator@VPlane@@U?$_Nonconst_traits@VPlane@@@stlpmtx_std@@@2@U32@0@Z	?erase@?$list@VString@@V?$StlNodeAlloc@VString@@@stlpmtx_std@@@stlpmtx_std@@QAA?AU?$_List_iterator@VString@@U?$_Nonconst_traits@VString@@@stlpmtx_std@@@2@U32@@Z	?erase@?$list@VPlane@@V?$StlNodeAlloc@VPlane@@@stlpmtx_std@@@stlpmtx_std@@QAA?AU?$_List_iterator@VPlane@@U?$_Nonconst_traits@VPlane@@@stlpmtx_std@@@2@U32@@Z
1	1	DIFF_SIZE	DIFFERENT_FUNCTION	TB	bl	default/CharLipSyncDriver	??_GCharLipSyncDriver@@UAAPAXI@Z	?MemFree@@YAXPAX@Z	??3CharLipSyncDriver@@SAXPAX@Z
1	1	DIFF_SIZE	DIFFERENT_FUNCTION	TB	bl	default/CharLookAt	??_GCharLookAt@@UAAPAXI@Z	?MemFree@@YAXPAX@Z	??3CharLookAt@@SAXPAX@Z
1	1	DIFF_SIZE	DIFFERENT_FUNCTION	TB	bl	default/CharMeshHide	??$_Param_Construct@VMoggClipMap@@V1@@stlpmtx_std@@YAXPAVMoggClipMap@@ABV1@@Z	??0Hide@CharMeshHide@@QAA@ABV01@@Z	??0MoggClipMap@@QAA@ABV0@@Z
1	1	DIFF_SAMESIZE	DIFFERENT_FUNCTION	TB	bl	default/CharMeshHide	??_G?$ObjPtrList@VMoggClipMap@@VObjectDir@@@@UAAPAXI@Z	??1CharMeshHide@@UAA@XZ	??1?$ObjPtrList@VMoggClipMap@@VObjectDir@@@@UAA@XZ
1	1	DIFF_SIZE	DIFFERENT_FUNCTION	TB	bl	default/CharMeshHide	fn_823A21AC	??1ObjRef@@QAA@XZ	??1SoundPlayMsg@@UAA@XZ
1	1	DIFF_SIZE	DIFFERENT_FUNCTION	TB	bl	default/CharPosConstraint	??_GCharPosConstraint@@UAAPAXI@Z	?MemFree@@YAXPAX@Z	??3CharPosConstraint@@SAXPAX@Z
1	1	DIFF_SIZE	DIFFERENT_FUNCTION	TB	bl	default/CharServoBone	??E?$ObjDirItr@VCharBone@@@@QAAAAV0@XZ	?Advance@?$ObjDirItr@VObject@Hmx@@@@AAAXXZ	?Advance@?$ObjDirItr@VCharBone@@@@AAAXXZ
1	1	DIFF_SIZE	DIFFERENT_FUNCTION	TB	bl	default/CharServoBone	??_GCharServoBone@@UAAPAXI@Z	?MemFree@@YAXPAX@Z	??3CharServoBone@@SAXPAX@Z
1	1	DIFF_SIZE	DIFFERENT_FUNCTION	TB	bl	default/CharServoBone	fn_823CE614	??1?$ObjRefConcrete@VRndTransformable@@VObjectDir@@@@UAA@XZ	??1RndHighlightable@@UAA@XZ
1	1	DIFF_SIZE	DIFFERENT_FUNCTION	TB	bl	default/CharServoBone	fn_82604840	??1PreloadPanel@@UAA@XZ	??1ObjRefOwner@@UAA@XZ
1	1	DIFF_SIZE	DIFFERENT_FUNCTION	TB	bl	default/CharSignalApplier	fn_8233F56C	??1PhysMemTypeTracker@@QAA@XZ	??1DataNode@@QAA@XZ
1	1	DIFF_SIZE	DIFFERENT_FUNCTION	TB	bl	default/CharSleeve	??_GCharSleeve@@UAAPAXI@Z	?MemFree@@YAXPAX@Z	??3CharSleeve@@SAXPAX@Z
1	1	DIFF_SIZE	DIFFERENT_FUNCTION	TB	bl	default/CharUpperTwist	??_GCharUpperTwist@@MAAPAXI@Z	??1RndMovie@@UAA@XZ	??1CharUpperTwist@@MAA@XZ
1	1	DIFF_SIZE	DIFFERENT_FUNCTION	TB	bl	default/CharUpperTwist	??_GCharUpperTwist@@MAAPAXI@Z	?MemFree@@YAXPAX@Z	??3CharUpperTwist@@SAXPAX@Z
1	1	DIFF_SIZE	DIFFERENT_FUNCTION	TB	bl	default/CharWeightSetter	??_GCharWeightSetter@@UAAPAXI@Z	?MemFree@@YAXPAX@Z	??3CharWeightSetter@@SAXPAX@Z
1	1	DIFF_SIZE	DIFFERENT_FUNCTION	TB	bl	default/Character	??$_Copy_Construct@UPresetOverride@WorldDir@@@stlpmtx_std@@YAXPAUPresetOverride@WorldDir@@ABU12@@Z	??0OldMatOption@@QAA@ABV0@@Z	??0PresetOverride@WorldDir@@QAA@ABU01@@Z
1	1	DIFF_SAMESIZE	DIFFERENT_FUNCTION	TB	bl	default/Character	??$_Param_Construct@ULod@Character@@U12@@stlpmtx_std@@YAXPAULod@Character@@ABU12@@Z	??0Piece@Piercing@OutfitConfig@@QAA@ABV012@@Z	??0Lod@Character@@QAA@ABU01@@Z
1	1	DIFF_SIZE	DIFFERENT_FUNCTION	TB	bl	default/Character	??$_Param_Construct@UNode@?$ObjPtrVec@VRndGroup@@VObjectDir@@@@U12@@stlpmtx_std@@YAXPAUNode@?$ObjPtrVec@VRndGroup@@VObjectDir@@@@ABU12@@Z	??0MatSwap@OutfitConfig@@QAA@ABV01@@Z	??0Node@?$ObjPtrVec@VRndGroup@@VObjectDir@@@@QAA@ABU01@@Z
1	1	DIFF_SIZE	DIFFERENT_FUNCTION	TB	bl	default/Character	??4FilePath@@QAAAAV0@ABV0@@Z	?StaticClassName@Character@@SA?AVSymbol@@XZ	??4String@@QAAAAV0@ABV0@@Z
1	1	DIFF_SIZE	DIFFERENT_FUNCTION	TB	bl	default/Character	??_G?$ObjPtr@VRndGroup@@@@UAAPAXI@Z	??1?$ObjPtrList@VRndDrawable@@VObjectDir@@@@UAA@XZ	??1?$ObjRefConcrete@VRndGroup@@VObjectDir@@@@UAA@XZ
1	1	DIFF_SIZE	DIFFERENT_FUNCTION	TB	bl	default/Character	??_GCharacter@@UAAPAXI@Z	?MemFree@@YAXPAX@Z	??3Character@@SAXPAX@Z
1	1	DIFF_SIZE	REVIEW	TB	bl	default/Character	?_M_fill_insert_aux@?$vector@ULod@Character@@V?$StlNodeAlloc@ULod@Character@@@stlpmtx_std@@@stlpmtx_std@@AAAXPAULod@Character@@IABU34@ABU__false_type@2@@Z	??$__uninitialized_copy@PAVCamShotFrame@@PAV1@@stlpmtx_std@@YAPAVCamShotFrame@@PAV1@00ABU__false_type@0@@Z	??$__uninitialized_fill_n@PAULod@Character@@IU12@@stlpmtx_std@@YAPAULod@Character@@PAU12@IABU12@ABU__false_type@0@@Z
1	1	DIFF_SIZE	DIFFERENT_FUNCTION	TB	bl	default/Character	?resize@?$vector@VSampleMarker@@V?$StlNodeAlloc@VSampleMarker@@@stlpmtx_std@@@stlpmtx_std@@QAAXIABVSampleMarker@@@Z	?_M_erase@?$vector@VOverlay@OutfitConfig@@V?$StlNodeAlloc@VOverlay@OutfitConfig@@@stlpmtx_std@@@stlpmtx_std@@IAAPAVOverlay@OutfitConfig@@PAV34@0ABU__false_type@2@@Z	?_M_erase@?$vector@VSampleMarker@@V?$StlNodeAlloc@VSampleMarker@@@stlpmtx_std@@@stlpmtx_std@@IAAPAVSampleMarker@@PAV3@0ABU__false_type@2@@Z
1	1	DIFF_SIZE	DIFFERENT_FUNCTION	TB	bl	default/Character	fn_822A314C	??1?$_Vector_base@VStreakList@Scoring@@V?$StlNodeAlloc@VStreakList@Scoring@@@stlpmtx_std@@@stlpmtx_std@@QAA@XZ	??1?$_Vector_base@ULod@Character@@V?$StlNodeAlloc@ULod@Character@@@stlpmtx_std@@@stlpmtx_std@@QAA@XZ
1	1	DIFF_SIZE	DIFFERENT_FUNCTION	TB	bl	default/Character	fn_822A51B4	??1Piece@Piercing@OutfitConfig@@QAA@XZ	??1Lod@Character@@QAA@XZ
1	1	DIFF_SIZE	DIFFERENT_FUNCTION	TB	bl	default/Character	fn_822A6AF8	??1?$ObjRefConcrete@VRndTex@@VObjectDir@@@@UAA@XZ	??1AutoSetCurrentCharacter@@QAA@XZ
1	1	DIFF_SIZE	DIFFERENT_FUNCTION	TB	bl	default/Character	fn_823731DC	??1Lod@Character@@QAA@XZ	??1Node@?$ObjPtrVec@VRndGroup@@VObjectDir@@@@UAA@XZ
1	1	DIFF_SIZE	DIFFERENT_FUNCTION	TB	bl	default/Character	fn_82373B14	??1DataNode@@QAA@XZ	??1SampleMarker@@QAA@XZ
1	1	DIFF_SIZE	DIFFERENT_FUNCTION	TB	bl	default/Character	fn_82373C98	??1Dep@CharPollableSorter@@QAA@XZ	??1BitmapOverride@WorldDir@@QAA@XZ
1	1	DIFF_SIZE	DIFFERENT_FUNCTION	TB	bl	default/Character	fn_82373FD4	??1Lod@Character@@QAA@XZ	??1AutoSetCurrentCharacter@@QAA@XZ
1	1	DIFF_SIZE	REVIEW	TB	bl	default/Character	fn_82374BFC	??$_Destroy@ULod@Character@@@stlpmtx_std@@YAXPAULod@Character@@@Z	??1PresetOverride@WorldDir@@QAA@XZ
1	1	DIFF_SIZE	REVIEW	TB	bl	default/Character	fn_82374D70	??$_Destroy@ULod@Character@@@stlpmtx_std@@YAXPAULod@Character@@@Z	??1DataNode@@QAA@XZ
1	1	DIFF_SIZE	REVIEW	TB	bl	default/CharacterCreatorPanel	fn_82610160	??$__ucopy_ptrs@PAPAU_Slist_node_base@priv@stlpmtx_std@@PAPAU123@@stlpmtx_std@@YAPAPAU_Slist_node_base@priv@0@PAPAU120@00ABU__true_type@0@@Z	??1Object@Hmx@@UAA@XZ
1	1	DIFF_SIZE	DIFFERENT_FUNCTION	TB	bl	default/CharacterTest	fn_823DDC14	??0Symbol@@QAA@XZ	??1?$_Vector_base@V?$map@HMU?$less@H@stlpmtx_std@@V?$StlNodeAlloc@U?$pair@$$CBHM@stlpmtx_std@@@2@@stlpmtx_std@@V?$StlNodeAlloc@V?$map@HMU?$less@H@stlpmtx_std@@V?$StlNodeAlloc@U?$pair@$$CBHM@stlpmtx_std@@@2@@stlpmtx_std@@@2@@stlpmtx_std@@QAA@XZ
1	1	DIFF_SIZE	DIFFERENT_FUNCTION	TB	bl	default/CharacterTest	fn_823DDF68	??1?$ObjRefConcrete@VCharacter@@VObjectDir@@@@UAA@XZ	??1Array2d@ClipDistMap@@QAA@XZ
1	1	DIFF_SIZE	DIFFERENT_FUNCTION	TB	bl	default/CheatProvider	??$_Param_Construct@UCheat@CheatProvider@@U12@@stlpmtx_std@@YAXPAUCheat@CheatProvider@@ABU12@@Z	??0SfxMap@@QAA@ABV0@@Z	??0Cheat@CheatProvider@@QAA@ABU01@@Z
1	1	DIFF_SIZE	DIFFERENT_FUNCTION	TB	bl	default/CheatProvider	??0Cheat@CheatProvider@@QAA@ABU01@@Z	??0?$vector@V?$Key@M@@V?$StlNodeAlloc@V?$Key@M@@@stlpmtx_std@@@stlpmtx_std@@QAA@ABV01@@Z	??0String@@QAA@ABV0@@Z
1	1	DIFF_SIZE	DIFFERENT_FUNCTION	TB	bl	default/CheatProvider	fn_82349D90	??1?$ObjRefConcrete@VCharLookAt@@VObjectDir@@@@UAA@XZ	??1String@@UAA@XZ
1	1	DIFF_SIZE	DIFFERENT_FUNCTION	TB	bl	default/Cheats	?CheatsInit@@YAXXZ	??0GlitchFinder@@QAA@XZ	??0CheatsManager@@QAA@XZ
1	1	DIFF_SIZE	DIFFERENT_FUNCTION	TB	bl	default/Cheats	?insert@?$list@UCheatLog@@V?$StlNodeAlloc@UCheatLog@@@stlpmtx_std@@@stlpmtx_std@@QAA?AU?$_List_iterator@UCheatLog@@U?$_Nonconst_traits@UCheatLog@@@stlpmtx_std@@@2@U32@ABUCheatLog@@@Z	?_M_create_node@?$list@UPropTriggerDefn@FlowTrigger@@V?$StlNodeAlloc@UPropTriggerDefn@FlowTrigger@@@stlpmtx_std@@@stlpmtx_std@@IAAPAU_List_node_base@2@ABUPropTriggerDefn@FlowTrigger@@@Z	?_M_create_node@?$list@UCheatLog@@V?$StlNodeAlloc@UCheatLog@@@stlpmtx_std@@@stlpmtx_std@@IAAPAU_List_node_base@2@ABUCheatLog@@@Z
1	1	DIFF_SIZE	DIFFERENT_FUNCTION	TB	bl	default/CheckboxDisplay	??_GCheckboxDisplay@@UAAPAXI@Z	?MemFree@@YAXPAX@Z	??3CheckboxDisplay@@SAXPAX@Z
1	1	DIFF_SIZE	DIFFERENT_FUNCTION	T-	bl	default/ChooseColorPanel	??0ChooseColorPanel@@QAA@XZ	??0?$hash_map@VSymbol@@HU?$hash@VSymbol@@@stlpmtx_std@@U?$equal_to@VSymbol@@@3@V?$StlNodeAlloc@U?$pair@$$CBVSymbol@@H@stlpmtx_std@@@3@@stlpmtx_std@@QAA@XZ	??0?$map@HPAVColorPalette@@U?$less@H@stlpmtx_std@@V?$StlNodeAlloc@U?$pair@$$CBHPAVColorPalette@@@stlpmtx_std@@@3@@stlpmtx_std@@QAA@XZ
1	1	DIFF_SIZE	DIFFERENT_FUNCTION	TB	bl	default/ChordShapeGenerator	??_GChordShapeGenerator@@UAAPAXI@Z	?MemFree@@YAXPAX@Z	??3ChordShapeGenerator@@SAXPAX@Z
1	1	DIFF_SIZE	DIFFERENT_FUNCTION	TB	bl	default/ChordShapeGenerator	fn_822E330C	??1DataNode@@QAA@XZ	??1?$vector@VFace@RndMesh@@V?$StlNodeAlloc@VFace@RndMesh@@@stlpmtx_std@@@stlpmtx_std@@QAA@XZ
1	1	DIFF_SIZE	DIFFERENT_FUNCTION	TB	bl	default/ChordbookPanel	fn_826B7B70	??1?$_Vector_base@VSfxMap@@V?$StlNodeAlloc@VSfxMap@@@stlpmtx_std@@@stlpmtx_std@@QAA@XZ	??1?$_Vector_base@VGameGem@@V?$StlNodeAlloc@VGameGem@@@stlpmtx_std@@@stlpmtx_std@@QAA@XZ
1	1	DIFF_SIZE	DIFFERENT_FUNCTION	TB	bl	default/Chunks	??0IDataChunk@@QAA@AAVIListChunk@@@Z	??2CriticalSection@@SAPAXI@Z	??2ChunkHeader@@SAPAXI@Z
1	1	DIFF_SAMESIZE	DIFFERENT_FUNCTION	TB	bl	default/ColorPalette	?_M_fill_insert@?$vector@UColorSet@@V?$StlNodeAlloc@UColorSet@@@stlpmtx_std@@@stlpmtx_std@@AAAXPAUColorSet@@IABU3@@Z	?_M_fill_insert_aux@?$vector@VGameGem@@V?$StlNodeAlloc@VGameGem@@@stlpmtx_std@@@stlpmtx_std@@AAAXPAVGameGem@@IABV3@ABU__false_type@2@@Z	?_M_fill_insert_aux@?$vector@UColorSet@@V?$StlNodeAlloc@UColorSet@@@stlpmtx_std@@@stlpmtx_std@@AAAXPAUColorSet@@IABU3@ABU__false_type@2@@Z
1	1	DIFF_SIZE	DIFFERENT_FUNCTION	TB	bl	default/ColorPalette	fn_826AB190	??1?$_Vector_base@VSfxMap@@V?$StlNodeAlloc@VSfxMap@@@stlpmtx_std@@@stlpmtx_std@@QAA@XZ	??1Object@Hmx@@UAA@XZ
1	1	DIFF_SIZE	DIFFERENT_FUNCTION	TB	bl	default/Console	?DataCppBreak@@YA?AVDataNode@@PAVDataArray@@@Z	?GetCrowdMeter@TrackPanelDirBase@@UAAPAVBandCrowdMeter@@XZ	?PlatformDebugBreak@@YA_NXZ
1	1	DIFF_SIZE	DIFFERENT_FUNCTION	TB	bl	default/ContentMgr	fn_8251F198	??1CallbackFile@ContentMgr@@QAA@XZ	??1String@@UAA@XZ
1	1	DIFF_SIZE	DIFFERENT_FUNCTION	TB	bl	default/ContentMgr_Xbox	??_G?$ObjRefConcrete@VCharPollable@@VObjectDir@@@@UAAPAXI@Z	??1ContentMgr@@UAA@XZ	??1?$ObjRefConcrete@VCharPollable@@VObjectDir@@@@UAA@XZ
1	1	DIFF_SIZE	DIFFERENT_FUNCTION	TB	bl	default/ContextChecker	?push_back@?$vector@UWeightedEntry@@V?$StlNodeAlloc@UWeightedEntry@@@stlpmtx_std@@@stlpmtx_std@@QAAXABUWeightedEntry@@@Z	?_M_insert_overflow_aux@?$vector@UNote@MidiParser@@V?$StlNodeAlloc@UNote@MidiParser@@@stlpmtx_std@@@stlpmtx_std@@IAAXPAUNote@MidiParser@@ABU34@ABU__false_type@2@I_N@Z	?_M_insert_overflow_aux@?$vector@UWeightedEntry@@V?$StlNodeAlloc@UWeightedEntry@@@stlpmtx_std@@@stlpmtx_std@@IAAXPAUWeightedEntry@@ABU3@ABU__false_type@2@I_N@Z
1	1	DIFF_SIZE	DIFFERENT_FUNCTION	TB	bl	default/ContextChecker	fn_8256DDC8	??1?$_Vector_base@VFilePath@@V?$StlNodeAlloc@VFilePath@@@stlpmtx_std@@@stlpmtx_std@@QAA@XZ	??1?$vector@UWeightedEntry@@V?$StlNodeAlloc@UWeightedEntry@@@stlpmtx_std@@@stlpmtx_std@@QAA@XZ
1	1	DIFF_SIZE	DIFFERENT_FUNCTION	TB	bl	default/CreditsPanel	??_GCreditsPanel@@EAAPAXI@Z	??1ContentLoadingPanel@@UAA@XZ	??1CreditsPanel@@EAA@XZ
1	1	DIFF_SIZE	DIFFERENT_FUNCTION	TB	bl	default/Crowd	??4Char3D@CharData@WorldCrowd@@QAAAAU012@ABU012@@Z	??0?$vector@VVector3@@V?$StlNodeAlloc@VVector3@@@stlpmtx_std@@@stlpmtx_std@@QAA@ABV01@@Z	??4?$vector@VColor@Hmx@@V?$StlNodeAlloc@VColor@Hmx@@@stlpmtx_std@@@stlpmtx_std@@QAAAAV01@ABV01@@Z
1	1	DIFF_SIZE	DIFFERENT_FUNCTION	TB	bl	default/Crowd	??_G?$ObjPtr@VCharacter@@@@UAAPAXI@Z	??1?$ObjPtrList@VRndMat@@VObjectDir@@@@UAA@XZ	??1?$ObjRefConcrete@VCharacter@@VObjectDir@@@@UAA@XZ
1	1	DIFF_SIZE	DIFFERENT_FUNCTION	TB	bl	default/Crowd	??_GWorldCrowd@@UAAPAXI@Z	?MemFree@@YAXPAX@Z	??3WorldCrowd@@SAXPAX@Z
1	1	DIFF_SIZE	DIFFERENT_FUNCTION	TB	bl	default/Crowd	?Handle@WorldCrowd@@UAA?AVDataNode@@PAVDataArray@@_N@Z	??0DataNode@@QAA@XZ	?OnRebuild@WorldCrowd@@IAA?AVDataNode@@PAVDataArray@@@Z
1	1	DIFF_SAMESIZE	SAME_FUNCTION	T-	bl	default/Crowd	?Mats@WorldCrowd@@UAAXAAV?$list@PAVRndMat@@V?$StlNodeAlloc@PAVRndMat@@@stlpmtx_std@@@stlpmtx_std@@_N@Z	?GetMeshShaderFlags@?A0xfe071329@@YAXPAVRndMat@@AAV?$list@IV?$StlNodeAlloc@I@stlpmtx_std@@@stlpmtx_std@@@Z	?GetMeshShaderFlags@?A0x26f5e66d@@YAXPAVRndMat@@AAV?$list@IV?$StlNodeAlloc@I@stlpmtx_std@@@stlpmtx_std@@@Z
1	1	DIFF_SIZE	DIFFERENT_FUNCTION	TB	bl	default/Crowd	?insert@?$list@IV?$StlNodeAlloc@I@stlpmtx_std@@@stlpmtx_std@@QAA?AU?$_List_iterator@IU?$_Nonconst_traits@I@stlpmtx_std@@@2@U32@ABI@Z	?_M_create_node@?$list@UOldMMInst@@V?$StlNodeAlloc@UOldMMInst@@@stlpmtx_std@@@stlpmtx_std@@IAAPAU_List_node_base@2@ABUOldMMInst@@@Z	?_M_create_node@?$list@IV?$StlNodeAlloc@I@stlpmtx_std@@@stlpmtx_std@@IAAPAU_List_node_base@2@ABI@Z
1	1	DIFF_SIZE	DIFFERENT_FUNCTION	TB	bl	default/Crowd	?push_back@?$vector@U?$pair@PAVRndMultiMesh@@U?$_List_iterator@UInstance@RndMultiMesh@@U?$_Nonconst_traits@UInstance@RndMultiMesh@@@stlpmtx_std@@@stlpmtx_std@@@stlpmtx_std@@V?$StlNodeAlloc@U?$pair@PAVRndMultiMesh@@U?$_List_iterator@UInstance@RndMultiMesh@@U?$_Nonconst_traits@UInstance@RndMultiMesh@@@stlpmtx_std@@@stlpmtx_std@@@stlpmtx_std@@@2@@stlpmtx_std@@QAAXABU?$pair@PAVRndMultiMesh@@U?$_List_iterator@UInstance@RndMultiMesh@@U?$_Nonconst_traits@UInstance@RndMultiMesh@@@stlpmtx_std@@@stlpmtx_std@@@2@@Z	?_M_insert_overflow_aux@?$vector@USongCollisionOutput@@V?$StlNodeAlloc@USongCollisionOutput@@@stlpmtx_std@@@stlpmtx_std@@IAAXPAUSongCollisionOutput@@ABU3@ABU__false_type@2@I_N@Z	?_M_insert_overflow_aux@?$vector@U?$pair@PAVRndMultiMesh@@U?$_List_iterator@UInstance@RndMultiMesh@@U?$_Nonconst_traits@UInstance@RndMultiMesh@@@stlpmtx_std@@@stlpmtx_std@@@stlpmtx_std@@V?$StlNodeAlloc@U?$pair@PAVRndMultiMesh@@U?$_List_iterator@UInstance@RndMultiMesh@@U?$_Nonconst_traits@UInstance@RndMultiMesh@@@stlpmtx_std@@@stlpmtx_std@@@stlpmtx_std@@@2@@stlpmtx_std@@IAAXPAU?$pair@PAVRndMultiMesh@@U?$_List_iterator@UInstance@RndMultiMesh@@U?$_Nonconst_traits@UInstance@RndMultiMesh@@@stlpmtx_std@@@stlpmtx_std@@@2@ABU32@ABU__false_type@2@I_N@Z
1	1	DIFF_SIZE	DIFFERENT_FUNCTION	TB	bl	default/Crowd	fn_824E2A98	??1?$_Vector_base@UChar3D@CharData@WorldCrowd@@V?$StlNodeAlloc@UChar3D@CharData@WorldCrowd@@@stlpmtx_std@@@stlpmtx_std@@QAA@XZ	??1ObjRefOwner@@UAA@XZ
1	1	DIFF_SIZE	DIFFERENT_FUNCTION	TB	bl	default/Crowd	fn_824E30CC	??1RndEnvironTracker@@QAA@XZ	??1DataNode@@QAA@XZ
1	1	DIFF_SIZE	DIFFERENT_FUNCTION	TB	bl	default/Crowd	fn_824E3CF8	??1?$_Vector_base@UChar3D@CharData@WorldCrowd@@V?$StlNodeAlloc@UChar3D@CharData@WorldCrowd@@@stlpmtx_std@@@stlpmtx_std@@QAA@XZ	??1?$_Vector_base@VSymbol@@V?$StlNodeAlloc@VSymbol@@@stlpmtx_std@@@stlpmtx_std@@QAA@XZ
1	1	DIFF_SIZE	DIFFERENT_FUNCTION	TB	bl	default/Crowd	fn_824E3DD4	??1?$vector@UChar3D@CharData@WorldCrowd@@V?$StlNodeAlloc@UChar3D@CharData@WorldCrowd@@@stlpmtx_std@@@stlpmtx_std@@QAA@XZ	??1?$ObjPtrList@VObject@Hmx@@VObjectDir@@@@UAA@XZ
1	1	DIFF_SIZE	DIFFERENT_FUNCTION	TB	bl	default/Crowd	fn_824E59B4	??1?$_Vector_base@VTrackerPlayerDisplay@@V?$StlNodeAlloc@VTrackerPlayerDisplay@@@stlpmtx_std@@@stlpmtx_std@@QAA@XZ	??1Merger@FileMerger@@QAA@XZ
1	1	DIFF_SIZE	REVIEW	TB	bl	default/CrowdAudio	??$?5V?$ObjDirPtr@VObjectDir@@@@@BinStreamRev@@QAAAAV0@AAV?$ObjDirPtr@VObjectDir@@@@@Z	?StaticClassName@CrowdAudio@@SA?AVSymbol@@XZ	??$?5VObjectDir@@@@YAAAVBinStream@@AAV0@AAV?$ObjDirPtr@VObjectDir@@@@@Z
1	1	DIFF_SIZE	DIFFERENT_FUNCTION	TB	bl	default/CrowdMeterIcon	??_GCrowdMeterIcon@@UAAPAXI@Z	?MemFree@@YAXPAX@Z	??3CrowdMeterIcon@@SAXPAX@Z
1	1	DIFF_SIZE	REVIEW	TB	bl	default/DataEventList	??0?$vector@UCompEv@DataEventList@@V?$StlNodeAlloc@UCompEv@DataEventList@@@stlpmtx_std@@@stlpmtx_std@@QAA@ABV01@@Z	??$__uninitialized_copy@PBVFilePath@@PAV1@@stlpmtx_std@@YAPAVFilePath@@PBV1@0PAV1@ABU__false_type@0@@Z	??$__uninitialized_copy@PBUCompEv@DataEventList@@PAU12@@stlpmtx_std@@YAPAUCompEv@DataEventList@@PBU12@0PAU12@ABU__false_type@0@@Z
1	1	DIFF_SIZE	SAME_FUNCTION	T-	bl	default/DataEventList	?Reset@DataEventList@@QAAXM@Z	??$__lower_bound@PAUCompEv@DataEventList@@MUEventTimeCompComp@?A0xbe67b340@@H@stlpmtx_std@@YAPAUCompEv@DataEventList@@PAU12@0ABMUEventTimeCompComp@?A0xbe67b340@@PAH@Z	??$__lower_bound@PAUCompEv@DataEventList@@MUEventTimeCompComp@?A0x0973f8fe@@H@stlpmtx_std@@YAPAUCompEv@DataEventList@@PAU12@0ABMUEventTimeCompComp@?A0x0973f8fe@@PAH@Z
1	1	DIFF_SIZE	REVIEW	T-	bl	default/DataEventList	?Reset@DataEventList@@QAAXM@Z	??$__lower_bound@PAUCompEv@DataEventList@@MUEventTimeCompComp@?A0xbe67b340@@H@stlpmtx_std@@YAPAUCompEv@DataEventList@@PAU12@0ABMUEventTimeCompComp@?A0xbe67b340@@PAH@Z	??$__lower_bound@PAVDataEvent@@MUEventTimeComp@?A0x0973f8fe@@H@stlpmtx_std@@YAPAVDataEvent@@PAV1@0ABMUEventTimeComp@?A0x0973f8fe@@PAH@Z
1	1	DIFF_SIZE	REVIEW	TB	bl	default/DataEventList	?_M_fill_insert_aux@?$vector@UCompEv@DataEventList@@V?$StlNodeAlloc@UCompEv@DataEventList@@@stlpmtx_std@@@stlpmtx_std@@AAAXPAUCompEv@DataEventList@@IABU34@ABU__false_type@2@@Z	??$__uninitialized_fill_n@PAURndPointTest@NgRnd@@IU12@@stlpmtx_std@@YAPAURndPointTest@NgRnd@@PAU12@IABU12@ABU__false_type@0@@Z	??$__uninitialized_fill_n@PAUCompEv@DataEventList@@IU12@@stlpmtx_std@@YAPAUCompEv@DataEventList@@PAU12@IABU12@ABU__false_type@0@@Z
1	1	DIFF_SIZE	REVIEW	TB	bl	default/DataEventList	?reserve@?$vector@VDataEvent@@V?$StlNodeAlloc@VDataEvent@@@stlpmtx_std@@@stlpmtx_std@@QAAXI@Z	??$_M_allocate_and_copy@PBVRndBone@@@?$vector@VRndBone@@V?$StlNodeAlloc@VRndBone@@@stlpmtx_std@@@stlpmtx_std@@IAAPAVRndBone@@IPBV2@0@Z	??$_M_allocate_and_copy@PAVDataEvent@@@?$vector@VDataEvent@@V?$StlNodeAlloc@VDataEvent@@@stlpmtx_std@@@stlpmtx_std@@IAAPAVDataEvent@@IPAV2@0@Z
1	1	DIFF_SIZE	DIFFERENT_FUNCTION	TB	bl	default/DataEventList	fn_827ED480	??1?$_Vector_base@VFilePath@@V?$StlNodeAlloc@VFilePath@@@stlpmtx_std@@@stlpmtx_std@@QAA@XZ	??1?$_Vector_base@UCompEv@DataEventList@@V?$StlNodeAlloc@UCompEv@DataEventList@@@stlpmtx_std@@@stlpmtx_std@@QAA@XZ
1	1	DIFF_SIZE	DIFFERENT_FUNCTION	TB	bl	default/DataEventList	fn_827ED9DC	??1?$_Vector_base@VFilePath@@V?$StlNodeAlloc@VFilePath@@@stlpmtx_std@@@stlpmtx_std@@QAA@XZ	??1?$vector@UCompEv@DataEventList@@V?$StlNodeAlloc@UCompEv@DataEventList@@@stlpmtx_std@@@stlpmtx_std@@QAA@XZ
1	1	DIFF_SIZE	DIFFERENT_FUNCTION	TB	bl	default/DataFile	??_G?$pair@$$CBVString@@VDataNode@@@stlpmtx_std@@QAAPAXI@Z	??1DataLoader@@UAA@XZ	??1?$pair@$$CBVString@@VDataNode@@@stlpmtx_std@@QAA@XZ
1	1	DIFF_SIZE	DIFFERENT_FUNCTION	TB	bl	default/DataFile	fn_824F88A4	??1JsonConverter@@UAA@XZ	??1BufStream@@UAA@XZ
1	1	DIFF_SIZE	DIFFERENT_FUNCTION	TB	bl	default/DataFile	fn_8250B170	??1String@@UAA@XZ	??1Loader@@UAA@XZ
1	1	DIFF_SIZE	DIFFERENT_FUNCTION	TB	bl	default/DataFile	fn_8250B48C	??1Updatable@@UAA@XZ	??1Loader@@UAA@XZ
1	1	DIFF_SIZE	DIFFERENT_FUNCTION	TB	bl	default/DataFunc	?DataBasename@@YA?AVDataNode@@PAVDataArray@@@Z	?Int@DataNode@@QBAHPBVDataArray@@@Z	?Str@DataNode@@QBAPBDPBVDataArray@@@Z
1	1	DIFF_SIZE	DIFFERENT_FUNCTION	TB	bl	default/DataFunc	?DataBasename@@YA?AVDataNode@@PAVDataArray@@@Z	?LocalizeSeparatedInt@@YAPBDHAAVLocale@@@Z	FileGetBase
1	1	DIFF_SIZE	DIFFERENT_FUNCTION	TB	bl	default/DataFunc	?DataClampEq@@YA?AVDataNode@@PAVDataArray@@@Z	?DataSub@@YA?AVDataNode@@PAVDataArray@@@Z	?DataClamp@@YA?AVDataNode@@PAVDataArray@@@Z
1	1	DIFF_SIZE	DIFFERENT_FUNCTION	TB	bl	default/DataFunc	?DataDivideEq@@YA?AVDataNode@@PAVDataArray@@@Z	?DataClamp@@YA?AVDataNode@@PAVDataArray@@@Z	?DataDivide@@YA?AVDataNode@@PAVDataArray@@@Z
1	1	DIFF_SIZE	DIFFERENT_FUNCTION	TB	bl	default/DataFunc	?DataQuote@@YA?AVDataNode@@PAVDataArray@@@Z	?Quasiquote@@YA?AVDataNode@@ABV1@@Z	??0DataNode@@QAA@ABV0@@Z
1	1	DIFF_SIZE	DIFFERENT_FUNCTION	TB	bl	default/DataFunc	?DataSubEq@@YA?AVDataNode@@PAVDataArray@@@Z	?DataDivide@@YA?AVDataNode@@PAVDataArray@@@Z	?DataSub@@YA?AVDataNode@@PAVDataArray@@@Z
1	1	DIFF_SIZE	DIFFERENT_FUNCTION	TB	bl	default/DataFunc	fn_8275D224	??1Object@Hmx@@UAA@XZ	??1?$ObjRefConcrete@VObject@Hmx@@VObjectDir@@@@UAA@XZ
1	1	DIFF_SIZE	DIFFERENT_FUNCTION	TB	bl	default/DataFunc	fn_82763620	??1CompressTextureCallback@Rnd@@UAA@XZ	??1Object@Hmx@@UAA@XZ
1	1	DIFF_SIZE	DIFFERENT_FUNCTION	TB	bl	default/DataNode	fn_8274526C	??1String@@UAA@XZ	??1?$vector@PAU_Slist_node_base@priv@stlpmtx_std@@V?$StlNodeAlloc@PAU_Slist_node_base@priv@stlpmtx_std@@@3@@stlpmtx_std@@QAA@XZ
1	1	DIFF_SIZE	DIFFERENT_FUNCTION	TB	bl	default/Debug	fn_8250F918	??1String@@UAA@XZ	??1CritSecTracker@@QAA@XZ
1	1	DIFF_SIZE	DIFFERENT_FUNCTION	TB	bl	default/DepthBuffer3D	??$_Param_Construct@V?$vector@VVector3@@V?$StlNodeAlloc@VVector3@@@stlpmtx_std@@@stlpmtx_std@@V12@@stlpmtx_std@@YAXPAV?$vector@VVector3@@V?$StlNodeAlloc@VVector3@@@stlpmtx_std@@@0@ABV10@@Z	??0VocalScoreHistory@@QAA@ABV0@@Z	??0?$vector@VVector3@@V?$StlNodeAlloc@VVector3@@@stlpmtx_std@@@stlpmtx_std@@QAA@ABV01@@Z
1	1	DIFF_SIZE	DIFFERENT_FUNCTION	TB	bl	default/DepthBuffer3D	??_G?$ObjPtr@VRhythmDetector@@@@UAAPAXI@Z	??1TambourineManager@@UAA@XZ	??1?$ObjRefConcrete@VRhythmDetector@@VObjectDir@@@@UAA@XZ
1	1	DIFF_SIZE	DIFFERENT_FUNCTION	TB	bl	default/DepthBuffer3D	fn_826F8408	??1?$_Vector_base@V?$deque@PAVTubePlate@@V?$StlNodeAlloc@PAVTubePlate@@@stlpmtx_std@@@stlpmtx_std@@V?$StlNodeAlloc@V?$deque@PAVTubePlate@@V?$StlNodeAlloc@PAVTubePlate@@@stlpmtx_std@@@stlpmtx_std@@@2@@stlpmtx_std@@QAA@XZ	??1Message@@UAA@XZ
1	1	DIFF_SIZE	DIFFERENT_FUNCTION	TB	bl	default/DirLoader	fn_827565D4	??1Loader@@UAA@XZ	??1FilePath@@UAA@XZ
1	1	DIFF_SIZE	DIFFERENT_FUNCTION	TB	bl	default/DirLoader	fn_8275682C	??1FilePathTracker@@QAA@XZ	??1DataArrayPtr@@QAA@XZ
1	1	DIFF_SIZE	DIFFERENT_FUNCTION	TB	bl	default/DirLoader	fn_82758078	??1String@@UAA@XZ	??1FilePathTracker@@QAA@XZ
1	1	DIFF_SIZE	DIFFERENT_FUNCTION	TB	bl	default/DirUnloader	fn_8273CB2C	??1NgRnd@@UAA@XZ	??1?$_Vector_base@V?$ObjPtr@VObject@Hmx@@@@V?$StlNodeAlloc@V?$ObjPtr@VObject@Hmx@@@@@stlpmtx_std@@@stlpmtx_std@@QAA@XZ
1	1	DIFF_SIZE	DIFFERENT_FUNCTION	TB	bl	default/Draw	??_GRndDrawable@@UAAPAXI@Z	?MemFree@@YAXPAX@Z	??3RndDrawable@@SAXPAX@Z
1	1	DIFF_SIZE	DIFFERENT_FUNCTION	TB	bl	default/Draw	fn_82407390	??1ObjRef@@QAA@XZ	??1?$ObjPtr@VRndDrawable@@@@UAA@XZ
1	1	DIFF_SIZE	DIFFERENT_FUNCTION	TB	bl	default/Emitter	??_GSynthEmitter@@UAAPAXI@Z	?MemFree@@YAXPAX@Z	??3SynthEmitter@@SAXPAX@Z
1	1	DIFF_SIZE	DIFFERENT_FUNCTION	TB	bl	default/EndingBonus	??_GEndingBonus@@UAAPAXI@Z	?MemFree@@YAXPAX@Z	??3EndingBonus@@SAXPAX@Z
1	1	DIFF_SIZE	DIFFERENT_FUNCTION	TB	bl	default/EntityUploader	??_GRockCentralOpCompleteMsg@@UAAPAXI@Z	??1Object@Hmx@@UAA@XZ	??1RockCentralOpCompleteMsg@@UAA@XZ
1	1	DIFF_SAMESIZE	DIFFERENT_FUNCTION	TB	bl	default/Env	?Copy@RndEnviron@@UAAXPBVObject@Hmx@@W4CopyType@23@@Z	?SetOwnerObj@?$ObjOwnerPtr@VObject@Hmx@@@@QAAXPAVObject@Hmx@@@Z	?SetObjConcrete@?$ObjRefConcrete@VRndEnviron@@VObjectDir@@@@QAAXPAVRndEnviron@@@Z
1	1	DIFF_SIZE	DIFFERENT_FUNCTION	TB	bl	default/Env	fn_8240829C	??1ObjRef@@QAA@XZ	??1?$ObjRefConcrete@VRndEnviron@@VObjectDir@@@@UAA@XZ
1	1	DIFF_SIZE	DIFFERENT_FUNCTION	TB	bl	default/EnvAnim	??_GRndEnvAnim@@UAAPAXI@Z	?MemFree@@YAXPAX@Z	??3RndEnvAnim@@SAXPAX@Z
1	1	DIFF_SAMESIZE	DIFFERENT_FUNCTION	TB	bl	default/EnvAnim	?Copy@RndEnvAnim@@UAAXPBVObject@Hmx@@W4CopyType@23@@Z	?SetOwnerObj@?$ObjOwnerPtr@VCharInterest@@@@QAAXPAVCharInterest@@@Z	?SetObjConcrete@?$ObjRefConcrete@VRndEnvAnim@@VObjectDir@@@@QAAXPAVRndEnvAnim@@@Z
1	1	DIFF_SIZE	REVIEW	TB	bl	default/Env_NG	??$_M_allocate_and_copy@PAURndPointTest@NgRnd@@@?$vector@URndPointTest@NgRnd@@V?$StlNodeAlloc@URndPointTest@NgRnd@@@stlpmtx_std@@@stlpmtx_std@@IAAPAURndPointTest@NgRnd@@IPAU23@0@Z	??$__uninitialized_copy@PBUTempoInfoPoint@MultiTempoTempoMap@@PAU12@@stlpmtx_std@@YAPAUTempoInfoPoint@MultiTempoTempoMap@@PBU12@0PAU12@ABU__false_type@0@@Z	??$__uninitialized_copy@PAURndPointTest@NgRnd@@PAU12@@stlpmtx_std@@YAPAURndPointTest@NgRnd@@PAU12@00ABU__false_type@0@@Z
1	1	DIFF_SIZE	DIFFERENT_FUNCTION	TB	bl	default/Env_NG	??_GNgEnviron@@UAAPAXI@Z	??1NgRnd@@UAA@XZ	??1RndEnviron@@UAA@XZ
1	1	DIFF_SIZE	REVIEW	TB	bl	default/Env_NG	?Terminate@NgRnd@@UAAXXZ	??$?0H@?$StlNodeAlloc@V?$_List_node@H@stlpmtx_std@@@stlpmtx_std@@QAA@ABV?$StlNodeAlloc@H@1@@Z	?Terminate@NgDOFProc@@SAXXZ
1	1	DIFF_SIZE	DIFFERENT_FUNCTION	TB	bl	default/Env_NG	fn_82B87D28	??1Rnd@@UAA@XZ	??1ObjRefOwner@@UAA@XZ
1	1	DIFF_SIZE	DIFFERENT_FUNCTION	TB	bl	default/EventAnim	??4?$ObjList@VEventCall@EventAnim@@@@QAAXABV0@@Z	??4?$list@VKeyFrame@EventAnim@@V?$StlNodeAlloc@VKeyFrame@EventAnim@@@stlpmtx_std@@@stlpmtx_std@@QAAAAV01@ABV01@@Z	??4?$list@VEventCall@EventAnim@@V?$StlNodeAlloc@VEventCall@EventAnim@@@stlpmtx_std@@@stlpmtx_std@@QAAAAV01@ABV01@@Z
1	1	DIFF_SIZE	DIFFERENT_FUNCTION	TB	bl	default/EventAnim	fn_824CA668	??1DataNode@@QAA@XZ	??1EventCall@EventAnim@@QAA@XZ
1	1	DIFF_SIZE	DIFFERENT_FUNCTION	TB	bl	default/EventTrigger	??$?5UAnim@EventTrigger@@@@YAAAVBinStream@@AAVBinStreamRev@@AAV?$ObjList@UAnim@EventTrigger@@@@@Z	??5@YAAAVBinStreamRev@@AAV0@AAUProxyCall@EventTrigger@@@Z	??5@YAAAVBinStreamRev@@AAV0@AAUAnim@EventTrigger@@@Z
1	1	DIFF_SIZE	DIFFERENT_FUNCTION	TB	bl	default/EventTrigger	??$?5UProxyCall@EventTrigger@@@@YAAAVBinStream@@AAVBinStreamRev@@AAV?$ObjList@UProxyCall@EventTrigger@@@@@Z	??5@YAAAVBinStreamRev@@AAV0@AAUAnim@EventTrigger@@@Z	??5@YAAAVBinStreamRev@@AAV0@AAUProxyCall@EventTrigger@@@Z
1	1	DIFF_SIZE	DIFFERENT_FUNCTION	TB	bl	default/EventTrigger	??$_Copy_Construct@UAnim@EventTrigger@@@stlpmtx_std@@YAXPAUAnim@EventTrigger@@ABU12@@Z	??0ProxyCall@EventTrigger@@QAA@ABU01@@Z	??0Anim@EventTrigger@@QAA@ABU01@@Z
1	1	DIFF_SIZE	DIFFERENT_FUNCTION	TB	bl	default/EventTrigger	??$_Copy_Construct@UDynamicPropertyEntry@Flow@@@stlpmtx_std@@YAXPAUDynamicPropertyEntry@Flow@@ABU12@@Z	??0Anim@EventTrigger@@QAA@ABU01@@Z	??0DynamicPropertyEntry@Flow@@QAA@ABU01@@Z
1	1	DIFF_SIZE	DIFFERENT_FUNCTION	TB	bl	default/EventTrigger	??$_Copy_Construct@UProxyCall@EventTrigger@@@stlpmtx_std@@YAXPAUProxyCall@EventTrigger@@ABU12@@Z	??0BitmapOverride@WorldDir@@QAA@ABU01@@Z	??0ProxyCall@EventTrigger@@QAA@ABU01@@Z
1	1	DIFF_SIZE	DIFFERENT_FUNCTION	TB	bl	default/EventTrigger	??4?$list@UAnim@EventTrigger@@V?$StlNodeAlloc@UAnim@EventTrigger@@@stlpmtx_std@@@stlpmtx_std@@QAAAAV01@ABV01@@Z	??4ProxyCall@EventTrigger@@QAAAAU01@ABU01@@Z	??4Anim@EventTrigger@@QAAAAU01@ABU01@@Z
1	1	DIFF_SIZE	DIFFERENT_FUNCTION	TB	bl	default/EventTrigger	??_G?$ObjOwnerPtr@VObjectDir@@@@UAAPAXI@Z	??1?$ObjPtrList@VSequence@@VObjectDir@@@@UAA@XZ	??1?$ObjOwnerPtr@VObjectDir@@@@UAA@XZ
1	1	DIFF_SIZE	DIFFERENT_FUNCTION	TB	bl	default/EventTrigger	??_G?$ObjOwnerPtr@VRndDrawable@@@@UAAPAXI@Z	??1?$ObjPtrList@VFlowNode@@VObjectDir@@@@UAA@XZ	??1?$ObjOwnerPtr@VRndDrawable@@@@UAA@XZ
1	1	DIFF_SIZE	DIFFERENT_FUNCTION	TB	bl	default/EventTrigger	??_GEventTrigger@@UAAPAXI@Z	?MemFree@@YAXPAX@Z	??3EventTrigger@@SAXPAX@Z
1	1	DIFF_SIZE	DIFFERENT_FUNCTION	TB	bl	default/EventTrigger	?insert@?$list@PAVEventTrigger@@V?$StlNodeAlloc@PAVEventTrigger@@@stlpmtx_std@@@stlpmtx_std@@QAA?AU?$_List_iterator@PAVEventTrigger@@U?$_Nonconst_traits@PAVEventTrigger@@@stlpmtx_std@@@2@U32@ABQAVEventTrigger@@@Z	?_M_create_node@?$list@UProxyCall@EventTrigger@@V?$StlNodeAlloc@UProxyCall@EventTrigger@@@stlpmtx_std@@@stlpmtx_std@@IAAPAU_List_node_base@2@ABUProxyCall@EventTrigger@@@Z	?_M_create_node@?$list@PAVEventTrigger@@V?$StlNodeAlloc@PAVEventTrigger@@@stlpmtx_std@@@stlpmtx_std@@IAAPAU_List_node_base@2@ABQAVEventTrigger@@@Z
1	1	DIFF_SIZE	DIFFERENT_FUNCTION	TB	bl	default/EventTrigger	fn_8249F404	??1ObjRef@@QAA@XZ	??1?$ObjRefConcrete@VObjectDir@@V1@@@UAA@XZ
1	1	DIFF_SIZE	DIFFERENT_FUNCTION	TB	bl	default/EventTrigger	fn_824A0E94	??1ProxyCall@EventTrigger@@QAA@XZ	??1DataNode@@QAA@XZ
1	1	DIFF_SAMESIZE	DIFFERENT_FUNCTION	TB	bl	default/EventTrigger	fn_824A1094	??1ObjRef@@QAA@XZ	??1Node@?$ObjPtrVec@VFlowNode@@VObjectDir@@@@UAA@XZ
1	1	DIFF_SIZE	DIFFERENT_FUNCTION	TB	bl	default/EventTrigger	fn_824A10BC	??1MemHeapTracker@@QAA@XZ	??1Node@?$ObjPtrVec@VFlowLabel@@VObjectDir@@@@UAA@XZ
1	1	DIFF_SIZE	DIFFERENT_FUNCTION	TB	bl	default/EventTrigger	fn_824A1EEC	??1MemHeapTracker@@QAA@XZ	??1DataArrayPtr@@QAA@XZ
1	1	DIFF_SIZE	DIFFERENT_FUNCTION	TB	bl	default/EventTrigger	fn_824A205C	??1ProxyCall@EventTrigger@@QAA@XZ	??1MemHeapTracker@@QAA@XZ
1	1	DIFF_SIZE	REVIEW	TB	bl	default/EventTrigger	fn_824A39E0	??$_Destroy@UAnim@EventTrigger@@@stlpmtx_std@@YAXPAUAnim@EventTrigger@@@Z	??1Node@?$ObjPtrVec@VFlowOutPort@@VObjectDir@@@@UAA@XZ
1	1	DIFF_SIZE	DIFFERENT_FUNCTION	TB	bl	default/EventTrigger	fn_824A3DEC	??1String@@UAA@XZ	??1?$list@VSymbol@@V?$StlNodeAlloc@VSymbol@@@stlpmtx_std@@@stlpmtx_std@@QAA@XZ
1	1	DIFF_SIZE	DIFFERENT_FUNCTION	TB	bl	default/ExternalMic	fn_82B66600	??1?$_Vector_base@VTrackerPlayerDisplay@@V?$StlNodeAlloc@VTrackerPlayerDisplay@@@stlpmtx_std@@@stlpmtx_std@@QAA@XZ	??1MatSwap@OutfitConfig@@QAA@XZ
1	1	DIFF_SIZE	DIFFERENT_FUNCTION	TB	bl	default/ExternalMic	fn_82B666A4	??1CritSecTracker@@QAA@XZ	??1?$ObjPtr@VRndTex@@@@UAA@XZ
1	1	DIFF_SIZE	DIFFERENT_FUNCTION	TB	bl	default/File	fn_82517B20	??1?$_Vector_base@VFilePath@@V?$StlNodeAlloc@VFilePath@@@stlpmtx_std@@@stlpmtx_std@@QAA@XZ	??1FilePath@@UAA@XZ
1	1	DIFF_SAMESIZE	REVIEW	TB	bl	default/FileCache	??$__insertion_sort@PAPAVFileCacheEntry@@PAV1@UPriority@@@stlpmtx_std@@YAXPAPAVFileCacheEntry@@00UPriority@@@Z	??$__linear_insert@PAPAVMoveDetector@@PAV1@UMoveDetectorCmp@@@stlpmtx_std@@YAXPAPAVMoveDetector@@0PAV1@UMoveDetectorCmp@@@Z	??$__linear_insert@PAPAVFileCacheEntry@@PAV1@UPriority@@@stlpmtx_std@@YAXPAPAVFileCacheEntry@@0PAV1@UPriority@@@Z
1	1	DIFF_SAMESIZE	REVIEW	TB	bl	default/FileCache	??$__insertion_sort@PAPAVMoveDetector@@PAV1@UMoveDetectorCmp@@@stlpmtx_std@@YAXPAPAVMoveDetector@@00UMoveDetectorCmp@@@Z	??$__linear_insert@PAPAVFileCacheEntry@@PAV1@UPriority@@@stlpmtx_std@@YAXPAPAVFileCacheEntry@@0PAV1@UPriority@@@Z	??$__linear_insert@PAPAVMoveDetector@@PAV1@UMoveDetectorCmp@@@stlpmtx_std@@YAXPAPAVMoveDetector@@0PAV1@UMoveDetectorCmp@@@Z
1	1	DIFF_SIZE	REVIEW	TB	bl	default/FileCache	??$__make_heap@PAPAVFileCacheEntry@@UPriority@@PAV1@H@stlpmtx_std@@YAXPAPAVFileCacheEntry@@0UPriority@@0PAH@Z	??$__adjust_heap@PAPAVVert@RndMesh@@HPAV12@USortByZ@@@stlpmtx_std@@YAXPAPAVVert@RndMesh@@HHPAV12@USortByZ@@@Z	??$__adjust_heap@PAPAVFileCacheEntry@@HPAV1@UPriority@@@stlpmtx_std@@YAXPAPAVFileCacheEntry@@HHPAV1@UPriority@@@Z
1	1	DIFF_SAMESIZE	REVIEW	TB	bl	default/FileCache	??$sort@PAPAVFileCacheEntry@@UPriority@@@stlpmtx_std@@YAXPAPAVFileCacheEntry@@0UPriority@@@Z	??$__final_insertion_sort@PAPAVMoveDetector@@UMoveDetectorCmp@@@stlpmtx_std@@YAXPAPAVMoveDetector@@0UMoveDetectorCmp@@@Z	??$__final_insertion_sort@PAPAVFileCacheEntry@@UPriority@@@stlpmtx_std@@YAXPAPAVFileCacheEntry@@0UPriority@@@Z
1	1	DIFF_SAMESIZE	REVIEW	TB	bl	default/FileCache	??$sort@PAPAVFileCacheEntry@@UPriority@@@stlpmtx_std@@YAXPAPAVFileCacheEntry@@0UPriority@@@Z	??$__introsort_loop@PAPAVMoveDetector@@PAV1@HUMoveDetectorCmp@@@stlpmtx_std@@YAXPAPAVMoveDetector@@00HUMoveDetectorCmp@@@Z	??$__introsort_loop@PAPAVFileCacheEntry@@PAV1@HUPriority@@@stlpmtx_std@@YAXPAPAVFileCacheEntry@@00HUPriority@@@Z
1	1	DIFF_SAMESIZE	REVIEW	TB	bl	default/FileCache	??$sort@PAPAVMoveDetector@@UMoveDetectorCmp@@@stlpmtx_std@@YAXPAPAVMoveDetector@@0UMoveDetectorCmp@@@Z	??$__final_insertion_sort@PAPAVFileCacheEntry@@UPriority@@@stlpmtx_std@@YAXPAPAVFileCacheEntry@@0UPriority@@@Z	??$__final_insertion_sort@PAPAVMoveDetector@@UMoveDetectorCmp@@@stlpmtx_std@@YAXPAPAVMoveDetector@@0UMoveDetectorCmp@@@Z
1	1	DIFF_SAMESIZE	REVIEW	TB	bl	default/FileCache	??$sort@PAPAVMoveDetector@@UMoveDetectorCmp@@@stlpmtx_std@@YAXPAPAVMoveDetector@@0UMoveDetectorCmp@@@Z	??$__introsort_loop@PAPAVFileCacheEntry@@PAV1@HUPriority@@@stlpmtx_std@@YAXPAPAVFileCacheEntry@@00HUPriority@@@Z	??$__introsort_loop@PAPAVMoveDetector@@PAV1@HUMoveDetectorCmp@@@stlpmtx_std@@YAXPAPAVMoveDetector@@00HUMoveDetectorCmp@@@Z
1	1	DIFF_SIZE	REVIEW	TB	bl	default/FileCache	??$sort_heap@PAPAVFileCacheEntry@@UPriority@@@stlpmtx_std@@YAXPAPAVFileCacheEntry@@0UPriority@@@Z	??$__adjust_heap@PAPAVMoveDetector@@HPAV1@UMoveDetectorCmp@@@stlpmtx_std@@YAXPAPAVMoveDetector@@HHPAV1@UMoveDetectorCmp@@@Z	??$__adjust_heap@PAPAVFileCacheEntry@@HPAV1@UPriority@@@stlpmtx_std@@YAXPAPAVFileCacheEntry@@HHPAV1@UPriority@@@Z
1	1	DIFF_SIZE	DIFFERENT_FUNCTION	TB	bl	default/FileMerger	??$?5UIKTarget@CharIKHand@@@BinStreamRev@@QAAAAV0@AAUIKTarget@CharIKHand@@@Z	?StaticClassName@FileMerger@@SA?AVSymbol@@XZ	??5@YAAAVBinStream@@AAV0@AAUIKTarget@CharIKHand@@@Z
1	1	DIFF_SIZE	DIFFERENT_FUNCTION	TB	bl	default/FileMerger	??_GFileMerger@@UAAPAXI@Z	?MemFree@@YAXPAX@Z	??3FileMerger@@SAXPAX@Z
1	1	DIFF_SIZE	DIFFERENT_FUNCTION	TB	bl	default/FileMerger	fn_82393A74	??1DataNode@@QAA@XZ	??1FlowMathOp@@QAA@XZ
1	1	DIFF_SIZE	DIFFERENT_FUNCTION	TB	bl	default/FileMerger	fn_823942E8	??1?$_Vector_base@VTrackData@SongDB@@V?$StlNodeAlloc@VTrackData@SongDB@@@stlpmtx_std@@@stlpmtx_std@@QAA@XZ	??1?$_Vector_base@V?$Key@M@@V?$StlNodeAlloc@V?$Key@M@@@stlpmtx_std@@@stlpmtx_std@@QAA@XZ
1	1	DIFF_SIZE	DIFFERENT_FUNCTION	TB	bl	default/FileMerger	fn_82394640	??1ArchiveSkeleton@@UAA@XZ	??1?$ObjPtr@VRndTransformable@@@@UAA@XZ
1	1	DIFF_SIZE	DIFFERENT_FUNCTION	TB	bl	default/FileMerger	fn_823946C4	??1?$ObjVector@UMerger@FileMerger@@@@QAA@XZ	??1?$ObjPtrList@VObject@Hmx@@VObjectDir@@@@UAA@XZ
1	1	DIFF_SIZE	DIFFERENT_FUNCTION	TB	bl	default/FileMerger	fn_82394E3C	??1Merger@FileMerger@@QAA@XZ	??1LocalizedName@HamMove@@QAA@XZ
1	1	DIFF_SIZE	DIFFERENT_FUNCTION	TB	bl	default/FileMerger	fn_823956C4	??1ObjRef@@QAA@XZ	??1Loader@@UAA@XZ
1	1	DIFF_SIZE	DIFFERENT_FUNCTION	TB	bl	default/FileMerger	fn_8239667C	??1DataNode@@QAA@XZ	??1IKTarget@CharIKHand@@QAA@XZ
1	1	DIFF_SIZE	DIFFERENT_FUNCTION	TB	bl	default/FileMerger	fn_82397C78	??1?$ObjPtr@VCharacter@@@@UAA@XZ	??1Node@?$ObjPtrVec@VFlowNode@@VObjectDir@@@@UAA@XZ
1	1	DIFF_SIZE	DIFFERENT_FUNCTION	TB	bl	default/FileMerger	fn_8239867C	??1?$ObjRefConcrete@VRndTransformable@@VObjectDir@@@@UAA@XZ	??1Callback@Loader@@UAA@XZ
1	1	DIFF_SIZE	DIFFERENT_FUNCTION	TB	bl	default/FileStream	?StartChecksum@FileStream@@QAAXXZ	??2CriticalSection@@SAPAXI@Z	??2StreamChecksumValidator@@SAPAXI@Z
1	1	DIFF_SIZE	DIFFERENT_FUNCTION	TB	bl	default/Flow	?NewObject@FlowDistance@@SAPAVObject@Hmx@@XZ	??0NextSongPanel@@QAA@XZ	??0FlowDistance@@IAA@XZ
1	1	DIFF_SIZE	DIFFERENT_FUNCTION	TB	bl	default/Flow	?NewObject@FlowDistance@@SAPAVObject@Hmx@@XZ	??2CriticalSection@@SAPAXI@Z	??2FlowDistance@@SAPAXI@Z
1	1	DIFF_SIZE	DIFFERENT_FUNCTION	TB	bl	default/Flow	?_M_erase@?$vector@UDynamicPropertyEntry@Flow@@V?$StlNodeAlloc@UDynamicPropertyEntry@Flow@@@stlpmtx_std@@@stlpmtx_std@@IAAPAUDynamicPropertyEntry@Flow@@PAU34@0ABU__false_type@2@@Z	??4Strand@CharHair@@QAAAAV01@ABV01@@Z	??4DynamicPropertyEntry@Flow@@QAAAAU01@ABU01@@Z
1	1	DIFF_SIZE	DIFFERENT_FUNCTION	TB	bl	default/Flow	?_M_fill_insert@?$vector@UDynamicPropertyEntry@Flow@@V?$StlNodeAlloc@UDynamicPropertyEntry@Flow@@@stlpmtx_std@@@stlpmtx_std@@AAAXPAUDynamicPropertyEntry@Flow@@IABU34@@Z	?_M_insert_overflow_aux@?$vector@VStrand@CharHair@@V?$StlNodeAlloc@VStrand@CharHair@@@stlpmtx_std@@@stlpmtx_std@@IAAXPAVStrand@CharHair@@ABV34@ABU__false_type@2@I_N@Z	?_M_insert_overflow_aux@?$vector@UDynamicPropertyEntry@Flow@@V?$StlNodeAlloc@UDynamicPropertyEntry@Flow@@@stlpmtx_std@@@stlpmtx_std@@IAAXPAUDynamicPropertyEntry@Flow@@ABU34@ABU__false_type@2@I_N@Z
1	1	DIFF_SIZE	DIFFERENT_FUNCTION	TB	bl	default/Flow	fn_822D8D48	??1?$_Vector_base@VFilePath@@V?$StlNodeAlloc@VFilePath@@@stlpmtx_std@@@stlpmtx_std@@QAA@XZ	??1String@@UAA@XZ
1	1	DIFF_SIZE	DIFFERENT_FUNCTION	TB	bl	default/FlowCommand	??$_Copy_Construct@VDataNode@@@stlpmtx_std@@YAXPAVDataNode@@ABV1@@Z	??0CallbackFile@ContentMgr@@QAA@ABU01@@Z	??0DataNode@@QAA@ABV0@@Z
1	1	DIFF_SIZE	DIFFERENT_FUNCTION	TB	bl	default/FlowOnStop	??_GFlowOnStop@@UAAPAXI@Z	??1PracticePanel@@UAA@XZ	??1FlowOnStop@@UAA@XZ
1	1	DIFF_SIZE	DIFFERENT_FUNCTION	TB	bl	default/FlowSound	fn_82612438	??1TexLoadPanel@@UAA@XZ	??1ObjRefOwner@@UAA@XZ
1	1	DIFF_SIZE	DIFFERENT_FUNCTION	TB	bl	default/FlowValueCase	?Handle@FlowValueCase@@UAA?AVDataNode@@PAVDataArray@@_N@Z	?Handle@VoiceoverPanel@@UAA?AVDataNode@@PAVDataArray@@_N@Z	?Handle@FlowNode@@UAA?AVDataNode@@PAVDataArray@@_N@Z
1	1	DIFF_SIZE	DIFFERENT_FUNCTION	TB	bl	default/FlowWhile	?Save@FlowWhile@@UAAXAAVBinStream@@@Z	?Save@UIComponent@@UAAXAAVBinStream@@@Z	?Save@FlowSwitch@@UAAXAAVBinStream@@@Z
1	1	DIFF_SIZE	DIFFERENT_FUNCTION	TB	bl	default/FlowWhile	?SyncProperty@FlowWhile@@UAA_NAAVDataNode@@PAVDataArray@@HW4PropOp@@@Z	?SyncProperty@UIComponent@@UAA_NAAVDataNode@@PAVDataArray@@HW4PropOp@@@Z	?SyncProperty@FlowSwitch@@UAA_NAAVDataNode@@PAVDataArray@@HW4PropOp@@@Z
1	1	DIFF_SIZE	DIFFERENT_FUNCTION	TB	bl	default/FocusTracker	fn_826D8BF4	??1FocusTracker@@UAA@XZ	??1Tracker@@UAA@XZ
1	1	DIFF_SIZE	DIFFERENT_FUNCTION	TB	bl	default/Font	??_G?$ObjOwnerPtr@VRndFont@@@@UAAPAXI@Z	??1?$ObjRefConcrete@VRndFont@@VObjectDir@@@@UAA@XZ	??1?$ObjOwnerPtr@VRndFont@@@@UAA@XZ
1	1	DIFF_SIZE	DIFFERENT_FUNCTION	TB	bl	default/Font	fn_824764A8	??1?$_Vector_base@VTrackerPlayerDisplay@@V?$StlNodeAlloc@VTrackerPlayerDisplay@@@stlpmtx_std@@@stlpmtx_std@@QAA@XZ	??1MemHeapTracker@@QAA@XZ
1	1	DIFF_SIZE	DIFFERENT_FUNCTION	TB	bl	default/FxSendWah	??_GFxSendWah360@@UAAPAXI@Z	?MemFree@@YAXPAX@Z	??3FxSendWah@@SAXPAX@Z
1	1	DIFF_SIZE	DIFFERENT_FUNCTION	TB	bl	default/GameConfig	fn_8268AB84	??1String@@UAA@XZ	??1?$vector@HV?$StlNodeAlloc@H@stlpmtx_std@@@stlpmtx_std@@QAA@XZ
1	1	DIFF_SAMESIZE	DIFFERENT_FUNCTION	TB	bl	default/GamePanel	??0GamePanel@@QAA@XZ	??0Splash@@QAA@XZ	??0DirectInstrument@@QAA@XZ
1	1	DIFF_SIZE	DIFFERENT_FUNCTION	TB	bl	default/GamePanel	fn_82694F2C	??1NetMessage@@UAA@XZ	??1String@@UAA@XZ
1	1	DIFF_SIZE	DIFFERENT_FUNCTION	TB	bl	default/GemManager	??$_Param_Construct@UChar3D@CharData@WorldCrowd@@U123@@stlpmtx_std@@YAXPAUChar3D@CharData@WorldCrowd@@ABU123@@Z	??0Entry@LocalePanel@@QAA@ABU01@@Z	??0Char3D@CharData@WorldCrowd@@QAA@ABU012@@Z
1	1	DIFF_SIZE	REVIEW	TB	bl	default/GemManager	fn_82B79D54	??$_Destroy@V?$set@VSymbol@@U?$less@VSymbol@@@stlpmtx_std@@V?$StlNodeAlloc@VSymbol@@@3@@stlpmtx_std@@@stlpmtx_std@@YAXPAV?$set@VSymbol@@U?$less@VSymbol@@@stlpmtx_std@@V?$StlNodeAlloc@VSymbol@@@3@@0@@Z	??1DataNode@@QAA@XZ
1	1	DIFF_SIZE	DIFFERENT_FUNCTION	TB	bl	default/GemManager	fn_82B79E54	??1TourChar@@UAA@XZ	??1?$_Vector_base@VGem@@V?$StlNodeAlloc@VGem@@@stlpmtx_std@@@stlpmtx_std@@QAA@XZ
1	1	DIFF_SIZE	DIFFERENT_FUNCTION	TB	bl	default/GemManager	fn_82B79FF0	??1TourChar@@UAA@XZ	??1String@@UAA@XZ
1	1	DIFF_SIZE	DIFFERENT_FUNCTION	TB	bl	default/GemManager	fn_82B9D020	?push_back@?$vector@VColor@Hmx@@V?$StlNodeAlloc@VColor@Hmx@@@stlpmtx_std@@@stlpmtx_std@@QAAXABVColor@Hmx@@@Z	??1Node@?$ObjPtrVec@VFlowNode@@VObjectDir@@@@UAA@XZ
1	1	DIFF_SIZE	DIFFERENT_FUNCTION	TB	bl	default/GemPlayer	?NoteOff@GemPlayer@@UAAXH@Z	??0VRegTable@XGRAPHICS@@QAA@PAVCompiler@1@@Z	?NoteOff@DirectInstrument@@QAAXH@Z
1	1	DIFF_SIZE	DIFFERENT_FUNCTION	TB	bl	default/GemPlayer	?NoteOn@GemPlayer@@UAAXH@Z	?NoteOff@DirectInstrument@@QAAXH@Z	?NoteOn@DirectInstrument@@QAAXH@Z
1	1	DIFF_SIZE	DIFFERENT_FUNCTION	-B	bl	default/GemTrack	?Poll@GemTrack@@UAAXM@Z	?HandleEnter@HamScrollSpeedIndicator@@QAAXXZ	?UpdateFingerFeedback@GemTrackDir@@QAAXABVRGState@@@Z
1	1	DIFF_SIZE	DIFFERENT_FUNCTION	TB	bl	default/GemTrackDir	??_G?$ObjPtr@VChordShapeGenerator@@@@UAAPAXI@Z	??1?$ObjRefConcrete@VStreakMeter@@VObjectDir@@@@UAA@XZ	??1?$ObjRefConcrete@VChordShapeGenerator@@VObjectDir@@@@UAA@XZ
1	1	DIFF_SIZE	DIFFERENT_FUNCTION	TB	bl	default/GemTrackDir	??_G?$ObjPtr@VRndAnimatable@@@@UAAPAXI@Z	??1?$ObjRefConcrete@VTrackInterface@@VObjectDir@@@@UAA@XZ	??1?$ObjRefConcrete@VRndAnimatable@@VObjectDir@@@@UAA@XZ
1	1	DIFF_SIZE	DIFFERENT_FUNCTION	TB	bl	default/GemTrackDir	??_G?$ObjPtrList@VTrackWidget@@VObjectDir@@@@UAAPAXI@Z	??1?$ObjRefConcrete@VOverdriveMeter@@VObjectDir@@@@UAA@XZ	??1?$ObjPtrList@VTrackWidget@@VObjectDir@@@@UAA@XZ
1	1	DIFF_SIZE	DIFFERENT_FUNCTION	TB	bl	default/GemTrackDir	??_G?$ObjRefConcrete@VChordShapeGenerator@@VObjectDir@@@@UAAPAXI@Z	??1?$ObjPtrList@VTrackWidget@@VObjectDir@@@@UAA@XZ	??1?$ObjRefConcrete@VChordShapeGenerator@@VObjectDir@@@@UAA@XZ
1	1	DIFF_SIZE	DIFFERENT_FUNCTION	TB	bl	default/GemTrackDir	??_GGemTrackDir@@UAAPAXI@Z	?MemFree@@YAXPAX@Z	??3GemTrackDir@@SAXPAX@Z
1	1	DIFF_SIZE	DIFFERENT_FUNCTION	TB	bl	default/GemTrackDir	?ReleaseSmasherPlate@GemTrackDir@@UAAXXZ	??0?$StlNodeAlloc@VSmasherPlateInfo@GemTrackResourceManager@@@stlpmtx_std@@QAA@ABV01@@Z	?ReleaseSmasherPlate@GemTrackResourceManager@@QAAXPAVRndDir@@@Z
1	1	DIFF_SIZE	REVIEW	TB	bl	default/GemTrackDir	?SyncProperty@GemTrackDir@@UAA_NAAVDataNode@@PAVDataArray@@HW4PropOp@@@Z	?_M_insert@?$_Rb_tree@VSymbol@@U?$less@VSymbol@@@stlpmtx_std@@U?$pair@$$CBVSymbol@@V1@@3@U?$_Select1st@U?$pair@$$CBVSymbol@@V1@@stlpmtx_std@@@3@U?$_MapTraitsT@U?$pair@$$CBVSymbol@@V1@@stlpmtx_std@@@priv@3@V?$StlNodeAlloc@U?$pair@$$CBVSymbol@@V1@@stlpmtx_std@@@3@@stlpmtx_std@@AAA?AU?$_Rb_tree_iterator@U?$pair@$$CBVSymbol@@V1@@stlpmtx_std@@U?$_MapTraitsT@U?$pair@$$CBVSymbol@@V1@@stlpmtx_std@@@priv@2@@2@PAU_Rb_tree_node_base@2@ABU?$pair@$$CBVSymbol@@V1@@2@00@Z	??$PropSync@VTrackWidget@@@@YA_NAAV?$ObjPtrList@VTrackWidget@@VObjectDir@@@@AAVDataNode@@PAVDataArray@@HW4PropOp@@@Z
1	1	DIFF_SIZE	DIFFERENT_FUNCTION	TB	bl	default/GemTrackDir	fn_822E54F8	??1?$ObjRefConcrete@VFlowLabel@@VObjectDir@@@@UAA@XZ	??1ObjRefOwner@@UAA@XZ
1	1	DIFF_SIZE	DIFFERENT_FUNCTION	TB	bl	default/GemTrackResourceManager	fn_82356CA0	??1ObjRef@@QAA@XZ	??1SmasherPlateInfo@GemTrackResourceManager@@QAA@XZ
1	1	DIFF_SIZE	DIFFERENT_FUNCTION	TB	bl	default/Gen	??_GRndGenerator@@UAAPAXI@Z	?MemFree@@YAXPAX@Z	??3RndGenerator@@SAXPAX@Z
1	1	DIFF_SIZE	DIFFERENT_FUNCTION	TB	bl	default/Gesture	??4?$ObjList@UMatOverride@WorldDir@@@@QAAXABV0@@Z	?resize@?$ObjList@VPracticeSectionMapping@SongSectionController@@@@QAAXI@Z	?resize@?$ObjList@UMatOverride@WorldDir@@@@QAAXI@Z
1	1	DIFF_SIZE	DIFFERENT_FUNCTION	TB	bl	default/Gesture	?NewObject@HighFiveGestureFilter@@SAPAVObject@Hmx@@XZ	??0TextFile@@AAA@XZ	??0HighFiveGestureFilter@@IAA@XZ
1	1	DIFF_SIZE	DIFFERENT_FUNCTION	TB	bl	default/Gesture	?NewObject@SkeletonViz@@SAPAVObject@Hmx@@XZ	??0LayerDir@@QAA@XZ	??0SkeletonViz@@IAA@XZ
1	1	DIFF_SIZE	DIFFERENT_FUNCTION	TB	bl	default/GranularSynth	fn_82B745D0	??1?$_Vector_base@VHighlightObject@@V?$StlNodeAlloc@VHighlightObject@@@stlpmtx_std@@@stlpmtx_std@@QAA@XZ	??1?$_Vector_base@VString@@V?$StlNodeAlloc@VString@@@stlpmtx_std@@@stlpmtx_std@@QAA@XZ
1	1	DIFF_SIZE	DIFFERENT_FUNCTION	TB	bl	default/Graph	??_G?$list@PAVRndGraph@@V?$StlNodeAlloc@PAVRndGraph@@@stlpmtx_std@@@stlpmtx_std@@QAAPAXI@Z	??1DrawString@@UAA@XZ	?clear@?$_List_base@PAVRndGraph@@V?$StlNodeAlloc@PAVRndGraph@@@stlpmtx_std@@@stlpmtx_std@@QAAXXZ
1	1	DIFF_SIZE	DIFFERENT_FUNCTION	TB	bl	default/Graph	?GetOneFrame@RndGraph@@SAPAV1@XZ	??2CriticalSection@@SAPAXI@Z	??2RndGraph@@KAPAXI@Z
1	1	DIFF_SAMESIZE	REVIEW	TB	bl	default/Group	??$_M_splice_insert_dispatch@PBQAVRndAnimatable@@@?$list@PAVRndAnimatable@@V?$StlNodeAlloc@PAVRndAnimatable@@@stlpmtx_std@@@stlpmtx_std@@AAAXU?$_List_iterator@PAVRndAnimatable@@U?$_Nonconst_traits@PAVRndAnimatable@@@stlpmtx_std@@@1@PBQAVRndAnimatable@@1ABU__false_type@1@@Z	??0?$list@PAVMidiParser@@V?$StlNodeAlloc@PAVMidiParser@@@stlpmtx_std@@@stlpmtx_std@@QAA@ABV01@@Z	??$?0PBQAVRndAnimatable@@@?$list@PAVRndAnimatable@@V?$StlNodeAlloc@PAVRndAnimatable@@@stlpmtx_std@@@stlpmtx_std@@QAA@PBQAVRndAnimatable@@0ABV?$StlNodeAlloc@PAVRndAnimatable@@@1@@Z
1	1	DIFF_SIZE	DIFFERENT_FUNCTION	TB	bl	default/Group	??$_M_splice_insert_dispatch@PBQAVRndAnimatable@@@?$list@PAVRndAnimatable@@V?$StlNodeAlloc@PAVRndAnimatable@@@stlpmtx_std@@@stlpmtx_std@@AAAXU?$_List_iterator@PAVRndAnimatable@@U?$_Nonconst_traits@PAVRndAnimatable@@@stlpmtx_std@@@1@PBQAVRndAnimatable@@1ABU__false_type@1@@Z	?clear@?$_List_base@VContentPoolMapping@SongSectionController@@V?$StlNodeAlloc@VContentPoolMapping@SongSectionController@@@stlpmtx_std@@@stlpmtx_std@@QAAXXZ	?clear@?$_List_base@PAVRndAnimatable@@V?$StlNodeAlloc@PAVRndAnimatable@@@stlpmtx_std@@@stlpmtx_std@@QAAXXZ
1	1	DIFF_SIZE	DIFFERENT_FUNCTION	TB	bl	default/Group	??_GRndFlare@@UAAPAXI@Z	?MemFree@@YAXPAX@Z	??3RndFlare@@SAXPAX@Z
1	1	DIFF_SIZE	DIFFERENT_FUNCTION	TB	bl	default/Group	??_GRndGroup@@UAAPAXI@Z	?MemFree@@YAXPAX@Z	??3RndGroup@@SAXPAX@Z
1	1	DIFF_SIZE	DIFFERENT_FUNCTION	TB	bl	default/Group	fn_824548EC	??1DataNode@@QAA@XZ	??1MatOverride@WorldDir@@QAA@XZ
1	1	DIFF_SAMESIZE	DIFFERENT_FUNCTION	TB	bl	default/GuitarController	?Handle@GuitarController@@UAA?AVDataNode@@PAVDataArray@@_N@Z	?OnMsg@GuitarController@@QAAHABVButtonDownMsg@@@Z	?OnMsg@GuitarController@@QAAHABVButtonUpMsg@@@Z
1	1	DIFF_SIZE	DIFFERENT_FUNCTION	TB	bl	default/GuitarFx	??_G?$ObjDirPtr@VObjectDir@@@@UAAPAXI@Z	??1GuitarFx@@UAA@XZ	??1?$ObjDirPtr@VObjectDir@@@@UAA@XZ
1	1	DIFF_SIZE	DIFFERENT_FUNCTION	TB	bl	default/HamCamTransform	??$?5UPropTriggerDefn@FlowTrigger@@@@YAAAVBinStream@@AAVBinStreamRev@@AAV?$ObjList@UPropTriggerDefn@FlowTrigger@@@@@Z	??5@YAAAVBinStream@@AAV0@AAVOldMatOption@@@Z	??5@YAAAVBinStream@@AAV0@AAUPropTriggerDefn@FlowTrigger@@@Z
1	1	DIFF_SIZE	DIFFERENT_FUNCTION	TB	bl	default/HamCamTransform	??$_Copy_Construct@UDistEntry@@@stlpmtx_std@@YAXPAUDistEntry@@ABU1@@Z	??0OldColorOption@@QAA@ABV0@@Z	??0DistEntry@@QAA@ABU0@@Z
1	1	DIFF_SIZE	DIFFERENT_FUNCTION	TB	bl	default/HamCamTransform	??$_M_splice_insert_dispatch@U?$_List_iterator@VSymbol@@U?$_Const_traits@VSymbol@@@stlpmtx_std@@@stlpmtx_std@@@?$list@VSymbol@@V?$StlNodeAlloc@VSymbol@@@stlpmtx_std@@@stlpmtx_std@@AAAXU?$_List_iterator@VSymbol@@U?$_Nonconst_traits@VSymbol@@@stlpmtx_std@@@1@U?$_List_iterator@VSymbol@@U?$_Const_traits@VSymbol@@@stlpmtx_std@@@1@1ABU__false_type@1@@Z	?clear@?$_List_base@VOldMatOption@@V?$StlNodeAlloc@VOldMatOption@@@stlpmtx_std@@@stlpmtx_std@@QAAXXZ	?clear@?$_List_base@VSymbol@@V?$StlNodeAlloc@VSymbol@@@stlpmtx_std@@@stlpmtx_std@@QAAXXZ
1	1	DIFF_SIZE	REVIEW	TB	bl	default/HamCamTransform	??1?$vector@UDistEntry@@V?$StlNodeAlloc@UDistEntry@@@stlpmtx_std@@@stlpmtx_std@@QAA@XZ	??$__destroy_range_aux@V?$reverse_iterator@PAUNavItem@HamNavProvider@@@stlpmtx_std@@@stlpmtx_std@@YAXV?$reverse_iterator@PAUNavItem@HamNavProvider@@@0@0ABU__false_type@0@@Z	??$__destroy_range_aux@V?$reverse_iterator@PAUDistEntry@@@stlpmtx_std@@@stlpmtx_std@@YAXV?$reverse_iterator@PAUDistEntry@@@0@0ABU__false_type@0@@Z
1	1	DIFF_SIZE	DIFFERENT_FUNCTION	TB	bl	default/HamCamTransform	??1LabelStyle@UILabel@@QAA@XZ	??1?$ObjRefConcrete@VCharLookAt@@VObjectDir@@@@UAA@XZ	??1?$ObjRefConcrete@VUIColor@@VObjectDir@@@@UAA@XZ
1	1	DIFF_SIZE	DIFFERENT_FUNCTION	TB	bl	default/HamCamTransform	??1LabelStyle@UILabel@@QAA@XZ	??1?$vector@UUnlockable@?A0xf8e4b4b5@@V?$StlNodeAlloc@UUnlockable@?A0xf8e4b4b5@@@stlpmtx_std@@@stlpmtx_std@@QAA@XZ	??1?$ObjDirPtr@VUILabelDir@@@@UAA@XZ
1	1	DIFF_SIZE	DIFFERENT_FUNCTION	TB	bl	default/HamCamTransform	??4?$ObjVector@UCharInterestState@CharEyes@@@@QAAXABV0@@Z	??4?$vector@VOverlay@OutfitConfig@@V?$StlNodeAlloc@VOverlay@OutfitConfig@@@stlpmtx_std@@@stlpmtx_std@@QAAAAV01@ABV01@@Z	??4?$vector@UCharInterestState@CharEyes@@V?$StlNodeAlloc@UCharInterestState@CharEyes@@@stlpmtx_std@@@stlpmtx_std@@QAAAAV01@ABV01@@Z
1	1	DIFF_SIZE	DIFFERENT_FUNCTION	TB	bl	default/HamCamTransform	??4?$ObjVector@UCharInterestState@CharEyes@@@@QAAXABV0@@Z	?resize@?$ObjVector@VOverlay@OutfitConfig@@@@QAAXI@Z	?resize@?$ObjVector@UCharInterestState@CharEyes@@@@QAAXI@Z
1	1	DIFF_SIZE	DIFFERENT_FUNCTION	TB	bl	default/HamCamTransform	??4?$list@UMatOverride@WorldDir@@V?$StlNodeAlloc@UMatOverride@WorldDir@@@stlpmtx_std@@@stlpmtx_std@@QAAAAV01@ABV01@@Z	??4OldMatOption@@QAAAAV0@ABV0@@Z	??4MatOverride@WorldDir@@QAAAAU01@ABU01@@Z
1	1	DIFF_SIZE	DIFFERENT_FUNCTION	TB	bl	default/HamCamTransform	??_GCharEyes@@UAAPAXI@Z	?MemFree@@YAXPAX@Z	??3CharEyes@@SAXPAX@Z
1	1	DIFF_SIZE	DIFFERENT_FUNCTION	TB	bl	default/HamCamTransform	?_M_fill_insert@?$vector@VTransformCrowd@@V?$StlNodeAlloc@VTransformCrowd@@@stlpmtx_std@@@stlpmtx_std@@AAAXPAVTransformCrowd@@IABV3@@Z	?_M_fill_insert_aux@?$vector@VOldColorOption@@V?$StlNodeAlloc@VOldColorOption@@@stlpmtx_std@@@stlpmtx_std@@AAAXPAVOldColorOption@@IABV3@ABU__false_type@2@@Z	?_M_fill_insert_aux@?$vector@VTransformCrowd@@V?$StlNodeAlloc@VTransformCrowd@@@stlpmtx_std@@@stlpmtx_std@@AAAXPAVTransformCrowd@@IABV3@ABU__false_type@2@@Z
1	1	DIFF_SIZE	DIFFERENT_FUNCTION	TB	bl	default/HamCamTransform	?_M_fill_insert@?$vector@VTransformCrowd@@V?$StlNodeAlloc@VTransformCrowd@@@stlpmtx_std@@@stlpmtx_std@@AAAXPAVTransformCrowd@@IABV3@@Z	?_M_insert_overflow_aux@?$vector@UDistEntry@@V?$StlNodeAlloc@UDistEntry@@@stlpmtx_std@@@stlpmtx_std@@IAAXPAUDistEntry@@ABU3@ABU__false_type@2@I_N@Z	?_M_insert_overflow_aux@?$vector@VTransformCrowd@@V?$StlNodeAlloc@VTransformCrowd@@@stlpmtx_std@@@stlpmtx_std@@IAAXPAVTransformCrowd@@ABV3@ABU__false_type@2@I_N@Z
1	1	DIFF_SIZE	DIFFERENT_FUNCTION	TB	bl	default/HamCamTransform	?_M_fill_insert_aux@?$vector@VTransformArea@@V?$StlNodeAlloc@VTransformArea@@@stlpmtx_std@@@stlpmtx_std@@AAAXPAVTransformArea@@IABV3@ABU__false_type@2@@Z	??0MatSwap@OutfitConfig@@QAA@ABV01@@Z	??0TransformArea@@QAA@ABV0@@Z
1	1	DIFF_SIZE	DIFFERENT_FUNCTION	TB	bl	default/HamCamTransform	?resize@?$list@UOldMMInst@@V?$StlNodeAlloc@UOldMMInst@@@stlpmtx_std@@@stlpmtx_std@@QAAXIABUOldMMInst@@@Z	?erase@?$list@VOldMatOption@@V?$StlNodeAlloc@VOldMatOption@@@stlpmtx_std@@@stlpmtx_std@@QAA?AU?$_List_iterator@VOldMatOption@@U?$_Nonconst_traits@VOldMatOption@@@stlpmtx_std@@@2@U32@0@Z	?erase@?$list@UOldMMInst@@V?$StlNodeAlloc@UOldMMInst@@@stlpmtx_std@@@stlpmtx_std@@QAA?AU?$_List_iterator@UOldMMInst@@U?$_Nonconst_traits@UOldMMInst@@@stlpmtx_std@@@2@U32@0@Z
1	1	DIFF_SIZE	DIFFERENT_FUNCTION	TB	bl	default/HamCamTransform	?resize@?$vector@UDistEntry@@V?$StlNodeAlloc@UDistEntry@@@stlpmtx_std@@@stlpmtx_std@@QAAXIABUDistEntry@@@Z	?_M_erase@?$vector@VPiece@Piercing@OutfitConfig@@V?$StlNodeAlloc@VPiece@Piercing@OutfitConfig@@@stlpmtx_std@@@stlpmtx_std@@IAAPAVPiece@Piercing@OutfitConfig@@PAV345@0ABU__false_type@2@@Z	?_M_erase@?$vector@UDistEntry@@V?$StlNodeAlloc@UDistEntry@@@stlpmtx_std@@@stlpmtx_std@@IAAPAUDistEntry@@PAU3@0ABU__false_type@2@@Z
1	1	DIFF_SIZE	DIFFERENT_FUNCTION	TB	bl	default/HamCamTransform	fn_822A3B50	??1String@@UAA@XZ	??1?$ObjPtr@VRndTransformable@@@@UAA@XZ
1	1	DIFF_SIZE	DIFFERENT_FUNCTION	TB	bl	default/HamCamTransform	fn_822A6E34	??1?$ObjRefConcrete@VRndDir@@VObjectDir@@@@UAA@XZ	??1DataNode@@QAA@XZ
1	1	DIFF_SIZE	DIFFERENT_FUNCTION	TB	bl	default/HamCamTransform	fn_822A7228	??1MeshAO@OutfitConfig@@QAA@XZ	??1EyeDesc@CharEyes@@QAA@XZ
1	1	DIFF_SIZE	DIFFERENT_FUNCTION	TB	bl	default/HamCamTransform	fn_822A7700	??1?$_Vector_base@VMatSwap@OutfitConfig@@V?$StlNodeAlloc@VMatSwap@OutfitConfig@@@stlpmtx_std@@@stlpmtx_std@@QAA@XZ	??1String@@UAA@XZ
1	1	DIFF_SIZE	DIFFERENT_FUNCTION	TB	bl	default/HamCamTransform	fn_822A77B8	??1?$_Vector_base@VPatch@BandCharDesc@@V?$StlNodeAlloc@VPatch@BandCharDesc@@@stlpmtx_std@@@stlpmtx_std@@QAA@XZ	??1String@@UAA@XZ
1	1	DIFF_SIZE	DIFFERENT_FUNCTION	TB	bl	default/HamCamTransform	fn_822A7C20	??1ObjRef@@QAA@XZ	??1FileStream@@UAA@XZ
1	1	DIFF_SIZE	DIFFERENT_FUNCTION	TB	bl	default/HamCamTransform	fn_822A8C14	??1OldMatOption@@QAA@XZ	??1?$ObjPtrList@VCharInterest@@VObjectDir@@@@UAA@XZ
1	1	DIFF_SIZE	DIFFERENT_FUNCTION	TB	bl	default/HamCamTransform	fn_822A9420	??1?$ObjVector@ULabelStyle@UILabel@@@@QAA@XZ	??1String@@UAA@XZ
1	1	DIFF_SIZE	DIFFERENT_FUNCTION	TB	bl	default/HamCamTransform	fn_822A9904	??1MatSwap@OutfitConfig@@QAA@XZ	??1RndEnvironTracker@@QAA@XZ
1	1	DIFF_SIZE	REVIEW	TB	bl	default/HamCamTransform	fn_822AA158	??$__destroy_mv_srcs@V?$reverse_iterator@PAV?$ObjVector@ULod@Character@@@@@stlpmtx_std@@V?$ObjVector@ULod@Character@@@@@stlpmtx_std@@YAXV?$reverse_iterator@PAV?$ObjVector@ULod@Character@@@@@0@0PAV?$ObjVector@ULod@Character@@@@@Z	??1TransformArea@@QAA@XZ
1	1	DIFF_SIZE	DIFFERENT_FUNCTION	TB	bl	default/HamCamTransform	fn_822AB330	??1ObjRef@@QAA@XZ	??1Char3D@CharData@WorldCrowd@@QAA@XZ
1	1	DIFF_SIZE	REVIEW	TB	bl	default/HamCamTransform	fn_822AB358	??$__destroy_mv_srcs@V?$reverse_iterator@PAV?$ObjVector@ULod@Character@@@@@stlpmtx_std@@V?$ObjVector@ULod@Character@@@@@stlpmtx_std@@YAXV?$reverse_iterator@PAV?$ObjVector@ULod@Character@@@@@0@0PAV?$ObjVector@ULod@Character@@@@@Z	??1Char3D@CharData@WorldCrowd@@QAA@XZ
1	1	DIFF_SIZE	DIFFERENT_FUNCTION	TB	bl	default/HamCamTransform	fn_822AB6B4	??3FlowNode@@SAXPAX@Z	??1?$ObjPtr@VObjectDir@@@@UAA@XZ
1	1	DIFF_SIZE	DIFFERENT_FUNCTION	TB	bl	default/HamCamTransform	fn_8234C460	??1?$ObjVector@ULabelStyle@UILabel@@@@QAA@XZ	??1ObjRefOwner@@UAA@XZ
1	1	DIFF_SAMESIZE	DIFFERENT_FUNCTION	TB	bl	default/HamCamTransform	fn_8234CCDC	??1ObjRef@@QAA@XZ	??1Node@?$ObjPtrVec@VFlowOutPort@@VObjectDir@@@@UAA@XZ
1	1	DIFF_SIZE	DIFFERENT_FUNCTION	TB	bl	default/HamCamTransform	fn_8234CD04	??1LabelStyle@UILabel@@QAA@XZ	??1CharInterestState@CharEyes@@QAA@XZ
1	1	DIFF_SIZE	DIFFERENT_FUNCTION	TB	bl	default/HamCamTransform	fn_82744B4C	??1String@@UAA@XZ	??1Node@?$ObjPtrVec@VFlowLabel@@VObjectDir@@@@UAA@XZ
1	1	DIFF_SIZE	DIFFERENT_FUNCTION	TB	bl	default/HamCharacter	??_DHamCharacter@@QAAXXZ	??1UILabelDir@@UAA@XZ	??1HamCharacter@@UAA@XZ
1	1	DIFF_SIZE	DIFFERENT_FUNCTION	TB	bl	default/HamCharacter	??_GHamCharacter@@UAAPAXI@Z	?MemFree@@YAXPAX@Z	??3HamCharacter@@SAXPAX@Z
1	1	DIFF_SIZE	REVIEW	TB	bl	default/HamIKEffector	??4?$vector@VConstraint@HamIKEffector@@V?$StlNodeAlloc@VConstraint@HamIKEffector@@@stlpmtx_std@@@stlpmtx_std@@QAAAAV01@ABV01@@Z	??$_M_allocate_and_copy@PAVDataEvent@@@?$vector@VDataEvent@@V?$StlNodeAlloc@VDataEvent@@@stlpmtx_std@@@stlpmtx_std@@IAAPAVDataEvent@@IPAV2@0@Z	??$_M_allocate_and_copy@PBVConstraint@HamIKEffector@@@?$vector@VConstraint@HamIKEffector@@V?$StlNodeAlloc@VConstraint@HamIKEffector@@@stlpmtx_std@@@stlpmtx_std@@IAAPAVConstraint@HamIKEffector@@IPBV23@0@Z
1	1	DIFF_SIZE	REVIEW	TB	bl	default/HamIKEffector	??4?$vector@VConstraint@HamIKEffector@@V?$StlNodeAlloc@VConstraint@HamIKEffector@@@stlpmtx_std@@@stlpmtx_std@@QAAAAV01@ABV01@@Z	??$__uninitialized_copy@PBVDataEvent@@PAV1@@stlpmtx_std@@YAPAVDataEvent@@PBV1@0PAV1@ABU__false_type@0@@Z	??$__uninitialized_copy@PBVConstraint@HamIKEffector@@PAV12@@stlpmtx_std@@YAPAVConstraint@HamIKEffector@@PBV12@0PAV12@ABU__false_type@0@@Z
1	1	DIFF_SIZE	DIFFERENT_FUNCTION	TB	bl	default/HamIKSkeleton	fn_822C23BC	??1ObjRef@@QAA@XZ	??1?$ObjRefConcrete@VHamCharacter@@VObjectDir@@@@UAA@XZ
1	1	DIFF_SIZE	REVIEW	TB	bl	default/HamMove	?_M_fill_insert_aux@?$vector@ULocalizedName@HamMove@@V?$StlNodeAlloc@ULocalizedName@HamMove@@@stlpmtx_std@@@stlpmtx_std@@AAAXPAULocalizedName@HamMove@@IABU34@ABU__false_type@2@@Z	??$__uninitialized_fill_n@PAVSampleZone@@IV1@@stlpmtx_std@@YAPAVSampleZone@@PAV1@IABV1@ABU__false_type@0@@Z	??$__uninitialized_fill_n@PAULocalizedName@HamMove@@IU12@@stlpmtx_std@@YAPAULocalizedName@HamMove@@PAU12@IABU12@ABU__false_type@0@@Z
1	1	DIFF_SIZE	DIFFERENT_FUNCTION	TB	bl	default/HamMove	?_M_fill_insert_aux@?$vector@ULocalizedName@HamMove@@V?$StlNodeAlloc@ULocalizedName@HamMove@@@stlpmtx_std@@@stlpmtx_std@@AAAXPAULocalizedName@HamMove@@IABU34@ABU__false_type@2@@Z	??0SampleZone@@QAA@ABV0@@Z	??0LocalizedName@HamMove@@QAA@ABU01@@Z
1	1	DIFF_SIZE	DIFFERENT_FUNCTION	TB	bl	default/HamNavProvider	??$_Copy_Construct@UNavItem@HamNavProvider@@@stlpmtx_std@@YAXPAUNavItem@HamNavProvider@@ABU12@@Z	??0Piercing@OutfitConfig@@QAA@ABV01@@Z	??0NavItem@HamNavProvider@@QAA@ABU01@@Z
1	1	DIFF_SIZE	DIFFERENT_FUNCTION	TB	bl	default/HamPhotoDisplay	??_GHamPhotoDisplay@@UAAPAXI@Z	?MemFree@@YAXPAX@Z	??3HamPhotoDisplay@@SAXPAX@Z
1	1	DIFF_SIZE	DIFFERENT_FUNCTION	TB	bl	default/HamPhotoDisplay	?NewObject@HamPhotoDisplay@@SAPAVObject@Hmx@@XZ	??0UnisonIcon@@QAA@XZ	??0HamPhotoDisplay@@QAA@XZ
1	1	DIFF_SIZE	DIFFERENT_FUNCTION	TB	bl	default/InlineHelp	??$_Param_Construct@UActionElement@InlineHelp@@U12@@stlpmtx_std@@YAXPAUActionElement@InlineHelp@@ABU12@@Z	??0PatchLayer@@QAA@ABV0@@Z	??0ActionElement@InlineHelp@@QAA@ABU01@@Z
1	1	DIFF_SIZE	DIFFERENT_FUNCTION	TB	bl	default/InlineHelp	fn_82314B44	??1ObjRef@@QAA@XZ	??1?$ObjRefConcrete@VUIColor@@VObjectDir@@@@UAA@XZ
1	1	DIFF_SIZE	DIFFERENT_FUNCTION	TB	bl	default/Instance	??_G?$ObjDirPtr@VWorldInstance@@@@UAAPAXI@Z	??1?$ObjRefConcrete@VWorldInstance@@VObjectDir@@@@UAA@XZ	??1?$ObjDirPtr@VWorldInstance@@@@UAA@XZ
1	1	DIFF_SIZE	DIFFERENT_FUNCTION	TB	bl	default/Instance	??_G?$ObjPtr@VWorldInstance@@@@UAAPAXI@Z	??1?$ObjDirPtr@VWorldInstance@@@@UAA@XZ	??1?$ObjRefConcrete@VWorldInstance@@VObjectDir@@@@UAA@XZ
1	1	DIFF_SIZE	DIFFERENT_FUNCTION	TB	bl	default/Instance	??_GWorldInstance@@UAAPAXI@Z	?MemFree@@YAXPAX@Z	??3WorldInstance@@SAXPAX@Z
1	1	DIFF_SIZE	DIFFERENT_FUNCTION	TB	bl	default/InstrumentDifficultyDisplay	??_GInstrumentDifficultyDisplay@@UAAPAXI@Z	?MemFree@@YAXPAX@Z	??3InstrumentDifficultyDisplay@@SAXPAX@Z
1	1	DIFF_SIZE	REVIEW	TB	bl	default/JoypadClient	??1JoypadClient@@UAA@XZ	??$__find@PAVSymbol@@V1@@stlpmtx_std@@YAPAVSymbol@@PAV1@0ABV1@ABUrandom_access_iterator_tag@0@@Z	??$__find@PAPAVJoypadClient@@PAV1@@stlpmtx_std@@YAPAPAVJoypadClient@@PAPAV1@0ABQAV1@ABUrandom_access_iterator_tag@0@@Z
1	1	DIFF_SIZE	DIFFERENT_FUNCTION	TB	bl	default/Joypad_Xbox	?ReceiveUpstreamResponse@@YA_NHPAE@Z	?ReceiveUpstreamEEPROMWriteResponse@@YAXHPAE@Z	?ReceiveUpstreamBreedDataResponse@@YAXHPAE@Z
1	1	DIFF_SIZE	DIFFERENT_FUNCTION	TB	bl	default/JsonMemory	JsonCalloc	?_MemAllocTemp@@YAPAXHH@Z	?MemAlloc@@YAPAXHH@Z
1	1	DIFF_SAMESIZE	DIFFERENT_FUNCTION	TB	bl	default/KeyboardTrackWatcherImpl	?ClosestUnplayedGem@KeyboardTrackWatcherImpl@@UAAHMH@Z	?RelevantGem@DrumTrackWatcherImpl@@QAAHHHH@Z	?RelevantGem@KeyboardTrackWatcherImpl@@QAAHHHH@Z
1	1	DIFF_SIZE	DIFFERENT_FUNCTION	TB	bl	default/LabelNumberTicker	??_GLabelNumberTicker@@UAAPAXI@Z	?MemFree@@YAXPAX@Z	??3LabelNumberTicker@@SAXPAX@Z
1	1	DIFF_SIZE	DIFFERENT_FUNCTION	TB	bl	default/LabelShrinkWrapper	??_GLabelShrinkWrapper@@UAAPAXI@Z	?MemFree@@YAXPAX@Z	??3LabelShrinkWrapper@@SAXPAX@Z
1	1	DIFF_SIZE	DIFFERENT_FUNCTION	TB	bl	default/LayerDir	??_GLayerDir@@UAAPAXI@Z	?MemFree@@YAXPAX@Z	??3LayerDir@@SAXPAX@Z
1	1	DIFF_SIZE	DIFFERENT_FUNCTION	TB	bl	default/LayerDir	?Handle@LayerDir@@UAA?AVDataNode@@PAVDataArray@@_N@Z	?erase@?$list@VString@@V?$StlNodeAlloc@VString@@@stlpmtx_std@@@stlpmtx_std@@QAA?AU?$_List_iterator@VString@@U?$_Nonconst_traits@VString@@@stlpmtx_std@@@2@U32@0@Z	?RandomizeColors@LayerDir@@QAA?AVDataNode@@PAVDataArray@@@Z
1	1	DIFF_SIZE	DIFFERENT_FUNCTION	TB	bl	default/LayerDir	?resize@?$list@VFilePath@@V?$StlNodeAlloc@VFilePath@@@stlpmtx_std@@@stlpmtx_std@@QAAXIABVFilePath@@@Z	?erase@?$list@VLayer@LayerDir@@V?$StlNodeAlloc@VLayer@LayerDir@@@stlpmtx_std@@@stlpmtx_std@@QAA?AU?$_List_iterator@VLayer@LayerDir@@U?$_Nonconst_traits@VLayer@LayerDir@@@stlpmtx_std@@@2@U32@0@Z	?erase@?$list@VFilePath@@V?$StlNodeAlloc@VFilePath@@@stlpmtx_std@@@stlpmtx_std@@QAA?AU?$_List_iterator@VFilePath@@U?$_Nonconst_traits@VFilePath@@@stlpmtx_std@@@2@U32@0@Z
1	1	DIFF_SIZE	DIFFERENT_FUNCTION	TB	bl	default/LayerDir	?resize@?$list@VLayer@LayerDir@@V?$StlNodeAlloc@VLayer@LayerDir@@@stlpmtx_std@@@stlpmtx_std@@QAAXIABVLayer@LayerDir@@@Z	?erase@?$list@VPlane@@V?$StlNodeAlloc@VPlane@@@stlpmtx_std@@@stlpmtx_std@@QAA?AU?$_List_iterator@VPlane@@U?$_Nonconst_traits@VPlane@@@stlpmtx_std@@@2@U32@0@Z	?erase@?$list@VLayer@LayerDir@@V?$StlNodeAlloc@VLayer@LayerDir@@@stlpmtx_std@@@stlpmtx_std@@QAA?AU?$_List_iterator@VLayer@LayerDir@@U?$_Nonconst_traits@VLayer@LayerDir@@@stlpmtx_std@@@2@U32@0@Z
1	1	DIFF_SIZE	DIFFERENT_FUNCTION	TB	bl	default/Leaderboard	??$_Param_Construct@VLeaderboardRow@@V1@@stlpmtx_std@@YAXPAVLeaderboardRow@@ABV1@@Z	??0Data@MultiplayerAnalyzer@@QAA@ABV01@@Z	??0LeaderboardRow@@QAA@ABV0@@Z
1	1	DIFF_SIZE	DIFFERENT_FUNCTION	-B	bl	default/Leaderboard	?Text@Leaderboard@@UBAXHHPAVUIListLabel@@PAVUILabel@@@Z	?SetBestBattleScore@AppLabel@@QAAXPAVHamProfile@@H@Z	?SetLeaderboardRankAndName@AppLabel@@QAAXABVLeaderboardRow@@@Z
1	1	DIFF_SIZE	DIFFERENT_FUNCTION	TB	bl	default/Leaderboard	fn_8266D774	??1?$vector@U?$pair@PAVRndTexBlendController@@M@stlpmtx_std@@V?$StlNodeAlloc@U?$pair@PAVRndTexBlendController@@M@stlpmtx_std@@@2@@stlpmtx_std@@QAA@XZ	??1UIListProvider@@UAA@XZ
1	1	DIFF_SIZE	DIFFERENT_FUNCTION	TB	bl	default/LightHue	??4?$Keys@VVector3@@V1@@@QAAAAV0@ABV0@@Z	?StaticClassName@SpotlightEnder@@SA?AVSymbol@@XZ	??4?$vector@V?$Key@VVector3@@@@V?$StlNodeAlloc@V?$Key@VVector3@@@@@stlpmtx_std@@@stlpmtx_std@@QAAAAV01@ABV01@@Z
1	1	DIFF_SIZE	DIFFERENT_FUNCTION	TB	bl	default/LightHue	??_GLightHue@@UAAPAXI@Z	?MemFree@@YAXPAX@Z	??3LightHue@@SAXPAX@Z
1	1	DIFF_SIZE	DIFFERENT_FUNCTION	TB	bl	default/LightHue	??_GWorldReflection@@UAAPAXI@Z	?MemFree@@YAXPAX@Z	??3WorldReflection@@SAXPAX@Z
1	1	DIFF_SIZE	DIFFERENT_FUNCTION	TB	bl	default/LightPreset	??$_Copy_Construct@UEntry@LocalePanel@@@stlpmtx_std@@YAXPAUEntry@LocalePanel@@ABU12@@Z	??0SpotlightEntry@LightPreset@@QAA@ABU01@@Z	??0Entry@LocalePanel@@QAA@ABU01@@Z
1	1	DIFF_SIZE	DIFFERENT_FUNCTION	TB	bl	default/LightPreset	??0?$ObjDirItr@VObject@Hmx@@@@QAA@PAVObjectDir@@_N@Z	?Advance@?$ObjDirItr@VRndEnviron@@@@AAAXXZ	?Advance@?$ObjDirItr@VObject@Hmx@@@@AAAXXZ
1	1	DIFF_SIZE	DIFFERENT_FUNCTION	TB	bl	default/LightPreset	??E?$ObjDirItr@VObject@Hmx@@@@QAAAAV0@XZ	?Advance@?$ObjDirItr@VSpotlightDrawer@@@@AAAXXZ	?Advance@?$ObjDirItr@VObject@Hmx@@@@AAAXXZ
1	1	DIFF_SIZE	DIFFERENT_FUNCTION	TB	bl	default/LightPreset	??_GLightPreset@@UAAPAXI@Z	?MemFree@@YAXPAX@Z	??3LightPreset@@SAXPAX@Z
1	1	DIFF_SIZE	REVIEW	TB	bl	default/LightPreset	?SyncKeyframeTargets@LightPreset@@IAAXXZ	??$__find@PAVSymbol@@V1@@stlpmtx_std@@YAPAVSymbol@@PAV1@0ABV1@ABUrandom_access_iterator_tag@0@@Z	??$__find@PAPAVRndEnviron@@PAV1@@stlpmtx_std@@YAPAPAVRndEnviron@@PAPAV1@0ABQAV1@ABUrandom_access_iterator_tag@0@@Z
1	1	DIFF_SIZE	REVIEW	TB	bl	default/LightPreset	?SyncKeyframeTargets@LightPreset@@IAAXXZ	??$__find@PAVSymbol@@V1@@stlpmtx_std@@YAPAVSymbol@@PAV1@0ABV1@ABUrandom_access_iterator_tag@0@@Z	??$__find@PAPAVSpotlightDrawer@@PAV1@@stlpmtx_std@@YAPAPAVSpotlightDrawer@@PAPAV1@0ABQAV1@ABUrandom_access_iterator_tag@0@@Z
1	1	DIFF_SIZE	DIFFERENT_FUNCTION	TB	bl	default/LightPreset	?_M_fill_insert@?$vector@USpotlightEntry@LightPreset@@V?$StlNodeAlloc@USpotlightEntry@LightPreset@@@stlpmtx_std@@@stlpmtx_std@@AAAXPAUSpotlightEntry@LightPreset@@IABU34@@Z	?_M_insert_overflow_aux@?$vector@UEntry@LocalePanel@@V?$StlNodeAlloc@UEntry@LocalePanel@@@stlpmtx_std@@@stlpmtx_std@@IAAXPAUEntry@LocalePanel@@ABU34@ABU__false_type@2@I_N@Z	?_M_insert_overflow_aux@?$vector@USpotlightEntry@LightPreset@@V?$StlNodeAlloc@USpotlightEntry@LightPreset@@@stlpmtx_std@@@stlpmtx_std@@IAAXPAUSpotlightEntry@LightPreset@@ABU34@ABU__false_type@2@I_N@Z
1	1	DIFF_SIZE	REVIEW	TB	bl	default/LightPreset	fn_82380B80	??$__destroy_aux@V?$map@HMU?$less@H@stlpmtx_std@@V?$StlNodeAlloc@U?$pair@$$CBHM@stlpmtx_std@@@2@@stlpmtx_std@@@stlpmtx_std@@YAXPAV?$map@HMU?$less@H@stlpmtx_std@@V?$StlNodeAlloc@U?$pair@$$CBHM@stlpmtx_std@@@2@@0@ABU__false_type@0@@Z	??1?$vector@UEnvLightEntry@LightPreset@@V?$StlNodeAlloc@UEnvLightEntry@LightPreset@@@stlpmtx_std@@@stlpmtx_std@@QAA@XZ
1	1	DIFF_SIZE	DIFFERENT_FUNCTION	TB	bl	default/LightPreset	fn_82380C30	??1?$ObjRefConcrete@VBandLabel@@VObjectDir@@@@UAA@XZ	??1?$vector@_NV?$StlNodeAlloc@_N@stlpmtx_std@@@stlpmtx_std@@QAA@XZ
1	1	DIFF_SIZE	DIFFERENT_FUNCTION	TB	bl	default/LightPreset	fn_824ADAF8	??1?$_Vector_base@UEnvironmentEntry@LightPreset@@V?$StlNodeAlloc@UEnvironmentEntry@LightPreset@@@stlpmtx_std@@@stlpmtx_std@@QAA@XZ	??1String@@UAA@XZ
1	1	DIFF_SIZE	DIFFERENT_FUNCTION	TB	bl	default/LightPreset	fn_824ADBA0	??1?$_Vector_base@UEnvLightEntry@LightPreset@@V?$StlNodeAlloc@UEnvLightEntry@LightPreset@@@stlpmtx_std@@@stlpmtx_std@@QAA@XZ	??1FilePath@@UAA@XZ
1	1	DIFF_SAMESIZE	REVIEW	TB	bl	default/LightPreset	fn_824B0C30	??$__destroy_range@PAUSpotlightEntry@LightPreset@@U12@@stlpmtx_std@@YAXPAUSpotlightEntry@LightPreset@@00@Z	??$_Destroy_Range@PAUEntry@LocalePanel@@@stlpmtx_std@@YAXPAUEntry@LocalePanel@@0@Z
1	1	DIFF_SIZE	DIFFERENT_FUNCTION	TB	bl	default/LightPreset	fn_824B1F84	??1?$_Vector_base@UEnvLightEntry@LightPreset@@V?$StlNodeAlloc@UEnvLightEntry@LightPreset@@@stlpmtx_std@@@stlpmtx_std@@QAA@XZ	??1Transitions@CharClip@@QAA@XZ
1	1	DIFF_SIZE	DIFFERENT_FUNCTION	TB	bl	default/LightPreset	fn_824B2060	?_M_deallocate@?$_Bvector_base@V?$StlNodeAlloc@_N@stlpmtx_std@@@stlpmtx_std@@IAAXXZ	??1?$ObjPtr@VRndAnimatable@@@@UAA@XZ
1	1	DIFF_SIZE	DIFFERENT_FUNCTION	TB	bl	default/LightPreset	fn_824B2794	??1String@@UAA@XZ	??1Callback@Loader@@UAA@XZ
1	1	DIFF_SIZE	REVIEW	TB	bl	default/LightPreset	fn_824B3A2C	??$_Destroy@USpotlightEntry@LightPreset@@@stlpmtx_std@@YAXPAUSpotlightEntry@LightPreset@@@Z	??1FlowMathOp@@QAA@XZ
1	1	DIFF_SAMESIZE	REVIEW	TB	bl	default/LightPreset	fn_824B4530	??$_Destroy_Range@PAUKeyframe@LightPreset@@@stlpmtx_std@@YAXPAUKeyframe@LightPreset@@0@Z	??$_Destroy_Range@PAUSpotlightEntry@LightPreset@@@stlpmtx_std@@YAXPAUSpotlightEntry@LightPreset@@0@Z
1	1	DIFF_SAMESIZE	REVIEW	TB	bl	default/LightPreset	fn_824B464C	??$_Destroy@USpotlightEntry@LightPreset@@@stlpmtx_std@@YAXPAUSpotlightEntry@LightPreset@@@Z	??1DataArrayPtr@@QAA@XZ
1	1	DIFF_SIZE	REVIEW	TB	bl	default/LightPreset	fn_824B5890	??$_Destroy@USpotlightEntry@LightPreset@@@stlpmtx_std@@YAXPAUSpotlightEntry@LightPreset@@@Z	??1DataNode@@QAA@XZ
1	1	DIFF_SIZE	DIFFERENT_FUNCTION	TB	bl	default/LightPreset	fn_824B5CE0	??1Keyframe@LightPreset@@QAA@XZ	??1BinStreamRev@@UAA@XZ
1	1	DIFF_SIZE	REVIEW	TB	bl	default/LightPresetManager	??A?$hash_map@VSymbol@@V?$vector@PAVLightPreset@@V?$StlNodeAlloc@PAVLightPreset@@@stlpmtx_std@@@stlpmtx_std@@USymbolHash@LightPresetManager@@U?$equal_to@VSymbol@@@3@V?$StlNodeAlloc@U?$pair@$$CBVSymbol@@V?$vector@PAVLightPreset@@V?$StlNodeAlloc@PAVLightPreset@@@stlpmtx_std@@@stlpmtx_std@@@stlpmtx_std@@@3@@stlpmtx_std@@QAAAAV?$vector@PAVLightPreset@@V?$StlNodeAlloc@PAVLightPreset@@@stlpmtx_std@@@1@ABVSymbol@@@Z	??$_M_find@VSymbol@@@?$hashtable@U?$pair@$$CBVSymbol@@H@stlpmtx_std@@VSymbol@@U?$hash@VSymbol@@@2@U?$_HashMapTraitsT@U?$pair@$$CBVSymbol@@H@stlpmtx_std@@@priv@2@U?$_Select1st@U?$pair@$$CBVSymbol@@H@stlpmtx_std@@@2@U?$equal_to@VSymbol@@@2@V?$StlNodeAlloc@U?$pair@$$CBVSymbol@@H@stlpmtx_std@@@2@@stlpmtx_std@@ABA?AV?$_Slist_iterator@U?$pair@$$CBVSymbol@@H@stlpmtx_std@@U?$_Nonconst_traits@U?$pair@$$CBVSymbol@@H@stlpmtx_std@@@2@@priv@1@ABVSymbol@@@Z	??$_M_find@VSymbol@@@?$hashtable@U?$pair@$$CBVSymbol@@V?$vector@PAVLightPreset@@V?$StlNodeAlloc@PAVLightPreset@@@stlpmtx_std@@@stlpmtx_std@@@stlpmtx_std@@VSymbol@@USymbolHash@LightPresetManager@@U?$_HashMapTraitsT@U?$pair@$$CBVSymbol@@V?$vector@PAVLightPreset@@V?$StlNodeAlloc@PAVLightPreset@@@stlpmtx_std@@@stlpmtx_std@@@stlpmtx_std@@@priv@2@U?$_Select1st@U?$pair@$$CBVSymbol@@V?$vector@PAVLightPreset@@V?$StlNodeAlloc@PAVLightPreset@@@stlpmtx_std@@@stlpmtx_std@@@stlpmtx_std@@@2@U?$equal_to@VSymbol@@@2@V?$StlNodeAlloc@U?$pair@$$CBVSymbol@@V?$vector@PAVLightPreset@@V?$StlNodeAlloc@PAVLightPreset@@@stlpmtx_std@@@stlpmtx_std@@@stlpmtx_std@@@2@@stlpmtx_std@@ABA?AV?$_Slist_iterator@U?$pair@$$CBVSymbol@@V?$vector@PAVLightPreset@@V?$StlNodeAlloc@PAVLightPreset@@@stlpmtx_std@@@stlpmtx_std@@@stlpmtx_std@@U?$_Nonconst_traits@U?$pair@$$CBVSymbol@@V?$vector@PAVLightPreset@@V?$StlNodeAlloc@PAVLightPreset@@@stlpmtx_std@@@stlpmtx_std@@@stlpmtx_std@@@2@@priv@1@ABVSymbol@@@Z
1	1	DIFF_SIZE	DIFFERENT_FUNCTION	TB	bl	default/Line	??_GRndLine@@UAAPAXI@Z	?MemFree@@YAXPAX@Z	??3RndLine@@SAXPAX@Z
1	1	DIFF_SAMESIZE	DIFFERENT_FUNCTION	TB	bl	default/Line	?Handle@RndLine@@UAA?AVDataNode@@PAVDataArray@@_N@Z	?UpdatePointColor@RndLine@@QAAXH_N@Z	?SetPointColor@RndLine@@QAAXHABVColor@Hmx@@_N@Z
1	1	DIFF_SIZE	DIFFERENT_FUNCTION	TB	bl	default/Line	fn_8247C028	??1?$ObjPtrList@VCharInterest@@VObjectDir@@@@UAA@XZ	??1BinStreamRev@@UAA@XZ
1	1	DIFF_SIZE	DIFFERENT_FUNCTION	TB	bl	default/LitAnim	??_GRndLightAnim@@UAAPAXI@Z	?MemFree@@YAXPAX@Z	??3RndLightAnim@@SAXPAX@Z
1	1	DIFF_SAMESIZE	DIFFERENT_FUNCTION	TB	bl	default/LitAnim	?Copy@RndLightAnim@@UAAXPBVObject@Hmx@@W4CopyType@23@@Z	?SetOwnerObj@?$ObjOwnerPtr@VCharInterest@@@@QAAXPAVCharInterest@@@Z	?SetObjConcrete@?$ObjRefConcrete@VRndLightAnim@@VObjectDir@@@@QAAXPAVRndLightAnim@@@Z
1	1	DIFF_SIZE	DIFFERENT_FUNCTION	TB	bl	default/LitAnim	fn_82471A90	??1ObjRef@@QAA@XZ	??1?$ObjRefConcrete@VRndLight@@VObjectDir@@@@UAA@XZ
1	1	DIFF_SAMESIZE	REVIEW	TB	bl	default/LiveCameraInput	??1?$vector@VTextureStore@LiveCameraInput@@V?$StlNodeAlloc@VTextureStore@LiveCameraInput@@@stlpmtx_std@@@stlpmtx_std@@QAA@XZ	??$__destroy_range_aux@V?$reverse_iterator@PAVDataArrayPtr@@@stlpmtx_std@@@stlpmtx_std@@YAXV?$reverse_iterator@PAVDataArrayPtr@@@0@0ABU__false_type@0@@Z	??$__destroy_range_aux@V?$reverse_iterator@PAVTextureStore@LiveCameraInput@@@stlpmtx_std@@@stlpmtx_std@@YAXV?$reverse_iterator@PAVTextureStore@LiveCameraInput@@@0@0ABU__false_type@0@@Z
1	1	DIFF_SAMESIZE	REVIEW	TB	bl	default/LiveCameraInput	fn_8242C1CC	??$_Destroy_Range@PAVDataArrayPtr@@@stlpmtx_std@@YAXPAVDataArrayPtr@@0@Z	??$_Destroy_Range@PAVTextureStore@LiveCameraInput@@@stlpmtx_std@@YAXPAVTextureStore@LiveCameraInput@@0@Z
1	1	DIFF_SIZE	DIFFERENT_FUNCTION	TB	bl	default/MatAnim	??_G?$ObjOwnerPtr@VRndMatAnim@@@@UAAPAXI@Z	??1?$ObjRefConcrete@VRndTex@@VObjectDir@@@@UAA@XZ	??1?$ObjOwnerPtr@VRndMatAnim@@@@UAA@XZ
1	1	DIFF_SAMESIZE	DIFFERENT_FUNCTION	TB	bl	default/MatAnim	?Copy@RndMatAnim@@UAAXPBVObject@Hmx@@W4CopyType@23@@Z	?SetOwnerObj@?$ObjOwnerPtr@VCharInterest@@@@QAAXPAVCharInterest@@@Z	?SetObjConcrete@?$ObjRefConcrete@VRndMatAnim@@VObjectDir@@@@QAAXPAVRndMatAnim@@@Z
1	1	DIFF_SIZE	DIFFERENT_FUNCTION	TB	bl	default/MatAnim	?SetKey@RndMatAnim@@UAAXM@Z	??DHmx@@YA?AVMatrix4@0@ABVTransform@@ABV10@@Z	?Add@TexKeys@RndMatAnim@@QAAHPAVRndTex@@M_N@Z
1	1	DIFF_SIZE	REVIEW	TB	bl	default/MatAnim	?_M_fill_insert_aux@?$vector@V?$Key@VTexPtr@RndMatAnim@@@@V?$StlNodeAlloc@V?$Key@VTexPtr@RndMatAnim@@@@@stlpmtx_std@@@stlpmtx_std@@AAAXPAV?$Key@VTexPtr@RndMatAnim@@@@IABV3@ABU__false_type@2@@Z	??$__uninitialized_fill_n@PAUDistEntry@@IU1@@stlpmtx_std@@YAPAUDistEntry@@PAU1@IABU1@ABU__false_type@0@@Z	??$__uninitialized_fill_n@PAV?$Key@VTexPtr@RndMatAnim@@@@IV1@@stlpmtx_std@@YAPAV?$Key@VTexPtr@RndMatAnim@@@@PAV1@IABV1@ABU__false_type@0@@Z
1	1	DIFF_SIZE	DIFFERENT_FUNCTION	TB	bl	default/MatAnim	fn_824637C0	??1?$ObjPtr@VRndTex@@@@UAA@XZ	??1RndEnvironTracker@@QAA@XZ
1	1	DIFF_SIZE	DIFFERENT_FUNCTION	TB	bl	default/Mat_NG	??_GNgMat@@UAAPAXI@Z	?MemFree@@YAXPAX@Z	??3RndMat@@SAXPAX@Z
1	1	DIFF_SIZE	DIFFERENT_FUNCTION	TB	bl	default/Matchmaker	fn_823F3D2C	??1MatchmakingSettings@@UAA@XZ	??1?$_Vector_base@V?$map@HMU?$less@H@stlpmtx_std@@V?$StlNodeAlloc@U?$pair@$$CBHM@stlpmtx_std@@@2@@stlpmtx_std@@V?$StlNodeAlloc@V?$map@HMU?$less@H@stlpmtx_std@@V?$StlNodeAlloc@U?$pair@$$CBHM@stlpmtx_std@@@2@@stlpmtx_std@@@2@@stlpmtx_std@@QAA@XZ
1	1	DIFF_SIZE	DIFFERENT_FUNCTION	TB	bl	default/Matchmaker	fn_823F3DB0	??1MatchmakingSettings@@UAA@XZ	??1?$_String_base@DV?$allocator@D@stlpmtx_std@@@stlpmtx_std@@IAA@XZ
1	1	DIFF_SIZE	DIFFERENT_FUNCTION	TB	bl	default/MeasureMap	??$_Param_Construct@VCamShotCrowd@@V1@@stlpmtx_std@@YAXPAVCamShotCrowd@@ABV1@@Z	??0IconData@BandCrowdMeter@@QAA@ABV01@@Z	??0CamShotCrowd@@QAA@ABV0@@Z
1	1	DIFF_SIZE	DIFFERENT_FUNCTION	TB	bl	default/MemHeap	fn_827BB9F4	??1CritSecTracker@@QAA@XZ	??1String@@UAA@XZ
1	1	DIFF_SIZE	DIFFERENT_FUNCTION	TB	bl	default/MemMgr	fn_827BD050	??3BandHighlight@@SAXPAX@Z	??1String@@UAA@XZ
1	1	DIFF_SIZE	REVIEW	TB	bl	default/MemTracker	??$__final_insertion_sort@PAPAVAllocInfo@@P6A_NABQAV1@0@Z@stlpmtx_std@@YAXPAPAVAllocInfo@@0P6A_NABQAV1@1@Z@Z	??$__unguarded_linear_insert@PAPAVVert@RndMesh@@PAV12@USortByZ@@@stlpmtx_std@@YAXPAPAVVert@RndMesh@@PAV12@USortByZ@@@Z	??$__unguarded_linear_insert@PAPAVAllocInfo@@PAV1@P6A_NABQAV1@0@Z@stlpmtx_std@@YAXPAPAVAllocInfo@@PAV1@P6A_NABQAV1@2@Z@Z
1	1	DIFF_SIZE	REVIEW	TB	bl	default/MemTracker	??$__insertion_sort@PAPAVAllocInfo@@PAV1@P6A_NABQAV1@0@Z@stlpmtx_std@@YAXPAPAVAllocInfo@@00P6A_NABQAV1@1@Z@Z	??$__linear_insert@PAPAVVert@RndMesh@@PAV12@USortByZ@@@stlpmtx_std@@YAXPAPAVVert@RndMesh@@0PAV12@USortByZ@@@Z	??$__linear_insert@PAPAVAllocInfo@@PAV1@P6A_NABQAV1@0@Z@stlpmtx_std@@YAXPAPAVAllocInfo@@0PAV1@P6A_NABQAV1@2@Z@Z
1	1	DIFF_SIZE	DIFFERENT_FUNCTION	TB	bl	default/MemTracker	?StackLess@@YA_NABQAVAllocInfo@@0@Z	?Validate@AllocInfo@@QBAXXZ	?StackCompare@AllocInfo@@QBAHABV1@@Z
1	1	DIFF_SIZE	DIFFERENT_FUNCTION	TB	bl	default/MemTracker	?delete_and_clear@AllocInfoVec@@QAAXXZ	??3BinStream@@SAXPAX@Z	??3AllocInfo@@SAXPAX@Z
1	1	DIFF_SIZE	DIFFERENT_FUNCTION	TB	bl	default/MemTracker	?delete_and_clear@AllocInfoVec@@QAAXXZ	?Terminate@RndMat@@SAXXZ	??1AllocInfo@@QAA@XZ
1	1	DIFF_SIZE	DIFFERENT_FUNCTION	TB	bl	default/MemTracker	?delete_and_clear@AllocInfoVec@@QAAXXZ	?erase@?$vector@IV?$StlNodeAlloc@I@stlpmtx_std@@@stlpmtx_std@@QAAPAIPAI0@Z	?erase@AllocInfoVec@@QAAPAPAVAllocInfo@@PAPAV2@0@Z
1	1	DIFF_SIZE	REVIEW	TB	bl	default/MemTracker	?reserve@?$vector@UMemDiffEntry@@V?$StlNodeAlloc@UMemDiffEntry@@@stlpmtx_std@@@stlpmtx_std@@QAAXI@Z	??$_M_allocate_and_copy@PBVPoint@RndLine@@@?$vector@VPoint@RndLine@@V?$StlNodeAlloc@VPoint@RndLine@@@stlpmtx_std@@@stlpmtx_std@@IAAPAVPoint@RndLine@@IPBV23@0@Z	??$_M_allocate_and_copy@PAUMemDiffEntry@@@?$vector@UMemDiffEntry@@V?$StlNodeAlloc@UMemDiffEntry@@@stlpmtx_std@@@stlpmtx_std@@IAAPAUMemDiffEntry@@IPAU2@0@Z
1	1	DIFF_SIZE	DIFFERENT_FUNCTION	TB	bl	default/MemcardMgr_Xbox	?OnMsg@MemcardMgr@@IAA?AVDataNode@@ABVSigninChangedMsg@@@Z	?GetName@Profile@@QBAPBDXZ	?GetPadNum@Profile@@QBAHXZ
1	1	DIFF_SIZE	DIFFERENT_FUNCTION	TB	bl	default/MemcardMgr_Xbox	fn_8251BDE0	??1String@@UAA@XZ	??1ThreadCallback@@UAA@XZ
1	1	DIFF_SIZE	DIFFERENT_FUNCTION	TB	bl	default/Memcard_Xbox	?CreateContainer@MemcardXbox@@UAAPAVMCContainer@@ABUContainerId@@@Z	??2CriticalSection@@SAPAXI@Z	??2MCContainer@@SAPAXI@Z
1	1	DIFF_SIZE	REVIEW	TB	bl	default/Mesh	??4?$vector@VRndBone@@V?$StlNodeAlloc@VRndBone@@@stlpmtx_std@@@stlpmtx_std@@QAAAAV01@ABV01@@Z	??$_M_allocate_and_copy@PBVFilePath@@@?$vector@VFilePath@@V?$StlNodeAlloc@VFilePath@@@stlpmtx_std@@@stlpmtx_std@@IAAPAVFilePath@@IPBV2@0@Z	??$_M_allocate_and_copy@PBVRndBone@@@?$vector@VRndBone@@V?$StlNodeAlloc@VRndBone@@@stlpmtx_std@@@stlpmtx_std@@IAAPAVRndBone@@IPBV2@0@Z
1	1	DIFF_SIZE	DIFFERENT_FUNCTION	TB	bl	default/Mesh	??_GRndMesh@@UAAPAXI@Z	?MemFree@@YAXPAX@Z	??3RndMesh@@SAXPAX@Z
1	1	DIFF_SIZE	DIFFERENT_FUNCTION	TB	bl	default/Mesh	fn_8241BF20	??1?$_Vector_base@VRndBone@@V?$StlNodeAlloc@VRndBone@@@stlpmtx_std@@@stlpmtx_std@@QAA@XZ	??1?$_Vector_base@VVector2@@V?$StlNodeAlloc@VVector2@@@stlpmtx_std@@@stlpmtx_std@@QAA@XZ
1	1	DIFF_SIZE	DIFFERENT_FUNCTION	TB	bl	default/Mesh	fn_8241C9C8	??1?$_Vector_base@VTrackerPlayerDisplay@@V?$StlNodeAlloc@VTrackerPlayerDisplay@@@stlpmtx_std@@@stlpmtx_std@@QAA@XZ	??1?$ObjRefConcrete@VRndMesh@@VObjectDir@@@@UAA@XZ
1	1	DIFF_SIZE	DIFFERENT_FUNCTION	TB	bl	default/Mesh	fn_8241CA58	??1?$_Vector_base@VTrackerPlayerDisplay@@V?$StlNodeAlloc@VTrackerPlayerDisplay@@@stlpmtx_std@@@stlpmtx_std@@QAA@XZ	??1?$ObjRefConcrete@VRndTransformable@@VObjectDir@@@@UAA@XZ
1	1	DIFF_SIZE	DIFFERENT_FUNCTION	TB	bl	default/Mesh	fn_8241D5B4	??1?$_Vector_base@VTrackerPlayerDisplay@@V?$StlNodeAlloc@VTrackerPlayerDisplay@@@stlpmtx_std@@@stlpmtx_std@@QAA@XZ	??1?$_Vector_base@VRndBone@@V?$StlNodeAlloc@VRndBone@@@stlpmtx_std@@@stlpmtx_std@@QAA@XZ
1	1	DIFF_SIZE	DIFFERENT_FUNCTION	TB	bl	default/Mesh	fn_8241D96C	??1ObjRef@@QAA@XZ	??1RndBone@@QAA@XZ
1	1	DIFF_SIZE	DIFFERENT_FUNCTION	TB	bl	default/Mesh	fn_8241DB68	??1?$_Vector_base@VTrackerPlayerDisplay@@V?$StlNodeAlloc@VTrackerPlayerDisplay@@@stlpmtx_std@@@stlpmtx_std@@QAA@XZ	??1?$_Vector_base@V?$vector@GV?$StlNodeAlloc@G@stlpmtx_std@@@stlpmtx_std@@V?$StlNodeAlloc@V?$vector@GV?$StlNodeAlloc@G@stlpmtx_std@@@stlpmtx_std@@@2@@stlpmtx_std@@QAA@XZ
1	1	DIFF_SIZE	REVIEW	TB	bl	default/Mesh	fn_82766F6C	??$__ucopy_ptrs@PBQAVTail@@PAPAV1@@stlpmtx_std@@YAPAPAVTail@@PBQAV1@0PAPAV1@ABU__true_type@0@@Z	??1?$_List_base@VPlane@@V?$StlNodeAlloc@VPlane@@@stlpmtx_std@@@stlpmtx_std@@QAA@XZ
1	1	DIFF_SIZE	DIFFERENT_FUNCTION	TB	bl	default/Mesh	fn_82BB3C40	??1?$_Vector_base@VFilePath@@V?$StlNodeAlloc@VFilePath@@@stlpmtx_std@@@stlpmtx_std@@QAA@XZ	??1?$_Vector_base@V?$list@HV?$StlNodeAlloc@H@stlpmtx_std@@@stlpmtx_std@@V?$StlNodeAlloc@V?$list@HV?$StlNodeAlloc@H@stlpmtx_std@@@stlpmtx_std@@@2@@stlpmtx_std@@QAA@XZ
1	1	DIFF_SAMESIZE	DIFFERENT_FUNCTION	TB	bl	default/Mesh	fn_82BB4708	??1?$_Vector_base@FV?$StlNodeAlloc@F@stlpmtx_std@@@stlpmtx_std@@QAA@XZ	??1?$vector@PAVRndTransformable@@V?$StlNodeAlloc@PAVRndTransformable@@@stlpmtx_std@@@stlpmtx_std@@QAA@XZ
1	1	DIFF_SIZE	REVIEW	TB	bl	default/MeshAnim	??$?5V?$vector@VColor@Hmx@@V?$StlNodeAlloc@VColor@Hmx@@@stlpmtx_std@@@stlpmtx_std@@@@YAAAVBinStreamRev@@AAV0@AAV?$Key@V?$vector@VColor@Hmx@@V?$StlNodeAlloc@VColor@Hmx@@@stlpmtx_std@@@stlpmtx_std@@@@@Z	??$?5VVector2@@V?$StlNodeAlloc@VVector2@@@stlpmtx_std@@@@YAAAVBinStreamRev@@AAV0@AAV?$vector@VVector2@@V?$StlNodeAlloc@VVector2@@@stlpmtx_std@@@stlpmtx_std@@@Z	??$?5VColor@Hmx@@V?$StlNodeAlloc@VColor@Hmx@@@stlpmtx_std@@@@YAAAVBinStreamRev@@AAV0@AAV?$vector@VColor@Hmx@@V?$StlNodeAlloc@VColor@Hmx@@@stlpmtx_std@@@stlpmtx_std@@@Z
1	1	DIFF_SIZE	REVIEW	TB	bl	default/MeshAnim	??$?5V?$vector@VVector2@@V?$StlNodeAlloc@VVector2@@@stlpmtx_std@@@stlpmtx_std@@@@YAAAVBinStreamRev@@AAV0@AAV?$Key@V?$vector@VVector2@@V?$StlNodeAlloc@VVector2@@@stlpmtx_std@@@stlpmtx_std@@@@@Z	??$?5VVector3@@V?$StlNodeAlloc@VVector3@@@stlpmtx_std@@@@YAAAVBinStreamRev@@AAV0@AAV?$vector@VVector3@@V?$StlNodeAlloc@VVector3@@@stlpmtx_std@@@stlpmtx_std@@@Z	??$?5VVector2@@V?$StlNodeAlloc@VVector2@@@stlpmtx_std@@@@YAAAVBinStreamRev@@AAV0@AAV?$vector@VVector2@@V?$StlNodeAlloc@VVector2@@@stlpmtx_std@@@stlpmtx_std@@@Z
1	1	DIFF_SIZE	DIFFERENT_FUNCTION	TB	bl	default/MeshAnim	??$?5VColor@Hmx@@@BinStreamRev@@QAAAAV0@AAVColor@Hmx@@@Z	?StaticClassName@RndMultiMesh@@SA?AVSymbol@@XZ	??5@YAAAVBinStream@@AAV0@AAVColor@Hmx@@@Z
1	1	DIFF_SIZE	DIFFERENT_FUNCTION	TB	bl	default/MeshAnim	??$?5VVector2@@@BinStreamRev@@QAAAAV0@AAVVector2@@@Z	?StaticClassName@RndMeshAnim@@SA?AVSymbol@@XZ	??5@YAAAVBinStream@@AAV0@AAVVector2@@@Z
1	1	DIFF_SIZE	DIFFERENT_FUNCTION	TB	bl	default/MeshAnim	??0Quat@Hmx@@QAA@ABVMatrix3@1@@Z	?StaticClassName@BandFaceDeform@@SA?AVSymbol@@XZ	?Set@Quat@Hmx@@QAAXABVMatrix3@2@@Z
1	1	DIFF_SIZE	DIFFERENT_FUNCTION	TB	bl	default/MeshAnim	??1RndMeshAnim@@UAA@XZ	??1?$ObjRefConcrete@VBandIKEffector@@VObjectDir@@@@UAA@XZ	??1?$ObjOwnerPtr@VRndMeshAnim@@@@UAA@XZ
1	1	DIFF_SIZE	DIFFERENT_FUNCTION	TB	bl	default/MeshAnim	??_G?$ObjOwnerPtr@VRndMeshAnim@@@@UAAPAXI@Z	??1?$ObjRefConcrete@VRndMeshAnim@@VObjectDir@@@@UAA@XZ	??1?$ObjOwnerPtr@VRndMeshAnim@@@@UAA@XZ
1	1	DIFF_SIZE	DIFFERENT_FUNCTION	TB	bl	default/MeshAnim	??_G?$ObjPtr@VRndWind@@@@UAAPAXI@Z	??1?$ObjRefConcrete@VBandIKEffector@@VObjectDir@@@@UAA@XZ	??1?$ObjRefConcrete@VRndWind@@VObjectDir@@@@UAA@XZ
1	1	DIFF_SIZE	DIFFERENT_FUNCTION	TB	bl	default/MeshAnim	??_GRndMeshAnim@@UAAPAXI@Z	?MemFree@@YAXPAX@Z	??3RndMeshAnim@@SAXPAX@Z
1	1	DIFF_SAMESIZE	DIFFERENT_FUNCTION	TB	bl	default/MeshAnim	?Copy@RndMeshAnim@@UAAXPBVObject@Hmx@@W4CopyType@23@@Z	?SetOwnerObj@?$ObjOwnerPtr@VCharInterest@@@@QAAXPAVCharInterest@@@Z	?SetObjConcrete@?$ObjRefConcrete@VRndMeshAnim@@VObjectDir@@@@QAAXPAVRndMeshAnim@@@Z
1	1	DIFF_SIZE	DIFFERENT_FUNCTION	TB	bl	default/MeshAnim	?_M_erase@?$vector@V?$Key@V?$vector@VVector2@@V?$StlNodeAlloc@VVector2@@@stlpmtx_std@@@stlpmtx_std@@@@V?$StlNodeAlloc@V?$Key@V?$vector@VVector2@@V?$StlNodeAlloc@VVector2@@@stlpmtx_std@@@stlpmtx_std@@@@@stlpmtx_std@@@stlpmtx_std@@IAAPAV?$Key@V?$vector@VVector2@@V?$StlNodeAlloc@VVector2@@@stlpmtx_std@@@stlpmtx_std@@@@PAV3@0ABU__false_type@2@@Z	??4?$vector@VVector3@@V?$StlNodeAlloc@VVector3@@@stlpmtx_std@@@stlpmtx_std@@QAAAAV01@ABV01@@Z	??4?$vector@VVector2@@V?$StlNodeAlloc@VVector2@@@stlpmtx_std@@@stlpmtx_std@@QAAAAV01@ABV01@@Z
1	1	DIFF_SAMESIZE	DIFFERENT_FUNCTION	TB	bl	default/MeshAnim	?_M_fill_insert@?$vector@V?$Key@V?$vector@VColor@Hmx@@V?$StlNodeAlloc@VColor@Hmx@@@stlpmtx_std@@@stlpmtx_std@@@@V?$StlNodeAlloc@V?$Key@V?$vector@VColor@Hmx@@V?$StlNodeAlloc@VColor@Hmx@@@stlpmtx_std@@@stlpmtx_std@@@@@stlpmtx_std@@@stlpmtx_std@@AAAXPAV?$Key@V?$vector@VColor@Hmx@@V?$StlNodeAlloc@VColor@Hmx@@@stlpmtx_std@@@stlpmtx_std@@@@IABV3@@Z	?_M_fill_insert_aux@?$vector@V?$Key@V?$vector@VVector2@@V?$StlNodeAlloc@VVector2@@@stlpmtx_std@@@stlpmtx_std@@@@V?$StlNodeAlloc@V?$Key@V?$vector@VVector2@@V?$StlNodeAlloc@VVector2@@@stlpmtx_std@@@stlpmtx_std@@@@@stlpmtx_std@@@stlpmtx_std@@AAAXPAV?$Key@V?$vector@VVector2@@V?$StlNodeAlloc@VVector2@@@stlpmtx_std@@@stlpmtx_std@@@@IABV3@ABU__false_type@2@@Z	?_M_fill_insert_aux@?$vector@V?$Key@V?$vector@VColor@Hmx@@V?$StlNodeAlloc@VColor@Hmx@@@stlpmtx_std@@@stlpmtx_std@@@@V?$StlNodeAlloc@V?$Key@V?$vector@VColor@Hmx@@V?$StlNodeAlloc@VColor@Hmx@@@stlpmtx_std@@@stlpmtx_std@@@@@stlpmtx_std@@@stlpmtx_std@@AAAXPAV?$Key@V?$vector@VColor@Hmx@@V?$StlNodeAlloc@VColor@Hmx@@@stlpmtx_std@@@stlpmtx_std@@@@IABV3@ABU__false_type@2@@Z
1	1	DIFF_SAMESIZE	DIFFERENT_FUNCTION	TB	bl	default/MeshAnim	?_M_fill_insert@?$vector@V?$Key@V?$vector@VVector2@@V?$StlNodeAlloc@VVector2@@@stlpmtx_std@@@stlpmtx_std@@@@V?$StlNodeAlloc@V?$Key@V?$vector@VVector2@@V?$StlNodeAlloc@VVector2@@@stlpmtx_std@@@stlpmtx_std@@@@@stlpmtx_std@@@stlpmtx_std@@AAAXPAV?$Key@V?$vector@VVector2@@V?$StlNodeAlloc@VVector2@@@stlpmtx_std@@@stlpmtx_std@@@@IABV3@@Z	?_M_fill_insert_aux@?$vector@V?$Key@V?$vector@VColor@Hmx@@V?$StlNodeAlloc@VColor@Hmx@@@stlpmtx_std@@@stlpmtx_std@@@@V?$StlNodeAlloc@V?$Key@V?$vector@VColor@Hmx@@V?$StlNodeAlloc@VColor@Hmx@@@stlpmtx_std@@@stlpmtx_std@@@@@stlpmtx_std@@@stlpmtx_std@@AAAXPAV?$Key@V?$vector@VColor@Hmx@@V?$StlNodeAlloc@VColor@Hmx@@@stlpmtx_std@@@stlpmtx_std@@@@IABV3@ABU__false_type@2@@Z	?_M_fill_insert_aux@?$vector@V?$Key@V?$vector@VVector2@@V?$StlNodeAlloc@VVector2@@@stlpmtx_std@@@stlpmtx_std@@@@V?$StlNodeAlloc@V?$Key@V?$vector@VVector2@@V?$StlNodeAlloc@VVector2@@@stlpmtx_std@@@stlpmtx_std@@@@@stlpmtx_std@@@stlpmtx_std@@AAAXPAV?$Key@V?$vector@VVector2@@V?$StlNodeAlloc@VVector2@@@stlpmtx_std@@@stlpmtx_std@@@@IABV3@ABU__false_type@2@@Z
1	1	DIFF_SIZE	REVIEW	TB	bl	default/MeshAnim	?_M_fill_insert_aux@?$vector@V?$Key@V?$vector@VVector2@@V?$StlNodeAlloc@VVector2@@@stlpmtx_std@@@stlpmtx_std@@@@V?$StlNodeAlloc@V?$Key@V?$vector@VVector2@@V?$StlNodeAlloc@VVector2@@@stlpmtx_std@@@stlpmtx_std@@@@@stlpmtx_std@@@stlpmtx_std@@AAAXPAV?$Key@V?$vector@VVector2@@V?$StlNodeAlloc@VVector2@@@stlpmtx_std@@@stlpmtx_std@@@@IABV3@ABU__false_type@2@@Z	??$__uninitialized_fill_n@PAV?$Key@V?$vector@VColor@Hmx@@V?$StlNodeAlloc@VColor@Hmx@@@stlpmtx_std@@@stlpmtx_std@@@@IV1@@stlpmtx_std@@YAPAV?$Key@V?$vector@VColor@Hmx@@V?$StlNodeAlloc@VColor@Hmx@@@stlpmtx_std@@@stlpmtx_std@@@@PAV1@IABV1@ABU__false_type@0@@Z	??$__uninitialized_fill_n@PAV?$Key@V?$vector@VVector2@@V?$StlNodeAlloc@VVector2@@@stlpmtx_std@@@stlpmtx_std@@@@IV1@@stlpmtx_std@@YAPAV?$Key@V?$vector@VVector2@@V?$StlNodeAlloc@VVector2@@@stlpmtx_std@@@stlpmtx_std@@@@PAV1@IABV1@ABU__false_type@0@@Z
1	1	DIFF_SIZE	REVIEW	TB	bl	default/MeshAnim	fn_8246B5B8	??$?5V?$vector@VColor@Hmx@@V?$StlNodeAlloc@VColor@Hmx@@@stlpmtx_std@@@stlpmtx_std@@V?$vector@VVert@RndMesh@@V?$StlNodeAlloc@VVert@RndMesh@@@stlpmtx_std@@@1@@@YAAAVBinStreamRev@@AAV0@AAV?$Keys@V?$vector@VColor@Hmx@@V?$StlNodeAlloc@VColor@Hmx@@@stlpmtx_std@@@stlpmtx_std@@V?$vector@VVert@RndMesh@@V?$StlNodeAlloc@VVert@RndMesh@@@stlpmtx_std@@@2@@@@Z	??1DataNode@@QAA@XZ
1	1	DIFF_SIZE	DIFFERENT_FUNCTION	TB	bl	default/MeshAnim	fn_8246F71C	??1?$_Vector_base@VTrackerPlayerDisplay@@V?$StlNodeAlloc@VTrackerPlayerDisplay@@@stlpmtx_std@@@stlpmtx_std@@QAA@XZ	??1Constraint@BandIKEffector@@QAA@XZ
1	1	DIFF_SIZE	DIFFERENT_FUNCTION	TB	bl	default/MeshAnim	fn_824700D4	??1?$ObjPtr@VRndWind@@@@UAA@XZ	??1?$ObjPtr@VRndTransformable@@@@UAA@XZ
1	1	DIFF_SIZE	DIFFERENT_FUNCTION	TB	bl	default/MeshAnim	fn_824704A4	??1?$ObjPtr@VRndWind@@@@UAA@XZ	??1?$Keys@V?$vector@VVector2@@V?$StlNodeAlloc@VVector2@@@stlpmtx_std@@@stlpmtx_std@@V?$vector@VVert@RndMesh@@V?$StlNodeAlloc@VVert@RndMesh@@@stlpmtx_std@@@2@@@QAA@XZ
1	1	DIFF_SIZE	DIFFERENT_FUNCTION	TB	bl	default/MeshAnim	fn_82470CD0	??1?$_Vector_base@VStreakList@Scoring@@V?$StlNodeAlloc@VStreakList@Scoring@@@stlpmtx_std@@@stlpmtx_std@@QAA@XZ	??1BinStreamRev@@UAA@XZ
1	1	DIFF_SAMESIZE	DIFFERENT_FUNCTION	TB	bl	default/MeshAnim	fn_82470CF8	??1?$_Vector_base@VTrackerPlayerDisplay@@V?$StlNodeAlloc@VTrackerPlayerDisplay@@@stlpmtx_std@@@stlpmtx_std@@QAA@XZ	??1?$Key@V?$vector@VVector3@@V?$StlNodeAlloc@VVector3@@@stlpmtx_std@@@stlpmtx_std@@@@QAA@XZ
1	1	DIFF_SAMESIZE	DIFFERENT_FUNCTION	TB	bl	default/MeshAnim	fn_82470D20	??1?$_Vector_base@VStreakList@Scoring@@V?$StlNodeAlloc@VStreakList@Scoring@@@stlpmtx_std@@@stlpmtx_std@@QAA@XZ	??1?$Key@V?$vector@VVector2@@V?$StlNodeAlloc@VVector2@@@stlpmtx_std@@@stlpmtx_std@@@@QAA@XZ
1	1	DIFF_SIZE	DIFFERENT_FUNCTION	TB	bl	default/MeshAnim	fn_827B2AC4	??1DataPoint@@QAA@XZ	??1?$Key@V?$vector@VVector3@@V?$StlNodeAlloc@VVector3@@@stlpmtx_std@@@stlpmtx_std@@@@QAA@XZ
1	1	DIFF_SIZE	DIFFERENT_FUNCTION	TB	bl	default/MeshDeform	??_G?$ObjPtrList@VObjectDir@@V1@@@UAAPAXI@Z	??1RndMeshDeform@@UAA@XZ	??1?$ObjPtrList@VObjectDir@@V1@@@UAA@XZ
1	1	DIFF_SIZE	DIFFERENT_FUNCTION	TB	bl	default/MeshDeform	?_M_fill_insert@?$vector@VViewport@ObjectDir@@V?$StlNodeAlloc@VViewport@ObjectDir@@@stlpmtx_std@@@stlpmtx_std@@AAAXPAVViewport@ObjectDir@@IABV34@@Z	?_M_insert_overflow_aux@?$vector@V?$Key@VTransform@@@@V?$StlNodeAlloc@V?$Key@VTransform@@@@@stlpmtx_std@@@stlpmtx_std@@IAAXPAV?$Key@VTransform@@@@ABV3@ABU__false_type@2@I_N@Z	?_M_insert_overflow_aux@?$vector@VViewport@ObjectDir@@V?$StlNodeAlloc@VViewport@ObjectDir@@@stlpmtx_std@@@stlpmtx_std@@IAAXPAVViewport@ObjectDir@@ABV34@ABU__false_type@2@I_N@Z
1	1	DIFF_SIZE	DIFFERENT_FUNCTION	TB	bl	default/MeshDeform	fn_8240C780	??1?$_Vector_base@UBoneDesc@RndMeshDeform@@V?$StlNodeAlloc@UBoneDesc@RndMeshDeform@@@stlpmtx_std@@@stlpmtx_std@@QAA@XZ	??1String@@UAA@XZ
1	1	DIFF_SIZE	REVIEW	TB	bl	default/MessageTimer	??$sort@PAPAUEventEntry@@UMaxSort@@@stlpmtx_std@@YAXPAPAUEventEntry@@0UMaxSort@@@Z	??$__final_insertion_sort@PAVDataArrayPtr@@UForAllKeyframesSorter@@@stlpmtx_std@@YAXPAVDataArrayPtr@@0UForAllKeyframesSorter@@@Z	??$__final_insertion_sort@PAPAUEventEntry@@UMaxSort@@@stlpmtx_std@@YAXPAPAUEventEntry@@0UMaxSort@@@Z
1	1	DIFF_SIZE	REVIEW	TB	bl	default/MessageTimer	??$sort@PAPAUEventEntry@@UMaxSort@@@stlpmtx_std@@YAXPAPAUEventEntry@@0UMaxSort@@@Z	??$__introsort_loop@PAVDataArrayPtr@@V1@HUForAllKeyframesSorter@@@stlpmtx_std@@YAXPAVDataArrayPtr@@00HUForAllKeyframesSorter@@@Z	??$__introsort_loop@PAPAUEventEntry@@PAU1@HUMaxSort@@@stlpmtx_std@@YAXPAPAUEventEntry@@00HUMaxSort@@@Z
1	1	DIFF_SIZE	REVIEW	TB	bl	default/MessageTimer	fn_8242C690	??$__destroy_aux@V?$Key@VObjectStage@@@@@stlpmtx_std@@YAXPAV?$Key@VObjectStage@@@@ABU__false_type@0@@Z	??1?$list@HV?$StlNodeAlloc@H@stlpmtx_std@@@stlpmtx_std@@QAA@XZ
1	1	DIFF_SIZE	DIFFERENT_FUNCTION	TB	bl	default/MetaMusic	fn_827119AC	??1?$ObjDirPtr@VObjectDir@@@@UAA@XZ	??1?$list@HV?$StlNodeAlloc@H@stlpmtx_std@@@stlpmtx_std@@QAA@XZ
1	1	DIFF_SIZE	DIFFERENT_FUNCTION	TB	bl	default/MetaPanel	??_DAppLabel@@QAAXXZ	??1BandLabel@@UAA@XZ	??1AppLabel@@UAA@XZ
1	1	DIFF_SIZE	DIFFERENT_FUNCTION	TB	bl	default/MetaPanel	??_GAppLabel@@UAAPAXI@Z	?MemFree@@YAXPAX@Z	??3BandLabel@@SAXPAX@Z
1	1	DIFF_SIZE	DIFFERENT_FUNCTION	TB	bl	default/Mic	??_G__Named_exception@stlpmtx_std@@UAAPAXI@Z	??1MicXbox@@UAA@XZ	??1exception@std@@UAA@XZ
1	1	DIFF_SIZE	DIFFERENT_FUNCTION	TB	bl	default/Mic	fn_82B5FB54	??1CritSecTracker@@QAA@XZ	??1MicrophonesChangedMsg@@UAA@XZ
1	1	DIFF_SIZE	DIFFERENT_FUNCTION	TB	bl	default/MicInputArrow	??_GMicInputArrow@@UAAPAXI@Z	?MemFree@@YAXPAX@Z	??3MicInputArrow@@SAXPAX@Z
1	1	DIFF_SIZE	DIFFERENT_FUNCTION	TB	bl	default/MidiInstrument	fn_82715194	??1Object@Hmx@@UAA@XZ	??1Track@@UAA@XZ
1	1	DIFF_SIZE	DIFFERENT_FUNCTION	TB	bl	default/MidiInstrument	fn_82716324	??1?$ObjDirPtr@VObjectDir@@@@UAA@XZ	??1?$ObjRefConcrete@VFxSend@@VObjectDir@@@@UAA@XZ
1	1	DIFF_SIZE	DIFFERENT_FUNCTION	TB	bl	default/MidiParser	??0MidiParser@@QAA@XZ	??2CriticalSection@@SAPAXI@Z	??2DataEventList@@SAPAXI@Z
1	1	DIFF_SIZE	REVIEW	TB	bl	default/MidiParser	?ClearManagedParsers@MidiParser@@SAXXZ	??$Find@VMsgSource@@@ObjectDir@@QAAPAVMsgSource@@PBD_N@Z	??$Find@VObject@Hmx@@@ObjectDir@@QAAPAVObject@Hmx@@PBD_N@Z
1	1	DIFF_SIZE	REVIEW	TB	bl	default/MidiParser	?_M_insert_overflow_aux@?$vector@UNote@MidiParser@@V?$StlNodeAlloc@UNote@MidiParser@@@stlpmtx_std@@@stlpmtx_std@@IAAXPAUNote@MidiParser@@ABU34@ABU__false_type@2@I_N@Z	??$__uninitialized_fill_n@PAURndPointTest@NgRnd@@IU12@@stlpmtx_std@@YAPAURndPointTest@NgRnd@@PAU12@IABU12@ABU__false_type@0@@Z	??$__uninitialized_fill_n@PAUNote@MidiParser@@IU12@@stlpmtx_std@@YAPAUNote@MidiParser@@PAU12@IABU12@ABU__false_type@0@@Z
1	1	DIFF_SIZE	DIFFERENT_FUNCTION	TB	bl	default/MidiParser	fn_827E440C	??1?$ObjPtrList@VCharBoneOffset@@VObjectDir@@@@UAA@XZ	??1?$vector@UNote@MidiParser@@V?$StlNodeAlloc@UNote@MidiParser@@@stlpmtx_std@@@stlpmtx_std@@QAA@XZ
1	1	DIFF_SIZE	DIFFERENT_FUNCTION	TB	bl	default/MidiParser	fn_827E6350	??0TrackWidgetImpBase@@QAA@XZ	??1?$_String_base@DV?$allocator@D@stlpmtx_std@@@stlpmtx_std@@IAA@XZ
1	1	DIFF_SIZE	DIFFERENT_FUNCTION	TB	bl	default/MidiParserMgr	fn_827EBD38	??1?$_Vector_base@VFilePath@@V?$StlNodeAlloc@VFilePath@@@stlpmtx_std@@@stlpmtx_std@@QAA@XZ	??1?$_Vector_base@UVocalEvent@MidiParser@@V?$StlNodeAlloc@UVocalEvent@MidiParser@@@stlpmtx_std@@@stlpmtx_std@@QAA@XZ
1	1	DIFF_SIZE	DIFFERENT_FUNCTION	TB	bl	default/MidiReader	?Init@MidiReader@@AAAXXZ	??2CriticalSection@@SAPAXI@Z	??2MeasureMap@@SAPAXI@Z
1	1	DIFF_SIZE	DIFFERENT_FUNCTION	TB	bl	default/MidiReader	?Init@MidiReader@@AAAXXZ	??2CriticalSection@@SAPAXI@Z	??2TempoMap@@SAPAXI@Z
1	1	DIFF_SIZE	DIFFERENT_FUNCTION	TB	bl	default/MidiReader	?push_back@?$vector@UMidi@MidiReader@@V?$StlNodeAlloc@UMidi@MidiReader@@@stlpmtx_std@@@stlpmtx_std@@QAAXABUMidi@MidiReader@@@Z	?_M_insert_overflow_aux@?$vector@UTempoInfoPoint@MultiTempoTempoMap@@V?$StlNodeAlloc@UTempoInfoPoint@MultiTempoTempoMap@@@stlpmtx_std@@@stlpmtx_std@@IAAXPAUTempoInfoPoint@MultiTempoTempoMap@@ABU34@ABU__false_type@2@I_N@Z	?_M_insert_overflow_aux@?$vector@UMidi@MidiReader@@V?$StlNodeAlloc@UMidi@MidiReader@@@stlpmtx_std@@@stlpmtx_std@@IAAXPAUMidi@MidiReader@@ABU34@ABU__false_type@2@I_N@Z
1	1	DIFF_SIZE	DIFFERENT_FUNCTION	TB	bl	default/MidiSynth	??$_Copy_Construct@UNote@MidiChannel@@@stlpmtx_std@@YAXPAUNote@MidiChannel@@ABU12@@Z	??0PresetOverride@WorldDir@@QAA@ABU01@@Z	??0Note@MidiChannel@@QAA@ABU01@@Z
1	1	DIFF_SIZE	DIFFERENT_FUNCTION	TB	bl	default/MidiSynth	??$_Copy_Construct@VMidiChannel@@@stlpmtx_std@@YAXPAVMidiChannel@@ABV1@@Z	??0Note@MidiChannel@@QAA@ABU01@@Z	??0MidiChannel@@QAA@ABV0@@Z
1	1	DIFF_SIZE	DIFFERENT_FUNCTION	TB	bl	default/MidiSynth	??5@YAAAVBinStream@@AAV0@AAUPresetOverride@WorldDir@@@Z	?Load@?$ObjRefConcrete@VRndMesh@@VObjectDir@@@@QAA_NAAVBinStream@@_NPAVObjectDir@@@Z	?Load@?$ObjRefConcrete@VLightPreset@@VObjectDir@@@@QAA_NAAVBinStream@@_NPAVObjectDir@@@Z
1	1	DIFF_SIZE	DIFFERENT_FUNCTION	TB	bl	default/MidiSynth	??_G?$ObjPtr@VLightPreset@@@@UAAPAXI@Z	??1?$ObjPtrList@VWorldCrowd@@VObjectDir@@@@UAA@XZ	??1?$ObjRefConcrete@VLightPreset@@VObjectDir@@@@UAA@XZ
1	1	DIFF_SIZE	DIFFERENT_FUNCTION	TB	bl	default/MidiSynth	fn_827194A8	??1MidiChannel@@QAA@XZ	??1MatOverride@WorldDir@@QAA@XZ
1	1	DIFF_SIZE	DIFFERENT_FUNCTION	TB	bl	default/MidiSynth	fn_827197FC	??1MidiChannel@@QAA@XZ	??1DataNode@@QAA@XZ
1	1	DIFF_SIZE	DIFFERENT_FUNCTION	TB	bl	default/Morph	??$_Destroy_Range@PAVDrivenPropertyEntry@@@stlpmtx_std@@YAXPAVDrivenPropertyEntry@@0@Z	??1Pose@RndMorph@@QAA@XZ	??1DrivenPropertyEntry@@QAA@XZ
1	1	DIFF_SIZE	REVIEW	TB	bl	default/Morph	??4?$vector@VDrivenPropertyEntry@@V?$StlNodeAlloc@VDrivenPropertyEntry@@@stlpmtx_std@@@stlpmtx_std@@QAAAAV01@ABV01@@Z	??$_M_allocate_and_copy@PBUPose@RndMorph@@@?$vector@UPose@RndMorph@@V?$StlNodeAlloc@UPose@RndMorph@@@stlpmtx_std@@@stlpmtx_std@@IAAPAUPose@RndMorph@@IPBU23@0@Z	??$_M_allocate_and_copy@PBVDrivenPropertyEntry@@@?$vector@VDrivenPropertyEntry@@V?$StlNodeAlloc@VDrivenPropertyEntry@@@stlpmtx_std@@@stlpmtx_std@@IAAPAVDrivenPropertyEntry@@IPBV2@0@Z
1	1	DIFF_SIZE	DIFFERENT_FUNCTION	TB	bl	default/Morph	??_GRndMorph@@UAAPAXI@Z	?MemFree@@YAXPAX@Z	??3RndMorph@@SAXPAX@Z
1	1	DIFF_SIZE	DIFFERENT_FUNCTION	TB	bl	default/Morph	?_M_fill_insert@?$vector@V?$Key@UWeight@@@@V?$StlNodeAlloc@V?$Key@UWeight@@@@@stlpmtx_std@@@stlpmtx_std@@AAAXPAV?$Key@UWeight@@@@IABV3@@Z	?_M_fill_insert_aux@?$vector@UIKTarget@CharIKHand@@V?$StlNodeAlloc@UIKTarget@CharIKHand@@@stlpmtx_std@@@stlpmtx_std@@AAAXPAUIKTarget@CharIKHand@@IABU34@ABU__false_type@2@@Z	?_M_fill_insert_aux@?$vector@V?$Key@UWeight@@@@V?$StlNodeAlloc@V?$Key@UWeight@@@@@stlpmtx_std@@@stlpmtx_std@@AAAXPAV?$Key@UWeight@@@@IABV3@ABU__false_type@2@@Z
1	1	DIFF_SIZE	DIFFERENT_FUNCTION	TB	bl	default/Morph	?_M_fill_insert@?$vector@V?$Key@UWeight@@@@V?$StlNodeAlloc@V?$Key@UWeight@@@@@stlpmtx_std@@@stlpmtx_std@@AAAXPAV?$Key@UWeight@@@@IABV3@@Z	?_M_insert_overflow_aux@?$vector@UPose@RndMorph@@V?$StlNodeAlloc@UPose@RndMorph@@@stlpmtx_std@@@stlpmtx_std@@IAAXPAUPose@RndMorph@@ABU34@ABU__false_type@2@I_N@Z	?_M_insert_overflow_aux@?$vector@V?$Key@UWeight@@@@V?$StlNodeAlloc@V?$Key@UWeight@@@@@stlpmtx_std@@@stlpmtx_std@@IAAXPAV?$Key@UWeight@@@@ABV3@ABU__false_type@2@I_N@Z
1	1	DIFF_SIZE	REVIEW	TB	bl	default/Morph	?erase@?$vector@VDrivenPropertyEntry@@V?$StlNodeAlloc@VDrivenPropertyEntry@@@stlpmtx_std@@@stlpmtx_std@@QAAPAVDrivenPropertyEntry@@PAV3@0@Z	??$__copy_ptrs@PAUPose@RndMorph@@PAU12@@stlpmtx_std@@YAPAUPose@RndMorph@@PAU12@00ABU__false_type@0@@Z	??$__copy_ptrs@PAVDrivenPropertyEntry@@PAV1@@stlpmtx_std@@YAPAVDrivenPropertyEntry@@PAV1@00ABU__false_type@0@@Z
1	1	DIFF_SIZE	DIFFERENT_FUNCTION	TB	bl	default/Morph	fn_82349448	??1?$_Vector_base@VHighlightObject@@V?$StlNodeAlloc@VHighlightObject@@@stlpmtx_std@@@stlpmtx_std@@QAA@XZ	??1?$_Vector_base@V?$Key@M@@V?$StlNodeAlloc@V?$Key@M@@@stlpmtx_std@@@stlpmtx_std@@QAA@XZ
1	1	DIFF_SIZE	DIFFERENT_FUNCTION	TB	bl	default/Morph	fn_824842C4	??1Pose@RndMorph@@QAA@XZ	??1Node@?$ObjPtrVec@VFlowNode@@VObjectDir@@@@UAA@XZ
1	1	DIFF_SIZE	DIFFERENT_FUNCTION	TB	bl	default/MoveAsyncDetector	fn_82317970	??1ActionElement@InlineHelp@@QAA@XZ	??1DataNode@@QAA@XZ
1	1	DIFF_SIZE	DIFFERENT_FUNCTION	TB	bl	default/MoveMgr	?PickRandomCategory@MoveMgr@@QAA?AVSymbol@@XZ	?StaticClassName@CharKeyHandMidi@@SA?AVSymbol@@XZ	?PickRandomGenre@MoveMgr@@QAA?AVSymbol@@XZ
1	1	DIFF_SIZE	DIFFERENT_FUNCTION	TB	bl	default/MoveMgr	fn_822D2A74	??1?$ObjRefConcrete@VRndTransformable@@VObjectDir@@@@UAA@XZ	??1?$map@VSymbol@@PAVMoveVariant@@U?$less@VSymbol@@@stlpmtx_std@@V?$StlNodeAlloc@U?$pair@$$CBVSymbol@@PAVMoveVariant@@@stlpmtx_std@@@4@@stlpmtx_std@@QAA@XZ
1	1	DIFF_SAMESIZE	DIFFERENT_FUNCTION	TB	bl	default/Msg	??$_Copy_Construct@UEventSink@MsgSinks@@@stlpmtx_std@@YAXPAUEventSink@MsgSinks@@ABU12@@Z	??0ContentPoolMapping@SongSectionController@@QAA@ABV01@@Z	??0EventSink@MsgSinks@@QAA@ABU01@@Z
1	1	DIFF_SIZE	DIFFERENT_FUNCTION	TB	bl	default/Msg	?erase@?$list@USink@MsgSinks@@V?$StlNodeAlloc@USink@MsgSinks@@@stlpmtx_std@@@stlpmtx_std@@QAA?AU?$_List_iterator@USink@MsgSinks@@U?$_Nonconst_traits@USink@MsgSinks@@@stlpmtx_std@@@2@U32@0@Z	??1?$ObjRefConcrete@VRndTransformable@@VObjectDir@@@@UAA@XZ	??1?$ObjOwnerPtr@VObject@Hmx@@@@UAA@XZ
1	1	DIFF_SIZE	DIFFERENT_FUNCTION	TB	bl	default/Msg	fn_82767730	??1DataNode@@QAA@XZ	??1EventSinkElem@MsgSinks@@QAA@XZ
1	1	DIFF_SIZE	DIFFERENT_FUNCTION	TB	bl	default/MultiMeshProxy	fn_824812FC	??1ObjRef@@QAA@XZ	??1?$ObjRefConcrete@VRndMultiMesh@@VObjectDir@@@@UAA@XZ
1	1	DIFF_SIZE	DIFFERENT_FUNCTION	TB	bl	default/MultiTempoTempoMap	fn_82BBA540	??1?$_Vector_base@VFilePath@@V?$StlNodeAlloc@VFilePath@@@stlpmtx_std@@@stlpmtx_std@@QAA@XZ	??1?$_Vector_base@UTempoInfoPoint@MultiTempoTempoMap@@V?$StlNodeAlloc@UTempoInfoPoint@MultiTempoTempoMap@@@stlpmtx_std@@@stlpmtx_std@@QAA@XZ
1	1	DIFF_SIZE	DIFFERENT_FUNCTION	TB	bl	default/MusicLibrary	??_GSetUserTrackTypeMsg@@UAAPAXI@Z	??_GSetUserDifficultyMsg@@UAAPAXI@Z	??1SetUserTrackTypeMsg@@UAA@XZ
1	1	DIFF_SIZE	DIFFERENT_FUNCTION	TB	bl	default/MusicLibrary	fn_82540024	??1NetMessage@@UAA@XZ	??1?$vector@PAVBandProfile@@V?$StlNodeAlloc@PAVBandProfile@@@stlpmtx_std@@@stlpmtx_std@@QAA@XZ
1	1	DIFF_SIZE	DIFFERENT_FUNCTION	TB	bl	default/MusicLibrary	fn_82541CC0	??1DataPoint@@QAA@XZ	??1DataNode@@QAA@XZ
1	1	DIFF_SAMESIZE	DIFFERENT_FUNCTION	TB	bl	default/MusicLibrary	fn_82544D30	??1DataNode@@QAA@XZ	??1NewOvershellLocalUserMsg@@UAA@XZ
1	1	DIFF_SIZE	DIFFERENT_FUNCTION	TB	bl	default/NetCacheLoader	?Poll@NetCacheLoader@@IAAXXZ	?Fail@NetStream@@UAA_NXZ	?IsLoaded@NetLoader@@QAA_NXZ
1	1	DIFF_SIZE	DIFFERENT_FUNCTION	TB	bl	default/NetCacheMgr_Xbox	??_GNetCacheMgrXbox@@UAAPAXI@Z	??1AccomplishmentConditional@@UAA@XZ	??1NetCacheMgrXbox@@UAA@XZ
1	1	DIFF_SIZE	DIFFERENT_FUNCTION	TB	bl	default/NetCacheMgr_Xbox	fn_8245D514	??1Object@Hmx@@UAA@XZ	??1NetCacheMgr@@UAA@XZ
1	1	DIFF_SIZE	DIFFERENT_FUNCTION	TB	bl	default/NetGameMsgs	fn_8235FA30	??1?$_Vector_base@VHighlightObject@@V?$StlNodeAlloc@VHighlightObject@@@stlpmtx_std@@@stlpmtx_std@@QAA@XZ	??1NetMessage@@UAA@XZ
1	1	DIFF_SIZE	DIFFERENT_FUNCTION	TB	bl	default/NetGameMsgs	fn_82692784	??1NetMessage@@UAA@XZ	??1?$_Vector_base@V?$set@VSymbol@@U?$less@VSymbol@@@stlpmtx_std@@V?$StlNodeAlloc@VSymbol@@@3@@stlpmtx_std@@V?$StlNodeAlloc@V?$set@VSymbol@@U?$less@VSymbol@@@stlpmtx_std@@V?$StlNodeAlloc@VSymbol@@@3@@stlpmtx_std@@@2@@stlpmtx_std@@QAA@XZ
1	1	DIFF_SIZE	DIFFERENT_FUNCTION	TB	bl	default/NextSongPanel	fn_826439B0	??1Object@Hmx@@UAA@XZ	??1?$_Vector_base@V?$map@HMU?$less@H@stlpmtx_std@@V?$StlNodeAlloc@U?$pair@$$CBHM@stlpmtx_std@@@2@@stlpmtx_std@@V?$StlNodeAlloc@V?$map@HMU?$less@H@stlpmtx_std@@V?$StlNodeAlloc@U?$pair@$$CBHM@stlpmtx_std@@@2@@stlpmtx_std@@@2@@stlpmtx_std@@QAA@XZ
1	1	DIFF_SIZE	REVIEW	TB	bl	default/Object	?Load@Object@Hmx@@UAAXAAVBinStream@@@Z	??$?5VTexPtr@RndMatAnim@@@@YAAAVBinStreamRev@@AAV0@AAV?$Key@VTexPtr@RndMatAnim@@@@@Z	?LoadType@Object@Hmx@@QAAXAAVBinStream@@@Z
1	1	DIFF_SIZE	DIFFERENT_FUNCTION	TB	bl	default/OriginalChoreoRemixer	??$_Copy_Construct@V?$set@PBVMoveParent@@U?$less@PBVMoveParent@@@stlpmtx_std@@V?$StlNodeAlloc@PBVMoveParent@@@3@@stlpmtx_std@@@stlpmtx_std@@YAXPAV?$set@PBVMoveParent@@U?$less@PBVMoveParent@@@stlpmtx_std@@V?$StlNodeAlloc@PBVMoveParent@@@3@@0@ABV10@@Z	??0?$hashtable@U?$pair@$$CBVSymbol@@M@stlpmtx_std@@VSymbol@@U?$hash@VSymbol@@@2@U?$_HashMapTraitsT@U?$pair@$$CBVSymbol@@M@stlpmtx_std@@@priv@2@U?$_Select1st@U?$pair@$$CBVSymbol@@M@stlpmtx_std@@@2@U?$equal_to@VSymbol@@@2@V?$StlNodeAlloc@U?$pair@$$CBVSymbol@@M@stlpmtx_std@@@2@@stlpmtx_std@@QAA@IABU?$hash@VSymbol@@@1@ABU?$equal_to@VSymbol@@@1@ABV?$StlNodeAlloc@U?$pair@$$CBVSymbol@@M@stlpmtx_std@@@1@@Z	??0?$_Rb_tree@PBVMoveParent@@U?$less@PBVMoveParent@@@stlpmtx_std@@PBV1@U?$_Identity@PBVMoveParent@@@3@U?$_SetTraitsT@PBVMoveParent@@@priv@3@V?$StlNodeAlloc@PBVMoveParent@@@3@@stlpmtx_std@@QAA@ABV01@@Z
1	1	DIFF_SIZE	DIFFERENT_FUNCTION	TB	bl	default/OutfitConfig	??$_Copy_Construct@UTarget@BandCamShot@@@stlpmtx_std@@YAXPAUTarget@BandCamShot@@ABU12@@Z	??0?$ObjPtr@VRndMat@@@@QAA@ABV0@@Z	??0Target@BandCamShot@@QAA@ABU01@@Z
1	1	DIFF_SIZE	DIFFERENT_FUNCTION	TB	bl	default/OutfitConfig	??1MeshPair@BandPatchMesh@@QAA@XZ	??1?$ObjRefConcrete@VRndTex@@VObjectDir@@@@UAA@XZ	??1?$vector@VPatchPair@MeshPair@BandPatchMesh@@V?$StlNodeAlloc@VPatchPair@MeshPair@BandPatchMesh@@@stlpmtx_std@@@stlpmtx_std@@QAA@XZ
1	1	DIFF_SIZE	REVIEW	TB	bl	default/OutfitConfig	??4?$vector@VOverlay@OutfitConfig@@V?$StlNodeAlloc@VOverlay@OutfitConfig@@@stlpmtx_std@@@stlpmtx_std@@QAAAAV01@ABV01@@Z	??$__uninitialized_copy@PBVSampleMarker@@PAV1@@stlpmtx_std@@YAPAVSampleMarker@@PBV1@0PAV1@ABU__false_type@0@@Z	??$__uninitialized_copy@PBVOverlay@OutfitConfig@@PAV12@@stlpmtx_std@@YAPAVOverlay@OutfitConfig@@PBV12@0PAV12@ABU__false_type@0@@Z
1	1	DIFF_SIZE	DIFFERENT_FUNCTION	TB	bl	default/OutfitConfig	??_G?$ObjRefConcrete@VColorPalette@@VObjectDir@@@@UAAPAXI@Z	??1?$ObjRefConcrete@VRndTexBlender@@VObjectDir@@@@UAA@XZ	??1?$ObjRefConcrete@VColorPalette@@VObjectDir@@@@UAA@XZ
1	1	DIFF_SIZE	DIFFERENT_FUNCTION	TB	bl	default/OutfitConfig	??_G?$ObjRefConcrete@VRndMat@@VObjectDir@@@@UAAPAXI@Z	??1?$ObjRefConcrete@VRndTransformable@@VObjectDir@@@@UAA@XZ	??1?$ObjRefConcrete@VRndMat@@VObjectDir@@@@UAA@XZ
1	1	DIFF_SIZE	DIFFERENT_FUNCTION	TB	bl	default/OutfitConfig	??_G?$ObjRefConcrete@VRndTransformable@@VObjectDir@@@@UAAPAXI@Z	??1?$ObjRefConcrete@VColorPalette@@VObjectDir@@@@UAA@XZ	??1?$ObjRefConcrete@VRndTransformable@@VObjectDir@@@@UAA@XZ
1	1	DIFF_SIZE	DIFFERENT_FUNCTION	TB	bl	default/OutfitConfig	??_GOutfitConfig@@UAAPAXI@Z	?MemFree@@YAXPAX@Z	??3OutfitConfig@@SAXPAX@Z
1	1	DIFF_SAMESIZE	DIFFERENT_FUNCTION	TB	bl	default/OutfitConfig	?_M_fill_insert_aux@?$vector@UBoneOp@CharSignalApplier@@V?$StlNodeAlloc@UBoneOp@CharSignalApplier@@@stlpmtx_std@@@stlpmtx_std@@AAAXPAUBoneOp@CharSignalApplier@@IABU34@ABU__false_type@2@@Z	??0Weight@PlayBack@CharLipSync@@QAA@ABU012@@Z	??0BoneOp@CharSignalApplier@@QAA@ABU01@@Z
1	1	DIFF_SIZE	REVIEW	TB	bl	default/OutfitConfig	?_M_fill_insert_aux@?$vector@VOverlay@OutfitConfig@@V?$StlNodeAlloc@VOverlay@OutfitConfig@@@stlpmtx_std@@@stlpmtx_std@@AAAXPAVOverlay@OutfitConfig@@IABV34@ABU__false_type@2@@Z	??$__uninitialized_fill_n@PAULabel@?A0x81ddebd1@@IU12@@stlpmtx_std@@YAPAULabel@?A0x81ddebd1@@PAU12@IABU12@ABU__false_type@0@@Z	??$__uninitialized_fill_n@PAVOverlay@OutfitConfig@@IV12@@stlpmtx_std@@YAPAVOverlay@OutfitConfig@@PAV12@IABV12@ABU__false_type@0@@Z
1	1	DIFF_SIZE	DIFFERENT_FUNCTION	TB	bl	default/OutfitConfig	fn_8229E2CC	??1ObjRef@@QAA@XZ	??1?$ObjPtr@VObjectDir@@@@UAA@XZ
1	1	DIFF_SIZE	DIFFERENT_FUNCTION	TB	bl	default/OutfitConfig	fn_8229EC90	??1ObjRef@@QAA@XZ	??1?$ObjRefConcrete@VRndTex@@VObjectDir@@@@UAA@XZ
1	1	DIFF_SIZE	DIFFERENT_FUNCTION	TB	bl	default/OutfitConfig	fn_822A209C	??1?$ObjRefConcrete@VRndTransformable@@VObjectDir@@@@UAA@XZ	??1?$ObjRefConcrete@VColorPalette@@VObjectDir@@@@UAA@XZ
1	1	DIFF_SIZE	REVIEW	TB	bl	default/OutfitConfig	fn_822A385C	??$_Destroy@VOverlay@OutfitConfig@@@stlpmtx_std@@YAXPAVOverlay@OutfitConfig@@@Z	??1DataNode@@QAA@XZ
1	1	DIFF_SIZE	DIFFERENT_FUNCTION	TB	bl	default/OutfitConfig	fn_822A402C	??1String@@UAA@XZ	??1?$ObjRefConcrete@VBandCamShot@@VObjectDir@@@@UAA@XZ
1	1	DIFF_SIZE	DIFFERENT_FUNCTION	TB	bl	default/OutfitConfig	fn_822A40F0	??1String@@UAA@XZ	??1?$ObjRefConcrete@VEventTrigger@@VObjectDir@@@@UAA@XZ
1	1	DIFF_SIZE	DIFFERENT_FUNCTION	TB	bl	default/OutfitConfig	fn_822A41D0	??1?$ObjRefConcrete@VRndMat@@VObjectDir@@@@UAA@XZ	??1?$ObjRefConcrete@VRndDir@@VObjectDir@@@@UAA@XZ
1	1	DIFF_SIZE	DIFFERENT_FUNCTION	TB	bl	default/OutfitConfig	fn_822A4B54	??1?$ObjRefConcrete@VRndMat@@VObjectDir@@@@UAA@XZ	??1?$_Vector_base@V?$ObjPtr@VRndTex@@@@V?$StlNodeAlloc@V?$ObjPtr@VRndTex@@@@@stlpmtx_std@@@stlpmtx_std@@QAA@XZ
1	1	DIFF_SAMESIZE	DIFFERENT_FUNCTION	TB	bl	default/OutfitConfig	fn_822A4DA4	??1?$_Vector_base@FV?$StlNodeAlloc@F@stlpmtx_std@@@stlpmtx_std@@QAA@XZ	??1?$vector@PBDV?$StlNodeAlloc@PBD@stlpmtx_std@@@stlpmtx_std@@QAA@XZ
1	1	DIFF_SIZE	DIFFERENT_FUNCTION	TB	bl	default/OutfitConfig	fn_822A4E48	??1?$ObjRefConcrete@VRndMat@@VObjectDir@@@@UAA@XZ	??1?$_Vector_base@VSeam@MeshAO@OutfitConfig@@V?$StlNodeAlloc@VSeam@MeshAO@OutfitConfig@@@stlpmtx_std@@@stlpmtx_std@@QAA@XZ
1	1	DIFF_SIZE	DIFFERENT_FUNCTION	TB	bl	default/OutfitConfig	fn_822ACF58	??1?$ObjVector@VTransformCrowd@@@@QAA@XZ	??1Target@BandCamShot@@QAA@XZ
1	1	DIFF_SIZE	DIFFERENT_FUNCTION	TB	bl	default/OverdriveMeter	??_GOverdriveMeter@@UAAPAXI@Z	?MemFree@@YAXPAX@Z	??3OverdriveMeter@@SAXPAX@Z
1	1	DIFF_SIZE	DIFFERENT_FUNCTION	TB	bl	default/OvershellDir	??_GOvershellDir@@UAAPAXI@Z	?MemFree@@YAXPAX@Z	??3OvershellDir@@SAXPAX@Z
1	1	DIFF_SIZE	DIFFERENT_FUNCTION	TB	bl	default/OvershellPanel	?Handle@OvershellPanel@@UAA?AVDataNode@@PAVDataArray@@_N@Z	?OnMsg@OvershellPanel@@QAA?AVDataNode@@ABVConnectionStatusChangedMsg@@@Z	?OnMsg@OvershellPanel@@QAA?AVDataNode@@ABVNetStartUtilityFinishedMsg@@@Z
1	1	DIFF_SIZE	DIFFERENT_FUNCTION	TB	bl	default/OvershellPanel	?Handle@OvershellPanel@@UAA?AVDataNode@@PAVDataArray@@_N@Z	?OnMsg@OvershellPanel@@QAA?AVDataNode@@ABVConnectionStatusChangedMsg@@@Z	?OnMsg@OvershellPanel@@QAA?AVDataNode@@ABVServerStatusChangedMsg@@@Z
1	1	DIFF_SIZE	DIFFERENT_FUNCTION	TB	bl	default/OvershellPanel	fn_825B8168	??1DataNode@@QAA@XZ	??1?$vector@PAVOvershellSlot@@V?$StlNodeAlloc@PAVOvershellSlot@@@stlpmtx_std@@@stlpmtx_std@@QAA@XZ
1	1	DIFF_SIZE	DIFFERENT_FUNCTION	TB	bl	default/OvershellPanel	fn_825B9E98	??1DataNode@@QAA@XZ	??1?$basic_string@DV?$char_traits@D@stlpmtx_std@@V?$allocator@D@2@@stlpmtx_std@@QAA@XZ
1	1	DIFF_SIZE	REVIEW	TB	bl	default/OvershellSlot	?Handle@OvershellSlot@@UAA?AVDataNode@@PAVDataArray@@_N@Z	??$?0H@?$StlNodeAlloc@V?$_List_node@H@stlpmtx_std@@@stlpmtx_std@@QAA@ABV?$StlNodeAlloc@H@1@@Z	?ToggleMuteStatus@SessionUsersProvider@@QAAXH@Z
1	1	DIFF_SIZE	REVIEW	TB	bl	default/PanelDir	??$__uninitialized_copy@PBVFilePath@@PAV1@@stlpmtx_std@@YAPAVFilePath@@PBV1@0PAV1@ABU__false_type@0@@Z	??$_Param_Construct@VDataEvent@@V1@@stlpmtx_std@@YAXPAVDataEvent@@ABV1@@Z	??$_Param_Construct@VFilePath@@V1@@stlpmtx_std@@YAXPAVFilePath@@ABV1@@Z
1	1	DIFF_SIZE	DIFFERENT_FUNCTION	TB	bl	default/PanelDir	??4?$list@UTarget@BandCamShot@@V?$StlNodeAlloc@UTarget@BandCamShot@@@stlpmtx_std@@@stlpmtx_std@@QAAAAV01@ABV01@@Z	??4MatOverride@WorldDir@@QAAAAU01@ABU01@@Z	??4Target@BandCamShot@@QAAAAU01@ABU01@@Z
1	1	DIFF_SIZE	REVIEW	TB	bl	default/PanelDir	?_M_insert_overflow_aux@?$vector@VFilePath@@V?$StlNodeAlloc@VFilePath@@@stlpmtx_std@@@stlpmtx_std@@IAAXPAVFilePath@@ABV3@ABU__false_type@2@I_N@Z	??$_Param_Construct@VDataEvent@@V1@@stlpmtx_std@@YAXPAVDataEvent@@ABV1@@Z	??$_Copy_Construct@VFilePath@@@stlpmtx_std@@YAXPAVFilePath@@ABV1@@Z
1	1	DIFF_SIZE	REVIEW	TB	bl	default/PanelDir	?_M_insert_overflow_aux@?$vector@VFilePath@@V?$StlNodeAlloc@VFilePath@@@stlpmtx_std@@@stlpmtx_std@@IAAXPAVFilePath@@ABV3@ABU__false_type@2@I_N@Z	??$__uninitialized_fill_n@PAVDataEvent@@IV1@@stlpmtx_std@@YAPAVDataEvent@@PAV1@IABV1@ABU__false_type@0@@Z	??$__uninitialized_fill_n@PAVFilePath@@IV1@@stlpmtx_std@@YAPAVFilePath@@PAV1@IABV1@ABU__false_type@0@@Z
1	1	DIFF_SAMESIZE	REVIEW	TB	bl	default/PanelDir	fn_827ED200	??$__destroy_range_aux@PAVDataEvent@@@stlpmtx_std@@YAXPAVDataEvent@@0ABU__false_type@0@@Z	??$__destroy_range_aux@PAVFilePath@@@stlpmtx_std@@YAXPAVFilePath@@0ABU__false_type@0@@Z
1	1	DIFF_SAMESIZE	REVIEW	TB	bl	default/PanelDir	fn_827ED6A0	??$__destroy_range_aux@PAVDataEvent@@@stlpmtx_std@@YAXPAVDataEvent@@0ABU__false_type@0@@Z	??$__destroy_range_aux@PAV?$ObjPtr@VUIColor@@@@@stlpmtx_std@@YAXPAV?$ObjPtr@VUIColor@@@@0ABU__false_type@0@@Z
1	1	DIFF_SIZE	DIFFERENT_FUNCTION	TB	bl	default/PanelDir	fn_828068B0	??1Message@@UAA@XZ	??1?$_List_base@UBitmapOverride@WorldDir@@V?$StlNodeAlloc@UBitmapOverride@WorldDir@@@stlpmtx_std@@@stlpmtx_std@@QAA@XZ
1	1	DIFF_SIZE	DIFFERENT_FUNCTION	TB	bl	default/Part	??$?5VPlane@@@BinStreamRev@@QAAAAV0@AAVPlane@@@Z	?StaticClassName@RndParticleSys@@SA?AVSymbol@@XZ	??5@YAAAVBinStream@@AAV0@AAVPlane@@@Z
1	1	DIFF_SIZE	DIFFERENT_FUNCTION	TB	bl	default/Part	?InitParticleSystem@@YAXXZ	??2CriticalSection@@SAPAXI@Z	??2ParticleCommonPool@@SAPAXI@Z
1	1	DIFF_SIZE	DIFFERENT_FUNCTION	TB	bl	default/PartAnim	??1RndParticleSysAnim@@UAA@XZ	??1?$ObjRefConcrete@VRndParticleSys@@VObjectDir@@@@UAA@XZ	??1?$ObjOwnerPtr@VRndParticleSysAnim@@@@UAA@XZ
1	1	DIFF_SIZE	REVIEW	TB	bl	default/PartAnim	??4?$vector@UHamSupereasyMeasure@@V?$StlNodeAlloc@UHamSupereasyMeasure@@@stlpmtx_std@@@stlpmtx_std@@QAAAAV01@ABV01@@Z	??$_M_allocate_and_copy@PAURndPointTest@NgRnd@@@?$vector@URndPointTest@NgRnd@@V?$StlNodeAlloc@URndPointTest@NgRnd@@@stlpmtx_std@@@stlpmtx_std@@IAAPAURndPointTest@NgRnd@@IPAU23@0@Z	??$_M_allocate_and_copy@PBUHamSupereasyMeasure@@@?$vector@UHamSupereasyMeasure@@V?$StlNodeAlloc@UHamSupereasyMeasure@@@stlpmtx_std@@@stlpmtx_std@@IAAPAUHamSupereasyMeasure@@IPBU2@0@Z
1	1	DIFF_SIZE	REVIEW	TB	bl	default/PartAnim	??4?$vector@UHamSupereasyMeasure@@V?$StlNodeAlloc@UHamSupereasyMeasure@@@stlpmtx_std@@@stlpmtx_std@@QAAAAV01@ABV01@@Z	??$__uninitialized_copy@PBUTempoInfoPoint@MultiTempoTempoMap@@PAU12@@stlpmtx_std@@YAPAUTempoInfoPoint@MultiTempoTempoMap@@PBU12@0PAU12@ABU__false_type@0@@Z	??$__uninitialized_copy@PBUHamSupereasyMeasure@@PAU1@@stlpmtx_std@@YAPAUHamSupereasyMeasure@@PBU1@0PAU1@ABU__false_type@0@@Z
1	1	DIFF_SIZE	DIFFERENT_FUNCTION	TB	bl	default/PartAnim	??_GRndParticleSysAnim@@UAAPAXI@Z	?MemFree@@YAXPAX@Z	??3RndParticleSysAnim@@SAXPAX@Z
1	1	DIFF_SAMESIZE	DIFFERENT_FUNCTION	TB	bl	default/PartAnim	?Copy@RndParticleSysAnim@@UAAXPBVObject@Hmx@@W4CopyType@23@@Z	?SetOwnerObj@?$ObjOwnerPtr@VCharInterest@@@@QAAXPAVCharInterest@@@Z	?SetObjConcrete@?$ObjRefConcrete@VRndParticleSysAnim@@VObjectDir@@@@QAAXPAVRndParticleSysAnim@@@Z
1	1	DIFF_SIZE	DIFFERENT_FUNCTION	TB	bl	default/PartAnim	fn_82480350	??1ObjRef@@QAA@XZ	??1?$ObjRefConcrete@VRndParticleSys@@VObjectDir@@@@UAA@XZ
1	1	DIFF_SIZE	DIFFERENT_FUNCTION	TB	bl	default/PartLauncher	??_GRndPartLauncher@@UAAPAXI@Z	?MemFree@@YAXPAX@Z	??3RndPartLauncher@@SAXPAX@Z
1	1	DIFF_SIZE	DIFFERENT_FUNCTION	TB	bl	default/PartLauncher	fn_82450B08	??1ObjRef@@QAA@XZ	??1?$ObjPtr@VRndMultiMesh@@@@UAA@XZ
1	1	DIFF_SIZE	DIFFERENT_FUNCTION	TB	bl	default/PartLauncher	fn_82450B30	??1?$ObjRefConcrete@VRndMultiMesh@@VObjectDir@@@@UAA@XZ	??1DataNode@@QAA@XZ
1	1	DIFF_SIZE	REVIEW	TB	bl	default/PatchDir	?UnloadStickerTex@PatchDir@@QAAXPAVPatchSticker@@@Z	??$__find@PAVSymbol@@V1@@stlpmtx_std@@YAPAVSymbol@@PAV1@0ABV1@ABUrandom_access_iterator_tag@0@@Z	??$__find@PAPAVPatchSticker@@PAV1@@stlpmtx_std@@YAPAPAVPatchSticker@@PAPAV1@0ABQAV1@ABUrandom_access_iterator_tag@0@@Z
1	1	DIFF_SIZE	REVIEW	TB	bl	default/PatchDir	?_M_fill_insert_aux@?$vector@VPatchLayer@@V?$StlNodeAlloc@VPatchLayer@@@stlpmtx_std@@@stlpmtx_std@@AAAXPAVPatchLayer@@IABV3@ABU__false_type@2@@Z	??$__uninitialized_fill_n@PAV?$Key@V?$vector@VVector3@@V?$StlNodeAlloc@VVector3@@@stlpmtx_std@@@stlpmtx_std@@@@IV1@@stlpmtx_std@@YAPAV?$Key@V?$vector@VVector3@@V?$StlNodeAlloc@VVector3@@@stlpmtx_std@@@stlpmtx_std@@@@PAV1@IABV1@ABU__false_type@0@@Z	??$__uninitialized_fill_n@PAVPatchLayer@@IV1@@stlpmtx_std@@YAPAVPatchLayer@@PAV1@IABV1@ABU__false_type@0@@Z
1	1	DIFF_SIZE	DIFFERENT_FUNCTION	TB	bl	default/PatchDir	fn_82277410	??1?$_Vector_base@UChar3D@CharData@WorldCrowd@@V?$StlNodeAlloc@UChar3D@CharData@WorldCrowd@@@stlpmtx_std@@@stlpmtx_std@@QAA@XZ	??1String@@UAA@XZ
1	1	DIFF_SIZE	DIFFERENT_FUNCTION	TB	bl	default/PerformanceData	?_M_fill_insert@?$vector@VMultiplierInfo@Stats@@V?$StlNodeAlloc@VMultiplierInfo@Stats@@@stlpmtx_std@@@stlpmtx_std@@AAAXPAVMultiplierInfo@Stats@@IABV34@@Z	?_M_insert_overflow_aux@?$vector@V?$Key@VVector3@@@@V?$StlNodeAlloc@V?$Key@VVector3@@@@@stlpmtx_std@@@stlpmtx_std@@IAAXPAV?$Key@VVector3@@@@ABV3@ABU__false_type@2@I_N@Z	?_M_insert_overflow_aux@?$vector@VMultiplierInfo@Stats@@V?$StlNodeAlloc@VMultiplierInfo@Stats@@@stlpmtx_std@@@stlpmtx_std@@IAAXPAVMultiplierInfo@Stats@@ABV34@ABU__false_type@2@I_N@Z
1	1	DIFF_SIZE	REVIEW	TB	bl	default/Performer	??0?$vector@VSingerStats@@V?$StlNodeAlloc@VSingerStats@@@stlpmtx_std@@@stlpmtx_std@@QAA@ABV01@@Z	??$__uninitialized_copy@PAUFrame@RhythmDetector@@PAU12@@stlpmtx_std@@YAPAUFrame@RhythmDetector@@PAU12@00ABU__false_type@0@@Z	??$__uninitialized_copy@PBVSingerStats@@PAV1@@stlpmtx_std@@YAPAVSingerStats@@PBV1@0PAV1@ABU__false_type@0@@Z
1	1	DIFF_SIZE	DIFFERENT_FUNCTION	TB	bl	default/PitchArrow	??_GPitchArrow@@UAAPAXI@Z	?MemFree@@YAXPAX@Z	??3PitchArrow@@SAXPAX@Z
1	1	DIFF_SIZE	DIFFERENT_FUNCTION	TB	bl	default/PollAnim	??_GRndPollAnim@@UAAPAXI@Z	?MemFree@@YAXPAX@Z	??3RndPollAnim@@SAXPAX@Z
1	1	DIFF_SIZE	DIFFERENT_FUNCTION	TB	bl	default/PoolAlloc	?PoolAlloc@@YAPAXHHPBDH0@Z	??2CriticalSection@@SAPAXI@Z	??2ChunkAllocator@@SAPAXI@Z
1	1	DIFF_SIZE	DIFFERENT_FUNCTION	TB	bl	default/PoolAlloc	fn_82745CBC	??1Loader@@UAA@XZ	??1FixedSizeAlloc@@UAA@XZ
1	1	DIFF_SIZE	DIFFERENT_FUNCTION	TB	bl	default/PostProc_NG	fn_82B8953C	??1RndPostProc@@UAA@XZ	??1?$_Vector_base@V?$map@HMU?$less@H@stlpmtx_std@@V?$StlNodeAlloc@U?$pair@$$CBHM@stlpmtx_std@@@2@@stlpmtx_std@@V?$StlNodeAlloc@V?$map@HMU?$less@H@stlpmtx_std@@V?$StlNodeAlloc@U?$pair@$$CBHM@stlpmtx_std@@@2@@stlpmtx_std@@@2@@stlpmtx_std@@QAA@XZ
1	1	DIFF_SIZE	DIFFERENT_FUNCTION	TB	bl	default/PostProc_NG	fn_82B89730	??1RndPostProc@@UAA@XZ	??1ObjRefOwner@@UAA@XZ
1	1	DIFF_SIZE	DIFFERENT_FUNCTION	TB	bl	default/PracticeSection	??$?5VString@@@BinStreamRev@@QAAAAV0@AAVString@@@Z	?StaticClassName@CharTransCopy@@SA?AVSymbol@@XZ	??5BinStream@@QAAAAV0@AAVString@@@Z
1	1	DIFF_SIZE	DIFFERENT_FUNCTION	TB	bl	default/PracticeSection	??$_Param_Construct@VPracticeStep@@V1@@stlpmtx_std@@YAXPAVPracticeStep@@ABV1@@Z	??0GoalAcquisitionInfo@@QAA@ABU0@@Z	??0PracticeStep@@QAA@ABV0@@Z
1	1	DIFF_SIZE	DIFFERENT_FUNCTION	TB	bl	default/ProfileMgr	?HandleProfileLoadComplete@ProfileMgr@@QAAXXZ	?ClearArt@StoreArtLoaderPanel@@QAAXXZ	?HandlePendingProfileUploads@ProfileMgr@@QAAXXZ
1	1	DIFF_SIZE	DIFFERENT_FUNCTION	TB	bl	default/ProfileMgr	?HandleProfileLoadComplete@ProfileMgr@@QAAXXZ	?Unload@UIPanel@@UAAXXZ	?HandlePendingGamerpicRewards@ProfileMgr@@QAAXXZ
1	1	DIFF_SIZE	REVIEW	TB	bl	default/PropAnim	??$?5V?$Key@VVector3@@@@V?$StlNodeAlloc@V?$Key@VVector3@@@@@stlpmtx_std@@@@YAAAVBinStreamRev@@AAV0@AAV?$vector@V?$Key@VVector3@@@@V?$StlNodeAlloc@V?$Key@VVector3@@@@@stlpmtx_std@@@stlpmtx_std@@@Z	??$?5VColor@Hmx@@@@YAAAVBinStream@@AAV0@AAV?$Key@VColor@Hmx@@@@@Z	??$?5VVector3@@@@YAAAVBinStreamRev@@AAV0@AAV?$Key@VVector3@@@@@Z
1	1	DIFF_SIZE	DIFFERENT_FUNCTION	TB	bl	default/PropAnim	??_G?$ObjOwnerPtr@VObject@Hmx@@@@UAAPAXI@Z	??1BoolKeys@@UAA@XZ	??1?$ObjOwnerPtr@VObject@Hmx@@@@UAA@XZ
1	1	DIFF_SIZE	DIFFERENT_FUNCTION	TB	bl	default/PropAnim	??_G?$ObjPtrList@VObject@Hmx@@VObjectDir@@@@UAAPAXI@Z	??1ColorKeys@@UAA@XZ	??1?$ObjPtrList@VObject@Hmx@@VObjectDir@@@@UAA@XZ
1	1	DIFF_SIZE	DIFFERENT_FUNCTION	TB	bl	default/PropAnim	??_GBoolKeys@@UAAPAXI@Z	??1ObjectKeys@@UAA@XZ	??1BoolKeys@@UAA@XZ
1	1	DIFF_SIZE	DIFFERENT_FUNCTION	TB	bl	default/PropAnim	??_GColorKeys@@UAAPAXI@Z	??1FloatKeys@@UAA@XZ	??1ColorKeys@@UAA@XZ
1	1	DIFF_SIZE	DIFFERENT_FUNCTION	TB	bl	default/PropAnim	?Add@?$Keys@VVector3@@V1@@@QAAHABVVector3@@M_N@Z	?KeyLessEq@?$Keys@VColor@Hmx@@V12@@@QBAHM@Z	?KeyGreaterEq@?$Keys@VVector3@@V1@@@QBAHM@Z
1	1	DIFF_SIZE	REVIEW	TB	bl	default/PropAnim	?Load@BoolKeys@@UAAXAAVBinStreamRev@@@Z	??$?5V?$Key@VVector3@@@@V?$StlNodeAlloc@V?$Key@VVector3@@@@@stlpmtx_std@@@@YAAAVBinStreamRev@@AAV0@AAV?$vector@V?$Key@VVector3@@@@V?$StlNodeAlloc@V?$Key@VVector3@@@@@stlpmtx_std@@@stlpmtx_std@@@Z	??$?5V?$Key@_N@@V?$StlNodeAlloc@V?$Key@_N@@@stlpmtx_std@@@@YAAAVBinStreamRev@@AAV0@AAV?$vector@V?$Key@_N@@V?$StlNodeAlloc@V?$Key@_N@@@stlpmtx_std@@@stlpmtx_std@@@Z
1	1	DIFF_SIZE	REVIEW	TB	bl	default/PropAnim	?Load@ColorKeys@@UAAXAAVBinStreamRev@@@Z	??$?6V?$Key@M@@V?$StlNodeAlloc@V?$Key@M@@@stlpmtx_std@@@@YAAAVBinStream@@AAV0@ABV?$vector@V?$Key@M@@V?$StlNodeAlloc@V?$Key@M@@@stlpmtx_std@@@stlpmtx_std@@@Z	??$?5V?$Key@VColor@Hmx@@@@V?$StlNodeAlloc@V?$Key@VColor@Hmx@@@@@stlpmtx_std@@@@YAAAVBinStreamRev@@AAV0@AAV?$vector@V?$Key@VColor@Hmx@@@@V?$StlNodeAlloc@V?$Key@VColor@Hmx@@@@@stlpmtx_std@@@stlpmtx_std@@@Z
1	1	DIFF_SIZE	REVIEW	TB	bl	default/PropAnim	?Load@FloatKeys@@UAAXAAVBinStreamRev@@@Z	??$?5V?$Key@_N@@V?$StlNodeAlloc@V?$Key@_N@@@stlpmtx_std@@@@YAAAVBinStreamRev@@AAV0@AAV?$vector@V?$Key@_N@@V?$StlNodeAlloc@V?$Key@_N@@@stlpmtx_std@@@stlpmtx_std@@@Z	??$?5V?$Key@M@@V?$StlNodeAlloc@V?$Key@M@@@stlpmtx_std@@@@YAAAVBinStreamRev@@AAV0@AAV?$vector@V?$Key@M@@V?$StlNodeAlloc@V?$Key@M@@@stlpmtx_std@@@stlpmtx_std@@@Z
1	1	DIFF_SIZE	REVIEW	TB	bl	default/PropAnim	?Load@QuatKeys@@UAAXAAVBinStreamRev@@@Z	??$?6V?$Key@VVector3@@@@V?$StlNodeAlloc@V?$Key@VVector3@@@@@stlpmtx_std@@@@YAAAVBinStream@@AAV0@ABV?$vector@V?$Key@VVector3@@@@V?$StlNodeAlloc@V?$Key@VVector3@@@@@stlpmtx_std@@@stlpmtx_std@@@Z	??$?5V?$Key@VQuat@Hmx@@@@V?$StlNodeAlloc@V?$Key@VQuat@Hmx@@@@@stlpmtx_std@@@@YAAAVBinStreamRev@@AAV0@AAV?$vector@V?$Key@VQuat@Hmx@@@@V?$StlNodeAlloc@V?$Key@VQuat@Hmx@@@@@stlpmtx_std@@@stlpmtx_std@@@Z
1	1	DIFF_SIZE	REVIEW	TB	bl	default/PropAnim	?Save@ColorKeys@@UAAXAAVBinStream@@@Z	??$?5V?$Key@M@@V?$StlNodeAlloc@V?$Key@M@@@stlpmtx_std@@@@YAAAVBinStreamRev@@AAV0@AAV?$vector@V?$Key@M@@V?$StlNodeAlloc@V?$Key@M@@@stlpmtx_std@@@stlpmtx_std@@@Z	??$?6V?$Key@VColor@Hmx@@@@V?$StlNodeAlloc@V?$Key@VColor@Hmx@@@@@stlpmtx_std@@@@YAAAVBinStream@@AAV0@ABV?$vector@V?$Key@VColor@Hmx@@@@V?$StlNodeAlloc@V?$Key@VColor@Hmx@@@@@stlpmtx_std@@@stlpmtx_std@@@Z
1	1	DIFF_SIZE	DIFFERENT_FUNCTION	TB	bl	default/PropAnim	?Save@ColorKeys@@UAAXAAVBinStream@@@Z	?Load@PropKeys@@UAAXAAVBinStreamRev@@@Z	?Save@PropKeys@@UAAXAAVBinStream@@@Z
1	1	DIFF_SIZE	REVIEW	TB	bl	default/PropAnim	?Save@FloatKeys@@UAAXAAVBinStream@@@Z	??$?6V?$Key@VObjectStage@@@@V?$StlNodeAlloc@V?$Key@VObjectStage@@@@@stlpmtx_std@@@@YAAAVBinStream@@AAV0@ABV?$vector@V?$Key@VObjectStage@@@@V?$StlNodeAlloc@V?$Key@VObjectStage@@@@@stlpmtx_std@@@stlpmtx_std@@@Z	??$?6V?$Key@M@@V?$StlNodeAlloc@V?$Key@M@@@stlpmtx_std@@@@YAAAVBinStream@@AAV0@ABV?$vector@V?$Key@M@@V?$StlNodeAlloc@V?$Key@M@@@stlpmtx_std@@@stlpmtx_std@@@Z
1	1	DIFF_SIZE	DIFFERENT_FUNCTION	TB	bl	default/PropAnim	?push_back@?$vector@VDataArrayPtr@@V?$StlNodeAlloc@VDataArrayPtr@@@stlpmtx_std@@@stlpmtx_std@@QAAXABVDataArrayPtr@@@Z	?_M_insert_overflow_aux@?$vector@VTextureStore@LiveCameraInput@@V?$StlNodeAlloc@VTextureStore@LiveCameraInput@@@stlpmtx_std@@@stlpmtx_std@@IAAXPAVTextureStore@LiveCameraInput@@ABV34@ABU__false_type@2@I_N@Z	?_M_insert_overflow_aux@?$vector@VDataArrayPtr@@V?$StlNodeAlloc@VDataArrayPtr@@@stlpmtx_std@@@stlpmtx_std@@IAAXPAVDataArrayPtr@@ABV3@ABU__false_type@2@I_N@Z
1	1	DIFF_SAMESIZE	DIFFERENT_FUNCTION	TB	bl	default/PropAnim	fn_822C7DDC	??1?$_Vector_base@VTrackerPlayerDisplay@@V?$StlNodeAlloc@VTrackerPlayerDisplay@@@stlpmtx_std@@@stlpmtx_std@@QAA@XZ	??1?$_Vector_base@V?$Key@VObjectStage@@@@V?$StlNodeAlloc@V?$Key@VObjectStage@@@@@stlpmtx_std@@@stlpmtx_std@@QAA@XZ
1	1	DIFF_SIZE	DIFFERENT_FUNCTION	TB	bl	default/PropAnim	fn_824290B4	??1?$ObjPtrList@VCharInterest@@VObjectDir@@@@UAA@XZ	??1DataNode@@QAA@XZ
1	1	DIFF_SAMESIZE	DIFFERENT_FUNCTION	TB	bl	default/PropAnim	fn_824299DC	??1?$_Vector_base@VStreakList@Scoring@@V?$StlNodeAlloc@VStreakList@Scoring@@@stlpmtx_std@@@stlpmtx_std@@QAA@XZ	??1?$_Vector_base@VDataArrayPtr@@V?$StlNodeAlloc@VDataArrayPtr@@@stlpmtx_std@@@stlpmtx_std@@QAA@XZ
1	1	DIFF_SIZE	DIFFERENT_FUNCTION	TB	bl	default/PropAnim	fn_8242BB98	??1PropKeys@@UAA@XZ	??1?$_String_base@DV?$allocator@D@stlpmtx_std@@@stlpmtx_std@@IAA@XZ
1	1	DIFF_SIZE	REVIEW	TB	bl	default/PropKeys	??$_M_range_insert_aux@PBV?$Key@VObjectStage@@@@@?$vector@V?$Key@VObjectStage@@@@V?$StlNodeAlloc@V?$Key@VObjectStage@@@@@stlpmtx_std@@@stlpmtx_std@@AAAXPAV?$Key@VObjectStage@@@@PBV2@1IABU__false_type@1@@Z	??$__uninitialized_copy@PBVPracticeStep@@PAV1@@stlpmtx_std@@YAPAVPracticeStep@@PBV1@0PAV1@ABU__false_type@0@@Z	??$__uninitialized_copy@PBV?$Key@VObjectStage@@@@PAV1@@stlpmtx_std@@YAPAV?$Key@VObjectStage@@@@PBV1@0PAV1@ABU__false_type@0@@Z
1	1	DIFF_SIZE	REVIEW	TB	bl	default/PropKeys	??0?$vector@VVector2@@V?$StlNodeAlloc@VVector2@@@stlpmtx_std@@@stlpmtx_std@@QAA@IABVVector2@@ABV?$StlNodeAlloc@VVector2@@@1@@Z	??$__uninitialized_fill_n@PAVString@@IV1@@stlpmtx_std@@YAPAVString@@PAV1@IABV1@ABU__false_type@0@@Z	??$__uninitialized_fill_n@PAVVector2@@IV1@@stlpmtx_std@@YAPAVVector2@@PAV1@IABV1@ABU__false_type@0@@Z
1	1	DIFF_SAMESIZE	DIFFERENT_FUNCTION	TB	bl	default/PropKeys	??0?$vector@VVector2@@V?$StlNodeAlloc@VVector2@@@stlpmtx_std@@@stlpmtx_std@@QAA@IABVVector2@@ABV?$StlNodeAlloc@VVector2@@@1@@Z	??0?$_Vector_base@VString@@V?$StlNodeAlloc@VString@@@stlpmtx_std@@@stlpmtx_std@@QAA@IABV?$StlNodeAlloc@VString@@@1@@Z	??0?$_Vector_base@VVector2@@V?$StlNodeAlloc@VVector2@@@stlpmtx_std@@@stlpmtx_std@@QAA@IABV?$StlNodeAlloc@VVector2@@@1@@Z
1	1	DIFF_SIZE	DIFFERENT_FUNCTION	TB	bl	default/PropKeys	??_G?$ObjPtr@VRndCubeTex@@@@UAAPAXI@Z	??1PropKeys@@UAA@XZ	??1?$ObjRefConcrete@VRndCubeTex@@VObjectDir@@@@UAA@XZ
1	1	DIFF_SIZE	DIFFERENT_FUNCTION	TB	bl	default/PropKeys	?push_back@?$vector@U?$pair@HM@stlpmtx_std@@V?$StlNodeAlloc@U?$pair@HM@stlpmtx_std@@@2@@stlpmtx_std@@QAAXABU?$pair@HM@2@@Z	?_M_insert_overflow_aux@?$vector@USpotlightDrawerEntry@LightPreset@@V?$StlNodeAlloc@USpotlightDrawerEntry@LightPreset@@@stlpmtx_std@@@stlpmtx_std@@IAAXPAUSpotlightDrawerEntry@LightPreset@@ABU34@ABU__false_type@2@I_N@Z	?_M_insert_overflow_aux@?$vector@U?$pair@HM@stlpmtx_std@@V?$StlNodeAlloc@U?$pair@HM@stlpmtx_std@@@2@@stlpmtx_std@@IAAXPAU?$pair@HM@2@ABU32@ABU__false_type@2@I_N@Z
1	1	DIFF_SIZE	DIFFERENT_FUNCTION	TB	bl	default/PropKeys	fn_82422F0C	??1ObjRef@@QAA@XZ	??1MemHeapTracker@@QAA@XZ
1	1	DIFF_SIZE	REVIEW	TB	bl	default/PropKeys	fn_824237BC	??$__destroy_aux@V?$Key@VObjectStage@@@@@stlpmtx_std@@YAXPAV?$Key@VObjectStage@@@@ABU__false_type@0@@Z	??1FilePath@@UAA@XZ
1	1	DIFF_SIZE	DIFFERENT_FUNCTION	TB	bl	default/PropKeys	fn_824259A0	??1DataNode@@QAA@XZ	??1?$ObjPtr@VRndDrawable@@@@UAA@XZ
1	1	DIFF_SIZE	DIFFERENT_FUNCTION	TB	bl	default/PropKeys	fn_826683FC	??1UIListProvider@@UAA@XZ	??1FilePath@@UAA@XZ
1	1	DIFF_SIZE	REVIEW	TB	bl	default/PropSync	?_M_fill_insert_aux@?$vector@VFilePath@@V?$StlNodeAlloc@VFilePath@@@stlpmtx_std@@@stlpmtx_std@@AAAXPAVFilePath@@IABV3@ABU__false_type@2@@Z	??$__uninitialized_fill_n@PAUGrammar@SpeechMgr@@IU12@@stlpmtx_std@@YAPAUGrammar@SpeechMgr@@PAU12@IABU12@ABU__false_type@0@@Z	??$__uninitialized_fill_n@PAVFilePath@@IV1@@stlpmtx_std@@YAPAVFilePath@@PAV1@IABV1@ABU__false_type@0@@Z
1	1	DIFF_SIZE	DIFFERENT_FUNCTION	TB	bl	default/PropSync	fn_824CB830	??1?$ObjRefConcrete@VRndTex@@VObjectDir@@@@UAA@XZ	??1?$ObjPtr@VLightPreset@@@@UAA@XZ
1	1	DIFF_SIZE	DIFFERENT_FUNCTION	TB	bl	default/PropSync	fn_824CB8BC	??1ObjRef@@QAA@XZ	??1?$ObjPtr@VRndTex@@@@UAA@XZ
1	1	DIFF_SIZE	DIFFERENT_FUNCTION	TB	bl	default/PropSync	fn_824CB9C8	??1?$ObjRefConcrete@VLightPreset@@VObjectDir@@@@UAA@XZ	??1?$ObjRefConcrete@VRndTex@@VObjectDir@@@@UAA@XZ
1	1	DIFF_SIZE	DIFFERENT_FUNCTION	TB	bl	default/QuestManager	?CompleteQuest@QuestManager@@QAAXPAVTourProgress@@VSymbol@@@Z	?DoPost@NgPostProc@@UAAXXZ	?IsQuestWon@TourPerformerImpl@@QBA_NVSymbol@@@Z
1	1	DIFF_SIZE	DIFFERENT_FUNCTION	TB	bl	default/RhythmBattle	fn_8258E430	??1Profile@@UAA@XZ	??1?$_Vector_base@VArchiveSkeleton@@V?$StlNodeAlloc@VArchiveSkeleton@@@stlpmtx_std@@@stlpmtx_std@@QAA@XZ
1	1	DIFF_SIZE	DIFFERENT_FUNCTION	TB	bl	default/RhythmDetector	??_GDebugGraph@@QAAPAXI@Z	??1?$ObjDirPtr@VObjectDir@@@@UAA@XZ	??1DebugGraph@@QAA@XZ
1	1	DIFF_SIZE	DIFFERENT_FUNCTION	TB	bl	default/Rnd_Xbox	??0?$set@VSymbol@@U?$less@VSymbol@@@stlpmtx_std@@V?$StlNodeAlloc@VSymbol@@@3@@stlpmtx_std@@QAA@ABV01@@Z	?StaticClassName@NgEnviron@@SA?AVSymbol@@XZ	??0?$_Rb_tree@VSymbol@@U?$less@VSymbol@@@stlpmtx_std@@V1@U?$_Identity@VSymbol@@@3@U?$_SetTraitsT@VSymbol@@@priv@3@V?$StlNodeAlloc@VSymbol@@@3@@stlpmtx_std@@QAA@ABV01@@Z
1	1	DIFF_SIZE	DIFFERENT_FUNCTION	TB	bl	default/Rnd_Xbox	??0?$set@VSymbol@@U?$less@VSymbol@@@stlpmtx_std@@V?$StlNodeAlloc@VSymbol@@@3@@stlpmtx_std@@QAA@V?$__move_source@V?$set@VSymbol@@U?$less@VSymbol@@@stlpmtx_std@@V?$StlNodeAlloc@VSymbol@@@3@@stlpmtx_std@@@1@@Z	?StaticClassName@DxEnviron@@SA?AVSymbol@@XZ	??0?$_Rb_tree@VSymbol@@U?$less@VSymbol@@@stlpmtx_std@@V1@U?$_Identity@VSymbol@@@3@U?$_SetTraitsT@VSymbol@@@priv@3@V?$StlNodeAlloc@VSymbol@@@3@@stlpmtx_std@@QAA@V?$__move_source@V?$_Rb_tree@VSymbol@@U?$less@VSymbol@@@stlpmtx_std@@V1@U?$_Identity@VSymbol@@@3@U?$_SetTraitsT@VSymbol@@@priv@3@V?$StlNodeAlloc@VSymbol@@@3@@stlpmtx_std@@@1@@Z
1	1	DIFF_SIZE	DIFFERENT_FUNCTION	TB	bl	default/Rnd_Xbox	?insert@?$set@VSymbol@@U?$less@VSymbol@@@stlpmtx_std@@V?$StlNodeAlloc@VSymbol@@@3@@stlpmtx_std@@QAA?AU?$pair@U?$_Rb_tree_iterator@VSymbol@@U?$_SetTraitsT@VSymbol@@@priv@stlpmtx_std@@@stlpmtx_std@@_N@2@ABVSymbol@@@Z	?StaticClassName@DxMesh@@SA?AVSymbol@@XZ	?insert_unique@?$_Rb_tree@VSymbol@@U?$less@VSymbol@@@stlpmtx_std@@V1@U?$_Identity@VSymbol@@@3@U?$_SetTraitsT@VSymbol@@@priv@3@V?$StlNodeAlloc@VSymbol@@@3@@stlpmtx_std@@QAA?AU?$pair@U?$_Rb_tree_iterator@VSymbol@@U?$_SetTraitsT@VSymbol@@@priv@stlpmtx_std@@@stlpmtx_std@@_N@2@ABVSymbol@@@Z
1	1	DIFF_SIZE	DIFFERENT_FUNCTION	TB	bl	default/Rnd_Xbox	fn_82739FF0	??1PhysMemTypeTracker@@QAA@XZ	??1?$vector@PAVLocalBandUser@@V?$StlNodeAlloc@PAVLocalBandUser@@@stlpmtx_std@@@stlpmtx_std@@QAA@XZ
1	1	DIFF_SIZE	DIFFERENT_FUNCTION	TB	bl	default/Rnd_Xbox	fn_8273C268	??1PhysMemTypeTracker@@QAA@XZ	??1GoalAcquisitionInfo@@QAA@XZ
1	1	DIFF_SIZE	DIFFERENT_FUNCTION	TB	bl	default/RockCentral	??0?$_Rb_tree@VString@@U?$less@VString@@@stlpmtx_std@@U?$pair@$$CBVString@@VDataNode@@@3@U?$_Select1st@U?$pair@$$CBVString@@VDataNode@@@stlpmtx_std@@@3@U?$_MapTraitsT@U?$pair@$$CBVString@@VDataNode@@@stlpmtx_std@@@priv@3@V?$StlNodeAlloc@U?$pair@$$CBVString@@VDataNode@@@stlpmtx_std@@@3@@stlpmtx_std@@QAA@ABV01@@Z	?_M_copy@?$_Rb_tree@VSymbol@@U?$less@VSymbol@@@stlpmtx_std@@V1@U?$_Identity@VSymbol@@@3@U?$_SetTraitsT@VSymbol@@@priv@3@V?$StlNodeAlloc@VSymbol@@@3@@stlpmtx_std@@AAAPAU_Rb_tree_node_base@2@PAU32@0@Z	?_M_copy@?$_Rb_tree@VString@@U?$less@VString@@@stlpmtx_std@@U?$pair@$$CBVString@@VDataNode@@@3@U?$_Select1st@U?$pair@$$CBVString@@VDataNode@@@stlpmtx_std@@@3@U?$_MapTraitsT@U?$pair@$$CBVString@@VDataNode@@@stlpmtx_std@@@priv@3@V?$StlNodeAlloc@U?$pair@$$CBVString@@VDataNode@@@stlpmtx_std@@@3@@stlpmtx_std@@AAAPAU_Rb_tree_node_base@2@PAU32@0@Z
1	1	DIFF_SIZE	DIFFERENT_FUNCTION	TB	bl	default/RockCentral	??_GDataResult@@UAAPAXI@Z	??1BinStream@@UAA@XZ	??1DataResult@@UAA@XZ
1	1	DIFF_SIZE	DIFFERENT_FUNCTION	TB	bl	default/RockCentral	??_GStorePurchaseable@@UAAPAXI@Z	??1RockCentralOpCompleteMsg@@UAA@XZ	??1Object@Hmx@@UAA@XZ
1	1	DIFF_SIZE	DIFFERENT_FUNCTION	TB	bl	default/RockCentral	fn_82286FFC	??1ObjRef@@QAA@XZ	??1BinStream@@UAA@XZ
1	1	DIFF_SIZE	DIFFERENT_FUNCTION	TB	bl	default/RockCentral	fn_82287084	??1ObjRef@@QAA@XZ	??1StorePurchaseable@@UAA@XZ
1	1	DIFF_SAMESIZE	DIFFERENT_FUNCTION	TB	bl	default/RockCentral	fn_823F27E0	??1?$_Vector_base@VStreakList@Scoring@@V?$StlNodeAlloc@VStreakList@Scoring@@@stlpmtx_std@@@stlpmtx_std@@QAA@XZ	??1?$vector@PAU_Slist_node_base@priv@stlpmtx_std@@V?$StlNodeAlloc@PAU_Slist_node_base@priv@stlpmtx_std@@@3@@stlpmtx_std@@QAA@XZ
1	1	DIFF_SIZE	DIFFERENT_FUNCTION	TB	bl	default/RockCentral	fn_823F2864	??1MemStream@@UAA@XZ	??1?$map@HMU?$less@H@stlpmtx_std@@V?$StlNodeAlloc@U?$pair@$$CBHM@stlpmtx_std@@@2@@stlpmtx_std@@QAA@XZ
1	1	DIFF_SAMESIZE	DIFFERENT_FUNCTION	TB	bl	default/RockCentral	fn_824F8CC0	??1DeleteUserCompleteMsg@@UAA@XZ	??1?$pair@$$CBVSymbol@@VDataNode@@@stlpmtx_std@@QAA@XZ
1	1	DIFF_SIZE	DIFFERENT_FUNCTION	TB	bl	default/RockCentral	fn_824FA034	??1String@@UAA@XZ	??1?$slist@U?$pair@$$CBVSymbol@@H@stlpmtx_std@@V?$StlNodeAlloc@U?$pair@$$CBVSymbol@@H@stlpmtx_std@@@2@@stlpmtx_std@@QAA@XZ
1	1	DIFF_SIZE	DIFFERENT_FUNCTION	TB	bl	default/RockCentral	fn_824FA2F4	??1DataResult@@UAA@XZ	??1?$pair@$$CBVSymbol@@VDataNode@@@stlpmtx_std@@QAA@XZ
1	1	DIFF_SIZE	DIFFERENT_FUNCTION	TB	bl	default/RockCentral	fn_82508600	??1RockCentralOpCompleteMsg@@UAA@XZ	??1?$pair@$$CBVSymbol@@VDataNode@@@stlpmtx_std@@QAA@XZ
1	1	DIFF_SIZE	DIFFERENT_FUNCTION	TB	bl	default/RockCentral	fn_826D9E6C	??1DataArrayPtr@@QAA@XZ	??1?$pair@$$CBVSymbol@@VDataNode@@@stlpmtx_std@@QAA@XZ
1	1	DIFF_SAMESIZE	DIFFERENT_FUNCTION	TB	bl	default/RockCentral	fn_826DA034	??1DataArrayPtr@@QAA@XZ	??1?$pair@VSymbol@@VString@@@stlpmtx_std@@QAA@XZ
1	1	DIFF_SIZE	DIFFERENT_FUNCTION	TB	bl	default/Rot	?_M_erase@?$vector@V?$map@HMU?$less@H@stlpmtx_std@@V?$StlNodeAlloc@U?$pair@$$CBHM@stlpmtx_std@@@2@@stlpmtx_std@@V?$StlNodeAlloc@V?$map@HMU?$less@H@stlpmtx_std@@V?$StlNodeAlloc@U?$pair@$$CBHM@stlpmtx_std@@@2@@stlpmtx_std@@@2@@stlpmtx_std@@IAAPAV?$map@HMU?$less@H@stlpmtx_std@@V?$StlNodeAlloc@U?$pair@$$CBHM@stlpmtx_std@@@2@@2@PAV32@ABU__false_type@2@@Z	??4HighlightObject@@QAAAAV0@ABV0@@Z	??4?$_Rb_tree@HU?$less@H@stlpmtx_std@@U?$pair@$$CBHM@2@U?$_Select1st@U?$pair@$$CBHM@stlpmtx_std@@@2@U?$_MapTraitsT@U?$pair@$$CBHM@stlpmtx_std@@@priv@2@V?$StlNodeAlloc@U?$pair@$$CBHM@stlpmtx_std@@@2@@stlpmtx_std@@QAAAAV01@ABV01@@Z
1	1	DIFF_SAMESIZE	REVIEW	TB	bl	default/Rot	fn_8233CA90	??$_Destroy_Range@PAV?$map@HMU?$less@H@stlpmtx_std@@V?$StlNodeAlloc@U?$pair@$$CBHM@stlpmtx_std@@@2@@stlpmtx_std@@@stlpmtx_std@@YAXPAV?$map@HMU?$less@H@stlpmtx_std@@V?$StlNodeAlloc@U?$pair@$$CBHM@stlpmtx_std@@@2@@0@0@Z	??$_Destroy_Range@PAUSpotlightEntry@LightPreset@@@stlpmtx_std@@YAXPAUSpotlightEntry@LightPreset@@0@Z
1	1	DIFF_SIZE	DIFFERENT_FUNCTION	TB	bl	default/SampleData	?_M_fill_insert@?$vector@VSampleMarker@@V?$StlNodeAlloc@VSampleMarker@@@stlpmtx_std@@@stlpmtx_std@@AAAXPAVSampleMarker@@IABV3@@Z	?_M_fill_insert_aux@?$vector@VOverlay@OutfitConfig@@V?$StlNodeAlloc@VOverlay@OutfitConfig@@@stlpmtx_std@@@stlpmtx_std@@AAAXPAVOverlay@OutfitConfig@@IABV34@ABU__false_type@2@@Z	?_M_fill_insert_aux@?$vector@VSampleMarker@@V?$StlNodeAlloc@VSampleMarker@@@stlpmtx_std@@@stlpmtx_std@@AAAXPAVSampleMarker@@IABV3@ABU__false_type@2@@Z
1	1	DIFF_SIZE	REVIEW	TB	bl	default/SampleData	?_M_insert_overflow_aux@?$vector@VSampleMarker@@V?$StlNodeAlloc@VSampleMarker@@@stlpmtx_std@@@stlpmtx_std@@IAAXPAVSampleMarker@@ABV3@ABU__false_type@2@I_N@Z	??$_Copy_Construct@VOverlay@OutfitConfig@@@stlpmtx_std@@YAXPAVOverlay@OutfitConfig@@ABV12@@Z	??$_Copy_Construct@VSampleMarker@@@stlpmtx_std@@YAXPAVSampleMarker@@ABV1@@Z
1	1	DIFF_SIZE	REVIEW	TB	bl	default/SampleData	?_M_insert_overflow_aux@?$vector@VSampleMarker@@V?$StlNodeAlloc@VSampleMarker@@@stlpmtx_std@@@stlpmtx_std@@IAAXPAVSampleMarker@@ABV3@ABU__false_type@2@I_N@Z	??$__uninitialized_fill_n@PAULabel@?A0x81ddebd1@@IU12@@stlpmtx_std@@YAPAULabel@?A0x81ddebd1@@PAU12@IABU12@ABU__false_type@0@@Z	??$__uninitialized_fill_n@PAVSampleMarker@@IV1@@stlpmtx_std@@YAPAVSampleMarker@@PAV1@IABV1@ABU__false_type@0@@Z
1	1	DIFF_SIZE	REVIEW	TB	bl	default/SampleInst	??$__uninitialized_copy@PBVSampleMarker@@PAV1@@stlpmtx_std@@YAPAVSampleMarker@@PBV1@0PAV1@ABU__false_type@0@@Z	??$_Copy_Construct@VOverlay@OutfitConfig@@@stlpmtx_std@@YAXPAVOverlay@OutfitConfig@@ABV12@@Z	??$_Param_Construct@VSampleMarker@@V1@@stlpmtx_std@@YAXPAVSampleMarker@@ABV1@@Z
1	1	DIFF_SIZE	DIFFERENT_FUNCTION	TB	bl	default/Screenshot	??_GScreenshot@@UAAPAXI@Z	?MemFree@@YAXPAX@Z	??3Screenshot@@SAXPAX@Z
1	1	DIFF_SIZE	DIFFERENT_FUNCTION	TB	bl	default/ScrollbarDisplay	??_GScrollbarDisplay@@UAAPAXI@Z	?MemFree@@YAXPAX@Z	??3ScrollbarDisplay@@SAXPAX@Z
1	1	DIFF_SIZE	DIFFERENT_FUNCTION	TB	bl	default/ScrollbarDisplay	fn_82321DF0	??1ObjRef@@QAA@XZ	??1?$ObjRefConcrete@VBandList@@VObjectDir@@@@UAA@XZ
1	1	DIFF_SIZE	DIFFERENT_FUNCTION	TB	bl	default/Sequence	??_G?$ObjOwnerPtr@VRndTransformable@@@@UAAPAXI@Z	??1RandomGroupSeq@@UAA@XZ	??1?$ObjOwnerPtr@VRndTransformable@@@@UAA@XZ
1	1	DIFF_SIZE	DIFFERENT_FUNCTION	TB	bl	default/Sequence	??_G?$ObjPtr@VLightHue@@@@UAAPAXI@Z	??1GroupSeq@@UAA@XZ	??1?$ObjRefConcrete@VLightHue@@VObjectDir@@@@UAA@XZ
1	1	DIFF_SIZE	DIFFERENT_FUNCTION	TB	bl	default/Sequence	??_G?$ObjPtr@VRndCam@@@@UAAPAXI@Z	??1Sequence@@UAA@XZ	??1?$ObjRefConcrete@VRndCam@@VObjectDir@@@@UAA@XZ
1	1	DIFF_SIZE	DIFFERENT_FUNCTION	TB	bl	default/Sequence	??_G?$ObjPtr@VSeqInst@@@@UAAPAXI@Z	??1?$ObjPtrList@VSeqInst@@VObjectDir@@@@UAA@XZ	??1?$ObjRefConcrete@VSeqInst@@VObjectDir@@@@UAA@XZ
1	1	DIFF_SIZE	DIFFERENT_FUNCTION	TB	bl	default/Sequence	??_GRandomGroupSeq@@UAAPAXI@Z	??1FileMergerOrganizer@@UAA@XZ	??1RandomGroupSeq@@UAA@XZ
1	1	DIFF_SIZE	DIFFERENT_FUNCTION	TB	bl	default/Sequence	fn_82708518	??1?$ObjRefConcrete@VLightHue@@VObjectDir@@@@UAA@XZ	??1FilePath@@UAA@XZ
1	1	DIFF_SIZE	DIFFERENT_FUNCTION	TB	bl	default/Sequence	fn_82708894	??1Object@Hmx@@UAA@XZ	??1?$ObjRefConcrete@VCharWeightable@@VObjectDir@@@@UAA@XZ
1	1	DIFF_SIZE	DIFFERENT_FUNCTION	TB	bl	default/Sequence	fn_82709330	??3BinStream@@SAXPAX@Z	??3WaitSeqInst@@SAXPAX@Z
1	1	DIFF_SIZE	DIFFERENT_FUNCTION	TB	bl	default/Sequence	fn_827097B0	??1GroupSeq@@UAA@XZ	??1ObjRefOwner@@UAA@XZ
1	1	DIFF_SIZE	DIFFERENT_FUNCTION	TB	bl	default/Sequence	fn_8270A5D0	??1SeqInst@@UAA@XZ	??1?$_Vector_base@ULod@Character@@V?$StlNodeAlloc@ULod@Character@@@stlpmtx_std@@@stlpmtx_std@@QAA@XZ
1	1	DIFF_SIZE	DIFFERENT_FUNCTION	TB	bl	default/Sequence	fn_8270A6A0	??1GroupSeqInst@@UAA@XZ	??1ObjRefOwner@@UAA@XZ
1	1	DIFF_SIZE	DIFFERENT_FUNCTION	TB	bl	default/Sequence	fn_8270AB08	??1?$ObjRefConcrete@VLightHue@@VObjectDir@@@@UAA@XZ	??1AutoSetCurrentCharacter@@QAA@XZ
1	1	DIFF_SIZE	DIFFERENT_FUNCTION	TB	bl	default/Sequence	fn_8270AE1C	??1SeqInst@@UAA@XZ	??1?$_List_base@PAUDep@CharPollableSorter@@V?$StlNodeAlloc@PAUDep@CharPollableSorter@@@stlpmtx_std@@@stlpmtx_std@@QAA@XZ
1	1	DIFF_SIZE	DIFFERENT_FUNCTION	TB	bl	default/Sequence	fn_8270B224	??1GroupSeqInst@@UAA@XZ	??1?$_List_base@UPresetOverride@WorldDir@@V?$StlNodeAlloc@UPresetOverride@WorldDir@@@stlpmtx_std@@@stlpmtx_std@@QAA@XZ
1	1	DIFF_SIZE	DIFFERENT_FUNCTION	TB	bl	default/Sequence	fn_8270B55C	??3AnimTask@@SAXPAX@Z	??3@YAXPAX@Z
1	1	DIFF_SIZE	DIFFERENT_FUNCTION	TB	bl	default/Set	??_GRndSet@@UAAPAXI@Z	?MemFree@@YAXPAX@Z	??3RndSet@@SAXPAX@Z
1	1	DIFF_SIZE	REVIEW	TB	bl	default/Sfx	??$Find@VFlow@@@Synth@@QAAPAVFlow@@PBD_N@Z	??$Find@VObject@Hmx@@@ObjectDir@@QAAPAVObject@Hmx@@PBD_N@Z	??$Find@VFlow@@@ObjectDir@@QAAPAVFlow@@PBD_N@Z
1	1	DIFF_SIZE	REVIEW	TB	bl	default/Sfx	??$Find@VObject@Hmx@@@Synth@@QAAPAVObject@Hmx@@PBD_N@Z	??$Find@VSequence@@@ObjectDir@@QAAPAVSequence@@PBD_N@Z	??$Find@VObject@Hmx@@@ObjectDir@@QAAPAVObject@Hmx@@PBD_N@Z
1	1	DIFF_SAMESIZE	DIFFERENT_FUNCTION	T-	bl	default/Sfx	??$_Copy_Construct@UDebugGraph@?A0xfa5cc2c6@@@stlpmtx_std@@YAXPAUDebugGraph@?A0xfa5cc2c6@@ABU12@@Z	??0MoggClipMap@@QAA@ABV0@@Z	??0DebugGraph@?A0x7ce805fb@@QAA@ABU01@@Z
1	1	DIFF_SIZE	DIFFERENT_FUNCTION	TB	bl	default/Sfx	??4?$ObjVector@VMoggClipMap@@@@QAAXABV0@@Z	??4?$vector@VSfxMap@@V?$StlNodeAlloc@VSfxMap@@@stlpmtx_std@@@stlpmtx_std@@QAAAAV01@ABV01@@Z	??4?$vector@VMoggClipMap@@V?$StlNodeAlloc@VMoggClipMap@@@stlpmtx_std@@@stlpmtx_std@@QAAAAV01@ABV01@@Z
1	1	DIFF_SIZE	DIFFERENT_FUNCTION	TB	bl	default/Sfx	??4?$ObjVector@VSfxMap@@@@QAAXABV0@@Z	??4?$vector@VMoggClipMap@@V?$StlNodeAlloc@VMoggClipMap@@@stlpmtx_std@@@stlpmtx_std@@QAAAAV01@ABV01@@Z	??4?$vector@VSfxMap@@V?$StlNodeAlloc@VSfxMap@@@stlpmtx_std@@@stlpmtx_std@@QAAAAV01@ABV01@@Z
1	1	DIFF_SIZE	DIFFERENT_FUNCTION	TB	bl	default/Sfx	??_G?$ObjPtr@VSpotlight@@@@UAAPAXI@Z	??1?$ObjRefConcrete@VSynthSample@@VObjectDir@@@@UAA@XZ	??1?$ObjRefConcrete@VSpotlight@@VObjectDir@@@@UAA@XZ
1	1	DIFF_SIZE	DIFFERENT_FUNCTION	TB	bl	default/Sfx	??_G?$ObjPtr@VSynthSample@@@@UAAPAXI@Z	??1Sfx@@UAA@XZ	??1?$ObjRefConcrete@VSynthSample@@VObjectDir@@@@UAA@XZ
1	1	DIFF_SIZE	DIFFERENT_FUNCTION	TB	bl	default/Sfx	??_G?$ObjRefConcrete@VSpotlight@@VObjectDir@@@@UAAPAXI@Z	??1?$ObjPtrList@VMoggClipMap@@VObjectDir@@@@UAA@XZ	??1?$ObjRefConcrete@VSpotlight@@VObjectDir@@@@UAA@XZ
1	1	DIFF_SIZE	DIFFERENT_FUNCTION	TB	bl	default/Sfx	?_M_fill_insert@?$vector@VSfxMap@@V?$StlNodeAlloc@VSfxMap@@@stlpmtx_std@@@stlpmtx_std@@AAAXPAVSfxMap@@IABV3@@Z	?_M_insert_overflow_aux@?$vector@VMoggClipMap@@V?$StlNodeAlloc@VMoggClipMap@@@stlpmtx_std@@@stlpmtx_std@@IAAXPAVMoggClipMap@@ABV3@ABU__false_type@2@I_N@Z	?_M_insert_overflow_aux@?$vector@VSfxMap@@V?$StlNodeAlloc@VSfxMap@@@stlpmtx_std@@@stlpmtx_std@@IAAXPAVSfxMap@@ABV3@ABU__false_type@2@I_N@Z
1	1	DIFF_SIZE	SAME_FUNCTION	T-	bl	default/Sfx	?_M_insert_overflow_aux@?$vector@UDebugGraph@?A0xb39b74bf@@V?$StlNodeAlloc@UDebugGraph@?A0xb39b74bf@@@stlpmtx_std@@@stlpmtx_std@@IAAXPAUDebugGraph@?A0xb39b74bf@@ABU34@ABU__false_type@2@I_N@Z	??$__uninitialized_fill_n@PAUDebugGraph@?A0xb39b74bf@@IU12@@stlpmtx_std@@YAPAUDebugGraph@?A0xb39b74bf@@PAU12@IABU12@ABU__false_type@0@@Z	??$__uninitialized_fill_n@PAUDebugGraph@?A0x7ce805fb@@IU12@@stlpmtx_std@@YAPAUDebugGraph@?A0x7ce805fb@@PAU12@IABU12@ABU__false_type@0@@Z
1	1	DIFF_SIZE	SAME_FUNCTION	T-	bl	default/Sfx	?push_back@?$vector@UDebugGraph@?A0xb39b74bf@@V?$StlNodeAlloc@UDebugGraph@?A0xb39b74bf@@@stlpmtx_std@@@stlpmtx_std@@QAAXABUDebugGraph@?A0xb39b74bf@@@Z	?_M_insert_overflow_aux@?$vector@UDebugGraph@?A0xb39b74bf@@V?$StlNodeAlloc@UDebugGraph@?A0xb39b74bf@@@stlpmtx_std@@@stlpmtx_std@@IAAXPAUDebugGraph@?A0xb39b74bf@@ABU34@ABU__false_type@2@I_N@Z	?_M_insert_overflow_aux@?$vector@UDebugGraph@?A0x7ce805fb@@V?$StlNodeAlloc@UDebugGraph@?A0x7ce805fb@@@stlpmtx_std@@@stlpmtx_std@@IAAXPAUDebugGraph@?A0x7ce805fb@@ABU34@ABU__false_type@2@I_N@Z
1	1	DIFF_SIZE	DIFFERENT_FUNCTION	TB	bl	default/Sfx	?resize@?$ObjVector@VMoggClipMap@@@@QAAXI@Z	??0SfxMap@@QAA@PAVObject@Hmx@@@Z	??0MoggClipMap@@QAA@PAVObject@Hmx@@@Z
1	1	DIFF_SIZE	DIFFERENT_FUNCTION	TB	bl	default/Sfx	?resize@?$ObjVector@VSfxMap@@@@QAAXI@Z	??0MoggClipMap@@QAA@PAVObject@Hmx@@@Z	??0SfxMap@@QAA@PAVObject@Hmx@@@Z
1	1	DIFF_SIZE	DIFFERENT_FUNCTION	TB	bl	default/Sfx	?resize@?$vector@VSfxMap@@V?$StlNodeAlloc@VSfxMap@@@stlpmtx_std@@@stlpmtx_std@@QAAXIABVSfxMap@@@Z	?_M_erase@?$vector@VMoggClipMap@@V?$StlNodeAlloc@VMoggClipMap@@@stlpmtx_std@@@stlpmtx_std@@IAAPAVMoggClipMap@@PAV3@0ABU__false_type@2@@Z	?_M_erase@?$vector@VSfxMap@@V?$StlNodeAlloc@VSfxMap@@@stlpmtx_std@@@stlpmtx_std@@IAAPAVSfxMap@@PAV3@0ABU__false_type@2@@Z
1	1	DIFF_SIZE	DIFFERENT_FUNCTION	TB	bl	default/Sfx	fn_8271BEB8	??1?$_Vector_base@VSfxMap@@V?$StlNodeAlloc@VSfxMap@@@stlpmtx_std@@@stlpmtx_std@@QAA@XZ	??1Message@@UAA@XZ
1	1	DIFF_SIZE	DIFFERENT_FUNCTION	TB	bl	default/Sfx	fn_8271BF70	??1?$_Vector_base@VSfxMap@@V?$StlNodeAlloc@VSfxMap@@@stlpmtx_std@@@stlpmtx_std@@QAA@XZ	??1ObjRefOwner@@UAA@XZ
1	1	DIFF_SIZE	DIFFERENT_FUNCTION	TB	bl	default/Sfx	fn_8271C154	??1SeqInst@@UAA@XZ	??1Object@Hmx@@UAA@XZ
1	1	DIFF_SIZE	DIFFERENT_FUNCTION	TB	bl	default/Sfx	fn_8271C480	??1Sequence@@UAA@XZ	??1?$_Vector_base@U?$pair@HH@stlpmtx_std@@V?$StlNodeAlloc@U?$pair@HH@stlpmtx_std@@@2@@stlpmtx_std@@QAA@XZ
1	1	DIFF_SIZE	DIFFERENT_FUNCTION	TB	bl	default/Sfx	fn_8271CB0C	??1?$ObjPtr@VFxSend@@@@UAA@XZ	??1DataNode@@QAA@XZ
1	1	DIFF_SIZE	DIFFERENT_FUNCTION	TB	bl	default/Shockwave	??_GRndShockwave@@UAAPAXI@Z	?MemFree@@YAXPAX@Z	??3RndShockwave@@SAXPAX@Z
1	1	DIFF_SIZE	DIFFERENT_FUNCTION	TB	bl	default/Shockwave	fn_824D0384	??1PresetOverride@WorldDir@@QAA@XZ	??1FilePath@@UAA@XZ
1	1	DIFF_SIZE	DIFFERENT_FUNCTION	TB	bl	default/Shockwave	fn_824D0474	??1MatOverride@WorldDir@@QAA@XZ	??1InlinedDir@ObjectDir@@QAA@XZ
1	1	DIFF_SIZE	DIFFERENT_FUNCTION	TB	bl	default/Shockwave	fn_824D0E4C	??1ObjRef@@QAA@XZ	??1?$basic_string@DV?$char_traits@D@stlpmtx_std@@V?$allocator@D@2@@stlpmtx_std@@QAA@XZ
1	1	DIFF_SIZE	DIFFERENT_FUNCTION	TB	bl	default/SkeletonClip	fn_82C438C0	??0?$BloomTextures@$02@NgPostProc@@QAA@XZ	??0String@@QAA@XZ
1	1	DIFF_SIZE	DIFFERENT_FUNCTION	TB	bl	default/SkeletonClip	fn_82C439F8	??0CriticalSection@@QAA@XZ	??0String@@QAA@XZ
1	1	DIFF_SIZE	DIFFERENT_FUNCTION	TB	bl	default/Song	??_GSong@@UAAPAXI@Z	?MemFree@@YAXPAX@Z	??3Song@@SAXPAX@Z
1	1	DIFF_SIZE	REVIEW	TB	bl	default/Song	fn_827C7830	??$__destroy_aux@UEntry@LocalePanel@@@stlpmtx_std@@YAXPAUEntry@LocalePanel@@ABU__false_type@0@@Z	??1?$vector@PAVMidiParser@@V?$StlNodeAlloc@PAVMidiParser@@@stlpmtx_std@@@stlpmtx_std@@QAA@XZ
1	1	DIFF_SIZE	DIFFERENT_FUNCTION	TB	bl	default/SongCollision	?push_back@?$vector@UBeatCollisionData@@V?$StlNodeAlloc@UBeatCollisionData@@@stlpmtx_std@@@stlpmtx_std@@QAAXABUBeatCollisionData@@@Z	?_M_insert_overflow_aux@?$vector@UMemDiffEntry@@V?$StlNodeAlloc@UMemDiffEntry@@@stlpmtx_std@@@stlpmtx_std@@IAAXPAUMemDiffEntry@@ABU3@ABU__false_type@2@I_N@Z	?_M_insert_overflow_aux@?$vector@UBeatCollisionData@@V?$StlNodeAlloc@UBeatCollisionData@@@stlpmtx_std@@@stlpmtx_std@@IAAXPAUBeatCollisionData@@ABU3@ABU__false_type@2@I_N@Z
1	1	DIFF_SIZE	DIFFERENT_FUNCTION	TB	bl	default/SongDB	??$_Copy_Construct@VTrackData@SongDB@@@stlpmtx_std@@YAXPAVTrackData@SongDB@@ABV12@@Z	??4VocalNote@@QAAAAV0@ABV0@@Z	??0TrackData@SongDB@@QAA@ABV01@@Z
1	1	DIFF_SIZE	DIFFERENT_FUNCTION	TB	bl	default/SongDB	?GetBaseBonusPoints@SongDB@@QBAHABVUserGuid@@@Z	?GetMaxPoints@MultiplayerAnalyzer@@QBAMABVUserGuid@@@Z	?GetBonusPoints@MultiplayerAnalyzer@@QBAMABVUserGuid@@@Z
1	1	DIFF_SIZE	DIFFERENT_FUNCTION	TB	bl	default/SongDB	?GetBaseMaxPoints@SongDB@@QBAHABVUserGuid@@@Z	?GetBonusPoints@MultiplayerAnalyzer@@QBAMABVUserGuid@@@Z	?GetMaxPoints@MultiplayerAnalyzer@@QBAMABVUserGuid@@@Z
1	1	DIFF_SIZE	REVIEW	TB	bl	default/SongDB	?reserve@?$vector@VTrackData@SongDB@@V?$StlNodeAlloc@VTrackData@SongDB@@@stlpmtx_std@@@stlpmtx_std@@QAAXI@Z	??$_M_allocate_and_copy@PBV?$Key@VVector3@@@@@?$vector@V?$Key@VVector3@@@@V?$StlNodeAlloc@V?$Key@VVector3@@@@@stlpmtx_std@@@stlpmtx_std@@IAAPAV?$Key@VVector3@@@@IPBV2@0@Z	??$_M_allocate_and_copy@PAVTrackData@SongDB@@@?$vector@VTrackData@SongDB@@V?$StlNodeAlloc@VTrackData@SongDB@@@stlpmtx_std@@@stlpmtx_std@@IAAPAVTrackData@SongDB@@IPAV23@0@Z
1	1	DIFF_SIZE	DIFFERENT_FUNCTION	TB	bl	default/SongDB	fn_826862D4	??1?$_Vector_base@VTrackerPlayerDisplay@@V?$StlNodeAlloc@VTrackerPlayerDisplay@@@stlpmtx_std@@@stlpmtx_std@@QAA@XZ	??1?$_Vector_base@VPracticeSection@@V?$StlNodeAlloc@VPracticeSection@@@stlpmtx_std@@@stlpmtx_std@@QAA@XZ
1	1	DIFF_SIZE	DIFFERENT_FUNCTION	TB	bl	default/SongDB	fn_82686380	??1?$_Vector_base@VHeldNote@@V?$StlNodeAlloc@VHeldNote@@@stlpmtx_std@@@stlpmtx_std@@QAA@XZ	??1?$_Vector_base@VExtent@@V?$StlNodeAlloc@VExtent@@@stlpmtx_std@@@stlpmtx_std@@QAA@XZ
1	1	DIFF_SAMESIZE	REVIEW	TB	bl	default/SongDB	fn_82687B60	??$_Destroy_Range@PAVTrackData@SongDB@@@stlpmtx_std@@YAXPAVTrackData@SongDB@@0@Z	??$_Destroy_Range@PAVVocalNote@@@stlpmtx_std@@YAXPAVVocalNote@@0@Z
1	1	DIFF_SIZE	REVIEW	TB	bl	default/SongData	??4?$vector@U?$pair@MM@stlpmtx_std@@V?$StlNodeAlloc@U?$pair@MM@stlpmtx_std@@@2@@stlpmtx_std@@QAAAAV01@ABV01@@Z	??$_M_allocate_and_copy@PBUXUSER_ACHIEVEMENT@@@?$vector@UXUSER_ACHIEVEMENT@@V?$StlNodeAlloc@UXUSER_ACHIEVEMENT@@@stlpmtx_std@@@stlpmtx_std@@IAAPAUXUSER_ACHIEVEMENT@@IPBU2@0@Z	??$_M_allocate_and_copy@PBU?$pair@MM@stlpmtx_std@@@?$vector@U?$pair@MM@stlpmtx_std@@V?$StlNodeAlloc@U?$pair@MM@stlpmtx_std@@@2@@stlpmtx_std@@IAAPAU?$pair@MM@1@IPBU21@0@Z
1	1	DIFF_SIZE	DIFFERENT_FUNCTION	TB	bl	default/SongData	??_G?$RangedDataCollection@I@@QAAPAXI@Z	??1SongData@@UAA@XZ	??1?$vector@V?$vector@V?$RangedData@I@?$RangedDataCollection@I@@V?$StlNodeAlloc@V?$RangedData@I@?$RangedDataCollection@I@@@stlpmtx_std@@@stlpmtx_std@@V?$StlNodeAlloc@V?$vector@V?$RangedData@I@?$RangedDataCollection@I@@V?$StlNodeAlloc@V?$RangedData@I@?$RangedDataCollection@I@@@stlpmtx_std@@@stlpmtx_std@@@2@@stlpmtx_std@@QAA@XZ
1	1	DIFF_SIZE	DIFFERENT_FUNCTION	TB	bl	default/SongData	fn_82773394	??1?$_Vector_base@VStreakList@Scoring@@V?$StlNodeAlloc@VStreakList@Scoring@@@stlpmtx_std@@@stlpmtx_std@@QAA@XZ	??1?$_Vector_base@V?$RangedData@I@?$RangedDataCollection@I@@V?$StlNodeAlloc@V?$RangedData@I@?$RangedDataCollection@I@@@stlpmtx_std@@@stlpmtx_std@@QAA@XZ
1	1	DIFF_SIZE	DIFFERENT_FUNCTION	TB	bl	default/SongData	fn_82775920	??1?$_Vector_base@VFilePath@@V?$StlNodeAlloc@VFilePath@@@stlpmtx_std@@@stlpmtx_std@@QAA@XZ	??1?$_Vector_base@V?$RangedData@U?$pair@HH@stlpmtx_std@@@?$RangedDataCollection@U?$pair@HH@stlpmtx_std@@@@V?$StlNodeAlloc@V?$RangedData@U?$pair@HH@stlpmtx_std@@@?$RangedDataCollection@U?$pair@HH@stlpmtx_std@@@@@stlpmtx_std@@@stlpmtx_std@@QAA@XZ
1	1	DIFF_SIZE	DIFFERENT_FUNCTION	TB	bl	default/SongData	fn_827759D8	??1?$_Vector_base@VFilePath@@V?$StlNodeAlloc@VFilePath@@@stlpmtx_std@@@stlpmtx_std@@QAA@XZ	??1?$_Vector_base@V?$RangedData@VRGRollChord@@@?$RangedDataCollection@VRGRollChord@@@@V?$StlNodeAlloc@V?$RangedData@VRGRollChord@@@?$RangedDataCollection@VRGRollChord@@@@@stlpmtx_std@@@stlpmtx_std@@QAA@XZ
1	1	DIFF_SIZE	DIFFERENT_FUNCTION	TB	bl	default/SongData	fn_82775A90	??1?$_Vector_base@VFilePath@@V?$StlNodeAlloc@VFilePath@@@stlpmtx_std@@@stlpmtx_std@@QAA@XZ	??1?$_Vector_base@V?$RangedData@VRGTrill@@@?$RangedDataCollection@VRGTrill@@@@V?$StlNodeAlloc@V?$RangedData@VRGTrill@@@?$RangedDataCollection@VRGTrill@@@@@stlpmtx_std@@@stlpmtx_std@@QAA@XZ
1	1	DIFF_SIZE	DIFFERENT_FUNCTION	TB	bl	default/SongData	fn_82775B48	??1?$_Vector_base@VFilePath@@V?$StlNodeAlloc@VFilePath@@@stlpmtx_std@@@stlpmtx_std@@QAA@XZ	??1?$_Vector_base@VVocalNote@@V?$StlNodeAlloc@VVocalNote@@@stlpmtx_std@@@stlpmtx_std@@QAA@XZ
1	1	DIFF_SIZE	DIFFERENT_FUNCTION	TB	bl	default/SongInfoCopy	fn_827D15F4	??1?$_Vector_base@VStreakList@Scoring@@V?$StlNodeAlloc@VStreakList@Scoring@@@stlpmtx_std@@@stlpmtx_std@@QAA@XZ	??1?$_Vector_base@VString@@V?$StlNodeAlloc@VString@@@stlpmtx_std@@@stlpmtx_std@@QAA@XZ
1	1	DIFF_SIZE	REVIEW	TB	bl	default/SongLayout	??1?$vector@UMoveReplacer@@V?$StlNodeAlloc@UMoveReplacer@@@stlpmtx_std@@@stlpmtx_std@@QAA@XZ	??$__destroy_range_aux@V?$reverse_iterator@PAU?$pair@V?$ObjPtr@VEventTrigger@@@@V1@@stlpmtx_std@@@stlpmtx_std@@@stlpmtx_std@@YAXV?$reverse_iterator@PAU?$pair@V?$ObjPtr@VEventTrigger@@@@V1@@stlpmtx_std@@@0@0ABU__false_type@0@@Z	??$__destroy_range_aux@V?$reverse_iterator@PAUMoveReplacer@@@stlpmtx_std@@@stlpmtx_std@@YAXV?$reverse_iterator@PAUMoveReplacer@@@0@0ABU__false_type@0@@Z
1	1	DIFF_SIZE	REVIEW	TB	bl	default/SongLayout	?_M_insert_overflow_aux@?$vector@UMoveReplacer@@V?$StlNodeAlloc@UMoveReplacer@@@stlpmtx_std@@@stlpmtx_std@@IAAXPAUMoveReplacer@@ABU3@ABU__false_type@2@I_N@Z	??$__uninitialized_copy@PAUMoveReplacer@@PAU1@@stlpmtx_std@@YAPAUMoveReplacer@@PAU1@00ABU__false_type@0@@Z	??$__uninitialized_fill_n@PAUMoveReplacer@@IU1@@stlpmtx_std@@YAPAUMoveReplacer@@PAU1@IABU1@ABU__false_type@0@@Z
1	1	DIFF_SIZE	DIFFERENT_FUNCTION	TB	bl	default/SongLayout	?push_back@?$vector@VSongSection@@V?$StlNodeAlloc@VSongSection@@@stlpmtx_std@@@stlpmtx_std@@QAAXABVSongSection@@@Z	?_M_insert_overflow_aux@?$vector@U?$pair@HH@stlpmtx_std@@V?$StlNodeAlloc@U?$pair@HH@stlpmtx_std@@@2@@stlpmtx_std@@IAAXPAU?$pair@HH@2@ABU32@ABU__false_type@2@I_N@Z	?_M_insert_overflow_aux@?$vector@VSongSection@@V?$StlNodeAlloc@VSongSection@@@stlpmtx_std@@@stlpmtx_std@@IAAXPAVSongSection@@ABV3@ABU__false_type@2@I_N@Z
1	1	DIFF_SIZE	DIFFERENT_FUNCTION	TB	bl	default/SongLayout	?push_back@?$vector@VSymbol@@V?$StlNodeAlloc@VSymbol@@@stlpmtx_std@@@stlpmtx_std@@QAAXABVSymbol@@@Z	?_M_insert_overflow_aux@?$vector@VSpotlightEntry@SpotlightDrawer@@V?$StlNodeAlloc@VSpotlightEntry@SpotlightDrawer@@@stlpmtx_std@@@stlpmtx_std@@IAAXPAVSpotlightEntry@SpotlightDrawer@@ABV34@ABU__false_type@2@I_N@Z	?_M_insert_overflow_aux@?$vector@VSymbol@@V?$StlNodeAlloc@VSymbol@@@stlpmtx_std@@@stlpmtx_std@@IAAXPAVSymbol@@ABV3@ABU__false_type@2@I_N@Z
1	1	DIFF_SIZE	DIFFERENT_FUNCTION	TB	bl	default/SongLayout	fn_822EC8F8	??1?$_Vector_base@VHighlightObject@@V?$StlNodeAlloc@VHighlightObject@@@stlpmtx_std@@@stlpmtx_std@@QAA@XZ	??1?$_Vector_base@VSymbol@@V?$StlNodeAlloc@VSymbol@@@stlpmtx_std@@@stlpmtx_std@@QAA@XZ
1	1	DIFF_SIZE	DIFFERENT_FUNCTION	TB	bl	default/SongLayout	fn_823F0C9C	??1?$_Vector_base@VStreakList@Scoring@@V?$StlNodeAlloc@VStreakList@Scoring@@@stlpmtx_std@@@stlpmtx_std@@QAA@XZ	??1?$_Vector_base@V?$map@HMU?$less@H@stlpmtx_std@@V?$StlNodeAlloc@U?$pair@$$CBHM@stlpmtx_std@@@2@@stlpmtx_std@@V?$StlNodeAlloc@V?$map@HMU?$less@H@stlpmtx_std@@V?$StlNodeAlloc@U?$pair@$$CBHM@stlpmtx_std@@@2@@stlpmtx_std@@@2@@stlpmtx_std@@QAA@XZ
1	1	DIFF_SIZE	DIFFERENT_FUNCTION	TB	bl	default/SongMgr	fn_827A9D3C	??1Callback@ContentMgr@@UAA@XZ	??1BinStream@@UAA@XZ
1	1	DIFF_SIZE	REVIEW	TB	bl	default/SongParser	?EndVocalNote@SongParser@@QAAXH@Z	??$MiloStripEval@VString@@VSymbol@@PBDV1@@@YAXPBDVString@@VSymbol@@01@Z	??$MakeString@VString@@VSymbol@@PBDV1@@@YAPBDPBDVString@@VSymbol@@01@Z
1	1	DIFF_SIZE	DIFFERENT_FUNCTION	TB	bl	default/SongParser	?push_back@?$vector@VGemInProgress@SongParser@@V?$StlNodeAlloc@VGemInProgress@SongParser@@@stlpmtx_std@@@stlpmtx_std@@QAAXABVGemInProgress@SongParser@@@Z	?_M_insert_overflow_aux@?$vector@VVector3@@V?$StlNodeAlloc@VVector3@@@stlpmtx_std@@@stlpmtx_std@@IAAXPAVVector3@@ABV3@ABU__false_type@2@I_N@Z	?_M_insert_overflow_aux@?$vector@VGemInProgress@SongParser@@V?$StlNodeAlloc@VGemInProgress@SongParser@@@stlpmtx_std@@@stlpmtx_std@@IAAXPAVGemInProgress@SongParser@@ABV34@ABU__false_type@2@I_N@Z
1	1	DIFF_SIZE	DIFFERENT_FUNCTION	TB	bl	default/SongParser	fn_82784844	??1MidiTrackLister@@UAA@XZ	??1String@@UAA@XZ
1	1	DIFF_SIZE	DIFFERENT_FUNCTION	TB	bl	default/SongParser	fn_82789FA0	??1?$_Vector_base@VDifficultyInfo@SongParser@@V?$StlNodeAlloc@VDifficultyInfo@SongParser@@@stlpmtx_std@@@stlpmtx_std@@QAA@XZ	??1MidiReceiver@@UAA@XZ
1	1	DIFF_SIZE	DIFFERENT_FUNCTION	TB	bl	default/SongParser	fn_8278B104	??1MidiTrackLister@@UAA@XZ	??1?$_String_base@DV?$allocator@D@stlpmtx_std@@@stlpmtx_std@@IAA@XZ
1	1	DIFF_SIZE	DIFFERENT_FUNCTION	TB	bl	default/SongSectionController	??_G?$ObjPtr@VSongSectionController@@@@UAAPAXI@Z	??1?$ObjPtrList@VEventTrigger@@VObjectDir@@@@UAA@XZ	??1?$ObjRefConcrete@VSongSectionController@@VObjectDir@@@@UAA@XZ
1	1	DIFF_SIZE	DIFFERENT_FUNCTION	TB	bl	default/SongSortMgr	?clear@?$_Rb_tree@VSymbol@@U?$less@VSymbol@@@stlpmtx_std@@U?$pair@$$CBVSymbol@@H@3@U?$_Select1st@U?$pair@$$CBVSymbol@@H@stlpmtx_std@@@3@U?$_MapTraitsT@U?$pair@$$CBVSymbol@@H@stlpmtx_std@@@priv@3@V?$StlNodeAlloc@U?$pair@$$CBVSymbol@@H@stlpmtx_std@@@3@@stlpmtx_std@@QAAXXZ	?_M_erase@?$_Rb_tree@VSymbol@@U?$less@VSymbol@@@stlpmtx_std@@U?$pair@$$CBVSymbol@@VSetlistRecord@@@3@U?$_Select1st@U?$pair@$$CBVSymbol@@VSetlistRecord@@@stlpmtx_std@@@3@U?$_MapTraitsT@U?$pair@$$CBVSymbol@@VSetlistRecord@@@stlpmtx_std@@@priv@3@V?$StlNodeAlloc@U?$pair@$$CBVSymbol@@VSetlistRecord@@@stlpmtx_std@@@3@@stlpmtx_std@@AAAXPAU_Rb_tree_node_base@2@@Z	?_M_erase@?$_Rb_tree@VSymbol@@U?$less@VSymbol@@@stlpmtx_std@@U?$pair@$$CBVSymbol@@H@3@U?$_Select1st@U?$pair@$$CBVSymbol@@H@stlpmtx_std@@@3@U?$_MapTraitsT@U?$pair@$$CBVSymbol@@H@stlpmtx_std@@@priv@3@V?$StlNodeAlloc@U?$pair@$$CBVSymbol@@H@stlpmtx_std@@@3@@stlpmtx_std@@AAAXPAU_Rb_tree_node_base@2@@Z
1	1	DIFF_SIZE	DIFFERENT_FUNCTION	TB	bl	default/SongSortMgr	fn_825973D0	??1SongSort@@UAA@XZ	??1?$_String_base@DV?$allocator@D@stlpmtx_std@@@stlpmtx_std@@IAA@XZ
1	1	DIFF_SIZE	DIFFERENT_FUNCTION	TB	bl	default/SongSortMgr	fn_82597710	??1SongSort@@UAA@XZ	??1SetlistSort@@UAA@XZ
1	1	DIFF_SIZE	DIFFERENT_FUNCTION	TB	bl	default/SongSortMgr	fn_82597D74	??1Object@Hmx@@UAA@XZ	??1SongSort@@UAA@XZ
1	1	DIFF_SIZE	DIFFERENT_FUNCTION	TB	bl	default/SongSortMgr	fn_825992E8	??1SongSort@@UAA@XZ	??1Object@Hmx@@UAA@XZ
1	1	DIFF_SIZE	DIFFERENT_FUNCTION	TB	bl	default/SongSortNode	fn_82662BCC	??1Node@@UAA@XZ	??1?$_String_base@DV?$allocator@D@stlpmtx_std@@@stlpmtx_std@@IAA@XZ
1	1	DIFF_SIZE	DIFFERENT_FUNCTION	TB	bl	default/SongStatusMgr	fn_825D42E4	??1Object@Hmx@@UAA@XZ	??1?$_Vector_base@VPlayerScore@@V?$StlNodeAlloc@VPlayerScore@@@stlpmtx_std@@@stlpmtx_std@@QAA@XZ
1	1	DIFF_SIZE	DIFFERENT_FUNCTION	TB	bl	default/SpeechMgr	??_GSpeechMgr@@UAAPAXI@Z	??1?$ObjRefConcrete@VBandList@@VObjectDir@@@@UAA@XZ	??1SpeechMgr@@UAA@XZ
1	1	DIFF_SIZE	REVIEW	TB	bl	default/Splash	?EndSplasher@Splash@@QAAXXZ	??$?0H@?$StlNodeAlloc@V?$_List_node@H@stlpmtx_std@@@stlpmtx_std@@QAA@ABV?$StlNodeAlloc@H@1@@Z	?Validate@Movie@@SAXXZ
1	1	DIFF_SIZE	DIFFERENT_FUNCTION	TB	bl	default/Spotlight	??_G?$ObjRefConcrete@VRndGroup@@VObjectDir@@@@UAAPAXI@Z	??1ColorPalette@@UAA@XZ	??1?$ObjRefConcrete@VRndGroup@@VObjectDir@@@@UAA@XZ
1	1	DIFF_SIZE	DIFFERENT_FUNCTION	TB	bl	default/Spotlight	??_GSpotlight@@UAAPAXI@Z	?MemFree@@YAXPAX@Z	??3Spotlight@@SAXPAX@Z
1	1	DIFF_SIZE	DIFFERENT_FUNCTION	TB	bl	default/Spotlight	fn_824D8A9C	??1ObjRef@@QAA@XZ	??1?$ObjRefConcrete@VRndGroup@@VObjectDir@@@@UAA@XZ
1	1	DIFF_SIZE	DIFFERENT_FUNCTION	TB	bl	default/Spotlight	fn_824DA2B8	??1ObjRef@@QAA@XZ	??1?$_Vector_base@UBeamDef@Spotlight@@V?$StlNodeAlloc@UBeamDef@Spotlight@@@stlpmtx_std@@@stlpmtx_std@@QAA@XZ
1	1	DIFF_SIZE	DIFFERENT_FUNCTION	TB	bl	default/Spotlight	fn_824DC3B0	??1?$_Vector_base@UBeamDef@Spotlight@@V?$StlNodeAlloc@UBeamDef@Spotlight@@@stlpmtx_std@@@stlpmtx_std@@QAA@XZ	??1ObjRefOwner@@UAA@XZ
1	1	DIFF_SIZE	DIFFERENT_FUNCTION	TB	bl	default/Spotlight	fn_824DF968	??1?$ObjRefConcrete@VRndMat@@VObjectDir@@@@UAA@XZ	??1BinStreamRev@@UAA@XZ
1	1	DIFF_SIZE	DIFFERENT_FUNCTION	TB	bl	default/SpotlightDrawer	??_G?$ObjRefConcrete@VRndDrawable@@VObjectDir@@@@UAAPAXI@Z	??_DSpotlightDrawer@@QAAXXZ	??1?$ObjRefConcrete@VRndDrawable@@VObjectDir@@@@UAA@XZ
1	1	DIFF_SIZE	DIFFERENT_FUNCTION	TB	bl	default/SpotlightDrawer	?_M_fill_insert@?$vector@PAVSpotlight@@V?$StlNodeAlloc@PAVSpotlight@@@stlpmtx_std@@@stlpmtx_std@@AAAXPAPAVSpotlight@@IABQAV3@@Z	?_M_fill_insert_aux@?$vector@VSymbol@@V?$StlNodeAlloc@VSymbol@@@stlpmtx_std@@@stlpmtx_std@@AAAXPAVSymbol@@IABV3@ABU__false_type@2@@Z	?_M_fill_insert_aux@?$vector@PAVSpotlight@@V?$StlNodeAlloc@PAVSpotlight@@@stlpmtx_std@@@stlpmtx_std@@AAAXPAPAVSpotlight@@IABQAV3@ABU__false_type@2@@Z
1	1	DIFF_SIZE	DIFFERENT_FUNCTION	TB	bl	default/SpotlightDrawer	?_M_fill_insert@?$vector@PAVSpotlight@@V?$StlNodeAlloc@PAVSpotlight@@@stlpmtx_std@@@stlpmtx_std@@AAAXPAPAVSpotlight@@IABQAV3@@Z	?_M_insert_overflow_aux@?$vector@VSpotlightEntry@SpotlightDrawer@@V?$StlNodeAlloc@VSpotlightEntry@SpotlightDrawer@@@stlpmtx_std@@@stlpmtx_std@@IAAXPAVSpotlightEntry@SpotlightDrawer@@ABV34@ABU__false_type@2@I_N@Z	?_M_insert_overflow@?$vector@PAVSpotlight@@V?$StlNodeAlloc@PAVSpotlight@@@stlpmtx_std@@@stlpmtx_std@@IAAXPAPAVSpotlight@@ABQAV3@ABU__true_type@2@I_N@Z
1	1	DIFF_SIZE	DIFFERENT_FUNCTION	TB	bl	default/SpotlightDrawer	fn_824D56D0	??1?$ObjRefConcrete@VRndTex@@VObjectDir@@@@UAA@XZ	??1PostProcessor@@UAA@XZ
1	1	DIFF_SIZE	DIFFERENT_FUNCTION	TB	bl	default/SpotlightDrawer	fn_824D60DC	??0PostProcessor@@QAA@XZ	??1?$ObjPtr@VRndTex@@@@UAA@XZ
1	1	DIFF_SIZE	DIFFERENT_FUNCTION	TB	bl	default/SpotlightDrawer_NG	??_GNgSpotlightDrawer@@UAAPAXI@Z	?MemFree@@YAXPAX@Z	??3SpotlightDrawer@@SAXPAX@Z
1	1	DIFF_SIZE	DIFFERENT_FUNCTION	TB	bl	default/SpotlightDrawer_NG	?CheckSharedResources@NgSpotlightDrawer@@KA_NXZ	??2CriticalSection@@SAPAXI@Z	??2SpotlightResources@NgSpotlightDrawer@@SAPAXI@Z
1	1	DIFF_SIZE	DIFFERENT_FUNCTION	TB	bl	default/SpotlightDrawer_NG	fn_824D2928	??1ObjRef@@QAA@XZ	??1?$ObjRefConcrete@VRndCam@@VObjectDir@@@@UAA@XZ
1	1	DIFF_SIZE	REVIEW	TB	bl	default/StandardStream	?_M_insert_overflow_aux@?$vector@UMarker@@V?$StlNodeAlloc@UMarker@@@stlpmtx_std@@@stlpmtx_std@@IAAXPAUMarker@@ABU3@ABU__false_type@2@I_N@Z	??$_Destroy_Range@PAVCartRow@@@stlpmtx_std@@YAXPAVCartRow@@0@Z	??$__uninitialized_fill_n@PAUMarker@@IU1@@stlpmtx_std@@YAPAUMarker@@PAU1@IABU1@ABU__false_type@0@@Z
1	1	DIFF_SIZE	DIFFERENT_FUNCTION	TB	bl	default/StandardStream	fn_82701D7C	??1ObjRef@@QAA@XZ	??1Marker@@QAA@XZ
1	1	DIFF_SIZE	DIFFERENT_FUNCTION	TB	bl	default/StarDisplay	?GetStarCountForSymbol@StarDisplay@@SAHVSymbol@@@Z	?GetStarsToken@@YA?AVSymbol@@H@Z	?GetSymbolForStarCount@StarDisplay@@SA?AVSymbol@@H@Z
1	1	DIFF_SIZE	DIFFERENT_FUNCTION	TB	bl	default/StorePanel	??0DancerSequence@@IAA@XZ	??0UIPanel@@QAA@XZ	??0RndAnimatable@@IAA@XZ
1	1	DIFF_SIZE	DIFFERENT_FUNCTION	TB	bl	default/StorePanel	fn_82604D1C	??1PreloadPanel@@UAA@XZ	??1?$_Vector_base@V?$map@HMU?$less@H@stlpmtx_std@@V?$StlNodeAlloc@U?$pair@$$CBHM@stlpmtx_std@@@2@@stlpmtx_std@@V?$StlNodeAlloc@V?$map@HMU?$less@H@stlpmtx_std@@V?$StlNodeAlloc@U?$pair@$$CBHM@stlpmtx_std@@@2@@stlpmtx_std@@@2@@stlpmtx_std@@QAA@XZ
1	1	DIFF_SIZE	DIFFERENT_FUNCTION	TB	bl	default/StorePanel	fn_82605040	??1DataNode@@QAA@XZ	??1?$vector@_KV?$StlNodeAlloc@_K@stlpmtx_std@@@stlpmtx_std@@QAA@XZ
1	1	DIFF_SAMESIZE	DIFFERENT_FUNCTION	TB	bl	default/Str	?contains@FixedString@@QBA_NPBD@Z	?find@String@@QBAIPBDI@Z	?find@FixedString@@QBAIPBDI@Z
1	1	DIFF_SIZE	DIFFERENT_FUNCTION	TB	bl	default/StreakMeter	??_GStreakMeter@@UAAPAXI@Z	?MemFree@@YAXPAX@Z	??3StreakMeter@@SAXPAX@Z
1	1	DIFF_SIZE	DIFFERENT_FUNCTION	TB	bl	default/StreakMeter	?_M_fill_insert@?$vector@V?$ObjPtr@VRndPropAnim@@@@V?$StlNodeAlloc@V?$ObjPtr@VRndPropAnim@@@@@stlpmtx_std@@@stlpmtx_std@@AAAXPAV?$ObjPtr@VRndPropAnim@@@@IABV3@@Z	?_M_insert_overflow_aux@?$vector@UNavItem@HamNavProvider@@V?$StlNodeAlloc@UNavItem@HamNavProvider@@@stlpmtx_std@@@stlpmtx_std@@IAAXPAUNavItem@HamNavProvider@@ABU34@ABU__false_type@2@I_N@Z	?_M_insert_overflow_aux@?$vector@V?$ObjPtr@VRndPropAnim@@@@V?$StlNodeAlloc@V?$ObjPtr@VRndPropAnim@@@@@stlpmtx_std@@@stlpmtx_std@@IAAXPAV?$ObjPtr@VRndPropAnim@@@@ABV3@ABU__false_type@2@I_N@Z
1	1	DIFF_SIZE	DIFFERENT_FUNCTION	TB	bl	default/StreakMeter	fn_822CCBBC	??1?$ObjRefConcrete@VBandLabel@@VObjectDir@@@@UAA@XZ	??1DataNode@@QAA@XZ
1	1	DIFF_SIZE	DIFFERENT_FUNCTION	TB	bl	default/StreakMeter	fn_822D7F28	??1ObjRef@@QAA@XZ	??1?$ObjPtr@VRndPropAnim@@@@UAA@XZ
1	1	DIFF_SIZE	DIFFERENT_FUNCTION	TB	bl	default/StreakMeter	fn_822DA94C	??1?$ObjRefConcrete@VRndPropAnim@@VObjectDir@@@@UAA@XZ	??1DataNode@@QAA@XZ
1	1	DIFF_SIZE	DIFFERENT_FUNCTION	TB	bl	default/StreamReceiver360	?New360Receiver@@YAPAVStreamReceiver@@HH_NH@Z	??2CriticalSection@@SAPAXI@Z	??2StreamReceiver@@SAPAXI@Z
1	1	DIFF_SIZE	DIFFERENT_FUNCTION	TB	bl	default/StringTable	fn_827C9684	??1DataNode@@QAA@XZ	??1?$vector@UBuf@StringTable@@V?$StlNodeAlloc@UBuf@StringTable@@@stlpmtx_std@@@stlpmtx_std@@QAA@XZ
1	1	DIFF_SIZE	DIFFERENT_FUNCTION	TB	bl	default/Symbol	?PrintSymbolTable@@YA?AVDataNode@@PAVDataArray@@@Z	?Size@StringTable@@QBAHXZ	?UsedSize@StringTable@@QBAHXZ
1	1	DIFF_SIZE	DIFFERENT_FUNCTION	TB	bl	default/Symbol	?PrintSymbolTable@@YA?AVDataNode@@PAVDataArray@@@Z	?UsedSize@StringTable@@QBAHXZ	?Size@StringTable@@QBAHXZ
1	1	DIFF_SAMESIZE	DIFFERENT_FUNCTION	TB	bl	default/Synapse_dsp	?_M_fill_insert@?$vector@PAMV?$StlNodeAlloc@PAM@stlpmtx_std@@@stlpmtx_std@@AAAXPAPAMIABQAM@Z	?_M_fill_insert_aux@?$vector@MV?$XboxAllocator@M@@@stlpmtx_std@@AAAXPAMIABMABU__false_type@2@@Z	?_M_fill_insert_aux@?$vector@PAMV?$StlNodeAlloc@PAM@stlpmtx_std@@@stlpmtx_std@@AAAXPAPAMIABQAMABU__false_type@2@@Z
1	1	DIFF_SAMESIZE	DIFFERENT_FUNCTION	TB	bl	default/Synapse_dsp	?_M_fill_insert@?$vector@PAMV?$StlNodeAlloc@PAM@stlpmtx_std@@@stlpmtx_std@@AAAXPAPAMIABQAM@Z	?_M_insert_overflow@?$vector@MV?$StlNodeAlloc@M@stlpmtx_std@@@stlpmtx_std@@IAAXPAMABMABU__true_type@2@I_N@Z	?_M_insert_overflow@?$vector@PAMV?$StlNodeAlloc@PAM@stlpmtx_std@@@stlpmtx_std@@IAAXPAPAMABQAMABU__true_type@2@I_N@Z
1	1	DIFF_SIZE	DIFFERENT_FUNCTION	TB	bl	default/Synapse_dsp	fn_82B6F990	??1?$_Vector_base@VFilePath@@V?$StlNodeAlloc@VFilePath@@@stlpmtx_std@@@stlpmtx_std@@QAA@XZ	??1?$_Vector_base@V?$vector@MV?$StlNodeAlloc@M@stlpmtx_std@@@stlpmtx_std@@V?$StlNodeAlloc@V?$vector@MV?$StlNodeAlloc@M@stlpmtx_std@@@stlpmtx_std@@@2@@stlpmtx_std@@QAA@XZ
1	1	DIFF_SIZE	DIFFERENT_FUNCTION	TB	bl	default/TDStretch	fn_82B723C4	??1FIFOProcessor@soundtouch@@MAA@XZ	??1RateTransposer@soundtouch@@UAA@XZ
1	1	DIFF_SIZE	DIFFERENT_FUNCTION	TB	bl	default/Task	fn_82747AE0	??1ObjRef@@QAA@XZ	??1?$ObjRefConcrete@VObject@Hmx@@VObjectDir@@@@UAA@XZ
1	1	DIFF_SIZE	REVIEW	TB	bl	default/Task	fn_8274A778	??$__destroy_aux@UTaskInfo@TaskTimeline@@@stlpmtx_std@@YAXPAUTaskInfo@TaskTimeline@@ABU__false_type@0@@Z	??1ObjRefOwner@@UAA@XZ
1	1	DIFF_SIZE	DIFFERENT_FUNCTION	TB	bl	default/Tex	??_GRndTex@@UAAPAXI@Z	?MemFree@@YAXPAX@Z	??3RndTex@@SAXPAX@Z
1	1	DIFF_SIZE	DIFFERENT_FUNCTION	TB	bl	default/TexBlendController	??_GRndTexBlendController@@UAAPAXI@Z	?MemFree@@YAXPAX@Z	??3RndTexBlendController@@SAXPAX@Z
1	1	DIFF_SIZE	DIFFERENT_FUNCTION	TB	bl	default/TexBlender	??$?5PAVDataArray@@@BinStreamRev@@QAAAAV0@AAPAVDataArray@@@Z	?StaticClassName@RndTexBlender@@SA?AVSymbol@@XZ	??5@YAAAVBinStream@@AAV0@AAPAVDataArray@@@Z
1	1	DIFF_SIZE	DIFFERENT_FUNCTION	TB	bl	default/TexBlender	??_G?$ObjPtr@VBandCamShot@@@@UAAPAXI@Z	??1RndAmbientOcclusion@@UAA@XZ	??1?$ObjRefConcrete@VBandCamShot@@VObjectDir@@@@UAA@XZ
1	1	DIFF_SIZE	DIFFERENT_FUNCTION	TB	bl	default/TexBlender	fn_8248AA8C	??1?$ObjRefConcrete@VRndTex@@VObjectDir@@@@UAA@XZ	??1CharWeightable@@UAA@XZ
1	1	DIFF_SIZE	DIFFERENT_FUNCTION	TB	bl	default/TexMovie	??_GTexMovie@@UAAPAXI@Z	?MemFree@@YAXPAX@Z	??3TexMovie@@SAXPAX@Z
1	1	DIFF_SIZE	DIFFERENT_FUNCTION	TB	bl	default/Text	??_GRndText@@UAAPAXI@Z	?MemFree@@YAXPAX@Z	??3RndText@@SAXPAX@Z
1	1	DIFF_SAMESIZE	DIFFERENT_FUNCTION	TB	bl	default/Text	?Copy@RndText@@UAAXPBVObject@Hmx@@W4CopyType@23@@Z	?SetOwnerObj@?$ObjOwnerPtr@VObject@Hmx@@@@QAAXPAVObject@Hmx@@@Z	?SetObjConcrete@?$ObjRefConcrete@VRndFont@@VObjectDir@@@@QAAXPAVRndFont@@@Z
1	1	DIFF_SIZE	DIFFERENT_FUNCTION	TB	bl	default/Text	fn_824557B4	??1ObjRef@@QAA@XZ	??1?$ObjRefConcrete@VRndFont@@VObjectDir@@@@UAA@XZ
1	1	DIFF_SIZE	DIFFERENT_FUNCTION	TB	bl	default/Text	fn_82457474	??1?$_Rb_tree@W4TrackType@@U?$less@W4TrackType@@@stlpmtx_std@@U?$pair@$$CBW4TrackType@@VPlayerContribData@PerfectOverdriveTracker@@@3@U?$_Select1st@U?$pair@$$CBW4TrackType@@VPlayerContribData@PerfectOverdriveTracker@@@stlpmtx_std@@@3@U?$_MapTraitsT@U?$pair@$$CBW4TrackType@@VPlayerContribData@PerfectOverdriveTracker@@@stlpmtx_std@@@priv@3@V?$StlNodeAlloc@U?$pair@$$CBW4TrackType@@VPlayerContribData@PerfectOverdriveTracker@@@stlpmtx_std@@@3@@stlpmtx_std@@QAA@XZ	??1?$map@IVMeshInfo@RndText@@U?$less@I@stlpmtx_std@@V?$StlNodeAlloc@U?$pair@$$CBIVMeshInfo@RndText@@@stlpmtx_std@@@4@@stlpmtx_std@@QAA@XZ
1	1	DIFF_SIZE	DIFFERENT_FUNCTION	TB	bl	default/Text	fn_8245B410	??1?$ObjPtrList@VCharInterest@@VObjectDir@@@@UAA@XZ	??1String@@UAA@XZ
1	1	DIFF_SIZE	DIFFERENT_FUNCTION	TB	bl	default/Text	fn_8245B438	??1?$_Vector_base@FV?$StlNodeAlloc@F@stlpmtx_std@@@stlpmtx_std@@QAA@XZ	??1DataNode@@QAA@XZ
1	1	DIFF_SIZE	DIFFERENT_FUNCTION	TB	bl	default/Text	fn_8245C040	??1RndTextUpdateDeferrer@@QAA@XZ	??1DataNode@@QAA@XZ
1	1	DIFF_SIZE	DIFFERENT_FUNCTION	TB	bl	default/Tour	?GetConclusionText@Tour@@QBA?AVSymbol@@XZ	?GetGigGuideMap@TourDesc@@QBA?AVSymbol@@XZ	?GetConclusionText@TourDesc@@QBA?AVSymbol@@XZ
1	1	DIFF_SIZE	DIFFERENT_FUNCTION	TB	bl	default/Tour	?Handle@Tour@@UAA?AVDataNode@@PAVDataArray@@_N@Z	??0Tour@@QAA@PAVDataArray@@ABVSongMgr@@AAVBandUserMgr@@_N@Z	?InitializeTour@Tour@@QAAXXZ
1	1	DIFF_SIZE	DIFFERENT_FUNCTION	TB	bl	default/Tour	fn_823601B4	??1?$vector@V?$map@HMU?$less@H@stlpmtx_std@@V?$StlNodeAlloc@U?$pair@$$CBHM@stlpmtx_std@@@2@@stlpmtx_std@@V?$StlNodeAlloc@V?$map@HMU?$less@H@stlpmtx_std@@V?$StlNodeAlloc@U?$pair@$$CBHM@stlpmtx_std@@@2@@stlpmtx_std@@@2@@stlpmtx_std@@QAA@XZ	??1?$_Rb_tree@VSymbol@@U?$less@VSymbol@@@stlpmtx_std@@U?$pair@$$CBVSymbol@@H@3@U?$_Select1st@U?$pair@$$CBVSymbol@@H@stlpmtx_std@@@3@U?$_MapTraitsT@U?$pair@$$CBVSymbol@@H@stlpmtx_std@@@priv@3@V?$StlNodeAlloc@U?$pair@$$CBVSymbol@@H@stlpmtx_std@@@3@@stlpmtx_std@@QAA@XZ
1	1	DIFF_SIZE	DIFFERENT_FUNCTION	TB	bl	default/TourDescPanel	??_GTourDescPanel@@UAAPAXI@Z	??1TexLoadPanel@@UAA@XZ	??1TourDescPanel@@UAA@XZ
1	1	DIFF_SIZE	DIFFERENT_FUNCTION	TB	bl	default/TourDescPanel	?Load@TourDescPanel@@UAAXXZ	?ResetStars@BandStarDisplay@@QAAXXZ	?LoadIcons@TourDescPanel@@QAAXXZ
1	1	DIFF_SIZE	DIFFERENT_FUNCTION	TB	bl	default/TourDescPanel	?Load@TourDescPanel@@UAAXXZ	?SyncObjects@RndDir@@UAAXXZ	?Load@TexLoadPanel@@UAAXXZ
1	1	DIFF_SIZE	DIFFERENT_FUNCTION	TB	bl	default/TourPerformer	?Handle@TourPerformerImpl@@UAA?AVDataNode@@PAVDataArray@@_N@Z	?GetCurrentQuestSuccessMessage@TourPerformerImpl@@QBA?AVSymbol@@XZ	?GetCurrentQuestDisplayName@TourPerformerImpl@@QBA?AVSymbol@@XZ
1	1	DIFF_SIZE	DIFFERENT_FUNCTION	TB	bl	default/TourPerformer	?Handle@TourPerformerImpl@@UAA?AVDataNode@@PAVDataArray@@_N@Z	?RegisterHit@BeatMatchController@@QBAXW4HitType@@@Z	?UpdateQuestGoalLabel@TrackerManager@@QBAXPAVUILabel@@@Z
1	1	DIFF_SIZE	DIFFERENT_FUNCTION	TB	bl	default/TourPerformer	?Handle@TourPerformerImpl@@UAA?AVDataNode@@PAVDataArray@@_N@Z	?SetDancer@AppLabel@@QAAXVSymbol@@@Z	?UpdateTourPlayerContributionLabel@TourPerformerImpl@@QAAXPAVUILabel@@PAVBandUser@@@Z
1	1	DIFF_SIZE	DIFFERENT_FUNCTION	TB	bl	default/TrackDir	??$?5VVector3@@@BinStreamRev@@QAAAAV0@AAVVector3@@@Z	?StaticClassName@TrackDir@@SA?AVSymbol@@XZ	??5@YAAAVBinStream@@AAV0@AAVVector3@@@Z
1	1	DIFF_SIZE	REVIEW	TB	bl	default/TrackDir	??4?$vector@VTransform@@V?$StlNodeAlloc@VTransform@@@stlpmtx_std@@@stlpmtx_std@@QAAAAV01@ABV01@@Z	??$_M_allocate_and_copy@PBVCtrlPoint@RndSpline@@@?$vector@VCtrlPoint@RndSpline@@V?$StlNodeAlloc@VCtrlPoint@RndSpline@@@stlpmtx_std@@@stlpmtx_std@@IAAPAVCtrlPoint@RndSpline@@IPBV23@0@Z	??$_M_allocate_and_copy@PBVTransform@@@?$vector@VTransform@@V?$StlNodeAlloc@VTransform@@@stlpmtx_std@@@stlpmtx_std@@IAAPAVTransform@@IPBV2@0@Z
1	1	DIFF_SIZE	DIFFERENT_FUNCTION	TB	bl	default/TrackDir	fn_827E0974	??1String@@UAA@XZ	??1BinStreamRev@@UAA@XZ
1	1	DIFF_SIZE	DIFFERENT_FUNCTION	TB	bl	default/TrackPanelDir	??_GTrackPanelDir@@UAAPAXI@Z	?MemFree@@YAXPAX@Z	??3TrackPanelDir@@SAXPAX@Z
1	1	DIFF_SIZE	DIFFERENT_FUNCTION	TB	bl	default/TrackPanelDir	?ReapplyConfiguration@TrackPanelDir@@UAAX_N@Z	??4?$ObjPtrList@VRndTransformable@@VObjectDir@@@@QAAXABV0@@Z	?ReapplyConfiguration@TrackPanelDirBase@@UAAX_N@Z
1	1	DIFF_SIZE	DIFFERENT_FUNCTION	TB	bl	default/TrackPanelDir	fn_82309AD0	??1ObjRef@@QAA@XZ	??1?$ObjPtr@VRndDir@@@@UAA@XZ
1	1	DIFF_SIZE	DIFFERENT_FUNCTION	TB	bl	default/TrackPanelDir	fn_8230A724	??1ObjRef@@QAA@XZ	??1?$ObjPtr@VBandTrack@@@@UAA@XZ
1	1	DIFF_SIZE	DIFFERENT_FUNCTION	TB	bl	default/TrackPanelDirBase	??_GTrackPanelDirBase@@UAAPAXI@Z	?MemFree@@YAXPAX@Z	??3TrackPanelDirBase@@SAXPAX@Z
1	1	DIFF_SIZE	DIFFERENT_FUNCTION	TB	bl	default/TrackWatcherImpl	?SyncProperty@RndParticleSysAnim@@UAA_NAAVDataNode@@PAVDataArray@@HW4PropOp@@@Z	?SyncProperty@StorePanel@@UAA_NAAVDataNode@@PAVDataArray@@HW4PropOp@@@Z	?SyncProperty@RndAnimatable@@UAA_NAAVDataNode@@PAVDataArray@@HW4PropOp@@@Z
1	1	DIFF_SIZE	DIFFERENT_FUNCTION	TB	bl	default/TrackWidget	??$_S_sort@VMeshInstance@@V?$StlNodeAlloc@VMeshInstance@@@stlpmtx_std@@V?$WidgetInstanceCmp@VMeshInstance@@@@@stlpmtx_std@@YAXAAV?$list@VMeshInstance@@V?$StlNodeAlloc@VMeshInstance@@@stlpmtx_std@@@0@V?$WidgetInstanceCmp@VMeshInstance@@@@@Z	?clear@?$_List_base@UInstance@RndMultiMesh@@V?$TransformListAlloc@UInstance@RndMultiMesh@@@stlpmtx_std@@@stlpmtx_std@@QAAXXZ	?clear@?$_List_base@VMeshInstance@@V?$StlNodeAlloc@VMeshInstance@@@stlpmtx_std@@@stlpmtx_std@@QAAXXZ
1	1	DIFF_SIZE	DIFFERENT_FUNCTION	TB	bl	default/TrackWidget	??_GTrackWidgetImpBase@@UAAPAXI@Z	??3BinStream@@SAXPAX@Z	?MemFree@@YAXPAX@Z
1	1	DIFF_SIZE	DIFFERENT_FUNCTION	TB	bl	default/TrackWidget	?Clear@?$TrackWidgetImp@UInstance@RndMultiMesh@@@@UAAXXZ	?clear@?$_List_base@UInstance@RndMultiMesh@@V?$TransformListAlloc@UInstance@RndMultiMesh@@@stlpmtx_std@@@stlpmtx_std@@QAAXXZ	?clear@?$_List_base@UInstance@RndMultiMesh@@V?$StlNodeAlloc@UInstance@RndMultiMesh@@@stlpmtx_std@@@stlpmtx_std@@QAAXXZ
1	1	DIFF_SIZE	DIFFERENT_FUNCTION	TB	bl	default/TrackWidget	fn_827E2B7C	??0TrackWidgetImpBase@@QAA@XZ	??1String@@UAA@XZ
1	1	DIFF_SIZE	DIFFERENT_FUNCTION	TB	bl	default/TrackerManager	fn_8269479C	??0?$list@UBone@CharBones@@V?$StlNodeAlloc@UBone@CharBones@@@stlpmtx_std@@@stlpmtx_std@@QAA@ABV?$StlNodeAlloc@UBone@CharBones@@@1@@Z	??1?$map@HMU?$less@H@stlpmtx_std@@V?$StlNodeAlloc@U?$pair@$$CBHM@stlpmtx_std@@@2@@stlpmtx_std@@QAA@XZ
1	1	DIFF_SIZE	DIFFERENT_FUNCTION	TB	bl	default/TrainingPanel	fn_8263FDC0	??1?$_Vector_base@VFilePath@@V?$StlNodeAlloc@VFilePath@@@stlpmtx_std@@@stlpmtx_std@@QAA@XZ	??1?$_Vector_base@V?$map@HMU?$less@H@stlpmtx_std@@V?$StlNodeAlloc@U?$pair@$$CBHM@stlpmtx_std@@@2@@stlpmtx_std@@V?$StlNodeAlloc@V?$map@HMU?$less@H@stlpmtx_std@@V?$StlNodeAlloc@U?$pair@$$CBHM@stlpmtx_std@@@2@@stlpmtx_std@@@2@@stlpmtx_std@@QAA@XZ
1	1	DIFF_SIZE	DIFFERENT_FUNCTION	TB	bl	default/TransAnim	??_G?$ObjOwnerPtr@VRndTransAnim@@@@UAAPAXI@Z	??1NetCacheMgrXbox@@UAA@XZ	??1?$ObjOwnerPtr@VRndTransAnim@@@@UAA@XZ
1	1	DIFF_SIZE	DIFFERENT_FUNCTION	TB	bl	default/TransAnim	??_GRndTransAnim@@UAAPAXI@Z	?MemFree@@YAXPAX@Z	??3RndTransAnim@@SAXPAX@Z
1	1	DIFF_SAMESIZE	DIFFERENT_FUNCTION	TB	bl	default/TransAnim	?Copy@RndTransAnim@@UAAXPBVObject@Hmx@@W4CopyType@23@@Z	?SetOwnerObj@?$ObjOwnerPtr@VCharInterest@@@@QAAXPAVCharInterest@@@Z	?SetObjConcrete@?$ObjRefConcrete@VRndTransAnim@@VObjectDir@@@@QAAXPAVRndTransAnim@@@Z
1	1	DIFF_SIZE	DIFFERENT_FUNCTION	TB	bl	default/TransProxy	??_GRndTransProxy@@UAAPAXI@Z	?MemFree@@YAXPAX@Z	??3RndTransProxy@@SAXPAX@Z
1	1	DIFF_SIZE	DIFFERENT_FUNCTION	TB	bl	default/UI	??_GLocalePanel@@UAAPAXI@Z	??1TourChar@@UAA@XZ	??1LocalePanel@@UAA@XZ
1	1	DIFF_SIZE	DIFFERENT_FUNCTION	TB	bl	default/UI	fn_823F4A30	??3Loader@@SAXPAX@Z	??1DataNode@@QAA@XZ
1	1	DIFF_SIZE	DIFFERENT_FUNCTION	TB	bl	default/UI	fn_823F56C4	??1MemStream@@UAA@XZ	??1?$vector@PAVUIScreen@@V?$StlNodeAlloc@PAVUIScreen@@@stlpmtx_std@@@stlpmtx_std@@QAA@XZ
1	1	DIFF_SIZE	DIFFERENT_FUNCTION	TB	bl	default/UI	fn_8280350C	??1Message@@UAA@XZ	??1?$_List_base@PAVObject@Hmx@@V?$StlNodeAlloc@PAVObject@Hmx@@@stlpmtx_std@@@stlpmtx_std@@QAA@XZ
1	1	DIFF_SIZE	DIFFERENT_FUNCTION	TB	bl	default/UI	fn_82803634	??1Message@@UAA@XZ	??1Object@Hmx@@UAA@XZ
1	1	DIFF_SIZE	DIFFERENT_FUNCTION	TB	bl	default/UI	fn_82804DCC	??1LoaderGlitchContext@@QAA@XZ	??1Message@@UAA@XZ
1	1	DIFF_SIZE	DIFFERENT_FUNCTION	TB	bl	default/UI	fn_82805860	??1DataNode@@QAA@XZ	??1?$vector@PAVUIScreen@@V?$StlNodeAlloc@PAVUIScreen@@@stlpmtx_std@@@stlpmtx_std@@QAA@XZ
1	1	DIFF_SIZE	DIFFERENT_FUNCTION	TB	bl	default/UI	fn_82B80740	??1TourChar@@UAA@XZ	??1ObjRefOwner@@UAA@XZ
1	1	DIFF_SIZE	DIFFERENT_FUNCTION	TB	bl	default/UIFontImporter	??_G?$ObjRefConcrete@VRndFont@@VObjectDir@@@@UAAPAXI@Z	??1?$ObjPtrList@VRndFont@@VObjectDir@@@@UAA@XZ	??1?$ObjRefConcrete@VRndFont@@VObjectDir@@@@UAA@XZ
1	1	DIFF_SIZE	DIFFERENT_FUNCTION	TB	bl	default/UIFontImporter	??_GUIFontImporter@@UAAPAXI@Z	?MemFree@@YAXPAX@Z	??3UIFontImporter@@SAXPAX@Z
1	1	DIFF_SIZE	DIFFERENT_FUNCTION	TB	bl	default/UIFontImporter	?Handle@UIFontImporter@@UAA?AVDataNode@@PAVDataArray@@_N@Z	??0DataNode@@QAA@XZ	?OnGenerate@UIFontImporter@@IAA?AVDataNode@@PAVDataArray@@@Z
1	1	DIFF_SIZE	DIFFERENT_FUNCTION	TB	bl	default/UIFontImporter	?Handle@UIFontImporter@@UAA?AVDataNode@@PAVDataArray@@_N@Z	??0DataNode@@QAA@XZ	?OnGenerateOG@UIFontImporter@@IAA?AVDataNode@@PAVDataArray@@@Z
1	1	DIFF_SIZE	DIFFERENT_FUNCTION	TB	bl	default/UIFontImporter	?Handle@UIFontImporter@@UAA?AVDataNode@@PAVDataArray@@_N@Z	??0DataNode@@QAA@XZ	?OnShowFontPicker@UIFontImporter@@IAA?AVDataNode@@PAVDataArray@@@Z
1	1	DIFF_SIZE	DIFFERENT_FUNCTION	TB	bl	default/UIFontImporter	?OnAttachToImportFont@UIFontImporter@@IAA?AVDataNode@@PAVDataArray@@@Z	?ImportSettingsFromFont@UIFontImporter@@QAAXPAVRndFont@@@Z	?AttachImporterToFont@UIFontImporter@@QAAXPAVRndFont@@@Z
1	1	DIFF_SIZE	DIFFERENT_FUNCTION	TB	bl	default/UIFontImporter	fn_8281C818	??1?$ObjDirPtr@VUILabelDir@@@@UAA@XZ	??1DataNode@@QAA@XZ
1	1	DIFF_SIZE	DIFFERENT_FUNCTION	TB	bl	default/UIGuide	??_GUIGuide@@UAAPAXI@Z	?MemFree@@YAXPAX@Z	??3UIGuide@@SAXPAX@Z
1	1	DIFF_SIZE	DIFFERENT_FUNCTION	TB	bl	default/UILabel	??4?$ObjDirPtr@VObjectDir@@@@QAAAAV0@PAVObjectDir@@@Z	?PostLoad@?$ObjDirPtr@VHamListRibbon@@@@QAAXPAVLoader@@@Z	?PostLoad@?$ObjDirPtr@VObjectDir@@@@QAAXPAVLoader@@@Z
1	1	DIFF_SIZE	DIFFERENT_FUNCTION	TB	bl	default/UILabel	??_G?$ResourceDirPtr@VUILabelDir@@@@UAAPAXI@Z	??1CBaseSkin@LEAPCORE@@UAA@XZ	??1?$ObjDirPtr@VUILabelDir@@@@UAA@XZ
1	1	DIFF_SIZE	DIFFERENT_FUNCTION	TB	bl	default/UILabel	??_GUILabel@@UAAPAXI@Z	?MemFree@@YAXPAX@Z	??3UILabel@@SAXPAX@Z
1	1	DIFF_SIZE	DIFFERENT_FUNCTION	TB	bl	default/UILabel	fn_827F29C8	??1String@@UAA@XZ	??1?$ObjVector@ULabelStyle@UILabel@@@@QAA@XZ
1	1	DIFF_SIZE	DIFFERENT_FUNCTION	TB	bl	default/UILabel	fn_827F3C40	??1DataNode@@QAA@XZ	??1LabelStyle@UILabel@@QAA@XZ
1	1	DIFF_SIZE	DIFFERENT_FUNCTION	TB	bl	default/UILabel	fn_827F4D64	??1String@@UAA@XZ	??3DirLoader@@SAXPAX@Z
1	1	DIFF_SIZE	DIFFERENT_FUNCTION	TB	bl	default/UIList	??$_Copy_Construct@V?$map@HMU?$less@H@stlpmtx_std@@V?$StlNodeAlloc@U?$pair@$$CBHM@stlpmtx_std@@@2@@stlpmtx_std@@@stlpmtx_std@@YAXPAV?$map@HMU?$less@H@stlpmtx_std@@V?$StlNodeAlloc@U?$pair@$$CBHM@stlpmtx_std@@@2@@0@ABV10@@Z	??0?$vector@VVector3@@V?$StlNodeAlloc@VVector3@@@stlpmtx_std@@@stlpmtx_std@@QAA@ABV01@@Z	??0?$_Rb_tree@HU?$less@H@stlpmtx_std@@U?$pair@$$CBHM@2@U?$_Select1st@U?$pair@$$CBHM@stlpmtx_std@@@2@U?$_MapTraitsT@U?$pair@$$CBHM@stlpmtx_std@@@priv@2@V?$StlNodeAlloc@U?$pair@$$CBHM@stlpmtx_std@@@2@@stlpmtx_std@@QAA@ABV01@@Z
1	1	DIFF_SIZE	DIFFERENT_FUNCTION	TB	bl	default/UIList	??_G?$ObjPtr@VRndPostProc@@@@UAAPAXI@Z	??_DUIList@@QAAXXZ	??1?$ObjRefConcrete@VRndPostProc@@VObjectDir@@@@UAA@XZ
1	1	DIFF_SIZE	DIFFERENT_FUNCTION	TB	bl	default/UIList	??_G?$ObjPtr@VRndPropAnim@@@@UAAPAXI@Z	??1StoreOfferProvider@@UAA@XZ	??1?$ObjRefConcrete@VRndPropAnim@@VObjectDir@@@@UAA@XZ
1	1	DIFF_SIZE	DIFFERENT_FUNCTION	TB	bl	default/UIList	??_G?$ObjPtr@VWorldDir@@@@UAAPAXI@Z	??1?$ObjPtrList@VRndMesh@@VObjectDir@@@@UAA@XZ	??1?$ObjRefConcrete@VWorldDir@@VObjectDir@@@@UAA@XZ
1	1	DIFF_SIZE	DIFFERENT_FUNCTION	TB	bl	default/UIList	??_GUIList@@UAAPAXI@Z	??1DataResult@@UAA@XZ	??_DUIList@@QAAXXZ
1	1	DIFF_SIZE	DIFFERENT_FUNCTION	TB	bl	default/UIList	?SyncProperty@UIList@@UAA_NAAVDataNode@@PAVDataArray@@HW4PropOp@@@Z	??0?$reverse_iterator@PAH@stlpmtx_std@@QAA@PAH@Z	?SetMaxDisplay@UIListState@@QAAXH@Z
1	1	DIFF_SIZE	DIFFERENT_FUNCTION	TB	bl	default/UIList	fn_8266625C	??1UIListProvider@@UAA@XZ	??1DataNode@@QAA@XZ
1	1	DIFF_SIZE	DIFFERENT_FUNCTION	TB	bl	default/UIList	fn_82777C84	??3BinStream@@SAXPAX@Z	??3DirLoader@@SAXPAX@Z
1	1	DIFF_SIZE	DIFFERENT_FUNCTION	TB	bl	default/UIList	fn_827FD06C	??1DataNode@@QAA@XZ	??1?$list@VSymbol@@V?$StlNodeAlloc@VSymbol@@@stlpmtx_std@@@stlpmtx_std@@QAA@XZ
1	1	DIFF_SIZE	DIFFERENT_FUNCTION	TB	bl	default/UIListCustom	??_G?$vector@V?$ObjPtr@VUIColor@@@@V?$StlNodeAlloc@V?$ObjPtr@VUIColor@@@@@stlpmtx_std@@@stlpmtx_std@@QAAPAXI@Z	??1UIListCustomElement@@UAA@XZ	??1?$vector@V?$ObjPtr@VUIColor@@@@V?$StlNodeAlloc@V?$ObjPtr@VUIColor@@@@@stlpmtx_std@@@stlpmtx_std@@QAA@XZ
1	1	DIFF_SIZE	DIFFERENT_FUNCTION	TB	bl	default/UIListCustom	??_GUIListCustom@@UAAPAXI@Z	?MemFree@@YAXPAX@Z	??3UIListCustom@@SAXPAX@Z
1	1	DIFF_SIZE	DIFFERENT_FUNCTION	TB	bl	default/UIListCustom	fn_8281E5F8	??1?$ObjRefConcrete@VCharLookAt@@VObjectDir@@@@UAA@XZ	??1?$vector@PAVUIListSlotElement@@V?$StlNodeAlloc@PAVUIListSlotElement@@@stlpmtx_std@@@stlpmtx_std@@QAA@XZ
1	1	DIFF_SIZE	DIFFERENT_FUNCTION	TB	bl	default/UIListCustom	fn_8281EAB0	??1UIListSlot@@UAA@XZ	??1?$ObjRefConcrete@VObject@Hmx@@VObjectDir@@@@UAA@XZ
1	1	DIFF_SIZE	DIFFERENT_FUNCTION	TB	bl	default/UIListDir	??_GUIListDir@@UAAPAXI@Z	?MemFree@@YAXPAX@Z	??3UIListDir@@SAXPAX@Z
1	1	DIFF_SIZE	DIFFERENT_FUNCTION	TB	bl	default/UIListDir	fn_8280DD7C	??1UIListWidgetDrawState@@QAA@XZ	??1SpotlightEntry@LightPreset@@QAA@XZ
1	1	DIFF_SIZE	DIFFERENT_FUNCTION	TB	bl	default/UIListHighlight	??_GUIListHighlight@@UAAPAXI@Z	?MemFree@@YAXPAX@Z	??3UIListHighlight@@SAXPAX@Z
1	1	DIFF_SIZE	DIFFERENT_FUNCTION	TB	bl	default/UIListLabel	??_G?$ObjPtr@VUILabel@@@@UAAPAXI@Z	??1UIListLabelElement@@UAA@XZ	??1?$ObjRefConcrete@VUILabel@@VObjectDir@@@@UAA@XZ
1	1	DIFF_SIZE	DIFFERENT_FUNCTION	TB	bl	default/UIListLabel	??_GUIListLabel@@UAAPAXI@Z	?MemFree@@YAXPAX@Z	??3UIListLabel@@SAXPAX@Z
1	1	DIFF_SIZE	DIFFERENT_FUNCTION	TB	bl	default/UIListLabel	?CreateElement@UIListLabel@@MAAPAVUIListSlotElement@@PAVUIList@@@Z	??2CriticalSection@@SAPAXI@Z	??2UIListLabelElement@@SAPAXI@Z
1	1	DIFF_SIZE	DIFFERENT_FUNCTION	TB	bl	default/UIListLabel	fn_8281F838	??1UIListSlot@@UAA@XZ	??1UIListSlotElement@@UAA@XZ
1	1	DIFF_SIZE	DIFFERENT_FUNCTION	TB	bl	default/UIListLabel	fn_8281F860	??1ObjRef@@QAA@XZ	??1?$ObjRefConcrete@VUILabel@@VObjectDir@@@@UAA@XZ
1	1	DIFF_SIZE	DIFFERENT_FUNCTION	TB	bl	default/UIListMesh	?CreateElement@UIListMesh@@MAAPAVUIListSlotElement@@PAVUIList@@@Z	??2CriticalSection@@SAPAXI@Z	??2UIListSlotElement@@SAPAXI@Z
1	1	DIFF_SIZE	REVIEW	TB	bl	default/UIListSlot	?CompleteScroll@UIListSlot@@UAAXABVUIListState@@H@Z	??$__find@PAVSymbol@@V1@@stlpmtx_std@@YAPAVSymbol@@PAV1@0ABV1@ABUrandom_access_iterator_tag@0@@Z	??$__find@PAPAVUIListSlotElement@@PAV1@@stlpmtx_std@@YAPAPAVUIListSlotElement@@PAPAV1@0ABQAV1@ABUrandom_access_iterator_tag@0@@Z
1	1	DIFF_SIZE	DIFFERENT_FUNCTION	TB	bl	default/UIListSlot	fn_8281599C	??1UIListWidget@@UAA@XZ	??1Object@Hmx@@UAA@XZ
1	1	DIFF_SAMESIZE	DIFFERENT_FUNCTION	TB	bl	default/UIListSubList	??_G?$ObjPtr@VUIList@@@@UAAPAXI@Z	??1UIListSubListElement@@UAA@XZ	??1?$ObjRefConcrete@VUIList@@VObjectDir@@@@UAA@XZ
1	1	DIFF_SIZE	DIFFERENT_FUNCTION	TB	bl	default/UIListSubList	??_G?$ObjRefConcrete@VUIColor@@VObjectDir@@@@UAAPAXI@Z	??1?$ObjRefConcrete@VUIList@@VObjectDir@@@@UAA@XZ	??1?$ObjRefConcrete@VUIColor@@VObjectDir@@@@UAA@XZ
1	1	DIFF_SIZE	DIFFERENT_FUNCTION	TB	bl	default/UIListSubList	?CreateElement@UIListSubList@@MAAPAVUIListSlotElement@@PAVUIList@@@Z	??2CriticalSection@@SAPAXI@Z	??2UIListSubListElement@@SAPAXI@Z
1	1	DIFF_SIZE	DIFFERENT_FUNCTION	TB	bl	default/UIListSubList	fn_82820918	??1UIListSlot@@UAA@XZ	??1?$ObjRefConcrete@VUIList@@VObjectDir@@@@UAA@XZ
1	1	DIFF_SIZE	REVIEW	TB	bl	default/UIListWidget	??0?$vector@V?$ObjPtr@VUIColor@@@@V?$StlNodeAlloc@V?$ObjPtr@VUIColor@@@@@stlpmtx_std@@@stlpmtx_std@@QAA@ABV01@@Z	??$__uninitialized_copy@PBVChallengeRow@@PAV1@@stlpmtx_std@@YAPAVChallengeRow@@PBV1@0PAV1@ABU__false_type@0@@Z	??$__uninitialized_copy@PBV?$ObjPtr@VUIColor@@@@PAV1@@stlpmtx_std@@YAPAV?$ObjPtr@VUIColor@@@@PBV1@0PAV1@ABU__false_type@0@@Z
1	1	DIFF_SIZE	DIFFERENT_FUNCTION	TB	bl	default/UIPicture	??_GUIPicture@@UAAPAXI@Z	?MemFree@@YAXPAX@Z	??3UIPicture@@SAXPAX@Z
1	1	DIFF_SIZE	DIFFERENT_FUNCTION	TB	bl	default/UIPicture	fn_828160D8	??1ObjRef@@QAA@XZ	??1?$ObjRefConcrete@VRndMesh@@VObjectDir@@@@UAA@XZ
1	1	DIFF_SIZE	DIFFERENT_FUNCTION	TB	bl	default/UIScreen	fn_827F0678	??1DataNode@@QAA@XZ	??1AutoGlitchReport@@QAA@XZ
1	1	DIFF_SIZE	DIFFERENT_FUNCTION	TB	bl	default/UISlider	??_GPanelDir@@UAAPAXI@Z	?MemFree@@YAXPAX@Z	??3PanelDir@@SAXPAX@Z
1	1	DIFF_SIZE	DIFFERENT_FUNCTION	TB	bl	default/UISlider	??_GUISlider@@UAAPAXI@Z	?MemFree@@YAXPAX@Z	??3UISlider@@SAXPAX@Z
1	1	DIFF_SIZE	DIFFERENT_FUNCTION	TB	bl	default/UIStats	fn_82560444	??1DataPoint@@QAA@XZ	??1String@@UAA@XZ
1	1	DIFF_SIZE	DIFFERENT_FUNCTION	TB	bl	default/UIStats	fn_8256057C	??1String@@UAA@XZ	??1DataPoint@@QAA@XZ
1	1	DIFF_SIZE	DIFFERENT_FUNCTION	TB	bl	default/UIStats	fn_825605A4	??1DataNode@@QAA@XZ	??1?$vector@PAVBandUser@@V?$StlNodeAlloc@PAVBandUser@@@stlpmtx_std@@@stlpmtx_std@@QAA@XZ
1	1	DIFF_SIZE	DIFFERENT_FUNCTION	TB	bl	default/UITransitionHandler	??_GUITransitionHandler@@UAAPAXI@Z	??1SortNode@@UAA@XZ	??1UITransitionHandler@@UAA@XZ
1	1	DIFF_SIZE	DIFFERENT_FUNCTION	TB	bl	default/UITrigger	??_G?$ObjOwnerPtr@VEventTrigger@@@@UAAPAXI@Z	??1Fader@@UAA@XZ	??1?$ObjOwnerPtr@VEventTrigger@@@@UAA@XZ
1	1	DIFF_SIZE	DIFFERENT_FUNCTION	TB	bl	default/UITrigger	??_GUITrigger@@UAAPAXI@Z	?MemFree@@YAXPAX@Z	??3UITrigger@@SAXPAX@Z
1	1	DIFF_SIZE	DIFFERENT_FUNCTION	TB	bl	default/UITrigger	fn_82826318	??1ObjRef@@QAA@XZ	??1?$ObjPtr@VRndAnimatable@@@@UAA@XZ
1	1	DIFF_SAMESIZE	DIFFERENT_FUNCTION	TB	bl	default/UploadErrorMgr	fn_82642764	??1DataNode@@QAA@XZ	??1SessionReadyMsg@@UAA@XZ
1	1	DIFF_SIZE	DIFFERENT_FUNCTION	TB	bl	default/UploadErrorMgr	fn_82642C8C	??3DataArray@@SAXPAX@Z	??3@YAXPAX@Z
1	1	DIFF_SIZE	DIFFERENT_FUNCTION	TB	bl	default/User	??0User@@QAA@XZ	??2CriticalSection@@SAPAXI@Z	??2OnlineID@@SAPAXI@Z
1	1	DIFF_SIZE	DIFFERENT_FUNCTION	TB	bl	default/VocalNoteList	?CopyPhraseVec@@YAXABV?$vector@VVocalPhrase@@V?$StlNodeAlloc@VVocalPhrase@@@stlpmtx_std@@@stlpmtx_std@@PAV12@@Z	?push_back@?$vector@UBeatCollisionData@@V?$StlNodeAlloc@UBeatCollisionData@@@stlpmtx_std@@@stlpmtx_std@@QAAXABUBeatCollisionData@@@Z	?push_back@?$vector@VVocalPhrase@@V?$StlNodeAlloc@VVocalPhrase@@@stlpmtx_std@@@stlpmtx_std@@QAAXABVVocalPhrase@@@Z
1	1	DIFF_SIZE	DIFFERENT_FUNCTION	TB	bl	default/VocalNoteList	?_M_fill_insert@?$vector@VVocalPhrase@@V?$StlNodeAlloc@VVocalPhrase@@@stlpmtx_std@@@stlpmtx_std@@AAAXPAVVocalPhrase@@IABV3@@Z	?_M_fill_insert_aux@?$vector@UBeatCollisionData@@V?$StlNodeAlloc@UBeatCollisionData@@@stlpmtx_std@@@stlpmtx_std@@AAAXPAUBeatCollisionData@@IABU3@ABU__false_type@2@@Z	?_M_fill_insert_aux@?$vector@VVocalPhrase@@V?$StlNodeAlloc@VVocalPhrase@@@stlpmtx_std@@@stlpmtx_std@@AAAXPAVVocalPhrase@@IABV3@ABU__false_type@2@@Z
1	1	DIFF_SIZE	DIFFERENT_FUNCTION	TB	bl	default/VocalNoteList	?_M_fill_insert@?$vector@VVocalPhrase@@V?$StlNodeAlloc@VVocalPhrase@@@stlpmtx_std@@@stlpmtx_std@@AAAXPAVVocalPhrase@@IABV3@@Z	?_M_insert_overflow_aux@?$vector@UMemDiffEntry@@V?$StlNodeAlloc@UMemDiffEntry@@@stlpmtx_std@@@stlpmtx_std@@IAAXPAUMemDiffEntry@@ABU3@ABU__false_type@2@I_N@Z	?_M_insert_overflow_aux@?$vector@VVocalPhrase@@V?$StlNodeAlloc@VVocalPhrase@@@stlpmtx_std@@@stlpmtx_std@@IAAXPAVVocalPhrase@@ABV3@ABU__false_type@2@I_N@Z
1	1	DIFF_SIZE	REVIEW	TB	bl	default/VocalNoteList	?_M_fill_insert_aux@?$vector@VVocalNote@@V?$StlNodeAlloc@VVocalNote@@@stlpmtx_std@@@stlpmtx_std@@AAAXPAVVocalNote@@IABV3@ABU__false_type@2@@Z	??$__uninitialized_fill_n@PAVPracticeStep@@IV1@@stlpmtx_std@@YAPAVPracticeStep@@PAV1@IABV1@ABU__false_type@0@@Z	??$__uninitialized_fill_n@PAVVocalNote@@IV1@@stlpmtx_std@@YAPAVVocalNote@@PAV1@IABV1@ABU__false_type@0@@Z
1	1	DIFF_SIZE	DIFFERENT_FUNCTION	TB	bl	default/VocalPlayer	??0VocalPlayer@@QAA@PAVBandUser@@PAVBeatMaster@@PAVBand@@HPAVPerformer@@H@Z	??0GemPlayer@@QAA@PAVBandUser@@PAVBeatMaster@@PAVBand@@HPAVBandPerformer@@@Z	??0Player@@QAA@PAVBandUser@@PAVBand@@HPAVBeatMaster@@@Z
1	1	DIFF_SIZE	DIFFERENT_FUNCTION	TB	bl	default/VocalPlayer	?push_back@?$vector@U?$pair@PBVVocalPhrase@@PAVVocalPart@@@stlpmtx_std@@V?$StlNodeAlloc@U?$pair@PBVVocalPhrase@@PAVVocalPart@@@stlpmtx_std@@@2@@stlpmtx_std@@QAAXABU?$pair@PBVVocalPhrase@@PAVVocalPart@@@2@@Z	?_M_insert_overflow_aux@?$vector@VMicClientID@@V?$StlNodeAlloc@VMicClientID@@@stlpmtx_std@@@stlpmtx_std@@IAAXPAVMicClientID@@ABV3@ABU__false_type@2@I_N@Z	?_M_insert_overflow_aux@?$vector@U?$pair@PBVVocalPhrase@@PAVVocalPart@@@stlpmtx_std@@V?$StlNodeAlloc@U?$pair@PBVVocalPhrase@@PAVVocalPart@@@stlpmtx_std@@@2@@stlpmtx_std@@IAAXPAU?$pair@PBVVocalPhrase@@PAVVocalPart@@@2@ABU32@ABU__false_type@2@I_N@Z
1	1	DIFF_SIZE	DIFFERENT_FUNCTION	TB	bl	default/VocalTrack	??$_Copy_Construct@UMerger@FileMerger@@@stlpmtx_std@@YAXPAUMerger@FileMerger@@ABU12@@Z	??0?$deque@PAVTubePlate@@V?$StlNodeAlloc@PAVTubePlate@@@stlpmtx_std@@@stlpmtx_std@@QAA@ABV01@@Z	??0Merger@FileMerger@@QAA@ABU01@@Z
1	1	DIFF_SIZE	DIFFERENT_FUNCTION	TB	bl	default/VocalTrack	??0?$_Deque_base@PAVTambourineGem@@V?$StlNodeAlloc@PAVTambourineGem@@@stlpmtx_std@@@stlpmtx_std@@QAA@ABV?$StlNodeAlloc@PAVTambourineGem@@@1@I@Z	?_M_initialize_map@?$_Deque_base@U?$pair@W4KeyframeCmd@LightPreset@@M@stlpmtx_std@@V?$StlNodeAlloc@U?$pair@W4KeyframeCmd@LightPreset@@M@stlpmtx_std@@@2@@stlpmtx_std@@IAAXI@Z	?_M_initialize_map@?$_Deque_base@PAVTambourineGem@@V?$StlNodeAlloc@PAVTambourineGem@@@stlpmtx_std@@@stlpmtx_std@@IAAXI@Z
1	1	DIFF_SIZE	DIFFERENT_FUNCTION	TB	bl	default/VocalTrack	??0?$_Deque_base@U?$pair@PAVRndMesh@@M@stlpmtx_std@@V?$StlNodeAlloc@U?$pair@PAVRndMesh@@M@stlpmtx_std@@@2@@stlpmtx_std@@QAA@ABV?$StlNodeAlloc@U?$pair@PAVRndMesh@@M@stlpmtx_std@@@1@I@Z	?_M_initialize_map@?$_Deque_base@VLyricShift@VocalTrack@@V?$StlNodeAlloc@VLyricShift@VocalTrack@@@stlpmtx_std@@@stlpmtx_std@@IAAXI@Z	?_M_initialize_map@?$_Deque_base@U?$pair@PAVRndMesh@@M@stlpmtx_std@@V?$StlNodeAlloc@U?$pair@PAVRndMesh@@M@stlpmtx_std@@@2@@stlpmtx_std@@IAAXI@Z
1	1	DIFF_SIZE	DIFFERENT_FUNCTION	TB	bl	default/VocalTrack	fn_82BA8F20	??1?$_Vector_base@V?$deque@PAVTubePlate@@V?$StlNodeAlloc@PAVTubePlate@@@stlpmtx_std@@@stlpmtx_std@@V?$StlNodeAlloc@V?$deque@PAVTubePlate@@V?$StlNodeAlloc@PAVTubePlate@@@stlpmtx_std@@@stlpmtx_std@@@2@@stlpmtx_std@@QAA@XZ	??1?$_Vector_base@VSymbol@@V?$StlNodeAlloc@VSymbol@@@stlpmtx_std@@@stlpmtx_std@@QAA@XZ
1	1	DIFF_SIZE	DIFFERENT_FUNCTION	TB	bl	default/VocalTrackDir	??_GVocalTrackDir@@UAAPAXI@Z	?MemFree@@YAXPAX@Z	??3VocalTrackDir@@SAXPAX@Z
1	1	DIFF_SIZE	DIFFERENT_FUNCTION	TB	bl	default/VocalTrackDir	fn_822EDC94	??1?$vector@UNode@?$ObjPtrVec@VObject@Hmx@@VObjectDir@@@@V?$StlNodeAlloc@UNode@?$ObjPtrVec@VObject@Hmx@@VObjectDir@@@@@stlpmtx_std@@@stlpmtx_std@@QAA@XZ	??1?$hash_map@VSymbol@@HU?$hash@VSymbol@@@stlpmtx_std@@U?$equal_to@VSymbol@@@3@V?$StlNodeAlloc@U?$pair@$$CBVSymbol@@H@stlpmtx_std@@@3@@stlpmtx_std@@QAA@XZ
1	1	DIFF_SIZE	DIFFERENT_FUNCTION	TB	bl	default/VocalTrackDir	fn_822FB16C	??1DataNode@@QAA@XZ	??1DataPoint@@QAA@XZ
1	1	DIFF_SIZE	DIFFERENT_FUNCTION	TB	bl	default/VocalTrackDir	fn_823037C8	??1?$_Vector_base@VStreakList@Scoring@@V?$StlNodeAlloc@VStreakList@Scoring@@@stlpmtx_std@@@stlpmtx_std@@QAA@XZ	??1?$ObjPtr@VStreakMeter@@@@UAA@XZ
1	1	DIFF_SIZE	DIFFERENT_FUNCTION	TB	bl	default/VocalTrackDir	fn_82303818	??1ObjRef@@QAA@XZ	??1?$vector@VColor@Hmx@@V?$StlNodeAlloc@VColor@Hmx@@@stlpmtx_std@@@stlpmtx_std@@QAA@XZ
1	1	DIFF_SIZE	DIFFERENT_FUNCTION	TB	bl	default/VocalTrackDir	fn_82303840	??1?$ObjRefConcrete@VOverdriveMeter@@VObjectDir@@@@UAA@XZ	??1?$vector@VColor@Hmx@@V?$StlNodeAlloc@VColor@Hmx@@@stlpmtx_std@@@stlpmtx_std@@QAA@XZ
1	1	DIFF_SIZE	DIFFERENT_FUNCTION	TB	bl	default/Voice	fn_82C42D68	?Initialize@CPartyLib@@AAAXXZ	??0CriticalSection@@QAA@XZ
1	1	DIFF_SIZE	DIFFERENT_FUNCTION	TB	bl	default/VorbisReader	??$__destroy_range_aux@V?$reverse_iterator@PAV?$vector@FV?$StlNodeAlloc@F@stlpmtx_std@@@stlpmtx_std@@@stlpmtx_std@@@stlpmtx_std@@YAXV?$reverse_iterator@PAV?$vector@FV?$StlNodeAlloc@F@stlpmtx_std@@@stlpmtx_std@@@0@0ABU__false_type@0@@Z	??_GCommonPhraseCapturer@@QAAPAXI@Z	??_G?$vector@FV?$StlNodeAlloc@F@stlpmtx_std@@@stlpmtx_std@@QAAPAXI@Z
1	1	DIFF_SAMESIZE	REVIEW	TB	bl	default/VorbisReader	?DoSeek@VorbisReader@@AAA_NXZ	??$__destroy_range@PAV?$vector@GV?$StlNodeAlloc@G@stlpmtx_std@@@stlpmtx_std@@V12@@stlpmtx_std@@YAXPAV?$vector@GV?$StlNodeAlloc@G@stlpmtx_std@@@0@00@Z	?DoRawSeek@VorbisReader@@IAAXH@Z
1	1	DIFF_SIZE	DIFFERENT_FUNCTION	TB	bl	default/VorbisReader	fn_822B8ED4	??1Object@Hmx@@UAA@XZ	??1StreamReader@@UAA@XZ
1	1	DIFF_SIZE	DIFFERENT_FUNCTION	T-	bl	default/WaitingUserGate	??_GOpenWaitingGateMsg@?A0xe564e51a@@UAAPAXI@Z	??1NonDestructiveTransitionEvent@@UAA@XZ	??1OpenWaitingGateMsg@?A0x64cce081@@UAA@XZ
1	1	DIFF_SIZE	DIFFERENT_FUNCTION	TB	bl	default/WaitingUserGate	fn_825AEA28	??1StartLockMsg@@UAA@XZ	??1TransitionEvent@@UAA@XZ
1	1	DIFF_SIZE	DIFFERENT_FUNCTION	TB	bl	default/Waypoint	??$_Copy_Construct@UMatOverride@WorldDir@@@stlpmtx_std@@YAXPAUMatOverride@WorldDir@@ABU12@@Z	??0?$ObjPtr@VSeqInst@@@@QAA@ABV0@@Z	??0MatOverride@WorldDir@@QAA@ABU01@@Z
1	1	DIFF_SIZE	DIFFERENT_FUNCTION	TB	bl	default/Waypoint	??_GWaypoint@@UAAPAXI@Z	?MemFree@@YAXPAX@Z	??3Waypoint@@SAXPAX@Z
1	1	DIFF_SIZE	DIFFERENT_FUNCTION	TB	bl	default/Waypoint	?_M_fill_insert_aux@?$vector@V?$ObjOwnerPtr@VWaypoint@@@@V?$StlNodeAlloc@V?$ObjOwnerPtr@VWaypoint@@@@@stlpmtx_std@@@stlpmtx_std@@AAAXPAV?$ObjOwnerPtr@VWaypoint@@@@IABV3@ABU__false_type@2@@Z	??0?$ObjPtr@VSeqInst@@@@QAA@ABV0@@Z	??0?$ObjOwnerPtr@VWaypoint@@@@QAA@ABV0@@Z
1	1	DIFF_SAMESIZE	DIFFERENT_FUNCTION	TB	bl	default/Waypoint	fn_823DAA34	??1ObjRef@@QAA@XZ	??1SeqInst@@UAA@XZ
1	1	DIFF_SIZE	DIFFERENT_FUNCTION	TB	bl	default/Waypoint	fn_823DCC54	??1DataNode@@QAA@XZ	??1?$ObjOwnerPtr@VWaypoint@@@@UAA@XZ
1	1	DIFF_SIZE	DIFFERENT_FUNCTION	TB	bl	default/Wind	fn_8245D11C	??1ObjRef@@QAA@XZ	??1?$ObjRefConcrete@VRndWind@@VObjectDir@@@@UAA@XZ
1	1	DIFF_SIZE	DIFFERENT_FUNCTION	TB	bl	default/band3/bandtrack/Gem	??$?5V?$ObjPtr@VRndDir@@@@@@YAAAVBinStream@@AAV0@AAV?$ObjVector@V?$ObjPtr@VRndDir@@@@@@@Z	?Load@?$ObjRefConcrete@VRndTransformable@@VObjectDir@@@@QAA_NAAVBinStream@@_NPAVObjectDir@@@Z	?Load@?$ObjRefConcrete@VRndDir@@VObjectDir@@@@QAA_NAAVBinStream@@_NPAVObjectDir@@@Z
1	1	DIFF_SIZE	REVIEW	TB	bl	default/band3/bandtrack/Gem	??4?$vector@VMatSwap@OutfitConfig@@V?$StlNodeAlloc@VMatSwap@OutfitConfig@@@stlpmtx_std@@@stlpmtx_std@@QAAAAV01@ABV01@@Z	??$__uninitialized_copy@PAVTransformArea@@PAV1@@stlpmtx_std@@YAPAVTransformArea@@PAV1@00ABU__false_type@0@@Z	??$__uninitialized_copy@PBVMatSwap@OutfitConfig@@PAV12@@stlpmtx_std@@YAPAVMatSwap@OutfitConfig@@PBV12@0PAV12@ABU__false_type@0@@Z
1	1	DIFF_SIZE	REVIEW	TB	bl	default/band3/bandtrack/Gem	??4?$vector@VPiercing@OutfitConfig@@V?$StlNodeAlloc@VPiercing@OutfitConfig@@@stlpmtx_std@@@stlpmtx_std@@QAAAAV01@ABV01@@Z	??$__uninitialized_copy@PAUNavItem@HamNavProvider@@PAU12@@stlpmtx_std@@YAPAUNavItem@HamNavProvider@@PAU12@00ABU__false_type@0@@Z	??$__uninitialized_copy@PBVPiercing@OutfitConfig@@PAV12@@stlpmtx_std@@YAPAVPiercing@OutfitConfig@@PBV12@0PAV12@ABU__false_type@0@@Z
1	1	DIFF_SAMESIZE	DIFFERENT_FUNCTION	TB	bl	default/band3/bandtrack/Gem	?AddChordInstance@Gem@@QAAXVSymbol@@@Z	?LeftHandSlide@GameGem@@QBA_NXZ	?ShowChordNums@GameGem@@QBA_NXZ
1	1	DIFF_SIZE	DIFFERENT_FUNCTION	TB	bl	default/band3/bandtrack/Gem	?_M_fill_insert_aux@?$vector@VMeshAO@OutfitConfig@@V?$StlNodeAlloc@VMeshAO@OutfitConfig@@@stlpmtx_std@@@stlpmtx_std@@AAAXPAVMeshAO@OutfitConfig@@IABV34@ABU__false_type@2@@Z	??0Patch@BandCharDesc@@QAA@ABV01@@Z	??0MeshAO@OutfitConfig@@QAA@ABV01@@Z
1	1	DIFF_SIZE	REVIEW	TB	bl	default/band3/bandtrack/Gem	?_M_fill_insert_aux@?$vector@VOldColorOption@@V?$StlNodeAlloc@VOldColorOption@@@stlpmtx_std@@@stlpmtx_std@@AAAXPAVOldColorOption@@IABV3@ABU__false_type@2@@Z	??$__uninitialized_fill_n@PAULocalizedName@HamMove@@IU12@@stlpmtx_std@@YAPAULocalizedName@HamMove@@PAU12@IABU12@ABU__false_type@0@@Z	??$__uninitialized_fill_n@PAVOldColorOption@@IV1@@stlpmtx_std@@YAPAVOldColorOption@@PAV1@IABV1@ABU__false_type@0@@Z
1	1	DIFF_SIZE	REVIEW	TB	bl	default/band3/bandtrack/Gem	?_M_fill_insert_aux@?$vector@VPiercing@OutfitConfig@@V?$StlNodeAlloc@VPiercing@OutfitConfig@@@stlpmtx_std@@@stlpmtx_std@@AAAXPAVPiercing@OutfitConfig@@IABV34@ABU__false_type@2@@Z	??$__uninitialized_fill_n@PAUNavItem@HamNavProvider@@IU12@@stlpmtx_std@@YAPAUNavItem@HamNavProvider@@PAU12@IABU12@ABU__false_type@0@@Z	??$__uninitialized_fill_n@PAVPiercing@OutfitConfig@@IV12@@stlpmtx_std@@YAPAVPiercing@OutfitConfig@@PAV12@IABV12@ABU__false_type@0@@Z
1	1	DIFF_SIZE	DIFFERENT_FUNCTION	TB	bl	default/band3/bandtrack/Gem	fn_822A2258	??1?$_Vector_base@VFilePath@@V?$StlNodeAlloc@VFilePath@@@stlpmtx_std@@@stlpmtx_std@@QAA@XZ	??1?$_Vector_base@V?$ObjPtr@VRndTex@@@@V?$StlNodeAlloc@V?$ObjPtr@VRndTex@@@@@stlpmtx_std@@@stlpmtx_std@@QAA@XZ
1	1	DIFF_SIZE	DIFFERENT_FUNCTION	TB	bl	default/band3/bandtrack/Gem	fn_822A89F8	??1?$_Vector_base@VVert@RndMesh@@V?$StlNodeAlloc@VVert@RndMesh@@@stlpmtx_std@@@stlpmtx_std@@QAA@XZ	??1?$_Vector_base@VSeam@MeshAO@OutfitConfig@@V?$StlNodeAlloc@VSeam@MeshAO@OutfitConfig@@@stlpmtx_std@@@stlpmtx_std@@QAA@XZ
1	1	DIFF_SIZE	DIFFERENT_FUNCTION	TB	bl	default/band3/bandtrack/Gem	fn_822AAC20	??1ObjRef@@QAA@XZ	??1Piercing@OutfitConfig@@QAA@XZ
1	1	DIFF_SIZE	REVIEW	TB	bl	default/band3/bandtrack/Gem	fn_822AAC48	??$__destroy_mv_srcs@V?$reverse_iterator@PAV?$ObjVector@ULod@Character@@@@@stlpmtx_std@@V?$ObjVector@ULod@Character@@@@@stlpmtx_std@@YAXV?$reverse_iterator@PAV?$ObjVector@ULod@Character@@@@@0@0PAV?$ObjVector@ULod@Character@@@@@Z	??1?$ObjVector@VOldColorOption@@@@QAA@XZ
1	1	DIFF_SIZE	DIFFERENT_FUNCTION	TB	bl	default/band3/bandtrack/TrackPanel	fn_82B90150	??1Message@@UAA@XZ	??1?$_Vector_base@V?$map@HMU?$less@H@stlpmtx_std@@V?$StlNodeAlloc@U?$pair@$$CBHM@stlpmtx_std@@@2@@stlpmtx_std@@V?$StlNodeAlloc@V?$map@HMU?$less@H@stlpmtx_std@@V?$StlNodeAlloc@U?$pair@$$CBHM@stlpmtx_std@@@2@@stlpmtx_std@@@2@@stlpmtx_std@@QAA@XZ
1	1	DIFF_SIZE	DIFFERENT_FUNCTION	TB	bl	default/band3/bandtrack/TrackPanel	fn_82B93BAC	??1ObjRef@@QAA@XZ	??1?$ObjRefConcrete@VBandScoreboard@@VObjectDir@@@@UAA@XZ
1	1	DIFF_SIZE	DIFFERENT_FUNCTION	TB	bl	default/band3/game/Band	?RemoveUser@Band@@QAAXPAVBandUser@@@Z	?FinalRelease@CSpPhoneConverter@NUISPEECH@@QAAXXZ	?DeletePlayer@BandUser@@QAAXXZ
1	1	DIFF_SIZE	DIFFERENT_FUNCTION	TB	bl	default/band3/game/CommonPhraseCapturer	fn_826ECC8C	??1?$_Vector_base@VFilePath@@V?$StlNodeAlloc@VFilePath@@@stlpmtx_std@@@stlpmtx_std@@QAA@XZ	??1?$_String_base@DV?$allocator@D@stlpmtx_std@@@stlpmtx_std@@IAA@XZ
1	1	DIFF_SIZE	DIFFERENT_FUNCTION	-B	bl	default/band3/game/Game	??_GSetlistSubmissionMsg@@UAAPAXI@Z	??_GPlayerStatsMsg@@UAAPAXI@Z	??1SetlistSubmissionMsg@@UAA@XZ
1	1	DIFF_SIZE	DIFFERENT_FUNCTION	TB	bl	default/band3/game/Game	??_GTrainerChallenge@@UAAPAXI@Z	??1SortNode@@UAA@XZ	??1Object@Hmx@@UAA@XZ
1	1	DIFF_SIZE	DIFFERENT_FUNCTION	TB	bl	default/band3/game/Game	?NewObject@RGTrainerPanel@@SAPAVObject@Hmx@@XZ	??0TexMovie@@IAA@XZ	??0RGTrainerPanel@@QAA@XZ
1	1	DIFF_SIZE	REVIEW	TB	bl	default/band3/game/GemTrainerPanel	??0GemTrainerPanel@@QAA@XZ	??$__destroy_range_aux@V?$reverse_iterator@PAVGameGem@@@stlpmtx_std@@@stlpmtx_std@@YAXV?$reverse_iterator@PAVGameGem@@@0@0ABU__false_type@0@@Z	??0TrainerGemTab@@QAA@XZ
1	1	DIFF_SIZE	DIFFERENT_FUNCTION	TB	bl	default/band3/game/GemTrainerPanel	fn_826AC764	?push_back@?$vector@VColor@Hmx@@V?$StlNodeAlloc@VColor@Hmx@@@stlpmtx_std@@@stlpmtx_std@@QAAXABVColor@Hmx@@@Z	??1DataNode@@QAA@XZ
1	1	DIFF_SIZE	DIFFERENT_FUNCTION	TB	bl	default/band3/game/HitTracker	fn_826E3790	??0HitSink@@QAA@XZ	??1?$_String_base@DV?$allocator@D@stlpmtx_std@@@stlpmtx_std@@IAA@XZ
1	1	DIFF_SIZE	DIFFERENT_FUNCTION	TB	bl	default/band3/game/MultiplayerAnalyzer	fn_82688020	??1?$_Vector_base@VSfxMap@@V?$StlNodeAlloc@VSfxMap@@@stlpmtx_std@@@stlpmtx_std@@QAA@XZ	??1?$_Vector_base@VGemScore@MultiplayerAnalyzer@@V?$StlNodeAlloc@VGemScore@MultiplayerAnalyzer@@@stlpmtx_std@@@stlpmtx_std@@QAA@XZ
1	1	DIFF_SIZE	DIFFERENT_FUNCTION	TB	bl	default/band3/game/MultiplayerAnalyzer	fn_826CEE20	??1PlayerScoreInfo@@QAA@XZ	??1?$map@HMU?$less@H@stlpmtx_std@@V?$StlNodeAlloc@U?$pair@$$CBHM@stlpmtx_std@@@2@@stlpmtx_std@@QAA@XZ
1	1	DIFF_SIZE	REVIEW	TB	bl	default/band3/game/Player	?DisableOverdrivePhrases@Player@@QAAXXZ	??$__destroy_aux@VTrackData@SongDB@@@stlpmtx_std@@YAXPAVTrackData@SongDB@@ABU__false_type@0@@Z	?ClearTrackPhrases@SongDB@@QAAXH@Z
1	1	DIFF_SIZE	DIFFERENT_FUNCTION	TB	bl	default/band3/game/Player	fn_826A4510	??1DataNode@@QAA@XZ	??1PlayerGameplayMsg@@UAA@XZ
1	1	DIFF_SIZE	DIFFERENT_FUNCTION	TB	bl	default/band3/game/RGTrainerPanel	?Exit@RGTrainerPanel@@UAAXXZ	?XBMEndCapture@D3D@@YAXPAVCDevice@1@@Z	?Exit@GemTrainerPanel@@UAAXXZ
1	1	DIFF_SIZE	REVIEW	TB	bl	default/band3/game/Scoring	?_M_insert_overflow_aux@?$vector@VStreakList@Scoring@@V?$StlNodeAlloc@VStreakList@Scoring@@@stlpmtx_std@@@stlpmtx_std@@IAAXPAVStreakList@Scoring@@ABV34@ABU__false_type@2@I_N@Z	??$__uninitialized_fill_n@PAURecurseInfo@@IU1@@stlpmtx_std@@YAPAURecurseInfo@@PAU1@IABU1@ABU__false_type@0@@Z	??$__uninitialized_fill_n@PAVStreakList@Scoring@@IV12@@stlpmtx_std@@YAPAVStreakList@Scoring@@PAV12@IABV12@ABU__false_type@0@@Z
1	1	DIFF_SAMESIZE	DIFFERENT_FUNCTION	TB	bl	default/band3/game/Scoring	fn_826A192C	??1?$_Vector_base@VStreakList@Scoring@@V?$StlNodeAlloc@VStreakList@Scoring@@@stlpmtx_std@@@stlpmtx_std@@QAA@XZ	??1?$_Vector_base@VStreakItem@Scoring@@V?$StlNodeAlloc@VStreakItem@Scoring@@@stlpmtx_std@@@stlpmtx_std@@QAA@XZ
1	1	DIFF_SIZE	DIFFERENT_FUNCTION	TB	bl	default/band3/game/Scoring	fn_826A1DF4	??1StreakList@Scoring@@QAA@XZ	??1?$map@HMU?$less@H@stlpmtx_std@@V?$StlNodeAlloc@U?$pair@$$CBHM@stlpmtx_std@@@2@@stlpmtx_std@@QAA@XZ
1	1	DIFF_SIZE	REVIEW	TB	bl	default/band3/game/Singer	?_M_insert_overflow_aux@?$vector@VVocalScoreHistory@@V?$StlNodeAlloc@VVocalScoreHistory@@@stlpmtx_std@@@stlpmtx_std@@IAAXPAVVocalScoreHistory@@ABV3@ABU__false_type@2@I_N@Z	??$__uninitialized_fill_n@PAV?$vector@VVector3@@V?$StlNodeAlloc@VVector3@@@stlpmtx_std@@@stlpmtx_std@@IV12@@stlpmtx_std@@YAPAV?$vector@VVector3@@V?$StlNodeAlloc@VVector3@@@stlpmtx_std@@@0@PAV10@IABV10@ABU__false_type@0@@Z	??$__uninitialized_fill_n@PAVVocalScoreHistory@@IV1@@stlpmtx_std@@YAPAVVocalScoreHistory@@PAV1@IABV1@ABU__false_type@0@@Z
1	1	DIFF_SIZE	DIFFERENT_FUNCTION	TB	bl	default/band3/game/Stats	fn_82698598	??1?$_Vector_base@VTrackerPlayerDisplay@@V?$StlNodeAlloc@VTrackerPlayerDisplay@@@stlpmtx_std@@@stlpmtx_std@@QAA@XZ	??1String@@UAA@XZ
1	1	DIFF_SIZE	DIFFERENT_FUNCTION	TB	bl	default/band3/game/Stats	fn_82699BB4	??1?$_Vector_base@VTrackerPlayerDisplay@@V?$StlNodeAlloc@VTrackerPlayerDisplay@@@stlpmtx_std@@@stlpmtx_std@@QAA@XZ	??1BinStreamRev@@UAA@XZ
1	1	DIFF_SIZE	DIFFERENT_FUNCTION	TB	bl	default/band3/game/Tracker	?resize@?$vector@VTrackerPlayerDisplay@@V?$StlNodeAlloc@VTrackerPlayerDisplay@@@stlpmtx_std@@@stlpmtx_std@@QAAXIABVTrackerPlayerDisplay@@@Z	?_M_erase@?$vector@VDeltaArray@BandFaceDeform@@V?$StlNodeAlloc@VDeltaArray@BandFaceDeform@@@stlpmtx_std@@@stlpmtx_std@@IAAPAVDeltaArray@BandFaceDeform@@PAV34@0ABU__false_type@2@@Z	?_M_erase@?$vector@VTrackerPlayerDisplay@@V?$StlNodeAlloc@VTrackerPlayerDisplay@@@stlpmtx_std@@@stlpmtx_std@@IAAPAVTrackerPlayerDisplay@@PAV3@0ABU__false_type@2@@Z
1	1	DIFF_SIZE	DIFFERENT_FUNCTION	TB	bl	default/band3/game/TrainerGemTab	?Draw@TrainerGemTab@@QAAXH@Z	?_M_erase@?$vector@VPoint@RndLine@@V?$StlNodeAlloc@VPoint@RndLine@@@stlpmtx_std@@@stlpmtx_std@@IAAPAVPoint@RndLine@@PAV34@0ABU__false_type@2@@Z	?_M_erase@?$vector@VExtraTail@TrainerGemTab@@V?$StlNodeAlloc@VExtraTail@TrainerGemTab@@@stlpmtx_std@@@stlpmtx_std@@IAAPAVExtraTail@TrainerGemTab@@PAV34@0ABU__false_type@2@@Z
1	1	DIFF_SIZE	DIFFERENT_FUNCTION	TB	bl	default/band3/game/TrainerPanel	?OnIsSpeechSupportable@SpeechMgr@@QBA_NXZ	?_M_erase@?$vector@V?$Key@VTransform@@@@V?$StlNodeAlloc@V?$Key@VTransform@@@@@stlpmtx_std@@@stlpmtx_std@@IAAPAV?$Key@VTransform@@@@PAV3@0ABU__false_type@2@@Z	?IsSpeechSupportable@SpeechMgr@@ABA_NAAW4_NUI_SPEECH_LANGUAGE@@@Z
1	1	DIFF_SIZE	DIFFERENT_FUNCTION	TB	bl	default/band3/game/TrainerPanel	fn_826CBB84	??1DataPoint@@QAA@XZ	??1FilePath@@UAA@XZ
1	1	DIFF_SIZE	DIFFERENT_FUNCTION	TB	bl	default/band3/game/TrainerPanel	fn_826CCD84	??1LoaderGlitchContext@@QAA@XZ	??1DataPoint@@QAA@XZ
1	1	DIFF_SIZE	DIFFERENT_FUNCTION	TB	bl	default/band3/game/UISyncNetMsgs	fn_8269F9C4	??1Message@@UAA@XZ	??1NetMessage@@UAA@XZ
1	1	DIFF_SIZE	DIFFERENT_FUNCTION	TB	bl	default/band3/game/VocalTrainerPanel	??0VocalNote@@QAA@ABV0@@Z	??4String@@QAAAAV0@ABV0@@Z	??0String@@QAA@ABV0@@Z
1	1	DIFF_SIZE	DIFFERENT_FUNCTION	TB	bl	default/band3/game/VocalTrainerPanel	??4VocalNote@@QAAAAV0@ABV0@@Z	??0String@@QAA@ABV0@@Z	??4String@@QAAAAV0@ABV0@@Z
1	1	DIFF_SIZE	DIFFERENT_FUNCTION	TB	bl	default/band3/meta_band/AccomplishmentManager	??_G?$list@VSymbol@@V?$StlNodeAlloc@VSymbol@@@stlpmtx_std@@@stlpmtx_std@@QAAPAXI@Z	??1AccomplishmentManager@@UAA@XZ	?clear@?$_List_base@VSymbol@@V?$StlNodeAlloc@VSymbol@@@stlpmtx_std@@@stlpmtx_std@@QAAXXZ
1	1	DIFF_SIZE	DIFFERENT_FUNCTION	TB	bl	default/band3/meta_band/AccomplishmentManager	fn_8255CAB4	??1?$_Temporary_buffer@PAVSymbol@@V1@@stlpmtx_std@@QAA@XZ	??1?$vector@PAVLocalBandUser@@V?$StlNodeAlloc@PAVLocalBandUser@@@stlpmtx_std@@@stlpmtx_std@@QAA@XZ
1	1	DIFF_SIZE	DIFFERENT_FUNCTION	TB	bl	default/band3/meta_band/AccomplishmentManager	fn_8255D628	??1Object@Hmx@@UAA@XZ	??1?$_Vector_base@V?$set@VSymbol@@U?$less@VSymbol@@@stlpmtx_std@@V?$StlNodeAlloc@VSymbol@@@3@@stlpmtx_std@@V?$StlNodeAlloc@V?$set@VSymbol@@U?$less@VSymbol@@@stlpmtx_std@@V?$StlNodeAlloc@VSymbol@@@3@@stlpmtx_std@@@2@@stlpmtx_std@@QAA@XZ
1	1	DIFF_SIZE	DIFFERENT_FUNCTION	TB	bl	default/band3/meta_band/AccomplishmentTrainerConditional	fn_825E812C	??1AccomplishmentTrainerConditional@@UAA@XZ	??1Accomplishment@@UAA@XZ
1	1	DIFF_SIZE	DIFFERENT_FUNCTION	TB	bl	default/band3/meta_band/BandProfile	?SaveSize@BandProfile@@SAHH@Z	?GetType@AccomplishmentOneShot@@UBA?AW4AccomplishmentType@@XZ	?SaveSize@GameplayOptions@@SAHH@Z
1	1	DIFF_SIZE	DIFFERENT_FUNCTION	TB	bl	default/band3/meta_band/CampaignGoalsLeaderboardPanel	fn_825F12F8	??0Callback@Leaderboard@@QAA@XZ	??1?$_Vector_base@V?$map@HMU?$less@H@stlpmtx_std@@V?$StlNodeAlloc@U?$pair@$$CBHM@stlpmtx_std@@@2@@stlpmtx_std@@V?$StlNodeAlloc@V?$map@HMU?$less@H@stlpmtx_std@@V?$StlNodeAlloc@U?$pair@$$CBHM@stlpmtx_std@@@2@@stlpmtx_std@@@2@@stlpmtx_std@@QAA@XZ
1	1	DIFF_SIZE	DIFFERENT_FUNCTION	TB	bl	default/band3/meta_band/ContentLoadingPanel	??_GContentLoadingPanel@@UAAPAXI@Z	??1CreditsPanel@@EAA@XZ	??1ContentLoadingPanel@@UAA@XZ
1	1	DIFF_SIZE	DIFFERENT_FUNCTION	TB	bl	default/band3/meta_band/InterstitialMgr	??0?$hashtable@U?$pair@$$CBVSymbol@@PAVDataArray@@@stlpmtx_std@@VSymbol@@U?$hash@VSymbol@@@2@U?$_HashMapTraitsT@U?$pair@$$CBVSymbol@@PAVDataArray@@@stlpmtx_std@@@priv@2@U?$_Select1st@U?$pair@$$CBVSymbol@@PAVDataArray@@@stlpmtx_std@@@2@U?$equal_to@VSymbol@@@2@V?$StlNodeAlloc@U?$pair@$$CBVSymbol@@PAVDataArray@@@stlpmtx_std@@@2@@stlpmtx_std@@QAA@ABV01@@Z	?_M_initialize_buckets@?$hashtable@U?$pair@$$CBVSymbol@@PAVAsset@@@stlpmtx_std@@VSymbol@@U?$hash@VSymbol@@@2@U?$_HashMapTraitsT@U?$pair@$$CBVSymbol@@PAVAsset@@@stlpmtx_std@@@priv@2@U?$_Select1st@U?$pair@$$CBVSymbol@@PAVAsset@@@stlpmtx_std@@@2@U?$equal_to@VSymbol@@@2@V?$StlNodeAlloc@U?$pair@$$CBVSymbol@@PAVAsset@@@stlpmtx_std@@@2@@stlpmtx_std@@AAAXI@Z	?_M_copy_from@?$hashtable@U?$pair@$$CBVSymbol@@PAVDataArray@@@stlpmtx_std@@VSymbol@@U?$hash@VSymbol@@@2@U?$_HashMapTraitsT@U?$pair@$$CBVSymbol@@PAVDataArray@@@stlpmtx_std@@@priv@2@U?$_Select1st@U?$pair@$$CBVSymbol@@PAVDataArray@@@stlpmtx_std@@@2@U?$equal_to@VSymbol@@@2@V?$StlNodeAlloc@U?$pair@$$CBVSymbol@@PAVDataArray@@@stlpmtx_std@@@2@@stlpmtx_std@@AAAXABV12@@Z
1	1	DIFF_SIZE	DIFFERENT_FUNCTION	TB	bl	default/band3/meta_band/InterstitialMgr	??0?$hashtable@U?$pair@$$CBVSymbol@@PAVDataArray@@@stlpmtx_std@@VSymbol@@U?$hash@VSymbol@@@2@U?$_HashMapTraitsT@U?$pair@$$CBVSymbol@@PAVDataArray@@@stlpmtx_std@@@priv@2@U?$_Select1st@U?$pair@$$CBVSymbol@@PAVDataArray@@@stlpmtx_std@@@2@U?$equal_to@VSymbol@@@2@V?$StlNodeAlloc@U?$pair@$$CBVSymbol@@PAVDataArray@@@stlpmtx_std@@@2@@stlpmtx_std@@QAA@IABU?$hash@VSymbol@@@1@ABU?$equal_to@VSymbol@@@1@ABV?$StlNodeAlloc@U?$pair@$$CBVSymbol@@PAVDataArray@@@stlpmtx_std@@@1@@Z	?_M_copy_from@?$hashtable@U?$pair@$$CBVSymbol@@PAVDataArray@@@stlpmtx_std@@VSymbol@@U?$hash@VSymbol@@@2@U?$_HashMapTraitsT@U?$pair@$$CBVSymbol@@PAVDataArray@@@stlpmtx_std@@@priv@2@U?$_Select1st@U?$pair@$$CBVSymbol@@PAVDataArray@@@stlpmtx_std@@@2@U?$equal_to@VSymbol@@@2@V?$StlNodeAlloc@U?$pair@$$CBVSymbol@@PAVDataArray@@@stlpmtx_std@@@2@@stlpmtx_std@@AAAXABV12@@Z	?_M_initialize_buckets@?$hashtable@U?$pair@$$CBVSymbol@@PAVDataArray@@@stlpmtx_std@@VSymbol@@U?$hash@VSymbol@@@2@U?$_HashMapTraitsT@U?$pair@$$CBVSymbol@@PAVDataArray@@@stlpmtx_std@@@priv@2@U?$_Select1st@U?$pair@$$CBVSymbol@@PAVDataArray@@@stlpmtx_std@@@2@U?$equal_to@VSymbol@@@2@V?$StlNodeAlloc@U?$pair@$$CBVSymbol@@PAVDataArray@@@stlpmtx_std@@@2@@stlpmtx_std@@AAAXI@Z
1	1	DIFF_SAMESIZE	DIFFERENT_FUNCTION	TB	bl	default/band3/meta_band/InterstitialMgr	?insert_after@?$slist@U?$pair@$$CBVSymbol@@PAVDataArray@@@stlpmtx_std@@V?$StlNodeAlloc@U?$pair@$$CBVSymbol@@PAVDataArray@@@stlpmtx_std@@@2@@stlpmtx_std@@QAA?AV?$_Slist_iterator@U?$pair@$$CBVSymbol@@PAVDataArray@@@stlpmtx_std@@U?$_Nonconst_traits@U?$pair@$$CBVSymbol@@PAVDataArray@@@stlpmtx_std@@@2@@priv@2@V342@ABU?$pair@$$CBVSymbol@@PAVDataArray@@@2@@Z	?_M_create_node@?$slist@U?$pair@$$CBVSymbol@@V?$hash_map@VSymbol@@PAVDataArray@@U?$hash@VSymbol@@@stlpmtx_std@@U?$equal_to@VSymbol@@@4@V?$StlNodeAlloc@U?$pair@$$CBVSymbol@@PAVDataArray@@@stlpmtx_std@@@4@@stlpmtx_std@@@stlpmtx_std@@V?$StlNodeAlloc@U?$pair@$$CBVSymbol@@V?$hash_map@VSymbol@@PAVDataArray@@U?$hash@VSymbol@@@stlpmtx_std@@U?$equal_to@VSymbol@@@4@V?$StlNodeAlloc@U?$pair@$$CBVSymbol@@PAVDataArray@@@stlpmtx_std@@@4@@stlpmtx_std@@@stlpmtx_std@@@2@@stlpmtx_std@@AAAPAV?$_Slist_node@U?$pair@$$CBVSymbol@@V?$hash_map@VSymbol@@PAVDataArray@@U?$hash@VSymbol@@@stlpmtx_std@@U?$equal_to@VSymbol@@@4@V?$StlNodeAlloc@U?$pair@$$CBVSymbol@@PAVDataArray@@@stlpmtx_std@@@4@@stlpmtx_std@@@stlpmtx_std@@@priv@2@ABU?$pair@$$CBVSymbol@@V?$hash_map@VSymbol@@PAVDataArray@@U?$hash@VSymbol@@@stlpmtx_std@@U?$equal_to@VSymbol@@@4@V?$StlNodeAlloc@U?$pair@$$CBVSymbol@@PAVDataArray@@@stlpmtx_std@@@4@@stlpmtx_std@@@2@@Z	?_M_create_node@?$slist@U?$pair@$$CBVSymbol@@PAVDataArray@@@stlpmtx_std@@V?$StlNodeAlloc@U?$pair@$$CBVSymbol@@PAVDataArray@@@stlpmtx_std@@@2@@stlpmtx_std@@AAAPAV?$_Slist_node@U?$pair@$$CBVSymbol@@PAVDataArray@@@stlpmtx_std@@@priv@2@ABU?$pair@$$CBVSymbol@@PAVDataArray@@@2@@Z
1	1	DIFF_SIZE	DIFFERENT_FUNCTION	TB	bl	default/band3/meta_band/InterstitialMgr	?resize@?$hashtable@U?$pair@$$CBVSymbol@@PAVDataArray@@@stlpmtx_std@@VSymbol@@U?$hash@VSymbol@@@2@U?$_HashMapTraitsT@U?$pair@$$CBVSymbol@@PAVDataArray@@@stlpmtx_std@@@priv@2@U?$_Select1st@U?$pair@$$CBVSymbol@@PAVDataArray@@@stlpmtx_std@@@2@U?$equal_to@VSymbol@@@2@V?$StlNodeAlloc@U?$pair@$$CBVSymbol@@PAVDataArray@@@stlpmtx_std@@@2@@stlpmtx_std@@QAAXI@Z	?_M_rehash@?$hashtable@U?$pair@$$CBVSymbol@@V?$hash_map@VSymbol@@PAVDataArray@@U?$hash@VSymbol@@@stlpmtx_std@@U?$equal_to@VSymbol@@@4@V?$StlNodeAlloc@U?$pair@$$CBVSymbol@@PAVDataArray@@@stlpmtx_std@@@4@@stlpmtx_std@@@stlpmtx_std@@VSymbol@@U?$hash@VSymbol@@@2@U?$_HashMapTraitsT@U?$pair@$$CBVSymbol@@V?$hash_map@VSymbol@@PAVDataArray@@U?$hash@VSymbol@@@stlpmtx_std@@U?$equal_to@VSymbol@@@4@V?$StlNodeAlloc@U?$pair@$$CBVSymbol@@PAVDataArray@@@stlpmtx_std@@@4@@stlpmtx_std@@@stlpmtx_std@@@priv@2@U?$_Select1st@U?$pair@$$CBVSymbol@@V?$hash_map@VSymbol@@PAVDataArray@@U?$hash@VSymbol@@@stlpmtx_std@@U?$equal_to@VSymbol@@@4@V?$StlNodeAlloc@U?$pair@$$CBVSymbol@@PAVDataArray@@@stlpmtx_std@@@4@@stlpmtx_std@@@stlpmtx_std@@@2@U?$equal_to@VSymbol@@@2@V?$StlNodeAlloc@U?$pair@$$CBVSymbol@@V?$hash_map@VSymbol@@PAVDataArray@@U?$hash@VSymbol@@@stlpmtx_std@@U?$equal_to@VSymbol@@@4@V?$StlNodeAlloc@U?$pair@$$CBVSymbol@@PAVDataArray@@@stlpmtx_std@@@4@@stlpmtx_std@@@stlpmtx_std@@@2@@stlpmtx_std@@AAAXI@Z	?_M_rehash@?$hashtable@U?$pair@$$CBVSymbol@@PAVDataArray@@@stlpmtx_std@@VSymbol@@U?$hash@VSymbol@@@2@U?$_HashMapTraitsT@U?$pair@$$CBVSymbol@@PAVDataArray@@@stlpmtx_std@@@priv@2@U?$_Select1st@U?$pair@$$CBVSymbol@@PAVDataArray@@@stlpmtx_std@@@2@U?$equal_to@VSymbol@@@2@V?$StlNodeAlloc@U?$pair@$$CBVSymbol@@PAVDataArray@@@stlpmtx_std@@@2@@stlpmtx_std@@AAAXI@Z
1	1	DIFF_SIZE	DIFFERENT_FUNCTION	TB	bl	default/band3/meta_band/InterstitialMgr	fn_825AF6C8	??1?$_Slist_base@U?$pair@$$CBVSymbol@@V?$hash_map@VSymbol@@PAVDataArray@@U?$hash@VSymbol@@@stlpmtx_std@@U?$equal_to@VSymbol@@@4@V?$StlNodeAlloc@U?$pair@$$CBVSymbol@@PAVDataArray@@@stlpmtx_std@@@4@@stlpmtx_std@@@stlpmtx_std@@V?$StlNodeAlloc@U?$pair@$$CBVSymbol@@V?$hash_map@VSymbol@@PAVDataArray@@U?$hash@VSymbol@@@stlpmtx_std@@U?$equal_to@VSymbol@@@4@V?$StlNodeAlloc@U?$pair@$$CBVSymbol@@PAVDataArray@@@stlpmtx_std@@@4@@stlpmtx_std@@@stlpmtx_std@@@2@@priv@stlpmtx_std@@QAA@XZ	??1?$slist@U?$pair@$$CBVSymbol@@PAVUIScreen@@@stlpmtx_std@@V?$StlNodeAlloc@U?$pair@$$CBVSymbol@@PAVUIScreen@@@stlpmtx_std@@@2@@stlpmtx_std@@QAA@XZ
1	1	DIFF_SIZE	DIFFERENT_FUNCTION	TB	bl	default/band3/meta_band/InterstitialMgr	fn_825B0324	??1Synchronizable@@UAA@XZ	??1?$_Vector_base@V?$map@HMU?$less@H@stlpmtx_std@@V?$StlNodeAlloc@U?$pair@$$CBHM@stlpmtx_std@@@2@@stlpmtx_std@@V?$StlNodeAlloc@V?$map@HMU?$less@H@stlpmtx_std@@V?$StlNodeAlloc@U?$pair@$$CBHM@stlpmtx_std@@@2@@stlpmtx_std@@@2@@stlpmtx_std@@QAA@XZ
1	1	DIFF_SIZE	DIFFERENT_FUNCTION	TB	bl	default/band3/meta_band/InterstitialMgr	fn_825B043C	??1Synchronizable@@UAA@XZ	??1?$_String_base@DV?$allocator@D@stlpmtx_std@@@stlpmtx_std@@IAA@XZ
1	1	DIFF_SIZE	DIFFERENT_FUNCTION	TB	bl	default/band3/meta_band/LicenseMgr	?insert_after@?$slist@U?$pair@$$CBVSymbol@@V?$vector@VSymbol@@V?$StlNodeAlloc@VSymbol@@@stlpmtx_std@@@stlpmtx_std@@@stlpmtx_std@@V?$StlNodeAlloc@U?$pair@$$CBVSymbol@@V?$vector@VSymbol@@V?$StlNodeAlloc@VSymbol@@@stlpmtx_std@@@stlpmtx_std@@@stlpmtx_std@@@2@@stlpmtx_std@@QAA?AV?$_Slist_iterator@U?$pair@$$CBVSymbol@@V?$vector@VSymbol@@V?$StlNodeAlloc@VSymbol@@@stlpmtx_std@@@stlpmtx_std@@@stlpmtx_std@@U?$_Nonconst_traits@U?$pair@$$CBVSymbol@@V?$vector@VSymbol@@V?$StlNodeAlloc@VSymbol@@@stlpmtx_std@@@stlpmtx_std@@@stlpmtx_std@@@2@@priv@2@V342@ABU?$pair@$$CBVSymbol@@V?$vector@VSymbol@@V?$StlNodeAlloc@VSymbol@@@stlpmtx_std@@@stlpmtx_std@@@2@@Z	?_M_create_node@?$slist@U?$pair@$$CBHPAVSongMetadata@@@stlpmtx_std@@V?$StlNodeAlloc@U?$pair@$$CBHPAVSongMetadata@@@stlpmtx_std@@@2@@stlpmtx_std@@AAAPAV?$_Slist_node@U?$pair@$$CBHPAVSongMetadata@@@stlpmtx_std@@@priv@2@ABU?$pair@$$CBHPAVSongMetadata@@@2@@Z	?_M_create_node@?$slist@U?$pair@$$CBVSymbol@@V?$vector@VSymbol@@V?$StlNodeAlloc@VSymbol@@@stlpmtx_std@@@stlpmtx_std@@@stlpmtx_std@@V?$StlNodeAlloc@U?$pair@$$CBVSymbol@@V?$vector@VSymbol@@V?$StlNodeAlloc@VSymbol@@@stlpmtx_std@@@stlpmtx_std@@@stlpmtx_std@@@2@@stlpmtx_std@@AAAPAV?$_Slist_node@U?$pair@$$CBVSymbol@@V?$vector@VSymbol@@V?$StlNodeAlloc@VSymbol@@@stlpmtx_std@@@stlpmtx_std@@@stlpmtx_std@@@priv@2@ABU?$pair@$$CBVSymbol@@V?$vector@VSymbol@@V?$StlNodeAlloc@VSymbol@@@stlpmtx_std@@@stlpmtx_std@@@2@@Z
1	1	DIFF_SIZE	REVIEW	TB	bl	default/band3/meta_band/LicenseMgr	fn_8264F428	??$_Destroy@V?$set@VSymbol@@U?$less@VSymbol@@@stlpmtx_std@@V?$StlNodeAlloc@VSymbol@@@3@@stlpmtx_std@@@stlpmtx_std@@YAXPAV?$set@VSymbol@@U?$less@VSymbol@@@stlpmtx_std@@V?$StlNodeAlloc@VSymbol@@@3@@0@@Z	??1?$slist@U?$pair@$$CBVSymbol@@V?$vector@VSymbol@@V?$StlNodeAlloc@VSymbol@@@stlpmtx_std@@@stlpmtx_std@@@stlpmtx_std@@V?$StlNodeAlloc@U?$pair@$$CBVSymbol@@V?$vector@VSymbol@@V?$StlNodeAlloc@VSymbol@@@stlpmtx_std@@@stlpmtx_std@@@stlpmtx_std@@@2@@stlpmtx_std@@QAA@XZ
1	1	DIFF_SIZE	DIFFERENT_FUNCTION	TB	bl	default/band3/meta_band/MetaNetMsgs	?Dispatch@RemoveLastSongFromSetlistMsg@@UAAXXZ	?ByteCode@RemoveLastSongFromSetlistMsg@@UBAEXZ	?RemoveLastSongFromSetlist@MusicLibrary@@QAAXXZ
1	1	DIFF_SIZE	DIFFERENT_FUNCTION	TB	bl	default/band3/meta_band/NetSync	fn_8259AA74	??1Object@Hmx@@UAA@XZ	??1StartLockMsg@@UAA@XZ
1	1	DIFF_SIZE	REVIEW	TB	bl	default/band3/meta_band/PrefabMgr	??$__final_insertion_sort@PAPAUEventEntry@@UMaxSort@@@stlpmtx_std@@YAXPAPAUEventEntry@@0UMaxSort@@@Z	??$__unguarded_linear_insert@PAPAVPrefabChar@@PAV1@USortPrefabByPortraitFileName@@@stlpmtx_std@@YAXPAPAVPrefabChar@@PAV1@USortPrefabByPortraitFileName@@@Z	??$__unguarded_linear_insert@PAPAUEventEntry@@PAU1@UMaxSort@@@stlpmtx_std@@YAXPAPAUEventEntry@@PAU1@UMaxSort@@@Z
1	1	DIFF_SAMESIZE	REVIEW	TB	bl	default/band3/meta_band/PrefabMgr	??$__insertion_sort@PAPAUEventEntry@@PAU1@UMaxSort@@@stlpmtx_std@@YAXPAPAUEventEntry@@00UMaxSort@@@Z	??$__linear_insert@PAPAVPrefabChar@@PAV1@USortPrefabByPortraitFileName@@@stlpmtx_std@@YAXPAPAVPrefabChar@@0PAV1@USortPrefabByPortraitFileName@@@Z	??$__linear_insert@PAPAUEventEntry@@PAU1@UMaxSort@@@stlpmtx_std@@YAXPAPAUEventEntry@@0PAU1@UMaxSort@@@Z
1	1	DIFF_SIZE	REVIEW	TB	bl	default/band3/meta_band/PrefabMgr	??$__introsort_loop@PAPAUEventEntry@@PAU1@HUMaxSort@@@stlpmtx_std@@YAXPAPAUEventEntry@@00HUMaxSort@@@Z	??$__median@PAVPrefabChar@@USortPrefabByPortraitFileName@@@stlpmtx_std@@YAABQAVPrefabChar@@ABQAV1@00USortPrefabByPortraitFileName@@@Z	??$__median@PAUEventEntry@@UMaxSort@@@stlpmtx_std@@YAABQAUEventEntry@@ABQAU1@00UMaxSort@@@Z
1	1	DIFF_SAMESIZE	REVIEW	TB	bl	default/band3/meta_band/PrefabMgr	??$__introsort_loop@PAPAUEventEntry@@PAU1@HUMaxSort@@@stlpmtx_std@@YAXPAPAUEventEntry@@00HUMaxSort@@@Z	??$__partial_sort@PAPAVPrefabChar@@PAV1@USortPrefabByPortraitFileName@@@stlpmtx_std@@YAXPAPAVPrefabChar@@000USortPrefabByPortraitFileName@@@Z	??$__partial_sort@PAPAUEventEntry@@PAU1@UMaxSort@@@stlpmtx_std@@YAXPAPAUEventEntry@@000UMaxSort@@@Z
1	1	DIFF_SIZE	REVIEW	TB	bl	default/band3/meta_band/PrefabMgr	??$__introsort_loop@PAPAUEventEntry@@PAU1@HUMaxSort@@@stlpmtx_std@@YAXPAPAUEventEntry@@00HUMaxSort@@@Z	??$__unguarded_partition@PAPAVPrefabChar@@PAV1@USortPrefabByPortraitFileName@@@stlpmtx_std@@YAPAPAVPrefabChar@@PAPAV1@0PAV1@USortPrefabByPortraitFileName@@@Z	??$__unguarded_partition@PAPAUEventEntry@@PAU1@UMaxSort@@@stlpmtx_std@@YAPAPAUEventEntry@@PAPAU1@0PAU1@UMaxSort@@@Z
1	1	DIFF_SIZE	REVIEW	TB	bl	default/band3/meta_band/PrefabMgr	??$sort@PAPAUObjEntry@@UObjSort@@@stlpmtx_std@@YAXPAPAUObjEntry@@0UObjSort@@@Z	??$__final_insertion_sort@PAPAUEventEntry@@UMaxSort@@@stlpmtx_std@@YAXPAPAUEventEntry@@0UMaxSort@@@Z	??$__final_insertion_sort@PAPAUObjEntry@@UObjSort@@@stlpmtx_std@@YAXPAPAUObjEntry@@0UObjSort@@@Z
1	1	DIFF_SIZE	DIFFERENT_FUNCTION	TB	bl	default/band3/meta_band/PrefabMgr	fn_82555654	??1Object@Hmx@@UAA@XZ	??1?$_List_base@VPlane@@V?$StlNodeAlloc@VPlane@@@stlpmtx_std@@@stlpmtx_std@@QAA@XZ
1	1	DIFF_SIZE	DIFFERENT_FUNCTION	TB	bl	default/band3/meta_band/SaveLoadManager	fn_82553270	??1Message@@UAA@XZ	??1BufStream@@UAA@XZ
1	1	DIFF_SIZE	DIFFERENT_FUNCTION	TB	bl	default/band3/meta_band/SaveLoadManager	fn_82553428	??1DataNode@@QAA@XZ	??1FixedSizeSaveableStream@@UAA@XZ
1	1	DIFF_SIZE	DIFFERENT_FUNCTION	TB	bl	default/band3/meta_band/SongSort	??_G?$ObjPtr@VBandScoreboard@@@@UAAPAXI@Z	??1FunctionSortNode@@UAA@XZ	??1?$ObjRefConcrete@VBandScoreboard@@VObjectDir@@@@UAA@XZ
1	1	DIFF_SAMESIZE	DIFFERENT_FUNCTION	TB	bl	default/band3/meta_band/SongSort	fn_825BFE00	??1LeafSortNode@@UAA@XZ	??1ObjRefOwner@@UAA@XZ
1	1	DIFF_SIZE	DIFFERENT_FUNCTION	TB	bl	default/band3/meta_band/StoreMainPanel	?push_back@?$vector@VNewReleaseEntry@StoreMainPanel@@V?$StlNodeAlloc@VNewReleaseEntry@StoreMainPanel@@@stlpmtx_std@@@stlpmtx_std@@QAAXABVNewReleaseEntry@StoreMainPanel@@@Z	?_M_insert_overflow_aux@?$vector@UPoint@CharHair@@V?$StlNodeAlloc@UPoint@CharHair@@@stlpmtx_std@@@stlpmtx_std@@IAAXPAUPoint@CharHair@@ABU34@ABU__false_type@2@I_N@Z	?_M_insert_overflow_aux@?$vector@VNewReleaseEntry@StoreMainPanel@@V?$StlNodeAlloc@VNewReleaseEntry@StoreMainPanel@@@stlpmtx_std@@@stlpmtx_std@@IAAXPAVNewReleaseEntry@StoreMainPanel@@ABV34@ABU__false_type@2@I_N@Z
1	1	DIFF_SIZE	DIFFERENT_FUNCTION	TB	bl	default/band3/meta_band/StoreMenuPanel	?OnBack@StoreMenuPanel@@QAA?AVDataNode@@PBVDataArray@@@Z	?FindFrameWithLeadIn@@YAMXZ	?GetIndexFile@BandStorePanel@@QBAPBDXZ
1	1	DIFF_SIZE	DIFFERENT_FUNCTION	TB	bl	default/band3/meta_band/TokenRedemptionPanel	fn_82641534	??1UIListProvider@@UAA@XZ	??1?$_Vector_base@VString@@V?$StlNodeAlloc@VString@@@stlpmtx_std@@@stlpmtx_std@@QAA@XZ
1	1	DIFF_SIZE	DIFFERENT_FUNCTION	TB	bl	default/band3/meta_band/ViewSetting	fn_825D62F0	??1UIListProvider@@UAA@XZ	??1Object@Hmx@@UAA@XZ
1	1	DIFF_SIZE	DIFFERENT_FUNCTION	TB	bl	default/band3/meta_band/VoiceoverPanel	?FadeOutVoiceover@VoiceoverPanel@@QAAXXZ	?FadeOut@MoggClip@@QAAXM@Z	?FadeOut@BinkClip@@QAAXM@Z
1	1	DIFF_SIZE	DIFFERENT_FUNCTION	TB	bl	default/band3/tour/GigFilter	??_G?$set@VSymbol@@U?$less@VSymbol@@@stlpmtx_std@@V?$StlNodeAlloc@VSymbol@@@3@@stlpmtx_std@@QAAPAXI@Z	??1QuestJournal@@UAA@XZ	?clear@?$_Rb_tree@VSymbol@@U?$less@VSymbol@@@stlpmtx_std@@V1@U?$_Identity@VSymbol@@@3@U?$_SetTraitsT@VSymbol@@@priv@3@V?$StlNodeAlloc@VSymbol@@@3@@stlpmtx_std@@QAAXXZ
1	1	DIFF_SIZE	DIFFERENT_FUNCTION	TB	bl	default/band3/tour/TourPerformerLocal	?InqSongsInFilterData@TourPerformerLocal@@QAA_NVSymbol@@AAV?$hash_map@VSymbol@@HU?$hash@VSymbol@@@stlpmtx_std@@U?$equal_to@VSymbol@@@3@V?$StlNodeAlloc@U?$pair@$$CBVSymbol@@H@stlpmtx_std@@@3@@stlpmtx_std@@1@Z	?IsDirtySave@TourSavable@@UBA_NXZ	?IsInternal@GigFilter@@QBA_NXZ
1	1	DIFF_SIZE	DIFFERENT_FUNCTION	TB	bl	default/band3/tour/TourPerformerLocal	fn_82367D34	??1DataNode@@QAA@XZ	??1?$vector@VSymbol@@V?$StlNodeAlloc@VSymbol@@@stlpmtx_std@@@stlpmtx_std@@QAA@XZ
1	1	DIFF_SIZE	DIFFERENT_FUNCTION	TB	bl	default/network/net/NetSession	?OnCreateSessionJobComplete@NetSession@@QAAX_N@Z	??0ProcessedJoinRequestMsg@@QAA@_N@Z	??0SessionReadyMsg@@QAA@H@Z
1	1	DIFF_SIZE	DIFFERENT_FUNCTION	TB	bl	default/network/net/NetSession	?OnMsg@NetSession@@QAA_NABVAddUserResponseMsg@@@Z	??0SpeechEnableMsg@@QAA@_N@Z	??0AddUserResultMsg@@QAA@H@Z
1	1	DIFF_SIZE	DIFFERENT_FUNCTION	TB	bl	default/network/net/NetSession	?RegisterOnline@NetSession@@QAAXXZ	??2CriticalSection@@SAPAXI@Z	??2Job@@SAPAXI@Z
1	1	DIFF_SIZE	DIFFERENT_FUNCTION	TB	bl	default/network/net/NetSession	fn_823E05EC	??1DataNode@@QAA@XZ	??1BeginArbitrationMsg@@UAA@XZ
1	1	DIFF_SIZE	DIFFERENT_FUNCTION	TB	bl	default/network/net/NetSession	fn_823E0614	??1DataNode@@QAA@XZ	??1MemStream@@UAA@XZ
1	1	DIFF_SIZE	DIFFERENT_FUNCTION	TB	bl	default/network/net/NetSession	fn_823E2AC0	??1BinStream@@UAA@XZ	??1SessionMsg@@UAA@XZ
1	1	DIFF_SIZE	DIFFERENT_FUNCTION	TB	bl	default/network/net/NetSession	fn_823E4130	??1MemStream@@UAA@XZ	??1RemoteUserLeftMsg@@UAA@XZ
1	1	DIFF_SIZE	DIFFERENT_FUNCTION	TB	bl	default/network/net/NetSession	fn_823E4EFC	??1Message@@UAA@XZ	??1UpdateUserDataMsg@@UAA@XZ
1	1	DIFF_SIZE	DIFFERENT_FUNCTION	TB	bl	default/network/net/NetSession	fn_823E5298	??1Message@@UAA@XZ	??1?$vector@PAVLocalUser@@V?$StlNodeAlloc@PAVLocalUser@@@stlpmtx_std@@@stlpmtx_std@@QAA@XZ
1	1	DIFF_SIZE	DIFFERENT_FUNCTION	TB	bl	default/network/net/NetSession	fn_823E53DC	??1NetMessage@@UAA@XZ	??1RemoteUserUpdatedMsg@@UAA@XZ
1	1	DIFF_SIZE	DIFFERENT_FUNCTION	TB	bl	default/network/net/NetSession	fn_823E58F8	??1Message@@UAA@XZ	??1BeginArbitrationMsg@@UAA@XZ
1	1	DIFF_SIZE	DIFFERENT_FUNCTION	TB	bl	default/network/net/NetSession	fn_823E771C	??1Message@@UAA@XZ	??1SyncUserMsg@@UAA@XZ
1	1	DIFF_SIZE	DIFFERENT_FUNCTION	TB	bl	default/network/net/NetSession	fn_823E80E4	??1DataNode@@QAA@XZ	??1?$vector@PAVRemoteUser@@V?$StlNodeAlloc@PAVRemoteUser@@@stlpmtx_std@@@stlpmtx_std@@QAA@XZ
1	1	DIFF_SAMESIZE	DIFFERENT_FUNCTION	TB	bl	default/network/net/NetSession	fn_823E87D4	??1?$_Vector_base@VStreakList@Scoring@@V?$StlNodeAlloc@VStreakList@Scoring@@@stlpmtx_std@@@stlpmtx_std@@QAA@XZ	??1?$basic_string@DV?$char_traits@D@stlpmtx_std@@V?$allocator@D@2@@stlpmtx_std@@QAA@XZ
1	1	DIFF_SIZE	DIFFERENT_FUNCTION	TB	bl	default/rtti	??0NgFur@@IAA@XZ	??0bad_cast@std@@QAA@PBD@Z	??0RndFur@@IAA@XZ
1	1	DIFF_SIZE	DIFFERENT_FUNCTION	TB	bl	default/rtti	??0bad_cast@std@@QAA@PBD@Z	??4exception@std@@QAAAAV01@ABV01@@Z	?_Copy_str@exception@std@@AAAXPBD@Z
1	1	DIFF_SIZE	DIFFERENT_FUNCTION	TB	bl	default/system/bandobj/BandButton	??_GBandButton@@UAAPAXI@Z	?MemFree@@YAXPAX@Z	??3BandButton@@SAXPAX@Z
1	1	DIFF_SIZE	DIFFERENT_FUNCTION	TB	bl	default/system/bandobj/BandButton	fn_82344FD0	??1ObjRef@@QAA@XZ	??1?$ObjPtr@VRndMesh@@@@UAA@XZ
1	1	DIFF_SIZE	DIFFERENT_FUNCTION	TB	bl	default/system/bandobj/BandFaceDeform	??_GBandFaceDeform@@UAAPAXI@Z	?MemFree@@YAXPAX@Z	??3BandFaceDeform@@SAXPAX@Z
1	1	DIFF_SIZE	REVIEW	TB	bl	default/system/bandobj/BandHeadShaper	?AddChildBones@BandHeadShaper@@QAAXPAVRndTransformable@@@Z	??$__find@PAVSymbol@@V1@@stlpmtx_std@@YAPAVSymbol@@PAV1@0ABV1@ABUrandom_access_iterator_tag@0@@Z	??$__find@PAPAVRndTransformable@@PAV1@@stlpmtx_std@@YAPAPAVRndTransformable@@PAPAV1@0ABQAV1@ABUrandom_access_iterator_tag@0@@Z
1	1	DIFF_SIZE	DIFFERENT_FUNCTION	TB	bl	default/system/bandobj/BandTrack	??_GBandTrack@@UAAPAXI@Z	?MemFree@@YAXPAX@Z	??3BandTrack@@SAXPAX@Z
1	1	DIFF_SIZE	DIFFERENT_FUNCTION	TB	bl	default/system/beatmatch/PhraseAnalyzer	?push_back@?$vector@VPhraseData@PhraseAnalyzer@@V?$StlNodeAlloc@VPhraseData@PhraseAnalyzer@@@stlpmtx_std@@@stlpmtx_std@@QAAXABVPhraseData@PhraseAnalyzer@@@Z	?_M_insert_overflow_aux@?$vector@UChecksumData@@V?$StlNodeAlloc@UChecksumData@@@stlpmtx_std@@@stlpmtx_std@@IAAXPAUChecksumData@@ABU3@ABU__false_type@2@I_N@Z	?_M_insert_overflow_aux@?$vector@VPhraseData@PhraseAnalyzer@@V?$StlNodeAlloc@VPhraseData@PhraseAnalyzer@@@stlpmtx_std@@@stlpmtx_std@@IAAXPAVPhraseData@PhraseAnalyzer@@ABV34@ABU__false_type@2@I_N@Z
1	1	DIFF_SIZE	DIFFERENT_FUNCTION	TB	bl	default/system/beatmatch/PlayerTrackConfigList	?push_back@?$vector@VPlayerTrackConfig@@V?$StlNodeAlloc@VPlayerTrackConfig@@@stlpmtx_std@@@stlpmtx_std@@QAAXABVPlayerTrackConfig@@@Z	?_M_insert_overflow_aux@?$vector@VUpcomingFretRelease@GemPlayer@@V?$StlNodeAlloc@VUpcomingFretRelease@GemPlayer@@@stlpmtx_std@@@stlpmtx_std@@IAAXPAVUpcomingFretRelease@GemPlayer@@ABV34@ABU__false_type@2@I_N@Z	?_M_insert_overflow_aux@?$vector@VPlayerTrackConfig@@V?$StlNodeAlloc@VPlayerTrackConfig@@@stlpmtx_std@@@stlpmtx_std@@IAAXPAVPlayerTrackConfig@@ABV3@ABU__false_type@2@I_N@Z
1	1	DIFF_SIZE	DIFFERENT_FUNCTION	TB	bl	default/system/hamobj/MiniLeaderboardDisplay	??_GMiniLeaderboardDisplay@@UAAPAXI@Z	?MemFree@@YAXPAX@Z	??3MiniLeaderboardDisplay@@SAXPAX@Z
1	1	DIFF_SIZE	DIFFERENT_FUNCTION	TB	bl	default/system/obj/Dir	??$?5W4InlineDirType@@@BinStreamRev@@QAAAAV0@AAW4InlineDirType@@@Z	?StaticClassName@ObjectDir@@SA?AVSymbol@@XZ	??5@YAAAVBinStream@@AAV0@AAW4InlineDirType@@@Z
1	1	DIFF_SIZE	DIFFERENT_FUNCTION	TB	bl	default/system/obj/Dir	??_GObjectDir@@UAAPAXI@Z	?MemFree@@YAXPAX@Z	??3ObjectDir@@SAXPAX@Z
1	1	DIFF_SIZE	DIFFERENT_FUNCTION	TB	bl	default/system/obj/Dir	fn_8274E870	??1FilePathTracker@@QAA@XZ	??1MemTemp@@QAA@XZ
1	1	DIFF_SIZE	DIFFERENT_FUNCTION	TB	bl	default/system/obj/Dir	fn_8274F960	??1?$ObjDirPtr@VObjectDir@@@@UAA@XZ	??1String@@UAA@XZ
1	1	DIFF_SIZE	DIFFERENT_FUNCTION	TB	bl	default/system/obj/Dir	fn_82750460	??1?$vector@U?$pair@PAVRndTexBlendController@@M@stlpmtx_std@@V?$StlNodeAlloc@U?$pair@PAVRndTexBlendController@@M@stlpmtx_std@@@2@@stlpmtx_std@@QAA@XZ	??1String@@UAA@XZ
1	1	DIFF_SIZE	DIFFERENT_FUNCTION	TB	bl	default/system/obj/Dir	fn_82750C6C	??1DataNode@@QAA@XZ	??1?$ObjDirPtr@VObjectDir@@@@UAA@XZ
1	1	DIFF_SIZE	DIFFERENT_FUNCTION	TB	bl	default/system/obj/Dir	fn_82751634	??1InlinedDir@ObjectDir@@QAA@XZ	??1FilePath@@UAA@XZ
1	1	DIFF_SIZE	DIFFERENT_FUNCTION	TB	bl	default/system/obj/Dir	fn_8275165C	??1?$ObjDirPtr@VObjectDir@@@@UAA@XZ	??1FilePath@@UAA@XZ
1	1	DIFF_SIZE	DIFFERENT_FUNCTION	TB	bl	default/system/os/UsbMidiGuitar	?Initialize@Queue@@QAAXH@Z	??2CriticalSection@@SAPAXI@Z	??_UMidiMessage@@SAPAXI@Z
1	1	DIFF_SIZE	DIFFERENT_FUNCTION	TB	bl	default/system/os/UsbMidiGuitar	fn_82C3FAF8	??0VirtualKeyboard@@QAA@XZ	??0CriticalSection@@QAA@XZ
1	1	DIFF_SIZE	DIFFERENT_FUNCTION	TB	bl	default/system/rnddx9/CubeTex	??_GDxCubeTex@@UAAPAXI@Z	?MemFree@@YAXPAX@Z	??3RndCubeTex@@SAXPAX@Z
1	1	DIFF_SIZE	DIFFERENT_FUNCTION	TB	bl	default/system/rnddx9/CubeTex	fn_8273F090	??1RndCubeTex@@UAA@XZ	??1Object@Hmx@@UAA@XZ
1	1	DIFF_SIZE	DIFFERENT_FUNCTION	TB	bl	default/system/rnddx9/Movie	??_GDxMovie@@UAAPAXI@Z	?MemFree@@YAXPAX@Z	??3RndMovie@@SAXPAX@Z
1	1	DIFF_SIZE	DIFFERENT_FUNCTION	TB	bl	default/system/rnddx9/ShaderMgr	??_GDxShader@@UAAPAXI@Z	?StaticClassName@DxTex@@SA?AVSymbol@@XZ	??1DxShader@@UAA@XZ
1	1	DIFF_SIZE	DIFFERENT_FUNCTION	TB	bl	default/system/rnddx9/ShaderMgr	??_GDxShaderBuffer@@UAAPAXI@Z	?MemFree@@YAXPAX@Z	??3RndShaderBuffer@@SAXPAX@Z
1	1	DIFF_SIZE	DIFFERENT_FUNCTION	TB	bl	default/system/rnddx9/ShaderMgr	?NewBuffer@DxShader@@MAAPAVRndShaderBuffer@@I@Z	??2CriticalSection@@SAPAXI@Z	??2RndShaderBuffer@@SAPAXI@Z
1	1	DIFF_SIZE	DIFFERENT_FUNCTION	TB	bl	default/system/rnddx9/ShaderMgr	fn_82735714	??1RndTex@@UAA@XZ	??1RndShaderBuffer@@UAA@XZ
1	1	DIFF_SIZE	DIFFERENT_FUNCTION	TB	bl	default/system/rndobj/CubeTex	??_G?$ObjRefConcrete@VRndMesh@@VObjectDir@@@@UAAPAXI@Z	??1RndCubeTex@@UAA@XZ	??1?$ObjRefConcrete@VRndMesh@@VObjectDir@@@@UAA@XZ
1	1	DIFF_SIZE	DIFFERENT_FUNCTION	TB	bl	default/system/rndobj/CubeTex	??_GRndCubeTex@@UAAPAXI@Z	??1?$ObjRefConcrete@VRndEnviron@@VObjectDir@@@@UAA@XZ	??1RndCubeTex@@UAA@XZ
1	1	DIFF_SIZE	DIFFERENT_FUNCTION	TB	bl	default/system/rndobj/MotionBlur	??_GRndMotionBlur@@UAAPAXI@Z	?MemFree@@YAXPAX@Z	??3RndMotionBlur@@SAXPAX@Z
1	1	DIFF_SIZE	DIFFERENT_FUNCTION	TB	bl	default/system/rndobj/Movie	??$?5VFilePath@@@BinStreamRev@@QAAAAV0@AAVFilePath@@@Z	?StaticClassName@RndMovie@@SA?AVSymbol@@XZ	??5@YAAAVBinStream@@AAV0@AAVFilePath@@@Z
1	1	DIFF_SIZE	DIFFERENT_FUNCTION	TB	bl	default/system/rndobj/PostProcMgr	??_GRndPostProcMgr@@UAAPAXI@Z	??1CharUpperTwist@@MAA@XZ	??1RndPostProcMgr@@UAA@XZ
1	1	DIFF_SIZE	DIFFERENT_FUNCTION	TB	bl	default/system/rndobj/PostProcMgr	??_GRndPostProcMgr@@UAAPAXI@Z	?MemFree@@YAXPAX@Z	??3RndPostProcMgr@@SAXPAX@Z
1	1	DIFF_SIZE	REVIEW	TB	bl	default/system/rndobj/Rnd	?Handle@Rnd@@UAA?AVDataNode@@PAVDataArray@@_N@Z	??$?0H@?$StlNodeAlloc@V?$_List_node@H@stlpmtx_std@@@stlpmtx_std@@QAA@ABV?$StlNodeAlloc@H@1@@Z	?TakeShot@HiResScreen@@QAAXPBDH@Z
1	1	DIFF_SIZE	REVIEW	TB	bl	default/system/rndobj/Rnd	?Init@Rnd@@UAAXXZ	??$?0H@?$StlNodeAlloc@V?$_List_node@H@stlpmtx_std@@@stlpmtx_std@@QAA@ABV?$StlNodeAlloc@H@1@@Z	?RndUtlInit@@YAXXZ
1	1	DIFF_SIZE	DIFFERENT_FUNCTION	TB	bl	default/system/rndobj/Rnd	?UpdateOverlay@Rnd@@MAAMPAVRndOverlay@@M@Z	LocalTalkerIsHeadsetPresent	?UpdateHeap@Rnd@@IAAXXZ
1	1	DIFF_SIZE	DIFFERENT_FUNCTION	TB	bl	default/system/rndobj/SoftParticles	??_GRndSoftParticles@@UAAPAXI@Z	?MemFree@@YAXPAX@Z	??3RndSoftParticles@@SAXPAX@Z
1	1	DIFF_SIZE	REVIEW	TB	bl	default/system/rndobj/Utl	??$?5U?$pair@HH@stlpmtx_std@@@BinStreamRev@@QAAAAV0@AAU?$pair@HH@stlpmtx_std@@@Z	?StaticClassName@RndMat@@SA?AVSymbol@@XZ	??$?5HH@@YAAAVBinStream@@AAV0@AAU?$pair@HH@stlpmtx_std@@@Z
1	1	DIFF_SIZE	REVIEW	TB	bl	default/system/rndobj/Utl	?ListDrawGroups@@YAXPAVRndDrawable@@PAVObjectDir@@AAV?$list@PAVRndGroup@@V?$StlNodeAlloc@PAVRndGroup@@@stlpmtx_std@@@stlpmtx_std@@@Z	??$__find@PAVSymbol@@V1@@stlpmtx_std@@YAPAVSymbol@@PAV1@0ABV1@ABUrandom_access_iterator_tag@0@@Z	??$__find@PBQAVRndDrawable@@PAV1@@stlpmtx_std@@YAPBQAVRndDrawable@@PBQAV1@0ABQAV1@ABUrandom_access_iterator_tag@0@@Z
1	1	DIFF_SIZE	DIFFERENT_FUNCTION	TB	bl	default/system/rndobj/Utl	?push_back@?$vector@UPressRec@@V?$StlNodeAlloc@UPressRec@@@stlpmtx_std@@@stlpmtx_std@@QAAXABUPressRec@@@Z	?_M_insert_overflow_aux@?$vector@V?$Key@VVector3@@@@V?$StlNodeAlloc@V?$Key@VVector3@@@@@stlpmtx_std@@@stlpmtx_std@@IAAXPAV?$Key@VVector3@@@@ABV3@ABU__false_type@2@I_N@Z	?_M_insert_overflow_aux@?$vector@UPressRec@@V?$StlNodeAlloc@UPressRec@@@stlpmtx_std@@@stlpmtx_std@@IAAXPAUPressRec@@ABU3@ABU__false_type@2@I_N@Z
1	1	DIFF_SIZE	DIFFERENT_FUNCTION	TB	bl	default/system/rndobj/Utl	?push_back@?$vector@VVector2@@V?$StlNodeAlloc@VVector2@@@stlpmtx_std@@@stlpmtx_std@@QAAXABVVector2@@@Z	?_M_insert_overflow_aux@?$vector@V?$Key@M@@V?$StlNodeAlloc@V?$Key@M@@@stlpmtx_std@@@stlpmtx_std@@IAAXPAV?$Key@M@@ABV3@ABU__false_type@2@I_N@Z	?_M_insert_overflow_aux@?$vector@VVector2@@V?$StlNodeAlloc@VVector2@@@stlpmtx_std@@@stlpmtx_std@@IAAXPAVVector2@@ABV3@ABU__false_type@2@I_N@Z
1	1	DIFF_SIZE	DIFFERENT_FUNCTION	TB	bl	default/system/rndobj/Utl	fn_824386A0	??1?$ObjRefConcrete@VRndTex@@VObjectDir@@@@UAA@XZ	??1?$ObjPtr@VBandCamShot@@@@UAA@XZ
1	1	DIFF_SIZE	DIFFERENT_FUNCTION	TB	bl	default/system/rndobj/Utl	fn_824386F8	??1?$ObjRefConcrete@VRndTex@@VObjectDir@@@@UAA@XZ	??1?$Keys@UDircutEntry@BandDirector@@U12@@@QAA@XZ
1	1	DIFF_SIZE	DIFFERENT_FUNCTION	TB	bl	default/system/rndobj/Utl	fn_82438724	??1?$ObjRefConcrete@VBaseMaterial@@VObjectDir@@@@UAA@XZ	??1VenueLoader@BandDirector@@UAA@XZ
1	1	DIFF_SIZE	DIFFERENT_FUNCTION	TB	bl	default/system/rndobj/Utl	fn_82438B1C	??1?$ObjRefConcrete@VRndTex@@VObjectDir@@@@UAA@XZ	??1CharBonesSamples@@UAA@XZ
1	1	DIFF_SIZE	DIFFERENT_FUNCTION	TB	bl	default/system/rndobj/Utl	fn_8243EBA8	??1String@@UAA@XZ	??1?$ObjPtr@VRndDrawable@@@@UAA@XZ
1	1	DIFF_SIZE	DIFFERENT_FUNCTION	TB	bl	default/system/rndobj/Utl	fn_8243ED24	??1LoaderGlitchContext@@QAA@XZ	??1FilePathTracker@@QAA@XZ
1	1	DIFF_SIZE	DIFFERENT_FUNCTION	TB	bl	default/system/rndobj/Utl	fn_82442F54	??1?$_List_base@UBuildPoly@@V?$StlNodeAlloc@UBuildPoly@@@stlpmtx_std@@@stlpmtx_std@@QAA@XZ	??1?$_Bvector_base@V?$StlNodeAlloc@_N@stlpmtx_std@@@stlpmtx_std@@QAA@XZ
1	1	DIFF_SIZE	DIFFERENT_FUNCTION	TB	bl	default/system/synth/FxSend	?Copy@FxSend@@UAAXPBVObject@Hmx@@W4CopyType@23@@Z	?SetOwnerObj@?$ObjOwnerPtr@VObject@Hmx@@@@QAAXPAVObject@Hmx@@@Z	?SetObj@?$ObjRefConcrete@VFxSend@@VObjectDir@@@@QAAPAVObject@Hmx@@PAV23@@Z
1	1	DIFF_SIZE	DIFFERENT_FUNCTION	TB	bl	default/system/synth/FxSend	fn_827166E8	??1Object@Hmx@@UAA@XZ	??1?$ObjRefConcrete@VFxSend@@VObjectDir@@@@UAA@XZ
1	1	DIFF_SIZE	DIFFERENT_FUNCTION	TB	bl	default/system/synth/FxSendMeterEffect	fn_82723D00	??1FxSend@@UAA@XZ	??1ObjRefOwner@@UAA@XZ
1	1	DIFF_SIZE	DIFFERENT_FUNCTION	TB	bl	default/system/synth/FxSendMeterEffect	fn_82723E4C	??1FxSend@@UAA@XZ	??1?$ObjRefConcrete@VFxSend@@VObjectDir@@@@UAA@XZ
1	1	DIFF_SIZE	DIFFERENT_FUNCTION	TB	bl	default/system/synth/FxSendSynapse	??_G?$ObjOwnerPtr@VFxSend@@@@UAAPAXI@Z	??1Stream@@UAA@XZ	??1?$ObjOwnerPtr@VFxSend@@@@UAA@XZ
1	1	DIFF_SIZE	DIFFERENT_FUNCTION	TB	bl	default/system/synth/MoggClip	??_GMoggClip@@UAAPAXI@Z	?MemFree@@YAXPAX@Z	??3MoggClip@@SAXPAX@Z
1	1	DIFF_SIZE	DIFFERENT_FUNCTION	TB	bl	default/system/synth/OggMap	fn_82BB1D0C	??1MemStream@@UAA@XZ	??1?$vector@U?$pair@HH@stlpmtx_std@@V?$StlNodeAlloc@U?$pair@HH@stlpmtx_std@@@2@@stlpmtx_std@@QAA@XZ
1	1	DIFF_SIZE	DIFFERENT_FUNCTION	TB	bl	default/system/synth/Synth	?NewObject@ADSR@@SAPAVObject@Hmx@@XZ	??0Fader@@QAA@XZ	??0ADSR@@IAA@XZ
1	1	DIFF_SIZE	DIFFERENT_FUNCTION	TB	bl	default/system/synth/SynthSample	??_GSynthSample@@UAAPAXI@Z	?MemFree@@YAXPAX@Z	??3SynthSample@@SAXPAX@Z
1	1	DIFF_SIZE	REVIEW	TB	bl	default/system/synth/SynthSample	?_M_fill_insert_aux@?$vector@VSampleMarker@@V?$StlNodeAlloc@VSampleMarker@@@stlpmtx_std@@@stlpmtx_std@@AAAXPAVSampleMarker@@IABV3@ABU__false_type@2@@Z	??$__uninitialized_fill_n@PAUMoveRating@SkeletonClip@@IU12@@stlpmtx_std@@YAPAUMoveRating@SkeletonClip@@PAU12@IABU12@ABU__false_type@0@@Z	??$__uninitialized_fill_n@PAVSampleMarker@@IV1@@stlpmtx_std@@YAPAVSampleMarker@@PAV1@IABV1@ABU__false_type@0@@Z
1	1	DIFF_SIZE	DIFFERENT_FUNCTION	TB	bl	default/system/synth_xbox/FxSendChorus	??_GFxSendChorus360@@UAAPAXI@Z	?MemFree@@YAXPAX@Z	??3FxSendChorus@@SAXPAX@Z
1	1	DIFF_SIZE	DIFFERENT_FUNCTION	TB	bl	default/system/synth_xbox/FxSendChorus	fn_82B62BDC	??1?$CSampleXAPOBase@VFlangerEffect@@UParams@1@@ATG@@MAA@XZ	??1Object@Hmx@@UAA@XZ
1	1	DIFF_SIZE	DIFFERENT_FUNCTION	TB	bl	default/system/synth_xbox/FxSendDistortion	??_GFxSendDistortion360@@UAAPAXI@Z	?MemFree@@YAXPAX@Z	??3FxSendDistortion@@SAXPAX@Z
1	1	DIFF_SIZE	DIFFERENT_FUNCTION	TB	bl	default/system/synth_xbox/FxSendFlanger	??_GFxSendFlanger360@@UAAPAXI@Z	?MemFree@@YAXPAX@Z	??3FxSendFlanger@@SAXPAX@Z
1	1	DIFF_SIZE	DIFFERENT_FUNCTION	TB	bl	default/system/synth_xbox/FxSendMeterEffect	fn_82B63E6C	??1FxSendMeterEffect@@UAA@XZ	??1ObjRefOwner@@UAA@XZ
1	1	DIFF_SIZE	DIFFERENT_FUNCTION	TB	bl	default/system/synth_xbox/FxSendMeterEffect	fn_82B64084	??1FxSendMeterEffect@@UAA@XZ	??1?$ObjRefConcrete@VFxSend@@VObjectDir@@@@UAA@XZ
1	1	DIFF_SIZE	DIFFERENT_FUNCTION	TB	bl	default/system/synth_xbox/Synth	??_GFxSendPitchShift360@@UAAPAXI@Z	?MemFree@@YAXPAX@Z	??3FxSendPitchShift@@SAXPAX@Z
1	1	DIFF_SIZE	DIFFERENT_FUNCTION	TB	bl	default/system/synth_xbox/Synth	??_GFxSendSynapse360@@UAAPAXI@Z	?MemFree@@YAXPAX@Z	??3FxSendSynapse@@SAXPAX@Z
1	1	DIFF_SIZE	DIFFERENT_FUNCTION	TB	bl	default/system/synth_xbox/Synth	?Poll@Synth360@@UAAXXZ	?StartSynchronizedVoices@@YAXXZ	?StopSynchronizedVoices@@YAXXZ
1	1	DIFF_SIZE	REVIEW	TB	bl	default/system/synth_xbox/Synth	?RemoveFxSend@Synth360@@QAAXPAVFxSend360@@@Z	??$__find@PAVSymbol@@V1@@stlpmtx_std@@YAPAVSymbol@@PAV1@0ABV1@ABUrandom_access_iterator_tag@0@@Z	??$__find@PAPAVFxSend360@@PAV1@@stlpmtx_std@@YAPAPAVFxSend360@@PAPAV1@0ABQAV1@ABUrandom_access_iterator_tag@0@@Z
1	1	DIFF_SIZE	DIFFERENT_FUNCTION	TB	bl	default/system/synth_xbox/Synth	fn_82B5B174	??1FxSendWah@@UAA@XZ	??1Object@Hmx@@UAA@XZ
1	1	DIFF_SIZE	DIFFERENT_FUNCTION	TB	bl	default/system/synth_xbox/Synth	fn_82B5D044	??1Synth@@MAA@XZ	??1?$_Vector_base@ULevelData@@V?$StlNodeAlloc@ULevelData@@@stlpmtx_std@@@stlpmtx_std@@QAA@XZ
1	1	DIFF_SIZE	DIFFERENT_FUNCTION	TB	bl	default/system/synth_xbox/Synth	fn_82B5D1C4	??1Synth@@MAA@XZ	??1FxSendPitchShift@@UAA@XZ
1	1	DIFF_SIZE	DIFFERENT_FUNCTION	TB	bl	default/system/ui/UILabelDir	fn_82810148	??1DataNode@@QAA@XZ	??1?$ObjPtr@VUIColor@@@@UAA@XZ
1	1	DIFF_SIZE	DIFFERENT_FUNCTION	TB	bl	default/system/ui/UILabelDir	fn_82811158	??1?$ObjRefConcrete@VRndFont@@VObjectDir@@@@UAA@XZ	??1DataNode@@QAA@XZ
1	1	DIFF_SIZE	DIFFERENT_FUNCTION	TB	bl	default/system/ui/UIProxy	??_GUIProxy@@UAAPAXI@Z	?MemFree@@YAXPAX@Z	??3UIProxy@@SAXPAX@Z
