size	class	tier	unit	symbol	fuzzy	fold_test	mapname	target_name	our_name
7260	A_FOLD_CONSISTENT	engine	default/VocalTrackDir	?SyncProperty@VocalTrackDir@@UAA_NAAVDataNode@@PAVDataArray@@HW4PropOp@@@Z	99.9972	SAME	CORROBORATED	public: float & __cdecl stlpmtx_std::map<class Hmx::CRC, float, struct stlpmtx_std::less<class Hmx::CRC>, class stlpmtx_std::StlNodeAlloc<struct stlpmtx_std::pair<class Hmx::CRC const, float>>>::operator[](class Hmx::CRC const &)	public: float & __cdecl stlpmtx_std::map<int, float, struct stlpmtx_std::less<int>, class stlpmtx_std::StlNodeAlloc<struct stlpmtx_std::pair<int const, float>>>::operator[](int const &)
2320	BC_DIFFERENT_UNRESOLVED	engine	default/CharMeshHide	?Handle@Synth@@UAA?AVDataNode@@PAVDataArray@@_N@Z	99.9914	DIFFERENT	REFUTED	public: class Flow * __cdecl Synth::Find<class Flow>(char const *, bool)	public: class Hmx::Object * __cdecl Synth::Find<class Hmx::Object>(char const *, bool)
1916	A_FOLD_CONSISTENT	engine	default/UI	?Init@UIManager@@UAAXXZ	99.9896	SAME	REFUTED	public: struct stlpmtx_std::_List_iterator<class CharClip *, struct stlpmtx_std::_Nonconst_traits<class CharClip *>> __cdecl stlpmtx_std::list<class CharClip *, class stlpmtx_std::StlNodeAlloc<class CharClip *>>::insert(struct stlpmtx_std::_List_iterator<class CharClip *, struct stlpmtx_std::_Nonconst_traits<class CharClip *>>, class CharClip *const &)	public: struct stlpmtx_std::_List_iterator<void (__cdecl *)(void), struct stlpmtx_std::_Nonconst_traits<void (__cdecl *)(void)>> __cdecl stlpmtx_std::list<void (__cdecl *)(void), class stlpmtx_std::StlNodeAlloc<void (__cdecl *)(void)>>::insert(struct stlpmtx_std::_List_iterator<void (__cdecl *)(void), struct stlpmtx_std::_Nonconst_traits<void (__cdecl *)(void)>>, void (__cdecl *const &)(void))
1716	A_FOLD_CONSISTENT	engine	default/BandCharacter	?AddObject@BandCharacter@@QAAXPAVObject@Hmx@@@Z	99.9883	SAME	REFUTED	private: void __cdecl ObjPtrList<class RndMesh, class ObjectDir>::Link(class ObjPtrList<class RndMesh, class ObjectDir>::iterator, struct ObjPtrList<class RndMesh, class ObjectDir>::Node *)	private: void __cdecl ObjPtrList<class CharCollide, class ObjectDir>::Link(class ObjPtrList<class CharCollide, class ObjectDir>::iterator, struct ObjPtrList<class CharCollide, class ObjectDir>::Node *)
1608	A_FOLD_CONSISTENT	game	default/band3/tour/TourDesc	?Configure@TourDesc@@UAAXPAVDataArray@@@Z	99.9876	SAME	REFUTED	public: void __cdecl stlpmtx_std::vector<class ChatReceiver *, class stlpmtx_std::StlNodeAlloc<class ChatReceiver *>>::push_back(class ChatReceiver *const &)	public: void __cdecl stlpmtx_std::vector<class TourDescEntry *, class stlpmtx_std::StlNodeAlloc<class TourDescEntry *>>::push_back(class TourDescEntry *const &)
1596	A_FOLD_CONSISTENT	engine	default/EventTrigger	?Cleanup@EventTrigger@@KA?AVDataNode@@PAVDataArray@@@Z	99.9875	SAME	REFUTED	public: struct stlpmtx_std::_List_iterator<class CharClip *, struct stlpmtx_std::_Nonconst_traits<class CharClip *>> __cdecl stlpmtx_std::list<class CharClip *, class stlpmtx_std::StlNodeAlloc<class CharClip *>>::insert(struct stlpmtx_std::_List_iterator<class CharClip *, struct stlpmtx_std::_Nonconst_traits<class CharClip *>>, class CharClip *const &)	public: struct stlpmtx_std::_List_iterator<class EventTrigger *, struct stlpmtx_std::_Nonconst_traits<class EventTrigger *>> __cdecl stlpmtx_std::list<class EventTrigger *, class stlpmtx_std::StlNodeAlloc<class EventTrigger *>>::insert(struct stlpmtx_std::_List_iterator<class EventTrigger *, struct stlpmtx_std::_Nonconst_traits<class EventTrigger *>>, class EventTrigger *const &)
1496	A_FOLD_CONSISTENT	game	default/SongSortMgr	?GetRandomSongs@SongSortMgr@@QAA_NHPAV?$vector@VSymbol@@V?$StlNodeAlloc@VSymbol@@@stlpmtx_std@@@stlpmtx_std@@PAV?$vector@HV?$StlNodeAlloc@H@stlpmtx_std@@@3@00_N2@Z	99.9866	SAME	REFUTED	int const * __cdecl stlpmtx_std::__find<int const *, int>(int const *, int const *, int const &, struct stlpmtx_std::random_access_iterator_tag const &)	int * __cdecl stlpmtx_std::__find<int *, int>(int *, int *, int const &, struct stlpmtx_std::random_access_iterator_tag const &)
1472	A_FOLD_CONSISTENT	engine	default/system/obj/Utl	?CopyTypeProperties@@YAXPAVObject@Hmx@@0@Z	99.9457	SAME	CORROBORATED	void __cdecl stlpmtx_std::_S_sort<unsigned int, class stlpmtx_std::StlNodeAlloc<unsigned int>, struct stlpmtx_std::less<unsigned int>>(class stlpmtx_std::list<unsigned int, class stlpmtx_std::StlNodeAlloc<unsigned int>> &, struct stlpmtx_std::less<unsigned int>)	void __cdecl stlpmtx_std::_S_sort<class Symbol, class stlpmtx_std::StlNodeAlloc<class Symbol>, struct stlpmtx_std::less<class Symbol>>(class stlpmtx_std::list<class Symbol, class stlpmtx_std::StlNodeAlloc<class Symbol>> &, struct stlpmtx_std::less<class Symbol>)
1400	BC_DIFFERENT_UNRESOLVED	engine	default/Text	?Load@RndText@@UAAXAAVBinStream@@@Z	99.9857	DIFFERENT	REFUTED	public: virtual __cdecl ObjPtrList<class CharInterest, class ObjectDir>::~ObjPtrList<class CharInterest, class ObjectDir>(void)	public: virtual __cdecl ObjPtrList<class Hmx::Object, class ObjectDir>::~ObjPtrList<class Hmx::Object, class ObjectDir>(void)
1336	UNDECIDABLE	engine	default/Geo	?CheckBSPTree@@YA_NPBVBSPNode@@ABVBox@@@Z	99.9102	UNKNOWN	REFUTED	public: void __cdecl stlpmtx_std::vector<class Stats::StreakInfo, class stlpmtx_std::StlNodeAlloc<class Stats::StreakInfo>>::resize(unsigned int, class Stats::StreakInfo const &)	public: void __cdecl stlpmtx_std::vector<class Vector2, class stlpmtx_std::StlNodeAlloc<class Vector2>>::resize(unsigned int, class Vector2 const &)
1304	BC_DIFFERENT_UNRESOLVED	game	default/band3/bandtrack/Gem	?SyncProperty@OutfitConfig@@UAA_NAAVDataNode@@PAVDataArray@@HW4PropOp@@@Z	99.9847	DIFFERENT	REFUTED	bool __cdecl PropSync<class TransformArea>(class ObjVector<class TransformArea> &, class DataNode &, class DataArray *, int, enum PropOp)	bool __cdecl PropSync<class OutfitConfig::MatSwap>(class ObjVector<class OutfitConfig::MatSwap> &, class DataNode &, class DataArray *, int, enum PropOp)
1228	UNDECIDABLE	game	default/OvershellPartSelectProvider	?Reload@OvershellPartSelectProvider@@QAAXW4ControllerType@@PAVBandUser@@@Z	99.8371	UNKNOWN	REFUTED	public: void __cdecl stlpmtx_std::vector<struct WeightedEntry, class stlpmtx_std::StlNodeAlloc<struct WeightedEntry>>::push_back(struct WeightedEntry const &)	public: void __cdecl stlpmtx_std::vector<class OvershellPartSelectProvider::PartSelectEntry, class stlpmtx_std::StlNodeAlloc<class OvershellPartSelectProvider::PartSelectEntry>>::push_back(class OvershellPartSelectProvider::PartSelectEntry const &)
1136	A_FOLD_CONSISTENT	engine	default/Character	?Sort@CharPollableSorter@@QAAXAAV?$vector@PAVRndPollable@@V?$StlNodeAlloc@PAVRndPollable@@@stlpmtx_std@@@stlpmtx_std@@@Z	93.6796	SAME	REFUTED	public: void __cdecl stlpmtx_std::vector<class ChatReceiver *, class stlpmtx_std::StlNodeAlloc<class ChatReceiver *>>::push_back(class ChatReceiver *const &)	public: void __cdecl stlpmtx_std::vector<struct CharPollableSorter::Dep *, class stlpmtx_std::StlNodeAlloc<struct CharPollableSorter::Dep *>>::push_back(struct CharPollableSorter::Dep *const &)
1116	A_FOLD_CONSISTENT	engine	default/CharBoneDir	?MergeCharacter@CharBoneDir@@IAAXABVFilePath@@@Z	99.9642	SAME	REFUTED	public: struct stlpmtx_std::_List_iterator<class CharClip *, struct stlpmtx_std::_Nonconst_traits<class CharClip *>> __cdecl stlpmtx_std::list<class CharClip *, class stlpmtx_std::StlNodeAlloc<class CharClip *>>::insert(struct stlpmtx_std::_List_iterator<class CharClip *, struct stlpmtx_std::_Nonconst_traits<class CharClip *>>, class CharClip *const &)	public: struct stlpmtx_std::_List_iterator<class RndTransformable *, struct stlpmtx_std::_Nonconst_traits<class RndTransformable *>> __cdecl stlpmtx_std::list<class RndTransformable *, class stlpmtx_std::StlNodeAlloc<class RndTransformable *>>::insert(struct stlpmtx_std::_List_iterator<class RndTransformable *, struct stlpmtx_std::_Nonconst_traits<class RndTransformable *>>, class RndTransformable *const &)
1096	UNDECIDABLE	engine	default/system/rndobj/Utl	?SpliceKeys@@YAXPAVRndTransAnim@@0MM@Z	98.7409	UNKNOWN	REFUTED	public: int __cdecl Keys<class Vector3, class Vector3>::Add(class Vector3 const &, float, bool)	public: int __cdecl Keys<class Hmx::Quat, class Hmx::Quat>::Add(class Hmx::Quat const &, float, bool)
1080	A_FOLD_CONSISTENT	engine	default/LabelNumberTicker	?SyncProperty@LabelNumberTicker@@UAA_NAAVDataNode@@PAVDataArray@@HW4PropOp@@@Z	99.9815	SAME	REFUTED	public: void __cdecl ObjRefConcrete<class BandCharacter, class ObjectDir>::SetObjConcrete(class BandCharacter *)	public: void __cdecl ObjRefConcrete<class UILabel, class ObjectDir>::SetObjConcrete(class UILabel *)
1052	BC_DIFFERENT_UNRESOLVED	engine	default/Env_NG	?UpdateOverlay@NgRnd@@MAAMPAVRndOverlay@@M@Z	99.7338	DIFFERENT	REFUTED	char const * __cdecl MakeString<char const *, char const *>(char const *, char const *, char const *)	char const * __cdecl MakeString<int, int>(char const *, int, int)
1048	BC_DIFFERENT_UNRESOLVED	engine	default/CharHair	?SyncProperty@CharHair@@UAA_NAAVDataNode@@PAVDataArray@@HW4PropOp@@@Z	99.9809	DIFFERENT	REFUTED	bool __cdecl PropSync<struct Flow::DynamicPropertyEntry>(class ObjVector<struct Flow::DynamicPropertyEntry> &, class DataNode &, class DataArray *, int, enum PropOp)	bool __cdecl PropSync<class CharHair::Strand>(class ObjVector<class CharHair::Strand> &, class DataNode &, class DataArray *, int, enum PropOp)
1040	A_FOLD_CONSISTENT	engine	default/FingerShape	??0FingerShape@@QAA@PAVRndDir@@@Z	99.6154	SAME	REFUTED	public: void __cdecl stlpmtx_std::vector<class ChatReceiver *, class stlpmtx_std::StlNodeAlloc<class ChatReceiver *>>::push_back(class ChatReceiver *const &)	public: void __cdecl stlpmtx_std::vector<class RndAnimatable *, class stlpmtx_std::StlNodeAlloc<class RndAnimatable *>>::push_back(class RndAnimatable *const &)
1040	A_FOLD_CONSISTENT	engine	default/AmbientOcclusion	?BuildTrees@RndAmbientOcclusion@@QAAXW4Quality@1@@Z	99.9808	SAME	REFUTED	public: struct stlpmtx_std::_List_iterator<class CharClip *, struct stlpmtx_std::_Nonconst_traits<class CharClip *>> __cdecl stlpmtx_std::list<class CharClip *, class stlpmtx_std::StlNodeAlloc<class CharClip *>>::insert(struct stlpmtx_std::_List_iterator<class CharClip *, struct stlpmtx_std::_Nonconst_traits<class CharClip *>>, class CharClip *const &)	public: struct stlpmtx_std::_List_iterator<class Triangle *, struct stlpmtx_std::_Nonconst_traits<class Triangle *>> __cdecl stlpmtx_std::list<class Triangle *, class stlpmtx_std::StlNodeAlloc<class Triangle *>>::insert(struct stlpmtx_std::_List_iterator<class Triangle *, struct stlpmtx_std::_Nonconst_traits<class Triangle *>>, class Triangle *const &)
1012	A_FOLD_CONSISTENT	engine	default/CharHair	?Hookup@CharHair@@QAAXAAV?$ObjPtrList@VCharCollide@@VObjectDir@@@@@Z	99.8419	SAME	REFUTED	private: void __cdecl ObjPtrList<class RndMesh, class ObjectDir>::Link(class ObjPtrList<class RndMesh, class ObjectDir>::iterator, struct ObjPtrList<class RndMesh, class ObjectDir>::Node *)	private: void __cdecl ObjPtrList<class CharCollide, class ObjectDir>::Link(class ObjPtrList<class CharCollide, class ObjectDir>::iterator, struct ObjPtrList<class CharCollide, class ObjectDir>::Node *)
1008	A_FOLD_CONSISTENT	engine	default/BandCharacter	?BandInit@@YAXXZ	99.9802	SAME	REFUTED	public: struct stlpmtx_std::_List_iterator<class CharClip *, struct stlpmtx_std::_Nonconst_traits<class CharClip *>> __cdecl stlpmtx_std::list<class CharClip *, class stlpmtx_std::StlNodeAlloc<class CharClip *>>::insert(struct stlpmtx_std::_List_iterator<class CharClip *, struct stlpmtx_std::_Nonconst_traits<class CharClip *>>, class CharClip *const &)	public: struct stlpmtx_std::_List_iterator<void (__cdecl *)(void), struct stlpmtx_std::_Nonconst_traits<void (__cdecl *)(void)>> __cdecl stlpmtx_std::list<void (__cdecl *)(void), class stlpmtx_std::StlNodeAlloc<void (__cdecl *)(void)>>::insert(struct stlpmtx_std::_List_iterator<void (__cdecl *)(void), struct stlpmtx_std::_Nonconst_traits<void (__cdecl *)(void)>>, void (__cdecl *const &)(void))
980	A_FOLD_CONSISTENT	game	default/band3/game/Game	?GameInit@@YAXXZ	99.9796	SAME	REFUTED	public: struct stlpmtx_std::_List_iterator<class CharClip *, struct stlpmtx_std::_Nonconst_traits<class CharClip *>> __cdecl stlpmtx_std::list<class CharClip *, class stlpmtx_std::StlNodeAlloc<class CharClip *>>::insert(struct stlpmtx_std::_List_iterator<class CharClip *, struct stlpmtx_std::_Nonconst_traits<class CharClip *>>, class CharClip *const &)	public: struct stlpmtx_std::_List_iterator<void (__cdecl *)(void), struct stlpmtx_std::_Nonconst_traits<void (__cdecl *)(void)>> __cdecl stlpmtx_std::list<void (__cdecl *)(void), class stlpmtx_std::StlNodeAlloc<void (__cdecl *)(void)>>::insert(struct stlpmtx_std::_List_iterator<void (__cdecl *)(void), struct stlpmtx_std::_Nonconst_traits<void (__cdecl *)(void)>>, void (__cdecl *const &)(void))
948	A_FOLD_CONSISTENT	engine	default/EventTrigger	?LoadOldEvent@EventTrigger@@IAAXAAVBinStreamRev@@PAVObject@Hmx@@PBDPAVObjectDir@@@Z	99.9789	SAME	REFUTED	public: struct stlpmtx_std::_List_iterator<class CharClip *, struct stlpmtx_std::_Nonconst_traits<class CharClip *>> __cdecl stlpmtx_std::list<class CharClip *, class stlpmtx_std::StlNodeAlloc<class CharClip *>>::insert(struct stlpmtx_std::_List_iterator<class CharClip *, struct stlpmtx_std::_Nonconst_traits<class CharClip *>>, class CharClip *const &)	public: struct stlpmtx_std::_List_iterator<class Symbol, struct stlpmtx_std::_Nonconst_traits<class Symbol>> __cdecl stlpmtx_std::list<class Symbol, class stlpmtx_std::StlNodeAlloc<class Symbol>>::insert(struct stlpmtx_std::_List_iterator<class Symbol, struct stlpmtx_std::_Nonconst_traits<class Symbol>>, class Symbol const &)
908	A_FOLD_CONSISTENT	game	default/GemSmasher	??0GemSmasher@@QAA@HPAVRndDir@@_N@Z	99.8458	SAME	REFUTED	public: void __cdecl stlpmtx_std::vector<class ChatReceiver *, class stlpmtx_std::StlNodeAlloc<class ChatReceiver *>>::push_back(class ChatReceiver *const &)	public: void __cdecl stlpmtx_std::vector<class EventTrigger *, class stlpmtx_std::StlNodeAlloc<class EventTrigger *>>::push_back(class EventTrigger *const &)
900	UNDECIDABLE	engine	default/system/synth_xbox/Synth	?Init@Synth360@@UAAXXZ	99.9778	UNKNOWN	REFUTED	private: void __cdecl stlpmtx_std::vector<class Hmx::Object *, class stlpmtx_std::StlNodeAlloc<class Hmx::Object *>>::_M_fill_insert(class Hmx::Object **, unsigned int, class Hmx::Object *const &)	private: void __cdecl stlpmtx_std::vector<class Mic *, class stlpmtx_std::StlNodeAlloc<class Mic *>>::_M_fill_insert(class Mic **, unsigned int, class Mic *const &)
896	A_FOLD_CONSISTENT	game	default/GemManager	??0GemManager@@QAA@ABVTrackConfig@@PAVTrackDir@@@Z	99.9241	SAME	REFUTED	public: void __cdecl stlpmtx_std::vector<struct CharPollableSorter::Dep *, class stlpmtx_std::StlNodeAlloc<struct CharPollableSorter::Dep *>>::reserve(unsigned int)	public: void __cdecl stlpmtx_std::vector<class TrackWidget *, class stlpmtx_std::StlNodeAlloc<class TrackWidget *>>::reserve(unsigned int)
884	BC_DIFFERENT_UNRESOLVED	engine	default/PitchDetector	??0PitchDetector@Synapse@DSP@@QAA@ABV?$vector@MV?$StlNodeAlloc@M@stlpmtx_std@@@stlpmtx_std@@II@Z	99.9321	DIFFERENT	REFUTED	private: void __cdecl stlpmtx_std::vector<float *, class stlpmtx_std::StlNodeAlloc<float *>>::_M_fill_insert(float **, unsigned int, float *const &)	private: void __cdecl stlpmtx_std::vector<float, class stlpmtx_std::StlNodeAlloc<float>>::_M_fill_insert(float *, unsigned int, float const &)
856	A_FOLD_CONSISTENT	engine	default/SongInfoCopy	??0SongInfoCopy@@QAA@PBVSongInfo@@@Z	99.9533	SAME	CORROBORATED	public: class stlpmtx_std::vector<int, class stlpmtx_std::StlNodeAlloc<int>> & __cdecl stlpmtx_std::vector<int, class stlpmtx_std::StlNodeAlloc<int>>::operator=(class stlpmtx_std::vector<int, class stlpmtx_std::StlNodeAlloc<int>> const &)	public: class stlpmtx_std::vector<float, class stlpmtx_std::StlNodeAlloc<float>> & __cdecl stlpmtx_std::vector<float, class stlpmtx_std::StlNodeAlloc<float>>::operator=(class stlpmtx_std::vector<float, class stlpmtx_std::StlNodeAlloc<float>> const &)
856	A_FOLD_CONSISTENT	engine	default/BandIKEffector	?PollDeps@BandIKEffector@@UAAXAAV?$list@PAVObject@Hmx@@V?$StlNodeAlloc@PAVObject@Hmx@@@stlpmtx_std@@@stlpmtx_std@@0@Z	98.6682	SAME	REFUTED	public: struct stlpmtx_std::_List_iterator<class CharClip *, struct stlpmtx_std::_Nonconst_traits<class CharClip *>> __cdecl stlpmtx_std::list<class CharClip *, class stlpmtx_std::StlNodeAlloc<class CharClip *>>::insert(struct stlpmtx_std::_List_iterator<class CharClip *, struct stlpmtx_std::_Nonconst_traits<class CharClip *>>, class CharClip *const &)	public: struct stlpmtx_std::_List_iterator<class Hmx::Object *, struct stlpmtx_std::_Nonconst_traits<class Hmx::Object *>> __cdecl stlpmtx_std::list<class Hmx::Object *, class stlpmtx_std::StlNodeAlloc<class Hmx::Object *>>::insert(struct stlpmtx_std::_List_iterator<class Hmx::Object *, struct stlpmtx_std::_Nonconst_traits<class Hmx::Object *>>, class Hmx::Object *const &)
852	UNDECIDABLE	engine	default/system/bandobj/BandHeadShaper	?SetMeshAnim@@YAXPAVObjectDir@@AAV?$vector@HV?$StlNodeAlloc@H@stlpmtx_std@@@stlpmtx_std@@@Z	96.0329	UNKNOWN	REFUTED	private: void __cdecl stlpmtx_std::vector<class Hmx::Object *, class stlpmtx_std::StlNodeAlloc<class Hmx::Object *>>::_M_fill_insert(class Hmx::Object **, unsigned int, class Hmx::Object *const &)	private: void __cdecl stlpmtx_std::vector<int, class stlpmtx_std::StlNodeAlloc<int>>::_M_fill_insert(int *, unsigned int, int const &)
852	A_FOLD_CONSISTENT	game	default/OvershellPanel	?RefreshJoinableUsers@OvershellPanel@@QAAXXZ	99.9531	SAME	REFUTED	public: void __cdecl stlpmtx_std::vector<class ChatReceiver *, class stlpmtx_std::StlNodeAlloc<class ChatReceiver *>>::push_back(class ChatReceiver *const &)	public: void __cdecl stlpmtx_std::vector<class OvershellSlot *, class stlpmtx_std::StlNodeAlloc<class OvershellSlot *>>::push_back(class OvershellSlot *const &)
848	BC_DIFFERENT_UNRESOLVED	engine	default/BandCamShot	?SyncProperty@BandCamShot@@UAA_NAAVDataNode@@PAVDataArray@@HW4PropOp@@@Z	99.9764	DIFFERENT	REFUTED	bool __cdecl PropSync<struct HamCamShot::Target>(class ObjList<struct HamCamShot::Target> &, class DataNode &, class DataArray *, int, enum PropOp)	bool __cdecl PropSync<struct BandCamShot::Target>(class ObjList<struct BandCamShot::Target> &, class DataNode &, class DataArray *, int, enum PropOp)
832	BC_DIFFERENT_UNRESOLVED	game	default/band3/meta_band/SongUpgradeMgr	?AddUpgradeData@SongUpgradeMgr@@QAAXPAVDataArray@@PAVDataLoader@@W4ContentLocT@@VSymbol@@@Z	99.9760	DIFFERENT	REFUTED	public: class stlpmtx_std::vector<class LightPreset *, class stlpmtx_std::StlNodeAlloc<class LightPreset *>> & __cdecl stlpmtx_std::hash_map<class Symbol, class stlpmtx_std::vector<class LightPreset *, class stlpmtx_std::StlNodeAlloc<class LightPreset *>>, struct LightPresetManager::SymbolHash, struct stlpmtx_std::equal_to<class Symbol>, class stlpmtx_std::StlNodeAlloc<struct stlpmtx_std::pair<class Symbol const, class stlpmtx_std::vector<class LightPreset *, class stlpmtx_std::StlNodeAlloc<class LightPreset *>>>>>::operator[](class Symbol const &)	public: class stlpmtx_std::vector<int, class stlpmtx_std::StlNodeAlloc<int>> & __cdecl stlpmtx_std::hash_map<class Symbol, class stlpmtx_std::vector<int, class stlpmtx_std::StlNodeAlloc<int>>, struct stlpmtx_std::hash<class Symbol>, struct stlpmtx_std::equal_to<class Symbol>, class stlpmtx_std::StlNodeAlloc<struct stlpmtx_std::pair<class Symbol const, class stlpmtx_std::vector<int, class stlpmtx_std::StlNodeAlloc<int>>>>>::operator[](class Symbol const &)
820	A_FOLD_CONSISTENT	game	default/band3/game/BandUserMgr	?GetLocalBandUsers@BandUserMgr@@QBAHPAV?$vector@PAVLocalBandUser@@V?$StlNodeAlloc@PAVLocalBandUser@@@stlpmtx_std@@@stlpmtx_std@@H@Z	99.9756	SAME	REFUTED	public: void __cdecl stlpmtx_std::vector<class ChatReceiver *, class stlpmtx_std::StlNodeAlloc<class ChatReceiver *>>::push_back(class ChatReceiver *const &)	public: void __cdecl stlpmtx_std::vector<class LocalBandUser *, class stlpmtx_std::StlNodeAlloc<class LocalBandUser *>>::push_back(class LocalBandUser *const &)
796	UNDECIDABLE	engine	default/LightPreset	??0Keyframe@LightPreset@@QAA@PAVObject@Hmx@@@Z	99.9749	UNKNOWN	CORROBORATED	private: void __cdecl stlpmtx_std::vector<class Vector3, class stlpmtx_std::StlNodeAlloc<class Vector3>>::_M_fill_insert(class Vector3 *, unsigned int, class Vector3 const &)	private: void __cdecl stlpmtx_std::vector<struct LightPreset::SpotlightDrawerEntry, class stlpmtx_std::StlNodeAlloc<struct LightPreset::SpotlightDrawerEntry>>::_M_fill_insert(struct LightPreset::SpotlightDrawerEntry *, unsigned int, struct LightPreset::SpotlightDrawerEntry const &)
780	A_FOLD_CONSISTENT	game	default/SongSortMgr	?BuildInternalSetlists@SongSortMgr@@QAAXXZ	99.9744	SAME	REFUTED	public: void __cdecl stlpmtx_std::vector<class ChatReceiver *, class stlpmtx_std::StlNodeAlloc<class ChatReceiver *>>::push_back(class ChatReceiver *const &)	public: void __cdecl stlpmtx_std::vector<class SavedSetlist *, class stlpmtx_std::StlNodeAlloc<class SavedSetlist *>>::push_back(class SavedSetlist *const &)
780	A_FOLD_CONSISTENT	engine	default/PropAnim	?AddKeys@RndPropAnim@@QAAPAVPropKeys@@PAVObject@Hmx@@PAVDataArray@@W4AnimKeysType@2@@Z	99.9744	SAME	REFUTED	public: struct stlpmtx_std::_List_iterator<class CharClip *, struct stlpmtx_std::_Nonconst_traits<class CharClip *>> __cdecl stlpmtx_std::list<class CharClip *, class stlpmtx_std::StlNodeAlloc<class CharClip *>>::insert(struct stlpmtx_std::_List_iterator<class CharClip *, struct stlpmtx_std::_Nonconst_traits<class CharClip *>>, class CharClip *const &)	public: struct stlpmtx_std::_List_iterator<class PropKeys *, struct stlpmtx_std::_Nonconst_traits<class PropKeys *>> __cdecl stlpmtx_std::list<class PropKeys *, class stlpmtx_std::StlNodeAlloc<class PropKeys *>>::insert(struct stlpmtx_std::_List_iterator<class PropKeys *, struct stlpmtx_std::_Nonconst_traits<class PropKeys *>>, class PropKeys *const &)
772	A_FOLD_CONSISTENT	game	default/VocalTrack	?UpdateTubePlates@VocalTrack@@QAAXAAV?$deque@PAVTubePlate@@V?$StlNodeAlloc@PAVTubePlate@@@stlpmtx_std@@@stlpmtx_std@@MM_N@Z	90.6684	SAME	REFUTED	protected: void __cdecl stlpmtx_std::deque<class LyricPlate *, class stlpmtx_std::StlNodeAlloc<class LyricPlate *>>::_M_push_back_aux_v(class LyricPlate *const &)	protected: void __cdecl stlpmtx_std::deque<class TubePlate *, class stlpmtx_std::StlNodeAlloc<class TubePlate *>>::_M_push_back_aux_v(class TubePlate *const &)
736	A_FOLD_CONSISTENT	engine	default/UIScreen	?SetTypeDef@UIScreen@@UAAXPAVDataArray@@@Z	99.9728	SAME	CORROBORATED	public: struct stlpmtx_std::_List_iterator<struct CharBone::WeightContext, struct stlpmtx_std::_Nonconst_traits<struct CharBone::WeightContext>> __cdecl stlpmtx_std::list<struct CharBone::WeightContext, class stlpmtx_std::StlNodeAlloc<struct CharBone::WeightContext>>::insert(struct stlpmtx_std::_List_iterator<struct CharBone::WeightContext, struct stlpmtx_std::_Nonconst_traits<struct CharBone::WeightContext>>, struct CharBone::WeightContext const &)	public: struct stlpmtx_std::_List_iterator<struct PanelRef, struct stlpmtx_std::_Nonconst_traits<struct PanelRef>> __cdecl stlpmtx_std::list<struct PanelRef, class stlpmtx_std::StlNodeAlloc<struct PanelRef>>::insert(struct stlpmtx_std::_List_iterator<struct PanelRef, struct stlpmtx_std::_Nonconst_traits<struct PanelRef>>, struct PanelRef const &)
732	A_FOLD_CONSISTENT	engine	default/GuitarController	??0GuitarController@@QAA@PAVUser@@PBVDataArray@@PAVBeatMatchControllerSink@@_N3@Z	99.9454	SAME	REFUTED	public: void __cdecl stlpmtx_std::vector<struct CharPollableSorter::Dep *, class stlpmtx_std::StlNodeAlloc<struct CharPollableSorter::Dep *>>::reserve(unsigned int)	public: void __cdecl stlpmtx_std::vector<int, class stlpmtx_std::StlNodeAlloc<int>>::reserve(unsigned int)
732	C_PROVEN_CALLEE	engine	default/PatchDir	?LoadStickerData@PatchDir@@QAAXXZ	96.7158	DIFFERENT	CORROBORATED	private: class stlpmtx_std::priv::_Slist_iterator<struct stlpmtx_std::pair<class Symbol const, int>, struct stlpmtx_std::_Nonconst_traits<struct stlpmtx_std::pair<class Symbol const, int>>> __cdecl stlpmtx_std::hashtable<struct stlpmtx_std::pair<class Symbol const, int>, class Symbol, struct stlpmtx_std::hash<class Symbol>, struct stlpmtx_std::priv::_HashMapTraitsT<struct stlpmtx_std::pair<class Symbol const, int>>, struct stlpmtx_std::_Select1st<struct stlpmtx_std::pair<class Symbol const, int>>, struct stlpmtx_std::equal_to<class Symbol>, class stlpmtx_std::StlNodeAlloc<struct stlpmtx_std::pair<class Symbol const, int>>>::_M_find<class Symbol>(class Symbol const &) const	private: class stlpmtx_std::priv::_Slist_iterator<struct stlpmtx_std::pair<class Symbol const, class stlpmtx_std::vector<class PatchSticker *, class stlpmtx_std::StlNodeAlloc<class PatchSticker *>>>, struct stlpmtx_std::_Nonconst_traits<struct stlpmtx_std::pair<class Symbol const, class stlpmtx_std::vector<class PatchSticker *, class stlpmtx_std::StlNodeAlloc<class PatchSticker *>>>>> __cdecl stlpmtx_std::hashtable<struct stlpmtx_std::pair<class Symbol const, class stlpmtx_std::vector<class PatchSticker *, class stlpmtx_std::StlNodeAlloc<class PatchSticker *>>>, class Symbol, struct PatchDir::SymbolHash, struct stlpmtx_std::priv::_HashMapTraitsT<struct stlpmtx_std::pair<class Symbol const, class stlpmtx_std::vector<class PatchSticker *, class stlpmtx_std::StlNodeAlloc<class PatchSticker *>>>>, struct stlpmtx_std::_Select1st<struct stlpmtx_std::pair<class Symbol const, class stlpmtx_std::vector<class PatchSticker *, class stlpmtx_std::StlNodeAlloc<class PatchSticker *>>>>, struct stlpmtx_std::equal_to<class Symbol>, class stlpmtx_std::StlNodeAlloc<struct stlpmtx_std::pair<class Symbol const, class stlpmtx_std::vector<class PatchSticker *, class stlpmtx_std::StlNodeAlloc<class PatchSticker *>>>>>::_M_find<class Symbol>(class Symbol const &) const
724	UNDECIDABLE	engine	default/LightHue	?Sync@LightHue@@AAAXXZ	99.9724	UNKNOWN	REFUTED	private: void __cdecl stlpmtx_std::vector<class Stats::MultiplierInfo, class stlpmtx_std::StlNodeAlloc<class Stats::MultiplierInfo>>::_M_fill_insert(class Stats::MultiplierInfo *, unsigned int, class Stats::MultiplierInfo const &)	private: void __cdecl stlpmtx_std::vector<class Key<class Vector3>, class stlpmtx_std::StlNodeAlloc<class Key<class Vector3>>>::_M_fill_insert(class Key<class Vector3> *, unsigned int, class Key<class Vector3> const &)
696	A_FOLD_CONSISTENT	engine	default/Instance	?LoadPersistentObjects@WorldInstance@@AAAXAAVBinStreamRev@@@Z	99.9713	SAME	REFUTED	public: struct stlpmtx_std::_List_iterator<class CharClip *, struct stlpmtx_std::_Nonconst_traits<class CharClip *>> __cdecl stlpmtx_std::list<class CharClip *, class stlpmtx_std::StlNodeAlloc<class CharClip *>>::insert(struct stlpmtx_std::_List_iterator<class CharClip *, struct stlpmtx_std::_Nonconst_traits<class CharClip *>>, class CharClip *const &)	public: struct stlpmtx_std::_List_iterator<class Hmx::Object *, struct stlpmtx_std::_Nonconst_traits<class Hmx::Object *>> __cdecl stlpmtx_std::list<class Hmx::Object *, class stlpmtx_std::StlNodeAlloc<class Hmx::Object *>>::insert(struct stlpmtx_std::_List_iterator<class Hmx::Object *, struct stlpmtx_std::_Nonconst_traits<class Hmx::Object *>>, class Hmx::Object *const &)
684	A_FOLD_CONSISTENT	engine	default/FileMerger	?StartLoadInternal@FileMerger@@IAA_N_N0@Z	99.9708	SAME	REFUTED	public: struct stlpmtx_std::_List_iterator<class CharClip *, struct stlpmtx_std::_Nonconst_traits<class CharClip *>> __cdecl stlpmtx_std::list<class CharClip *, class stlpmtx_std::StlNodeAlloc<class CharClip *>>::insert(struct stlpmtx_std::_List_iterator<class CharClip *, struct stlpmtx_std::_Nonconst_traits<class CharClip *>>, class CharClip *const &)	public: struct stlpmtx_std::_List_iterator<struct FileMerger::Merger *, struct stlpmtx_std::_Nonconst_traits<struct FileMerger::Merger *>> __cdecl stlpmtx_std::list<struct FileMerger::Merger *, class stlpmtx_std::StlNodeAlloc<struct FileMerger::Merger *>>::insert(struct stlpmtx_std::_List_iterator<struct FileMerger::Merger *, struct stlpmtx_std::_Nonconst_traits<struct FileMerger::Merger *>>, struct FileMerger::Merger *const &)
680	A_FOLD_CONSISTENT	engine	default/CharIKFingers	?PollDeps@CharIKFingers@@UAAXAAV?$list@PAVObject@Hmx@@V?$StlNodeAlloc@PAVObject@Hmx@@@stlpmtx_std@@@stlpmtx_std@@0@Z	99.7059	SAME	REFUTED	public: struct stlpmtx_std::_List_iterator<class CharClip *, struct stlpmtx_std::_Nonconst_traits<class CharClip *>> __cdecl stlpmtx_std::list<class CharClip *, class stlpmtx_std::StlNodeAlloc<class CharClip *>>::insert(struct stlpmtx_std::_List_iterator<class CharClip *, struct stlpmtx_std::_Nonconst_traits<class CharClip *>>, class CharClip *const &)	public: struct stlpmtx_std::_List_iterator<class Hmx::Object *, struct stlpmtx_std::_Nonconst_traits<class Hmx::Object *>> __cdecl stlpmtx_std::list<class Hmx::Object *, class stlpmtx_std::StlNodeAlloc<class Hmx::Object *>>::insert(struct stlpmtx_std::_List_iterator<class Hmx::Object *, struct stlpmtx_std::_Nonconst_traits<class Hmx::Object *>>, class Hmx::Object *const &)
664	A_FOLD_CONSISTENT	engine	default/FileCache	?Add@FileCache@@QAAXABVFilePath@@H0@Z	99.9699	SAME	REFUTED	public: void __cdecl stlpmtx_std::vector<class ChatReceiver *, class stlpmtx_std::StlNodeAlloc<class ChatReceiver *>>::push_back(class ChatReceiver *const &)	public: void __cdecl stlpmtx_std::vector<class FileCacheEntry *, class stlpmtx_std::StlNodeAlloc<class FileCacheEntry *>>::push_back(class FileCacheEntry *const &)
656	C_PROVEN_CALLEE	game	default/band3/game/TrainerGemTab	?Draw@TrainerGemTab@@QAAXH@Z	99.9695	DIFFERENT	CORROBORATED	protected: class RndLine::Point * __cdecl stlpmtx_std::vector<class RndLine::Point, class stlpmtx_std::StlNodeAlloc<class RndLine::Point>>::_M_erase(class RndLine::Point *, class RndLine::Point *, struct stlpmtx_std::__false_type const &)	protected: class TrainerGemTab::ExtraTail * __cdecl stlpmtx_std::vector<class TrainerGemTab::ExtraTail, class stlpmtx_std::StlNodeAlloc<class TrainerGemTab::ExtraTail>>::_M_erase(class TrainerGemTab::ExtraTail *, class TrainerGemTab::ExtraTail *, struct stlpmtx_std::__false_type const &)
648	UNDECIDABLE	engine	default/GemTrackDir	?OnDrawSampleChord@GemTrackDir@@QAA?AVDataNode@@PAVDataArray@@@Z	99.9691	UNKNOWN	REFUTED	private: void __cdecl stlpmtx_std::vector<class Hmx::Object *, class stlpmtx_std::StlNodeAlloc<class Hmx::Object *>>::_M_fill_insert(class Hmx::Object **, unsigned int, class Hmx::Object *const &)	private: void __cdecl stlpmtx_std::vector<int, class stlpmtx_std::StlNodeAlloc<int>>::_M_fill_insert(int *, unsigned int, int const &)
636	UNDECIDABLE	game	default/band3/meta_band/SongSort	?BuildSongTree@SongSort@@QAAXAAV?$map@VSymbol@@VSongRecord@@U?$less@VSymbol@@@stlpmtx_std@@V?$StlNodeAlloc@U?$pair@$$CBVSymbol@@VSongRecord@@@stlpmtx_std@@@4@@stlpmtx_std@@AAV?$vector@PAVStoreOffer@@V?$StlNodeAlloc@PAVStoreOffer@@@stlpmtx_std@@@3@@Z	99.9371	UNKNOWN	REFUTED	private: void __cdecl stlpmtx_std::vector<class Hmx::Object *, class stlpmtx_std::StlNodeAlloc<class Hmx::Object *>>::_M_fill_insert(class Hmx::Object **, unsigned int, class Hmx::Object *const &)	private: void __cdecl stlpmtx_std::vector<class ShortcutNode *, class stlpmtx_std::StlNodeAlloc<class ShortcutNode *>>::_M_fill_insert(class ShortcutNode **, unsigned int, class ShortcutNode *const &)
636	UNDECIDABLE	engine	default/TrackDir	?PostLoad@TrackDir@@UAAXAAVBinStream@@@Z	99.9685	UNKNOWN	CORROBORATED	public: void __cdecl stlpmtx_std::vector<class ObjectDir::Viewport, class stlpmtx_std::StlNodeAlloc<class ObjectDir::Viewport>>::resize(unsigned int, class ObjectDir::Viewport const &)	public: void __cdecl stlpmtx_std::vector<class Transform, class stlpmtx_std::StlNodeAlloc<class Transform>>::resize(unsigned int, class Transform const &)
628	A_FOLD_CONSISTENT	engine	default/MasterAudio	?SetupTracks@MasterAudio@@QAAXPAVSongInfo@@PAVPlayerTrackConfigList@@@Z	99.9363	SAME	REFUTED	public: void __cdecl stlpmtx_std::vector<class ChatReceiver *, class stlpmtx_std::StlNodeAlloc<class ChatReceiver *>>::push_back(class ChatReceiver *const &)	public: void __cdecl stlpmtx_std::vector<class TrackData *, class stlpmtx_std::StlNodeAlloc<class TrackData *>>::push_back(class TrackData *const &)
620	UNDECIDABLE	game	default/band3/meta_band/CharProvider	?AddCharactersFromProfile@CharProvider@@QAAXPAVBandProfile@@@Z	99.9032	UNKNOWN	REFUTED	public: void __cdecl stlpmtx_std::vector<struct PressRec, class stlpmtx_std::StlNodeAlloc<struct PressRec>>::push_back(struct PressRec const &)	public: void __cdecl stlpmtx_std::vector<class CharProvider::CharacterEntry, class stlpmtx_std::StlNodeAlloc<class CharProvider::CharacterEntry>>::push_back(class CharProvider::CharacterEntry const &)
612	A_FOLD_CONSISTENT	engine	default/FileMerger	?PollDeps@CharIKHand@@UAAXAAV?$list@PAVObject@Hmx@@V?$StlNodeAlloc@PAVObject@Hmx@@@stlpmtx_std@@@stlpmtx_std@@0@Z	99.7059	SAME	REFUTED	public: struct stlpmtx_std::_List_iterator<class CharClip *, struct stlpmtx_std::_Nonconst_traits<class CharClip *>> __cdecl stlpmtx_std::list<class CharClip *, class stlpmtx_std::StlNodeAlloc<class CharClip *>>::insert(struct stlpmtx_std::_List_iterator<class CharClip *, struct stlpmtx_std::_Nonconst_traits<class CharClip *>>, class CharClip *const &)	public: struct stlpmtx_std::_List_iterator<class Hmx::Object *, struct stlpmtx_std::_Nonconst_traits<class Hmx::Object *>> __cdecl stlpmtx_std::list<class Hmx::Object *, class stlpmtx_std::StlNodeAlloc<class Hmx::Object *>>::insert(struct stlpmtx_std::_List_iterator<class Hmx::Object *, struct stlpmtx_std::_Nonconst_traits<class Hmx::Object *>>, class Hmx::Object *const &)
588	A_FOLD_CONSISTENT	game	default/band3/meta_band/AccomplishmentProgress	??0AccomplishmentProgress@@QAA@PAVBandProfile@@@Z	99.9660	SAME	CORROBORATED	public: __cdecl stlpmtx_std::hash_map<class Symbol, int, struct stlpmtx_std::hash<class Symbol>, struct stlpmtx_std::equal_to<class Symbol>, class stlpmtx_std::StlNodeAlloc<struct stlpmtx_std::pair<class Symbol const, int>>>::hash_map<class Symbol, int, struct stlpmtx_std::hash<class Symbol>, struct stlpmtx_std::equal_to<class Symbol>, class stlpmtx_std::StlNodeAlloc<struct stlpmtx_std::pair<class Symbol const, int>>>(void)	public: __cdecl stlpmtx_std::hash_map<int, int, struct stlpmtx_std::hash<int>, struct stlpmtx_std::equal_to<int>, class stlpmtx_std::StlNodeAlloc<struct stlpmtx_std::pair<int const, int>>>::hash_map<int, int, struct stlpmtx_std::hash<int>, struct stlpmtx_std::equal_to<int>, class stlpmtx_std::StlNodeAlloc<struct stlpmtx_std::pair<int const, int>>>(void)
588	UNDECIDABLE	engine	default/system/synth_xbox/Synth	?SetupHeadsetSubmixes@Synth360@@AAAXXZ	85.9524	UNKNOWN	REFUTED	private: void __cdecl stlpmtx_std::vector<class Hmx::Object *, class stlpmtx_std::StlNodeAlloc<class Hmx::Object *>>::_M_fill_insert(class Hmx::Object **, unsigned int, class Hmx::Object *const &)	private: void __cdecl stlpmtx_std::vector<struct IXAudio2SubmixVoice *, class stlpmtx_std::StlNodeAlloc<struct IXAudio2SubmixVoice *>>::_M_fill_insert(struct IXAudio2SubmixVoice **, unsigned int, struct IXAudio2SubmixVoice *const &)
568	A_FOLD_CONSISTENT	game	default/OvershellPanel	?ResolveReadyToPlayStates@OvershellPanel@@QAAXXZ	99.9648	SAME	REFUTED	public: void __cdecl stlpmtx_std::vector<class ChatReceiver *, class stlpmtx_std::StlNodeAlloc<class ChatReceiver *>>::push_back(class ChatReceiver *const &)	public: void __cdecl stlpmtx_std::vector<class OvershellSlot *, class stlpmtx_std::StlNodeAlloc<class OvershellSlot *>>::push_back(class OvershellSlot *const &)
564	A_FOLD_CONSISTENT	engine	default/FileMerger	?FinishLoading@FileMerger@@MAAXPAVLoader@@@Z	99.9645	SAME	REFUTED	private: void __cdecl ObjPtrList<class Task, class ObjectDir>::Link(class ObjPtrList<class Task, class ObjectDir>::iterator, struct ObjPtrList<class Task, class ObjectDir>::Node *)	private: void __cdecl ObjPtrList<class Hmx::Object, class ObjectDir>::Link(class ObjPtrList<class Hmx::Object, class ObjectDir>::iterator, struct ObjPtrList<class Hmx::Object, class ObjectDir>::Node *)
560	UNDECIDABLE	engine	default/BandDirector	?OnGetCatList@BandDirector@@QAA?AVDataNode@@PAVDataArray@@@Z	99.9643	UNKNOWN	REFUTED	public: void __cdecl stlpmtx_std::vector<class Vector2, class stlpmtx_std::StlNodeAlloc<class Vector2>>::push_back(class Vector2 const &)	public: void __cdecl stlpmtx_std::vector<class Key<class Symbol>, class stlpmtx_std::StlNodeAlloc<class Key<class Symbol>>>::push_back(class Key<class Symbol> const &)
556	A_FOLD_CONSISTENT	game	default/SongSortMgr	?BuildFilteredSongList@SongSortMgr@@QAAXPAVSongFilter@1@VSymbol@@@Z	99.9640	SAME	REFUTED	public: void __cdecl stlpmtx_std::vector<class ChatReceiver *, class stlpmtx_std::StlNodeAlloc<class ChatReceiver *>>::push_back(class ChatReceiver *const &)	public: void __cdecl stlpmtx_std::vector<class StoreOffer *, class stlpmtx_std::StlNodeAlloc<class StoreOffer *>>::push_back(class StoreOffer *const &)
556	UNDECIDABLE	engine	default/CharMirror	?SyncBones@CharMirror@@IAAXXZ	99.9640	UNKNOWN	REFUTED	public: void __cdecl stlpmtx_std::vector<class Stats::StreakInfo, class stlpmtx_std::StlNodeAlloc<class Stats::StreakInfo>>::resize(unsigned int, class Stats::StreakInfo const &)	public: void __cdecl stlpmtx_std::vector<struct CharMirror::MirrorOp, class stlpmtx_std::StlNodeAlloc<struct CharMirror::MirrorOp>>::resize(unsigned int, struct CharMirror::MirrorOp const &)
540	A_FOLD_CONSISTENT	game	default/ProfileMgr	?Init@ProfileMgr@@QAAXXZ	99.9630	SAME	REFUTED	public: void __cdecl stlpmtx_std::vector<class ChatReceiver *, class stlpmtx_std::StlNodeAlloc<class ChatReceiver *>>::push_back(class ChatReceiver *const &)	public: void __cdecl stlpmtx_std::vector<class BandProfile *, class stlpmtx_std::StlNodeAlloc<class BandProfile *>>::push_back(class BandProfile *const &)
540	UNDECIDABLE	engine	default/CDReader	?ArkFilesInit@?A0x7f36a62b@@YAHXZ	99.9259	UNKNOWN	REFUTED	private: void __cdecl stlpmtx_std::vector<class Hmx::Object *, class stlpmtx_std::StlNodeAlloc<class Hmx::Object *>>::_M_fill_insert(class Hmx::Object **, unsigned int, class Hmx::Object *const &)	private: void __cdecl stlpmtx_std::vector<void *, class stlpmtx_std::StlNodeAlloc<void *>>::_M_fill_insert(void **, unsigned int, void *const &)
532	BC_DIFFERENT_UNRESOLVED	engine	default/system/world/Dir	?Copy@WorldDir@@UAAXPBVObject@Hmx@@W4CopyType@23@@Z	99.9624	DIFFERENT	REFUTED	public: void __cdecl ObjList<struct BandCamShot::Target>::operator=(class ObjList<struct BandCamShot::Target> const &)	public: void __cdecl ObjList<struct WorldDir::MatOverride>::operator=(class ObjList<struct WorldDir::MatOverride> const &)
528	A_FOLD_CONSISTENT	game	default/band3/bandtrack/TrackPanel	?CreateTracks@TrackPanel@@QAAXXZ	99.9242	SAME	REFUTED	public: void __cdecl stlpmtx_std::vector<class ChatReceiver *, class stlpmtx_std::StlNodeAlloc<class ChatReceiver *>>::push_back(class ChatReceiver *const &)	public: void __cdecl stlpmtx_std::vector<class Track *, class stlpmtx_std::StlNodeAlloc<class Track *>>::push_back(class Track *const &)
528	UNDECIDABLE	game	default/FocusTracker	?FirstFrame_@FocusTracker@@UAAXM@Z	99.9621	UNKNOWN	CORROBORATED	public: void __cdecl stlpmtx_std::_Rb_tree<int, struct stlpmtx_std::less<int>, struct stlpmtx_std::pair<int const, class Hmx::Color>, struct stlpmtx_std::_Select1st<struct stlpmtx_std::pair<int const, class Hmx::Color>>, struct stlpmtx_std::priv::_MapTraitsT<struct stlpmtx_std::pair<int const, class Hmx::Color>>, class stlpmtx_std::StlNodeAlloc<struct stlpmtx_std::pair<int const, class Hmx::Color>>>::clear(void)	public: void __cdecl stlpmtx_std::_Rb_tree<struct TrackerPlayerID, struct stlpmtx_std::less<struct TrackerPlayerID>, struct stlpmtx_std::pair<struct TrackerPlayerID const, int>, struct stlpmtx_std::_Select1st<struct stlpmtx_std::pair<struct TrackerPlayerID const, int>>, struct stlpmtx_std::priv::_MapTraitsT<struct stlpmtx_std::pair<struct TrackerPlayerID const, int>>, class stlpmtx_std::StlNodeAlloc<struct stlpmtx_std::pair<struct TrackerPlayerID const, int>>>::clear(void)
528	A_FOLD_CONSISTENT	game	default/NextSongPanel	?FinishLoad@NextSongPanel@@UAAXXZ	99.4697	SAME	CORROBORATED	public: class BandLabel * __cdecl ObjectDir::Find<class BandLabel>(char const *, bool)	public: class UILabel * __cdecl ObjectDir::Find<class UILabel>(char const *, bool)
524	A_FOLD_CONSISTENT	engine	default/LabelShrinkWrapper	?SyncProperty@LabelShrinkWrapper@@UAA_NAAVDataNode@@PAVDataArray@@HW4PropOp@@@Z	99.9618	SAME	REFUTED	public: void __cdecl ObjRefConcrete<class BandCharacter, class ObjectDir>::SetObjConcrete(class BandCharacter *)	public: void __cdecl ObjRefConcrete<class UILabel, class ObjectDir>::SetObjConcrete(class UILabel *)
520	A_FOLD_CONSISTENT	game	default/MetaPerformer	?PotentiallyUpdateLeaderboards@MetaPerformer@@QAAXAAV?$vector@PAVBandUser@@V?$StlNodeAlloc@PAVBandUser@@@stlpmtx_std@@@stlpmtx_std@@_NVSymbol@@ABVBandStatsInfo@@@Z	99.9231	SAME	REFUTED	public: void __cdecl stlpmtx_std::vector<class ChatReceiver *, class stlpmtx_std::StlNodeAlloc<class ChatReceiver *>>::push_back(class ChatReceiver *const &)	public: void __cdecl stlpmtx_std::vector<class LocalBandUser *, class stlpmtx_std::StlNodeAlloc<class LocalBandUser *>>::push_back(class LocalBandUser *const &)
520	A_FOLD_CONSISTENT	engine	default/CharWeightSetter	?PollDeps@CharWeightSetter@@UAAXAAV?$list@PAVObject@Hmx@@V?$StlNodeAlloc@PAVObject@Hmx@@@stlpmtx_std@@@stlpmtx_std@@0@Z	99.8077	SAME	REFUTED	public: struct stlpmtx_std::_List_iterator<class CharClip *, struct stlpmtx_std::_Nonconst_traits<class CharClip *>> __cdecl stlpmtx_std::list<class CharClip *, class stlpmtx_std::StlNodeAlloc<class CharClip *>>::insert(struct stlpmtx_std::_List_iterator<class CharClip *, struct stlpmtx_std::_Nonconst_traits<class CharClip *>>, class CharClip *const &)	public: struct stlpmtx_std::_List_iterator<class Hmx::Object *, struct stlpmtx_std::_Nonconst_traits<class Hmx::Object *>> __cdecl stlpmtx_std::list<class Hmx::Object *, class stlpmtx_std::StlNodeAlloc<class Hmx::Object *>>::insert(struct stlpmtx_std::_List_iterator<class Hmx::Object *, struct stlpmtx_std::_Nonconst_traits<class Hmx::Object *>>, class Hmx::Object *const &)
516	A_FOLD_CONSISTENT	engine	default/Crowd	??1WorldCrowd@@UAA@XZ	99.9612	SAME	REFUTED	public: virtual __cdecl ObjRefConcrete<class CharLookAt, class ObjectDir>::~ObjRefConcrete<class CharLookAt, class ObjectDir>(void)	public: virtual __cdecl ObjRefConcrete<class RndMesh, class ObjectDir>::~ObjRefConcrete<class RndMesh, class ObjectDir>(void)
516	A_FOLD_CONSISTENT	engine	default/CrowdAudio	??1CrowdAudio@@UAA@XZ	99.9612	SAME	REFUTED	public: virtual __cdecl ObjRefConcrete<class BandCamShot, class ObjectDir>::~ObjRefConcrete<class BandCamShot, class ObjectDir>(void)	public: virtual __cdecl ObjRefConcrete<class ObjectDir, class ObjectDir>::~ObjRefConcrete<class ObjectDir, class ObjectDir>(void)
508	A_FOLD_CONSISTENT	engine	default/VorbisReader	??0VorbisReader@@QAA@PAVFile@@_NPAVStandardStream@@11@Z	99.9606	SAME	REFUTED	public: struct stlpmtx_std::_List_iterator<class CharClip *, struct stlpmtx_std::_Nonconst_traits<class CharClip *>> __cdecl stlpmtx_std::list<class CharClip *, class stlpmtx_std::StlNodeAlloc<class CharClip *>>::insert(struct stlpmtx_std::_List_iterator<class CharClip *, struct stlpmtx_std::_Nonconst_traits<class CharClip *>>, class CharClip *const &)	public: struct stlpmtx_std::_List_iterator<class VorbisReader *, struct stlpmtx_std::_Nonconst_traits<class VorbisReader *>> __cdecl stlpmtx_std::list<class VorbisReader *, class stlpmtx_std::StlNodeAlloc<class VorbisReader *>>::insert(struct stlpmtx_std::_List_iterator<class VorbisReader *, struct stlpmtx_std::_Nonconst_traits<class VorbisReader *>>, class VorbisReader *const &)
504	A_FOLD_CONSISTENT	engine	default/Spotlight	?Mats@Spotlight@@UAAXAAV?$list@PAVRndMat@@V?$StlNodeAlloc@PAVRndMat@@@stlpmtx_std@@@stlpmtx_std@@_N@Z	99.7619	SAME	REFUTED	public: struct stlpmtx_std::_List_iterator<class CharClip *, struct stlpmtx_std::_Nonconst_traits<class CharClip *>> __cdecl stlpmtx_std::list<class CharClip *, class stlpmtx_std::StlNodeAlloc<class CharClip *>>::insert(struct stlpmtx_std::_List_iterator<class CharClip *, struct stlpmtx_std::_Nonconst_traits<class CharClip *>>, class CharClip *const &)	public: struct stlpmtx_std::_List_iterator<class RndMat *, struct stlpmtx_std::_Nonconst_traits<class RndMat *>> __cdecl stlpmtx_std::list<class RndMat *, class stlpmtx_std::StlNodeAlloc<class RndMat *>>::insert(struct stlpmtx_std::_List_iterator<class RndMat *, struct stlpmtx_std::_Nonconst_traits<class RndMat *>>, class RndMat *const &)
500	BC_DIFFERENT_UNRESOLVED	engine	default/SongMgr	?CacheSongData@SongMgr@@IAAXPAVDataArray@@PAVDataLoader@@W4ContentLocT@@VSymbol@@@Z	99.9600	DIFFERENT	REFUTED	public: class stlpmtx_std::vector<class LightPreset *, class stlpmtx_std::StlNodeAlloc<class LightPreset *>> & __cdecl stlpmtx_std::hash_map<class Symbol, class stlpmtx_std::vector<class LightPreset *, class stlpmtx_std::StlNodeAlloc<class LightPreset *>>, struct LightPresetManager::SymbolHash, struct stlpmtx_std::equal_to<class Symbol>, class stlpmtx_std::StlNodeAlloc<struct stlpmtx_std::pair<class Symbol const, class stlpmtx_std::vector<class LightPreset *, class stlpmtx_std::StlNodeAlloc<class LightPreset *>>>>>::operator[](class Symbol const &)	public: class stlpmtx_std::vector<int, class stlpmtx_std::StlNodeAlloc<int>> & __cdecl stlpmtx_std::hash_map<class Symbol, class stlpmtx_std::vector<int, class stlpmtx_std::StlNodeAlloc<int>>, struct stlpmtx_std::hash<class Symbol>, struct stlpmtx_std::equal_to<class Symbol>, class stlpmtx_std::StlNodeAlloc<struct stlpmtx_std::pair<class Symbol const, class stlpmtx_std::vector<int, class stlpmtx_std::StlNodeAlloc<int>>>>>::operator[](class Symbol const &)
496	UNDECIDABLE	game	default/GameMicManager	??0GameMicManager@@QAA@XZ	99.9597	UNKNOWN	REFUTED	private: void __cdecl stlpmtx_std::vector<class Hmx::Object *, class stlpmtx_std::StlNodeAlloc<class Hmx::Object *>>::_M_fill_insert(class Hmx::Object **, unsigned int, class Hmx::Object *const &)	private: void __cdecl stlpmtx_std::vector<class GameMic *, class stlpmtx_std::StlNodeAlloc<class GameMic *>>::_M_fill_insert(class GameMic **, unsigned int, class GameMic *const &)
488	A_FOLD_CONSISTENT	game	default/band3/game/BandPerformer	?WeightedCrowdLevel@BandPerformer@@QBAMXZ	99.9590	SAME	REFUTED	public: void __cdecl stlpmtx_std::vector<struct CharPollableSorter::Dep *, class stlpmtx_std::StlNodeAlloc<struct CharPollableSorter::Dep *>>::reserve(unsigned int)	public: void __cdecl stlpmtx_std::vector<float, class stlpmtx_std::StlNodeAlloc<float>>::reserve(unsigned int)
484	UNDECIDABLE	engine	default/SongData	?ComputeVocalRangeData@SongData@@QAAXXZ	99.9174	UNKNOWN	REFUTED	public: void __cdecl stlpmtx_std::vector<class SongParser::GemInProgress, class stlpmtx_std::StlNodeAlloc<class SongParser::GemInProgress>>::push_back(class SongParser::GemInProgress const &)	public: void __cdecl stlpmtx_std::vector<class RangeSection, class stlpmtx_std::StlNodeAlloc<class RangeSection>>::push_back(class RangeSection const &)
468	A_FOLD_CONSISTENT	engine	default/CharEyes	?PollDeps@CharEyes@@UAAXAAV?$list@PAVObject@Hmx@@V?$StlNodeAlloc@PAVObject@Hmx@@@stlpmtx_std@@@stlpmtx_std@@0@Z	99.7863	SAME	REFUTED	public: struct stlpmtx_std::_List_iterator<class CharClip *, struct stlpmtx_std::_Nonconst_traits<class CharClip *>> __cdecl stlpmtx_std::list<class CharClip *, class stlpmtx_std::StlNodeAlloc<class CharClip *>>::insert(struct stlpmtx_std::_List_iterator<class CharClip *, struct stlpmtx_std::_Nonconst_traits<class CharClip *>>, class CharClip *const &)	public: struct stlpmtx_std::_List_iterator<class Hmx::Object *, struct stlpmtx_std::_Nonconst_traits<class Hmx::Object *>> __cdecl stlpmtx_std::list<class Hmx::Object *, class stlpmtx_std::StlNodeAlloc<class Hmx::Object *>>::insert(struct stlpmtx_std::_List_iterator<class Hmx::Object *, struct stlpmtx_std::_Nonconst_traits<class Hmx::Object *>>, class Hmx::Object *const &)
464	A_FOLD_CONSISTENT	engine	default/Trans	?SetTransParent@RndTransformable@@QAAXPAV1@_N@Z	99.9569	SAME	REFUTED	public: struct stlpmtx_std::_List_iterator<class CharClip *, struct stlpmtx_std::_Nonconst_traits<class CharClip *>> __cdecl stlpmtx_std::list<class CharClip *, class stlpmtx_std::StlNodeAlloc<class CharClip *>>::insert(struct stlpmtx_std::_List_iterator<class CharClip *, struct stlpmtx_std::_Nonconst_traits<class CharClip *>>, class CharClip *const &)	public: struct stlpmtx_std::_List_iterator<class RndTransformable *, struct stlpmtx_std::_Nonconst_traits<class RndTransformable *>> __cdecl stlpmtx_std::list<class RndTransformable *, class stlpmtx_std::StlNodeAlloc<class RndTransformable *>>::insert(struct stlpmtx_std::_List_iterator<class RndTransformable *, struct stlpmtx_std::_Nonconst_traits<class RndTransformable *>>, class RndTransformable *const &)
464	A_FOLD_CONSISTENT	engine	default/Anim	?OnSupportedEvents@RndDir@@IAA?AVDataNode@@PAVDataArray@@@Z	99.9569	SAME	REFUTED	public: struct stlpmtx_std::_List_iterator<class CharClip *, struct stlpmtx_std::_Nonconst_traits<class CharClip *>> __cdecl stlpmtx_std::list<class CharClip *, class stlpmtx_std::StlNodeAlloc<class CharClip *>>::insert(struct stlpmtx_std::_List_iterator<class CharClip *, struct stlpmtx_std::_Nonconst_traits<class CharClip *>>, class CharClip *const &)	public: struct stlpmtx_std::_List_iterator<class DataArray *, struct stlpmtx_std::_Nonconst_traits<class DataArray *>> __cdecl stlpmtx_std::list<class DataArray *, class stlpmtx_std::StlNodeAlloc<class DataArray *>>::insert(struct stlpmtx_std::_List_iterator<class DataArray *, struct stlpmtx_std::_Nonconst_traits<class DataArray *>>, class DataArray *const &)
464	AB_ONE_BODY	engine	default/AnimFilter	?OnSafeAnims@RndAnimFilter@@IAA?AVDataNode@@PAVDataArray@@@Z	99.9138	UNKNOWN	REFUTED	public: class ObjDirItr<class RndPollable> & __cdecl ObjDirItr<class RndPollable>::operator++(void)	public: class ObjDirItr<class RndAnimatable> & __cdecl ObjDirItr<class RndAnimatable>::operator++(void)
464	BC_DIFFERENT_UNRESOLVED	engine	default/UISlider	??1PanelDir@@UAA@XZ	99.9138	DIFFERENT	REFUTED	public: __cdecl stlpmtx_std::vector<struct ObjPtrVec<class Hmx::Object, class ObjectDir>::Node, class stlpmtx_std::StlNodeAlloc<struct ObjPtrVec<class Hmx::Object, class ObjectDir>::Node>>::~vector<struct ObjPtrVec<class Hmx::Object, class ObjectDir>::Node, class stlpmtx_std::StlNodeAlloc<struct ObjPtrVec<class Hmx::Object, class ObjectDir>::Node>>(void)	public: __cdecl stlpmtx_std::vector<class FilePath, class stlpmtx_std::StlNodeAlloc<class FilePath>>::~vector<class FilePath, class stlpmtx_std::StlNodeAlloc<class FilePath>>(void)
460	UNDECIDABLE	game	default/band3/bandtrack/TrackPanel	??0TrackPanel@@QAA@XZ	99.9565	UNKNOWN	REFUTED	public: void __cdecl stlpmtx_std::vector<class Vector2, class stlpmtx_std::StlNodeAlloc<class Vector2>>::push_back(class Vector2 const &)	public: void __cdecl stlpmtx_std::vector<class TrackPanel::TrackSlot, class stlpmtx_std::StlNodeAlloc<class TrackPanel::TrackSlot>>::push_back(class TrackPanel::TrackSlot const &)
456	A_FOLD_CONSISTENT	engine	default/GemTrackDir	?Copy@GemTrackDir@@UAAXPBVObject@Hmx@@W4CopyType@23@@Z	99.9561	SAME	CORROBORATED	public: class stlpmtx_std::vector<int, class stlpmtx_std::StlNodeAlloc<int>> & __cdecl stlpmtx_std::vector<int, class stlpmtx_std::StlNodeAlloc<int>>::operator=(class stlpmtx_std::vector<int, class stlpmtx_std::StlNodeAlloc<int>> const &)	public: class stlpmtx_std::vector<float, class stlpmtx_std::StlNodeAlloc<float>> & __cdecl stlpmtx_std::vector<float, class stlpmtx_std::StlNodeAlloc<float>>::operator=(class stlpmtx_std::vector<float, class stlpmtx_std::StlNodeAlloc<float>> const &)
456	A_FOLD_CONSISTENT	engine	default/PropKeys	?_M_fill_insert_aux@?$vector@V?$Key@VQuat@Hmx@@@@V?$StlNodeAlloc@V?$Key@VQuat@Hmx@@@@@stlpmtx_std@@@stlpmtx_std@@AAAXPAV?$Key@VQuat@Hmx@@@@IABV3@ABU__false_type@2@@Z	99.9561	SAME	CORROBORATED	class CharProvider::CharacterEntry * __cdecl stlpmtx_std::__uninitialized_fill_n<class CharProvider::CharacterEntry *, unsigned int, class CharProvider::CharacterEntry>(class CharProvider::CharacterEntry *, unsigned int, class CharProvider::CharacterEntry const &, struct stlpmtx_std::__false_type const &)	class Key<class Hmx::Quat> * __cdecl stlpmtx_std::__uninitialized_fill_n<class Key<class Hmx::Quat> *, unsigned int, class Key<class Hmx::Quat>>(class Key<class Hmx::Quat> *, unsigned int, class Key<class Hmx::Quat> const &, struct stlpmtx_std::__false_type const &)
448	A_FOLD_CONSISTENT	engine	default/Task	?UpdateVarsObjects@ScriptTask@@IAAXPAVDataArray@@@Z	99.9554	SAME	REFUTED	public: struct stlpmtx_std::_List_iterator<class CharClip *, struct stlpmtx_std::_Nonconst_traits<class CharClip *>> __cdecl stlpmtx_std::list<class CharClip *, class stlpmtx_std::StlNodeAlloc<class CharClip *>>::insert(struct stlpmtx_std::_List_iterator<class CharClip *, struct stlpmtx_std::_Nonconst_traits<class CharClip *>>, class CharClip *const &)	public: struct stlpmtx_std::_List_iterator<class Hmx::Object *, struct stlpmtx_std::_Nonconst_traits<class Hmx::Object *>> __cdecl stlpmtx_std::list<class Hmx::Object *, class stlpmtx_std::StlNodeAlloc<class Hmx::Object *>>::insert(struct stlpmtx_std::_List_iterator<class Hmx::Object *, struct stlpmtx_std::_Nonconst_traits<class Hmx::Object *>>, class Hmx::Object *const &)
440	A_FOLD_CONSISTENT	engine	default/BandHighlight	?Update@BandHighlight@@UAAXXZ	99.9545	SAME	REFUTED	public: void __cdecl stlpmtx_std::vector<class ChatReceiver *, class stlpmtx_std::StlNodeAlloc<class ChatReceiver *>>::push_back(class ChatReceiver *const &)	public: void __cdecl stlpmtx_std::vector<class RndMat *, class stlpmtx_std::StlNodeAlloc<class RndMat *>>::push_back(class RndMat *const &)
436	BC_DIFFERENT_UNRESOLVED	engine	default/DataEventList	?_M_fill_insert_aux@?$vector@VDataEvent@@V?$StlNodeAlloc@VDataEvent@@@stlpmtx_std@@@stlpmtx_std@@AAAXPAVDataEvent@@IABV3@ABU__false_type@2@@Z	99.9083	DIFFERENT	REFUTED	class FilePath * __cdecl stlpmtx_std::__uninitialized_copy<class FilePath const *, class FilePath *>(class FilePath const *, class FilePath const *, class FilePath *, struct stlpmtx_std::__false_type const &)	class DataEvent * __cdecl stlpmtx_std::__uninitialized_copy<class DataEvent *, class DataEvent *>(class DataEvent *, class DataEvent *, class DataEvent *, struct stlpmtx_std::__false_type const &)
432	BC_DIFFERENT_UNRESOLVED	engine	default/EventAnim	??$PropSync@VKeyFrame@EventAnim@@@@YA_NAAV?$ObjList@VKeyFrame@EventAnim@@@@AAVDataNode@@PAVDataArray@@HW4PropOp@@@Z	99.9537	DIFFERENT	REFUTED	public: struct stlpmtx_std::_List_iterator<class HamCamShot *, struct stlpmtx_std::_Nonconst_traits<class HamCamShot *>> __cdecl stlpmtx_std::list<class HamCamShot *, class stlpmtx_std::StlNodeAlloc<class HamCamShot *>>::insert(struct stlpmtx_std::_List_iterator<class HamCamShot *, struct stlpmtx_std::_Nonconst_traits<class HamCamShot *>>, class HamCamShot *const &)	public: struct stlpmtx_std::_List_iterator<class EventAnim::KeyFrame, struct stlpmtx_std::_Nonconst_traits<class EventAnim::KeyFrame>> __cdecl stlpmtx_std::list<class EventAnim::KeyFrame, class stlpmtx_std::StlNodeAlloc<class EventAnim::KeyFrame>>::insert(struct stlpmtx_std::_List_iterator<class EventAnim::KeyFrame, struct stlpmtx_std::_Nonconst_traits<class EventAnim::KeyFrame>>, class EventAnim::KeyFrame const &)
428	UNDECIDABLE	game	default/band3/game/PracticeSectionProvider	?OnText@MidiSectionLister@@UAAXHPBDE@Z	99.9533	UNKNOWN	REFUTED	public: void __cdecl stlpmtx_std::vector<class PlayerTrackConfig, class stlpmtx_std::StlNodeAlloc<class PlayerTrackConfig>>::push_back(class PlayerTrackConfig const &)	public: void __cdecl stlpmtx_std::vector<class PracticeSection, class stlpmtx_std::StlNodeAlloc<class PracticeSection>>::push_back(class PracticeSection const &)
428	BC_DIFFERENT_UNRESOLVED	engine	default/BandDirector	?_M_fill_insert_aux@?$vector@V?$Key@VObjectStage@@@@V?$StlNodeAlloc@V?$Key@VObjectStage@@@@@stlpmtx_std@@@stlpmtx_std@@AAAXPAV?$Key@VObjectStage@@@@IABV3@ABU__false_type@2@@Z	99.9065	DIFFERENT	REFUTED	class PracticeStep * __cdecl stlpmtx_std::__uninitialized_copy<class PracticeStep const *, class PracticeStep *>(class PracticeStep const *, class PracticeStep const *, class PracticeStep *, struct stlpmtx_std::__false_type const &)	class Key<class ObjectStage> * __cdecl stlpmtx_std::__uninitialized_copy<class Key<class ObjectStage> *, class Key<class ObjectStage> *>(class Key<class ObjectStage> *, class Key<class ObjectStage> *, class Key<class ObjectStage> *, struct stlpmtx_std::__false_type const &)
428	A_FOLD_CONSISTENT	engine	default/UI	?InitResources@UIManager@@QAAXVSymbol@@@Z	99.9533	SAME	REFUTED	public: struct stlpmtx_std::_List_iterator<class CharClip *, struct stlpmtx_std::_Nonconst_traits<class CharClip *>> __cdecl stlpmtx_std::list<class CharClip *, class stlpmtx_std::StlNodeAlloc<class CharClip *>>::insert(struct stlpmtx_std::_List_iterator<class CharClip *, struct stlpmtx_std::_Nonconst_traits<class CharClip *>>, class CharClip *const &)	public: struct stlpmtx_std::_List_iterator<class UIResource *, struct stlpmtx_std::_Nonconst_traits<class UIResource *>> __cdecl stlpmtx_std::list<class UIResource *, class stlpmtx_std::StlNodeAlloc<class UIResource *>>::insert(struct stlpmtx_std::_List_iterator<class UIResource *, struct stlpmtx_std::_Nonconst_traits<class UIResource *>>, class UIResource *const &)
424	BC_DIFFERENT_UNRESOLVED	engine	default/FileMerger	?_M_fill_insert_aux@?$vector@UIKTarget@CharIKHand@@V?$StlNodeAlloc@UIKTarget@CharIKHand@@@stlpmtx_std@@@stlpmtx_std@@AAAXPAUIKTarget@CharIKHand@@IABU34@ABU__false_type@2@@Z	99.9057	DIFFERENT	REFUTED	class DataEvent * __cdecl stlpmtx_std::__uninitialized_copy<class DataEvent const *, class DataEvent *>(class DataEvent const *, class DataEvent const *, class DataEvent *, struct stlpmtx_std::__false_type const &)	struct CharIKHand::IKTarget * __cdecl stlpmtx_std::__uninitialized_copy<struct CharIKHand::IKTarget *, struct CharIKHand::IKTarget *>(struct CharIKHand::IKTarget *, struct CharIKHand::IKTarget *, struct CharIKHand::IKTarget *, struct stlpmtx_std::__false_type const &)
420	BC_DIFFERENT_UNRESOLVED	engine	default/system/synth/SynthSample	?_M_fill_insert_aux@?$vector@VSampleMarker@@V?$StlNodeAlloc@VSampleMarker@@@stlpmtx_std@@@stlpmtx_std@@AAAXPAVSampleMarker@@IABV3@ABU__false_type@2@@Z	99.9524	DIFFERENT	REFUTED	struct SkeletonClip::MoveRating * __cdecl stlpmtx_std::__uninitialized_fill_n<struct SkeletonClip::MoveRating *, unsigned int, struct SkeletonClip::MoveRating>(struct SkeletonClip::MoveRating *, unsigned int, struct SkeletonClip::MoveRating const &, struct stlpmtx_std::__false_type const &)	class SampleMarker * __cdecl stlpmtx_std::__uninitialized_fill_n<class SampleMarker *, unsigned int, class SampleMarker>(class SampleMarker *, unsigned int, class SampleMarker const &, struct stlpmtx_std::__false_type const &)
420	A_FOLD_CONSISTENT	engine	default/Crowd	?Save@WorldCrowd@@UAAXAAVBinStream@@@Z	99.9524	SAME	CORROBORATED	public: struct stlpmtx_std::_List_iterator<struct RndMultiMesh::Instance, struct stlpmtx_std::_Nonconst_traits<struct RndMultiMesh::Instance>> __cdecl stlpmtx_std::list<struct RndMultiMesh::Instance, class stlpmtx_std::StlNodeAlloc<struct RndMultiMesh::Instance>>::insert(struct stlpmtx_std::_List_iterator<struct RndMultiMesh::Instance, struct stlpmtx_std::_Nonconst_traits<struct RndMultiMesh::Instance>>, struct RndMultiMesh::Instance const &)	public: struct stlpmtx_std::_List_iterator<class Transform, struct stlpmtx_std::_Nonconst_traits<class Transform>> __cdecl stlpmtx_std::list<class Transform, class stlpmtx_std::StlNodeAlloc<class Transform>>::insert(struct stlpmtx_std::_List_iterator<class Transform, struct stlpmtx_std::_Nonconst_traits<class Transform>>, class Transform const &)
416	A_FOLD_CONSISTENT	engine	default/DirLoader	?MakeFileList@@YA?AVDataNode@@PBD_NP6A_NPAD@Z@Z	99.9519	SAME	REFUTED	public: struct stlpmtx_std::_List_iterator<class CharClip *, struct stlpmtx_std::_Nonconst_traits<class CharClip *>> __cdecl stlpmtx_std::list<class CharClip *, class stlpmtx_std::StlNodeAlloc<class CharClip *>>::insert(struct stlpmtx_std::_List_iterator<class CharClip *, struct stlpmtx_std::_Nonconst_traits<class CharClip *>>, class CharClip *const &)	public: struct stlpmtx_std::_List_iterator<class Symbol, struct stlpmtx_std::_Nonconst_traits<class Symbol>> __cdecl stlpmtx_std::list<class Symbol, class stlpmtx_std::StlNodeAlloc<class Symbol>>::insert(struct stlpmtx_std::_List_iterator<class Symbol, struct stlpmtx_std::_Nonconst_traits<class Symbol>>, class Symbol const &)
416	BC_DIFFERENT_UNRESOLVED	engine	default/MatAnim	?_M_fill_insert_aux@?$vector@V?$Key@VTexPtr@RndMatAnim@@@@V?$StlNodeAlloc@V?$Key@VTexPtr@RndMatAnim@@@@@stlpmtx_std@@@stlpmtx_std@@AAAXPAV?$Key@VTexPtr@RndMatAnim@@@@IABV3@ABU__false_type@2@@Z	99.9519	DIFFERENT	REFUTED	struct DistEntry * __cdecl stlpmtx_std::__uninitialized_fill_n<struct DistEntry *, unsigned int, struct DistEntry>(struct DistEntry *, unsigned int, struct DistEntry const &, struct stlpmtx_std::__false_type const &)	class Key<class RndMatAnim::TexPtr> * __cdecl stlpmtx_std::__uninitialized_fill_n<class Key<class RndMatAnim::TexPtr> *, unsigned int, class Key<class RndMatAnim::TexPtr>>(class Key<class RndMatAnim::TexPtr> *, unsigned int, class Key<class RndMatAnim::TexPtr> const &, struct stlpmtx_std::__false_type const &)
408	A_FOLD_CONSISTENT	engine	default/system/obj/Utl	?WalkProps@@YAXPAVDataArray@@AAV?$list@VSymbol@@V?$StlNodeAlloc@VSymbol@@@stlpmtx_std@@@stlpmtx_std@@PAV23@@Z	99.9510	SAME	REFUTED	public: struct stlpmtx_std::_List_iterator<class CharClip *, struct stlpmtx_std::_Nonconst_traits<class CharClip *>> __cdecl stlpmtx_std::list<class CharClip *, class stlpmtx_std::StlNodeAlloc<class CharClip *>>::insert(struct stlpmtx_std::_List_iterator<class CharClip *, struct stlpmtx_std::_Nonconst_traits<class CharClip *>>, class CharClip *const &)	public: struct stlpmtx_std::_List_iterator<class Symbol, struct stlpmtx_std::_Nonconst_traits<class Symbol>> __cdecl stlpmtx_std::list<class Symbol, class stlpmtx_std::StlNodeAlloc<class Symbol>>::insert(struct stlpmtx_std::_List_iterator<class Symbol, struct stlpmtx_std::_Nonconst_traits<class Symbol>>, class Symbol const &)
408	A_FOLD_CONSISTENT	engine	default/CharIKHead	?PollDeps@CharIKHead@@UAAXAAV?$list@PAVObject@Hmx@@V?$StlNodeAlloc@PAVObject@Hmx@@@stlpmtx_std@@@stlpmtx_std@@0@Z	99.7549	SAME	REFUTED	public: struct stlpmtx_std::_List_iterator<class CharClip *, struct stlpmtx_std::_Nonconst_traits<class CharClip *>> __cdecl stlpmtx_std::list<class CharClip *, class stlpmtx_std::StlNodeAlloc<class CharClip *>>::insert(struct stlpmtx_std::_List_iterator<class CharClip *, struct stlpmtx_std::_Nonconst_traits<class CharClip *>>, class CharClip *const &)	public: struct stlpmtx_std::_List_iterator<class Hmx::Object *, struct stlpmtx_std::_Nonconst_traits<class Hmx::Object *>> __cdecl stlpmtx_std::list<class Hmx::Object *, class stlpmtx_std::StlNodeAlloc<class Hmx::Object *>>::insert(struct stlpmtx_std::_List_iterator<class Hmx::Object *, struct stlpmtx_std::_Nonconst_traits<class Hmx::Object *>>, class Hmx::Object *const &)
404	A_FOLD_CONSISTENT	game	default/BandMachineMgr	??0BandMachineMgr@@QAA@PAVSessionMgr@@PAVBandUserMgr@@@Z	99.9505	SAME	REFUTED	public: void __cdecl stlpmtx_std::vector<class ChatReceiver *, class stlpmtx_std::StlNodeAlloc<class ChatReceiver *>>::push_back(class ChatReceiver *const &)	public: void __cdecl stlpmtx_std::vector<class RemoteBandMachine *, class stlpmtx_std::StlNodeAlloc<class RemoteBandMachine *>>::push_back(class RemoteBandMachine *const &)
404	A_FOLD_CONSISTENT	game	default/band3/meta_band/InterstitialMgr	?GetInterstitialsFromScreen@InterstitialMgr@@QAAXPAVUIScreen@@AAV?$vector@PAVUIPanel@@V?$StlNodeAlloc@PAVUIPanel@@@stlpmtx_std@@@stlpmtx_std@@@Z	99.9505	SAME	REFUTED	public: void __cdecl stlpmtx_std::vector<class ChatReceiver *, class stlpmtx_std::StlNodeAlloc<class ChatReceiver *>>::push_back(class ChatReceiver *const &)	public: void __cdecl stlpmtx_std::vector<class UIPanel *, class stlpmtx_std::StlNodeAlloc<class UIPanel *>>::push_back(class UIPanel *const &)
404	BC_DIFFERENT_UNRESOLVED	engine	default/PropSync	?_M_fill_insert_aux@?$vector@VFilePath@@V?$StlNodeAlloc@VFilePath@@@stlpmtx_std@@@stlpmtx_std@@AAAXPAVFilePath@@IABV3@ABU__false_type@2@@Z	99.9505	DIFFERENT	REFUTED	struct SpeechMgr::Grammar * __cdecl stlpmtx_std::__uninitialized_fill_n<struct SpeechMgr::Grammar *, unsigned int, struct SpeechMgr::Grammar>(struct SpeechMgr::Grammar *, unsigned int, struct SpeechMgr::Grammar const &, struct stlpmtx_std::__false_type const &)	class FilePath * __cdecl stlpmtx_std::__uninitialized_fill_n<class FilePath *, unsigned int, class FilePath>(class FilePath *, unsigned int, class FilePath const &, struct stlpmtx_std::__false_type const &)
400	A_FOLD_CONSISTENT	engine	default/Waypoint	??0Waypoint@@IAA@XZ	99.9500	SAME	REFUTED	public: struct stlpmtx_std::_List_iterator<class CharClip *, struct stlpmtx_std::_Nonconst_traits<class CharClip *>> __cdecl stlpmtx_std::list<class CharClip *, class stlpmtx_std::StlNodeAlloc<class CharClip *>>::insert(struct stlpmtx_std::_List_iterator<class CharClip *, struct stlpmtx_std::_Nonconst_traits<class CharClip *>>, class CharClip *const &)	public: struct stlpmtx_std::_List_iterator<class Waypoint *, struct stlpmtx_std::_Nonconst_traits<class Waypoint *>> __cdecl stlpmtx_std::list<class Waypoint *, class stlpmtx_std::StlNodeAlloc<class Waypoint *>>::insert(struct stlpmtx_std::_List_iterator<class Waypoint *, struct stlpmtx_std::_Nonconst_traits<class Waypoint *>>, class Waypoint *const &)
396	A_FOLD_CONSISTENT	engine	default/AmbientOcclusion	??$GatherObjectsFromGroup@VRndMesh@@@@YAIPAVRndGroup@@AAV?$vector@PAVRndMesh@@V?$StlNodeAlloc@PAVRndMesh@@@stlpmtx_std@@@stlpmtx_std@@@Z	99.7980	SAME	REFUTED	public: void __cdecl stlpmtx_std::vector<class ChatReceiver *, class stlpmtx_std::StlNodeAlloc<class ChatReceiver *>>::push_back(class ChatReceiver *const &)	public: void __cdecl stlpmtx_std::vector<class RndMesh *, class stlpmtx_std::StlNodeAlloc<class RndMesh *>>::push_back(class RndMesh *const &)
396	A_FOLD_CONSISTENT	engine	default/Part	??1RndParticleSys@@UAA@XZ	99.9495	SAME	REFUTED	public: virtual __cdecl ObjRefConcrete<class CharLookAt, class ObjectDir>::~ObjRefConcrete<class CharLookAt, class ObjectDir>(void)	public: virtual __cdecl ObjRefConcrete<class RndMesh, class ObjectDir>::~ObjRefConcrete<class RndMesh, class ObjectDir>(void)
396	BC_DIFFERENT_UNRESOLVED	game	default/band3/meta_band/LessonMgr	?GetDifficulty@Lesson@@QBA?AW4Difficulty@@XZ	99.9495	DIFFERENT	REFUTED	public: __cdecl stlpmtx_std::vector<struct ObjPtrVec<class Hmx::Object, class ObjectDir>::Node, class stlpmtx_std::StlNodeAlloc<struct ObjPtrVec<class Hmx::Object, class ObjectDir>::Node>>::~vector<struct ObjPtrVec<class Hmx::Object, class ObjectDir>::Node, class stlpmtx_std::StlNodeAlloc<struct ObjPtrVec<class Hmx::Object, class ObjectDir>::Node>>(void)	public: __cdecl stlpmtx_std::vector<class String, class stlpmtx_std::StlNodeAlloc<class String>>::~vector<class String, class stlpmtx_std::StlNodeAlloc<class String>>(void)
396	BC_DIFFERENT_UNRESOLVED	engine	default/Set	?SetTypeDef@RndSet@@UAAXPAVDataArray@@@Z	99.9495	DIFFERENT	REFUTED	public: void __cdecl stlpmtx_std::vector<class SpotlightDrawer::SpotlightEntry, class stlpmtx_std::StlNodeAlloc<class SpotlightDrawer::SpotlightEntry>>::resize(unsigned int, class SpotlightDrawer::SpotlightEntry const &)	public: void __cdecl stlpmtx_std::vector<class Symbol, class stlpmtx_std::StlNodeAlloc<class Symbol>>::resize(unsigned int, class Symbol const &)
396	BC_DIFFERENT_UNRESOLVED	engine	default/PropSync	??$PropSync@UMatOverride@WorldDir@@@@YA_NAAV?$ObjList@UMatOverride@WorldDir@@@@AAVDataNode@@PAVDataArray@@HW4PropOp@@@Z	99.9495	DIFFERENT	REFUTED	public: struct stlpmtx_std::_List_iterator<struct BandCamShot::Target, struct stlpmtx_std::_Nonconst_traits<struct BandCamShot::Target>> __cdecl stlpmtx_std::list<struct BandCamShot::Target, class stlpmtx_std::StlNodeAlloc<struct BandCamShot::Target>>::insert(struct stlpmtx_std::_List_iterator<struct BandCamShot::Target, struct stlpmtx_std::_Nonconst_traits<struct BandCamShot::Target>>, struct BandCamShot::Target const &)	public: struct stlpmtx_std::_List_iterator<struct WorldDir::MatOverride, struct stlpmtx_std::_Nonconst_traits<struct WorldDir::MatOverride>> __cdecl stlpmtx_std::list<struct WorldDir::MatOverride, class stlpmtx_std::StlNodeAlloc<struct WorldDir::MatOverride>>::insert(struct stlpmtx_std::_List_iterator<struct WorldDir::MatOverride, struct stlpmtx_std::_Nonconst_traits<struct WorldDir::MatOverride>>, struct WorldDir::MatOverride const &)
396	BC_DIFFERENT_UNRESOLVED	engine	default/EventTrigger	??$PropSync@UAnim@EventTrigger@@@@YA_NAAV?$ObjList@UAnim@EventTrigger@@@@AAVDataNode@@PAVDataArray@@HW4PropOp@@@Z	99.9495	DIFFERENT	REFUTED	public: struct stlpmtx_std::_List_iterator<struct FlowTrigger::PropTriggerDefn, struct stlpmtx_std::_Nonconst_traits<struct FlowTrigger::PropTriggerDefn>> __cdecl stlpmtx_std::list<struct FlowTrigger::PropTriggerDefn, class stlpmtx_std::StlNodeAlloc<struct FlowTrigger::PropTriggerDefn>>::insert(struct stlpmtx_std::_List_iterator<struct FlowTrigger::PropTriggerDefn, struct stlpmtx_std::_Nonconst_traits<struct FlowTrigger::PropTriggerDefn>>, struct FlowTrigger::PropTriggerDefn const &)	public: struct stlpmtx_std::_List_iterator<struct EventTrigger::Anim, struct stlpmtx_std::_Nonconst_traits<struct EventTrigger::Anim>> __cdecl stlpmtx_std::list<struct EventTrigger::Anim, class stlpmtx_std::StlNodeAlloc<struct EventTrigger::Anim>>::insert(struct stlpmtx_std::_List_iterator<struct EventTrigger::Anim, struct stlpmtx_std::_Nonconst_traits<struct EventTrigger::Anim>>, struct EventTrigger::Anim const &)
396	A_FOLD_CONSISTENT	engine	default/MidiParser	??0MidiParser@@QAA@XZ	99.9495	SAME	REFUTED	public: struct stlpmtx_std::_List_iterator<class CharClip *, struct stlpmtx_std::_Nonconst_traits<class CharClip *>> __cdecl stlpmtx_std::list<class CharClip *, class stlpmtx_std::StlNodeAlloc<class CharClip *>>::insert(struct stlpmtx_std::_List_iterator<class CharClip *, struct stlpmtx_std::_Nonconst_traits<class CharClip *>>, class CharClip *const &)	public: struct stlpmtx_std::_List_iterator<class MidiParser *, struct stlpmtx_std::_Nonconst_traits<class MidiParser *>> __cdecl stlpmtx_std::list<class MidiParser *, class stlpmtx_std::StlNodeAlloc<class MidiParser *>>::insert(struct stlpmtx_std::_List_iterator<class MidiParser *, struct stlpmtx_std::_Nonconst_traits<class MidiParser *>>, class MidiParser *const &)
392	UNDECIDABLE	engine	default/InlineHelp	?_M_fill_insert_aux@?$vector@UActionElement@InlineHelp@@V?$StlNodeAlloc@UActionElement@InlineHelp@@@stlpmtx_std@@@stlpmtx_std@@AAAXPAUActionElement@InlineHelp@@IABU34@ABU__false_type@2@@Z	99.8980	UNKNOWN	REFUTED	struct InlineHelp::ActionElement * __cdecl stlpmtx_std::__uninitialized_copy<struct InlineHelp::ActionElement const *, struct InlineHelp::ActionElement *>(struct InlineHelp::ActionElement const *, struct InlineHelp::ActionElement const *, struct InlineHelp::ActionElement *, struct stlpmtx_std::__false_type const &)	struct InlineHelp::ActionElement * __cdecl stlpmtx_std::__uninitialized_copy<struct InlineHelp::ActionElement *, struct InlineHelp::ActionElement *>(struct InlineHelp::ActionElement *, struct InlineHelp::ActionElement *, struct InlineHelp::ActionElement *, struct stlpmtx_std::__false_type const &)
392	BC_DIFFERENT_UNRESOLVED	engine	default/PatchDir	?_M_fill_insert_aux@?$vector@VPatchLayer@@V?$StlNodeAlloc@VPatchLayer@@@stlpmtx_std@@@stlpmtx_std@@AAAXPAVPatchLayer@@IABV3@ABU__false_type@2@@Z	99.9490	DIFFERENT	REFUTED	class Key<class stlpmtx_std::vector<class Vector3, class stlpmtx_std::StlNodeAlloc<class Vector3>>> * __cdecl stlpmtx_std::__uninitialized_fill_n<class Key<class stlpmtx_std::vector<class Vector3, class stlpmtx_std::StlNodeAlloc<class Vector3>>> *, unsigned int, class Key<class stlpmtx_std::vector<class Vector3, class stlpmtx_std::StlNodeAlloc<class Vector3>>>>(class Key<class stlpmtx_std::vector<class Vector3, class stlpmtx_std::StlNodeAlloc<class Vector3>>> *, unsigned int, class Key<class stlpmtx_std::vector<class Vector3, class stlpmtx_std::StlNodeAlloc<class Vector3>>> const &, struct stlpmtx_std::__false_type const &)	class PatchLayer * __cdecl stlpmtx_std::__uninitialized_fill_n<class PatchLayer *, unsigned int, class PatchLayer>(class PatchLayer *, unsigned int, class PatchLayer const &, struct stlpmtx_std::__false_type const &)
392	A_FOLD_CONSISTENT	engine	default/StreakMeter	?_M_fill_insert_aux@?$vector@V?$ObjPtr@VRndPropAnim@@@@V?$StlNodeAlloc@V?$ObjPtr@VRndPropAnim@@@@@stlpmtx_std@@@stlpmtx_std@@AAAXPAV?$ObjPtr@VRndPropAnim@@@@IABV3@ABU__false_type@2@@Z	99.9490	SAME	REFUTED	public: virtual __cdecl ObjRefConcrete<class FlowLabel, class ObjectDir>::~ObjRefConcrete<class FlowLabel, class ObjectDir>(void)	public: virtual __cdecl ObjRefConcrete<class RndPropAnim, class ObjectDir>::~ObjRefConcrete<class RndPropAnim, class ObjectDir>(void)
392	UNDECIDABLE	engine	default/HamCamTransform	?_M_fill_insert_aux@?$vector@UEyeDesc@CharEyes@@V?$StlNodeAlloc@UEyeDesc@CharEyes@@@stlpmtx_std@@@stlpmtx_std@@AAAXPAUEyeDesc@CharEyes@@IABU34@ABU__false_type@2@@Z	99.8980	UNKNOWN	REFUTED	struct CharEyes::EyeDesc * __cdecl stlpmtx_std::__uninitialized_copy<struct CharEyes::EyeDesc const *, struct CharEyes::EyeDesc *>(struct CharEyes::EyeDesc const *, struct CharEyes::EyeDesc const *, struct CharEyes::EyeDesc *, struct stlpmtx_std::__false_type const &)	struct CharEyes::EyeDesc * __cdecl stlpmtx_std::__uninitialized_copy<struct CharEyes::EyeDesc *, struct CharEyes::EyeDesc *>(struct CharEyes::EyeDesc *, struct CharEyes::EyeDesc *, struct CharEyes::EyeDesc *, struct stlpmtx_std::__false_type const &)
392	UNDECIDABLE	engine	default/CharHair	?_M_fill_insert_aux@?$vector@VStrand@CharHair@@V?$StlNodeAlloc@VStrand@CharHair@@@stlpmtx_std@@@stlpmtx_std@@AAAXPAVStrand@CharHair@@IABV34@ABU__false_type@2@@Z	99.8980	UNKNOWN	REFUTED	class CharHair::Strand * __cdecl stlpmtx_std::__uninitialized_copy<class CharHair::Strand const *, class CharHair::Strand *>(class CharHair::Strand const *, class CharHair::Strand const *, class CharHair::Strand *, struct stlpmtx_std::__false_type const &)	class CharHair::Strand * __cdecl stlpmtx_std::__uninitialized_copy<class CharHair::Strand *, class CharHair::Strand *>(class CharHair::Strand *, class CharHair::Strand *, class CharHair::Strand *, struct stlpmtx_std::__false_type const &)
392	UNDECIDABLE	engine	default/Sfx	?_M_fill_insert_aux@?$vector@VMoggClipMap@@V?$StlNodeAlloc@VMoggClipMap@@@stlpmtx_std@@@stlpmtx_std@@AAAXPAVMoggClipMap@@IABV3@ABU__false_type@2@@Z	99.8980	UNKNOWN	REFUTED	class MoggClipMap * __cdecl stlpmtx_std::__uninitialized_copy<class MoggClipMap const *, class MoggClipMap *>(class MoggClipMap const *, class MoggClipMap const *, class MoggClipMap *, struct stlpmtx_std::__false_type const &)	class MoggClipMap * __cdecl stlpmtx_std::__uninitialized_copy<class MoggClipMap *, class MoggClipMap *>(class MoggClipMap *, class MoggClipMap *, class MoggClipMap *, struct stlpmtx_std::__false_type const &)
392	UNDECIDABLE	engine	default/CharMeshHide	?_M_fill_insert_aux@?$vector@VHide@CharMeshHide@@V?$StlNodeAlloc@VHide@CharMeshHide@@@stlpmtx_std@@@stlpmtx_std@@AAAXPAVHide@CharMeshHide@@IABV34@ABU__false_type@2@@Z	99.8980	UNKNOWN	REFUTED	class CharMeshHide::Hide * __cdecl stlpmtx_std::__uninitialized_copy<class CharMeshHide::Hide const *, class CharMeshHide::Hide *>(class CharMeshHide::Hide const *, class CharMeshHide::Hide const *, class CharMeshHide::Hide *, struct stlpmtx_std::__false_type const &)	class CharMeshHide::Hide * __cdecl stlpmtx_std::__uninitialized_copy<class CharMeshHide::Hide *, class CharMeshHide::Hide *>(class CharMeshHide::Hide *, class CharMeshHide::Hide *, class CharMeshHide::Hide *, struct stlpmtx_std::__false_type const &)
392	BC_DIFFERENT_UNRESOLVED	engine	default/CameraShot	?_M_fill_insert_aux@?$vector@VCamShotFrame@@V?$StlNodeAlloc@VCamShotFrame@@@stlpmtx_std@@@stlpmtx_std@@AAAXPAVCamShotFrame@@IABV3@ABU__false_type@2@@Z	99.9490	DIFFERENT	REFUTED	struct Flow::DynamicPropertyEntry * __cdecl stlpmtx_std::__uninitialized_fill_n<struct Flow::DynamicPropertyEntry *, unsigned int, struct Flow::DynamicPropertyEntry>(struct Flow::DynamicPropertyEntry *, unsigned int, struct Flow::DynamicPropertyEntry const &, struct stlpmtx_std::__false_type const &)	class CamShotFrame * __cdecl stlpmtx_std::__uninitialized_fill_n<class CamShotFrame *, unsigned int, class CamShotFrame>(class CamShotFrame *, unsigned int, class CamShotFrame const &, struct stlpmtx_std::__false_type const &)
392	UNDECIDABLE	engine	default/Sequence	?_M_fill_insert_aux@?$vector@V?$ObjPtr@VSeqInst@@@@V?$StlNodeAlloc@V?$ObjPtr@VSeqInst@@@@@stlpmtx_std@@@stlpmtx_std@@AAAXPAV?$ObjPtr@VSeqInst@@@@IABV3@ABU__false_type@2@@Z	99.8980	UNKNOWN	NOT_INSTANTIATED	struct `anonymous namespace'::Unlockable * __cdecl stlpmtx_std::__uninitialized_copy<struct `anonymous namespace'::Unlockable *, struct 0xf8e4b4b5::Unlockable *>(struct 0xf8e4b4b5::Unlockable *, struct 0xf8e4b4b5::Unlockable *, struct 0xf8e4b4b5::Unlockable *, struct stlpmtx_std::__false_type const &)	class ObjPtr<class SeqInst> * __cdecl stlpmtx_std::__uninitialized_copy<class ObjPtr<class SeqInst> *, class ObjPtr<class SeqInst> *>(class ObjPtr<class SeqInst> *, class ObjPtr<class SeqInst> *, class ObjPtr<class SeqInst> *, struct stlpmtx_std::__false_type const &)
392	A_FOLD_CONSISTENT	engine	default/Sequence	?_M_fill_insert_aux@?$vector@V?$ObjPtr@VSequence@@@@V?$StlNodeAlloc@V?$ObjPtr@VSequence@@@@@stlpmtx_std@@@stlpmtx_std@@AAAXPAV?$ObjPtr@VSequence@@@@IABV3@ABU__false_type@2@@Z	99.9490	SAME	REFUTED	public: virtual __cdecl ObjRefConcrete<class LightHue, class ObjectDir>::~ObjRefConcrete<class LightHue, class ObjectDir>(void)	public: virtual __cdecl ObjRefConcrete<class Sequence, class ObjectDir>::~ObjRefConcrete<class Sequence, class ObjectDir>(void)
392	UNDECIDABLE	engine	default/LightPreset	?_M_fill_insert_aux@?$vector@UKeyframe@LightPreset@@V?$StlNodeAlloc@UKeyframe@LightPreset@@@stlpmtx_std@@@stlpmtx_std@@AAAXPAUKeyframe@LightPreset@@IABU34@ABU__false_type@2@@Z	99.8980	UNKNOWN	REFUTED	struct LightPreset::Keyframe * __cdecl stlpmtx_std::__uninitialized_copy<struct LightPreset::Keyframe const *, struct LightPreset::Keyframe *>(struct LightPreset::Keyframe const *, struct LightPreset::Keyframe const *, struct LightPreset::Keyframe *, struct stlpmtx_std::__false_type const &)	struct LightPreset::Keyframe * __cdecl stlpmtx_std::__uninitialized_copy<struct LightPreset::Keyframe *, struct LightPreset::Keyframe *>(struct LightPreset::Keyframe *, struct LightPreset::Keyframe *, struct LightPreset::Keyframe *, struct stlpmtx_std::__false_type const &)
388	A_FOLD_CONSISTENT	engine	default/BandWardrobe	?SelectExtra@BandWardrobe@@QAAXAAUMerger@FileMerger@@@Z	99.9485	SAME	REFUTED	public: struct stlpmtx_std::_List_iterator<class CharClip *, struct stlpmtx_std::_Nonconst_traits<class CharClip *>> __cdecl stlpmtx_std::list<class CharClip *, class stlpmtx_std::StlNodeAlloc<class CharClip *>>::insert(struct stlpmtx_std::_List_iterator<class CharClip *, struct stlpmtx_std::_Nonconst_traits<class CharClip *>>, class CharClip *const &)	public: struct stlpmtx_std::_List_iterator<class Symbol, struct stlpmtx_std::_Nonconst_traits<class Symbol>> __cdecl stlpmtx_std::list<class Symbol, class stlpmtx_std::StlNodeAlloc<class Symbol>>::insert(struct stlpmtx_std::_List_iterator<class Symbol, struct stlpmtx_std::_Nonconst_traits<class Symbol>>, class Symbol const &)
388	A_FOLD_CONSISTENT	game	default/band3/game/BandUserMgr	?GetBandUsers@BandUserMgr@@QBAHPAV?$vector@PAVBandUser@@V?$StlNodeAlloc@PAVBandUser@@@stlpmtx_std@@@stlpmtx_std@@H@Z	99.8969	SAME	REFUTED	public: void __cdecl stlpmtx_std::vector<class ChatReceiver *, class stlpmtx_std::StlNodeAlloc<class ChatReceiver *>>::push_back(class ChatReceiver *const &)	public: void __cdecl stlpmtx_std::vector<class BandUser *, class stlpmtx_std::StlNodeAlloc<class BandUser *>>::push_back(class BandUser *const &)
388	A_FOLD_CONSISTENT	game	default/ContextChecker	?GetSongSpecificEntries@@YA?AV?$vector@PBDV?$StlNodeAlloc@PBD@stlpmtx_std@@@stlpmtx_std@@PBVDataArray@@@Z	99.9485	SAME	REFUTED	public: __cdecl stlpmtx_std::vector<int, class stlpmtx_std::StlNodeAlloc<int>>::vector<int, class stlpmtx_std::StlNodeAlloc<int>>(class stlpmtx_std::vector<int, class stlpmtx_std::StlNodeAlloc<int>> const &)	public: __cdecl stlpmtx_std::vector<char const *, class stlpmtx_std::StlNodeAlloc<char const *>>::vector<char const *, class stlpmtx_std::StlNodeAlloc<char const *>>(class stlpmtx_std::vector<char const *, class stlpmtx_std::StlNodeAlloc<char const *>> const &)
388	BC_DIFFERENT_UNRESOLVED	engine	default/AmbientOcclusion	?OnGetValidObjects@RndAmbientOcclusion@@IBA?AVDataNode@@PAVDataArray@@@Z	99.8969	DIFFERENT	REFUTED	public: class ObjDirItr<class CharBone> & __cdecl ObjDirItr<class CharBone>::operator++(void)	public: class ObjDirItr<class Hmx::Object> & __cdecl ObjDirItr<class Hmx::Object>::operator++(void)
384	A_FOLD_CONSISTENT	game	default/SongSortNode	?Insert@HeaderSortNode@@UAAXPAVLeafSortNode@@PAVNodeSort@@_N@Z	99.8958	SAME	REFUTED	public: struct stlpmtx_std::_List_iterator<class CharClip *, struct stlpmtx_std::_Nonconst_traits<class CharClip *>> __cdecl stlpmtx_std::list<class CharClip *, class stlpmtx_std::StlNodeAlloc<class CharClip *>>::insert(struct stlpmtx_std::_List_iterator<class CharClip *, struct stlpmtx_std::_Nonconst_traits<class CharClip *>>, class CharClip *const &)	public: struct stlpmtx_std::_List_iterator<class SortNode *, struct stlpmtx_std::_Nonconst_traits<class SortNode *>> __cdecl stlpmtx_std::list<class SortNode *, class stlpmtx_std::StlNodeAlloc<class SortNode *>>::insert(struct stlpmtx_std::_List_iterator<class SortNode *, struct stlpmtx_std::_Nonconst_traits<class SortNode *>>, class SortNode *const &)
384	UNDECIDABLE	engine	default/SongParser	?HandleRollEnd@SongParser@@QAA_NHE@Z	99.9479	UNKNOWN	REFUTED	private: void __cdecl stlpmtx_std::vector<class Hmx::Object *, class stlpmtx_std::StlNodeAlloc<class Hmx::Object *>>::_M_fill_insert(class Hmx::Object **, unsigned int, class Hmx::Object *const &)	private: void __cdecl stlpmtx_std::vector<unsigned int, class stlpmtx_std::StlNodeAlloc<unsigned int>>::_M_fill_insert(unsigned int *, unsigned int, unsigned int const &)
380	A_FOLD_CONSISTENT	engine	default/PanelDir	?GetFocusableComponentList@PanelDir@@QAA?AVDataNode@@XZ	99.9474	SAME	REFUTED	public: void __cdecl stlpmtx_std::vector<class ChatReceiver *, class stlpmtx_std::StlNodeAlloc<class ChatReceiver *>>::push_back(class ChatReceiver *const &)	public: void __cdecl stlpmtx_std::vector<class UIComponent *, class stlpmtx_std::StlNodeAlloc<class UIComponent *>>::push_back(class UIComponent *const &)
376	A_FOLD_CONSISTENT	game	default/BandSongMetadata	?_M_fill_insert_aux@?$vector@VSymbol@@V?$StlNodeAlloc@VSymbol@@@stlpmtx_std@@@stlpmtx_std@@AAAXPAVSymbol@@IABV3@ABU__false_type@2@@Z	99.9468	SAME	CORROBORATED	enum RndCubeTex::CubeFace * __cdecl stlpmtx_std::__uninitialized_fill_n<enum RndCubeTex::CubeFace *, unsigned int, enum RndCubeTex::CubeFace>(enum RndCubeTex::CubeFace *, unsigned int, enum RndCubeTex::CubeFace const &, struct stlpmtx_std::__false_type const &)	class Symbol * __cdecl stlpmtx_std::__uninitialized_fill_n<class Symbol *, unsigned int, class Symbol>(class Symbol *, unsigned int, class Symbol const &, struct stlpmtx_std::__false_type const &)
372	BC_DIFFERENT_UNRESOLVED	engine	default/OutfitConfig	??$PropSync@VOverlay@OutfitConfig@@@@YA_NAAV?$ObjVector@VOverlay@OutfitConfig@@@@AAVDataNode@@PAVDataArray@@HW4PropOp@@@Z	99.9462	DIFFERENT	REFUTED	private: void __cdecl stlpmtx_std::vector<class SampleMarker, class stlpmtx_std::StlNodeAlloc<class SampleMarker>>::_M_fill_insert(class SampleMarker *, unsigned int, class SampleMarker const &)	private: void __cdecl stlpmtx_std::vector<class OutfitConfig::Overlay, class stlpmtx_std::StlNodeAlloc<class OutfitConfig::Overlay>>::_M_fill_insert(class OutfitConfig::Overlay *, unsigned int, class OutfitConfig::Overlay const &)
372	BC_DIFFERENT_UNRESOLVED	engine	default/system/synth/SynthSample	??$PropSync@VSampleMarker@@@@YA_NAAV?$vector@VSampleMarker@@V?$StlNodeAlloc@VSampleMarker@@@stlpmtx_std@@@stlpmtx_std@@AAVDataNode@@PAVDataArray@@HW4PropOp@@@Z	99.9462	DIFFERENT	REFUTED	private: void __cdecl stlpmtx_std::vector<class BattleStep, class stlpmtx_std::StlNodeAlloc<class BattleStep>>::_M_fill_insert(class BattleStep *, unsigned int, class BattleStep const &)	private: void __cdecl stlpmtx_std::vector<class SampleMarker, class stlpmtx_std::StlNodeAlloc<class SampleMarker>>::_M_fill_insert(class SampleMarker *, unsigned int, class SampleMarker const &)
368	BC_DIFFERENT_UNRESOLVED	game	default/band3/meta_band/VoiceoverPanel	?SetVoiceoverSymbol@VoiceoverPanel@@QAAXVSymbol@@@Z	99.8913	DIFFERENT	REFUTED	public: __cdecl stlpmtx_std::vector<struct ObjPtrVec<class Hmx::Object, class ObjectDir>::Node, class stlpmtx_std::StlNodeAlloc<struct ObjPtrVec<class Hmx::Object, class ObjectDir>::Node>>::~vector<struct ObjPtrVec<class Hmx::Object, class ObjectDir>::Node, class stlpmtx_std::StlNodeAlloc<struct ObjPtrVec<class Hmx::Object, class ObjectDir>::Node>>(void)	public: __cdecl stlpmtx_std::vector<class String, class stlpmtx_std::StlNodeAlloc<class String>>::~vector<class String, class stlpmtx_std::StlNodeAlloc<class String>>(void)
368	A_FOLD_CONSISTENT	game	default/band3/meta_band/SaveLoadManager	??0SaveLoadManager@@QAA@XZ	99.9457	SAME	REFUTED	public: void __cdecl stlpmtx_std::vector<struct CharPollableSorter::Dep *, class stlpmtx_std::StlNodeAlloc<struct CharPollableSorter::Dep *>>::reserve(unsigned int)	public: void __cdecl stlpmtx_std::vector<class BandProfile *, class stlpmtx_std::StlNodeAlloc<class BandProfile *>>::reserve(unsigned int)
364	BC_DIFFERENT_UNRESOLVED	engine	default/BandPatchMesh	??$PropSync@VPatchPair@MeshPair@BandPatchMesh@@@@YA_NAAV?$ObjVector@VPatchPair@MeshPair@BandPatchMesh@@@@AAVDataNode@@PAVDataArray@@HW4PropOp@@@Z	99.9450	DIFFERENT	REFUTED	private: void __cdecl stlpmtx_std::vector<struct SkeletonClip::MoveRating, class stlpmtx_std::StlNodeAlloc<struct SkeletonClip::MoveRating>>::_M_fill_insert(struct SkeletonClip::MoveRating *, unsigned int, struct SkeletonClip::MoveRating const &)	private: void __cdecl stlpmtx_std::vector<class BandPatchMesh::MeshPair::PatchPair, class stlpmtx_std::StlNodeAlloc<class BandPatchMesh::MeshPair::PatchPair>>::_M_fill_insert(class BandPatchMesh::MeshPair::PatchPair *, unsigned int, class BandPatchMesh::MeshPair::PatchPair const &)
364	BC_DIFFERENT_UNRESOLVED	engine	default/Sfx	??$PropSync@VMoggClipMap@@@@YA_NAAV?$ObjVector@VMoggClipMap@@@@AAVDataNode@@PAVDataArray@@HW4PropOp@@@Z	99.9450	DIFFERENT	REFUTED	private: void __cdecl stlpmtx_std::vector<class SfxMap, class stlpmtx_std::StlNodeAlloc<class SfxMap>>::_M_fill_insert(class SfxMap *, unsigned int, class SfxMap const &)	private: void __cdecl stlpmtx_std::vector<class MoggClipMap, class stlpmtx_std::StlNodeAlloc<class MoggClipMap>>::_M_fill_insert(class MoggClipMap *, unsigned int, class MoggClipMap const &)
364	BC_DIFFERENT_UNRESOLVED	engine	default/Sfx	??$PropSync@VSfxMap@@@@YA_NAAV?$ObjVector@VSfxMap@@@@AAVDataNode@@PAVDataArray@@HW4PropOp@@@Z	99.9450	DIFFERENT	REFUTED	private: void __cdecl stlpmtx_std::vector<class MoggClipMap, class stlpmtx_std::StlNodeAlloc<class MoggClipMap>>::_M_fill_insert(class MoggClipMap *, unsigned int, class MoggClipMap const &)	private: void __cdecl stlpmtx_std::vector<class SfxMap, class stlpmtx_std::StlNodeAlloc<class SfxMap>>::_M_fill_insert(class SfxMap *, unsigned int, class SfxMap const &)
364	BC_DIFFERENT_UNRESOLVED	engine	default/MidiInstrument	??$PropSync@VSampleZone@@@@YA_NAAV?$ObjVector@VSampleZone@@@@AAVDataNode@@PAVDataArray@@HW4PropOp@@@Z	99.9450	DIFFERENT	REFUTED	private: void __cdecl stlpmtx_std::vector<struct HamMove::LocalizedName, class stlpmtx_std::StlNodeAlloc<struct HamMove::LocalizedName>>::_M_fill_insert(struct HamMove::LocalizedName *, unsigned int, struct HamMove::LocalizedName const &)	private: void __cdecl stlpmtx_std::vector<class SampleZone, class stlpmtx_std::StlNodeAlloc<class SampleZone>>::_M_fill_insert(class SampleZone *, unsigned int, class SampleZone const &)
360	BC_DIFFERENT_UNRESOLVED	game	default/band3/bandtrack/Gem	??$PropSync@VMeshAO@OutfitConfig@@@@YA_NAAV?$vector@VMeshAO@OutfitConfig@@V?$StlNodeAlloc@VMeshAO@OutfitConfig@@@stlpmtx_std@@@stlpmtx_std@@AAVDataNode@@PAVDataArray@@HW4PropOp@@@Z	99.9444	DIFFERENT	REFUTED	private: void __cdecl stlpmtx_std::vector<class SongPattern, class stlpmtx_std::StlNodeAlloc<class SongPattern>>::_M_fill_insert(class SongPattern *, unsigned int, class SongPattern const &)	private: void __cdecl stlpmtx_std::vector<class OutfitConfig::MeshAO, class stlpmtx_std::StlNodeAlloc<class OutfitConfig::MeshAO>>::_M_fill_insert(class OutfitConfig::MeshAO *, unsigned int, class OutfitConfig::MeshAO const &)
360	A_FOLD_CONSISTENT	game	default/SongSortByArtist	?Init@SongSortByArtist@@UAAXXZ	99.9444	SAME	REFUTED	public: void __cdecl stlpmtx_std::vector<class ChatReceiver *, class stlpmtx_std::StlNodeAlloc<class ChatReceiver *>>::push_back(class ChatReceiver *const &)	public: void __cdecl stlpmtx_std::vector<class ShortcutNode *, class stlpmtx_std::StlNodeAlloc<class ShortcutNode *>>::push_back(class ShortcutNode *const &)
360	BC_DIFFERENT_UNRESOLVED	engine	default/CharLipSync	??$PropSync@VString@@@@YA_NAAV?$vector@VString@@V?$StlNodeAlloc@VString@@@stlpmtx_std@@@stlpmtx_std@@AAVDataNode@@PAVDataArray@@HW4PropOp@@@Z	99.9444	DIFFERENT	REFUTED	private: void __cdecl stlpmtx_std::vector<class SongSection, class stlpmtx_std::StlNodeAlloc<class SongSection>>::_M_fill_insert(class SongSection *, unsigned int, class SongSection const &)	private: void __cdecl stlpmtx_std::vector<class String, class stlpmtx_std::StlNodeAlloc<class String>>::_M_fill_insert(class String *, unsigned int, class String const &)
356	A_FOLD_CONSISTENT	engine	default/PitchArrow	??1PitchArrow@@UAA@XZ	99.6629	SAME	REFUTED	public: virtual __cdecl ObjRefConcrete<class FlowLabel, class ObjectDir>::~ObjRefConcrete<class FlowLabel, class ObjectDir>(void)	public: virtual __cdecl ObjRefConcrete<class EventTrigger, class ObjectDir>::~ObjRefConcrete<class EventTrigger, class ObjectDir>(void)
356	UNDECIDABLE	engine	default/SongParser	?HandleTrillEnd@SongParser@@QAA_NHE@Z	99.9438	UNKNOWN	REFUTED	public: void __cdecl stlpmtx_std::vector<struct stlpmtx_std::pair<class MoveVariant const *, class MoveVariant const *>, class stlpmtx_std::StlNodeAlloc<struct stlpmtx_std::pair<class MoveVariant const *, class MoveVariant const *>>>::resize(unsigned int, struct stlpmtx_std::pair<class MoveVariant const *, class MoveVariant const *> const &)	public: void __cdecl stlpmtx_std::vector<struct stlpmtx_std::pair<int, int>, class stlpmtx_std::StlNodeAlloc<struct stlpmtx_std::pair<int, int>>>::resize(unsigned int, struct stlpmtx_std::pair<int, int> const &)
352	A_FOLD_CONSISTENT	engine	default/EventTrigger	??$PropSync@VSymbol@@@@YA_NAAV?$list@VSymbol@@V?$StlNodeAlloc@VSymbol@@@stlpmtx_std@@@stlpmtx_std@@AAVDataNode@@PAVDataArray@@HW4PropOp@@@Z	99.9432	SAME	REFUTED	public: struct stlpmtx_std::_List_iterator<class CharClip *, struct stlpmtx_std::_Nonconst_traits<class CharClip *>> __cdecl stlpmtx_std::list<class CharClip *, class stlpmtx_std::StlNodeAlloc<class CharClip *>>::insert(struct stlpmtx_std::_List_iterator<class CharClip *, struct stlpmtx_std::_Nonconst_traits<class CharClip *>>, class CharClip *const &)	public: struct stlpmtx_std::_List_iterator<class Symbol, struct stlpmtx_std::_Nonconst_traits<class Symbol>> __cdecl stlpmtx_std::list<class Symbol, class stlpmtx_std::StlNodeAlloc<class Symbol>>::insert(struct stlpmtx_std::_List_iterator<class Symbol, struct stlpmtx_std::_Nonconst_traits<class Symbol>>, class Symbol const &)
352	A_FOLD_CONSISTENT	game	default/VocalPlayer	?PostLoad@VocalPlayer@@UAAX_N@Z	99.9432	SAME	REFUTED	public: void __cdecl stlpmtx_std::vector<class ChatReceiver *, class stlpmtx_std::StlNodeAlloc<class ChatReceiver *>>::push_back(class ChatReceiver *const &)	public: void __cdecl stlpmtx_std::vector<class VocalPart *, class stlpmtx_std::StlNodeAlloc<class VocalPart *>>::push_back(class VocalPart *const &)
352	A_FOLD_CONSISTENT	game	default/SongSortByArtist	?ConfirmSubheaders@SongSortByArtist@@UAAXPAVHeaderSortNode@@@Z	99.9432	SAME	REFUTED	public: struct stlpmtx_std::_List_iterator<class CharClip *, struct stlpmtx_std::_Nonconst_traits<class CharClip *>> __cdecl stlpmtx_std::list<class CharClip *, class stlpmtx_std::StlNodeAlloc<class CharClip *>>::insert(struct stlpmtx_std::_List_iterator<class CharClip *, struct stlpmtx_std::_Nonconst_traits<class CharClip *>>, class CharClip *const &)	public: struct stlpmtx_std::_List_iterator<class SortNode *, struct stlpmtx_std::_Nonconst_traits<class SortNode *>> __cdecl stlpmtx_std::list<class SortNode *, class stlpmtx_std::StlNodeAlloc<class SortNode *>>::insert(struct stlpmtx_std::_List_iterator<class SortNode *, struct stlpmtx_std::_Nonconst_traits<class SortNode *>>, class SortNode *const &)
352	BC_DIFFERENT_UNRESOLVED	engine	default/TrackDir	??4?$vector@VTransform@@V?$StlNodeAlloc@VTransform@@@stlpmtx_std@@@stlpmtx_std@@QAAAAV01@ABV01@@Z	99.9432	DIFFERENT	REFUTED	protected: class RndSpline::CtrlPoint * __cdecl stlpmtx_std::vector<class RndSpline::CtrlPoint, class stlpmtx_std::StlNodeAlloc<class RndSpline::CtrlPoint>>::_M_allocate_and_copy<class RndSpline::CtrlPoint const *>(unsigned int, class RndSpline::CtrlPoint const *, class RndSpline::CtrlPoint const *)	protected: class Transform * __cdecl stlpmtx_std::vector<class Transform, class stlpmtx_std::StlNodeAlloc<class Transform>>::_M_allocate_and_copy<class Transform const *>(unsigned int, class Transform const *, class Transform const *)
348	A_FOLD_CONSISTENT	game	default/band3/game/BandUserMgr	?GetRemoteBandUsers@BandUserMgr@@QBAHPAV?$vector@PAVRemoteBandUser@@V?$StlNodeAlloc@PAVRemoteBandUser@@@stlpmtx_std@@@stlpmtx_std@@H@Z	99.9425	SAME	REFUTED	public: void __cdecl stlpmtx_std::vector<class ChatReceiver *, class stlpmtx_std::StlNodeAlloc<class ChatReceiver *>>::push_back(class ChatReceiver *const &)	public: void __cdecl stlpmtx_std::vector<class RemoteBandUser *, class stlpmtx_std::StlNodeAlloc<class RemoteBandUser *>>::push_back(class RemoteBandUser *const &)
348	A_FOLD_CONSISTENT	engine	default/LightPreset	??1Keyframe@LightPreset@@QAA@XZ	99.9425	SAME	REFUTED	public: virtual __cdecl ObjRefConcrete<class FileMerger, class ObjectDir>::~ObjRefConcrete<class FileMerger, class ObjectDir>(void)	public: virtual __cdecl ObjRefConcrete<class RndPostProc, class ObjectDir>::~ObjRefConcrete<class RndPostProc, class ObjectDir>(void)
348	A_FOLD_CONSISTENT	game	default/band3/meta_band/StoreMenuPanel	?AddMenu@StoreMenuPanel@@QAAXPAVDataArray@@PBDH@Z	99.9425	SAME	REFUTED	public: void __cdecl stlpmtx_std::vector<class ChatReceiver *, class stlpmtx_std::StlNodeAlloc<class ChatReceiver *>>::push_back(class ChatReceiver *const &)	public: void __cdecl stlpmtx_std::vector<class StoreMenuProvider *, class stlpmtx_std::StlNodeAlloc<class StoreMenuProvider *>>::push_back(class StoreMenuProvider *const &)
344	BC_DIFFERENT_UNRESOLVED	engine	default/Line	?Load@RndLine@@UAAXAAVBinStream@@@Z	99.9419	DIFFERENT	REFUTED	public: virtual __cdecl ObjPtrList<class CharInterest, class ObjectDir>::~ObjPtrList<class CharInterest, class ObjectDir>(void)	public: virtual __cdecl ObjPtrList<class Hmx::Object, class ObjectDir>::~ObjPtrList<class Hmx::Object, class ObjectDir>(void)
344	BC_DIFFERENT_UNRESOLVED	engine	default/TrackWatcherImpl	?Jump@TrackWatcherImpl@@UAAXM@Z	99.9419	DIFFERENT	REFUTED	private: void __cdecl stlpmtx_std::vector<float *, class stlpmtx_std::StlNodeAlloc<float *>>::_M_fill_insert(float **, unsigned int, float *const &)	private: void __cdecl stlpmtx_std::vector<float, class stlpmtx_std::StlNodeAlloc<float>>::_M_fill_insert(float *, unsigned int, float const &)
344	BC_DIFFERENT_UNRESOLVED	engine	default/CharBones	??$PropSync@UBone@CharBones@@@@YA_NAAV?$vector@UBone@CharBones@@V?$StlNodeAlloc@UBone@CharBones@@@stlpmtx_std@@@stlpmtx_std@@AAVDataNode@@PAVDataArray@@HW4PropOp@@@Z	99.9419	DIFFERENT	REFUTED	private: void __cdecl stlpmtx_std::vector<struct LightPreset::SpotlightDrawerEntry, class stlpmtx_std::StlNodeAlloc<struct LightPreset::SpotlightDrawerEntry>>::_M_fill_insert(struct LightPreset::SpotlightDrawerEntry *, unsigned int, struct LightPreset::SpotlightDrawerEntry const &)	private: void __cdecl stlpmtx_std::vector<struct CharBones::Bone, class stlpmtx_std::StlNodeAlloc<struct CharBones::Bone>>::_M_fill_insert(struct CharBones::Bone *, unsigned int, struct CharBones::Bone const &)
344	A_FOLD_CONSISTENT	game	default/band3/meta_band/InterstitialMgr	?SetFromConfig@InterstitialMgr@@QAAXXZ	99.9419	SAME	CORROBORATED	public: __cdecl stlpmtx_std::hash_map<class Symbol, int, struct stlpmtx_std::hash<class Symbol>, struct stlpmtx_std::equal_to<class Symbol>, class stlpmtx_std::StlNodeAlloc<struct stlpmtx_std::pair<class Symbol const, int>>>::hash_map<class Symbol, int, struct stlpmtx_std::hash<class Symbol>, struct stlpmtx_std::equal_to<class Symbol>, class stlpmtx_std::StlNodeAlloc<struct stlpmtx_std::pair<class Symbol const, int>>>(void)	public: __cdecl stlpmtx_std::hash_map<class Symbol, class DataArray *, struct stlpmtx_std::hash<class Symbol>, struct stlpmtx_std::equal_to<class Symbol>, class stlpmtx_std::StlNodeAlloc<struct stlpmtx_std::pair<class Symbol const, class DataArray *>>>::hash_map<class Symbol, class DataArray *, struct stlpmtx_std::hash<class Symbol>, struct stlpmtx_std::equal_to<class Symbol>, class stlpmtx_std::StlNodeAlloc<struct stlpmtx_std::pair<class Symbol const, class DataArray *>>>(void)
344	A_FOLD_CONSISTENT	game	default/ProfileMgr	?GetParticipatingProfiles@ProfileMgr@@QAA?AV?$vector@PAVBandProfile@@V?$StlNodeAlloc@PAVBandProfile@@@stlpmtx_std@@@stlpmtx_std@@XZ	99.9419	SAME	REFUTED	public: void __cdecl stlpmtx_std::vector<class ChatReceiver *, class stlpmtx_std::StlNodeAlloc<class ChatReceiver *>>::push_back(class ChatReceiver *const &)	public: void __cdecl stlpmtx_std::vector<class BandProfile *, class stlpmtx_std::StlNodeAlloc<class BandProfile *>>::push_back(class BandProfile *const &)
344	A_FOLD_CONSISTENT	engine	default/CharInterest	??0CharInterest@@IAA@XZ	99.9419	SAME	REFUTED	public: __cdecl ObjPtr<class Hmx::Object>::ObjPtr<class Hmx::Object>(class Hmx::Object *, class Hmx::Object *)	public: __cdecl ObjPtr<class CharEyeDartRuleset>::ObjPtr<class CharEyeDartRuleset>(class Hmx::Object *, class CharEyeDartRuleset *)
344	UNDECIDABLE	engine	default/LightPreset	??$PropSync@USpotlightDrawerEntry@LightPreset@@@@YA_NAAV?$vector@USpotlightDrawerEntry@LightPreset@@V?$StlNodeAlloc@USpotlightDrawerEntry@LightPreset@@@stlpmtx_std@@@stlpmtx_std@@AAVDataNode@@PAVDataArray@@HW4PropOp@@@Z	99.9419	UNKNOWN	CORROBORATED	private: void __cdecl stlpmtx_std::vector<class Vector3, class stlpmtx_std::StlNodeAlloc<class Vector3>>::_M_fill_insert(class Vector3 *, unsigned int, class Vector3 const &)	private: void __cdecl stlpmtx_std::vector<struct LightPreset::SpotlightDrawerEntry, class stlpmtx_std::StlNodeAlloc<struct LightPreset::SpotlightDrawerEntry>>::_M_fill_insert(struct LightPreset::SpotlightDrawerEntry *, unsigned int, struct LightPreset::SpotlightDrawerEntry const &)
344	UNDECIDABLE	engine	default/BlockMgr	?Init@BlockMgr@@QAAXXZ	99.9419	UNKNOWN	REFUTED	private: void __cdecl stlpmtx_std::vector<class Hmx::Object *, class stlpmtx_std::StlNodeAlloc<class Hmx::Object *>>::_M_fill_insert(class Hmx::Object **, unsigned int, class Hmx::Object *const &)	private: void __cdecl stlpmtx_std::vector<class Block *, class stlpmtx_std::StlNodeAlloc<class Block *>>::_M_fill_insert(class Block **, unsigned int, class Block *const &)
340	A_FOLD_CONSISTENT	engine	default/OutfitConfig	?Mats@OutfitConfig@@UAAXAAV?$list@PAVRndMat@@V?$StlNodeAlloc@PAVRndMat@@@stlpmtx_std@@@stlpmtx_std@@_N@Z	99.9412	SAME	REFUTED	public: struct stlpmtx_std::_List_iterator<class CharClip *, struct stlpmtx_std::_Nonconst_traits<class CharClip *>> __cdecl stlpmtx_std::list<class CharClip *, class stlpmtx_std::StlNodeAlloc<class CharClip *>>::insert(struct stlpmtx_std::_List_iterator<class CharClip *, struct stlpmtx_std::_Nonconst_traits<class CharClip *>>, class CharClip *const &)	public: struct stlpmtx_std::_List_iterator<class RndMat *, struct stlpmtx_std::_Nonconst_traits<class RndMat *>> __cdecl stlpmtx_std::list<class RndMat *, class stlpmtx_std::StlNodeAlloc<class RndMat *>>::insert(struct stlpmtx_std::_List_iterator<class RndMat *, struct stlpmtx_std::_Nonconst_traits<class RndMat *>>, class RndMat *const &)
340	UNDECIDABLE	engine	default/system/rndobj/Utl	?BuildSphereStratified@@YAXIAAV?$vector@VVector3@@V?$StlNodeAlloc@VVector3@@@stlpmtx_std@@@stlpmtx_std@@@Z	99.7059	UNKNOWN	REFUTED	public: void __cdecl stlpmtx_std::vector<class Hmx::Rect, class stlpmtx_std::StlNodeAlloc<class Hmx::Rect>>::reserve(unsigned int)	public: void __cdecl stlpmtx_std::vector<class Vector3, class stlpmtx_std::StlNodeAlloc<class Vector3>>::reserve(unsigned int)
340	UNDECIDABLE	engine	default/PartAnim	??4?$vector@UHamSupereasyMeasure@@V?$StlNodeAlloc@UHamSupereasyMeasure@@@stlpmtx_std@@@stlpmtx_std@@QAAAAV01@ABV01@@Z	99.9412	UNKNOWN	REFUTED	protected: struct NgRnd::RndPointTest * __cdecl stlpmtx_std::vector<struct NgRnd::RndPointTest, class stlpmtx_std::StlNodeAlloc<struct NgRnd::RndPointTest>>::_M_allocate_and_copy<struct NgRnd::RndPointTest *>(unsigned int, struct NgRnd::RndPointTest *, struct NgRnd::RndPointTest *)	protected: struct HamSupereasyMeasure * __cdecl stlpmtx_std::vector<struct HamSupereasyMeasure, class stlpmtx_std::StlNodeAlloc<struct HamSupereasyMeasure>>::_M_allocate_and_copy<struct HamSupereasyMeasure const *>(unsigned int, struct HamSupereasyMeasure const *, struct HamSupereasyMeasure const *)
340	UNDECIDABLE	engine	default/CharLipSync	??4?$vector@VString@@V?$StlNodeAlloc@VString@@@stlpmtx_std@@@stlpmtx_std@@QAAAAV01@ABV01@@Z	99.9412	UNKNOWN	REFUTED	protected: class String * __cdecl stlpmtx_std::vector<class String, class stlpmtx_std::StlNodeAlloc<class String>>::_M_allocate_and_copy<class String *>(unsigned int, class String *, class String *)	protected: class String * __cdecl stlpmtx_std::vector<class String, class stlpmtx_std::StlNodeAlloc<class String>>::_M_allocate_and_copy<class String const *>(unsigned int, class String const *, class String const *)
340	UNDECIDABLE	engine	default/Mesh	??4?$vector@VFace@RndMesh@@V?$StlNodeAlloc@VFace@RndMesh@@@stlpmtx_std@@@stlpmtx_std@@QAAAAV01@ABV01@@Z	99.9412	UNKNOWN	REFUTED	protected: class RndMesh::Face * __cdecl stlpmtx_std::vector<class RndMesh::Face, class stlpmtx_std::StlNodeAlloc<class RndMesh::Face>>::_M_allocate_and_copy<class RndMesh::Face *>(unsigned int, class RndMesh::Face *, class RndMesh::Face *)	protected: class RndMesh::Face * __cdecl stlpmtx_std::vector<class RndMesh::Face, class stlpmtx_std::StlNodeAlloc<class RndMesh::Face>>::_M_allocate_and_copy<class RndMesh::Face const *>(unsigned int, class RndMesh::Face const *, class RndMesh::Face const *)
340	UNDECIDABLE	engine	default/system/obj/Dir	??4?$vector@V?$ObjDirPtr@VObjectDir@@@@V?$StlNodeAlloc@V?$ObjDirPtr@VObjectDir@@@@@stlpmtx_std@@@stlpmtx_std@@QAAAAV01@ABV01@@Z	99.9412	UNKNOWN	REFUTED	class ObjDirPtr<class ObjectDir> * __cdecl stlpmtx_std::__uninitialized_copy<class ObjDirPtr<class ObjectDir> *, class ObjDirPtr<class ObjectDir> *>(class ObjDirPtr<class ObjectDir> *, class ObjDirPtr<class ObjectDir> *, class ObjDirPtr<class ObjectDir> *, struct stlpmtx_std::__false_type const &)	class ObjDirPtr<class ObjectDir> * __cdecl stlpmtx_std::__uninitialized_copy<class ObjDirPtr<class ObjectDir> const *, class ObjDirPtr<class ObjectDir> *>(class ObjDirPtr<class ObjectDir> const *, class ObjDirPtr<class ObjectDir> const *, class ObjDirPtr<class ObjectDir> *, struct stlpmtx_std::__false_type const &)
340	A_FOLD_CONSISTENT	engine	default/Msg	??$PropSync@USink@MsgSource@@@@YA_NAAV?$list@USink@MsgSource@@V?$StlNodeAlloc@USink@MsgSource@@@stlpmtx_std@@@stlpmtx_std@@AAVDataNode@@PAVDataArray@@HW4PropOp@@@Z	99.9412	SAME	CORROBORATED	public: struct stlpmtx_std::_List_iterator<struct CharBone::WeightContext, struct stlpmtx_std::_Nonconst_traits<struct CharBone::WeightContext>> __cdecl stlpmtx_std::list<struct CharBone::WeightContext, class stlpmtx_std::StlNodeAlloc<struct CharBone::WeightContext>>::insert(struct stlpmtx_std::_List_iterator<struct CharBone::WeightContext, struct stlpmtx_std::_Nonconst_traits<struct CharBone::WeightContext>>, struct CharBone::WeightContext const &)	public: struct stlpmtx_std::_List_iterator<struct MsgSource::Sink, struct stlpmtx_std::_Nonconst_traits<struct MsgSource::Sink>> __cdecl stlpmtx_std::list<struct MsgSource::Sink, class stlpmtx_std::StlNodeAlloc<struct MsgSource::Sink>>::insert(struct stlpmtx_std::_List_iterator<struct MsgSource::Sink, struct stlpmtx_std::_Nonconst_traits<struct MsgSource::Sink>>, struct MsgSource::Sink const &)
336	BC_DIFFERENT_UNRESOLVED	engine	default/OutfitConfig	??4?$vector@VOverlay@OutfitConfig@@V?$StlNodeAlloc@VOverlay@OutfitConfig@@@stlpmtx_std@@@stlpmtx_std@@QAAAAV01@ABV01@@Z	99.9405	DIFFERENT	REFUTED	class SampleMarker * __cdecl stlpmtx_std::__uninitialized_copy<class SampleMarker const *, class SampleMarker *>(class SampleMarker const *, class SampleMarker const *, class SampleMarker *, struct stlpmtx_std::__false_type const &)	class OutfitConfig::Overlay * __cdecl stlpmtx_std::__uninitialized_copy<class OutfitConfig::Overlay const *, class OutfitConfig::Overlay *>(class OutfitConfig::Overlay const *, class OutfitConfig::Overlay const *, class OutfitConfig::Overlay *, struct stlpmtx_std::__false_type const &)
336	A_FOLD_CONSISTENT	game	default/SongSortBySong	?Init@SongSortBySong@@UAAXXZ	99.9405	SAME	REFUTED	public: void __cdecl stlpmtx_std::vector<class ChatReceiver *, class stlpmtx_std::StlNodeAlloc<class ChatReceiver *>>::push_back(class ChatReceiver *const &)	public: void __cdecl stlpmtx_std::vector<class ShortcutNode *, class stlpmtx_std::StlNodeAlloc<class ShortcutNode *>>::push_back(class ShortcutNode *const &)
336	UNDECIDABLE	engine	default/system/obj/Dir	?Copy@ObjectDir@@UAAXPBVObject@Hmx@@W4CopyType@23@@Z	99.9405	UNKNOWN	REFUTED	public: class stlpmtx_std::vector<class Transform, class stlpmtx_std::StlNodeAlloc<class Transform>> & __cdecl stlpmtx_std::vector<class Transform, class stlpmtx_std::StlNodeAlloc<class Transform>>::operator=(class stlpmtx_std::vector<class Transform, class stlpmtx_std::StlNodeAlloc<class Transform>> const &)	public: class stlpmtx_std::vector<class ObjectDir::Viewport, class stlpmtx_std::StlNodeAlloc<class ObjectDir::Viewport>> & __cdecl stlpmtx_std::vector<class ObjectDir::Viewport, class stlpmtx_std::StlNodeAlloc<class ObjectDir::Viewport>>::operator=(class stlpmtx_std::vector<class ObjectDir::Viewport, class stlpmtx_std::StlNodeAlloc<class ObjectDir::Viewport>> const &)
336	UNDECIDABLE	engine	default/TrackDir	?SetSlotXfm@TrackDir@@QAAXHABVTransform@@@Z	99.0476	UNKNOWN	REFUTED	public: void __cdecl stlpmtx_std::vector<class Triangle, class stlpmtx_std::StlNodeAlloc<class Triangle>>::push_back(class Triangle const &)	public: void __cdecl stlpmtx_std::vector<class Transform, class stlpmtx_std::StlNodeAlloc<class Transform>>::push_back(class Transform const &)
328	BC_DIFFERENT_UNRESOLVED	engine	default/SongInfoCopy	??1SongInfoCopy@@UAA@XZ	99.9390	DIFFERENT	REFUTED	public: __cdecl stlpmtx_std::vector<struct ObjPtrVec<class Hmx::Object, class ObjectDir>::Node, class stlpmtx_std::StlNodeAlloc<struct ObjPtrVec<class Hmx::Object, class ObjectDir>::Node>>::~vector<struct ObjPtrVec<class Hmx::Object, class ObjectDir>::Node, class stlpmtx_std::StlNodeAlloc<struct ObjPtrVec<class Hmx::Object, class ObjectDir>::Node>>(void)	public: __cdecl stlpmtx_std::vector<class String, class stlpmtx_std::StlNodeAlloc<class String>>::~vector<class String, class stlpmtx_std::StlNodeAlloc<class String>>(void)
328	UNDECIDABLE	network	default/SessionMessages	?Load@JoinRequestMsg@@UAAXAAVBinStream@@@Z	99.9390	UNKNOWN	REFUTED	public: void __cdecl stlpmtx_std::vector<class SongParser::GemInProgress, class stlpmtx_std::StlNodeAlloc<class SongParser::GemInProgress>>::push_back(class SongParser::GemInProgress const &)	public: void __cdecl stlpmtx_std::vector<class UserGuid, class stlpmtx_std::StlNodeAlloc<class UserGuid>>::push_back(class UserGuid const &)
328	UNDECIDABLE	engine	default/CameraManager	?FindOrAddCategory@CameraManager@@AAAAAV?$ObjPtrList@VCamShot@@VObjectDir@@@@VSymbol@@@Z	99.9390	UNKNOWN	REFUTED	public: void __cdecl stlpmtx_std::vector<class Vector2, class stlpmtx_std::StlNodeAlloc<class Vector2>>::push_back(class Vector2 const &)	public: void __cdecl stlpmtx_std::vector<class CameraManager::Category, class stlpmtx_std::StlNodeAlloc<class CameraManager::Category>>::push_back(class CameraManager::Category const &)
324	UNDECIDABLE	engine	default/system/synth/VoiceBeat	?Reset@EventTracker@@QAAXXZ	99.9383	UNKNOWN	REFUTED	private: void __cdecl stlpmtx_std::vector<class Hmx::Object *, class stlpmtx_std::StlNodeAlloc<class Hmx::Object *>>::_M_fill_insert(class Hmx::Object **, unsigned int, class Hmx::Object *const &)	private: void __cdecl stlpmtx_std::vector<int, class stlpmtx_std::StlNodeAlloc<int>>::_M_fill_insert(int *, unsigned int, int const &)
324	BC_DIFFERENT_UNRESOLVED	game	default/band3/bandtrack/Gem	??4?$vector@VMatSwap@OutfitConfig@@V?$StlNodeAlloc@VMatSwap@OutfitConfig@@@stlpmtx_std@@@stlpmtx_std@@QAAAAV01@ABV01@@Z	99.9383	DIFFERENT	REFUTED	class TransformArea * __cdecl stlpmtx_std::__uninitialized_copy<class TransformArea *, class TransformArea *>(class TransformArea *, class TransformArea *, class TransformArea *, struct stlpmtx_std::__false_type const &)	class OutfitConfig::MatSwap * __cdecl stlpmtx_std::__uninitialized_copy<class OutfitConfig::MatSwap const *, class OutfitConfig::MatSwap *>(class OutfitConfig::MatSwap const *, class OutfitConfig::MatSwap const *, class OutfitConfig::MatSwap *, struct stlpmtx_std::__false_type const &)
324	BC_DIFFERENT_UNRESOLVED	game	default/band3/bandtrack/Gem	??4?$vector@VPiercing@OutfitConfig@@V?$StlNodeAlloc@VPiercing@OutfitConfig@@@stlpmtx_std@@@stlpmtx_std@@QAAAAV01@ABV01@@Z	99.9383	DIFFERENT	REFUTED	struct HamNavProvider::NavItem * __cdecl stlpmtx_std::__uninitialized_copy<struct HamNavProvider::NavItem *, struct HamNavProvider::NavItem *>(struct HamNavProvider::NavItem *, struct HamNavProvider::NavItem *, struct HamNavProvider::NavItem *, struct stlpmtx_std::__false_type const &)	class OutfitConfig::Piercing * __cdecl stlpmtx_std::__uninitialized_copy<class OutfitConfig::Piercing const *, class OutfitConfig::Piercing *>(class OutfitConfig::Piercing const *, class OutfitConfig::Piercing const *, class OutfitConfig::Piercing *, struct stlpmtx_std::__false_type const &)
324	BC_DIFFERENT_UNRESOLVED	engine	default/Song	??1Song@@UAA@XZ	99.9383	DIFFERENT	REFUTED	public: virtual __cdecl ObjPtrList<class CharInterest, class ObjectDir>::~ObjPtrList<class CharInterest, class ObjectDir>(void)	public: virtual __cdecl ObjPtrList<class Hmx::Object, class ObjectDir>::~ObjPtrList<class Hmx::Object, class ObjectDir>(void)
324	UNDECIDABLE	engine	default/BandIKEffector	??4?$vector@VConstraint@BandIKEffector@@V?$StlNodeAlloc@VConstraint@BandIKEffector@@@stlpmtx_std@@@stlpmtx_std@@QAAAAV01@ABV01@@Z	99.9383	UNKNOWN	REFUTED	class BandIKEffector::Constraint * __cdecl stlpmtx_std::__uninitialized_copy<class BandIKEffector::Constraint *, class BandIKEffector::Constraint *>(class BandIKEffector::Constraint *, class BandIKEffector::Constraint *, class BandIKEffector::Constraint *, struct stlpmtx_std::__false_type const &)	class BandIKEffector::Constraint * __cdecl stlpmtx_std::__uninitialized_copy<class BandIKEffector::Constraint const *, class BandIKEffector::Constraint *>(class BandIKEffector::Constraint const *, class BandIKEffector::Constraint const *, class BandIKEffector::Constraint *, struct stlpmtx_std::__false_type const &)
324	UNDECIDABLE	engine	default/CharHair	??4?$vector@UPoint@CharHair@@V?$StlNodeAlloc@UPoint@CharHair@@@stlpmtx_std@@@stlpmtx_std@@QAAAAV01@ABV01@@Z	99.9383	UNKNOWN	REFUTED	struct CharHair::Point * __cdecl stlpmtx_std::__uninitialized_copy<struct CharHair::Point *, struct CharHair::Point *>(struct CharHair::Point *, struct CharHair::Point *, struct CharHair::Point *, struct stlpmtx_std::__false_type const &)	struct CharHair::Point * __cdecl stlpmtx_std::__uninitialized_copy<struct CharHair::Point const *, struct CharHair::Point *>(struct CharHair::Point const *, struct CharHair::Point const *, struct CharHair::Point *, struct stlpmtx_std::__false_type const &)
324	UNDECIDABLE	engine	default/Part	?CheckBursts@RndParticleSys@@IAAMM@Z	99.9383	UNKNOWN	REFUTED	public: void __cdecl stlpmtx_std::vector<class SongParser::GemInProgress, class stlpmtx_std::StlNodeAlloc<class SongParser::GemInProgress>>::push_back(class SongParser::GemInProgress const &)	public: void __cdecl stlpmtx_std::vector<class RndParticleSys::Burst, class stlpmtx_std::StlNodeAlloc<class RndParticleSys::Burst>>::push_back(class RndParticleSys::Burst const &)
324	BC_DIFFERENT_UNRESOLVED	engine	default/Character	??4?$vector@ULod@Character@@V?$StlNodeAlloc@ULod@Character@@@stlpmtx_std@@@stlpmtx_std@@QAAAAV01@ABV01@@Z	99.9383	DIFFERENT	REFUTED	void __cdecl stlpmtx_std::_Destroy_Range<struct CharIKHand::IKTarget *>(struct CharIKHand::IKTarget *, struct CharIKHand::IKTarget *)	void __cdecl stlpmtx_std::_Destroy_Range<struct Character::Lod *>(struct Character::Lod *, struct Character::Lod *)
324	UNDECIDABLE	engine	default/FileMerger	??4?$vector@UMerger@FileMerger@@V?$StlNodeAlloc@UMerger@FileMerger@@@stlpmtx_std@@@stlpmtx_std@@QAAAAV01@ABV01@@Z	99.9383	UNKNOWN	REFUTED	struct FileMerger::Merger * __cdecl stlpmtx_std::__uninitialized_copy<struct FileMerger::Merger *, struct FileMerger::Merger *>(struct FileMerger::Merger *, struct FileMerger::Merger *, struct FileMerger::Merger *, struct stlpmtx_std::__false_type const &)	struct FileMerger::Merger * __cdecl stlpmtx_std::__uninitialized_copy<struct FileMerger::Merger const *, struct FileMerger::Merger *>(struct FileMerger::Merger const *, struct FileMerger::Merger const *, struct FileMerger::Merger *, struct stlpmtx_std::__false_type const &)
324	UNDECIDABLE	engine	default/Joypad	?JoypadPollForButton@@YAIH@Z	99.8765	UNKNOWN	REFUTED	public: void __cdecl stlpmtx_std::vector<class Vector2, class stlpmtx_std::StlNodeAlloc<class Vector2>>::push_back(class Vector2 const &)	public: void __cdecl stlpmtx_std::vector<struct WaitInfo, class stlpmtx_std::StlNodeAlloc<struct WaitInfo>>::push_back(struct WaitInfo const &)
324	BC_DIFFERENT_UNRESOLVED	engine	default/Mesh	??4?$vector@VRndBone@@V?$StlNodeAlloc@VRndBone@@@stlpmtx_std@@@stlpmtx_std@@QAAAAV01@ABV01@@Z	99.9383	DIFFERENT	REFUTED	protected: class FilePath * __cdecl stlpmtx_std::vector<class FilePath, class stlpmtx_std::StlNodeAlloc<class FilePath>>::_M_allocate_and_copy<class FilePath const *>(unsigned int, class FilePath const *, class FilePath const *)	protected: class RndBone * __cdecl stlpmtx_std::vector<class RndBone, class stlpmtx_std::StlNodeAlloc<class RndBone>>::_M_allocate_and_copy<class RndBone const *>(unsigned int, class RndBone const *, class RndBone const *)
320	UNDECIDABLE	engine	default/BandCrowdMeter	??$PropSync@VColor@Hmx@@@@YA_NAAV?$vector@VColor@Hmx@@V?$StlNodeAlloc@VColor@Hmx@@@stlpmtx_std@@@stlpmtx_std@@AAVDataNode@@PAVDataArray@@HW4PropOp@@@Z	99.9375	UNKNOWN	CORROBORATED	private: void __cdecl stlpmtx_std::vector<class Vector3, class stlpmtx_std::StlNodeAlloc<class Vector3>>::_M_fill_insert(class Vector3 *, unsigned int, class Vector3 const &)	private: void __cdecl stlpmtx_std::vector<class Hmx::Color, class stlpmtx_std::StlNodeAlloc<class Hmx::Color>>::_M_fill_insert(class Hmx::Color *, unsigned int, class Hmx::Color const &)
320	UNDECIDABLE	engine	default/OutfitConfig	??$PropSync@H@@YA_NAAV?$vector@HV?$StlNodeAlloc@H@stlpmtx_std@@@stlpmtx_std@@AAVDataNode@@PAVDataArray@@HW4PropOp@@@Z	99.9375	UNKNOWN	REFUTED	private: void __cdecl stlpmtx_std::vector<class Hmx::Object *, class stlpmtx_std::StlNodeAlloc<class Hmx::Object *>>::_M_fill_insert(class Hmx::Object **, unsigned int, class Hmx::Object *const &)	private: void __cdecl stlpmtx_std::vector<int, class stlpmtx_std::StlNodeAlloc<int>>::_M_fill_insert(int *, unsigned int, int const &)
320	UNDECIDABLE	game	default/band3/bandtrack/Gem	??$PropSync@VSeam@MeshAO@OutfitConfig@@@@YA_NAAV?$vector@VSeam@MeshAO@OutfitConfig@@V?$StlNodeAlloc@VSeam@MeshAO@OutfitConfig@@@stlpmtx_std@@@stlpmtx_std@@AAVDataNode@@PAVDataArray@@HW4PropOp@@@Z	99.9375	UNKNOWN	CORROBORATED	private: void __cdecl stlpmtx_std::vector<class Key<float>, class stlpmtx_std::StlNodeAlloc<class Key<float>>>::_M_fill_insert(class Key<float> *, unsigned int, class Key<float> const &)	private: void __cdecl stlpmtx_std::vector<class OutfitConfig::MeshAO::Seam, class stlpmtx_std::StlNodeAlloc<class OutfitConfig::MeshAO::Seam>>::_M_fill_insert(class OutfitConfig::MeshAO::Seam *, unsigned int, class OutfitConfig::MeshAO::Seam const &)
320	A_FOLD_CONSISTENT	game	default/band3/meta_band/SetlistToStorePanel	?GetSongsFromMusicLibrary@SetlistToStorePanel@@QAAXXZ	99.9375	SAME	REFUTED	int const * __cdecl stlpmtx_std::__find<int const *, int>(int const *, int const *, int const &, struct stlpmtx_std::random_access_iterator_tag const &)	int * __cdecl stlpmtx_std::__find<int *, int>(int *, int *, int const &, struct stlpmtx_std::random_access_iterator_tag const &)
320	BC_DIFFERENT_UNRESOLVED	engine	default/CharBonesSamples	??$PropSync@M@@YA_NAAV?$vector@MV?$StlNodeAlloc@M@stlpmtx_std@@@stlpmtx_std@@AAVDataNode@@PAVDataArray@@HW4PropOp@@@Z	99.9375	DIFFERENT	REFUTED	private: void __cdecl stlpmtx_std::vector<float *, class stlpmtx_std::StlNodeAlloc<float *>>::_M_fill_insert(float **, unsigned int, float *const &)	private: void __cdecl stlpmtx_std::vector<float, class stlpmtx_std::StlNodeAlloc<float>>::_M_fill_insert(float *, unsigned int, float const &)
320	A_FOLD_CONSISTENT	engine	default/UIListDir	??1UIListDir@@UAA@XZ	99.9375	SAME	CORROBORATED	void __cdecl DeleteAll<class stlpmtx_std::vector<class NetSavedSetlist *, class stlpmtx_std::StlNodeAlloc<class NetSavedSetlist *>>>(class stlpmtx_std::vector<class NetSavedSetlist *, class stlpmtx_std::StlNodeAlloc<class NetSavedSetlist *>> &)	void __cdecl DeleteAll<class stlpmtx_std::vector<class UIListWidget *, class stlpmtx_std::StlNodeAlloc<class UIListWidget *>>>(class stlpmtx_std::vector<class UIListWidget *, class stlpmtx_std::StlNodeAlloc<class UIListWidget *>> &)
320	UNDECIDABLE	engine	default/TrackDir	??$PropSync@VTransform@@@@YA_NAAV?$vector@VTransform@@V?$StlNodeAlloc@VTransform@@@stlpmtx_std@@@stlpmtx_std@@AAVDataNode@@PAVDataArray@@HW4PropOp@@@Z	99.9375	UNKNOWN	REFUTED	private: void __cdecl stlpmtx_std::vector<class ObjectDir::Viewport, class stlpmtx_std::StlNodeAlloc<class ObjectDir::Viewport>>::_M_fill_insert(class ObjectDir::Viewport *, unsigned int, class ObjectDir::Viewport const &)	private: void __cdecl stlpmtx_std::vector<class Transform, class stlpmtx_std::StlNodeAlloc<class Transform>>::_M_fill_insert(class Transform *, unsigned int, class Transform const &)
316	UNDECIDABLE	game	default/band3/meta_band/BandProfile	??$LoadStdPtr@VTourCharLocal@@V?$StlNodeAlloc@PAVTourCharLocal@@@stlpmtx_std@@@FixedSizeSaveable@@SAXAAVFixedSizeSaveableStream@@AAV?$vector@PAVTourCharLocal@@V?$StlNodeAlloc@PAVTourCharLocal@@@stlpmtx_std@@@stlpmtx_std@@HH@Z	99.9240	UNKNOWN	REFUTED	private: void __cdecl stlpmtx_std::vector<class Hmx::Object *, class stlpmtx_std::StlNodeAlloc<class Hmx::Object *>>::_M_fill_insert(class Hmx::Object **, unsigned int, class Hmx::Object *const &)	private: void __cdecl stlpmtx_std::vector<class TourCharLocal *, class stlpmtx_std::StlNodeAlloc<class TourCharLocal *>>::_M_fill_insert(class TourCharLocal **, unsigned int, class TourCharLocal *const &)
316	A_FOLD_CONSISTENT	engine	default/Msg	?AddSink@MsgSource@@QAAXPAVObject@Hmx@@VSymbol@@1W4SinkMode@1@@Z	99.9367	SAME	CORROBORATED	public: struct stlpmtx_std::_List_iterator<struct CharBone::WeightContext, struct stlpmtx_std::_Nonconst_traits<struct CharBone::WeightContext>> __cdecl stlpmtx_std::list<struct CharBone::WeightContext, class stlpmtx_std::StlNodeAlloc<struct CharBone::WeightContext>>::insert(struct stlpmtx_std::_List_iterator<struct CharBone::WeightContext, struct stlpmtx_std::_Nonconst_traits<struct CharBone::WeightContext>>, struct CharBone::WeightContext const &)	public: struct stlpmtx_std::_List_iterator<struct MsgSource::Sink, struct stlpmtx_std::_Nonconst_traits<struct MsgSource::Sink>> __cdecl stlpmtx_std::list<struct MsgSource::Sink, class stlpmtx_std::StlNodeAlloc<struct MsgSource::Sink>>::insert(struct stlpmtx_std::_List_iterator<struct MsgSource::Sink, struct stlpmtx_std::_Nonconst_traits<struct MsgSource::Sink>>, struct MsgSource::Sink const &)
316	UNDECIDABLE	engine	default/MatAnim	?Copy@RndMatAnim@@UAAXPBVObject@Hmx@@W4CopyType@23@@Z	99.8101	UNKNOWN	REFUTED	public: class stlpmtx_std::vector<class Key<class Hmx::Color>, class stlpmtx_std::StlNodeAlloc<class Key<class Hmx::Color>>> & __cdecl stlpmtx_std::vector<class Key<class Hmx::Color>, class stlpmtx_std::StlNodeAlloc<class Key<class Hmx::Color>>>::operator=(class stlpmtx_std::vector<class Key<class Hmx::Color>, class stlpmtx_std::StlNodeAlloc<class Key<class Hmx::Color>>> const &)	public: class stlpmtx_std::vector<class Key<class Vector3>, class stlpmtx_std::StlNodeAlloc<class Key<class Vector3>>> & __cdecl stlpmtx_std::vector<class Key<class Vector3>, class stlpmtx_std::StlNodeAlloc<class Key<class Vector3>>>::operator=(class stlpmtx_std::vector<class Key<class Vector3>, class stlpmtx_std::StlNodeAlloc<class Key<class Vector3>>> const &)
312	A_FOLD_CONSISTENT	engine	default/ChordShapeGenerator	??1ChordShapeGenerator@@UAA@XZ	99.8718	SAME	REFUTED	public: virtual __cdecl ObjRefConcrete<class CharLookAt, class ObjectDir>::~ObjRefConcrete<class CharLookAt, class ObjectDir>(void)	public: virtual __cdecl ObjRefConcrete<class RndMesh, class ObjectDir>::~ObjRefConcrete<class RndMesh, class ObjectDir>(void)
312	A_FOLD_CONSISTENT	game	default/OvershellPanel	?FindSlotForRemoteUser@OvershellPanel@@QAAPAVOvershellSlot@@PAVRemoteBandUser@@@Z	99.9359	SAME	REFUTED	public: void __cdecl stlpmtx_std::vector<class ChatReceiver *, class stlpmtx_std::StlNodeAlloc<class ChatReceiver *>>::push_back(class ChatReceiver *const &)	public: void __cdecl stlpmtx_std::vector<class OvershellSlot *, class stlpmtx_std::StlNodeAlloc<class OvershellSlot *>>::push_back(class OvershellSlot *const &)
308	BC_DIFFERENT_UNRESOLVED	engine	default/SongData	??4?$vector@U?$pair@MM@stlpmtx_std@@V?$StlNodeAlloc@U?$pair@MM@stlpmtx_std@@@2@@stlpmtx_std@@QAAAAV01@ABV01@@Z	99.9351	DIFFERENT	REFUTED	protected: struct XUSER_ACHIEVEMENT * __cdecl stlpmtx_std::vector<struct XUSER_ACHIEVEMENT, class stlpmtx_std::StlNodeAlloc<struct XUSER_ACHIEVEMENT>>::_M_allocate_and_copy<struct XUSER_ACHIEVEMENT const *>(unsigned int, struct XUSER_ACHIEVEMENT const *, struct XUSER_ACHIEVEMENT const *)	protected: struct stlpmtx_std::pair<float, float> * __cdecl stlpmtx_std::vector<struct stlpmtx_std::pair<float, float>, class stlpmtx_std::StlNodeAlloc<struct stlpmtx_std::pair<float, float>>>::_M_allocate_and_copy<struct stlpmtx_std::pair<float, float> const *>(unsigned int, struct stlpmtx_std::pair<float, float> const *, struct stlpmtx_std::pair<float, float> const *)
304	UNDECIDABLE	game	default/SetlistMergePanel	?SubmitSetlist@SetlistMergePanel@@QAAXXZ	99.9342	UNKNOWN	REFUTED	private: void __cdecl stlpmtx_std::vector<class Hmx::Object *, class stlpmtx_std::StlNodeAlloc<class Hmx::Object *>>::_M_fill_insert(class Hmx::Object **, unsigned int, class Hmx::Object *const &)	private: void __cdecl stlpmtx_std::vector<int, class stlpmtx_std::StlNodeAlloc<int>>::_M_fill_insert(int *, unsigned int, int const &)
304	BC_DIFFERENT_UNRESOLVED	engine	default/TrackPanelDir	?ResetPlayers@TrackPanelDir@@UAAXXZ	99.9342	DIFFERENT	REFUTED	public: void __cdecl stlpmtx_std::vector<class SpotlightDrawer::SpotlightEntry, class stlpmtx_std::StlNodeAlloc<class SpotlightDrawer::SpotlightEntry>>::resize(unsigned int, class SpotlightDrawer::SpotlightEntry const &)	public: void __cdecl stlpmtx_std::vector<enum TrackInstrument, class stlpmtx_std::StlNodeAlloc<enum TrackInstrument>>::resize(unsigned int, enum TrackInstrument const &)
300	BC_DIFFERENT_UNRESOLVED	engine	default/UILabel	??4?$ObjDirPtr@VObjectDir@@@@QAAAAV0@PAVObjectDir@@@Z	99.9333	DIFFERENT	REFUTED	public: void __cdecl ObjDirPtr<class HamListRibbon>::PostLoad(class Loader *)	public: void __cdecl ObjDirPtr<class ObjectDir>::PostLoad(class Loader *)
300	A_FOLD_CONSISTENT	game	default/GameMicManager	?HandleMicsChanged@GameMicManager@@UAAXXZ	99.9333	SAME	REFUTED	int const * __cdecl stlpmtx_std::__find<int const *, int>(int const *, int const *, int const &, struct stlpmtx_std::random_access_iterator_tag const &)	int * __cdecl stlpmtx_std::__find<int *, int>(int *, int *, int const &, struct stlpmtx_std::random_access_iterator_tag const &)
300	A_FOLD_CONSISTENT	engine	default/SongData	?MakeBackupTracks@SongData@@QAAXXZ	99.9333	SAME	REFUTED	public: void __cdecl stlpmtx_std::vector<class ChatReceiver *, class stlpmtx_std::StlNodeAlloc<class ChatReceiver *>>::push_back(class ChatReceiver *const &)	public: void __cdecl stlpmtx_std::vector<class SongData::BackupTrack *, class stlpmtx_std::StlNodeAlloc<class SongData::BackupTrack *>>::push_back(class SongData::BackupTrack *const &)
296	A_FOLD_CONSISTENT	engine	default/Synapse_dsp	?_M_fill_insert_aux@?$vector@V?$vector@MV?$StlNodeAlloc@M@stlpmtx_std@@@stlpmtx_std@@V?$StlNodeAlloc@V?$vector@MV?$StlNodeAlloc@M@stlpmtx_std@@@stlpmtx_std@@@2@@stlpmtx_std@@AAAXPAV?$vector@MV?$StlNodeAlloc@M@stlpmtx_std@@@2@IABV32@ABU__true_type@2@@Z	99.9324	SAME	REFUTED	public: __cdecl stlpmtx_std::vector<int, class stlpmtx_std::StlNodeAlloc<int>>::vector<int, class stlpmtx_std::StlNodeAlloc<int>>(class stlpmtx_std::vector<int, class stlpmtx_std::StlNodeAlloc<int>> const &)	public: __cdecl stlpmtx_std::vector<float, class stlpmtx_std::StlNodeAlloc<float>>::vector<float, class stlpmtx_std::StlNodeAlloc<float>>(class stlpmtx_std::vector<float, class stlpmtx_std::StlNodeAlloc<float>> const &)
296	A_FOLD_CONSISTENT	engine	default/BandList	?StartRevealAnim@BandList@@QAAXHAAVTransform@@@Z	99.9324	SAME	CORROBORATED	public: float & __cdecl stlpmtx_std::map<class Hmx::CRC, float, struct stlpmtx_std::less<class Hmx::CRC>, class stlpmtx_std::StlNodeAlloc<struct stlpmtx_std::pair<class Hmx::CRC const, float>>>::operator[](class Hmx::CRC const &)	public: float & __cdecl stlpmtx_std::map<int, float, struct stlpmtx_std::less<int>, class stlpmtx_std::StlNodeAlloc<struct stlpmtx_std::pair<int const, float>>>::operator[](int const &)
296	A_FOLD_CONSISTENT	engine	default/BandList	?StartConcealAnim@BandList@@QAAXHAAVTransform@@@Z	99.9324	SAME	CORROBORATED	public: float & __cdecl stlpmtx_std::map<class Hmx::CRC, float, struct stlpmtx_std::less<class Hmx::CRC>, class stlpmtx_std::StlNodeAlloc<struct stlpmtx_std::pair<class Hmx::CRC const, float>>>::operator[](class Hmx::CRC const &)	public: float & __cdecl stlpmtx_std::map<int, float, struct stlpmtx_std::less<int>, class stlpmtx_std::StlNodeAlloc<struct stlpmtx_std::pair<int const, float>>>::operator[](int const &)
296	A_FOLD_CONSISTENT	engine	default/SongData	?_M_fill_insert_aux@?$vector@V?$vector@VRangeSection@@V?$StlNodeAlloc@VRangeSection@@@stlpmtx_std@@@stlpmtx_std@@V?$StlNodeAlloc@V?$vector@VRangeSection@@V?$StlNodeAlloc@VRangeSection@@@stlpmtx_std@@@stlpmtx_std@@@2@@stlpmtx_std@@AAAXPAV?$vector@VRangeSection@@V?$StlNodeAlloc@VRangeSection@@@stlpmtx_std@@@2@IABV32@ABU__true_type@2@@Z	99.9324	SAME	REFUTED	public: __cdecl stlpmtx_std::vector<class Vector3, class stlpmtx_std::StlNodeAlloc<class Vector3>>::vector<class Vector3, class stlpmtx_std::StlNodeAlloc<class Vector3>>(class stlpmtx_std::vector<class Vector3, class stlpmtx_std::StlNodeAlloc<class Vector3>> const &)	public: __cdecl stlpmtx_std::vector<class RangeSection, class stlpmtx_std::StlNodeAlloc<class RangeSection>>::vector<class RangeSection, class stlpmtx_std::StlNodeAlloc<class RangeSection>>(class stlpmtx_std::vector<class RangeSection, class stlpmtx_std::StlNodeAlloc<class RangeSection>> const &)
296	A_FOLD_CONSISTENT	engine	default/Splash	?ShowNext@Splash@@IAA_NXZ	99.9324	SAME	REFUTED	public: struct stlpmtx_std::_List_iterator<class CharClip *, struct stlpmtx_std::_Nonconst_traits<class CharClip *>> __cdecl stlpmtx_std::list<class CharClip *, class stlpmtx_std::StlNodeAlloc<class CharClip *>>::insert(struct stlpmtx_std::_List_iterator<class CharClip *, struct stlpmtx_std::_Nonconst_traits<class CharClip *>>, class CharClip *const &)	public: struct stlpmtx_std::_List_iterator<class RndDir *, struct stlpmtx_std::_Nonconst_traits<class RndDir *>> __cdecl stlpmtx_std::list<class RndDir *, class stlpmtx_std::StlNodeAlloc<class RndDir *>>::insert(struct stlpmtx_std::_List_iterator<class RndDir *, struct stlpmtx_std::_Nonconst_traits<class RndDir *>>, class RndDir *const &)
292	A_FOLD_CONSISTENT	game	default/VocalTrack	?GetCurrentPlate@VocalTrack@@QAAPAVTubePlate@@AAV?$deque@PAVTubePlate@@V?$StlNodeAlloc@PAVTubePlate@@@stlpmtx_std@@@stlpmtx_std@@H@Z	99.9315	SAME	REFUTED	protected: void __cdecl stlpmtx_std::deque<class LyricPlate *, class stlpmtx_std::StlNodeAlloc<class LyricPlate *>>::_M_push_back_aux_v(class LyricPlate *const &)	protected: void __cdecl stlpmtx_std::deque<class TubePlate *, class stlpmtx_std::StlNodeAlloc<class TubePlate *>>::_M_push_back_aux_v(class TubePlate *const &)
292	A_FOLD_CONSISTENT	game	default/VocalPart	?CalcNoteWeights@VocalPart@@QAAXXZ	99.9315	SAME	REFUTED	public: void __cdecl stlpmtx_std::vector<struct CharPollableSorter::Dep *, class stlpmtx_std::StlNodeAlloc<struct CharPollableSorter::Dep *>>::reserve(unsigned int)	public: void __cdecl stlpmtx_std::vector<float, class stlpmtx_std::StlNodeAlloc<float>>::reserve(unsigned int)
292	A_FOLD_CONSISTENT	game	default/SessionUsersProviders	?RefreshUserList@SessionUsersProvider@@QAAXPBVBandUser@@PBVBandUserMgr@@@Z	99.9315	SAME	REFUTED	public: void __cdecl stlpmtx_std::vector<class ChatReceiver *, class stlpmtx_std::StlNodeAlloc<class ChatReceiver *>>::push_back(class ChatReceiver *const &)	public: void __cdecl stlpmtx_std::vector<class BandUser *, class stlpmtx_std::StlNodeAlloc<class BandUser *>>::push_back(class BandUser *const &)
292	BC_DIFFERENT_UNRESOLVED	game	default/band3/meta_band/CampaignGoalsLeaderboardChoicePanel	??0CampaignGoalsLeaderboardChoiceProvider@@QAA@PAVBandProfile@@ABV?$vector@PAVDynamicTex@@V?$StlNodeAlloc@PAVDynamicTex@@@stlpmtx_std@@@stlpmtx_std@@@Z	99.9315	DIFFERENT	UNKNOWN	void __cdecl stlpmtx_std::__stable_sort_aux<class Symbol *, class Symbol, int, struct GoalAlpaCmp>(class Symbol *, class Symbol *, class Symbol *, int *, struct GoalAlpaCmp)	void __cdecl stlpmtx_std::__stable_sort_aux<class Symbol *, class Symbol, int, class GoalCmp>(class Symbol *, class Symbol *, class Symbol *, int *, class GoalCmp)
292	A_FOLD_CONSISTENT	game	default/CustomizePanel	??0CustomizePanel@@QAA@XZ	99.9315	SAME	CORROBORATED	public: __cdecl stlpmtx_std::hash_map<class Symbol, int, struct stlpmtx_std::hash<class Symbol>, struct stlpmtx_std::equal_to<class Symbol>, class stlpmtx_std::StlNodeAlloc<struct stlpmtx_std::pair<class Symbol const, int>>>::hash_map<class Symbol, int, struct stlpmtx_std::hash<class Symbol>, struct stlpmtx_std::equal_to<class Symbol>, class stlpmtx_std::StlNodeAlloc<struct stlpmtx_std::pair<class Symbol const, int>>>(void)	public: __cdecl stlpmtx_std::hash_map<int, class UIComponent *, struct stlpmtx_std::hash<int>, struct stlpmtx_std::equal_to<int>, class stlpmtx_std::StlNodeAlloc<struct stlpmtx_std::pair<int const, class UIComponent *>>>::hash_map<int, class UIComponent *, struct stlpmtx_std::hash<int>, struct stlpmtx_std::equal_to<int>, class stlpmtx_std::StlNodeAlloc<struct stlpmtx_std::pair<int const, class UIComponent *>>>(void)
292	UNDECIDABLE	game	default/band3/meta_band/InterstitialMgr	?_M_copy_from@?$hashtable@U?$pair@$$CBVSymbol@@PAVDataArray@@@stlpmtx_std@@VSymbol@@U?$hash@VSymbol@@@2@U?$_HashMapTraitsT@U?$pair@$$CBVSymbol@@PAVDataArray@@@stlpmtx_std@@@priv@2@U?$_Select1st@U?$pair@$$CBVSymbol@@PAVDataArray@@@stlpmtx_std@@@2@U?$equal_to@VSymbol@@@2@V?$StlNodeAlloc@U?$pair@$$CBVSymbol@@PAVDataArray@@@stlpmtx_std@@@2@@stlpmtx_std@@AAAXABV12@@Z	99.9315	UNKNOWN	REFUTED	private: void __cdecl stlpmtx_std::vector<class Hmx::Object *, class stlpmtx_std::StlNodeAlloc<class Hmx::Object *>>::_M_fill_insert(class Hmx::Object **, unsigned int, class Hmx::Object *const &)	private: void __cdecl stlpmtx_std::vector<struct stlpmtx_std::priv::_Slist_node_base *, class stlpmtx_std::StlNodeAlloc<struct stlpmtx_std::priv::_Slist_node_base *>>::_M_fill_insert(struct stlpmtx_std::priv::_Slist_node_base **, unsigned int, struct stlpmtx_std::priv::_Slist_node_base *const &)
292	A_FOLD_CONSISTENT	engine	default/CharGuitarString	?PollDeps@CharGuitarString@@UAAXAAV?$list@PAVObject@Hmx@@V?$StlNodeAlloc@PAVObject@Hmx@@@stlpmtx_std@@@stlpmtx_std@@0@Z	99.7260	SAME	REFUTED	public: struct stlpmtx_std::_List_iterator<class CharClip *, struct stlpmtx_std::_Nonconst_traits<class CharClip *>> __cdecl stlpmtx_std::list<class CharClip *, class stlpmtx_std::StlNodeAlloc<class CharClip *>>::insert(struct stlpmtx_std::_List_iterator<class CharClip *, struct stlpmtx_std::_Nonconst_traits<class CharClip *>>, class CharClip *const &)	public: struct stlpmtx_std::_List_iterator<class Hmx::Object *, struct stlpmtx_std::_Nonconst_traits<class Hmx::Object *>> __cdecl stlpmtx_std::list<class Hmx::Object *, class stlpmtx_std::StlNodeAlloc<class Hmx::Object *>>::insert(struct stlpmtx_std::_List_iterator<class Hmx::Object *, struct stlpmtx_std::_Nonconst_traits<class Hmx::Object *>>, class Hmx::Object *const &)
292	BC_DIFFERENT_UNRESOLVED	engine	default/DirUnloader	??0DirUnloader@@QAA@PAVObjectDir@@@Z	99.9315	DIFFERENT	REFUTED	public: class ObjDirItr<class CharBone> & __cdecl ObjDirItr<class CharBone>::operator++(void)	public: class ObjDirItr<class Hmx::Object> & __cdecl ObjDirItr<class Hmx::Object>::operator++(void)
292	A_FOLD_CONSISTENT	engine	default/MoviePanel	?ChooseMovie@MoviePanel@@IAAXXZ	99.9315	SAME	REFUTED	public: struct stlpmtx_std::_List_iterator<class CharClip *, struct stlpmtx_std::_Nonconst_traits<class CharClip *>> __cdecl stlpmtx_std::list<class CharClip *, class stlpmtx_std::StlNodeAlloc<class CharClip *>>::insert(struct stlpmtx_std::_List_iterator<class CharClip *, struct stlpmtx_std::_Nonconst_traits<class CharClip *>>, class CharClip *const &)	public: struct stlpmtx_std::_List_iterator<char const *, struct stlpmtx_std::_Nonconst_traits<char const *>> __cdecl stlpmtx_std::list<char const *, class stlpmtx_std::StlNodeAlloc<char const *>>::insert(struct stlpmtx_std::_List_iterator<char const *, struct stlpmtx_std::_Nonconst_traits<char const *>>, char const *const &)
288	A_FOLD_CONSISTENT	engine	default/CharIKRod	?PollDeps@CharIKRod@@UAAXAAV?$list@PAVObject@Hmx@@V?$StlNodeAlloc@PAVObject@Hmx@@@stlpmtx_std@@@stlpmtx_std@@0@Z	99.7222	SAME	REFUTED	public: struct stlpmtx_std::_List_iterator<class CharClip *, struct stlpmtx_std::_Nonconst_traits<class CharClip *>> __cdecl stlpmtx_std::list<class CharClip *, class stlpmtx_std::StlNodeAlloc<class CharClip *>>::insert(struct stlpmtx_std::_List_iterator<class CharClip *, struct stlpmtx_std::_Nonconst_traits<class CharClip *>>, class CharClip *const &)	public: struct stlpmtx_std::_List_iterator<class Hmx::Object *, struct stlpmtx_std::_Nonconst_traits<class Hmx::Object *>> __cdecl stlpmtx_std::list<class Hmx::Object *, class stlpmtx_std::StlNodeAlloc<class Hmx::Object *>>::insert(struct stlpmtx_std::_List_iterator<class Hmx::Object *, struct stlpmtx_std::_Nonconst_traits<class Hmx::Object *>>, class Hmx::Object *const &)
288	A_FOLD_CONSISTENT	engine	default/CharIKSliderMidi	?PollDeps@CharIKSliderMidi@@UAAXAAV?$list@PAVObject@Hmx@@V?$StlNodeAlloc@PAVObject@Hmx@@@stlpmtx_std@@@stlpmtx_std@@0@Z	99.7222	SAME	REFUTED	public: struct stlpmtx_std::_List_iterator<class CharClip *, struct stlpmtx_std::_Nonconst_traits<class CharClip *>> __cdecl stlpmtx_std::list<class CharClip *, class stlpmtx_std::StlNodeAlloc<class CharClip *>>::insert(struct stlpmtx_std::_List_iterator<class CharClip *, struct stlpmtx_std::_Nonconst_traits<class CharClip *>>, class CharClip *const &)	public: struct stlpmtx_std::_List_iterator<class Hmx::Object *, struct stlpmtx_std::_Nonconst_traits<class Hmx::Object *>> __cdecl stlpmtx_std::list<class Hmx::Object *, class stlpmtx_std::StlNodeAlloc<class Hmx::Object *>>::insert(struct stlpmtx_std::_List_iterator<class Hmx::Object *, struct stlpmtx_std::_Nonconst_traits<class Hmx::Object *>>, class Hmx::Object *const &)
288	BC_DIFFERENT_UNRESOLVED	engine	default/SongData	?ClearTrack@SongData@@UAAXH@Z	99.9306	DIFFERENT	REFUTED	protected: class stlpmtx_std::vector<class Vector3, class stlpmtx_std::StlNodeAlloc<class Vector3>> * __cdecl stlpmtx_std::vector<class stlpmtx_std::vector<class Vector3, class stlpmtx_std::StlNodeAlloc<class Vector3>>, class stlpmtx_std::StlNodeAlloc<class stlpmtx_std::vector<class Vector3, class stlpmtx_std::StlNodeAlloc<class Vector3>>>>::_M_erase(class stlpmtx_std::vector<class Vector3, class stlpmtx_std::StlNodeAlloc<class Vector3>> *, class stlpmtx_std::vector<class Vector3, class stlpmtx_std::StlNodeAlloc<class Vector3>> *, struct stlpmtx_std::__true_type const &)	protected: class stlpmtx_std::vector<class RangedDataCollection<unsigned int>::RangedData<unsigned int>, class stlpmtx_std::StlNodeAlloc<class RangedDataCollection<unsigned int>::RangedData<unsigned int>>> * __cdecl stlpmtx_std::vector<class stlpmtx_std::vector<class RangedDataCollection<unsigned int>::RangedData<unsigned int>, class stlpmtx_std::StlNodeAlloc<class RangedDataCollection<unsigned int>::RangedData<unsigned int>>>, class stlpmtx_std::StlNodeAlloc<class stlpmtx_std::vector<class RangedDataCollection<unsigned int>::RangedData<unsigned int>, class stlpmtx_std::StlNodeAlloc<class RangedDataCollection<unsigned int>::RangedData<unsigned int>>>>>::_M_erase(class stlpmtx_std::vector<class RangedDataCollection<unsigned int>::RangedData<unsigned int>, class stlpmtx_std::StlNodeAlloc<class RangedDataCollection<unsigned int>::RangedData<unsigned int>>> *, class stlpmtx_std::vector<class RangedDataCollection<unsigned int>::RangedData<unsigned int>, class stlpmtx_std::StlNodeAlloc<class RangedDataCollection<unsigned int>::RangedData<unsigned int>>> *, struct stlpmtx_std::__true_type const &)
288	UNDECIDABLE	engine	default/StreamNull	??0StreamNull@@QAA@M@Z	99.9306	UNKNOWN	REFUTED	private: void __cdecl stlpmtx_std::vector<class Hmx::Object *, class stlpmtx_std::StlNodeAlloc<class Hmx::Object *>>::_M_fill_insert(class Hmx::Object **, unsigned int, class Hmx::Object *const &)	private: void __cdecl stlpmtx_std::vector<class FaderGroup *, class stlpmtx_std::StlNodeAlloc<class FaderGroup *>>::_M_fill_insert(class FaderGroup **, unsigned int, class FaderGroup *const &)
284	BC_DIFFERENT_UNRESOLVED	engine	default/AmbientOcclusion	??1RndAmbientOcclusion@@UAA@XZ	99.7887	DIFFERENT	REFUTED	public: virtual __cdecl ObjPtrList<class CharInterest, class ObjectDir>::~ObjPtrList<class CharInterest, class ObjectDir>(void)	public: virtual __cdecl ObjPtrList<class Hmx::Object, class ObjectDir>::~ObjPtrList<class Hmx::Object, class ObjectDir>(void)
284	UNDECIDABLE	engine	default/BandDirector	?AddDircut@BandDirector@@QAAXVSymbol@@M@Z	99.9296	UNKNOWN	REFUTED	public: int __cdecl Keys<class Symbol, class Symbol>::Add(class Symbol const &, float, bool)	public: int __cdecl Keys<struct BandDirector::DircutEntry, struct BandDirector::DircutEntry>::Add(struct BandDirector::DircutEntry const &, float, bool)
284	UNDECIDABLE	game	default/band3/meta_band/LockStepMgr	?StartLock@LockStepMgr@@QAAXAAVStartLockMsg@@@Z	99.9296	UNKNOWN	REFUTED	public: void __cdecl stlpmtx_std::vector<class Vector2, class stlpmtx_std::StlNodeAlloc<class Vector2>>::push_back(class Vector2 const &)	public: void __cdecl stlpmtx_std::vector<class LockStepMgr::WaitList::WaitingMachine, class stlpmtx_std::StlNodeAlloc<class LockStepMgr::WaitList::WaitingMachine>>::push_back(class LockStepMgr::WaitList::WaitingMachine const &)
284	UNDECIDABLE	engine	default/KeyboardTrackWatcherImpl	??0KeyboardTrackWatcherImpl@@QAA@HABVUserGuid@@HPAVSongData@@PAVGameGemList@@PAVTrackWatcherParent@@PAVDataArray@@@Z	99.9296	UNKNOWN	REFUTED	public: void __cdecl stlpmtx_std::vector<class SongSection, class stlpmtx_std::StlNodeAlloc<class SongSection>>::push_back(class SongSection const &)	public: void __cdecl stlpmtx_std::vector<class KeyboardTrackWatcherImpl::FatFingerData, class stlpmtx_std::StlNodeAlloc<class KeyboardTrackWatcherImpl::FatFingerData>>::push_back(class KeyboardTrackWatcherImpl::FatFingerData const &)
280	A_FOLD_CONSISTENT	game	default/band3/bandtrack/Lyric	??0Lyric@@QAA@PBVVocalNote@@_NVString@@1@Z	99.9286	SAME	REFUTED	public: void __cdecl stlpmtx_std::vector<class ChatReceiver *, class stlpmtx_std::StlNodeAlloc<class ChatReceiver *>>::push_back(class ChatReceiver *const &)	public: void __cdecl stlpmtx_std::vector<class VocalNote const *, class stlpmtx_std::StlNodeAlloc<class VocalNote const *>>::push_back(class VocalNote const *const &)
280	A_FOLD_CONSISTENT	engine	default/MetaMusicScene	?Configure@MetaMusicScene@@AAAXPAVDataArray@@@Z	99.9286	SAME	REFUTED	public: struct stlpmtx_std::_List_iterator<class CharClip *, struct stlpmtx_std::_Nonconst_traits<class CharClip *>> __cdecl stlpmtx_std::list<class CharClip *, class stlpmtx_std::StlNodeAlloc<class CharClip *>>::insert(struct stlpmtx_std::_List_iterator<class CharClip *, struct stlpmtx_std::_Nonconst_traits<class CharClip *>>, class CharClip *const &)	public: struct stlpmtx_std::_List_iterator<class Symbol, struct stlpmtx_std::_Nonconst_traits<class Symbol>> __cdecl stlpmtx_std::list<class Symbol, class stlpmtx_std::StlNodeAlloc<class Symbol>>::insert(struct stlpmtx_std::_List_iterator<class Symbol, struct stlpmtx_std::_Nonconst_traits<class Symbol>>, class Symbol const &)
280	UNDECIDABLE	game	default/Defines	?GetTracksPlayableByController@@YAXW4ControllerType@@AAV?$vector@W4TrackType@@V?$StlNodeAlloc@W4TrackType@@@stlpmtx_std@@@stlpmtx_std@@PAVOvershellPanel@@@Z	99.5000	UNKNOWN	REFUTED	public: void __cdecl stlpmtx_std::vector<class Symbol, class stlpmtx_std::StlNodeAlloc<class Symbol>>::push_back(class Symbol const &)	public: void __cdecl stlpmtx_std::vector<enum TrackType, class stlpmtx_std::StlNodeAlloc<enum TrackType>>::push_back(enum TrackType const &)
280	BC_DIFFERENT_UNRESOLVED	game	default/band3/game/Stats	?LoadSingerStats@Stats@@QAAXAAVBinStream@@@Z	99.9286	DIFFERENT	REFUTED	public: void __cdecl stlpmtx_std::vector<struct RhythmDetector::Frame, class stlpmtx_std::StlNodeAlloc<struct RhythmDetector::Frame>>::push_back(struct RhythmDetector::Frame const &)	public: void __cdecl stlpmtx_std::vector<class SingerStats, class stlpmtx_std::StlNodeAlloc<class SingerStats>>::push_back(class SingerStats const &)
276	UNDECIDABLE	game	default/band3/game/TrainerPanel	?Enter@TrainerPanel@@UAAXXZ	99.9275	UNKNOWN	REFUTED	private: void __cdecl stlpmtx_std::vector<class Hmx::Object *, class stlpmtx_std::StlNodeAlloc<class Hmx::Object *>>::_M_fill_insert(class Hmx::Object **, unsigned int, class Hmx::Object *const &)	private: void __cdecl stlpmtx_std::vector<int, class stlpmtx_std::StlNodeAlloc<int>>::_M_fill_insert(int *, unsigned int, int const &)
276	BC_DIFFERENT_UNRESOLVED	engine	default/CharBones	?AddBoneInternal@CharBones@@IAAXABUBone@1@@Z	99.9275	DIFFERENT	REFUTED	private: void __cdecl stlpmtx_std::vector<struct LightPreset::SpotlightDrawerEntry, class stlpmtx_std::StlNodeAlloc<struct LightPreset::SpotlightDrawerEntry>>::_M_fill_insert(struct LightPreset::SpotlightDrawerEntry *, unsigned int, struct LightPreset::SpotlightDrawerEntry const &)	private: void __cdecl stlpmtx_std::vector<struct CharBones::Bone, class stlpmtx_std::StlNodeAlloc<struct CharBones::Bone>>::_M_fill_insert(struct CharBones::Bone *, unsigned int, struct CharBones::Bone const &)
276	BC_DIFFERENT_UNRESOLVED	engine	default/BandCharacter	?OnPortraitEnd@BandCharacter@@QAA?AVDataNode@@PAVDataArray@@@Z	99.9275	DIFFERENT	REFUTED	public: void __cdecl stlpmtx_std::_List_base<class MusicLibraryNetSetlists::SetlistArtRecord, class stlpmtx_std::StlNodeAlloc<class MusicLibraryNetSetlists::SetlistArtRecord>>::clear(void)	public: void __cdecl stlpmtx_std::_List_base<class BandCharacter::BoneState, class stlpmtx_std::StlNodeAlloc<class BandCharacter::BoneState>>::clear(void)
276	UNDECIDABLE	engine	default/SongParser	?HandleRGTrillStop@SongParser@@QAA_NHE@Z	99.9275	UNKNOWN	UNKNOWN	private: void __cdecl stlpmtx_std::vector<struct MidiParser::Note, class stlpmtx_std::StlNodeAlloc<struct MidiParser::Note>>::_M_fill_insert(struct MidiParser::Note *, unsigned int, struct MidiParser::Note const &)	private: void __cdecl stlpmtx_std::vector<class RGTrill, class stlpmtx_std::StlNodeAlloc<class RGTrill>>::_M_fill_insert(class RGTrill *, unsigned int, class RGTrill const &)
276	UNDECIDABLE	engine	default/PartAnim	?Copy@RndParticleSysAnim@@UAAXPBVObject@Hmx@@W4CopyType@23@@Z	99.7101	UNKNOWN	REFUTED	public: class stlpmtx_std::vector<struct HamSupereasyMeasure, class stlpmtx_std::StlNodeAlloc<struct HamSupereasyMeasure>> & __cdecl stlpmtx_std::vector<struct HamSupereasyMeasure, class stlpmtx_std::StlNodeAlloc<struct HamSupereasyMeasure>>::operator=(class stlpmtx_std::vector<struct HamSupereasyMeasure, class stlpmtx_std::StlNodeAlloc<struct HamSupereasyMeasure>> const &)	public: class stlpmtx_std::vector<class Key<class Vector2>, class stlpmtx_std::StlNodeAlloc<class Key<class Vector2>>> & __cdecl stlpmtx_std::vector<class Key<class Vector2>, class stlpmtx_std::StlNodeAlloc<class Key<class Vector2>>>::operator=(class stlpmtx_std::vector<class Key<class Vector2>, class stlpmtx_std::StlNodeAlloc<class Key<class Vector2>>> const &)
276	UNDECIDABLE	engine	default/LightPreset	??4Keyframe@LightPreset@@QAAAAU01@ABU01@@Z	99.9275	UNKNOWN	REFUTED	public: class stlpmtx_std::vector<class Vector3, class stlpmtx_std::StlNodeAlloc<class Vector3>> & __cdecl stlpmtx_std::vector<class Vector3, class stlpmtx_std::StlNodeAlloc<class Vector3>>::operator=(class stlpmtx_std::vector<class Vector3, class stlpmtx_std::StlNodeAlloc<class Vector3>> const &)	public: class stlpmtx_std::vector<struct LightPreset::SpotlightDrawerEntry, class stlpmtx_std::StlNodeAlloc<struct LightPreset::SpotlightDrawerEntry>> & __cdecl stlpmtx_std::vector<struct LightPreset::SpotlightDrawerEntry, class stlpmtx_std::StlNodeAlloc<struct LightPreset::SpotlightDrawerEntry>>::operator=(class stlpmtx_std::vector<struct LightPreset::SpotlightDrawerEntry, class stlpmtx_std::StlNodeAlloc<struct LightPreset::SpotlightDrawerEntry>> const &)
272	A_FOLD_CONSISTENT	game	default/band3/meta_band/PatchPanel	?InitData@CategoryProvider@@UAAXPAVRndDir@@@Z	99.9265	SAME	REFUTED	public: void __cdecl stlpmtx_std::vector<class ChatReceiver *, class stlpmtx_std::StlNodeAlloc<class ChatReceiver *>>::push_back(class ChatReceiver *const &)	public: void __cdecl stlpmtx_std::vector<class RndMat *, class stlpmtx_std::StlNodeAlloc<class RndMat *>>::push_back(class RndMat *const &)
272	BC_DIFFERENT_UNRESOLVED	engine	default/Sequence	?Load@GroupSeq@@UAAXAAVBinStream@@@Z	99.9265	DIFFERENT	REFUTED	public: __cdecl stlpmtx_std::vector<struct ObjPtrVec<class Hmx::Object, class ObjectDir>::Node, class stlpmtx_std::StlNodeAlloc<struct ObjPtrVec<class Hmx::Object, class ObjectDir>::Node>>::~vector<struct ObjPtrVec<class Hmx::Object, class ObjectDir>::Node, class stlpmtx_std::StlNodeAlloc<struct ObjPtrVec<class Hmx::Object, class ObjectDir>::Node>>(void)	public: __cdecl stlpmtx_std::vector<class ObjPtr<class Sequence>, class stlpmtx_std::StlNodeAlloc<class ObjPtr<class Sequence>>>::~vector<class ObjPtr<class Sequence>, class stlpmtx_std::StlNodeAlloc<class ObjPtr<class Sequence>>>(void)
268	A_FOLD_CONSISTENT	engine	default/CharDriver	??1CharDriver@@UAA@XZ	99.9254	SAME	REFUTED	public: virtual __cdecl ObjRefConcrete<class BandCamShot, class ObjectDir>::~ObjRefConcrete<class BandCamShot, class ObjectDir>(void)	public: virtual __cdecl ObjRefConcrete<class ObjectDir, class ObjectDir>::~ObjRefConcrete<class ObjectDir, class ObjectDir>(void)
268	A_FOLD_CONSISTENT	engine	default/Waypoint	?Init@Waypoint@@SAXXZ	99.9254	SAME	REFUTED	public: struct stlpmtx_std::_List_iterator<class CharClip *, struct stlpmtx_std::_Nonconst_traits<class CharClip *>> __cdecl stlpmtx_std::list<class CharClip *, class stlpmtx_std::StlNodeAlloc<class CharClip *>>::insert(struct stlpmtx_std::_List_iterator<class CharClip *, struct stlpmtx_std::_Nonconst_traits<class CharClip *>>, class CharClip *const &)	public: struct stlpmtx_std::_List_iterator<void (__cdecl *)(void), struct stlpmtx_std::_Nonconst_traits<void (__cdecl *)(void)>> __cdecl stlpmtx_std::list<void (__cdecl *)(void), class stlpmtx_std::StlNodeAlloc<void (__cdecl *)(void)>>::insert(struct stlpmtx_std::_List_iterator<void (__cdecl *)(void), struct stlpmtx_std::_Nonconst_traits<void (__cdecl *)(void)>>, void (__cdecl *const &)(void))
268	UNDECIDABLE	game	default/band3/game/Scoring	?InitializeStreakList@Scoring@@QAAXAAV?$vector@VStreakList@Scoring@@V?$StlNodeAlloc@VStreakList@Scoring@@@stlpmtx_std@@@stlpmtx_std@@PAVDataArray@@@Z	99.9254	UNKNOWN	REFUTED	public: void __cdecl stlpmtx_std::vector<class Vector2, class stlpmtx_std::StlNodeAlloc<class Vector2>>::push_back(class Vector2 const &)	public: void __cdecl stlpmtx_std::vector<class Scoring::StreakItem, class stlpmtx_std::StlNodeAlloc<class Scoring::StreakItem>>::push_back(class Scoring::StreakItem const &)
268	BC_DIFFERENT_UNRESOLVED	engine	default/Sfx	?Handle@Sfx@@UAA?AVDataNode@@PAVDataArray@@_N@Z	99.9254	DIFFERENT	REFUTED	public: void __cdecl ObjVector<class MoggClipMap>::resize(unsigned int)	public: void __cdecl ObjVector<class SfxMap>::resize(unsigned int)
268	A_FOLD_CONSISTENT	engine	default/LightPreset	??0Keyframe@LightPreset@@QAA@ABU01@@Z	99.9254	SAME	REFUTED	public: __cdecl stlpmtx_std::vector<class Vector3, class stlpmtx_std::StlNodeAlloc<class Vector3>>::vector<class Vector3, class stlpmtx_std::StlNodeAlloc<class Vector3>>(class stlpmtx_std::vector<class Vector3, class stlpmtx_std::StlNodeAlloc<class Vector3>> const &)	public: __cdecl stlpmtx_std::vector<struct LightPreset::SpotlightDrawerEntry, class stlpmtx_std::StlNodeAlloc<struct LightPreset::SpotlightDrawerEntry>>::vector<struct LightPreset::SpotlightDrawerEntry, class stlpmtx_std::StlNodeAlloc<struct LightPreset::SpotlightDrawerEntry>>(class stlpmtx_std::vector<struct LightPreset::SpotlightDrawerEntry, class stlpmtx_std::StlNodeAlloc<struct LightPreset::SpotlightDrawerEntry>> const &)
268	UNDECIDABLE	engine	default/Font	??$?5VKernInfo@RndFont@@V?$StlNodeAlloc@VKernInfo@RndFont@@@stlpmtx_std@@@@YAAAVBinStreamRev@@AAV0@AAV?$vector@VKernInfo@RndFont@@V?$StlNodeAlloc@VKernInfo@RndFont@@@stlpmtx_std@@@stlpmtx_std@@@Z	99.9254	UNKNOWN	REFUTED	public: void __cdecl stlpmtx_std::vector<class Stats::StreakInfo, class stlpmtx_std::StlNodeAlloc<class Stats::StreakInfo>>::resize(unsigned int, class Stats::StreakInfo const &)	public: void __cdecl stlpmtx_std::vector<class RndFont::KernInfo, class stlpmtx_std::StlNodeAlloc<class RndFont::KernInfo>>::resize(unsigned int, class RndFont::KernInfo const &)
268	BC_DIFFERENT_UNRESOLVED	engine	default/MidiInstrument	?Handle@MidiInstrument@@UAA?AVDataNode@@PAVDataArray@@_N@Z	99.9254	DIFFERENT	REFUTED	public: void __cdecl ObjVector<struct Flow::DynamicPropertyEntry>::resize(unsigned int)	public: void __cdecl ObjVector<class SampleZone>::resize(unsigned int)
264	A_FOLD_CONSISTENT	engine	default/PropKeys	?AtFrame@?$Keys@VColor@Hmx@@V12@@@QBAHMAAPBV?$Key@VColor@Hmx@@@@0AAM@Z	99.9242	SAME	CORROBORATED	public: int __cdecl Keys<class Hmx::Quat, class Hmx::Quat>::KeyLessEq(float) const	public: int __cdecl Keys<class Hmx::Color, class Hmx::Color>::KeyLessEq(float) const
260	A_FOLD_CONSISTENT	game	default/band3/meta_band/MusicLibraryNetSetlists	?FinishGettingSetlistArt@MusicLibraryNetSetlists@@QAAX_N@Z	99.9231	SAME	CORROBORATED	public: struct stlpmtx_std::_List_iterator<struct CharBone::WeightContext, struct stlpmtx_std::_Nonconst_traits<struct CharBone::WeightContext>> __cdecl stlpmtx_std::list<struct CharBone::WeightContext, class stlpmtx_std::StlNodeAlloc<struct CharBone::WeightContext>>::insert(struct stlpmtx_std::_List_iterator<struct CharBone::WeightContext, struct stlpmtx_std::_Nonconst_traits<struct CharBone::WeightContext>>, struct CharBone::WeightContext const &)	public: struct stlpmtx_std::_List_iterator<class MusicLibraryNetSetlists::SetlistArtRecord, struct stlpmtx_std::_Nonconst_traits<class MusicLibraryNetSetlists::SetlistArtRecord>> __cdecl stlpmtx_std::list<class MusicLibraryNetSetlists::SetlistArtRecord, class stlpmtx_std::StlNodeAlloc<class MusicLibraryNetSetlists::SetlistArtRecord>>::insert(struct stlpmtx_std::_List_iterator<class MusicLibraryNetSetlists::SetlistArtRecord, struct stlpmtx_std::_Nonconst_traits<class MusicLibraryNetSetlists::SetlistArtRecord>>, class MusicLibraryNetSetlists::SetlistArtRecord const &)
260	A_FOLD_CONSISTENT	engine	default/StorePanel	?Unload@StorePanel@@UAAXXZ	99.8461	SAME	CORROBORATED	void __cdecl DeleteAll<class stlpmtx_std::vector<class NetSavedSetlist *, class stlpmtx_std::StlNodeAlloc<class NetSavedSetlist *>>>(class stlpmtx_std::vector<class NetSavedSetlist *, class stlpmtx_std::StlNodeAlloc<class NetSavedSetlist *>> &)	void __cdecl DeleteAll<class stlpmtx_std::vector<class StoreOffer *, class stlpmtx_std::StlNodeAlloc<class StoreOffer *>>>(class stlpmtx_std::vector<class StoreOffer *, class stlpmtx_std::StlNodeAlloc<class StoreOffer *>> &)
260	A_FOLD_CONSISTENT	engine	default/TrackWidget	??1TrackWidget@@UAA@XZ	99.6923	SAME	REFUTED	public: virtual __cdecl ObjPtrList<class CharBoneOffset, class ObjectDir>::~ObjPtrList<class CharBoneOffset, class ObjectDir>(void)	public: virtual __cdecl ObjPtrList<class RndMesh, class ObjectDir>::~ObjPtrList<class RndMesh, class ObjectDir>(void)
260	A_FOLD_CONSISTENT	engine	default/BandSwatch	??1BandSwatch@@UAA@XZ	99.9231	SAME	CORROBORATED	void __cdecl DeleteAll<class stlpmtx_std::vector<class NetSavedSetlist *, class stlpmtx_std::StlNodeAlloc<class NetSavedSetlist *>>>(class stlpmtx_std::vector<class NetSavedSetlist *, class stlpmtx_std::StlNodeAlloc<class NetSavedSetlist *>> &)	void __cdecl DeleteAll<class stlpmtx_std::vector<class UIColor *, class stlpmtx_std::StlNodeAlloc<class UIColor *>>>(class stlpmtx_std::vector<class UIColor *, class stlpmtx_std::StlNodeAlloc<class UIColor *>> &)
260	UNDECIDABLE	engine	default/TrackDir	?PollActiveWidgets@TrackDir@@QAAXXZ	99.9231	UNKNOWN	REFUTED	private: void __cdecl stlpmtx_std::vector<class Hmx::Object *, class stlpmtx_std::StlNodeAlloc<class Hmx::Object *>>::_M_fill_insert(class Hmx::Object **, unsigned int, class Hmx::Object *const &)	private: void __cdecl stlpmtx_std::vector<class TrackWidget *, class stlpmtx_std::StlNodeAlloc<class TrackWidget *>>::_M_fill_insert(class TrackWidget **, unsigned int, class TrackWidget *const &)
256	BC_DIFFERENT_UNRESOLVED	game	default/SongStatusMgr	?insert_unique_noresize@?$hashtable@U?$pair@$$CBHPAVSongStatus@@@stlpmtx_std@@HU?$hash@H@2@U?$_HashMapTraitsT@U?$pair@$$CBHPAVSongStatus@@@stlpmtx_std@@@priv@2@U?$_Select1st@U?$pair@$$CBHPAVSongStatus@@@stlpmtx_std@@@2@U?$equal_to@H@2@V?$StlNodeAlloc@U?$pair@$$CBHPAVSongStatus@@@stlpmtx_std@@@2@@stlpmtx_std@@QAA?AU?$pair@U?$_Ht_iterator@V?$_Slist_iterator@U?$pair@$$CBHPAVSongStatus@@@stlpmtx_std@@U?$_Nonconst_traits@U?$pair@$$CBHPAVSongStatus@@@stlpmtx_std@@@2@@priv@stlpmtx_std@@U?$_NonLocalHashMapTraitsT@U?$pair@$$CBHPAVSongStatus@@@stlpmtx_std@@@23@@priv@stlpmtx_std@@_N@2@ABU?$pair@$$CBHPAVSongStatus@@@2@@Z	99.9219	DIFFERENT	REFUTED	public: class stlpmtx_std::priv::_Slist_iterator<struct stlpmtx_std::pair<class Symbol const, class stlpmtx_std::vector<class Symbol, class stlpmtx_std::StlNodeAlloc<class Symbol>>>, struct stlpmtx_std::_Nonconst_traits<struct stlpmtx_std::pair<class Symbol const, class stlpmtx_std::vector<class Symbol, class stlpmtx_std::StlNodeAlloc<class Symbol>>>>> __cdecl stlpmtx_std::slist<struct stlpmtx_std::pair<class Symbol const, class stlpmtx_std::vector<class Symbol, class stlpmtx_std::StlNodeAlloc<class Symbol>>>, class stlpmtx_std::StlNodeAlloc<struct stlpmtx_std::pair<class Symbol const, class stlpmtx_std::vector<class Symbol, class stlpmtx_std::StlNodeAlloc<class Symbol>>>>>::insert_after(class stlpmtx_std::priv::_Slist_iterator<struct stlpmtx_std::pair<class Symbol const, class stlpmtx_std::vector<class Symbol, class stlpmtx_std::StlNodeAlloc<class Symbol>>>, struct stlpmtx_std::_Nonconst_traits<struct stlpmtx_std::pair<class Symbol const, class stlpmtx_std::vector<class Symbol, class stlpmtx_std::StlNodeAlloc<class Symbol>>>>>, struct stlpmtx_std::pair<class Symbol const, class stlpmtx_std::vector<class Symbol, class stlpmtx_std::StlNodeAlloc<class Symbol>>> const &)	public: class stlpmtx_std::priv::_Slist_iterator<struct stlpmtx_std::pair<int const, class SongStatus *>, struct stlpmtx_std::_Nonconst_traits<struct stlpmtx_std::pair<int const, class SongStatus *>>> __cdecl stlpmtx_std::slist<struct stlpmtx_std::pair<int const, class SongStatus *>, class stlpmtx_std::StlNodeAlloc<struct stlpmtx_std::pair<int const, class SongStatus *>>>::insert_after(class stlpmtx_std::priv::_Slist_iterator<struct stlpmtx_std::pair<int const, class SongStatus *>, struct stlpmtx_std::_Nonconst_traits<struct stlpmtx_std::pair<int const, class SongStatus *>>>, struct stlpmtx_std::pair<int const, class SongStatus *> const &)
256	A_FOLD_CONSISTENT	engine	default/CharBlendBone	?PollDeps@CharBlendBone@@UAAXAAV?$list@PAVObject@Hmx@@V?$StlNodeAlloc@PAVObject@Hmx@@@stlpmtx_std@@@stlpmtx_std@@0@Z	99.7656	SAME	REFUTED	public: struct stlpmtx_std::_List_iterator<class CharClip *, struct stlpmtx_std::_Nonconst_traits<class CharClip *>> __cdecl stlpmtx_std::list<class CharClip *, class stlpmtx_std::StlNodeAlloc<class CharClip *>>::insert(struct stlpmtx_std::_List_iterator<class CharClip *, struct stlpmtx_std::_Nonconst_traits<class CharClip *>>, class CharClip *const &)	public: struct stlpmtx_std::_List_iterator<class Hmx::Object *, struct stlpmtx_std::_Nonconst_traits<class Hmx::Object *>> __cdecl stlpmtx_std::list<class Hmx::Object *, class stlpmtx_std::StlNodeAlloc<class Hmx::Object *>>::insert(struct stlpmtx_std::_List_iterator<class Hmx::Object *, struct stlpmtx_std::_Nonconst_traits<class Hmx::Object *>>, class Hmx::Object *const &)
256	A_FOLD_CONSISTENT	engine	default/CharLookAt	?PollDeps@CharLookAt@@UAAXAAV?$list@PAVObject@Hmx@@V?$StlNodeAlloc@PAVObject@Hmx@@@stlpmtx_std@@@stlpmtx_std@@0@Z	99.7656	SAME	REFUTED	public: struct stlpmtx_std::_List_iterator<class CharClip *, struct stlpmtx_std::_Nonconst_traits<class CharClip *>> __cdecl stlpmtx_std::list<class CharClip *, class stlpmtx_std::StlNodeAlloc<class CharClip *>>::insert(struct stlpmtx_std::_List_iterator<class CharClip *, struct stlpmtx_std::_Nonconst_traits<class CharClip *>>, class CharClip *const &)	public: struct stlpmtx_std::_List_iterator<class Hmx::Object *, struct stlpmtx_std::_Nonconst_traits<class Hmx::Object *>> __cdecl stlpmtx_std::list<class Hmx::Object *, class stlpmtx_std::StlNodeAlloc<class Hmx::Object *>>::insert(struct stlpmtx_std::_List_iterator<class Hmx::Object *, struct stlpmtx_std::_Nonconst_traits<class Hmx::Object *>>, class Hmx::Object *const &)
252	UNDECIDABLE	engine	default/Mesh	?Add@PatchVerts@@QAAXHAAVVertVector@RndMesh@@AAVVector3@@@Z	94.9524	UNKNOWN	REFUTED	private: void __cdecl stlpmtx_std::vector<class Hmx::Object *, class stlpmtx_std::StlNodeAlloc<class Hmx::Object *>>::_M_fill_insert(class Hmx::Object **, unsigned int, class Hmx::Object *const &)	private: void __cdecl stlpmtx_std::vector<int, class stlpmtx_std::StlNodeAlloc<int>>::_M_fill_insert(int *, unsigned int, int const &)
252	A_FOLD_CONSISTENT	engine	default/BandWardrobe	??1BandWardrobe@@UAA@XZ	99.9206	SAME	REFUTED	public: virtual __cdecl ObjRefConcrete<class RndPostProc, class ObjectDir>::~ObjRefConcrete<class RndPostProc, class ObjectDir>(void)	public: virtual __cdecl ObjRefConcrete<class FileMerger, class ObjectDir>::~ObjRefConcrete<class FileMerger, class ObjectDir>(void)
252	A_FOLD_CONSISTENT	engine	default/ChordShapeGenerator	?Copy@ChordShapeGenerator@@UAAXPBVObject@Hmx@@W4CopyType@23@@Z	99.8413	SAME	CORROBORATED	public: class stlpmtx_std::vector<int, class stlpmtx_std::StlNodeAlloc<int>> & __cdecl stlpmtx_std::vector<int, class stlpmtx_std::StlNodeAlloc<int>>::operator=(class stlpmtx_std::vector<int, class stlpmtx_std::StlNodeAlloc<int>> const &)	public: class stlpmtx_std::vector<float, class stlpmtx_std::StlNodeAlloc<float>> & __cdecl stlpmtx_std::vector<float, class stlpmtx_std::StlNodeAlloc<float>>::operator=(class stlpmtx_std::vector<float, class stlpmtx_std::StlNodeAlloc<float>> const &)
252	BC_DIFFERENT_UNRESOLVED	game	default/PerformanceData	??$LoadStd@MV?$StlNodeAlloc@M@stlpmtx_std@@@FixedSizeSaveable@@SAXAAVFixedSizeSaveableStream@@AAV?$vector@MV?$StlNodeAlloc@M@stlpmtx_std@@@stlpmtx_std@@HH@Z	99.9206	DIFFERENT	REFUTED	private: void __cdecl stlpmtx_std::vector<float *, class stlpmtx_std::StlNodeAlloc<float *>>::_M_fill_insert(float **, unsigned int, float *const &)	private: void __cdecl stlpmtx_std::vector<float, class stlpmtx_std::StlNodeAlloc<float>>::_M_fill_insert(float *, unsigned int, float const &)
252	A_FOLD_CONSISTENT	engine	default/CharIKScale	?PollDeps@CharIKScale@@UAAXAAV?$list@PAVObject@Hmx@@V?$StlNodeAlloc@PAVObject@Hmx@@@stlpmtx_std@@@stlpmtx_std@@0@Z	99.7619	SAME	REFUTED	public: struct stlpmtx_std::_List_iterator<class CharClip *, struct stlpmtx_std::_Nonconst_traits<class CharClip *>> __cdecl stlpmtx_std::list<class CharClip *, class stlpmtx_std::StlNodeAlloc<class CharClip *>>::insert(struct stlpmtx_std::_List_iterator<class CharClip *, struct stlpmtx_std::_Nonconst_traits<class CharClip *>>, class CharClip *const &)	public: struct stlpmtx_std::_List_iterator<class Hmx::Object *, struct stlpmtx_std::_Nonconst_traits<class Hmx::Object *>> __cdecl stlpmtx_std::list<class Hmx::Object *, class stlpmtx_std::StlNodeAlloc<class Hmx::Object *>>::insert(struct stlpmtx_std::_List_iterator<class Hmx::Object *, struct stlpmtx_std::_Nonconst_traits<class Hmx::Object *>>, class Hmx::Object *const &)
252	A_FOLD_CONSISTENT	engine	default/CharPosConstraint	?PollDeps@CharPosConstraint@@UAAXAAV?$list@PAVObject@Hmx@@V?$StlNodeAlloc@PAVObject@Hmx@@@stlpmtx_std@@@stlpmtx_std@@0@Z	99.7619	SAME	REFUTED	public: struct stlpmtx_std::_List_iterator<class CharClip *, struct stlpmtx_std::_Nonconst_traits<class CharClip *>> __cdecl stlpmtx_std::list<class CharClip *, class stlpmtx_std::StlNodeAlloc<class CharClip *>>::insert(struct stlpmtx_std::_List_iterator<class CharClip *, struct stlpmtx_std::_Nonconst_traits<class CharClip *>>, class CharClip *const &)	public: struct stlpmtx_std::_List_iterator<class Hmx::Object *, struct stlpmtx_std::_Nonconst_traits<class Hmx::Object *>> __cdecl stlpmtx_std::list<class Hmx::Object *, class stlpmtx_std::StlNodeAlloc<class Hmx::Object *>>::insert(struct stlpmtx_std::_List_iterator<class Hmx::Object *, struct stlpmtx_std::_Nonconst_traits<class Hmx::Object *>>, class Hmx::Object *const &)
252	A_FOLD_CONSISTENT	game	default/WaitingUserGate	?Dispatch@EnterFlowMsg@@UAAXXZ	99.7619	SAME	REFUTED	public: void __cdecl stlpmtx_std::vector<class ChatReceiver *, class stlpmtx_std::StlNodeAlloc<class ChatReceiver *>>::push_back(class ChatReceiver *const &)	public: void __cdecl stlpmtx_std::vector<class UIScreen *, class stlpmtx_std::StlNodeAlloc<class UIScreen *>>::push_back(class UIScreen *const &)
248	A_FOLD_CONSISTENT	engine	default/UIPicture	??1UIPicture@@UAA@XZ	99.9194	SAME	REFUTED	public: virtual __cdecl ObjRefConcrete<class CharLookAt, class ObjectDir>::~ObjRefConcrete<class CharLookAt, class ObjectDir>(void)	public: virtual __cdecl ObjRefConcrete<class RndMesh, class ObjectDir>::~ObjRefConcrete<class RndMesh, class ObjectDir>(void)
248	BC_DIFFERENT_UNRESOLVED	engine	default/Waypoint	??1Waypoint@@UAA@XZ	99.9194	DIFFERENT	REFUTED	public: __cdecl stlpmtx_std::vector<struct ObjPtrVec<class Hmx::Object, class ObjectDir>::Node, class stlpmtx_std::StlNodeAlloc<struct ObjPtrVec<class Hmx::Object, class ObjectDir>::Node>>::~vector<struct ObjPtrVec<class Hmx::Object, class ObjectDir>::Node, class stlpmtx_std::StlNodeAlloc<struct ObjPtrVec<class Hmx::Object, class ObjectDir>::Node>>(void)	public: __cdecl stlpmtx_std::vector<class ObjOwnerPtr<class Waypoint>, class stlpmtx_std::StlNodeAlloc<class ObjOwnerPtr<class Waypoint>>>::~vector<class ObjOwnerPtr<class Waypoint>, class stlpmtx_std::StlNodeAlloc<class ObjOwnerPtr<class Waypoint>>>(void)
244	A_FOLD_CONSISTENT	game	default/band3/bandtrack/Gem	??4Gem@@QAAAAV0@ABV0@@Z	99.9180	SAME	CORROBORATED	public: class stlpmtx_std::vector<int, class stlpmtx_std::StlNodeAlloc<int>> & __cdecl stlpmtx_std::vector<int, class stlpmtx_std::StlNodeAlloc<int>>::operator=(class stlpmtx_std::vector<int, class stlpmtx_std::StlNodeAlloc<int>> const &)	public: class stlpmtx_std::vector<class Tail *, class stlpmtx_std::StlNodeAlloc<class Tail *>> & __cdecl stlpmtx_std::vector<class Tail *, class stlpmtx_std::StlNodeAlloc<class Tail *>>::operator=(class stlpmtx_std::vector<class Tail *, class stlpmtx_std::StlNodeAlloc<class Tail *>> const &)
244	UNDECIDABLE	game	default/TourProgress	??$LoadStd@HV?$StlNodeAlloc@H@stlpmtx_std@@@FixedSizeSaveable@@SAXAAVFixedSizeSaveableStream@@AAV?$vector@HV?$StlNodeAlloc@H@stlpmtx_std@@@stlpmtx_std@@HH@Z	99.9180	UNKNOWN	REFUTED	private: void __cdecl stlpmtx_std::vector<class Hmx::Object *, class stlpmtx_std::StlNodeAlloc<class Hmx::Object *>>::_M_fill_insert(class Hmx::Object **, unsigned int, class Hmx::Object *const &)	private: void __cdecl stlpmtx_std::vector<int, class stlpmtx_std::StlNodeAlloc<int>>::_M_fill_insert(int *, unsigned int, int const &)
244	A_FOLD_CONSISTENT	game	default/band3/bandtrack/TrackPanel	?Unload@TrackPanel@@UAAXXZ	99.9180	SAME	CORROBORATED	void __cdecl DeleteAll<class stlpmtx_std::vector<class NetSavedSetlist *, class stlpmtx_std::StlNodeAlloc<class NetSavedSetlist *>>>(class stlpmtx_std::vector<class NetSavedSetlist *, class stlpmtx_std::StlNodeAlloc<class NetSavedSetlist *>> &)	void __cdecl DeleteAll<class stlpmtx_std::vector<class Track *, class stlpmtx_std::StlNodeAlloc<class Track *>>>(class stlpmtx_std::vector<class Track *, class stlpmtx_std::StlNodeAlloc<class Track *>> &)
244	A_FOLD_CONSISTENT	game	default/CharacterCreatorPanel	??0CharacterCreatorPanel@@QAA@XZ	99.9180	SAME	CORROBORATED	public: __cdecl stlpmtx_std::hash_map<class Symbol, int, struct stlpmtx_std::hash<class Symbol>, struct stlpmtx_std::equal_to<class Symbol>, class stlpmtx_std::StlNodeAlloc<struct stlpmtx_std::pair<class Symbol const, int>>>::hash_map<class Symbol, int, struct stlpmtx_std::hash<class Symbol>, struct stlpmtx_std::equal_to<class Symbol>, class stlpmtx_std::StlNodeAlloc<struct stlpmtx_std::pair<class Symbol const, int>>>(void)	public: __cdecl stlpmtx_std::hash_map<int, class UIComponent *, struct stlpmtx_std::hash<int>, struct stlpmtx_std::equal_to<int>, class stlpmtx_std::StlNodeAlloc<struct stlpmtx_std::pair<int const, class UIComponent *>>>::hash_map<int, class UIComponent *, struct stlpmtx_std::hash<int>, struct stlpmtx_std::equal_to<int>, class stlpmtx_std::StlNodeAlloc<struct stlpmtx_std::pair<int const, class UIComponent *>>>(void)
244	A_FOLD_CONSISTENT	engine	default/CharHair	?PollDeps@CharHair@@UAAXAAV?$list@PAVObject@Hmx@@V?$StlNodeAlloc@PAVObject@Hmx@@@stlpmtx_std@@@stlpmtx_std@@0@Z	99.8361	SAME	REFUTED	public: struct stlpmtx_std::_List_iterator<class CharClip *, struct stlpmtx_std::_Nonconst_traits<class CharClip *>> __cdecl stlpmtx_std::list<class CharClip *, class stlpmtx_std::StlNodeAlloc<class CharClip *>>::insert(struct stlpmtx_std::_List_iterator<class CharClip *, struct stlpmtx_std::_Nonconst_traits<class CharClip *>>, class CharClip *const &)	public: struct stlpmtx_std::_List_iterator<class Hmx::Object *, struct stlpmtx_std::_Nonconst_traits<class Hmx::Object *>> __cdecl stlpmtx_std::list<class Hmx::Object *, class stlpmtx_std::StlNodeAlloc<class Hmx::Object *>>::insert(struct stlpmtx_std::_List_iterator<class Hmx::Object *, struct stlpmtx_std::_Nonconst_traits<class Hmx::Object *>>, class Hmx::Object *const &)
244	A_FOLD_CONSISTENT	engine	default/SongParser	??0DifficultyInfo@SongParser@@QAA@ABV01@@Z	99.9180	SAME	REFUTED	public: __cdecl stlpmtx_std::vector<class Vector3, class stlpmtx_std::StlNodeAlloc<class Vector3>>::vector<class Vector3, class stlpmtx_std::StlNodeAlloc<class Vector3>>(class stlpmtx_std::vector<class Vector3, class stlpmtx_std::StlNodeAlloc<class Vector3>> const &)	public: __cdecl stlpmtx_std::vector<class SongParser::GemInProgress, class stlpmtx_std::StlNodeAlloc<class SongParser::GemInProgress>>::vector<class SongParser::GemInProgress, class stlpmtx_std::StlNodeAlloc<class SongParser::GemInProgress>>(class stlpmtx_std::vector<class SongParser::GemInProgress, class stlpmtx_std::StlNodeAlloc<class SongParser::GemInProgress>> const &)
244	A_FOLD_CONSISTENT	engine	default/FileCache	?Add@FileCache@@QAAXABVFilePath@@PADH@Z	99.9180	SAME	REFUTED	public: void __cdecl stlpmtx_std::vector<class ChatReceiver *, class stlpmtx_std::StlNodeAlloc<class ChatReceiver *>>::push_back(class ChatReceiver *const &)	public: void __cdecl stlpmtx_std::vector<class FileCacheEntry *, class stlpmtx_std::StlNodeAlloc<class FileCacheEntry *>>::push_back(class FileCacheEntry *const &)
244	UNDECIDABLE	engine	default/MeshAnim	?Copy@RndMeshAnim@@UAAXPBVObject@Hmx@@W4CopyType@23@@Z	99.9180	UNKNOWN	CORROBORATED	public: class stlpmtx_std::vector<class Key<class stlpmtx_std::vector<class Vector3, class stlpmtx_std::StlNodeAlloc<class Vector3>>>, class stlpmtx_std::StlNodeAlloc<class Key<class stlpmtx_std::vector<class Vector3, class stlpmtx_std::StlNodeAlloc<class Vector3>>>>> & __cdecl stlpmtx_std::vector<class Key<class stlpmtx_std::vector<class Vector3, class stlpmtx_std::StlNodeAlloc<class Vector3>>>, class stlpmtx_std::StlNodeAlloc<class Key<class stlpmtx_std::vector<class Vector3, class stlpmtx_std::StlNodeAlloc<class Vector3>>>>>::operator=(class stlpmtx_std::vector<class Key<class stlpmtx_std::vector<class Vector3, class stlpmtx_std::StlNodeAlloc<class Vector3>>>, class stlpmtx_std::StlNodeAlloc<class Key<class stlpmtx_std::vector<class Vector3, class stlpmtx_std::StlNodeAlloc<class Vector3>>>>> const &)	public: class stlpmtx_std::vector<class Key<class stlpmtx_std::vector<class Hmx::Color, class stlpmtx_std::StlNodeAlloc<class Hmx::Color>>>, class stlpmtx_std::StlNodeAlloc<class Key<class stlpmtx_std::vector<class Hmx::Color, class stlpmtx_std::StlNodeAlloc<class Hmx::Color>>>>> & __cdecl stlpmtx_std::vector<class Key<class stlpmtx_std::vector<class Hmx::Color, class stlpmtx_std::StlNodeAlloc<class Hmx::Color>>>, class stlpmtx_std::StlNodeAlloc<class Key<class stlpmtx_std::vector<class Hmx::Color, class stlpmtx_std::StlNodeAlloc<class Hmx::Color>>>>>::operator=(class stlpmtx_std::vector<class Key<class stlpmtx_std::vector<class Hmx::Color, class stlpmtx_std::StlNodeAlloc<class Hmx::Color>>>, class stlpmtx_std::StlNodeAlloc<class Key<class stlpmtx_std::vector<class Hmx::Color, class stlpmtx_std::StlNodeAlloc<class Hmx::Color>>>>> const &)
244	A_FOLD_CONSISTENT	engine	default/system/synth/MoggClip	??0MoggClip@@IAA@XZ	99.9180	SAME	REFUTED	public: void __cdecl stlpmtx_std::vector<class ChatReceiver *, class stlpmtx_std::StlNodeAlloc<class ChatReceiver *>>::push_back(class ChatReceiver *const &)	public: void __cdecl stlpmtx_std::vector<class Fader *, class stlpmtx_std::StlNodeAlloc<class Fader *>>::push_back(class Fader *const &)
240	BC_DIFFERENT_UNRESOLVED	game	default/OverdriveTimeTracker	?GetPlayerContributionString@OverdriveTimeTracker@@UBA?AVString@@VSymbol@@@Z	99.9167	DIFFERENT	REFUTED	char const * __cdecl MakeString<char const *, char const *>(char const *, char const *, char const *)	char const * __cdecl MakeString<int, int>(char const *, int, int)
240	A_FOLD_CONSISTENT	game	default/band3/meta_band/LicenseMgr	??A?$hash_map@VSymbol@@V?$vector@VSymbol@@V?$StlNodeAlloc@VSymbol@@@stlpmtx_std@@@stlpmtx_std@@U?$hash@VSymbol@@@3@U?$equal_to@VSymbol@@@3@V?$StlNodeAlloc@U?$pair@$$CBVSymbol@@V?$vector@VSymbol@@V?$StlNodeAlloc@VSymbol@@@stlpmtx_std@@@stlpmtx_std@@@stlpmtx_std@@@3@@stlpmtx_std@@QAAAAV?$vector@VSymbol@@V?$StlNodeAlloc@VSymbol@@@stlpmtx_std@@@1@ABVSymbol@@@Z	99.9167	SAME	CORROBORATED	private: class stlpmtx_std::priv::_Slist_iterator<struct stlpmtx_std::pair<class Symbol const, int>, struct stlpmtx_std::_Nonconst_traits<struct stlpmtx_std::pair<class Symbol const, int>>> __cdecl stlpmtx_std::hashtable<struct stlpmtx_std::pair<class Symbol const, int>, class Symbol, struct stlpmtx_std::hash<class Symbol>, struct stlpmtx_std::priv::_HashMapTraitsT<struct stlpmtx_std::pair<class Symbol const, int>>, struct stlpmtx_std::_Select1st<struct stlpmtx_std::pair<class Symbol const, int>>, struct stlpmtx_std::equal_to<class Symbol>, class stlpmtx_std::StlNodeAlloc<struct stlpmtx_std::pair<class Symbol const, int>>>::_M_find<class Symbol>(class Symbol const &) const	private: class stlpmtx_std::priv::_Slist_iterator<struct stlpmtx_std::pair<class Symbol const, class stlpmtx_std::vector<class Symbol, class stlpmtx_std::StlNodeAlloc<class Symbol>>>, struct stlpmtx_std::_Nonconst_traits<struct stlpmtx_std::pair<class Symbol const, class stlpmtx_std::vector<class Symbol, class stlpmtx_std::StlNodeAlloc<class Symbol>>>>> __cdecl stlpmtx_std::hashtable<struct stlpmtx_std::pair<class Symbol const, class stlpmtx_std::vector<class Symbol, class stlpmtx_std::StlNodeAlloc<class Symbol>>>, class Symbol, struct stlpmtx_std::hash<class Symbol>, struct stlpmtx_std::priv::_HashMapTraitsT<struct stlpmtx_std::pair<class Symbol const, class stlpmtx_std::vector<class Symbol, class stlpmtx_std::StlNodeAlloc<class Symbol>>>>, struct stlpmtx_std::_Select1st<struct stlpmtx_std::pair<class Symbol const, class stlpmtx_std::vector<class Symbol, class stlpmtx_std::StlNodeAlloc<class Symbol>>>>, struct stlpmtx_std::equal_to<class Symbol>, class stlpmtx_std::StlNodeAlloc<struct stlpmtx_std::pair<class Symbol const, class stlpmtx_std::vector<class Symbol, class stlpmtx_std::StlNodeAlloc<class Symbol>>>>>::_M_find<class Symbol>(class Symbol const &) const
240	A_FOLD_CONSISTENT	game	default/UIEventMgr	?TriggerEvent@UIEventQueue@@QAAXPAVUIEvent@@@Z	99.9167	SAME	REFUTED	public: void __cdecl stlpmtx_std::vector<class ChatReceiver *, class stlpmtx_std::StlNodeAlloc<class ChatReceiver *>>::push_back(class ChatReceiver *const &)	public: void __cdecl stlpmtx_std::vector<class UIEvent *, class stlpmtx_std::StlNodeAlloc<class UIEvent *>>::push_back(class UIEvent *const &)
240	BC_DIFFERENT_UNRESOLVED	game	default/RockCentral	??0?$_Rb_tree@VString@@U?$less@VString@@@stlpmtx_std@@U?$pair@$$CBVString@@VDataNode@@@3@U?$_Select1st@U?$pair@$$CBVString@@VDataNode@@@stlpmtx_std@@@3@U?$_MapTraitsT@U?$pair@$$CBVString@@VDataNode@@@stlpmtx_std@@@priv@3@V?$StlNodeAlloc@U?$pair@$$CBVString@@VDataNode@@@stlpmtx_std@@@3@@stlpmtx_std@@QAA@ABV01@@Z	99.9167	DIFFERENT	REFUTED	private: struct stlpmtx_std::_Rb_tree_node_base * __cdecl stlpmtx_std::_Rb_tree<class Symbol, struct stlpmtx_std::less<class Symbol>, class Symbol, struct stlpmtx_std::_Identity<class Symbol>, struct stlpmtx_std::priv::_SetTraitsT<class Symbol>, class stlpmtx_std::StlNodeAlloc<class Symbol>>::_M_copy(struct stlpmtx_std::_Rb_tree_node_base *, struct stlpmtx_std::_Rb_tree_node_base *)	private: struct stlpmtx_std::_Rb_tree_node_base * __cdecl stlpmtx_std::_Rb_tree<class String, struct stlpmtx_std::less<class String>, struct stlpmtx_std::pair<class String const, class DataNode>, struct stlpmtx_std::_Select1st<struct stlpmtx_std::pair<class String const, class DataNode>>, struct stlpmtx_std::priv::_MapTraitsT<struct stlpmtx_std::pair<class String const, class DataNode>>, class stlpmtx_std::StlNodeAlloc<struct stlpmtx_std::pair<class String const, class DataNode>>>::_M_copy(struct stlpmtx_std::_Rb_tree_node_base *, struct stlpmtx_std::_Rb_tree_node_base *)
240	UNDECIDABLE	game	default/band3/tour/TourPerformerRemote	?SyncLoad@TourPerformerRemote@@UAAXAAVBinStream@@I@Z	99.9167	UNKNOWN	REFUTED	public: void __cdecl stlpmtx_std::vector<class SongParser::GemInProgress, class stlpmtx_std::StlNodeAlloc<class SongParser::GemInProgress>>::push_back(class SongParser::GemInProgress const &)	public: void __cdecl stlpmtx_std::vector<class GigData, class stlpmtx_std::StlNodeAlloc<class GigData>>::push_back(class GigData const &)
240	BC_DIFFERENT_UNRESOLVED	engine	default/BandList	?Copy@BandList@@UAAXPBVObject@Hmx@@W4CopyType@23@@Z	99.9167	DIFFERENT	REFUTED	public: void __cdecl ObjVector<struct CharSignalApplier::BoneOp>::operator=(class ObjVector<struct CharSignalApplier::BoneOp> const &)	public: void __cdecl ObjVector<class HighlightObject>::operator=(class ObjVector<class HighlightObject> const &)
240	A_FOLD_CONSISTENT	engine	default/system/synth/Synth	?Terminate@Synth@@UAAXXZ	99.9167	SAME	CORROBORATED	void __cdecl DeleteAll<class stlpmtx_std::vector<class NetSavedSetlist *, class stlpmtx_std::StlNodeAlloc<class NetSavedSetlist *>>>(class stlpmtx_std::vector<class NetSavedSetlist *, class stlpmtx_std::StlNodeAlloc<class NetSavedSetlist *>> &)	void __cdecl DeleteAll<class stlpmtx_std::vector<class Mic *, class stlpmtx_std::StlNodeAlloc<class Mic *>>>(class stlpmtx_std::vector<class Mic *, class stlpmtx_std::StlNodeAlloc<class Mic *>> &)
240	A_FOLD_CONSISTENT	engine	default/FileCache	??1FileCache@@QAA@XZ	99.9167	SAME	CORROBORATED	public: struct stlpmtx_std::_List_iterator<int, struct stlpmtx_std::_Nonconst_traits<int>> __cdecl stlpmtx_std::list<int, class stlpmtx_std::StlNodeAlloc<int>>::erase(struct stlpmtx_std::_List_iterator<int, struct stlpmtx_std::_Nonconst_traits<int>>, struct stlpmtx_std::_List_iterator<int, struct stlpmtx_std::_Nonconst_traits<int>>)	public: struct stlpmtx_std::_List_iterator<class FileCache *, struct stlpmtx_std::_Nonconst_traits<class FileCache *>> __cdecl stlpmtx_std::list<class FileCache *, class stlpmtx_std::StlNodeAlloc<class FileCache *>>::erase(struct stlpmtx_std::_List_iterator<class FileCache *, struct stlpmtx_std::_Nonconst_traits<class FileCache *>>, struct stlpmtx_std::_List_iterator<class FileCache *, struct stlpmtx_std::_Nonconst_traits<class FileCache *>>)
240	A_FOLD_CONSISTENT	engine	default/system/synth/FxSend	?BuildChainVector@FxSend@@UAAXAAV?$vector@PAVFxSend@@V?$StlNodeAlloc@PAVFxSend@@@stlpmtx_std@@@stlpmtx_std@@@Z	92.5500	SAME	REFUTED	public: void __cdecl stlpmtx_std::vector<class ChatReceiver *, class stlpmtx_std::StlNodeAlloc<class ChatReceiver *>>::push_back(class ChatReceiver *const &)	public: void __cdecl stlpmtx_std::vector<class FxSend *, class stlpmtx_std::StlNodeAlloc<class FxSend *>>::push_back(class FxSend *const &)
236	A_FOLD_CONSISTENT	game	default/band3/meta_band/AccomplishmentManager	?ConfigureAwardData@AccomplishmentManager@@QAAXPAVDataArray@@@Z	99.9153	SAME	CORROBORATED	private: class stlpmtx_std::priv::_Slist_iterator<struct stlpmtx_std::pair<class Symbol const, int>, struct stlpmtx_std::_Nonconst_traits<struct stlpmtx_std::pair<class Symbol const, int>>> __cdecl stlpmtx_std::hashtable<struct stlpmtx_std::pair<class Symbol const, int>, class Symbol, struct stlpmtx_std::hash<class Symbol>, struct stlpmtx_std::priv::_HashMapTraitsT<struct stlpmtx_std::pair<class Symbol const, int>>, struct stlpmtx_std::_Select1st<struct stlpmtx_std::pair<class Symbol const, int>>, struct stlpmtx_std::equal_to<class Symbol>, class stlpmtx_std::StlNodeAlloc<struct stlpmtx_std::pair<class Symbol const, int>>>::_M_find<class Symbol>(class Symbol const &) const	private: class stlpmtx_std::priv::_Slist_iterator<struct stlpmtx_std::pair<class Symbol const, class Award *>, struct stlpmtx_std::_Nonconst_traits<struct stlpmtx_std::pair<class Symbol const, class Award *>>> __cdecl stlpmtx_std::hashtable<struct stlpmtx_std::pair<class Symbol const, class Award *>, class Symbol, struct stlpmtx_std::hash<class Symbol>, struct stlpmtx_std::priv::_HashMapTraitsT<struct stlpmtx_std::pair<class Symbol const, class Award *>>, struct stlpmtx_std::_Select1st<struct stlpmtx_std::pair<class Symbol const, class Award *>>, struct stlpmtx_std::equal_to<class Symbol>, class stlpmtx_std::StlNodeAlloc<struct stlpmtx_std::pair<class Symbol const, class Award *>>>::_M_find<class Symbol>(class Symbol const &) const
236	A_FOLD_CONSISTENT	engine	default/CharPollGroup	?PollDeps@CharPollGroup@@UAAXAAV?$list@PAVObject@Hmx@@V?$StlNodeAlloc@PAVObject@Hmx@@@stlpmtx_std@@@stlpmtx_std@@0@Z	99.8305	SAME	REFUTED	public: struct stlpmtx_std::_List_iterator<class CharClip *, struct stlpmtx_std::_Nonconst_traits<class CharClip *>> __cdecl stlpmtx_std::list<class CharClip *, class stlpmtx_std::StlNodeAlloc<class CharClip *>>::insert(struct stlpmtx_std::_List_iterator<class CharClip *, struct stlpmtx_std::_Nonconst_traits<class CharClip *>>, class CharClip *const &)	public: struct stlpmtx_std::_List_iterator<class Hmx::Object *, struct stlpmtx_std::_Nonconst_traits<class Hmx::Object *>> __cdecl stlpmtx_std::list<class Hmx::Object *, class stlpmtx_std::StlNodeAlloc<class Hmx::Object *>>::insert(struct stlpmtx_std::_List_iterator<class Hmx::Object *, struct stlpmtx_std::_Nonconst_traits<class Hmx::Object *>>, class Hmx::Object *const &)
236	UNDECIDABLE	engine	default/system/rndobj/CubeTex	?ValidateBitmapProperties@RndCubeTex@@AAA_NAAV?$vector@W4CubeFace@RndCubeTex@@V?$StlNodeAlloc@W4CubeFace@RndCubeTex@@@stlpmtx_std@@@stlpmtx_std@@@Z	99.9153	UNKNOWN	REFUTED	public: void __cdecl stlpmtx_std::vector<class Symbol, class stlpmtx_std::StlNodeAlloc<class Symbol>>::push_back(class Symbol const &)	public: void __cdecl stlpmtx_std::vector<enum RndCubeTex::CubeFace, class stlpmtx_std::StlNodeAlloc<enum RndCubeTex::CubeFace>>::push_back(enum RndCubeTex::CubeFace const &)
232	A_FOLD_CONSISTENT	game	default/band3/meta_band/SessionMgr	?OnMsg@SessionMgr@@QAA?AVDataNode@@ABVNewRemoteUserMsg@@@Z	99.9138	SAME	REFUTED	public: void __cdecl stlpmtx_std::vector<class ChatReceiver *, class stlpmtx_std::StlNodeAlloc<class ChatReceiver *>>::push_back(class ChatReceiver *const &)	public: void __cdecl stlpmtx_std::vector<class RemoteBandUser *, class stlpmtx_std::StlNodeAlloc<class RemoteBandUser *>>::push_back(class RemoteBandUser *const &)
232	A_FOLD_CONSISTENT	engine	default/StorePanel	??1StorePanel@@UAA@XZ	99.8276	SAME	CORROBORATED	void __cdecl DeleteAll<class stlpmtx_std::vector<class NetSavedSetlist *, class stlpmtx_std::StlNodeAlloc<class NetSavedSetlist *>>>(class stlpmtx_std::vector<class NetSavedSetlist *, class stlpmtx_std::StlNodeAlloc<class NetSavedSetlist *>> &)	void __cdecl DeleteAll<class stlpmtx_std::vector<class StoreOffer *, class stlpmtx_std::StlNodeAlloc<class StoreOffer *>>>(class stlpmtx_std::vector<class StoreOffer *, class stlpmtx_std::StlNodeAlloc<class StoreOffer *>> &)
232	A_FOLD_CONSISTENT	engine	default/CharForeTwist	?PollDeps@CharForeTwist@@UAAXAAV?$list@PAVObject@Hmx@@V?$StlNodeAlloc@PAVObject@Hmx@@@stlpmtx_std@@@stlpmtx_std@@0@Z	99.7414	SAME	REFUTED	public: struct stlpmtx_std::_List_iterator<class CharClip *, struct stlpmtx_std::_Nonconst_traits<class CharClip *>> __cdecl stlpmtx_std::list<class CharClip *, class stlpmtx_std::StlNodeAlloc<class CharClip *>>::insert(struct stlpmtx_std::_List_iterator<class CharClip *, struct stlpmtx_std::_Nonconst_traits<class CharClip *>>, class CharClip *const &)	public: struct stlpmtx_std::_List_iterator<class Hmx::Object *, struct stlpmtx_std::_Nonconst_traits<class Hmx::Object *>> __cdecl stlpmtx_std::list<class Hmx::Object *, class stlpmtx_std::StlNodeAlloc<class Hmx::Object *>>::insert(struct stlpmtx_std::_List_iterator<class Hmx::Object *, struct stlpmtx_std::_Nonconst_traits<class Hmx::Object *>>, class Hmx::Object *const &)
232	A_FOLD_CONSISTENT	engine	default/CharSleeve	?PollDeps@CharSleeve@@UAAXAAV?$list@PAVObject@Hmx@@V?$StlNodeAlloc@PAVObject@Hmx@@@stlpmtx_std@@@stlpmtx_std@@0@Z	99.7414	SAME	REFUTED	public: struct stlpmtx_std::_List_iterator<class CharClip *, struct stlpmtx_std::_Nonconst_traits<class CharClip *>> __cdecl stlpmtx_std::list<class CharClip *, class stlpmtx_std::StlNodeAlloc<class CharClip *>>::insert(struct stlpmtx_std::_List_iterator<class CharClip *, struct stlpmtx_std::_Nonconst_traits<class CharClip *>>, class CharClip *const &)	public: struct stlpmtx_std::_List_iterator<class Hmx::Object *, struct stlpmtx_std::_Nonconst_traits<class Hmx::Object *>> __cdecl stlpmtx_std::list<class Hmx::Object *, class stlpmtx_std::StlNodeAlloc<class Hmx::Object *>>::insert(struct stlpmtx_std::_List_iterator<class Hmx::Object *, struct stlpmtx_std::_Nonconst_traits<class Hmx::Object *>>, class Hmx::Object *const &)
232	UNDECIDABLE	engine	default/SongParser	??0DifficultyInfo@SongParser@@QAA@H@Z	99.9138	UNKNOWN	REFUTED	public: void __cdecl stlpmtx_std::vector<class Hmx::Rect, class stlpmtx_std::StlNodeAlloc<class Hmx::Rect>>::reserve(unsigned int)	public: void __cdecl stlpmtx_std::vector<class SongParser::GemInProgress, class stlpmtx_std::StlNodeAlloc<class SongParser::GemInProgress>>::reserve(unsigned int)
228	BC_DIFFERENT_UNRESOLVED	engine	default/Group	??1RndGroup@@UAA@XZ	99.9123	DIFFERENT	REFUTED	public: virtual __cdecl ObjPtrList<class CharInterest, class ObjectDir>::~ObjPtrList<class CharInterest, class ObjectDir>(void)	public: virtual __cdecl ObjPtrList<class Hmx::Object, class ObjectDir>::~ObjPtrList<class Hmx::Object, class ObjectDir>(void)
228	BC_DIFFERENT_UNRESOLVED	game	default/VocalPlayer	?UnpackFloats@VocalPlayer@@QBAXHMMAAV?$vector@MV?$StlNodeAlloc@M@stlpmtx_std@@@stlpmtx_std@@@Z	36.6667	DIFFERENT	REFUTED	private: void __cdecl stlpmtx_std::vector<float *, class stlpmtx_std::StlNodeAlloc<float *>>::_M_fill_insert(float **, unsigned int, float *const &)	private: void __cdecl stlpmtx_std::vector<float, class stlpmtx_std::StlNodeAlloc<float>>::_M_fill_insert(float *, unsigned int, float const &)
228	C_PROVEN_CALLEE	game	default/Tour	??0SongFilter@SongSortMgr@@QAA@XZ	99.9123	DIFFERENT	CORROBORATED	public: void __cdecl stlpmtx_std::vector<class stlpmtx_std::map<int, float, struct stlpmtx_std::less<int>, class stlpmtx_std::StlNodeAlloc<struct stlpmtx_std::pair<int const, float>>>, class stlpmtx_std::StlNodeAlloc<class stlpmtx_std::map<int, float, struct stlpmtx_std::less<int>, class stlpmtx_std::StlNodeAlloc<struct stlpmtx_std::pair<int const, float>>>>>::resize(unsigned int, class stlpmtx_std::map<int, float, struct stlpmtx_std::less<int>, class stlpmtx_std::StlNodeAlloc<struct stlpmtx_std::pair<int const, float>>> const &)	public: void __cdecl stlpmtx_std::vector<class stlpmtx_std::set<class Symbol, struct stlpmtx_std::less<class Symbol>, class stlpmtx_std::StlNodeAlloc<class Symbol>>, class stlpmtx_std::StlNodeAlloc<class stlpmtx_std::set<class Symbol, struct stlpmtx_std::less<class Symbol>, class stlpmtx_std::StlNodeAlloc<class Symbol>>>>::resize(unsigned int, class stlpmtx_std::set<class Symbol, struct stlpmtx_std::less<class Symbol>, class stlpmtx_std::StlNodeAlloc<class Symbol>> const &)
228	BC_DIFFERENT_UNRESOLVED	engine	default/MidiReader	??1MidiReader@@QAA@XZ	99.9123	DIFFERENT	REFUTED	public: __cdecl stlpmtx_std::vector<struct ObjPtrVec<class Hmx::Object, class ObjectDir>::Node, class stlpmtx_std::StlNodeAlloc<struct ObjPtrVec<class Hmx::Object, class ObjectDir>::Node>>::~vector<struct ObjPtrVec<class Hmx::Object, class ObjectDir>::Node, class stlpmtx_std::StlNodeAlloc<struct ObjPtrVec<class Hmx::Object, class ObjectDir>::Node>>(void)	public: __cdecl stlpmtx_std::vector<class String, class stlpmtx_std::StlNodeAlloc<class String>>::~vector<class String, class stlpmtx_std::StlNodeAlloc<class String>>(void)
228	UNDECIDABLE	engine	default/PartAnim	?Add@?$Keys@VVector2@@V1@@@QAAHABVVector2@@M_N@Z	99.9123	UNKNOWN	UNKNOWN	private: void __cdecl stlpmtx_std::vector<struct MidiParser::Note, class stlpmtx_std::StlNodeAlloc<struct MidiParser::Note>>::_M_fill_insert(struct MidiParser::Note *, unsigned int, struct MidiParser::Note const &)	private: void __cdecl stlpmtx_std::vector<class Key<class Vector2>, class stlpmtx_std::StlNodeAlloc<class Key<class Vector2>>>::_M_fill_insert(class Key<class Vector2> *, unsigned int, class Key<class Vector2> const &)
224	A_FOLD_CONSISTENT	engine	default/MasterAudio	?Init@TrackData@@QAAXPAVSubmixCollection@@_N@Z	99.9107	SAME	REFUTED	public: void __cdecl stlpmtx_std::vector<struct CharPollableSorter::Dep *, class stlpmtx_std::StlNodeAlloc<struct CharPollableSorter::Dep *>>::reserve(unsigned int)	public: void __cdecl stlpmtx_std::vector<float, class stlpmtx_std::StlNodeAlloc<float>>::reserve(unsigned int)
224	A_FOLD_CONSISTENT	game	default/band3/meta_band/LicenseMgr	?ContentDiscovered@LicenseMgr@@UAA_NVSymbol@@@Z	98.7500	SAME	CORROBORATED	private: class stlpmtx_std::priv::_Slist_iterator<struct stlpmtx_std::pair<class Symbol const, int>, struct stlpmtx_std::_Nonconst_traits<struct stlpmtx_std::pair<class Symbol const, int>>> __cdecl stlpmtx_std::hashtable<struct stlpmtx_std::pair<class Symbol const, int>, class Symbol, struct stlpmtx_std::hash<class Symbol>, struct stlpmtx_std::priv::_HashMapTraitsT<struct stlpmtx_std::pair<class Symbol const, int>>, struct stlpmtx_std::_Select1st<struct stlpmtx_std::pair<class Symbol const, int>>, struct stlpmtx_std::equal_to<class Symbol>, class stlpmtx_std::StlNodeAlloc<struct stlpmtx_std::pair<class Symbol const, int>>>::_M_find<class Symbol>(class Symbol const &) const	private: class stlpmtx_std::priv::_Slist_iterator<struct stlpmtx_std::pair<class Symbol const, class stlpmtx_std::vector<class Symbol, class stlpmtx_std::StlNodeAlloc<class Symbol>>>, struct stlpmtx_std::_Nonconst_traits<struct stlpmtx_std::pair<class Symbol const, class stlpmtx_std::vector<class Symbol, class stlpmtx_std::StlNodeAlloc<class Symbol>>>>> __cdecl stlpmtx_std::hashtable<struct stlpmtx_std::pair<class Symbol const, class stlpmtx_std::vector<class Symbol, class stlpmtx_std::StlNodeAlloc<class Symbol>>>, class Symbol, struct stlpmtx_std::hash<class Symbol>, struct stlpmtx_std::priv::_HashMapTraitsT<struct stlpmtx_std::pair<class Symbol const, class stlpmtx_std::vector<class Symbol, class stlpmtx_std::StlNodeAlloc<class Symbol>>>>, struct stlpmtx_std::_Select1st<struct stlpmtx_std::pair<class Symbol const, class stlpmtx_std::vector<class Symbol, class stlpmtx_std::StlNodeAlloc<class Symbol>>>>, struct stlpmtx_std::equal_to<class Symbol>, class stlpmtx_std::StlNodeAlloc<struct stlpmtx_std::pair<class Symbol const, class stlpmtx_std::vector<class Symbol, class stlpmtx_std::StlNodeAlloc<class Symbol>>>>>::_M_find<class Symbol>(class Symbol const &) const
224	A_FOLD_CONSISTENT	engine	default/CharIKMidi	?PollDeps@CharIKMidi@@UAAXAAV?$list@PAVObject@Hmx@@V?$StlNodeAlloc@PAVObject@Hmx@@@stlpmtx_std@@@stlpmtx_std@@0@Z	99.7321	SAME	REFUTED	public: struct stlpmtx_std::_List_iterator<class CharClip *, struct stlpmtx_std::_Nonconst_traits<class CharClip *>> __cdecl stlpmtx_std::list<class CharClip *, class stlpmtx_std::StlNodeAlloc<class CharClip *>>::insert(struct stlpmtx_std::_List_iterator<class CharClip *, struct stlpmtx_std::_Nonconst_traits<class CharClip *>>, class CharClip *const &)	public: struct stlpmtx_std::_List_iterator<class Hmx::Object *, struct stlpmtx_std::_Nonconst_traits<class Hmx::Object *>> __cdecl stlpmtx_std::list<class Hmx::Object *, class stlpmtx_std::StlNodeAlloc<class Hmx::Object *>>::insert(struct stlpmtx_std::_List_iterator<class Hmx::Object *, struct stlpmtx_std::_Nonconst_traits<class Hmx::Object *>>, class Hmx::Object *const &)
224	A_FOLD_CONSISTENT	game	default/RockCentralJobs	?OnMsg@UpdateFriendsListJob@@QAA?AVDataNode@@ABVPlatformMgrOpCompleteMsg@@@Z	99.9107	SAME	REFUTED	public: __cdecl stlpmtx_std::vector<int, class stlpmtx_std::StlNodeAlloc<int>>::vector<int, class stlpmtx_std::StlNodeAlloc<int>>(class stlpmtx_std::vector<int, class stlpmtx_std::StlNodeAlloc<int>> const &)	public: __cdecl stlpmtx_std::vector<class Friend *, class stlpmtx_std::StlNodeAlloc<class Friend *>>::vector<class Friend *, class stlpmtx_std::StlNodeAlloc<class Friend *>>(class stlpmtx_std::vector<class Friend *, class stlpmtx_std::StlNodeAlloc<class Friend *>> const &)
224	A_FOLD_CONSISTENT	engine	default/CharIKHead	??1CharIKHead@@UAA@XZ	99.9107	SAME	REFUTED	public: virtual __cdecl ObjRefConcrete<class CharDriver, class ObjectDir>::~ObjRefConcrete<class CharDriver, class ObjectDir>(void)	public: virtual __cdecl ObjRefConcrete<class Character, class ObjectDir>::~ObjRefConcrete<class Character, class ObjectDir>(void)
224	BC_DIFFERENT_UNRESOLVED	engine	default/LayerDir	??0Layer@LayerDir@@QAA@ABV01@@Z	99.9107	DIFFERENT	REFUTED	public: __cdecl ObjPtr<class RndMat>::ObjPtr<class RndMat>(class ObjPtr<class RndMat> const &)	public: __cdecl ObjPtr<class RndDir>::ObjPtr<class RndDir>(class ObjPtr<class RndDir> const &)
224	UNDECIDABLE	engine	default/TrackWatcherImpl	?LoadState@TrackWatcherImpl@@QAAXAAVTrackWatcherState@@@Z	99.9107	UNKNOWN	REFUTED	public: class stlpmtx_std::vector<struct HamSupereasyMeasure, class stlpmtx_std::StlNodeAlloc<struct HamSupereasyMeasure>> & __cdecl stlpmtx_std::vector<struct HamSupereasyMeasure, class stlpmtx_std::StlNodeAlloc<struct HamSupereasyMeasure>>::operator=(class stlpmtx_std::vector<struct HamSupereasyMeasure, class stlpmtx_std::StlNodeAlloc<struct HamSupereasyMeasure>> const &)	public: class stlpmtx_std::vector<struct GemInProgress, class stlpmtx_std::StlNodeAlloc<struct GemInProgress>> & __cdecl stlpmtx_std::vector<struct GemInProgress, class stlpmtx_std::StlNodeAlloc<struct GemInProgress>>::operator=(class stlpmtx_std::vector<struct GemInProgress, class stlpmtx_std::StlNodeAlloc<struct GemInProgress>> const &)
224	UNDECIDABLE	engine	default/TrackWatcherImpl	?SaveState@TrackWatcherImpl@@QAAXAAVTrackWatcherState@@@Z	99.9107	UNKNOWN	REFUTED	public: class stlpmtx_std::vector<struct HamSupereasyMeasure, class stlpmtx_std::StlNodeAlloc<struct HamSupereasyMeasure>> & __cdecl stlpmtx_std::vector<struct HamSupereasyMeasure, class stlpmtx_std::StlNodeAlloc<struct HamSupereasyMeasure>>::operator=(class stlpmtx_std::vector<struct HamSupereasyMeasure, class stlpmtx_std::StlNodeAlloc<struct HamSupereasyMeasure>> const &)	public: class stlpmtx_std::vector<struct GemInProgress, class stlpmtx_std::StlNodeAlloc<struct GemInProgress>> & __cdecl stlpmtx_std::vector<struct GemInProgress, class stlpmtx_std::StlNodeAlloc<struct GemInProgress>>::operator=(class stlpmtx_std::vector<struct GemInProgress, class stlpmtx_std::StlNodeAlloc<struct GemInProgress>> const &)
224	UNDECIDABLE	engine	default/TrackWatcherImpl	?SetKey@RndParticleSysAnim@@UAAXM@Z	99.8214	UNKNOWN	REFUTED	public: int __cdecl Keys<class Vector3, class Vector3>::Add(class Vector3 const &, float, bool)	public: int __cdecl Keys<class Hmx::Color, class Hmx::Color>::Add(class Hmx::Color const &, float, bool)
224	A_FOLD_CONSISTENT	engine	default/system/char/CharMeshCacheMgr	?SyncMesh@CharMeshCacheMgr@@UAAXPAVRndMesh@@H@Z	99.9107	SAME	REFUTED	public: void __cdecl stlpmtx_std::vector<class ChatReceiver *, class stlpmtx_std::StlNodeAlloc<class ChatReceiver *>>::push_back(class ChatReceiver *const &)	public: void __cdecl stlpmtx_std::vector<class MeshCacher *, class stlpmtx_std::StlNodeAlloc<class MeshCacher *>>::push_back(class MeshCacher *const &)
224	A_FOLD_CONSISTENT	engine	default/Overlay	?Init@RndOverlay@@SAXXZ	99.7321	SAME	REFUTED	public: struct stlpmtx_std::_List_iterator<class CharClip *, struct stlpmtx_std::_Nonconst_traits<class CharClip *>> __cdecl stlpmtx_std::list<class CharClip *, class stlpmtx_std::StlNodeAlloc<class CharClip *>>::insert(struct stlpmtx_std::_List_iterator<class CharClip *, struct stlpmtx_std::_Nonconst_traits<class CharClip *>>, class CharClip *const &)	public: struct stlpmtx_std::_List_iterator<class RndOverlay *, struct stlpmtx_std::_Nonconst_traits<class RndOverlay *>> __cdecl stlpmtx_std::list<class RndOverlay *, class stlpmtx_std::StlNodeAlloc<class RndOverlay *>>::insert(struct stlpmtx_std::_List_iterator<class RndOverlay *, struct stlpmtx_std::_Nonconst_traits<class RndOverlay *>>, class RndOverlay *const &)
224	BC_DIFFERENT_UNRESOLVED	engine	default/UIListWidget	??0UIListWidget@@IAA@XZ	99.9107	DIFFERENT	REFUTED	public: __cdecl stlpmtx_std::vector<struct ObjPtrVec<class Hmx::Object, class ObjectDir>::Node, class stlpmtx_std::StlNodeAlloc<struct ObjPtrVec<class Hmx::Object, class ObjectDir>::Node>>::~vector<struct ObjPtrVec<class Hmx::Object, class ObjectDir>::Node, class stlpmtx_std::StlNodeAlloc<struct ObjPtrVec<class Hmx::Object, class ObjectDir>::Node>>(void)	public: __cdecl stlpmtx_std::vector<class ObjPtr<class UIColor>, class stlpmtx_std::StlNodeAlloc<class ObjPtr<class UIColor>>>::~vector<class ObjPtr<class UIColor>, class stlpmtx_std::StlNodeAlloc<class ObjPtr<class UIColor>>>(void)
220	A_FOLD_CONSISTENT	game	default/band3/meta_band/AccomplishmentManager	?ConfigureAccomplishmentGroupToCategoriesData@AccomplishmentManager@@QAAXXZ	99.9091	SAME	REFUTED	public: struct stlpmtx_std::_List_iterator<class CharClip *, struct stlpmtx_std::_Nonconst_traits<class CharClip *>> __cdecl stlpmtx_std::list<class CharClip *, class stlpmtx_std::StlNodeAlloc<class CharClip *>>::insert(struct stlpmtx_std::_List_iterator<class CharClip *, struct stlpmtx_std::_Nonconst_traits<class CharClip *>>, class CharClip *const &)	public: struct stlpmtx_std::_List_iterator<class Symbol, struct stlpmtx_std::_Nonconst_traits<class Symbol>> __cdecl stlpmtx_std::list<class Symbol, class stlpmtx_std::StlNodeAlloc<class Symbol>>::insert(struct stlpmtx_std::_List_iterator<class Symbol, struct stlpmtx_std::_Nonconst_traits<class Symbol>>, class Symbol const &)
220	A_FOLD_CONSISTENT	engine	default/BandWardrobe	?SyncInterestObjects@BandWardrobe@@QAAXXZ	99.9091	SAME	REFUTED	public: virtual __cdecl ObjPtrList<class ObjectDir, class ObjectDir>::~ObjPtrList<class ObjectDir, class ObjectDir>(void)	public: virtual __cdecl ObjPtrList<class CharInterest, class ObjectDir>::~ObjPtrList<class CharInterest, class ObjectDir>(void)
220	A_FOLD_CONSISTENT	engine	default/BandRetargetVignette	?ListPollChildren@BandRetargetVignette@@UBAXAAV?$list@PAVRndPollable@@V?$StlNodeAlloc@PAVRndPollable@@@stlpmtx_std@@@stlpmtx_std@@@Z	99.8182	SAME	REFUTED	public: struct stlpmtx_std::_List_iterator<class CharClip *, struct stlpmtx_std::_Nonconst_traits<class CharClip *>> __cdecl stlpmtx_std::list<class CharClip *, class stlpmtx_std::StlNodeAlloc<class CharClip *>>::insert(struct stlpmtx_std::_List_iterator<class CharClip *, struct stlpmtx_std::_Nonconst_traits<class CharClip *>>, class CharClip *const &)	public: struct stlpmtx_std::_List_iterator<class RndPollable *, struct stlpmtx_std::_Nonconst_traits<class RndPollable *>> __cdecl stlpmtx_std::list<class RndPollable *, class stlpmtx_std::StlNodeAlloc<class RndPollable *>>::insert(struct stlpmtx_std::_List_iterator<class RndPollable *, struct stlpmtx_std::_Nonconst_traits<class RndPollable *>>, class RndPollable *const &)
220	A_FOLD_CONSISTENT	game	default/BandSongMetadata	??0BandSongMetadata@@QAA@PAVBandSongMgr@@@Z	99.9091	SAME	CORROBORATED	public: __cdecl stlpmtx_std::hash_map<class Symbol, int, struct stlpmtx_std::hash<class Symbol>, struct stlpmtx_std::equal_to<class Symbol>, class stlpmtx_std::StlNodeAlloc<struct stlpmtx_std::pair<class Symbol const, int>>>::hash_map<class Symbol, int, struct stlpmtx_std::hash<class Symbol>, struct stlpmtx_std::equal_to<class Symbol>, class stlpmtx_std::StlNodeAlloc<struct stlpmtx_std::pair<class Symbol const, int>>>(void)	public: __cdecl stlpmtx_std::hash_map<class Symbol, float, struct stlpmtx_std::hash<class Symbol>, struct stlpmtx_std::equal_to<class Symbol>, class stlpmtx_std::StlNodeAlloc<struct stlpmtx_std::pair<class Symbol const, float>>>::hash_map<class Symbol, float, struct stlpmtx_std::hash<class Symbol>, struct stlpmtx_std::equal_to<class Symbol>, class stlpmtx_std::StlNodeAlloc<struct stlpmtx_std::pair<class Symbol const, float>>>(void)
220	A_FOLD_CONSISTENT	game	default/band3/meta_band/SessionMgr	?SendMsg@SessionMgr@@QAAXABV?$vector@PAVRemoteBandUser@@V?$StlNodeAlloc@PAVRemoteBandUser@@@stlpmtx_std@@@stlpmtx_std@@AAVNetMessage@@W4PacketType@@@Z	99.9091	SAME	REFUTED	public: void __cdecl stlpmtx_std::vector<class ChatReceiver *, class stlpmtx_std::StlNodeAlloc<class ChatReceiver *>>::push_back(class ChatReceiver *const &)	public: void __cdecl stlpmtx_std::vector<class RemoteUser *, class stlpmtx_std::StlNodeAlloc<class RemoteUser *>>::push_back(class RemoteUser *const &)
220	A_FOLD_CONSISTENT	game	default/band3/meta_band/SongUpgradeMgr	?ContentDiscovered@SongUpgradeMgr@@UAA_NVSymbol@@@Z	99.9091	SAME	CORROBORATED	private: class stlpmtx_std::priv::_Slist_iterator<struct stlpmtx_std::pair<class Symbol const, int>, struct stlpmtx_std::_Nonconst_traits<struct stlpmtx_std::pair<class Symbol const, int>>> __cdecl stlpmtx_std::hashtable<struct stlpmtx_std::pair<class Symbol const, int>, class Symbol, struct stlpmtx_std::hash<class Symbol>, struct stlpmtx_std::priv::_HashMapTraitsT<struct stlpmtx_std::pair<class Symbol const, int>>, struct stlpmtx_std::_Select1st<struct stlpmtx_std::pair<class Symbol const, int>>, struct stlpmtx_std::equal_to<class Symbol>, class stlpmtx_std::StlNodeAlloc<struct stlpmtx_std::pair<class Symbol const, int>>>::_M_find<class Symbol>(class Symbol const &) const	private: class stlpmtx_std::priv::_Slist_iterator<struct stlpmtx_std::pair<class Symbol const, class stlpmtx_std::vector<int, class stlpmtx_std::StlNodeAlloc<int>>>, struct stlpmtx_std::_Nonconst_traits<struct stlpmtx_std::pair<class Symbol const, class stlpmtx_std::vector<int, class stlpmtx_std::StlNodeAlloc<int>>>>> __cdecl stlpmtx_std::hashtable<struct stlpmtx_std::pair<class Symbol const, class stlpmtx_std::vector<int, class stlpmtx_std::StlNodeAlloc<int>>>, class Symbol, struct stlpmtx_std::hash<class Symbol>, struct stlpmtx_std::priv::_HashMapTraitsT<struct stlpmtx_std::pair<class Symbol const, class stlpmtx_std::vector<int, class stlpmtx_std::StlNodeAlloc<int>>>>, struct stlpmtx_std::_Select1st<struct stlpmtx_std::pair<class Symbol const, class stlpmtx_std::vector<int, class stlpmtx_std::StlNodeAlloc<int>>>>, struct stlpmtx_std::equal_to<class Symbol>, class stlpmtx_std::StlNodeAlloc<struct stlpmtx_std::pair<class Symbol const, class stlpmtx_std::vector<int, class stlpmtx_std::StlNodeAlloc<int>>>>>::_M_find<class Symbol>(class Symbol const &) const
220	A_FOLD_CONSISTENT	engine	default/CharUpperTwist	?PollDeps@CharUpperTwist@@UAAXAAV?$list@PAVObject@Hmx@@V?$StlNodeAlloc@PAVObject@Hmx@@@stlpmtx_std@@@stlpmtx_std@@0@Z	99.7273	SAME	REFUTED	public: struct stlpmtx_std::_List_iterator<class CharClip *, struct stlpmtx_std::_Nonconst_traits<class CharClip *>> __cdecl stlpmtx_std::list<class CharClip *, class stlpmtx_std::StlNodeAlloc<class CharClip *>>::insert(struct stlpmtx_std::_List_iterator<class CharClip *, struct stlpmtx_std::_Nonconst_traits<class CharClip *>>, class CharClip *const &)	public: struct stlpmtx_std::_List_iterator<class Hmx::Object *, struct stlpmtx_std::_Nonconst_traits<class Hmx::Object *>> __cdecl stlpmtx_std::list<class Hmx::Object *, class stlpmtx_std::StlNodeAlloc<class Hmx::Object *>>::insert(struct stlpmtx_std::_List_iterator<class Hmx::Object *, struct stlpmtx_std::_Nonconst_traits<class Hmx::Object *>>, class Hmx::Object *const &)
216	UNDECIDABLE	engine	default/BandDirector	?Add@?$Keys@VSymbol@@V1@@@QAAHABVSymbol@@M_N@Z	99.9074	UNKNOWN	CORROBORATED	private: void __cdecl stlpmtx_std::vector<class Key<float>, class stlpmtx_std::StlNodeAlloc<class Key<float>>>::_M_fill_insert(class Key<float> *, unsigned int, class Key<float> const &)	private: void __cdecl stlpmtx_std::vector<class Key<class Symbol>, class stlpmtx_std::StlNodeAlloc<class Key<class Symbol>>>::_M_fill_insert(class Key<class Symbol> *, unsigned int, class Key<class Symbol> const &)
216	A_FOLD_CONSISTENT	engine	default/Sequence	?AddToPlayedHistory@RandomGroupSeq@@QAAXH@Z	99.9074	SAME	REFUTED	public: struct stlpmtx_std::_List_iterator<class CharClip *, struct stlpmtx_std::_Nonconst_traits<class CharClip *>> __cdecl stlpmtx_std::list<class CharClip *, class stlpmtx_std::StlNodeAlloc<class CharClip *>>::insert(struct stlpmtx_std::_List_iterator<class CharClip *, struct stlpmtx_std::_Nonconst_traits<class CharClip *>>, class CharClip *const &)	public: struct stlpmtx_std::_List_iterator<int, struct stlpmtx_std::_Nonconst_traits<int>> __cdecl stlpmtx_std::list<int, class stlpmtx_std::StlNodeAlloc<int>>::insert(struct stlpmtx_std::_List_iterator<int, struct stlpmtx_std::_Nonconst_traits<int>>, int const &)
216	A_FOLD_CONSISTENT	engine	default/UserMgr	?GetLocalUsers@UserMgr@@QBAXAAV?$vector@PAVLocalUser@@V?$StlNodeAlloc@PAVLocalUser@@@stlpmtx_std@@@stlpmtx_std@@@Z	99.9074	SAME	REFUTED	public: void __cdecl stlpmtx_std::vector<class ChatReceiver *, class stlpmtx_std::StlNodeAlloc<class ChatReceiver *>>::push_back(class ChatReceiver *const &)	public: void __cdecl stlpmtx_std::vector<class LocalUser *, class stlpmtx_std::StlNodeAlloc<class LocalUser *>>::push_back(class LocalUser *const &)
216	A_FOLD_CONSISTENT	engine	default/CharIKFoot	??1CharIKFoot@@UAA@XZ	99.9074	SAME	REFUTED	public: virtual __cdecl ObjRefConcrete<class CharDriver, class ObjectDir>::~ObjRefConcrete<class CharDriver, class ObjectDir>(void)	public: virtual __cdecl ObjRefConcrete<class Character, class ObjectDir>::~ObjRefConcrete<class Character, class ObjectDir>(void)
216	A_FOLD_CONSISTENT	engine	default/CharHair	?Hookup@CharHair@@IAAXXZ	99.9074	SAME	REFUTED	private: void __cdecl ObjPtrList<class RndMesh, class ObjectDir>::Link(class ObjPtrList<class RndMesh, class ObjectDir>::iterator, struct ObjPtrList<class RndMesh, class ObjectDir>::Node *)	private: void __cdecl ObjPtrList<class CharCollide, class ObjectDir>::Link(class ObjPtrList<class CharCollide, class ObjectDir>::iterator, struct ObjPtrList<class CharCollide, class ObjectDir>::Node *)
216	BC_DIFFERENT_UNRESOLVED	engine	default/BandIKEffector	??1BandIKEffector@@UAA@XZ	99.8148	DIFFERENT	REFUTED	public: virtual __cdecl ObjRefConcrete<class HamCharacter, class ObjectDir>::~ObjRefConcrete<class HamCharacter, class ObjectDir>(void)	public: virtual __cdecl ObjRefConcrete<class BandIKEffector, class ObjectDir>::~ObjRefConcrete<class BandIKEffector, class ObjectDir>(void)
216	UNDECIDABLE	engine	default/PropAnim	?Add@?$Keys@_N_N@@QAAHAB_NM_N@Z	99.9074	UNKNOWN	CORROBORATED	private: void __cdecl stlpmtx_std::vector<class Key<float>, class stlpmtx_std::StlNodeAlloc<class Key<float>>>::_M_fill_insert(class Key<float> *, unsigned int, class Key<float> const &)	private: void __cdecl stlpmtx_std::vector<class Key<bool>, class stlpmtx_std::StlNodeAlloc<class Key<bool>>>::_M_fill_insert(class Key<bool> *, unsigned int, class Key<bool> const &)
212	UNDECIDABLE	engine	default/system/rndobj/Utl	?ResetColors@@YAXAAV?$vector@VColor@Hmx@@V?$StlNodeAlloc@VColor@Hmx@@@stlpmtx_std@@@stlpmtx_std@@H@Z	99.9057	UNKNOWN	CORROBORATED	private: void __cdecl stlpmtx_std::vector<class Vector3, class stlpmtx_std::StlNodeAlloc<class Vector3>>::_M_fill_insert(class Vector3 *, unsigned int, class Vector3 const &)	private: void __cdecl stlpmtx_std::vector<class Hmx::Color, class stlpmtx_std::StlNodeAlloc<class Hmx::Color>>::_M_fill_insert(class Hmx::Color *, unsigned int, class Hmx::Color const &)
212	C_PROVEN_CALLEE	game	default/band3/game/PerfectSectionTracker	??A?$map@W4TrackType@@VPlayerStreakData@PerfectSectionTracker@@U?$less@W4TrackType@@@stlpmtx_std@@V?$StlNodeAlloc@U?$pair@$$CBW4TrackType@@VPlayerStreakData@PerfectSectionTracker@@@stlpmtx_std@@@5@@stlpmtx_std@@QAAAAVPlayerStreakData@PerfectSectionTracker@@ABW4TrackType@@@Z	99.9057	DIFFERENT	CORROBORATED	public: struct stlpmtx_std::_Rb_tree_iterator<struct stlpmtx_std::pair<int const, class Symbol>, struct stlpmtx_std::priv::_MapTraitsT<struct stlpmtx_std::pair<int const, class Symbol>>> __cdecl stlpmtx_std::_Rb_tree<int, struct stlpmtx_std::less<int>, struct stlpmtx_std::pair<int const, class Symbol>, struct stlpmtx_std::_Select1st<struct stlpmtx_std::pair<int const, class Symbol>>, struct stlpmtx_std::priv::_MapTraitsT<struct stlpmtx_std::pair<int const, class Symbol>>, class stlpmtx_std::StlNodeAlloc<struct stlpmtx_std::pair<int const, class Symbol>>>::insert_unique(struct stlpmtx_std::_Rb_tree_iterator<struct stlpmtx_std::pair<int const, class Symbol>, struct stlpmtx_std::priv::_MapTraitsT<struct stlpmtx_std::pair<int const, class Symbol>>>, struct stlpmtx_std::pair<int const, class Symbol> const &)	public: struct stlpmtx_std::_Rb_tree_iterator<struct stlpmtx_std::pair<enum TrackType const, class PerfectSectionTracker::PlayerStreakData>, struct stlpmtx_std::priv::_MapTraitsT<struct stlpmtx_std::pair<enum TrackType const, class PerfectSectionTracker::PlayerStreakData>>> __cdecl stlpmtx_std::_Rb_tree<enum TrackType, struct stlpmtx_std::less<enum TrackType>, struct stlpmtx_std::pair<enum TrackType const, class PerfectSectionTracker::PlayerStreakData>, struct stlpmtx_std::_Select1st<struct stlpmtx_std::pair<enum TrackType const, class PerfectSectionTracker::PlayerStreakData>>, struct stlpmtx_std::priv::_MapTraitsT<struct stlpmtx_std::pair<enum TrackType const, class PerfectSectionTracker::PlayerStreakData>>, class stlpmtx_std::StlNodeAlloc<struct stlpmtx_std::pair<enum TrackType const, class PerfectSectionTracker::PlayerStreakData>>>::insert_unique(struct stlpmtx_std::_Rb_tree_iterator<struct stlpmtx_std::pair<enum TrackType const, class PerfectSectionTracker::PlayerStreakData>, struct stlpmtx_std::priv::_MapTraitsT<struct stlpmtx_std::pair<enum TrackType const, class PerfectSectionTracker::PlayerStreakData>>>, struct stlpmtx_std::pair<enum TrackType const, class PerfectSectionTracker::PlayerStreakData> const &)
212	A_FOLD_CONSISTENT	game	default/SongSortNode	?Insert@ShortcutNode@@QAAXPAVLeafSortNode@@PAVNodeSort@@@Z	99.9057	SAME	REFUTED	public: struct stlpmtx_std::_List_iterator<class CharClip *, struct stlpmtx_std::_Nonconst_traits<class CharClip *>> __cdecl stlpmtx_std::list<class CharClip *, class stlpmtx_std::StlNodeAlloc<class CharClip *>>::insert(struct stlpmtx_std::_List_iterator<class CharClip *, struct stlpmtx_std::_Nonconst_traits<class CharClip *>>, class CharClip *const &)	public: struct stlpmtx_std::_List_iterator<class SortNode *, struct stlpmtx_std::_Nonconst_traits<class SortNode *>> __cdecl stlpmtx_std::list<class SortNode *, class stlpmtx_std::StlNodeAlloc<class SortNode *>>::insert(struct stlpmtx_std::_List_iterator<class SortNode *, struct stlpmtx_std::_Nonconst_traits<class SortNode *>>, class SortNode *const &)
212	A_FOLD_CONSISTENT	engine	default/Crowd	?GetMeshShaderFlags@?A0xfe071329@@YAXPAVRndMat@@AAV?$list@IV?$StlNodeAlloc@I@stlpmtx_std@@@stlpmtx_std@@@Z	99.1509	SAME	REFUTED	public: struct stlpmtx_std::_List_iterator<class CharClip *, struct stlpmtx_std::_Nonconst_traits<class CharClip *>> __cdecl stlpmtx_std::list<class CharClip *, class stlpmtx_std::StlNodeAlloc<class CharClip *>>::insert(struct stlpmtx_std::_List_iterator<class CharClip *, struct stlpmtx_std::_Nonconst_traits<class CharClip *>>, class CharClip *const &)	public: struct stlpmtx_std::_List_iterator<unsigned int, struct stlpmtx_std::_Nonconst_traits<unsigned int>> __cdecl stlpmtx_std::list<unsigned int, class stlpmtx_std::StlNodeAlloc<unsigned int>>::insert(struct stlpmtx_std::_List_iterator<unsigned int, struct stlpmtx_std::_Nonconst_traits<unsigned int>>, unsigned int const &)
208	A_FOLD_CONSISTENT	engine	default/FileMergerOrganizer	?AddFileMerger@FileMergerOrganizer@@QAAXPAVFileMerger@@@Z	99.9039	SAME	CORROBORATED	public: struct stlpmtx_std::_List_iterator<struct CharBone::WeightContext, struct stlpmtx_std::_Nonconst_traits<struct CharBone::WeightContext>> __cdecl stlpmtx_std::list<struct CharBone::WeightContext, class stlpmtx_std::StlNodeAlloc<struct CharBone::WeightContext>>::insert(struct stlpmtx_std::_List_iterator<struct CharBone::WeightContext, struct stlpmtx_std::_Nonconst_traits<struct CharBone::WeightContext>>, struct CharBone::WeightContext const &)	public: struct stlpmtx_std::_List_iterator<struct FileMergerOrganizer::OrganizedFileMerger, struct stlpmtx_std::_Nonconst_traits<struct FileMergerOrganizer::OrganizedFileMerger>> __cdecl stlpmtx_std::list<struct FileMergerOrganizer::OrganizedFileMerger, class stlpmtx_std::StlNodeAlloc<struct FileMergerOrganizer::OrganizedFileMerger>>::insert(struct stlpmtx_std::_List_iterator<struct FileMergerOrganizer::OrganizedFileMerger, struct stlpmtx_std::_Nonconst_traits<struct FileMergerOrganizer::OrganizedFileMerger>>, struct FileMergerOrganizer::OrganizedFileMerger const &)
208	A_FOLD_CONSISTENT	engine	default/AmbientOcclusion	?PreprocessMesh@RndAmbientOcclusion@@IAAXXZ	99.9039	SAME	REFUTED	public: struct stlpmtx_std::_List_iterator<class CharClip *, struct stlpmtx_std::_Nonconst_traits<class CharClip *>> __cdecl stlpmtx_std::list<class CharClip *, class stlpmtx_std::StlNodeAlloc<class CharClip *>>::insert(struct stlpmtx_std::_List_iterator<class CharClip *, struct stlpmtx_std::_Nonconst_traits<class CharClip *>>, class CharClip *const &)	public: struct stlpmtx_std::_List_iterator<class RndMesh *, struct stlpmtx_std::_Nonconst_traits<class RndMesh *>> __cdecl stlpmtx_std::list<class RndMesh *, class stlpmtx_std::StlNodeAlloc<class RndMesh *>>::insert(struct stlpmtx_std::_List_iterator<class RndMesh *, struct stlpmtx_std::_Nonconst_traits<class RndMesh *>>, class RndMesh *const &)
208	UNDECIDABLE	engine	default/TransAnim	?OnAddRotKey@RndTransAnim@@IAA?AVDataNode@@PBVDataArray@@@Z	99.9039	UNKNOWN	REFUTED	public: int __cdecl Keys<class Vector3, class Vector3>::Add(class Vector3 const &, float, bool)	public: int __cdecl Keys<class Hmx::Quat, class Hmx::Quat>::Add(class Hmx::Quat const &, float, bool)
208	A_FOLD_CONSISTENT	engine	default/PropAnim	?Copy@RndPropAnim@@UAAXPBVObject@Hmx@@W4CopyType@23@@Z	99.9039	SAME	CORROBORATED	void __cdecl DeleteAll<class stlpmtx_std::list<class Content *, class stlpmtx_std::StlNodeAlloc<class Content *>>>(class stlpmtx_std::list<class Content *, class stlpmtx_std::StlNodeAlloc<class Content *>> &)	void __cdecl DeleteAll<class stlpmtx_std::list<class PropKeys *, class stlpmtx_std::StlNodeAlloc<class PropKeys *>>>(class stlpmtx_std::list<class PropKeys *, class stlpmtx_std::StlNodeAlloc<class PropKeys *>> &)
204	A_FOLD_CONSISTENT	engine	default/LabelNumberTicker	??1LabelNumberTicker@@UAA@XZ	99.9020	SAME	REFUTED	public: virtual __cdecl ObjRefConcrete<class FlowLabel, class ObjectDir>::~ObjRefConcrete<class FlowLabel, class ObjectDir>(void)	public: virtual __cdecl ObjRefConcrete<class EventTrigger, class ObjectDir>::~ObjRefConcrete<class EventTrigger, class ObjectDir>(void)
204	UNDECIDABLE	game	default/Defines	?GetTracksRepresentativeOfPart@@YAXW4TrackType@@AAV?$vector@W4TrackType@@V?$StlNodeAlloc@W4TrackType@@@stlpmtx_std@@@stlpmtx_std@@@Z	99.6078	UNKNOWN	REFUTED	public: void __cdecl stlpmtx_std::vector<class Symbol, class stlpmtx_std::StlNodeAlloc<class Symbol>>::push_back(class Symbol const &)	public: void __cdecl stlpmtx_std::vector<enum TrackType, class stlpmtx_std::StlNodeAlloc<enum TrackType>>::push_back(enum TrackType const &)
204	BC_DIFFERENT_UNRESOLVED	game	default/VocalScoreHistory	??0VocalScoreHistory@@QAA@HH@Z	99.9020	DIFFERENT	REFUTED	private: void __cdecl stlpmtx_std::vector<float *, class stlpmtx_std::StlNodeAlloc<float *>>::_M_fill_insert(float **, unsigned int, float *const &)	private: void __cdecl stlpmtx_std::vector<float, class stlpmtx_std::StlNodeAlloc<float>>::_M_fill_insert(float *, unsigned int, float const &)
204	BC_DIFFERENT_UNRESOLVED	engine	default/Archive	??1Archive@@QAA@XZ	99.9020	DIFFERENT	REFUTED	public: __cdecl stlpmtx_std::vector<struct ObjPtrVec<class Hmx::Object, class ObjectDir>::Node, class stlpmtx_std::StlNodeAlloc<struct ObjPtrVec<class Hmx::Object, class ObjectDir>::Node>>::~vector<struct ObjPtrVec<class Hmx::Object, class ObjectDir>::Node, class stlpmtx_std::StlNodeAlloc<struct ObjPtrVec<class Hmx::Object, class ObjectDir>::Node>>(void)	public: __cdecl stlpmtx_std::vector<class String, class stlpmtx_std::StlNodeAlloc<class String>>::~vector<class String, class stlpmtx_std::StlNodeAlloc<class String>>(void)
204	A_FOLD_CONSISTENT	game	default/MusicLibraryStore	??1MusicLibraryStore@@UAA@XZ	99.9020	SAME	CORROBORATED	void __cdecl DeleteAll<class stlpmtx_std::vector<class NetSavedSetlist *, class stlpmtx_std::StlNodeAlloc<class NetSavedSetlist *>>>(class stlpmtx_std::vector<class NetSavedSetlist *, class stlpmtx_std::StlNodeAlloc<class NetSavedSetlist *>> &)	void __cdecl DeleteAll<class stlpmtx_std::vector<class StoreOffer *, class stlpmtx_std::StlNodeAlloc<class StoreOffer *>>>(class stlpmtx_std::vector<class StoreOffer *, class stlpmtx_std::StlNodeAlloc<class StoreOffer *>> &)
204	C_PROVEN_CALLEE	engine	default/MetaMusic	??$__introsort_loop@PAPAUObjEntry@@PAU1@HUObjSort@@@stlpmtx_std@@YAXPAPAUObjEntry@@00HUObjSort@@@Z	91.4902	DIFFERENT	CORROBORATED	struct stlpmtx_std::pair<int, float> const & __cdecl stlpmtx_std::__median<struct stlpmtx_std::pair<int, float>, struct SingerStats::PartPercentageSorter>(struct stlpmtx_std::pair<int, float> const &, struct stlpmtx_std::pair<int, float> const &, struct stlpmtx_std::pair<int, float> const &, struct SingerStats::PartPercentageSorter)	struct ObjEntry *const & __cdecl stlpmtx_std::__median<struct ObjEntry *, struct ObjSort>(struct ObjEntry *const &, struct ObjEntry *const &, struct ObjEntry *const &, struct ObjSort)
204	BC_DIFFERENT_UNRESOLVED	engine	default/MoveMgr	?_M_insert@?$_Rb_tree@VSymbol@@U?$less@VSymbol@@@stlpmtx_std@@U?$pair@$$CBVSymbol@@H@3@U?$_Select1st@U?$pair@$$CBVSymbol@@H@stlpmtx_std@@@3@U?$_MapTraitsT@U?$pair@$$CBVSymbol@@H@stlpmtx_std@@@priv@3@V?$StlNodeAlloc@U?$pair@$$CBVSymbol@@H@stlpmtx_std@@@3@@stlpmtx_std@@AAA?AU?$_Rb_tree_iterator@U?$pair@$$CBVSymbol@@H@stlpmtx_std@@U?$_MapTraitsT@U?$pair@$$CBVSymbol@@H@stlpmtx_std@@@priv@2@@2@PAU_Rb_tree_node_base@2@ABU?$pair@$$CBVSymbol@@H@2@00@Z	98.5294	DIFFERENT	REFUTED	protected: struct stlpmtx_std::_Rb_tree_node_base * __cdecl stlpmtx_std::_Rb_tree<int, struct stlpmtx_std::less<int>, struct stlpmtx_std::pair<int const, class Hmx::Color>, struct stlpmtx_std::_Select1st<struct stlpmtx_std::pair<int const, class Hmx::Color>>, struct stlpmtx_std::priv::_MapTraitsT<struct stlpmtx_std::pair<int const, class Hmx::Color>>, class stlpmtx_std::StlNodeAlloc<struct stlpmtx_std::pair<int const, class Hmx::Color>>>::_M_create_node(struct stlpmtx_std::pair<int const, class Hmx::Color> const &)	protected: struct stlpmtx_std::_Rb_tree_node_base * __cdecl stlpmtx_std::_Rb_tree<class Symbol, struct stlpmtx_std::less<class Symbol>, struct stlpmtx_std::pair<class Symbol const, int>, struct stlpmtx_std::_Select1st<struct stlpmtx_std::pair<class Symbol const, int>>, struct stlpmtx_std::priv::_MapTraitsT<struct stlpmtx_std::pair<class Symbol const, int>>, class stlpmtx_std::StlNodeAlloc<struct stlpmtx_std::pair<class Symbol const, int>>>::_M_create_node(struct stlpmtx_std::pair<class Symbol const, int> const &)
204	A_FOLD_CONSISTENT	engine	default/UIListLabel	??$PropSync@VUILabel@@@@YA_NAAV?$ObjPtr@VUILabel@@@@AAVDataNode@@PAVDataArray@@HW4PropOp@@@Z	99.9020	SAME	REFUTED	public: void __cdecl ObjRefConcrete<class BandCharacter, class ObjectDir>::SetObjConcrete(class BandCharacter *)	public: void __cdecl ObjRefConcrete<class UILabel, class ObjectDir>::SetObjConcrete(class UILabel *)
204	UNDECIDABLE	engine	default/NoteTube	??0NoteTube@@QAA@XZ	99.9020	UNKNOWN	REFUTED	public: void __cdecl stlpmtx_std::vector<class Hmx::Rect, class stlpmtx_std::StlNodeAlloc<class Hmx::Rect>>::reserve(unsigned int)	public: void __cdecl stlpmtx_std::vector<class Vector3, class stlpmtx_std::StlNodeAlloc<class Vector3>>::reserve(unsigned int)
204	A_FOLD_CONSISTENT	engine	default/SongData	?_M_insert_overflow_aux@?$vector@V?$vector@V?$RangedData@I@?$RangedDataCollection@I@@V?$StlNodeAlloc@V?$RangedData@I@?$RangedDataCollection@I@@@stlpmtx_std@@@stlpmtx_std@@V?$StlNodeAlloc@V?$vector@V?$RangedData@I@?$RangedDataCollection@I@@V?$StlNodeAlloc@V?$RangedData@I@?$RangedDataCollection@I@@@stlpmtx_std@@@stlpmtx_std@@@2@@stlpmtx_std@@IAAXPAV?$vector@V?$RangedData@I@?$RangedDataCollection@I@@V?$StlNodeAlloc@V?$RangedData@I@?$RangedDataCollection@I@@@stlpmtx_std@@@2@ABV32@ABU__true_type@2@I_N@Z	99.9020	SAME	REFUTED	public: __cdecl stlpmtx_std::vector<struct MultiTempoTempoMap::TempoInfoPoint, class stlpmtx_std::StlNodeAlloc<struct MultiTempoTempoMap::TempoInfoPoint>>::vector<struct MultiTempoTempoMap::TempoInfoPoint, class stlpmtx_std::StlNodeAlloc<struct MultiTempoTempoMap::TempoInfoPoint>>(class stlpmtx_std::vector<struct MultiTempoTempoMap::TempoInfoPoint, class stlpmtx_std::StlNodeAlloc<struct MultiTempoTempoMap::TempoInfoPoint>> const &)	public: __cdecl stlpmtx_std::vector<class RangedDataCollection<unsigned int>::RangedData<unsigned int>, class stlpmtx_std::StlNodeAlloc<class RangedDataCollection<unsigned int>::RangedData<unsigned int>>>::vector<class RangedDataCollection<unsigned int>::RangedData<unsigned int>, class stlpmtx_std::StlNodeAlloc<class RangedDataCollection<unsigned int>::RangedData<unsigned int>>>(class stlpmtx_std::vector<class RangedDataCollection<unsigned int>::RangedData<unsigned int>, class stlpmtx_std::StlNodeAlloc<class RangedDataCollection<unsigned int>::RangedData<unsigned int>>> const &)
204	A_FOLD_CONSISTENT	engine	default/SongData	?_M_insert_overflow_aux@?$vector@V?$vector@V?$RangedData@VRGTrill@@@?$RangedDataCollection@VRGTrill@@@@V?$StlNodeAlloc@V?$RangedData@VRGTrill@@@?$RangedDataCollection@VRGTrill@@@@@stlpmtx_std@@@stlpmtx_std@@V?$StlNodeAlloc@V?$vector@V?$RangedData@VRGTrill@@@?$RangedDataCollection@VRGTrill@@@@V?$StlNodeAlloc@V?$RangedData@VRGTrill@@@?$RangedDataCollection@VRGTrill@@@@@stlpmtx_std@@@stlpmtx_std@@@2@@stlpmtx_std@@IAAXPAV?$vector@V?$RangedData@VRGTrill@@@?$RangedDataCollection@VRGTrill@@@@V?$StlNodeAlloc@V?$RangedData@VRGTrill@@@?$RangedDataCollection@VRGTrill@@@@@stlpmtx_std@@@2@ABV32@ABU__true_type@2@I_N@Z	99.9020	SAME	CORROBORATED	public: __cdecl stlpmtx_std::vector<struct PressRec, class stlpmtx_std::StlNodeAlloc<struct PressRec>>::vector<struct PressRec, class stlpmtx_std::StlNodeAlloc<struct PressRec>>(class stlpmtx_std::vector<struct PressRec, class stlpmtx_std::StlNodeAlloc<struct PressRec>> const &)	public: __cdecl stlpmtx_std::vector<class RangedDataCollection<class RGTrill>::RangedData<class RGTrill>, class stlpmtx_std::StlNodeAlloc<class RangedDataCollection<class RGTrill>::RangedData<class RGTrill>>>::vector<class RangedDataCollection<class RGTrill>::RangedData<class RGTrill>, class stlpmtx_std::StlNodeAlloc<class RangedDataCollection<class RGTrill>::RangedData<class RGTrill>>>(class stlpmtx_std::vector<class RangedDataCollection<class RGTrill>::RangedData<class RGTrill>, class stlpmtx_std::StlNodeAlloc<class RangedDataCollection<class RGTrill>::RangedData<class RGTrill>>> const &)
204	UNDECIDABLE	engine	default/EnvAnim	?Copy@RndEnvAnim@@UAAXPBVObject@Hmx@@W4CopyType@23@@Z	99.9020	UNKNOWN	REFUTED	public: class stlpmtx_std::vector<struct HamSupereasyMeasure, class stlpmtx_std::StlNodeAlloc<struct HamSupereasyMeasure>> & __cdecl stlpmtx_std::vector<struct HamSupereasyMeasure, class stlpmtx_std::StlNodeAlloc<struct HamSupereasyMeasure>>::operator=(class stlpmtx_std::vector<struct HamSupereasyMeasure, class stlpmtx_std::StlNodeAlloc<struct HamSupereasyMeasure>> const &)	public: class stlpmtx_std::vector<class Key<class Vector2>, class stlpmtx_std::StlNodeAlloc<class Key<class Vector2>>> & __cdecl stlpmtx_std::vector<class Key<class Vector2>, class stlpmtx_std::StlNodeAlloc<class Key<class Vector2>>>::operator=(class stlpmtx_std::vector<class Key<class Vector2>, class stlpmtx_std::StlNodeAlloc<class Key<class Vector2>>> const &)
204	UNDECIDABLE	engine	default/Morph	??$?5V?$Key@UWeight@@@@V?$StlNodeAlloc@V?$Key@UWeight@@@@@stlpmtx_std@@@@YAAAVBinStreamRev@@AAV0@AAV?$vector@V?$Key@UWeight@@@@V?$StlNodeAlloc@V?$Key@UWeight@@@@@stlpmtx_std@@@stlpmtx_std@@@Z	99.9020	UNKNOWN	CORROBORATED	private: void __cdecl stlpmtx_std::vector<class Vector3, class stlpmtx_std::StlNodeAlloc<class Vector3>>::_M_fill_insert(class Vector3 *, unsigned int, class Vector3 const &)	private: void __cdecl stlpmtx_std::vector<class Key<struct Weight>, class stlpmtx_std::StlNodeAlloc<class Key<struct Weight>>>::_M_fill_insert(class Key<struct Weight> *, unsigned int, class Key<struct Weight> const &)
204	BC_DIFFERENT_UNRESOLVED	engine	default/XLSPConnection	?_M_insert@?$_Rb_tree@KU?$less@K@stlpmtx_std@@U?$pair@$$CBKH@2@U?$_Select1st@U?$pair@$$CBKH@stlpmtx_std@@@2@U?$_MapTraitsT@U?$pair@$$CBKH@stlpmtx_std@@@priv@2@V?$StlNodeAlloc@U?$pair@$$CBKH@stlpmtx_std@@@2@@stlpmtx_std@@AAA?AU?$_Rb_tree_iterator@U?$pair@$$CBKH@stlpmtx_std@@U?$_MapTraitsT@U?$pair@$$CBKH@stlpmtx_std@@@priv@2@@2@PAU_Rb_tree_node_base@2@ABU?$pair@$$CBKH@2@00@Z	97.1569	DIFFERENT	REFUTED	protected: struct stlpmtx_std::_Rb_tree_node_base * __cdecl stlpmtx_std::_Rb_tree<unsigned short, struct stlpmtx_std::less<unsigned short>, unsigned short, struct stlpmtx_std::_Identity<unsigned short>, struct stlpmtx_std::priv::_SetTraitsT<unsigned short>, class stlpmtx_std::StlNodeAlloc<unsigned short>>::_M_create_node(unsigned short const &)	protected: struct stlpmtx_std::_Rb_tree_node_base * __cdecl stlpmtx_std::_Rb_tree<unsigned long, struct stlpmtx_std::less<unsigned long>, struct stlpmtx_std::pair<unsigned long const, int>, struct stlpmtx_std::_Select1st<struct stlpmtx_std::pair<unsigned long const, int>>, struct stlpmtx_std::priv::_MapTraitsT<struct stlpmtx_std::pair<unsigned long const, int>>, class stlpmtx_std::StlNodeAlloc<struct stlpmtx_std::pair<unsigned long const, int>>>::_M_create_node(struct stlpmtx_std::pair<unsigned long const, int> const &)
204	BC_DIFFERENT_UNRESOLVED	engine	default/Font	?_M_insert@?$_Rb_tree@GU?$less@G@stlpmtx_std@@U?$pair@$$CBGUCharInfo@RndFont@@@2@U?$_Select1st@U?$pair@$$CBGUCharInfo@RndFont@@@stlpmtx_std@@@2@U?$_MapTraitsT@U?$pair@$$CBGUCharInfo@RndFont@@@stlpmtx_std@@@priv@2@V?$StlNodeAlloc@U?$pair@$$CBGUCharInfo@RndFont@@@stlpmtx_std@@@2@@stlpmtx_std@@AAA?AU?$_Rb_tree_iterator@U?$pair@$$CBGUCharInfo@RndFont@@@stlpmtx_std@@U?$_MapTraitsT@U?$pair@$$CBGUCharInfo@RndFont@@@stlpmtx_std@@@priv@2@@2@PAU_Rb_tree_node_base@2@ABU?$pair@$$CBGUCharInfo@RndFont@@@2@00@Z	99.7059	DIFFERENT	REFUTED	protected: struct stlpmtx_std::_Rb_tree_node_base * __cdecl stlpmtx_std::_Rb_tree<unsigned short, struct stlpmtx_std::less<unsigned short>, struct stlpmtx_std::pair<unsigned short const, unsigned short>, struct stlpmtx_std::_Select1st<struct stlpmtx_std::pair<unsigned short const, unsigned short>>, struct stlpmtx_std::priv::_MapTraitsT<struct stlpmtx_std::pair<unsigned short const, unsigned short>>, class stlpmtx_std::StlNodeAlloc<struct stlpmtx_std::pair<unsigned short const, unsigned short>>>::_M_create_node(struct stlpmtx_std::pair<unsigned short const, unsigned short> const &)	protected: struct stlpmtx_std::_Rb_tree_node_base * __cdecl stlpmtx_std::_Rb_tree<unsigned short, struct stlpmtx_std::less<unsigned short>, struct stlpmtx_std::pair<unsigned short const, struct RndFont::CharInfo>, struct stlpmtx_std::_Select1st<struct stlpmtx_std::pair<unsigned short const, struct RndFont::CharInfo>>, struct stlpmtx_std::priv::_MapTraitsT<struct stlpmtx_std::pair<unsigned short const, struct RndFont::CharInfo>>, class stlpmtx_std::StlNodeAlloc<struct stlpmtx_std::pair<unsigned short const, struct RndFont::CharInfo>>>::_M_create_node(struct stlpmtx_std::pair<unsigned short const, struct RndFont::CharInfo> const &)
204	BC_DIFFERENT_UNRESOLVED	engine	default/Faders	?_M_insert@?$_Rb_tree@PAVFaderGroup@@U?$less@PAVFaderGroup@@@stlpmtx_std@@PAV1@U?$_Identity@PAVFaderGroup@@@3@U?$_SetTraitsT@PAVFaderGroup@@@priv@3@V?$StlNodeAlloc@PAVFaderGroup@@@3@@stlpmtx_std@@AAA?AU?$_Rb_tree_iterator@PAVFaderGroup@@U?$_SetTraitsT@PAVFaderGroup@@@priv@stlpmtx_std@@@2@PAU_Rb_tree_node_base@2@ABQAVFaderGroup@@00@Z	99.7059	DIFFERENT	REFUTED	protected: struct stlpmtx_std::_Rb_tree_node_base * __cdecl stlpmtx_std::_Rb_tree<enum TrackType, struct stlpmtx_std::less<enum TrackType>, struct stlpmtx_std::pair<enum TrackType const, class PerfectOverdriveTracker::PlayerContribData>, struct stlpmtx_std::_Select1st<struct stlpmtx_std::pair<enum TrackType const, class PerfectOverdriveTracker::PlayerContribData>>, struct stlpmtx_std::priv::_MapTraitsT<struct stlpmtx_std::pair<enum TrackType const, class PerfectOverdriveTracker::PlayerContribData>>, class stlpmtx_std::StlNodeAlloc<struct stlpmtx_std::pair<enum TrackType const, class PerfectOverdriveTracker::PlayerContribData>>>::_M_create_node(struct stlpmtx_std::pair<enum TrackType const, class PerfectOverdriveTracker::PlayerContribData> const &)	protected: struct stlpmtx_std::_Rb_tree_node_base * __cdecl stlpmtx_std::_Rb_tree<class FaderGroup *, struct stlpmtx_std::less<class FaderGroup *>, class FaderGroup *, struct stlpmtx_std::_Identity<class FaderGroup *>, struct stlpmtx_std::priv::_SetTraitsT<class FaderGroup *>, class stlpmtx_std::StlNodeAlloc<class FaderGroup *>>::_M_create_node(class FaderGroup *const &)
204	UNDECIDABLE	engine	default/MicClientMapper	??0MicClientMapper@@QAA@XZ	99.9020	UNKNOWN	REFUTED	public: void __cdecl stlpmtx_std::vector<class Vector2, class stlpmtx_std::StlNodeAlloc<class Vector2>>::push_back(class Vector2 const &)	public: void __cdecl stlpmtx_std::vector<struct MicClientMapper::PlayerMappingData, class stlpmtx_std::StlNodeAlloc<struct MicClientMapper::PlayerMappingData>>::push_back(struct MicClientMapper::PlayerMappingData const &)
204	UNDECIDABLE	engine	default/MeasureMap	?AddTimeSignature@MeasureMap@@QAA_NHHH_N@Z	99.9020	UNKNOWN	REFUTED	public: void __cdecl stlpmtx_std::vector<class SongParser::GemInProgress, class stlpmtx_std::StlNodeAlloc<class SongParser::GemInProgress>>::push_back(class SongParser::GemInProgress const &)	public: void __cdecl stlpmtx_std::vector<class MeasureMap::TimeSigChange, class stlpmtx_std::StlNodeAlloc<class MeasureMap::TimeSigChange>>::push_back(class MeasureMap::TimeSigChange const &)
204	BC_DIFFERENT_UNRESOLVED	engine	default/Song	?_M_insert@?$_Rb_tree@HU?$less@H@stlpmtx_std@@U?$pair@$$CBHVSymbol@@@2@U?$_Select1st@U?$pair@$$CBHVSymbol@@@stlpmtx_std@@@2@U?$_MapTraitsT@U?$pair@$$CBHVSymbol@@@stlpmtx_std@@@priv@2@V?$StlNodeAlloc@U?$pair@$$CBHVSymbol@@@stlpmtx_std@@@2@@stlpmtx_std@@AAA?AU?$_Rb_tree_iterator@U?$pair@$$CBHVSymbol@@@stlpmtx_std@@U?$_MapTraitsT@U?$pair@$$CBHVSymbol@@@stlpmtx_std@@@priv@2@@2@PAU_Rb_tree_node_base@2@ABU?$pair@$$CBHVSymbol@@@2@00@Z	99.7059	DIFFERENT	REFUTED	protected: struct stlpmtx_std::_Rb_tree_node_base * __cdecl stlpmtx_std::_Rb_tree<enum TrackType, struct stlpmtx_std::less<enum TrackType>, struct stlpmtx_std::pair<enum TrackType const, class PerfectSectionTracker::PlayerStreakData>, struct stlpmtx_std::_Select1st<struct stlpmtx_std::pair<enum TrackType const, class PerfectSectionTracker::PlayerStreakData>>, struct stlpmtx_std::priv::_MapTraitsT<struct stlpmtx_std::pair<enum TrackType const, class PerfectSectionTracker::PlayerStreakData>>, class stlpmtx_std::StlNodeAlloc<struct stlpmtx_std::pair<enum TrackType const, class PerfectSectionTracker::PlayerStreakData>>>::_M_create_node(struct stlpmtx_std::pair<enum TrackType const, class PerfectSectionTracker::PlayerStreakData> const &)	protected: struct stlpmtx_std::_Rb_tree_node_base * __cdecl stlpmtx_std::_Rb_tree<int, struct stlpmtx_std::less<int>, struct stlpmtx_std::pair<int const, class Symbol>, struct stlpmtx_std::_Select1st<struct stlpmtx_std::pair<int const, class Symbol>>, struct stlpmtx_std::priv::_MapTraitsT<struct stlpmtx_std::pair<int const, class Symbol>>, class stlpmtx_std::StlNodeAlloc<struct stlpmtx_std::pair<int const, class Symbol>>>::_M_create_node(struct stlpmtx_std::pair<int const, class Symbol> const &)
204	A_FOLD_CONSISTENT	engine	default/WaveFile	??$__adjust_heap@PAUCuePoint@?A0x81ddebd1@@HU12@P6A_NABU12@0@Z@stlpmtx_std@@YAXPAUCuePoint@?A0x81ddebd1@@HHU12@P6A_NABU12@2@Z@Z	99.9020	SAME	CORROBORATED	void __cdecl stlpmtx_std::__push_heap<struct GroupDrawDist *, int, struct GroupDrawDist, bool (__cdecl *)(struct GroupDrawDist const &, struct GroupDrawDist const &)>(struct GroupDrawDist *, int, int, struct GroupDrawDist, bool (__cdecl *)(struct GroupDrawDist const &, struct GroupDrawDist const &))	void __cdecl stlpmtx_std::__push_heap<struct `anonymous namespace'::CuePoint *, int, struct 0x81ddebd1::CuePoint, bool (__cdecl *)(struct 0x81ddebd1::CuePoint const &, struct 0x81ddebd1::CuePoint const &)>(struct `anonymous namespace'::CuePoint *, int, int, struct 0x81ddebd1::CuePoint, bool (__cdecl *)(struct 0x81ddebd1::CuePoint const &, struct 0x81ddebd1::CuePoint const &))
200	BC_DIFFERENT_UNRESOLVED	game	default/band3/bandtrack/Gem	??4?$_Rb_tree@PAVTrackWidget@@U?$less@PAVTrackWidget@@@stlpmtx_std@@PAV1@U?$_Identity@PAVTrackWidget@@@3@U?$_SetTraitsT@PAVTrackWidget@@@priv@3@V?$StlNodeAlloc@PAVTrackWidget@@@3@@stlpmtx_std@@QAAAAV01@ABV01@@Z	99.9000	DIFFERENT	REFUTED	public: void __cdecl stlpmtx_std::_Rb_tree<class Symbol, struct stlpmtx_std::less<class Symbol>, struct stlpmtx_std::pair<class Symbol const, class CharLipSync *>, struct stlpmtx_std::_Select1st<struct stlpmtx_std::pair<class Symbol const, class CharLipSync *>>, struct stlpmtx_std::priv::_MapTraitsT<struct stlpmtx_std::pair<class Symbol const, class CharLipSync *>>, class stlpmtx_std::StlNodeAlloc<struct stlpmtx_std::pair<class Symbol const, class CharLipSync *>>>::clear(void)	public: void __cdecl stlpmtx_std::_Rb_tree<class TrackWidget *, struct stlpmtx_std::less<class TrackWidget *>, class TrackWidget *, struct stlpmtx_std::_Identity<class TrackWidget *>, struct stlpmtx_std::priv::_SetTraitsT<class TrackWidget *>, class stlpmtx_std::StlNodeAlloc<class TrackWidget *>>::clear(void)
200	A_FOLD_CONSISTENT	engine	default/Synapse_dsp	?_M_insert_overflow_aux@?$vector@V?$vector@MV?$StlNodeAlloc@M@stlpmtx_std@@@stlpmtx_std@@V?$StlNodeAlloc@V?$vector@MV?$StlNodeAlloc@M@stlpmtx_std@@@stlpmtx_std@@@2@@stlpmtx_std@@IAAXPAV?$vector@MV?$StlNodeAlloc@M@stlpmtx_std@@@2@ABV32@ABU__true_type@2@I_N@Z	99.9000	SAME	REFUTED	public: __cdecl stlpmtx_std::vector<int, class stlpmtx_std::StlNodeAlloc<int>>::vector<int, class stlpmtx_std::StlNodeAlloc<int>>(class stlpmtx_std::vector<int, class stlpmtx_std::StlNodeAlloc<int>> const &)	public: __cdecl stlpmtx_std::vector<float, class stlpmtx_std::StlNodeAlloc<float>>::vector<float, class stlpmtx_std::StlNodeAlloc<float>>(class stlpmtx_std::vector<float, class stlpmtx_std::StlNodeAlloc<float>> const &)
200	BC_DIFFERENT_UNRESOLVED	game	default/Accomplishment	?GetRequiredScoreType@Accomplishment@@QBA?AW4ScoreType@@XZ	99.9000	DIFFERENT	REFUTED	public: void __cdecl stlpmtx_std::_Rb_tree<class Symbol, struct stlpmtx_std::less<class Symbol>, struct stlpmtx_std::pair<class Symbol const, class CharLipSync *>, struct stlpmtx_std::_Select1st<struct stlpmtx_std::pair<class Symbol const, class CharLipSync *>>, struct stlpmtx_std::priv::_MapTraitsT<struct stlpmtx_std::pair<class Symbol const, class CharLipSync *>>, class stlpmtx_std::StlNodeAlloc<struct stlpmtx_std::pair<class Symbol const, class CharLipSync *>>>::clear(void)	public: void __cdecl stlpmtx_std::_Rb_tree<enum ScoreType, struct stlpmtx_std::less<enum ScoreType>, enum ScoreType, struct stlpmtx_std::_Identity<enum ScoreType>, struct stlpmtx_std::priv::_SetTraitsT<enum ScoreType>, class stlpmtx_std::StlNodeAlloc<enum ScoreType>>::clear(void)
200	A_FOLD_CONSISTENT	engine	default/BandCamShot	?ListNextShots@BandCamShot@@IAA_NAAV?$list@PAVBandCamShot@@V?$StlNodeAlloc@PAVBandCamShot@@@stlpmtx_std@@@stlpmtx_std@@@Z	99.9000	SAME	REFUTED	public: struct stlpmtx_std::_List_iterator<class CharClip *, struct stlpmtx_std::_Nonconst_traits<class CharClip *>> __cdecl stlpmtx_std::list<class CharClip *, class stlpmtx_std::StlNodeAlloc<class CharClip *>>::insert(struct stlpmtx_std::_List_iterator<class CharClip *, struct stlpmtx_std::_Nonconst_traits<class CharClip *>>, class CharClip *const &)	public: struct stlpmtx_std::_List_iterator<class BandCamShot *, struct stlpmtx_std::_Nonconst_traits<class BandCamShot *>> __cdecl stlpmtx_std::list<class BandCamShot *, class stlpmtx_std::StlNodeAlloc<class BandCamShot *>>::insert(struct stlpmtx_std::_List_iterator<class BandCamShot *, struct stlpmtx_std::_Nonconst_traits<class BandCamShot *>>, class BandCamShot *const &)
200	A_FOLD_CONSISTENT	engine	default/CharIKSliderMidi	??1CharIKSliderMidi@@UAA@XZ	99.9000	SAME	REFUTED	public: virtual __cdecl ObjRefConcrete<class CharDriver, class ObjectDir>::~ObjRefConcrete<class CharDriver, class ObjectDir>(void)	public: virtual __cdecl ObjRefConcrete<class Character, class ObjectDir>::~ObjRefConcrete<class Character, class ObjectDir>(void)
200	BC_DIFFERENT_UNRESOLVED	engine	default/VocalTrackDir	??A?$map@HVColor@Hmx@@U?$less@H@stlpmtx_std@@V?$StlNodeAlloc@U?$pair@$$CBHVColor@Hmx@@@stlpmtx_std@@@4@@stlpmtx_std@@QAAAAVColor@Hmx@@ABH@Z	99.9000	DIFFERENT	REFUTED	public: struct stlpmtx_std::_Rb_tree_iterator<struct stlpmtx_std::pair<class Symbol const, int>, struct stlpmtx_std::priv::_MapTraitsT<struct stlpmtx_std::pair<class Symbol const, int>>> __cdecl stlpmtx_std::_Rb_tree<class Symbol, struct stlpmtx_std::less<class Symbol>, struct stlpmtx_std::pair<class Symbol const, int>, struct stlpmtx_std::_Select1st<struct stlpmtx_std::pair<class Symbol const, int>>, struct stlpmtx_std::priv::_MapTraitsT<struct stlpmtx_std::pair<class Symbol const, int>>, class stlpmtx_std::StlNodeAlloc<struct stlpmtx_std::pair<class Symbol const, int>>>::insert_unique(struct stlpmtx_std::_Rb_tree_iterator<struct stlpmtx_std::pair<class Symbol const, int>, struct stlpmtx_std::priv::_MapTraitsT<struct stlpmtx_std::pair<class Symbol const, int>>>, struct stlpmtx_std::pair<class Symbol const, int> const &)	public: struct stlpmtx_std::_Rb_tree_iterator<struct stlpmtx_std::pair<int const, class Hmx::Color>, struct stlpmtx_std::priv::_MapTraitsT<struct stlpmtx_std::pair<int const, class Hmx::Color>>> __cdecl stlpmtx_std::_Rb_tree<int, struct stlpmtx_std::less<int>, struct stlpmtx_std::pair<int const, class Hmx::Color>, struct stlpmtx_std::_Select1st<struct stlpmtx_std::pair<int const, class Hmx::Color>>, struct stlpmtx_std::priv::_MapTraitsT<struct stlpmtx_std::pair<int const, class Hmx::Color>>, class stlpmtx_std::StlNodeAlloc<struct stlpmtx_std::pair<int const, class Hmx::Color>>>::insert_unique(struct stlpmtx_std::_Rb_tree_iterator<struct stlpmtx_std::pair<int const, class Hmx::Color>, struct stlpmtx_std::priv::_MapTraitsT<struct stlpmtx_std::pair<int const, class Hmx::Color>>>, struct stlpmtx_std::pair<int const, class Hmx::Color> const &)
200	BC_DIFFERENT_UNRESOLVED	engine	default/CharBonesMeshes	??1CharBonesMeshes@@UAA@XZ	99.9000	DIFFERENT	REFUTED	public: __cdecl stlpmtx_std::vector<struct ObjPtrVec<class Hmx::Object, class ObjectDir>::Node, class stlpmtx_std::StlNodeAlloc<struct ObjPtrVec<class Hmx::Object, class ObjectDir>::Node>>::~vector<struct ObjPtrVec<class Hmx::Object, class ObjectDir>::Node, class stlpmtx_std::StlNodeAlloc<struct ObjPtrVec<class Hmx::Object, class ObjectDir>::Node>>(void)	public: __cdecl stlpmtx_std::vector<class ObjOwnerPtr<class RndTransformable>, class stlpmtx_std::StlNodeAlloc<class ObjOwnerPtr<class RndTransformable>>>::~vector<class ObjOwnerPtr<class RndTransformable>, class stlpmtx_std::StlNodeAlloc<class ObjOwnerPtr<class RndTransformable>>>(void)
200	A_FOLD_CONSISTENT	engine	default/FileMerger	?ClearSelections@FileMerger@@QAAXXZ	99.9000	SAME	REFUTED	public: struct stlpmtx_std::_List_iterator<class CharClip *, struct stlpmtx_std::_Nonconst_traits<class CharClip *>> __cdecl stlpmtx_std::list<class CharClip *, class stlpmtx_std::StlNodeAlloc<class CharClip *>>::insert(struct stlpmtx_std::_List_iterator<class CharClip *, struct stlpmtx_std::_Nonconst_traits<class CharClip *>>, class CharClip *const &)	public: struct stlpmtx_std::_List_iterator<struct FileMerger::Merger *, struct stlpmtx_std::_Nonconst_traits<struct FileMerger::Merger *>> __cdecl stlpmtx_std::list<struct FileMerger::Merger *, class stlpmtx_std::StlNodeAlloc<struct FileMerger::Merger *>>::insert(struct stlpmtx_std::_List_iterator<struct FileMerger::Merger *, struct stlpmtx_std::_Nonconst_traits<struct FileMerger::Merger *>>, struct FileMerger::Merger *const &)
200	C_PROVEN_CALLEE	engine	default/Font	??4?$_Rb_tree@GU?$less@G@stlpmtx_std@@U?$pair@$$CBGUCharInfo@RndFont@@@2@U?$_Select1st@U?$pair@$$CBGUCharInfo@RndFont@@@stlpmtx_std@@@2@U?$_MapTraitsT@U?$pair@$$CBGUCharInfo@RndFont@@@stlpmtx_std@@@priv@2@V?$StlNodeAlloc@U?$pair@$$CBGUCharInfo@RndFont@@@stlpmtx_std@@@2@@stlpmtx_std@@QAAAAV01@ABV01@@Z	99.9000	DIFFERENT	CORROBORATED	public: void __cdecl stlpmtx_std::_Rb_tree<int, struct stlpmtx_std::less<int>, struct stlpmtx_std::pair<int const, class Hmx::Color>, struct stlpmtx_std::_Select1st<struct stlpmtx_std::pair<int const, class Hmx::Color>>, struct stlpmtx_std::priv::_MapTraitsT<struct stlpmtx_std::pair<int const, class Hmx::Color>>, class stlpmtx_std::StlNodeAlloc<struct stlpmtx_std::pair<int const, class Hmx::Color>>>::clear(void)	public: void __cdecl stlpmtx_std::_Rb_tree<unsigned short, struct stlpmtx_std::less<unsigned short>, struct stlpmtx_std::pair<unsigned short const, struct RndFont::CharInfo>, struct stlpmtx_std::_Select1st<struct stlpmtx_std::pair<unsigned short const, struct RndFont::CharInfo>>, struct stlpmtx_std::priv::_MapTraitsT<struct stlpmtx_std::pair<unsigned short const, struct RndFont::CharInfo>>, class stlpmtx_std::StlNodeAlloc<struct stlpmtx_std::pair<unsigned short const, struct RndFont::CharInfo>>>::clear(void)
196	UNDECIDABLE	game	default/band3/meta_band/LessonProvider	?Update@LessonProvider@@QAAXVSymbol@@@Z	99.7959	UNKNOWN	REFUTED	public: void __cdecl stlpmtx_std::vector<class Vector2, class stlpmtx_std::StlNodeAlloc<class Vector2>>::push_back(class Vector2 const &)	public: void __cdecl stlpmtx_std::vector<class LessonProvider::LessonEntry, class stlpmtx_std::StlNodeAlloc<class LessonProvider::LessonEntry>>::push_back(class LessonProvider::LessonEntry const &)
196	UNDECIDABLE	engine	default/Font	?GetKerning@KerningTable@@QBAXAAV?$vector@VKernInfo@RndFont@@V?$StlNodeAlloc@VKernInfo@RndFont@@@stlpmtx_std@@@stlpmtx_std@@@Z	99.8980	UNKNOWN	REFUTED	public: void __cdecl stlpmtx_std::vector<class Stats::StreakInfo, class stlpmtx_std::StlNodeAlloc<class Stats::StreakInfo>>::resize(unsigned int, class Stats::StreakInfo const &)	public: void __cdecl stlpmtx_std::vector<class RndFont::KernInfo, class stlpmtx_std::StlNodeAlloc<class RndFont::KernInfo>>::resize(unsigned int, class RndFont::KernInfo const &)
192	UNDECIDABLE	game	default/band3/game/Stats	??$?5VSectionInfo@Stats@@V?$StlNodeAlloc@VSectionInfo@Stats@@@stlpmtx_std@@@@YAAAVBinStream@@AAV0@AAV?$vector@VSectionInfo@Stats@@V?$StlNodeAlloc@VSectionInfo@Stats@@@stlpmtx_std@@@stlpmtx_std@@@Z	99.8958	UNKNOWN	UNKNOWN	private: void __cdecl stlpmtx_std::vector<struct MidiParser::Note, class stlpmtx_std::StlNodeAlloc<struct MidiParser::Note>>::_M_fill_insert(struct MidiParser::Note *, unsigned int, struct MidiParser::Note const &)	private: void __cdecl stlpmtx_std::vector<class Stats::SectionInfo, class stlpmtx_std::StlNodeAlloc<class Stats::SectionInfo>>::_M_fill_insert(class Stats::SectionInfo *, unsigned int, class Stats::SectionInfo const &)
192	BC_DIFFERENT_UNRESOLVED	engine	default/PreloadPanel	??1PreloadPanel@@UAA@XZ	99.8958	DIFFERENT	REFUTED	public: __cdecl stlpmtx_std::vector<struct ObjPtrVec<class Hmx::Object, class ObjectDir>::Node, class stlpmtx_std::StlNodeAlloc<struct ObjPtrVec<class Hmx::Object, class ObjectDir>::Node>>::~vector<struct ObjPtrVec<class Hmx::Object, class ObjectDir>::Node, class stlpmtx_std::StlNodeAlloc<struct ObjPtrVec<class Hmx::Object, class ObjectDir>::Node>>(void)	public: __cdecl stlpmtx_std::vector<class String, class stlpmtx_std::StlNodeAlloc<class String>>::~vector<class String, class stlpmtx_std::StlNodeAlloc<class String>>(void)
188	BC_DIFFERENT_UNRESOLVED	engine	default/PanelDir	??4?$list@UPresetOverride@WorldDir@@V?$StlNodeAlloc@UPresetOverride@WorldDir@@@stlpmtx_std@@@stlpmtx_std@@QAAAAV01@ABV01@@Z	99.8936	DIFFERENT	REFUTED	private: void __cdecl stlpmtx_std::list<struct BandCamShot::Target, class stlpmtx_std::StlNodeAlloc<struct BandCamShot::Target>>::_M_splice_insert_dispatch<struct stlpmtx_std::_List_iterator<struct BandCamShot::Target, struct stlpmtx_std::_Const_traits<struct BandCamShot::Target>>>(struct stlpmtx_std::_List_iterator<struct BandCamShot::Target, struct stlpmtx_std::_Nonconst_traits<struct BandCamShot::Target>>, struct stlpmtx_std::_List_iterator<struct BandCamShot::Target, struct stlpmtx_std::_Const_traits<struct BandCamShot::Target>>, struct stlpmtx_std::_List_iterator<struct BandCamShot::Target, struct stlpmtx_std::_Const_traits<struct BandCamShot::Target>>, struct stlpmtx_std::__false_type const &)	private: void __cdecl stlpmtx_std::list<struct WorldDir::PresetOverride, class stlpmtx_std::StlNodeAlloc<struct WorldDir::PresetOverride>>::_M_splice_insert_dispatch<struct stlpmtx_std::_List_iterator<struct WorldDir::PresetOverride, struct stlpmtx_std::_Const_traits<struct WorldDir::PresetOverride>>>(struct stlpmtx_std::_List_iterator<struct WorldDir::PresetOverride, struct stlpmtx_std::_Nonconst_traits<struct WorldDir::PresetOverride>>, struct stlpmtx_std::_List_iterator<struct WorldDir::PresetOverride, struct stlpmtx_std::_Const_traits<struct WorldDir::PresetOverride>>, struct stlpmtx_std::_List_iterator<struct WorldDir::PresetOverride, struct stlpmtx_std::_Const_traits<struct WorldDir::PresetOverride>>, struct stlpmtx_std::__false_type const &)
188	BC_DIFFERENT_UNRESOLVED	engine	default/PanelDir	??4?$list@UBitmapOverride@WorldDir@@V?$StlNodeAlloc@UBitmapOverride@WorldDir@@@stlpmtx_std@@@stlpmtx_std@@QAAAAV01@ABV01@@Z	99.8936	DIFFERENT	REFUTED	public: struct stlpmtx_std::_List_iterator<class EventAnim::EventCall, struct stlpmtx_std::_Nonconst_traits<class EventAnim::EventCall>> __cdecl stlpmtx_std::list<class EventAnim::EventCall, class stlpmtx_std::StlNodeAlloc<class EventAnim::EventCall>>::erase(struct stlpmtx_std::_List_iterator<class EventAnim::EventCall, struct stlpmtx_std::_Nonconst_traits<class EventAnim::EventCall>>, struct stlpmtx_std::_List_iterator<class EventAnim::EventCall, struct stlpmtx_std::_Nonconst_traits<class EventAnim::EventCall>>)	public: struct stlpmtx_std::_List_iterator<struct WorldDir::BitmapOverride, struct stlpmtx_std::_Nonconst_traits<struct WorldDir::BitmapOverride>> __cdecl stlpmtx_std::list<struct WorldDir::BitmapOverride, class stlpmtx_std::StlNodeAlloc<struct WorldDir::BitmapOverride>>::erase(struct stlpmtx_std::_List_iterator<struct WorldDir::BitmapOverride, struct stlpmtx_std::_Nonconst_traits<struct WorldDir::BitmapOverride>>, struct stlpmtx_std::_List_iterator<struct WorldDir::BitmapOverride, struct stlpmtx_std::_Nonconst_traits<struct WorldDir::BitmapOverride>>)
188	A_FOLD_CONSISTENT	engine	default/BandCharacter	?OnPortraitBegin@BandCharacter@@QAA?AVDataNode@@PAVDataArray@@@Z	99.8936	SAME	CORROBORATED	public: struct stlpmtx_std::_List_iterator<class MeshInstance, struct stlpmtx_std::_Nonconst_traits<class MeshInstance>> __cdecl stlpmtx_std::list<class MeshInstance, class stlpmtx_std::StlNodeAlloc<class MeshInstance>>::insert(struct stlpmtx_std::_List_iterator<class MeshInstance, struct stlpmtx_std::_Nonconst_traits<class MeshInstance>>, class MeshInstance const &)	public: struct stlpmtx_std::_List_iterator<class BandCharacter::BoneState, struct stlpmtx_std::_Nonconst_traits<class BandCharacter::BoneState>> __cdecl stlpmtx_std::list<class BandCharacter::BoneState, class stlpmtx_std::StlNodeAlloc<class BandCharacter::BoneState>>::insert(struct stlpmtx_std::_List_iterator<class BandCharacter::BoneState, struct stlpmtx_std::_Nonconst_traits<class BandCharacter::BoneState>>, class BandCharacter::BoneState const &)
188	UNDECIDABLE	engine	default/PropAnim	?SetKey@ColorKeys@@UAAHM@Z	99.8936	UNKNOWN	REFUTED	public: int __cdecl Keys<class Vector3, class Vector3>::Add(class Vector3 const &, float, bool)	public: int __cdecl Keys<class Hmx::Color, class Hmx::Color>::Add(class Hmx::Color const &, float, bool)
188	A_FOLD_CONSISTENT	engine	default/UITransitionHandler	??$__introsort_loop@PAPAVRndPollable@@PAV1@HP6A_NPBV1@0@Z@stlpmtx_std@@YAXPAPAVRndPollable@@00HP6A_NPBV1@1@Z@Z	99.8936	SAME	CORROBORATED	void __cdecl stlpmtx_std::__partial_sort<class RndTransformable **, class RndTransformable *, bool (__cdecl *)(class RndTransformable const *, class RndTransformable const *)>(class RndTransformable **, class RndTransformable **, class RndTransformable **, class RndTransformable **, bool (__cdecl *)(class RndTransformable const *, class RndTransformable const *))	void __cdecl stlpmtx_std::__partial_sort<class RndPollable **, class RndPollable *, bool (__cdecl *)(class RndPollable const *, class RndPollable const *)>(class RndPollable **, class RndPollable **, class RndPollable **, class RndPollable **, bool (__cdecl *)(class RndPollable const *, class RndPollable const *))
188	UNDECIDABLE	engine	default/system/synth/MoggClip	?SetPan@MoggClip@@QAAXHM@Z	99.8936	UNKNOWN	REFUTED	public: void __cdecl stlpmtx_std::vector<class Vector2, class stlpmtx_std::StlNodeAlloc<class Vector2>>::push_back(class Vector2 const &)	public: void __cdecl stlpmtx_std::vector<struct MoggClip::PanInfo, class stlpmtx_std::StlNodeAlloc<struct MoggClip::PanInfo>>::push_back(struct MoggClip::PanInfo const &)
188	UNDECIDABLE	engine	default/MemTracker	?reserve@?$vector@UMemDiffEntry@@V?$StlNodeAlloc@UMemDiffEntry@@@stlpmtx_std@@@stlpmtx_std@@QAAXI@Z	99.8936	UNKNOWN	REFUTED	protected: class RndLine::Point * __cdecl stlpmtx_std::vector<class RndLine::Point, class stlpmtx_std::StlNodeAlloc<class RndLine::Point>>::_M_allocate_and_copy<class RndLine::Point const *>(unsigned int, class RndLine::Point const *, class RndLine::Point const *)	protected: struct MemDiffEntry * __cdecl stlpmtx_std::vector<struct MemDiffEntry, class stlpmtx_std::StlNodeAlloc<struct MemDiffEntry>>::_M_allocate_and_copy<struct MemDiffEntry *>(unsigned int, struct MemDiffEntry *, struct MemDiffEntry *)
184	A_FOLD_CONSISTENT	engine	default/CharBoneDir	?PollDeps@CharBoneTwist@@UAAXAAV?$list@PAVObject@Hmx@@V?$StlNodeAlloc@PAVObject@Hmx@@@stlpmtx_std@@@stlpmtx_std@@0@Z	99.7826	SAME	REFUTED	public: struct stlpmtx_std::_List_iterator<class CharClip *, struct stlpmtx_std::_Nonconst_traits<class CharClip *>> __cdecl stlpmtx_std::list<class CharClip *, class stlpmtx_std::StlNodeAlloc<class CharClip *>>::insert(struct stlpmtx_std::_List_iterator<class CharClip *, struct stlpmtx_std::_Nonconst_traits<class CharClip *>>, class CharClip *const &)	public: struct stlpmtx_std::_List_iterator<class Hmx::Object *, struct stlpmtx_std::_Nonconst_traits<class Hmx::Object *>> __cdecl stlpmtx_std::list<class Hmx::Object *, class stlpmtx_std::StlNodeAlloc<class Hmx::Object *>>::insert(struct stlpmtx_std::_List_iterator<class Hmx::Object *, struct stlpmtx_std::_Nonconst_traits<class Hmx::Object *>>, class Hmx::Object *const &)
184	A_FOLD_CONSISTENT	engine	default/Graph	?AddSphere@RndGraph@@QAAXABVVector3@@MABVColor@Hmx@@@Z	99.8913	SAME	REFUTED	public: void __cdecl stlpmtx_std::vector<class ChatReceiver *, class stlpmtx_std::StlNodeAlloc<class ChatReceiver *>>::push_back(class ChatReceiver *const &)	public: void __cdecl stlpmtx_std::vector<class Drawable *, class stlpmtx_std::StlNodeAlloc<class Drawable *>>::push_back(class Drawable *const &)
180	A_FOLD_CONSISTENT	engine	default/Graph	?Init@RndGraph@@SAXXZ	99.8889	SAME	REFUTED	public: struct stlpmtx_std::_List_iterator<class CharClip *, struct stlpmtx_std::_Nonconst_traits<class CharClip *>> __cdecl stlpmtx_std::list<class CharClip *, class stlpmtx_std::StlNodeAlloc<class CharClip *>>::insert(struct stlpmtx_std::_List_iterator<class CharClip *, struct stlpmtx_std::_Nonconst_traits<class CharClip *>>, class CharClip *const &)	public: struct stlpmtx_std::_List_iterator<void (__cdecl *)(void), struct stlpmtx_std::_Nonconst_traits<void (__cdecl *)(void)>> __cdecl stlpmtx_std::list<void (__cdecl *)(void), class stlpmtx_std::StlNodeAlloc<void (__cdecl *)(void)>>::insert(struct stlpmtx_std::_List_iterator<void (__cdecl *)(void), struct stlpmtx_std::_Nonconst_traits<void (__cdecl *)(void)>>, void (__cdecl *const &)(void))
180	BC_DIFFERENT_UNRESOLVED	engine	default/CharMeshHide	??0DebugGraph@?A0xb39b74bf@@QAA@ABVColor@Hmx@@@Z	99.8889	DIFFERENT	REFUTED	private: void __cdecl stlpmtx_std::vector<float *, class stlpmtx_std::StlNodeAlloc<float *>>::_M_fill_insert(float **, unsigned int, float *const &)	private: void __cdecl stlpmtx_std::vector<float, class stlpmtx_std::StlNodeAlloc<float>>::_M_fill_insert(float *, unsigned int, float const &)
180	BC_DIFFERENT_UNRESOLVED	engine	default/system/utl/DeJitter	??0DeJitter@@QAA@XZ	99.8889	DIFFERENT	REFUTED	private: void __cdecl stlpmtx_std::vector<float *, class stlpmtx_std::StlNodeAlloc<float *>>::_M_fill_insert(float **, unsigned int, float *const &)	private: void __cdecl stlpmtx_std::vector<float, class stlpmtx_std::StlNodeAlloc<float>>::_M_fill_insert(float *, unsigned int, float const &)
180	A_FOLD_CONSISTENT	game	default/ChooseColorPanel	??0ChooseColorPanel@@QAA@XZ	99.8889	SAME	CORROBORATED	public: __cdecl stlpmtx_std::hash_map<class Symbol, int, struct stlpmtx_std::hash<class Symbol>, struct stlpmtx_std::equal_to<class Symbol>, class stlpmtx_std::StlNodeAlloc<struct stlpmtx_std::pair<class Symbol const, int>>>::hash_map<class Symbol, int, struct stlpmtx_std::hash<class Symbol>, struct stlpmtx_std::equal_to<class Symbol>, class stlpmtx_std::StlNodeAlloc<struct stlpmtx_std::pair<class Symbol const, int>>>(void)	public: __cdecl stlpmtx_std::hash_map<int, class ColorPalette *, struct stlpmtx_std::hash<int>, struct stlpmtx_std::equal_to<int>, class stlpmtx_std::StlNodeAlloc<struct stlpmtx_std::pair<int const, class ColorPalette *>>>::hash_map<int, class ColorPalette *, struct stlpmtx_std::hash<int>, struct stlpmtx_std::equal_to<int>, class stlpmtx_std::StlNodeAlloc<struct stlpmtx_std::pair<int const, class ColorPalette *>>>(void)
180	AB_ONE_BODY	engine	default/BandLabel	?Count@HamLabel@@UAAXHHMVSymbol@@@Z	99.0667	UNKNOWN	REFUTED	public: void __cdecl stlpmtx_std::vector<class Vector2, class stlpmtx_std::StlNodeAlloc<class Vector2>>::push_back(class Vector2 const &)	public: void __cdecl stlpmtx_std::vector<class Key<float>, class stlpmtx_std::StlNodeAlloc<class Key<float>>>::push_back(class Key<float> const &)
180	BC_DIFFERENT_UNRESOLVED	engine	default/VocalNoteList	?Clear@VocalNoteList@@QAAXXZ	99.8889	DIFFERENT	REFUTED	protected: class FlowMathOp * __cdecl stlpmtx_std::vector<class FlowMathOp, class stlpmtx_std::StlNodeAlloc<class FlowMathOp>>::_M_erase(class FlowMathOp *, class FlowMathOp *, struct stlpmtx_std::__false_type const &)	protected: class VocalNote * __cdecl stlpmtx_std::vector<class VocalNote, class stlpmtx_std::StlNodeAlloc<class VocalNote>>::_M_erase(class VocalNote *, class VocalNote *, struct stlpmtx_std::__false_type const &)
180	BC_DIFFERENT_UNRESOLVED	engine	default/CheatProvider	?OnPassthrough@Synth@@AAA?AVDataNode@@PAVDataArray@@@Z	99.8889	DIFFERENT	REFUTED	public: class Flow * __cdecl Synth::Find<class Flow>(char const *, bool)	public: class Hmx::Object * __cdecl Synth::Find<class Hmx::Object>(char const *, bool)
180	UNDECIDABLE	engine	default/LightPreset	??$?5USpotlightDrawerEntry@LightPreset@@V?$StlNodeAlloc@USpotlightDrawerEntry@LightPreset@@@stlpmtx_std@@@@YAAAVBinStreamRev@@AAV0@AAV?$vector@USpotlightDrawerEntry@LightPreset@@V?$StlNodeAlloc@USpotlightDrawerEntry@LightPreset@@@stlpmtx_std@@@stlpmtx_std@@@Z	99.8889	UNKNOWN	CORROBORATED	private: void __cdecl stlpmtx_std::vector<class Vector3, class stlpmtx_std::StlNodeAlloc<class Vector3>>::_M_fill_insert(class Vector3 *, unsigned int, class Vector3 const &)	private: void __cdecl stlpmtx_std::vector<struct LightPreset::SpotlightDrawerEntry, class stlpmtx_std::StlNodeAlloc<struct LightPreset::SpotlightDrawerEntry>>::_M_fill_insert(struct LightPreset::SpotlightDrawerEntry *, unsigned int, struct LightPreset::SpotlightDrawerEntry const &)
180	UNDECIDABLE	engine	default/Rot	?SetKey@QuatKeys@@UAAHM@Z	99.8889	UNKNOWN	REFUTED	public: int __cdecl Keys<class Vector3, class Vector3>::Add(class Vector3 const &, float, bool)	public: int __cdecl Keys<class Hmx::Quat, class Hmx::Quat>::Add(class Hmx::Quat const &, float, bool)
180	BC_DIFFERENT_UNRESOLVED	engine	default/MetaMusic	?LoadStreamFx@MetaMusic@@QAAXXZ	99.8889	DIFFERENT	REFUTED	public: void __cdecl stlpmtx_std::vector<class ArchiveSkeleton, class stlpmtx_std::StlNodeAlloc<class ArchiveSkeleton>>::reserve(unsigned int)	public: void __cdecl stlpmtx_std::vector<class ObjDirPtr<class ObjectDir>, class stlpmtx_std::StlNodeAlloc<class ObjDirPtr<class ObjectDir>>>::reserve(unsigned int)
176	A_FOLD_CONSISTENT	engine	default/OutfitConfig	?ListDrawChildren@OutfitConfig@@UAAXAAV?$list@PAVRndDrawable@@V?$StlNodeAlloc@PAVRndDrawable@@@stlpmtx_std@@@stlpmtx_std@@@Z	99.7727	SAME	REFUTED	public: struct stlpmtx_std::_List_iterator<class CharClip *, struct stlpmtx_std::_Nonconst_traits<class CharClip *>> __cdecl stlpmtx_std::list<class CharClip *, class stlpmtx_std::StlNodeAlloc<class CharClip *>>::insert(struct stlpmtx_std::_List_iterator<class CharClip *, struct stlpmtx_std::_Nonconst_traits<class CharClip *>>, class CharClip *const &)	public: struct stlpmtx_std::_List_iterator<class RndDrawable *, struct stlpmtx_std::_Nonconst_traits<class RndDrawable *>> __cdecl stlpmtx_std::list<class RndDrawable *, class stlpmtx_std::StlNodeAlloc<class RndDrawable *>>::insert(struct stlpmtx_std::_List_iterator<class RndDrawable *, struct stlpmtx_std::_Nonconst_traits<class RndDrawable *>>, class RndDrawable *const &)
176	UNDECIDABLE	game	default/VocalTrack	?_M_insert_overflow_aux@?$vector@V?$deque@PAVTubePlate@@V?$StlNodeAlloc@PAVTubePlate@@@stlpmtx_std@@@stlpmtx_std@@V?$StlNodeAlloc@V?$deque@PAVTubePlate@@V?$StlNodeAlloc@PAVTubePlate@@@stlpmtx_std@@@stlpmtx_std@@@2@@stlpmtx_std@@IAAXPAV?$deque@PAVTubePlate@@V?$StlNodeAlloc@PAVTubePlate@@@stlpmtx_std@@@2@ABV32@ABU__true_type@2@I_N@Z	99.7727	UNKNOWN	NOT_INSTANTIATED	protected: void __cdecl stlpmtx_std::vector<class stlpmtx_std::vector<struct `anonymous namespace'::Unlockable *, class stlpmtx_std::StlNodeAlloc<struct `anonymous namespace'::Unlockable *>>, class stlpmtx_std::StlNodeAlloc<class stlpmtx_std::vector<struct `anonymous namespace'::Unlockable *, class stlpmtx_std::StlNodeAlloc<struct `anonymous namespace'::Unlockable *>>>>::_M_insert_overflow_aux(class stlpmtx_std::vector<struct `anonymous namespace'::Unlockable *, class stlpmtx_std::StlNodeAlloc<struct `anonymous namespace'::Unlockable *>> *, class stlpmtx_std::vector<struct `anonymous namespace'::Unlockable *, class stlpmtx_std::StlNodeAlloc<struct `anonymous namespace'::Unlockable *>> const &, struct stlpmtx_std::__false_type const &, unsigned int, bool)	protected: void __cdecl stlpmtx_std::vector<class stlpmtx_std::deque<class TubePlate *, class stlpmtx_std::StlNodeAlloc<class TubePlate *>>, class stlpmtx_std::StlNodeAlloc<class stlpmtx_std::deque<class TubePlate *, class stlpmtx_std::StlNodeAlloc<class TubePlate *>>>>::_M_insert_overflow_aux(class stlpmtx_std::deque<class TubePlate *, class stlpmtx_std::StlNodeAlloc<class TubePlate *>> *, class stlpmtx_std::deque<class TubePlate *, class stlpmtx_std::StlNodeAlloc<class TubePlate *>> const &, struct stlpmtx_std::__false_type const &, unsigned int, bool)
176	A_FOLD_CONSISTENT	engine	default/Instance	?AddPolls@SharedGroup@@AAAXPAVRndGroup@@@Z	99.8864	SAME	REFUTED	public: struct stlpmtx_std::_List_iterator<class CharClip *, struct stlpmtx_std::_Nonconst_traits<class CharClip *>> __cdecl stlpmtx_std::list<class CharClip *, class stlpmtx_std::StlNodeAlloc<class CharClip *>>::insert(struct stlpmtx_std::_List_iterator<class CharClip *, struct stlpmtx_std::_Nonconst_traits<class CharClip *>>, class CharClip *const &)	public: struct stlpmtx_std::_List_iterator<class RndPollable *, struct stlpmtx_std::_Nonconst_traits<class RndPollable *>> __cdecl stlpmtx_std::list<class RndPollable *, class stlpmtx_std::StlNodeAlloc<class RndPollable *>>::insert(struct stlpmtx_std::_List_iterator<class RndPollable *, struct stlpmtx_std::_Nonconst_traits<class RndPollable *>>, class RndPollable *const &)
176	UNDECIDABLE	game	default/band3/meta_band/AccomplishmentManager	?ConfigureFanScalingData@AccomplishmentManager@@QAAXPAVDataArray@@@Z	99.8864	UNKNOWN	REFUTED	public: void __cdecl stlpmtx_std::vector<struct stlpmtx_std::pair<class VocalPhrase const *, class VocalPart *>, class stlpmtx_std::StlNodeAlloc<struct stlpmtx_std::pair<class VocalPhrase const *, class VocalPart *>>>::push_back(struct stlpmtx_std::pair<class VocalPhrase const *, class VocalPart *> const &)	public: void __cdecl stlpmtx_std::vector<struct stlpmtx_std::pair<int, int>, class stlpmtx_std::StlNodeAlloc<struct stlpmtx_std::pair<int, int>>>::push_back(struct stlpmtx_std::pair<int, int> const &)
176	BC_DIFFERENT_UNRESOLVED	game	default/BandSongMetadata	?_M_insert_overflow_aux@?$vector@V?$map@VSymbol@@VString@@U?$less@VSymbol@@@stlpmtx_std@@V?$StlNodeAlloc@U?$pair@$$CBVSymbol@@VString@@@stlpmtx_std@@@4@@stlpmtx_std@@V?$StlNodeAlloc@V?$map@VSymbol@@VString@@U?$less@VSymbol@@@stlpmtx_std@@V?$StlNodeAlloc@U?$pair@$$CBVSymbol@@VString@@@stlpmtx_std@@@4@@stlpmtx_std@@@2@@stlpmtx_std@@IAAXPAV?$map@VSymbol@@VString@@U?$less@VSymbol@@@stlpmtx_std@@V?$StlNodeAlloc@U?$pair@$$CBVSymbol@@VString@@@stlpmtx_std@@@4@@2@ABV32@ABU__true_type@2@I_N@Z	99.8864	DIFFERENT	REFUTED	public: void __cdecl stlpmtx_std::_Rb_tree<class Symbol, struct stlpmtx_std::less<class Symbol>, struct stlpmtx_std::pair<class Symbol const, class CharLipSync *>, struct stlpmtx_std::_Select1st<struct stlpmtx_std::pair<class Symbol const, class CharLipSync *>>, struct stlpmtx_std::priv::_MapTraitsT<struct stlpmtx_std::pair<class Symbol const, class CharLipSync *>>, class stlpmtx_std::StlNodeAlloc<struct stlpmtx_std::pair<class Symbol const, class CharLipSync *>>>::clear(void)	public: void __cdecl stlpmtx_std::_Rb_tree<class Symbol, struct stlpmtx_std::less<class Symbol>, struct stlpmtx_std::pair<class Symbol const, class String>, struct stlpmtx_std::_Select1st<struct stlpmtx_std::pair<class Symbol const, class String>>, struct stlpmtx_std::priv::_MapTraitsT<struct stlpmtx_std::pair<class Symbol const, class String>>, class stlpmtx_std::StlNodeAlloc<struct stlpmtx_std::pair<class Symbol const, class String>>>::clear(void)
176	A_FOLD_CONSISTENT	engine	default/CharBoneOffset	?PollDeps@CharBoneOffset@@UAAXAAV?$list@PAVObject@Hmx@@V?$StlNodeAlloc@PAVObject@Hmx@@@stlpmtx_std@@@stlpmtx_std@@0@Z	99.7727	SAME	REFUTED	public: struct stlpmtx_std::_List_iterator<class CharClip *, struct stlpmtx_std::_Nonconst_traits<class CharClip *>> __cdecl stlpmtx_std::list<class CharClip *, class stlpmtx_std::StlNodeAlloc<class CharClip *>>::insert(struct stlpmtx_std::_List_iterator<class CharClip *, struct stlpmtx_std::_Nonconst_traits<class CharClip *>>, class CharClip *const &)	public: struct stlpmtx_std::_List_iterator<class Hmx::Object *, struct stlpmtx_std::_Nonconst_traits<class Hmx::Object *>> __cdecl stlpmtx_std::list<class Hmx::Object *, class stlpmtx_std::StlNodeAlloc<class Hmx::Object *>>::insert(struct stlpmtx_std::_List_iterator<class Hmx::Object *, struct stlpmtx_std::_Nonconst_traits<class Hmx::Object *>>, class Hmx::Object *const &)
176	A_FOLD_CONSISTENT	engine	default/CharIKMidi	??1CharIKMidi@@UAA@XZ	99.8864	SAME	REFUTED	public: virtual __cdecl ObjRefConcrete<class CharEyes, class ObjectDir>::~ObjRefConcrete<class CharEyes, class ObjectDir>(void)	public: virtual __cdecl ObjRefConcrete<class CharWeightable, class ObjectDir>::~ObjRefConcrete<class CharWeightable, class ObjectDir>(void)
176	A_FOLD_CONSISTENT	engine	default/CharHair	??1CharHair@@UAA@XZ	99.8864	SAME	REFUTED	public: virtual __cdecl ObjRefConcrete<class CharDriver, class ObjectDir>::~ObjRefConcrete<class CharDriver, class ObjectDir>(void)	public: virtual __cdecl ObjRefConcrete<class Character, class ObjectDir>::~ObjRefConcrete<class Character, class ObjectDir>(void)
176	A_FOLD_CONSISTENT	engine	default/BandCharacter	?SaveBoneAndChildren@BandCharacter@@QAAXPAVRndTransformable@@@Z	99.8864	SAME	CORROBORATED	public: struct stlpmtx_std::_List_iterator<class MeshInstance, struct stlpmtx_std::_Nonconst_traits<class MeshInstance>> __cdecl stlpmtx_std::list<class MeshInstance, class stlpmtx_std::StlNodeAlloc<class MeshInstance>>::insert(struct stlpmtx_std::_List_iterator<class MeshInstance, struct stlpmtx_std::_Nonconst_traits<class MeshInstance>>, class MeshInstance const &)	public: struct stlpmtx_std::_List_iterator<class BandCharacter::BoneState, struct stlpmtx_std::_Nonconst_traits<class BandCharacter::BoneState>> __cdecl stlpmtx_std::list<class BandCharacter::BoneState, class stlpmtx_std::StlNodeAlloc<class BandCharacter::BoneState>>::insert(struct stlpmtx_std::_List_iterator<class BandCharacter::BoneState, struct stlpmtx_std::_Nonconst_traits<class BandCharacter::BoneState>>, class BandCharacter::BoneState const &)
176	BC_DIFFERENT_UNRESOLVED	engine	default/SongSectionController	??4?$list@VString@@V?$StlNodeAlloc@VString@@@stlpmtx_std@@@stlpmtx_std@@QAAAAV01@ABV01@@Z	99.8864	DIFFERENT	REFUTED	public: struct stlpmtx_std::_List_iterator<class Plane, struct stlpmtx_std::_Nonconst_traits<class Plane>> __cdecl stlpmtx_std::list<class Plane, class stlpmtx_std::StlNodeAlloc<class Plane>>::erase(struct stlpmtx_std::_List_iterator<class Plane, struct stlpmtx_std::_Nonconst_traits<class Plane>>, struct stlpmtx_std::_List_iterator<class Plane, struct stlpmtx_std::_Nonconst_traits<class Plane>>)	public: struct stlpmtx_std::_List_iterator<class String, struct stlpmtx_std::_Nonconst_traits<class String>> __cdecl stlpmtx_std::list<class String, class stlpmtx_std::StlNodeAlloc<class String>>::erase(struct stlpmtx_std::_List_iterator<class String, struct stlpmtx_std::_Nonconst_traits<class String>>, struct stlpmtx_std::_List_iterator<class String, struct stlpmtx_std::_Nonconst_traits<class String>>)
176	BC_DIFFERENT_UNRESOLVED	engine	default/CharIKFingers	??4?$list@VContentPoolMapping@SongSectionController@@V?$StlNodeAlloc@VContentPoolMapping@SongSectionController@@@stlpmtx_std@@@stlpmtx_std@@QAAAAV01@ABV01@@Z	99.8864	DIFFERENT	REFUTED	private: void __cdecl stlpmtx_std::list<class RndAnimatable *, class stlpmtx_std::StlNodeAlloc<class RndAnimatable *>>::_M_splice_insert_dispatch<class RndAnimatable *const *>(struct stlpmtx_std::_List_iterator<class RndAnimatable *, struct stlpmtx_std::_Nonconst_traits<class RndAnimatable *>>, class RndAnimatable *const *, class RndAnimatable *const *, struct stlpmtx_std::__false_type const &)	private: void __cdecl stlpmtx_std::list<class SongSectionController::ContentPoolMapping, class stlpmtx_std::StlNodeAlloc<class SongSectionController::ContentPoolMapping>>::_M_splice_insert_dispatch<struct stlpmtx_std::_List_iterator<class SongSectionController::ContentPoolMapping, struct stlpmtx_std::_Const_traits<class SongSectionController::ContentPoolMapping>>>(struct stlpmtx_std::_List_iterator<class SongSectionController::ContentPoolMapping, struct stlpmtx_std::_Nonconst_traits<class SongSectionController::ContentPoolMapping>>, struct stlpmtx_std::_List_iterator<class SongSectionController::ContentPoolMapping, struct stlpmtx_std::_Const_traits<class SongSectionController::ContentPoolMapping>>, struct stlpmtx_std::_List_iterator<class SongSectionController::ContentPoolMapping, struct stlpmtx_std::_Const_traits<class SongSectionController::ContentPoolMapping>>, struct stlpmtx_std::__false_type const &)
176	UNDECIDABLE	engine	default/TransAnim	?SetKey@RndTransAnim@@UAAXM@Z	99.8864	UNKNOWN	REFUTED	public: int __cdecl Keys<class Vector3, class Vector3>::Add(class Vector3 const &, float, bool)	public: int __cdecl Keys<class Hmx::Quat, class Hmx::Quat>::Add(class Hmx::Quat const &, float, bool)
176	A_FOLD_CONSISTENT	engine	default/StorePanel	?LoadArt@StorePanel@@UAAXPBDPAVUIPanel@@@Z	98.8864	SAME	REFUTED	public: struct stlpmtx_std::_List_iterator<class CharClip *, struct stlpmtx_std::_Nonconst_traits<class CharClip *>> __cdecl stlpmtx_std::list<class CharClip *, class stlpmtx_std::StlNodeAlloc<class CharClip *>>::insert(struct stlpmtx_std::_List_iterator<class CharClip *, struct stlpmtx_std::_Nonconst_traits<class CharClip *>>, class CharClip *const &)	public: struct stlpmtx_std::_List_iterator<class NetCacheLoader *, struct stlpmtx_std::_Nonconst_traits<class NetCacheLoader *>> __cdecl stlpmtx_std::list<class NetCacheLoader *, class stlpmtx_std::StlNodeAlloc<class NetCacheLoader *>>::insert(struct stlpmtx_std::_List_iterator<class NetCacheLoader *, struct stlpmtx_std::_Nonconst_traits<class NetCacheLoader *>>, class NetCacheLoader *const &)
176	BC_DIFFERENT_UNRESOLVED	engine	default/UIListWidget	?_M_insert_overflow_aux@?$vector@V?$vector@V?$ObjPtr@VUIColor@@@@V?$StlNodeAlloc@V?$ObjPtr@VUIColor@@@@@stlpmtx_std@@@stlpmtx_std@@V?$StlNodeAlloc@V?$vector@V?$ObjPtr@VUIColor@@@@V?$StlNodeAlloc@V?$ObjPtr@VUIColor@@@@@stlpmtx_std@@@stlpmtx_std@@@2@@stlpmtx_std@@IAAXPAV?$vector@V?$ObjPtr@VUIColor@@@@V?$StlNodeAlloc@V?$ObjPtr@VUIColor@@@@@stlpmtx_std@@@2@ABV32@ABU__true_type@2@I_N@Z	99.8864	DIFFERENT	REFUTED	public: __cdecl stlpmtx_std::vector<struct ObjPtrVec<class Hmx::Object, class ObjectDir>::Node, class stlpmtx_std::StlNodeAlloc<struct ObjPtrVec<class Hmx::Object, class ObjectDir>::Node>>::~vector<struct ObjPtrVec<class Hmx::Object, class ObjectDir>::Node, class stlpmtx_std::StlNodeAlloc<struct ObjPtrVec<class Hmx::Object, class ObjectDir>::Node>>(void)	public: __cdecl stlpmtx_std::vector<class ObjPtr<class UIColor>, class stlpmtx_std::StlNodeAlloc<class ObjPtr<class UIColor>>>::~vector<class ObjPtr<class UIColor>, class stlpmtx_std::StlNodeAlloc<class ObjPtr<class UIColor>>>(void)
172	A_FOLD_CONSISTENT	engine	default/Gen	?ListDrawChildren@RndGenerator@@UAAXAAV?$list@PAVRndDrawable@@V?$StlNodeAlloc@PAVRndDrawable@@@stlpmtx_std@@@stlpmtx_std@@@Z	99.6512	SAME	REFUTED	public: struct stlpmtx_std::_List_iterator<class CharClip *, struct stlpmtx_std::_Nonconst_traits<class CharClip *>> __cdecl stlpmtx_std::list<class CharClip *, class stlpmtx_std::StlNodeAlloc<class CharClip *>>::insert(struct stlpmtx_std::_List_iterator<class CharClip *, struct stlpmtx_std::_Nonconst_traits<class CharClip *>>, class CharClip *const &)	public: struct stlpmtx_std::_List_iterator<class RndDrawable *, struct stlpmtx_std::_Nonconst_traits<class RndDrawable *>> __cdecl stlpmtx_std::list<class RndDrawable *, class stlpmtx_std::StlNodeAlloc<class RndDrawable *>>::insert(struct stlpmtx_std::_List_iterator<class RndDrawable *, struct stlpmtx_std::_Nonconst_traits<class RndDrawable *>>, class RndDrawable *const &)
172	UNDECIDABLE	game	default/VocalPlayer	?UnpackBools@VocalPlayer@@QBAXHAAV?$vector@HV?$StlNodeAlloc@H@stlpmtx_std@@@stlpmtx_std@@@Z	99.8837	UNKNOWN	REFUTED	private: void __cdecl stlpmtx_std::vector<class Hmx::Object *, class stlpmtx_std::StlNodeAlloc<class Hmx::Object *>>::_M_fill_insert(class Hmx::Object **, unsigned int, class Hmx::Object *const &)	private: void __cdecl stlpmtx_std::vector<int, class stlpmtx_std::StlNodeAlloc<int>>::_M_fill_insert(int *, unsigned int, int const &)
172	A_FOLD_CONSISTENT	engine	default/CharCollide	??1CharCollide@@UAA@XZ	99.8837	SAME	REFUTED	public: virtual __cdecl ObjRefConcrete<class CharLookAt, class ObjectDir>::~ObjRefConcrete<class CharLookAt, class ObjectDir>(void)	public: virtual __cdecl ObjRefConcrete<class RndMesh, class ObjectDir>::~ObjRefConcrete<class RndMesh, class ObjectDir>(void)
172	BC_DIFFERENT_UNRESOLVED	game	default/band3/bandtrack/Gem	??4MatSwap@OutfitConfig@@QAAAAV01@ABV01@@Z	99.8837	DIFFERENT	REFUTED	public: void __cdecl ObjVector<class TransformCrowd>::operator=(class ObjVector<class TransformCrowd> const &)	public: void __cdecl ObjVector<class ObjPtr<class RndTex>>::operator=(class ObjVector<class ObjPtr<class RndTex>> const &)
172	A_FOLD_CONSISTENT	game	default/VocalTrack	?FreeUsedGems@TambourineGemPool@@QAAXXZ	99.8837	SAME	REFUTED	protected: void __cdecl stlpmtx_std::deque<class LyricPlate *, class stlpmtx_std::StlNodeAlloc<class LyricPlate *>>::_M_push_back_aux_v(class LyricPlate *const &)	protected: void __cdecl stlpmtx_std::deque<class TambourineGem *, class stlpmtx_std::StlNodeAlloc<class TambourineGem *>>::_M_push_back_aux_v(class TambourineGem *const &)
172	A_FOLD_CONSISTENT	game	default/band3/game/MultiplayerAnalyzer	??0Data@MultiplayerAnalyzer@@QAA@ABV01@@Z	99.8837	SAME	CORROBORATED	public: __cdecl stlpmtx_std::vector<class Extent, class stlpmtx_std::StlNodeAlloc<class Extent>>::vector<class Extent, class stlpmtx_std::StlNodeAlloc<class Extent>>(class stlpmtx_std::vector<class Extent, class stlpmtx_std::StlNodeAlloc<class Extent>> const &)	public: __cdecl stlpmtx_std::vector<class MultiplayerAnalyzer::GemScore, class stlpmtx_std::StlNodeAlloc<class MultiplayerAnalyzer::GemScore>>::vector<class MultiplayerAnalyzer::GemScore, class stlpmtx_std::StlNodeAlloc<class MultiplayerAnalyzer::GemScore>>(class stlpmtx_std::vector<class MultiplayerAnalyzer::GemScore, class stlpmtx_std::StlNodeAlloc<class MultiplayerAnalyzer::GemScore>> const &)
172	BC_DIFFERENT_UNRESOLVED	game	default/SongDB	?reserve@?$vector@VTrackData@SongDB@@V?$StlNodeAlloc@VTrackData@SongDB@@@stlpmtx_std@@@stlpmtx_std@@QAAXI@Z	99.8837	DIFFERENT	REFUTED	protected: class Key<class Vector3> * __cdecl stlpmtx_std::vector<class Key<class Vector3>, class stlpmtx_std::StlNodeAlloc<class Key<class Vector3>>>::_M_allocate_and_copy<class Key<class Vector3> const *>(unsigned int, class Key<class Vector3> const *, class Key<class Vector3> const *)	protected: class SongDB::TrackData * __cdecl stlpmtx_std::vector<class SongDB::TrackData, class stlpmtx_std::StlNodeAlloc<class SongDB::TrackData>>::_M_allocate_and_copy<class SongDB::TrackData *>(unsigned int, class SongDB::TrackData *, class SongDB::TrackData *)
172	BC_DIFFERENT_UNRESOLVED	engine	default/DepthBuffer3D	?reserve@?$vector@VArchiveSkeleton@@V?$StlNodeAlloc@VArchiveSkeleton@@@stlpmtx_std@@@stlpmtx_std@@QAAXI@Z	99.7442	DIFFERENT	REFUTED	protected: class ObjDirPtr<class ObjectDir> * __cdecl stlpmtx_std::vector<class ObjDirPtr<class ObjectDir>, class stlpmtx_std::StlNodeAlloc<class ObjDirPtr<class ObjectDir>>>::_M_allocate_and_copy<class ObjDirPtr<class ObjectDir> const *>(unsigned int, class ObjDirPtr<class ObjectDir> const *, class ObjDirPtr<class ObjectDir> const *)	protected: class ArchiveSkeleton * __cdecl stlpmtx_std::vector<class ArchiveSkeleton, class stlpmtx_std::StlNodeAlloc<class ArchiveSkeleton>>::_M_allocate_and_copy<class ArchiveSkeleton *>(unsigned int, class ArchiveSkeleton *, class ArchiveSkeleton *)
172	C_PROVEN_CALLEE	game	default/AccomplishmentPanel	??$__merge_sort_loop@PAVSymbol@@PAV1@HVAccomplishmentCmp@@@stlpmtx_std@@YAXPAVSymbol@@00HVAccomplishmentCmp@@@Z	99.7674	DIFFERENT	CORROBORATED	class Symbol * __cdecl stlpmtx_std::merge<class Symbol *, class Symbol *, class Symbol *, struct GoalAlpaCmp>(class Symbol *, class Symbol *, class Symbol *, class Symbol *, class Symbol *, struct GoalAlpaCmp)	class Symbol * __cdecl stlpmtx_std::merge<class Symbol *, class Symbol *, class Symbol *, class AccomplishmentCmp>(class Symbol *, class Symbol *, class Symbol *, class Symbol *, class Symbol *, class AccomplishmentCmp)
172	BC_DIFFERENT_UNRESOLVED	game	default/AccomplishmentPanel	??$__merge_sort_loop@PAVSymbol@@PAV1@HUGoalAlpaCmp@@@stlpmtx_std@@YAXPAVSymbol@@00HUGoalAlpaCmp@@@Z	99.7674	DIFFERENT	REFUTED	class Symbol * __cdecl stlpmtx_std::merge<class Symbol *, class Symbol *, class Symbol *, class AccomplishmentCategoryCmp>(class Symbol *, class Symbol *, class Symbol *, class Symbol *, class Symbol *, class AccomplishmentCategoryCmp)	class Symbol * __cdecl stlpmtx_std::merge<class Symbol *, class Symbol *, class Symbol *, struct GoalAlpaCmp>(class Symbol *, class Symbol *, class Symbol *, class Symbol *, class Symbol *, struct GoalAlpaCmp)
172	A_FOLD_CONSISTENT	game	default/OvershellSlotState	?Init@OvershellSlotStateMgr@@QAAXPAVDataArray@@PAVOvershellSlot@@@Z	99.8837	SAME	REFUTED	public: void __cdecl stlpmtx_std::vector<class ChatReceiver *, class stlpmtx_std::StlNodeAlloc<class ChatReceiver *>>::push_back(class ChatReceiver *const &)	public: void __cdecl stlpmtx_std::vector<class OvershellSlotState *, class stlpmtx_std::StlNodeAlloc<class OvershellSlotState *>>::push_back(class OvershellSlotState *const &)
172	A_FOLD_CONSISTENT	engine	default/CharServoBone	??1CharServoBone@@UAA@XZ	99.8837	SAME	REFUTED	public: virtual __cdecl ObjRefConcrete<class Character, class ObjectDir>::~ObjRefConcrete<class Character, class ObjectDir>(void)	public: virtual __cdecl ObjRefConcrete<class Waypoint, class ObjectDir>::~ObjRefConcrete<class Waypoint, class ObjectDir>(void)
172	UNDECIDABLE	engine	default/SongData	?AddData@?$RangedDataCollection@VRGTrill@@@@QAAXHHHABVRGTrill@@@Z	99.8837	UNKNOWN	REFUTED	public: void __cdecl stlpmtx_std::vector<struct PressRec, class stlpmtx_std::StlNodeAlloc<struct PressRec>>::push_back(struct PressRec const &)	public: void __cdecl stlpmtx_std::vector<class RangedDataCollection<class RGTrill>::RangedData<class RGTrill>, class stlpmtx_std::StlNodeAlloc<class RangedDataCollection<class RGTrill>::RangedData<class RGTrill>>>::push_back(class RangedDataCollection<class RGTrill>::RangedData<class RGTrill> const &)
172	A_FOLD_CONSISTENT	engine	default/Lit_NG	?HaveShadows@NgLight@@IAA_NAAV?$vector@PAVRndDrawable@@V?$StlNodeAlloc@PAVRndDrawable@@@stlpmtx_std@@@stlpmtx_std@@@Z	99.8837	SAME	REFUTED	public: void __cdecl stlpmtx_std::vector<class ChatReceiver *, class stlpmtx_std::StlNodeAlloc<class ChatReceiver *>>::push_back(class ChatReceiver *const &)	public: void __cdecl stlpmtx_std::vector<class RndDrawable *, class stlpmtx_std::StlNodeAlloc<class RndDrawable *>>::push_back(class RndDrawable *const &)
172	A_FOLD_CONSISTENT	engine	default/FileMerger	?Clear@FileMerger@@QAAXXZ	99.8837	SAME	REFUTED	public: struct stlpmtx_std::_List_iterator<class CharClip *, struct stlpmtx_std::_Nonconst_traits<class CharClip *>> __cdecl stlpmtx_std::list<class CharClip *, class stlpmtx_std::StlNodeAlloc<class CharClip *>>::insert(struct stlpmtx_std::_List_iterator<class CharClip *, struct stlpmtx_std::_Nonconst_traits<class CharClip *>>, class CharClip *const &)	public: struct stlpmtx_std::_List_iterator<struct FileMerger::Merger *, struct stlpmtx_std::_Nonconst_traits<struct FileMerger::Merger *>> __cdecl stlpmtx_std::list<struct FileMerger::Merger *, class stlpmtx_std::StlNodeAlloc<struct FileMerger::Merger *>>::insert(struct stlpmtx_std::_List_iterator<struct FileMerger::Merger *, struct stlpmtx_std::_Nonconst_traits<struct FileMerger::Merger *>>, struct FileMerger::Merger *const &)
172	BC_DIFFERENT_UNRESOLVED	engine	default/FileCache	??$__final_insertion_sort@PAPAVMoveDetector@@UMoveDetectorCmp@@@stlpmtx_std@@YAXPAPAVMoveDetector@@0UMoveDetectorCmp@@@Z	99.7674	DIFFERENT	REFUTED	void __cdecl stlpmtx_std::__insertion_sort<class FileCacheEntry **, class FileCacheEntry *, struct Priority>(class FileCacheEntry **, class FileCacheEntry **, class FileCacheEntry **, struct Priority)	void __cdecl stlpmtx_std::__insertion_sort<class MoveDetector **, class MoveDetector *, struct MoveDetectorCmp>(class MoveDetector **, class MoveDetector **, class MoveDetector **, struct MoveDetectorCmp)
172	BC_DIFFERENT_UNRESOLVED	engine	default/DataEventList	?reserve@?$vector@VDataEvent@@V?$StlNodeAlloc@VDataEvent@@@stlpmtx_std@@@stlpmtx_std@@QAAXI@Z	99.8837	DIFFERENT	REFUTED	protected: class RndBone * __cdecl stlpmtx_std::vector<class RndBone, class stlpmtx_std::StlNodeAlloc<class RndBone>>::_M_allocate_and_copy<class RndBone const *>(unsigned int, class RndBone const *, class RndBone const *)	protected: class DataEvent * __cdecl stlpmtx_std::vector<class DataEvent, class stlpmtx_std::StlNodeAlloc<class DataEvent>>::_M_allocate_and_copy<class DataEvent *>(unsigned int, class DataEvent *, class DataEvent *)
172	BC_DIFFERENT_UNRESOLVED	engine	default/FileCache	??$__final_insertion_sort@PAPAVFileCacheEntry@@UPriority@@@stlpmtx_std@@YAXPAPAVFileCacheEntry@@0UPriority@@@Z	99.7674	DIFFERENT	REFUTED	void __cdecl stlpmtx_std::__insertion_sort<class MoveDetector **, class MoveDetector *, struct MoveDetectorCmp>(class MoveDetector **, class MoveDetector **, class MoveDetector **, struct MoveDetectorCmp)	void __cdecl stlpmtx_std::__insertion_sort<class FileCacheEntry **, class FileCacheEntry *, struct Priority>(class FileCacheEntry **, class FileCacheEntry **, class FileCacheEntry **, struct Priority)
172	A_FOLD_CONSISTENT	engine	default/PropAnim	??1RndPropAnim@@UAA@XZ	99.8837	SAME	CORROBORATED	void __cdecl DeleteAll<class stlpmtx_std::list<class Content *, class stlpmtx_std::StlNodeAlloc<class Content *>>>(class stlpmtx_std::list<class Content *, class stlpmtx_std::StlNodeAlloc<class Content *>> &)	void __cdecl DeleteAll<class stlpmtx_std::list<class PropKeys *, class stlpmtx_std::StlNodeAlloc<class PropKeys *>>>(class stlpmtx_std::list<class PropKeys *, class stlpmtx_std::StlNodeAlloc<class PropKeys *>> &)
172	UNDECIDABLE	engine	default/MultiTempoTempoMap	?AddTempoInfoPoint@MultiTempoTempoMap@@QAA_NHH@Z	99.8837	UNKNOWN	REFUTED	public: void __cdecl stlpmtx_std::vector<struct WeightedEntry, class stlpmtx_std::StlNodeAlloc<struct WeightedEntry>>::push_back(struct WeightedEntry const &)	public: void __cdecl stlpmtx_std::vector<struct MultiTempoTempoMap::TempoInfoPoint, class stlpmtx_std::StlNodeAlloc<struct MultiTempoTempoMap::TempoInfoPoint>>::push_back(struct MultiTempoTempoMap::TempoInfoPoint const &)
168	UNDECIDABLE	game	default/band3/game/TrainerPanel	?NewDifficulty@TrainerPanel@@UAAXHH@Z	99.8809	UNKNOWN	REFUTED	private: void __cdecl stlpmtx_std::vector<class Hmx::Object *, class stlpmtx_std::StlNodeAlloc<class Hmx::Object *>>::_M_fill_insert(class Hmx::Object **, unsigned int, class Hmx::Object *const &)	private: void __cdecl stlpmtx_std::vector<int, class stlpmtx_std::StlNodeAlloc<int>>::_M_fill_insert(int *, unsigned int, int const &)
168	BC_DIFFERENT_UNRESOLVED	engine	default/CharBonesSamples	??$?5MV?$StlNodeAlloc@M@stlpmtx_std@@@@YAAAVBinStream@@AAV0@AAV?$vector@MV?$StlNodeAlloc@M@stlpmtx_std@@@stlpmtx_std@@@Z	99.8809	DIFFERENT	REFUTED	private: void __cdecl stlpmtx_std::vector<float *, class stlpmtx_std::StlNodeAlloc<float *>>::_M_fill_insert(float **, unsigned int, float *const &)	private: void __cdecl stlpmtx_std::vector<float, class stlpmtx_std::StlNodeAlloc<float>>::_M_fill_insert(float *, unsigned int, float const &)
168	BC_DIFFERENT_UNRESOLVED	game	default/band3/meta_band/AssetMgr	?StripFinish@AssetMgr@@QAA?AVSymbol@@V2@@Z	99.8809	DIFFERENT	REFUTED	public: __cdecl stlpmtx_std::vector<struct ObjPtrVec<class Hmx::Object, class ObjectDir>::Node, class stlpmtx_std::StlNodeAlloc<struct ObjPtrVec<class Hmx::Object, class ObjectDir>::Node>>::~vector<struct ObjPtrVec<class Hmx::Object, class ObjectDir>::Node, class stlpmtx_std::StlNodeAlloc<struct ObjPtrVec<class Hmx::Object, class ObjectDir>::Node>>(void)	public: __cdecl stlpmtx_std::vector<class String, class stlpmtx_std::StlNodeAlloc<class String>>::~vector<class String, class stlpmtx_std::StlNodeAlloc<class String>>(void)
168	A_FOLD_CONSISTENT	game	default/band3/meta_band/MusicLibraryNetSetlists	??1MusicLibraryNetSetlists@@UAA@XZ	99.8809	SAME	CORROBORATED	public: void __cdecl stlpmtx_std::_List_base<struct stlpmtx_std::pair<class RndMultiMeshProxy *, int>, class stlpmtx_std::StlNodeAlloc<struct stlpmtx_std::pair<class RndMultiMeshProxy *, int>>>::clear(void)	public: void __cdecl stlpmtx_std::_List_base<class MusicLibraryNetSetlists::SetlistArtRecord, class stlpmtx_std::StlNodeAlloc<class MusicLibraryNetSetlists::SetlistArtRecord>>::clear(void)
168	A_FOLD_CONSISTENT	engine	default/CharSleeve	??1CharSleeve@@UAA@XZ	99.8809	SAME	REFUTED	public: virtual __cdecl ObjRefConcrete<class CharDriver, class ObjectDir>::~ObjRefConcrete<class CharDriver, class ObjectDir>(void)	public: virtual __cdecl ObjRefConcrete<class Character, class ObjectDir>::~ObjRefConcrete<class Character, class ObjectDir>(void)
168	UNDECIDABLE	engine	default/TrackWatcherImpl	??$?5V?$Key@VVector2@@@@V?$StlNodeAlloc@V?$Key@VVector2@@@@@stlpmtx_std@@@@YAAAVBinStreamRev@@AAV0@AAV?$vector@V?$Key@VVector2@@@@V?$StlNodeAlloc@V?$Key@VVector2@@@@@stlpmtx_std@@@stlpmtx_std@@@Z	99.8809	UNKNOWN	UNKNOWN	private: void __cdecl stlpmtx_std::vector<struct MidiParser::Note, class stlpmtx_std::StlNodeAlloc<struct MidiParser::Note>>::_M_fill_insert(struct MidiParser::Note *, unsigned int, struct MidiParser::Note const &)	private: void __cdecl stlpmtx_std::vector<class Key<class Vector2>, class stlpmtx_std::StlNodeAlloc<class Key<class Vector2>>>::_M_fill_insert(class Key<class Vector2> *, unsigned int, class Key<class Vector2> const &)
168	UNDECIDABLE	engine	default/PropAnim	??$?5V?$Key@VColor@Hmx@@@@V?$StlNodeAlloc@V?$Key@VColor@Hmx@@@@@stlpmtx_std@@@@YAAAVBinStreamRev@@AAV0@AAV?$vector@V?$Key@VColor@Hmx@@@@V?$StlNodeAlloc@V?$Key@VColor@Hmx@@@@@stlpmtx_std@@@stlpmtx_std@@@Z	99.8809	UNKNOWN	REFUTED	private: void __cdecl stlpmtx_std::vector<class Stats::MultiplierInfo, class stlpmtx_std::StlNodeAlloc<class Stats::MultiplierInfo>>::_M_fill_insert(class Stats::MultiplierInfo *, unsigned int, class Stats::MultiplierInfo const &)	private: void __cdecl stlpmtx_std::vector<class Key<class Hmx::Color>, class stlpmtx_std::StlNodeAlloc<class Key<class Hmx::Color>>>::_M_fill_insert(class Key<class Hmx::Color> *, unsigned int, class Key<class Hmx::Color> const &)
164	UNDECIDABLE	engine	default/MeshAnim	??$?5HV?$StlNodeAlloc@H@stlpmtx_std@@@@YAAAVBinStream@@AAV0@AAV?$vector@HV?$StlNodeAlloc@H@stlpmtx_std@@@stlpmtx_std@@@Z	99.8781	UNKNOWN	REFUTED	private: void __cdecl stlpmtx_std::vector<class Hmx::Object *, class stlpmtx_std::StlNodeAlloc<class Hmx::Object *>>::_M_fill_insert(class Hmx::Object **, unsigned int, class Hmx::Object *const &)	private: void __cdecl stlpmtx_std::vector<int, class stlpmtx_std::StlNodeAlloc<int>>::_M_fill_insert(int *, unsigned int, int const &)
164	A_FOLD_CONSISTENT	engine	default/SongData	?SetUpTrackDifficulties@SongData@@QAAXPAVPlayerTrackConfigList@@@Z	99.8781	SAME	REFUTED	public: void __cdecl stlpmtx_std::vector<struct CharPollableSorter::Dep *, class stlpmtx_std::StlNodeAlloc<struct CharPollableSorter::Dep *>>::reserve(unsigned int)	public: void __cdecl stlpmtx_std::vector<int, class stlpmtx_std::StlNodeAlloc<int>>::reserve(unsigned int)
164	UNDECIDABLE	game	default/SongDB	?AddTrack@SongDB@@UAAXHVSymbol@@W4SongInfoAudioType@@W4TrackType@@_N@Z	99.8781	UNKNOWN	NOT_INSTANTIATED	public: void __cdecl stlpmtx_std::vector<class StepMoves, class stlpmtx_std::StlNodeAlloc<class StepMoves>>::push_back(class StepMoves const &)	public: void __cdecl stlpmtx_std::vector<class SongDB::TrackData, class stlpmtx_std::StlNodeAlloc<class SongDB::TrackData>>::push_back(class SongDB::TrackData const &)
164	A_FOLD_CONSISTENT	game	default/band3/meta_band/LicenseMgr	??0LicenseMgr@@QAA@XZ	99.8781	SAME	CORROBORATED	public: __cdecl stlpmtx_std::hash_map<class Symbol, class stlpmtx_std::vector<class PatchSticker *, class stlpmtx_std::StlNodeAlloc<class PatchSticker *>>, struct PatchDir::SymbolHash, struct stlpmtx_std::equal_to<class Symbol>, class stlpmtx_std::StlNodeAlloc<struct stlpmtx_std::pair<class Symbol const, class stlpmtx_std::vector<class PatchSticker *, class stlpmtx_std::StlNodeAlloc<class PatchSticker *>>>>>::hash_map<class Symbol, class stlpmtx_std::vector<class PatchSticker *, class stlpmtx_std::StlNodeAlloc<class PatchSticker *>>, struct PatchDir::SymbolHash, struct stlpmtx_std::equal_to<class Symbol>, class stlpmtx_std::StlNodeAlloc<struct stlpmtx_std::pair<class Symbol const, class stlpmtx_std::vector<class PatchSticker *, class stlpmtx_std::StlNodeAlloc<class PatchSticker *>>>>>(void)	public: __cdecl stlpmtx_std::hash_map<class Symbol, class stlpmtx_std::vector<class Symbol, class stlpmtx_std::StlNodeAlloc<class Symbol>>, struct stlpmtx_std::hash<class Symbol>, struct stlpmtx_std::equal_to<class Symbol>, class stlpmtx_std::StlNodeAlloc<struct stlpmtx_std::pair<class Symbol const, class stlpmtx_std::vector<class Symbol, class stlpmtx_std::StlNodeAlloc<class Symbol>>>>>::hash_map<class Symbol, class stlpmtx_std::vector<class Symbol, class stlpmtx_std::StlNodeAlloc<class Symbol>>, struct stlpmtx_std::hash<class Symbol>, struct stlpmtx_std::equal_to<class Symbol>, class stlpmtx_std::StlNodeAlloc<struct stlpmtx_std::pair<class Symbol const, class stlpmtx_std::vector<class Symbol, class stlpmtx_std::StlNodeAlloc<class Symbol>>>>>(void)
164	BC_DIFFERENT_UNRESOLVED	game	default/SongStatusMgr	?_M_insert_noresize@?$hashtable@U?$pair@$$CBHPAVSongStatus@@@stlpmtx_std@@HU?$hash@H@2@U?$_HashMapTraitsT@U?$pair@$$CBHPAVSongStatus@@@stlpmtx_std@@@priv@2@U?$_Select1st@U?$pair@$$CBHPAVSongStatus@@@stlpmtx_std@@@2@U?$equal_to@H@2@V?$StlNodeAlloc@U?$pair@$$CBHPAVSongStatus@@@stlpmtx_std@@@2@@stlpmtx_std@@IAA?AU?$_Ht_iterator@V?$_Slist_iterator@U?$pair@$$CBHPAVSongStatus@@@stlpmtx_std@@U?$_Nonconst_traits@U?$pair@$$CBHPAVSongStatus@@@stlpmtx_std@@@2@@priv@stlpmtx_std@@U?$_NonLocalHashMapTraitsT@U?$pair@$$CBHPAVSongStatus@@@stlpmtx_std@@@23@@priv@2@IABU?$pair@$$CBHPAVSongStatus@@@2@@Z	99.8781	DIFFERENT	REFUTED	public: class stlpmtx_std::priv::_Slist_iterator<struct stlpmtx_std::pair<class Symbol const, class stlpmtx_std::vector<class Symbol, class stlpmtx_std::StlNodeAlloc<class Symbol>>>, struct stlpmtx_std::_Nonconst_traits<struct stlpmtx_std::pair<class Symbol const, class stlpmtx_std::vector<class Symbol, class stlpmtx_std::StlNodeAlloc<class Symbol>>>>> __cdecl stlpmtx_std::slist<struct stlpmtx_std::pair<class Symbol const, class stlpmtx_std::vector<class Symbol, class stlpmtx_std::StlNodeAlloc<class Symbol>>>, class stlpmtx_std::StlNodeAlloc<struct stlpmtx_std::pair<class Symbol const, class stlpmtx_std::vector<class Symbol, class stlpmtx_std::StlNodeAlloc<class Symbol>>>>>::insert_after(class stlpmtx_std::priv::_Slist_iterator<struct stlpmtx_std::pair<class Symbol const, class stlpmtx_std::vector<class Symbol, class stlpmtx_std::StlNodeAlloc<class Symbol>>>, struct stlpmtx_std::_Nonconst_traits<struct stlpmtx_std::pair<class Symbol const, class stlpmtx_std::vector<class Symbol, class stlpmtx_std::StlNodeAlloc<class Symbol>>>>>, struct stlpmtx_std::pair<class Symbol const, class stlpmtx_std::vector<class Symbol, class stlpmtx_std::StlNodeAlloc<class Symbol>>> const &)	public: class stlpmtx_std::priv::_Slist_iterator<struct stlpmtx_std::pair<int const, class SongStatus *>, struct stlpmtx_std::_Nonconst_traits<struct stlpmtx_std::pair<int const, class SongStatus *>>> __cdecl stlpmtx_std::slist<struct stlpmtx_std::pair<int const, class SongStatus *>, class stlpmtx_std::StlNodeAlloc<struct stlpmtx_std::pair<int const, class SongStatus *>>>::insert_after(class stlpmtx_std::priv::_Slist_iterator<struct stlpmtx_std::pair<int const, class SongStatus *>, struct stlpmtx_std::_Nonconst_traits<struct stlpmtx_std::pair<int const, class SongStatus *>>>, struct stlpmtx_std::pair<int const, class SongStatus *> const &)
164	A_FOLD_CONSISTENT	engine	default/LabelNumberTicker	?Copy@LabelNumberTicker@@UAAXPBVObject@Hmx@@W4CopyType@23@@Z	99.8781	SAME	REFUTED	public: void __cdecl ObjRefConcrete<class BandCharacter, class ObjectDir>::SetObjConcrete(class BandCharacter *)	public: void __cdecl ObjRefConcrete<class UILabel, class ObjectDir>::SetObjConcrete(class UILabel *)
164	UNDECIDABLE	engine	default/GemTrackDir	??A?$map@IU?$pair@HPAVRndMesh@@@stlpmtx_std@@U?$less@I@2@V?$StlNodeAlloc@U?$pair@$$CBIU?$pair@HPAVRndMesh@@@stlpmtx_std@@@stlpmtx_std@@@2@@stlpmtx_std@@QAAAAU?$pair@HPAVRndMesh@@@1@ABI@Z	99.8781	UNKNOWN	NOT_INSTANTIATED	public: struct stlpmtx_std::_Rb_tree_iterator<struct stlpmtx_std::pair<class Symbol const, class Symbol>, struct stlpmtx_std::priv::_MapTraitsT<struct stlpmtx_std::pair<class Symbol const, class Symbol>>> __cdecl stlpmtx_std::_Rb_tree<class Symbol, struct stlpmtx_std::less<class Symbol>, struct stlpmtx_std::pair<class Symbol const, class Symbol>, struct stlpmtx_std::_Select1st<struct stlpmtx_std::pair<class Symbol const, class Symbol>>, struct stlpmtx_std::priv::_MapTraitsT<struct stlpmtx_std::pair<class Symbol const, class Symbol>>, class stlpmtx_std::StlNodeAlloc<struct stlpmtx_std::pair<class Symbol const, class Symbol>>>::insert_unique(struct stlpmtx_std::_Rb_tree_iterator<struct stlpmtx_std::pair<class Symbol const, class Symbol>, struct stlpmtx_std::priv::_MapTraitsT<struct stlpmtx_std::pair<class Symbol const, class Symbol>>>, struct stlpmtx_std::pair<class Symbol const, class Symbol> const &)	public: struct stlpmtx_std::_Rb_tree_iterator<struct stlpmtx_std::pair<unsigned int const, struct stlpmtx_std::pair<int, class RndMesh *>>, struct stlpmtx_std::priv::_MapTraitsT<struct stlpmtx_std::pair<unsigned int const, struct stlpmtx_std::pair<int, class RndMesh *>>>> __cdecl stlpmtx_std::_Rb_tree<unsigned int, struct stlpmtx_std::less<unsigned int>, struct stlpmtx_std::pair<unsigned int const, struct stlpmtx_std::pair<int, class RndMesh *>>, struct stlpmtx_std::_Select1st<struct stlpmtx_std::pair<unsigned int const, struct stlpmtx_std::pair<int, class RndMesh *>>>, struct stlpmtx_std::priv::_MapTraitsT<struct stlpmtx_std::pair<unsigned int const, struct stlpmtx_std::pair<int, class RndMesh *>>>, class stlpmtx_std::StlNodeAlloc<struct stlpmtx_std::pair<unsigned int const, struct stlpmtx_std::pair<int, class RndMesh *>>>>::insert_unique(struct stlpmtx_std::_Rb_tree_iterator<struct stlpmtx_std::pair<unsigned int const, struct stlpmtx_std::pair<int, class RndMesh *>>, struct stlpmtx_std::priv::_MapTraitsT<struct stlpmtx_std::pair<unsigned int const, struct stlpmtx_std::pair<int, class RndMesh *>>>>, struct stlpmtx_std::pair<unsigned int const, struct stlpmtx_std::pair<int, class RndMesh *>> const &)
164	BC_DIFFERENT_UNRESOLVED	engine	default/SongData	?AddData@?$RangedDataCollection@U?$pair@HH@stlpmtx_std@@@@QAAXHHHABU?$pair@HH@stlpmtx_std@@@Z	99.8781	DIFFERENT	REFUTED	public: void __cdecl stlpmtx_std::vector<struct GroupDrawDist, class stlpmtx_std::StlNodeAlloc<struct GroupDrawDist>>::push_back(struct GroupDrawDist const &)	public: void __cdecl stlpmtx_std::vector<class RangedDataCollection<struct stlpmtx_std::pair<int, int>>::RangedData<struct stlpmtx_std::pair<int, int>>, class stlpmtx_std::StlNodeAlloc<class RangedDataCollection<struct stlpmtx_std::pair<int, int>>::RangedData<struct stlpmtx_std::pair<int, int>>>>::push_back(class RangedDataCollection<struct stlpmtx_std::pair<int, int>>::RangedData<struct stlpmtx_std::pair<int, int>> const &)
164	UNDECIDABLE	engine	default/SongData	?AddData@?$RangedDataCollection@VRGRollChord@@@@QAAXHHHABVRGRollChord@@@Z	99.8781	UNKNOWN	CORROBORATED	public: void __cdecl stlpmtx_std::vector<struct HamListRibbonDrawState, class stlpmtx_std::StlNodeAlloc<struct HamListRibbonDrawState>>::push_back(struct HamListRibbonDrawState const &)	public: void __cdecl stlpmtx_std::vector<class RangedDataCollection<class RGRollChord>::RangedData<class RGRollChord>, class stlpmtx_std::StlNodeAlloc<class RangedDataCollection<class RGRollChord>::RangedData<class RGRollChord>>>::push_back(class RangedDataCollection<class RGRollChord>::RangedData<class RGRollChord> const &)
164	BC_DIFFERENT_UNRESOLVED	engine	default/system/obj/Dir	?AddedSubDir@ObjectDir@@IAAXAAV?$ObjDirPtr@VObjectDir@@@@@Z	99.8781	DIFFERENT	REFUTED	public: class ObjDirItr<class CharBone> & __cdecl ObjDirItr<class CharBone>::operator++(void)	public: class ObjDirItr<class Hmx::Object> & __cdecl ObjDirItr<class Hmx::Object>::operator++(void)
160	A_FOLD_CONSISTENT	engine	default/SongSectionController	??1SongSectionController@@UAA@XZ	99.6250	SAME	REFUTED	public: virtual __cdecl ObjRefConcrete<class FlowLabel, class ObjectDir>::~ObjRefConcrete<class FlowLabel, class ObjectDir>(void)	public: virtual __cdecl ObjRefConcrete<class EventTrigger, class ObjectDir>::~ObjRefConcrete<class EventTrigger, class ObjectDir>(void)
160	UNDECIDABLE	engine	default/SongData	?FixUpTrackConfig@SongData@@QAAXPAVPlayerTrackConfigList@@@Z	99.8750	UNKNOWN	REFUTED	public: void __cdecl stlpmtx_std::vector<class Symbol, class stlpmtx_std::StlNodeAlloc<class Symbol>>::push_back(class Symbol const &)	public: void __cdecl stlpmtx_std::vector<enum TrackType, class stlpmtx_std::StlNodeAlloc<enum TrackType>>::push_back(enum TrackType const &)
160	A_FOLD_CONSISTENT	game	default/band3/meta_band/AccomplishmentManager	?EarnAccomplishment@AccomplishmentManager@@QAAXPAVBandProfile@@VSymbol@@@Z	99.8750	SAME	CORROBORATED	private: class stlpmtx_std::priv::_Slist_iterator<struct stlpmtx_std::pair<class Symbol const, int>, struct stlpmtx_std::_Nonconst_traits<struct stlpmtx_std::pair<class Symbol const, int>>> __cdecl stlpmtx_std::hashtable<struct stlpmtx_std::pair<class Symbol const, int>, class Symbol, struct stlpmtx_std::hash<class Symbol>, struct stlpmtx_std::priv::_HashMapTraitsT<struct stlpmtx_std::pair<class Symbol const, int>>, struct stlpmtx_std::_Select1st<struct stlpmtx_std::pair<class Symbol const, int>>, struct stlpmtx_std::equal_to<class Symbol>, class stlpmtx_std::StlNodeAlloc<struct stlpmtx_std::pair<class Symbol const, int>>>::_M_find<class Symbol>(class Symbol const &) const	private: class stlpmtx_std::priv::_Slist_iterator<struct stlpmtx_std::pair<class Symbol const, class Accomplishment *>, struct stlpmtx_std::_Nonconst_traits<struct stlpmtx_std::pair<class Symbol const, class Accomplishment *>>> __cdecl stlpmtx_std::hashtable<struct stlpmtx_std::pair<class Symbol const, class Accomplishment *>, class Symbol, struct stlpmtx_std::hash<class Symbol>, struct stlpmtx_std::priv::_HashMapTraitsT<struct stlpmtx_std::pair<class Symbol const, class Accomplishment *>>, struct stlpmtx_std::_Select1st<struct stlpmtx_std::pair<class Symbol const, class Accomplishment *>>, struct stlpmtx_std::equal_to<class Symbol>, class stlpmtx_std::StlNodeAlloc<struct stlpmtx_std::pair<class Symbol const, class Accomplishment *>>>::_M_find<class Symbol>(class Symbol const &) const
160	A_FOLD_CONSISTENT	game	default/SongSortNode	?Insert@SubheaderSortNode@@UAAXPAVLeafSortNode@@PAVNodeSort@@_N@Z	99.8750	SAME	REFUTED	public: struct stlpmtx_std::_List_iterator<class CharClip *, struct stlpmtx_std::_Nonconst_traits<class CharClip *>> __cdecl stlpmtx_std::list<class CharClip *, class stlpmtx_std::StlNodeAlloc<class CharClip *>>::insert(struct stlpmtx_std::_List_iterator<class CharClip *, struct stlpmtx_std::_Nonconst_traits<class CharClip *>>, class CharClip *const &)	public: struct stlpmtx_std::_List_iterator<class SortNode *, struct stlpmtx_std::_Nonconst_traits<class SortNode *>> __cdecl stlpmtx_std::list<class SortNode *, class stlpmtx_std::StlNodeAlloc<class SortNode *>>::insert(struct stlpmtx_std::_List_iterator<class SortNode *, struct stlpmtx_std::_Nonconst_traits<class SortNode *>>, class SortNode *const &)
160	A_FOLD_CONSISTENT	game	default/WaitingUserGate	?Load@OpenGateData@?A0xb0de99ba@@UAAXAAVBinStream@@@Z	99.8750	SAME	REFUTED	public: void __cdecl stlpmtx_std::vector<class ChatReceiver *, class stlpmtx_std::StlNodeAlloc<class ChatReceiver *>>::push_back(class ChatReceiver *const &)	public: void __cdecl stlpmtx_std::vector<class UIScreen *, class stlpmtx_std::StlNodeAlloc<class UIScreen *>>::push_back(class UIScreen *const &)
160	UNDECIDABLE	game	default/WaitingUserGate	??$?5VUserGuid@@V?$StlNodeAlloc@VUserGuid@@@stlpmtx_std@@@@YAAAVBinStream@@AAV0@AAV?$vector@VUserGuid@@V?$StlNodeAlloc@VUserGuid@@@stlpmtx_std@@@stlpmtx_std@@@Z	99.8750	UNKNOWN	CORROBORATED	private: void __cdecl stlpmtx_std::vector<class Vector3, class stlpmtx_std::StlNodeAlloc<class Vector3>>::_M_fill_insert(class Vector3 *, unsigned int, class Vector3 const &)	private: void __cdecl stlpmtx_std::vector<class UserGuid, class stlpmtx_std::StlNodeAlloc<class UserGuid>>::_M_fill_insert(class UserGuid *, unsigned int, class UserGuid const &)
160	A_FOLD_CONSISTENT	network	default/network/net/NetSession	?GetLocalUserList@NetSession@@QBAXAAV?$vector@PAVLocalUser@@V?$StlNodeAlloc@PAVLocalUser@@@stlpmtx_std@@@stlpmtx_std@@@Z	99.8750	SAME	REFUTED	public: void __cdecl stlpmtx_std::vector<class ChatReceiver *, class stlpmtx_std::StlNodeAlloc<class ChatReceiver *>>::push_back(class ChatReceiver *const &)	public: void __cdecl stlpmtx_std::vector<class LocalUser *, class stlpmtx_std::StlNodeAlloc<class LocalUser *>>::push_back(class LocalUser *const &)
160	A_FOLD_CONSISTENT	engine	default/BandList	?StartPulseAnim@BandList@@QAAXH@Z	99.7500	SAME	CORROBORATED	public: float & __cdecl stlpmtx_std::map<class Hmx::CRC, float, struct stlpmtx_std::less<class Hmx::CRC>, class stlpmtx_std::StlNodeAlloc<struct stlpmtx_std::pair<class Hmx::CRC const, float>>>::operator[](class Hmx::CRC const &)	public: float & __cdecl stlpmtx_std::map<int, float, struct stlpmtx_std::less<int>, class stlpmtx_std::StlNodeAlloc<struct stlpmtx_std::pair<int const, float>>>::operator[](int const &)
160	BC_DIFFERENT_UNRESOLVED	engine	default/Morph	?Copy@RndMorph@@UAAXPBVObject@Hmx@@W4CopyType@23@@Z	99.8750	DIFFERENT	REFUTED	public: void __cdecl ObjVector<class DrivenPropertyEntry>::operator=(class ObjVector<class DrivenPropertyEntry> const &)	public: void __cdecl ObjVector<struct RndMorph::Pose>::operator=(class ObjVector<struct RndMorph::Pose> const &)
156	A_FOLD_CONSISTENT	engine	default/CharFaceServo	??1CharFaceServo@@UAA@XZ	99.8718	SAME	REFUTED	public: virtual __cdecl ObjRefConcrete<class BandCamShot, class ObjectDir>::~ObjRefConcrete<class BandCamShot, class ObjectDir>(void)	public: virtual __cdecl ObjRefConcrete<class ObjectDir, class ObjectDir>::~ObjRefConcrete<class ObjectDir, class ObjectDir>(void)
156	BC_DIFFERENT_UNRESOLVED	engine	default/Mesh	??$CachedRead@EV?$StlNodeAlloc@E@stlpmtx_std@@@@YAAAVBinStream@@AAV0@AAV?$vector@EV?$StlNodeAlloc@E@stlpmtx_std@@@stlpmtx_std@@@Z	99.8718	DIFFERENT	REFUTED	private: void __cdecl stlpmtx_std::vector<class Hmx::Color, class stlpmtx_std::StlNodeAlloc<class Hmx::Color>>::_M_fill_insert(class Hmx::Color *, unsigned int, class Hmx::Color const &)	private: void __cdecl stlpmtx_std::vector<unsigned char, class stlpmtx_std::StlNodeAlloc<unsigned char>>::_M_fill_insert(unsigned char *, unsigned int, unsigned char const &)
156	A_FOLD_CONSISTENT	game	default/band3/meta_band/AccomplishmentProgress	?AddAward@AccomplishmentProgress@@QAA_NVSymbol@@0@Z	99.8718	SAME	CORROBORATED	public: struct stlpmtx_std::_List_iterator<struct CharBone::WeightContext, struct stlpmtx_std::_Nonconst_traits<struct CharBone::WeightContext>> __cdecl stlpmtx_std::list<struct CharBone::WeightContext, class stlpmtx_std::StlNodeAlloc<struct CharBone::WeightContext>>::insert(struct stlpmtx_std::_List_iterator<struct CharBone::WeightContext, struct stlpmtx_std::_Nonconst_traits<struct CharBone::WeightContext>>, struct CharBone::WeightContext const &)	public: struct stlpmtx_std::_List_iterator<struct stlpmtx_std::pair<class Symbol, class Symbol>, struct stlpmtx_std::_Nonconst_traits<struct stlpmtx_std::pair<class Symbol, class Symbol>>> __cdecl stlpmtx_std::list<struct stlpmtx_std::pair<class Symbol, class Symbol>, class stlpmtx_std::StlNodeAlloc<struct stlpmtx_std::pair<class Symbol, class Symbol>>>::insert(struct stlpmtx_std::_List_iterator<struct stlpmtx_std::pair<class Symbol, class Symbol>, struct stlpmtx_std::_Nonconst_traits<struct stlpmtx_std::pair<class Symbol, class Symbol>>>, struct stlpmtx_std::pair<class Symbol, class Symbol> const &)
156	A_FOLD_CONSISTENT	game	default/BandMachineMgr	?GetMachines@BandMachineMgr@@QBAXAAV?$vector@PAVBandMachine@@V?$StlNodeAlloc@PAVBandMachine@@@stlpmtx_std@@@stlpmtx_std@@@Z	99.7436	SAME	REFUTED	public: void __cdecl stlpmtx_std::vector<class ChatReceiver *, class stlpmtx_std::StlNodeAlloc<class ChatReceiver *>>::push_back(class ChatReceiver *const &)	public: void __cdecl stlpmtx_std::vector<class BandMachine *, class stlpmtx_std::StlNodeAlloc<class BandMachine *>>::push_back(class BandMachine *const &)
156	A_FOLD_CONSISTENT	engine	default/CharBonesMeshes	?StuffMeshes@CharBonesMeshes@@QAAXAAV?$list@PAVObject@Hmx@@V?$StlNodeAlloc@PAVObject@Hmx@@@stlpmtx_std@@@stlpmtx_std@@@Z	99.8718	SAME	REFUTED	public: struct stlpmtx_std::_List_iterator<class CharClip *, struct stlpmtx_std::_Nonconst_traits<class CharClip *>> __cdecl stlpmtx_std::list<class CharClip *, class stlpmtx_std::StlNodeAlloc<class CharClip *>>::insert(struct stlpmtx_std::_List_iterator<class CharClip *, struct stlpmtx_std::_Nonconst_traits<class CharClip *>>, class CharClip *const &)	public: struct stlpmtx_std::_List_iterator<class Hmx::Object *, struct stlpmtx_std::_Nonconst_traits<class Hmx::Object *>> __cdecl stlpmtx_std::list<class Hmx::Object *, class stlpmtx_std::StlNodeAlloc<class Hmx::Object *>>::insert(struct stlpmtx_std::_List_iterator<class Hmx::Object *, struct stlpmtx_std::_Nonconst_traits<class Hmx::Object *>>, class Hmx::Object *const &)
156	A_FOLD_CONSISTENT	engine	default/CharNeckTwist	?PollDeps@CharNeckTwist@@UAAXAAV?$list@PAVObject@Hmx@@V?$StlNodeAlloc@PAVObject@Hmx@@@stlpmtx_std@@@stlpmtx_std@@0@Z	99.7436	SAME	REFUTED	public: struct stlpmtx_std::_List_iterator<class CharClip *, struct stlpmtx_std::_Nonconst_traits<class CharClip *>> __cdecl stlpmtx_std::list<class CharClip *, class stlpmtx_std::StlNodeAlloc<class CharClip *>>::insert(struct stlpmtx_std::_List_iterator<class CharClip *, struct stlpmtx_std::_Nonconst_traits<class CharClip *>>, class CharClip *const &)	public: struct stlpmtx_std::_List_iterator<class Hmx::Object *, struct stlpmtx_std::_Nonconst_traits<class Hmx::Object *>> __cdecl stlpmtx_std::list<class Hmx::Object *, class stlpmtx_std::StlNodeAlloc<class Hmx::Object *>>::insert(struct stlpmtx_std::_List_iterator<class Hmx::Object *, struct stlpmtx_std::_Nonconst_traits<class Hmx::Object *>>, class Hmx::Object *const &)
156	UNDECIDABLE	engine	default/BandCamShot	?Copy@BandCamShot@@UAAXPBVObject@Hmx@@W4CopyType@23@@Z	99.8718	UNKNOWN	CORROBORATED	public: void __cdecl ObjList<struct HamCamShot::Target>::operator=(class ObjList<struct HamCamShot::Target> const &)	public: void __cdecl ObjList<struct BandCamShot::Target>::operator=(class ObjList<struct BandCamShot::Target> const &)
156	UNDECIDABLE	engine	default/SongData	?AddData@?$RangedDataCollection@I@@QAAXHHHABI@Z	99.8718	UNKNOWN	REFUTED	public: void __cdecl stlpmtx_std::vector<struct WeightedEntry, class stlpmtx_std::StlNodeAlloc<struct WeightedEntry>>::push_back(struct WeightedEntry const &)	public: void __cdecl stlpmtx_std::vector<class RangedDataCollection<unsigned int>::RangedData<unsigned int>, class stlpmtx_std::StlNodeAlloc<class RangedDataCollection<unsigned int>::RangedData<unsigned int>>>::push_back(class RangedDataCollection<unsigned int>::RangedData<unsigned int> const &)
156	A_FOLD_CONSISTENT	engine	default/CameraShot	?GetSelectedCrowd@CamShotCrowd@@QAAXAAV?$list@U?$pair@PAVRndMultiMesh@@U?$_List_iterator@UInstance@RndMultiMesh@@U?$_Nonconst_traits@UInstance@RndMultiMesh@@@stlpmtx_std@@@stlpmtx_std@@@stlpmtx_std@@V?$StlNodeAlloc@U?$pair@PAVRndMultiMesh@@U?$_List_iterator@UInstance@RndMultiMesh@@U?$_Nonconst_traits@UInstance@RndMultiMesh@@@stlpmtx_std@@@stlpmtx_std@@@stlpmtx_std@@@2@@stlpmtx_std@@@Z	99.8718	SAME	CORROBORATED	public: struct stlpmtx_std::_List_iterator<struct CharBone::WeightContext, struct stlpmtx_std::_Nonconst_traits<struct CharBone::WeightContext>> __cdecl stlpmtx_std::list<struct CharBone::WeightContext, class stlpmtx_std::StlNodeAlloc<struct CharBone::WeightContext>>::insert(struct stlpmtx_std::_List_iterator<struct CharBone::WeightContext, struct stlpmtx_std::_Nonconst_traits<struct CharBone::WeightContext>>, struct CharBone::WeightContext const &)	public: struct stlpmtx_std::_List_iterator<struct stlpmtx_std::pair<class RndMultiMesh *, struct stlpmtx_std::_List_iterator<struct RndMultiMesh::Instance, struct stlpmtx_std::_Nonconst_traits<struct RndMultiMesh::Instance>>>, struct stlpmtx_std::_Nonconst_traits<struct stlpmtx_std::pair<class RndMultiMesh *, struct stlpmtx_std::_List_iterator<struct RndMultiMesh::Instance, struct stlpmtx_std::_Nonconst_traits<struct RndMultiMesh::Instance>>>>> __cdecl stlpmtx_std::list<struct stlpmtx_std::pair<class RndMultiMesh *, struct stlpmtx_std::_List_iterator<struct RndMultiMesh::Instance, struct stlpmtx_std::_Nonconst_traits<struct RndMultiMesh::Instance>>>, class stlpmtx_std::StlNodeAlloc<struct stlpmtx_std::pair<class RndMultiMesh *, struct stlpmtx_std::_List_iterator<struct RndMultiMesh::Instance, struct stlpmtx_std::_Nonconst_traits<struct RndMultiMesh::Instance>>>>>::insert(struct stlpmtx_std::_List_iterator<struct stlpmtx_std::pair<class RndMultiMesh *, struct stlpmtx_std::_List_iterator<struct RndMultiMesh::Instance, struct stlpmtx_std::_Nonconst_traits<struct RndMultiMesh::Instance>>>, struct stlpmtx_std::_Nonconst_traits<struct stlpmtx_std::pair<class RndMultiMesh *, struct stlpmtx_std::_List_iterator<struct RndMultiMesh::Instance, struct stlpmtx_std::_Nonconst_traits<struct RndMultiMesh::Instance>>>>>, struct stlpmtx_std::pair<class RndMultiMesh *, struct stlpmtx_std::_List_iterator<struct RndMultiMesh::Instance, struct stlpmtx_std::_Nonconst_traits<struct RndMultiMesh::Instance>>> const &)
156	UNDECIDABLE	engine	default/PropKeys	?Copy@QuatKeys@@UAAXPBVPropKeys@@@Z	99.8718	UNKNOWN	REFUTED	private: void __cdecl stlpmtx_std::vector<class Key<class Hmx::Color>, class stlpmtx_std::StlNodeAlloc<class Key<class Hmx::Color>>>::_M_range_insert<class Key<class Hmx::Color> const *>(class Key<class Hmx::Color> *, class Key<class Hmx::Color> const *, class Key<class Hmx::Color> const *, struct stlpmtx_std::forward_iterator_tag const &)	private: void __cdecl stlpmtx_std::vector<class Key<class Hmx::Quat>, class stlpmtx_std::StlNodeAlloc<class Key<class Hmx::Quat>>>::_M_range_insert<class Key<class Hmx::Quat> const *>(class Key<class Hmx::Quat> *, class Key<class Hmx::Quat> const *, class Key<class Hmx::Quat> const *, struct stlpmtx_std::forward_iterator_tag const &)
156	UNDECIDABLE	engine	default/PropKeys	?Copy@Vector3Keys@@UAAXPBVPropKeys@@@Z	99.8718	UNKNOWN	REFUTED	private: void __cdecl stlpmtx_std::vector<class Key<class Hmx::Color>, class stlpmtx_std::StlNodeAlloc<class Key<class Hmx::Color>>>::_M_range_insert<class Key<class Hmx::Color> const *>(class Key<class Hmx::Color> *, class Key<class Hmx::Color> const *, class Key<class Hmx::Color> const *, struct stlpmtx_std::forward_iterator_tag const &)	private: void __cdecl stlpmtx_std::vector<class Key<class Vector3>, class stlpmtx_std::StlNodeAlloc<class Key<class Vector3>>>::_M_range_insert<class Key<class Vector3> const *>(class Key<class Vector3> *, class Key<class Vector3> const *, class Key<class Vector3> const *, struct stlpmtx_std::forward_iterator_tag const &)
156	BC_DIFFERENT_UNRESOLVED	engine	default/DataFile	??A?$map@VString@@VDataNode@@U?$less@VString@@@stlpmtx_std@@V?$StlNodeAlloc@U?$pair@$$CBVString@@VDataNode@@@stlpmtx_std@@@4@@stlpmtx_std@@QAAAAVDataNode@@ABVString@@@Z	99.8718	DIFFERENT	REFUTED	public: __cdecl stlpmtx_std::pair<class String, class String>::pair<class String, class String>(class String const &, class String const &)	public: __cdecl stlpmtx_std::pair<class String const, class DataNode>::pair<class String const, class DataNode>(class String const &, class DataNode const &)
156	A_FOLD_CONSISTENT	engine	default/system/synth/MoggClip	?AddFader@MoggClip@@QAAXPAVFader@@@Z	99.8718	SAME	REFUTED	public: void __cdecl stlpmtx_std::vector<class ChatReceiver *, class stlpmtx_std::StlNodeAlloc<class ChatReceiver *>>::push_back(class ChatReceiver *const &)	public: void __cdecl stlpmtx_std::vector<class Fader *, class stlpmtx_std::StlNodeAlloc<class Fader *>>::push_back(class Fader *const &)
156	A_FOLD_CONSISTENT	engine	default/JobMgr	?QueueJob@JobMgr@@QAAXPAVJob@@@Z	99.8718	SAME	REFUTED	public: struct stlpmtx_std::_List_iterator<class CharClip *, struct stlpmtx_std::_Nonconst_traits<class CharClip *>> __cdecl stlpmtx_std::list<class CharClip *, class stlpmtx_std::StlNodeAlloc<class CharClip *>>::insert(struct stlpmtx_std::_List_iterator<class CharClip *, struct stlpmtx_std::_Nonconst_traits<class CharClip *>>, class CharClip *const &)	public: struct stlpmtx_std::_List_iterator<class Job *, struct stlpmtx_std::_Nonconst_traits<class Job *>> __cdecl stlpmtx_std::list<class Job *, class stlpmtx_std::StlNodeAlloc<class Job *>>::insert(struct stlpmtx_std::_List_iterator<class Job *, struct stlpmtx_std::_Nonconst_traits<class Job *>>, class Job *const &)
156	A_FOLD_CONSISTENT	engine	default/LightPresetManager	??0LightPresetManager@@QAA@PAVWorldDir@@@Z	99.8718	SAME	CORROBORATED	public: __cdecl stlpmtx_std::hash_map<class Symbol, class stlpmtx_std::vector<class PatchSticker *, class stlpmtx_std::StlNodeAlloc<class PatchSticker *>>, struct PatchDir::SymbolHash, struct stlpmtx_std::equal_to<class Symbol>, class stlpmtx_std::StlNodeAlloc<struct stlpmtx_std::pair<class Symbol const, class stlpmtx_std::vector<class PatchSticker *, class stlpmtx_std::StlNodeAlloc<class PatchSticker *>>>>>::hash_map<class Symbol, class stlpmtx_std::vector<class PatchSticker *, class stlpmtx_std::StlNodeAlloc<class PatchSticker *>>, struct PatchDir::SymbolHash, struct stlpmtx_std::equal_to<class Symbol>, class stlpmtx_std::StlNodeAlloc<struct stlpmtx_std::pair<class Symbol const, class stlpmtx_std::vector<class PatchSticker *, class stlpmtx_std::StlNodeAlloc<class PatchSticker *>>>>>(void)	public: __cdecl stlpmtx_std::hash_map<class Symbol, class stlpmtx_std::vector<class LightPreset *, class stlpmtx_std::StlNodeAlloc<class LightPreset *>>, struct LightPresetManager::SymbolHash, struct stlpmtx_std::equal_to<class Symbol>, class stlpmtx_std::StlNodeAlloc<struct stlpmtx_std::pair<class Symbol const, class stlpmtx_std::vector<class LightPreset *, class stlpmtx_std::StlNodeAlloc<class LightPreset *>>>>>::hash_map<class Symbol, class stlpmtx_std::vector<class LightPreset *, class stlpmtx_std::StlNodeAlloc<class LightPreset *>>, struct LightPresetManager::SymbolHash, struct stlpmtx_std::equal_to<class Symbol>, class stlpmtx_std::StlNodeAlloc<struct stlpmtx_std::pair<class Symbol const, class stlpmtx_std::vector<class LightPreset *, class stlpmtx_std::StlNodeAlloc<class LightPreset *>>>>>(void)
152	UNDECIDABLE	engine	default/BandCrowdMeter	??$?5VColor@Hmx@@V?$StlNodeAlloc@VColor@Hmx@@@stlpmtx_std@@@@YAAAVBinStream@@AAV0@AAV?$vector@VColor@Hmx@@V?$StlNodeAlloc@VColor@Hmx@@@stlpmtx_std@@@stlpmtx_std@@@Z	99.8684	UNKNOWN	CORROBORATED	private: void __cdecl stlpmtx_std::vector<class Vector3, class stlpmtx_std::StlNodeAlloc<class Vector3>>::_M_fill_insert(class Vector3 *, unsigned int, class Vector3 const &)	private: void __cdecl stlpmtx_std::vector<class Hmx::Color, class stlpmtx_std::StlNodeAlloc<class Hmx::Color>>::_M_fill_insert(class Hmx::Color *, unsigned int, class Hmx::Color const &)
152	A_FOLD_CONSISTENT	engine	default/MeshAnim	?Mats@RndMultiMesh@@UAAXAAV?$list@PAVRndMat@@V?$StlNodeAlloc@PAVRndMat@@@stlpmtx_std@@@stlpmtx_std@@_N@Z	99.8684	SAME	REFUTED	public: struct stlpmtx_std::_List_iterator<class CharClip *, struct stlpmtx_std::_Nonconst_traits<class CharClip *>> __cdecl stlpmtx_std::list<class CharClip *, class stlpmtx_std::StlNodeAlloc<class CharClip *>>::insert(struct stlpmtx_std::_List_iterator<class CharClip *, struct stlpmtx_std::_Nonconst_traits<class CharClip *>>, class CharClip *const &)	public: struct stlpmtx_std::_List_iterator<class RndMat *, struct stlpmtx_std::_Nonconst_traits<class RndMat *>> __cdecl stlpmtx_std::list<class RndMat *, class stlpmtx_std::StlNodeAlloc<class RndMat *>>::insert(struct stlpmtx_std::_List_iterator<class RndMat *, struct stlpmtx_std::_Nonconst_traits<class RndMat *>>, class RndMat *const &)
152	A_FOLD_CONSISTENT	game	default/VocalTrack	?InitPlateList@VocalTrack@@QAAXAAV?$deque@PAVTubePlate@@V?$StlNodeAlloc@PAVTubePlate@@@stlpmtx_std@@@stlpmtx_std@@HH@Z	99.8684	SAME	REFUTED	protected: void __cdecl stlpmtx_std::deque<class LyricPlate *, class stlpmtx_std::StlNodeAlloc<class LyricPlate *>>::_M_push_back_aux_v(class LyricPlate *const &)	protected: void __cdecl stlpmtx_std::deque<class TubePlate *, class stlpmtx_std::StlNodeAlloc<class TubePlate *>>::_M_push_back_aux_v(class TubePlate *const &)
152	A_FOLD_CONSISTENT	game	default/SessionUsersProviders	??0SessionUsersProvider@@QAA@_N00@Z	99.8684	SAME	REFUTED	public: void __cdecl stlpmtx_std::vector<struct CharPollableSorter::Dep *, class stlpmtx_std::StlNodeAlloc<struct CharPollableSorter::Dep *>>::reserve(unsigned int)	public: void __cdecl stlpmtx_std::vector<class BandUser *, class stlpmtx_std::StlNodeAlloc<class BandUser *>>::reserve(unsigned int)
152	BC_DIFFERENT_UNRESOLVED	engine	default/Mesh	??$?5EV?$StlNodeAlloc@E@stlpmtx_std@@@@YAAAVBinStreamRev@@AAV0@AAV?$vector@EV?$StlNodeAlloc@E@stlpmtx_std@@@stlpmtx_std@@@Z	99.8684	DIFFERENT	REFUTED	private: void __cdecl stlpmtx_std::vector<class Hmx::Color, class stlpmtx_std::StlNodeAlloc<class Hmx::Color>>::_M_fill_insert(class Hmx::Color *, unsigned int, class Hmx::Color const &)	private: void __cdecl stlpmtx_std::vector<unsigned char, class stlpmtx_std::StlNodeAlloc<unsigned char>>::_M_fill_insert(unsigned char *, unsigned int, unsigned char const &)
152	BC_DIFFERENT_UNRESOLVED	engine	default/FixedSizeSaveable	?LoadStd@FixedSizeSaveable@@SAXAAVFixedSizeSaveableStream@@AAV?$vector@VSymbol@@V?$StlNodeAlloc@VSymbol@@@stlpmtx_std@@@stlpmtx_std@@H@Z	99.8684	DIFFERENT	REFUTED	public: void __cdecl stlpmtx_std::vector<class SpotlightDrawer::SpotlightEntry, class stlpmtx_std::StlNodeAlloc<class SpotlightDrawer::SpotlightEntry>>::resize(unsigned int, class SpotlightDrawer::SpotlightEntry const &)	public: void __cdecl stlpmtx_std::vector<class Symbol, class stlpmtx_std::StlNodeAlloc<class Symbol>>::resize(unsigned int, class Symbol const &)
152	A_FOLD_CONSISTENT	game	default/band3/meta_band/MusicLibraryNetSetlists	?CleanUp@MusicLibraryNetSetlists@@QAAXXZ	99.8684	SAME	CORROBORATED	public: void __cdecl stlpmtx_std::_List_base<struct stlpmtx_std::pair<class RndMultiMeshProxy *, int>, class stlpmtx_std::StlNodeAlloc<struct stlpmtx_std::pair<class RndMultiMeshProxy *, int>>>::clear(void)	public: void __cdecl stlpmtx_std::_List_base<class MusicLibraryNetSetlists::SetlistArtRecord, class stlpmtx_std::StlNodeAlloc<class MusicLibraryNetSetlists::SetlistArtRecord>>::clear(void)
152	A_FOLD_CONSISTENT	game	default/band3/meta_band/PatchPanel	??0LayerProvider@@QAA@PAVPatchDir@@@Z	99.8684	SAME	REFUTED	public: void __cdecl stlpmtx_std::vector<class ChatReceiver *, class stlpmtx_std::StlNodeAlloc<class ChatReceiver *>>::push_back(class ChatReceiver *const &)	public: void __cdecl stlpmtx_std::vector<class RndMat *, class stlpmtx_std::StlNodeAlloc<class RndMat *>>::push_back(class RndMat *const &)
152	A_FOLD_CONSISTENT	engine	default/UIListSlot	?CreateElements@UIListSlot@@UAAXPAVUIList@@H@Z	99.8684	SAME	REFUTED	public: void __cdecl stlpmtx_std::vector<class ChatReceiver *, class stlpmtx_std::StlNodeAlloc<class ChatReceiver *>>::push_back(class ChatReceiver *const &)	public: void __cdecl stlpmtx_std::vector<class UIListSlotElement *, class stlpmtx_std::StlNodeAlloc<class UIListSlotElement *>>::push_back(class UIListSlotElement *const &)
152	C_PROVEN_CALLEE	engine	default/EventAnim	?Copy@EventAnim@@UAAXPBVObject@Hmx@@W4CopyType@23@@Z	99.7368	DIFFERENT	CORROBORATED	public: void __cdecl ObjList<struct EventTrigger::ProxyCall>::operator=(class ObjList<struct EventTrigger::ProxyCall> const &)	public: void __cdecl ObjList<class EventAnim::EventCall>::operator=(class ObjList<class EventAnim::EventCall> const &)
148	A_FOLD_CONSISTENT	engine	default/Flare	?Mats@RndFlare@@UAAXAAV?$list@PAVRndMat@@V?$StlNodeAlloc@PAVRndMat@@@stlpmtx_std@@@stlpmtx_std@@_N@Z	99.8649	SAME	REFUTED	public: struct stlpmtx_std::_List_iterator<class CharClip *, struct stlpmtx_std::_Nonconst_traits<class CharClip *>> __cdecl stlpmtx_std::list<class CharClip *, class stlpmtx_std::StlNodeAlloc<class CharClip *>>::insert(struct stlpmtx_std::_List_iterator<class CharClip *, struct stlpmtx_std::_Nonconst_traits<class CharClip *>>, class CharClip *const &)	public: struct stlpmtx_std::_List_iterator<class RndMat *, struct stlpmtx_std::_Nonconst_traits<class RndMat *>> __cdecl stlpmtx_std::list<class RndMat *, class stlpmtx_std::StlNodeAlloc<class RndMat *>>::insert(struct stlpmtx_std::_List_iterator<class RndMat *, struct stlpmtx_std::_Nonconst_traits<class RndMat *>>, class RndMat *const &)
148	A_FOLD_CONSISTENT	engine	default/Part	?Mats@RndParticleSys@@UAAXAAV?$list@PAVRndMat@@V?$StlNodeAlloc@PAVRndMat@@@stlpmtx_std@@@stlpmtx_std@@_N@Z	99.8649	SAME	REFUTED	public: struct stlpmtx_std::_List_iterator<class CharClip *, struct stlpmtx_std::_Nonconst_traits<class CharClip *>> __cdecl stlpmtx_std::list<class CharClip *, class stlpmtx_std::StlNodeAlloc<class CharClip *>>::insert(struct stlpmtx_std::_List_iterator<class CharClip *, struct stlpmtx_std::_Nonconst_traits<class CharClip *>>, class CharClip *const &)	public: struct stlpmtx_std::_List_iterator<class RndMat *, struct stlpmtx_std::_Nonconst_traits<class RndMat *>> __cdecl stlpmtx_std::list<class RndMat *, class stlpmtx_std::StlNodeAlloc<class RndMat *>>::insert(struct stlpmtx_std::_List_iterator<class RndMat *, struct stlpmtx_std::_Nonconst_traits<class RndMat *>>, class RndMat *const &)
148	A_FOLD_CONSISTENT	game	default/GameMicManager	?Init@GameMicManager@@SAXXZ	99.8649	SAME	REFUTED	public: struct stlpmtx_std::_List_iterator<class CharClip *, struct stlpmtx_std::_Nonconst_traits<class CharClip *>> __cdecl stlpmtx_std::list<class CharClip *, class stlpmtx_std::StlNodeAlloc<class CharClip *>>::insert(struct stlpmtx_std::_List_iterator<class CharClip *, struct stlpmtx_std::_Nonconst_traits<class CharClip *>>, class CharClip *const &)	public: struct stlpmtx_std::_List_iterator<void (__cdecl *)(void), struct stlpmtx_std::_Nonconst_traits<void (__cdecl *)(void)>> __cdecl stlpmtx_std::list<void (__cdecl *)(void), class stlpmtx_std::StlNodeAlloc<void (__cdecl *)(void)>>::insert(struct stlpmtx_std::_List_iterator<void (__cdecl *)(void), struct stlpmtx_std::_Nonconst_traits<void (__cdecl *)(void)>>, void (__cdecl *const &)(void))
148	A_FOLD_CONSISTENT	game	default/TrackerManager	??4TrackerDesc@@QAAAAV0@ABV0@@Z	99.8649	SAME	CORROBORATED	public: class stlpmtx_std::vector<int, class stlpmtx_std::StlNodeAlloc<int>> & __cdecl stlpmtx_std::vector<int, class stlpmtx_std::StlNodeAlloc<int>>::operator=(class stlpmtx_std::vector<int, class stlpmtx_std::StlNodeAlloc<int>> const &)	public: class stlpmtx_std::vector<float, class stlpmtx_std::StlNodeAlloc<float>> & __cdecl stlpmtx_std::vector<float, class stlpmtx_std::StlNodeAlloc<float>>::operator=(class stlpmtx_std::vector<float, class stlpmtx_std::StlNodeAlloc<float>> const &)
148	C_PROVEN_CALLEE	game	default/band3/meta_band/SongUpgradeMgr	?MarkAvailable@SongUpgradeMgr@@QAAXHVSymbol@@@Z	99.8649	DIFFERENT	CORROBORATED	public: struct stlpmtx_std::pair<struct stlpmtx_std::_Rb_tree_iterator<struct stlpmtx_std::pair<int const, float>, struct stlpmtx_std::priv::_MapTraitsT<struct stlpmtx_std::pair<int const, float>>>, bool> __cdecl stlpmtx_std::_Rb_tree<int, struct stlpmtx_std::less<int>, struct stlpmtx_std::pair<int const, float>, struct stlpmtx_std::_Select1st<struct stlpmtx_std::pair<int const, float>>, struct stlpmtx_std::priv::_MapTraitsT<struct stlpmtx_std::pair<int const, float>>, class stlpmtx_std::StlNodeAlloc<struct stlpmtx_std::pair<int const, float>>>::insert_unique(struct stlpmtx_std::pair<int const, float> const &)	public: struct stlpmtx_std::pair<struct stlpmtx_std::_Rb_tree_iterator<int, struct stlpmtx_std::priv::_SetTraitsT<int>>, bool> __cdecl stlpmtx_std::_Rb_tree<int, struct stlpmtx_std::less<int>, int, struct stlpmtx_std::_Identity<int>, struct stlpmtx_std::priv::_SetTraitsT<int>, class stlpmtx_std::StlNodeAlloc<int>>::insert_unique(int const &)
148	A_FOLD_CONSISTENT	engine	default/system/beatmatch/SlotChannelMapping	??0MassChannelMapping@@QAA@ABV?$vector@HV?$StlNodeAlloc@H@stlpmtx_std@@@stlpmtx_std@@@Z	91.2162	SAME	REFUTED	private: void __cdecl stlpmtx_std::list<class RndPollable *, class stlpmtx_std::StlNodeAlloc<class RndPollable *>>::_M_splice_insert_dispatch<class RndPollable *const *>(struct stlpmtx_std::_List_iterator<class RndPollable *, struct stlpmtx_std::_Nonconst_traits<class RndPollable *>>, class RndPollable *const *, class RndPollable *const *, struct stlpmtx_std::__false_type const &)	private: void __cdecl stlpmtx_std::list<int, class stlpmtx_std::StlNodeAlloc<int>>::_M_splice_insert_dispatch<int const *>(struct stlpmtx_std::_List_iterator<int, struct stlpmtx_std::_Nonconst_traits<int>>, int const *, int const *, struct stlpmtx_std::__false_type const &)
148	BC_DIFFERENT_UNRESOLVED	engine	default/system/obj/Dir	?DeleteObjects@ObjectDir@@QAAXXZ	99.8649	DIFFERENT	REFUTED	public: class ObjDirItr<class CharBone> & __cdecl ObjDirItr<class CharBone>::operator++(void)	public: class ObjDirItr<class Hmx::Object> & __cdecl ObjDirItr<class Hmx::Object>::operator++(void)
148	UNDECIDABLE	engine	default/PropKeys	?Copy@BoolKeys@@UAAXPBVPropKeys@@@Z	99.8649	UNKNOWN	REFUTED	private: void __cdecl stlpmtx_std::vector<class Key<float>, class stlpmtx_std::StlNodeAlloc<class Key<float>>>::_M_range_insert<class Key<float> const *>(class Key<float> *, class Key<float> const *, class Key<float> const *, struct stlpmtx_std::forward_iterator_tag const &)	private: void __cdecl stlpmtx_std::vector<class Key<bool>, class stlpmtx_std::StlNodeAlloc<class Key<bool>>>::_M_range_insert<class Key<bool> const *>(class Key<bool> *, class Key<bool> const *, class Key<bool> const *, struct stlpmtx_std::forward_iterator_tag const &)
148	UNDECIDABLE	engine	default/PropKeys	?Copy@SymbolKeys@@UAAXPBVPropKeys@@@Z	99.8649	UNKNOWN	REFUTED	private: void __cdecl stlpmtx_std::vector<class Key<float>, class stlpmtx_std::StlNodeAlloc<class Key<float>>>::_M_range_insert<class Key<float> const *>(class Key<float> *, class Key<float> const *, class Key<float> const *, struct stlpmtx_std::forward_iterator_tag const &)	private: void __cdecl stlpmtx_std::vector<class Key<class Symbol>, class stlpmtx_std::StlNodeAlloc<class Key<class Symbol>>>::_M_range_insert<class Key<class Symbol> const *>(class Key<class Symbol> *, class Key<class Symbol> const *, class Key<class Symbol> const *, struct stlpmtx_std::forward_iterator_tag const &)
144	A_FOLD_CONSISTENT	engine	default/Spotlight	?ListDrawChildren@Spotlight@@UAAXAAV?$list@PAVRndDrawable@@V?$StlNodeAlloc@PAVRndDrawable@@@stlpmtx_std@@@stlpmtx_std@@@Z	99.7222	SAME	REFUTED	public: struct stlpmtx_std::_List_iterator<class CharClip *, struct stlpmtx_std::_Nonconst_traits<class CharClip *>> __cdecl stlpmtx_std::list<class CharClip *, class stlpmtx_std::StlNodeAlloc<class CharClip *>>::insert(struct stlpmtx_std::_List_iterator<class CharClip *, struct stlpmtx_std::_Nonconst_traits<class CharClip *>>, class CharClip *const &)	public: struct stlpmtx_std::_List_iterator<class RndDrawable *, struct stlpmtx_std::_Nonconst_traits<class RndDrawable *>> __cdecl stlpmtx_std::list<class RndDrawable *, class stlpmtx_std::StlNodeAlloc<class RndDrawable *>>::insert(struct stlpmtx_std::_List_iterator<class RndDrawable *, struct stlpmtx_std::_Nonconst_traits<class RndDrawable *>>, class RndDrawable *const &)
144	A_FOLD_CONSISTENT	engine	default/EventTrigger	?resize@?$list@VSymbol@@V?$StlNodeAlloc@VSymbol@@@stlpmtx_std@@@stlpmtx_std@@QAAXIABVSymbol@@@Z	99.8611	SAME	REFUTED	public: struct stlpmtx_std::_List_iterator<class CharClip *, struct stlpmtx_std::_Nonconst_traits<class CharClip *>> __cdecl stlpmtx_std::list<class CharClip *, class stlpmtx_std::StlNodeAlloc<class CharClip *>>::insert(struct stlpmtx_std::_List_iterator<class CharClip *, struct stlpmtx_std::_Nonconst_traits<class CharClip *>>, class CharClip *const &)	public: struct stlpmtx_std::_List_iterator<class Symbol, struct stlpmtx_std::_Nonconst_traits<class Symbol>> __cdecl stlpmtx_std::list<class Symbol, class stlpmtx_std::StlNodeAlloc<class Symbol>>::insert(struct stlpmtx_std::_List_iterator<class Symbol, struct stlpmtx_std::_Nonconst_traits<class Symbol>>, class Symbol const &)
144	C_PROVEN_CALLEE	game	default/AccomplishmentPanel	??$__inplace_stable_sort@PAVSymbol@@VAccomplishmentCmp@@@stlpmtx_std@@YAXPAVSymbol@@0VAccomplishmentCmp@@@Z	99.8611	DIFFERENT	CORROBORATED	void __cdecl stlpmtx_std::__merge_without_buffer<class Symbol *, int, struct GoalAlpaCmp>(class Symbol *, class Symbol *, class Symbol *, int, int, struct GoalAlpaCmp)	void __cdecl stlpmtx_std::__merge_without_buffer<class Symbol *, int, class AccomplishmentCmp>(class Symbol *, class Symbol *, class Symbol *, int, int, class AccomplishmentCmp)
144	A_FOLD_CONSISTENT	game	default/band3/meta_band/BandProfile	?GetAvailableStandins@BandProfile@@QBAXHAAV?$vector@PAVTourCharLocal@@V?$StlNodeAlloc@PAVTourCharLocal@@@stlpmtx_std@@@stlpmtx_std@@@Z	99.8611	SAME	REFUTED	public: void __cdecl stlpmtx_std::vector<class ChatReceiver *, class stlpmtx_std::StlNodeAlloc<class ChatReceiver *>>::push_back(class ChatReceiver *const &)	public: void __cdecl stlpmtx_std::vector<class TourCharLocal *, class stlpmtx_std::StlNodeAlloc<class TourCharLocal *>>::push_back(class TourCharLocal *const &)
144	BC_DIFFERENT_UNRESOLVED	engine	default/CharBlendBone	?resize@?$list@UPresetOverride@WorldDir@@V?$StlNodeAlloc@UPresetOverride@WorldDir@@@stlpmtx_std@@@stlpmtx_std@@QAAXIABUPresetOverride@WorldDir@@@Z	99.8611	DIFFERENT	REFUTED	public: struct stlpmtx_std::_List_iterator<struct MsgSinks::Sink, struct stlpmtx_std::_Nonconst_traits<struct MsgSinks::Sink>> __cdecl stlpmtx_std::list<struct MsgSinks::Sink, class stlpmtx_std::StlNodeAlloc<struct MsgSinks::Sink>>::erase(struct stlpmtx_std::_List_iterator<struct MsgSinks::Sink, struct stlpmtx_std::_Nonconst_traits<struct MsgSinks::Sink>>, struct stlpmtx_std::_List_iterator<struct MsgSinks::Sink, struct stlpmtx_std::_Nonconst_traits<struct MsgSinks::Sink>>)	public: struct stlpmtx_std::_List_iterator<struct WorldDir::PresetOverride, struct stlpmtx_std::_Nonconst_traits<struct WorldDir::PresetOverride>> __cdecl stlpmtx_std::list<struct WorldDir::PresetOverride, class stlpmtx_std::StlNodeAlloc<struct WorldDir::PresetOverride>>::erase(struct stlpmtx_std::_List_iterator<struct WorldDir::PresetOverride, struct stlpmtx_std::_Nonconst_traits<struct WorldDir::PresetOverride>>, struct stlpmtx_std::_List_iterator<struct WorldDir::PresetOverride, struct stlpmtx_std::_Nonconst_traits<struct WorldDir::PresetOverride>>)
144	C_PROVEN_CALLEE	engine	default/BandCamShot	?resize@?$list@UBitmapOverride@WorldDir@@V?$StlNodeAlloc@UBitmapOverride@WorldDir@@@stlpmtx_std@@@stlpmtx_std@@QAAXIABUBitmapOverride@WorldDir@@@Z	99.8611	DIFFERENT	CORROBORATED	public: struct stlpmtx_std::_List_iterator<struct HamCamShot::Target, struct stlpmtx_std::_Nonconst_traits<struct HamCamShot::Target>> __cdecl stlpmtx_std::list<struct HamCamShot::Target, class stlpmtx_std::StlNodeAlloc<struct HamCamShot::Target>>::erase(struct stlpmtx_std::_List_iterator<struct HamCamShot::Target, struct stlpmtx_std::_Nonconst_traits<struct HamCamShot::Target>>, struct stlpmtx_std::_List_iterator<struct HamCamShot::Target, struct stlpmtx_std::_Nonconst_traits<struct HamCamShot::Target>>)	public: struct stlpmtx_std::_List_iterator<struct WorldDir::BitmapOverride, struct stlpmtx_std::_Nonconst_traits<struct WorldDir::BitmapOverride>> __cdecl stlpmtx_std::list<struct WorldDir::BitmapOverride, class stlpmtx_std::StlNodeAlloc<struct WorldDir::BitmapOverride>>::erase(struct stlpmtx_std::_List_iterator<struct WorldDir::BitmapOverride, struct stlpmtx_std::_Nonconst_traits<struct WorldDir::BitmapOverride>>, struct stlpmtx_std::_List_iterator<struct WorldDir::BitmapOverride, struct stlpmtx_std::_Nonconst_traits<struct WorldDir::BitmapOverride>>)
144	C_PROVEN_CALLEE	engine	default/PanelDir	?resize@?$list@UTarget@BandCamShot@@V?$StlNodeAlloc@UTarget@BandCamShot@@@stlpmtx_std@@@stlpmtx_std@@QAAXIABUTarget@BandCamShot@@@Z	99.8611	DIFFERENT	CORROBORATED	public: struct stlpmtx_std::_List_iterator<struct WorldDir::MatOverride, struct stlpmtx_std::_Nonconst_traits<struct WorldDir::MatOverride>> __cdecl stlpmtx_std::list<struct WorldDir::MatOverride, class stlpmtx_std::StlNodeAlloc<struct WorldDir::MatOverride>>::erase(struct stlpmtx_std::_List_iterator<struct WorldDir::MatOverride, struct stlpmtx_std::_Nonconst_traits<struct WorldDir::MatOverride>>, struct stlpmtx_std::_List_iterator<struct WorldDir::MatOverride, struct stlpmtx_std::_Nonconst_traits<struct WorldDir::MatOverride>>)	public: struct stlpmtx_std::_List_iterator<struct BandCamShot::Target, struct stlpmtx_std::_Nonconst_traits<struct BandCamShot::Target>> __cdecl stlpmtx_std::list<struct BandCamShot::Target, class stlpmtx_std::StlNodeAlloc<struct BandCamShot::Target>>::erase(struct stlpmtx_std::_List_iterator<struct BandCamShot::Target, struct stlpmtx_std::_Nonconst_traits<struct BandCamShot::Target>>, struct stlpmtx_std::_List_iterator<struct BandCamShot::Target, struct stlpmtx_std::_Nonconst_traits<struct BandCamShot::Target>>)
144	BC_DIFFERENT_UNRESOLVED	engine	default/EventTrigger	?resize@?$list@UPropTriggerDefn@FlowTrigger@@V?$StlNodeAlloc@UPropTriggerDefn@FlowTrigger@@@stlpmtx_std@@@stlpmtx_std@@QAAXIABUPropTriggerDefn@FlowTrigger@@@Z	99.8611	DIFFERENT	REFUTED	public: struct stlpmtx_std::_List_iterator<struct EventTrigger::Anim, struct stlpmtx_std::_Nonconst_traits<struct EventTrigger::Anim>> __cdecl stlpmtx_std::list<struct EventTrigger::Anim, class stlpmtx_std::StlNodeAlloc<struct EventTrigger::Anim>>::erase(struct stlpmtx_std::_List_iterator<struct EventTrigger::Anim, struct stlpmtx_std::_Nonconst_traits<struct EventTrigger::Anim>>, struct stlpmtx_std::_List_iterator<struct EventTrigger::Anim, struct stlpmtx_std::_Nonconst_traits<struct EventTrigger::Anim>>)	public: struct stlpmtx_std::_List_iterator<struct FlowTrigger::PropTriggerDefn, struct stlpmtx_std::_Nonconst_traits<struct FlowTrigger::PropTriggerDefn>> __cdecl stlpmtx_std::list<struct FlowTrigger::PropTriggerDefn, class stlpmtx_std::StlNodeAlloc<struct FlowTrigger::PropTriggerDefn>>::erase(struct stlpmtx_std::_List_iterator<struct FlowTrigger::PropTriggerDefn, struct stlpmtx_std::_Nonconst_traits<struct FlowTrigger::PropTriggerDefn>>, struct stlpmtx_std::_List_iterator<struct FlowTrigger::PropTriggerDefn, struct stlpmtx_std::_Nonconst_traits<struct FlowTrigger::PropTriggerDefn>>)
144	BC_DIFFERENT_UNRESOLVED	engine	default/BandCamShot	?resize@?$list@VKeyFrame@EventAnim@@V?$StlNodeAlloc@VKeyFrame@EventAnim@@@stlpmtx_std@@@stlpmtx_std@@QAAXIABVKeyFrame@EventAnim@@@Z	99.8611	DIFFERENT	REFUTED	public: struct stlpmtx_std::_List_iterator<class HamCamShot *, struct stlpmtx_std::_Nonconst_traits<class HamCamShot *>> __cdecl stlpmtx_std::list<class HamCamShot *, class stlpmtx_std::StlNodeAlloc<class HamCamShot *>>::insert(struct stlpmtx_std::_List_iterator<class HamCamShot *, struct stlpmtx_std::_Nonconst_traits<class HamCamShot *>>, class HamCamShot *const &)	public: struct stlpmtx_std::_List_iterator<class EventAnim::KeyFrame, struct stlpmtx_std::_Nonconst_traits<class EventAnim::KeyFrame>> __cdecl stlpmtx_std::list<class EventAnim::KeyFrame, class stlpmtx_std::StlNodeAlloc<class EventAnim::KeyFrame>>::insert(struct stlpmtx_std::_List_iterator<class EventAnim::KeyFrame, struct stlpmtx_std::_Nonconst_traits<class EventAnim::KeyFrame>>, class EventAnim::KeyFrame const &)
144	A_FOLD_CONSISTENT	engine	default/CharHair	??0?$ObjPtrList@VCharCollide@@VObjectDir@@@@QAA@ABV0@@Z	99.8611	SAME	REFUTED	private: void __cdecl ObjPtrList<class RndMesh, class ObjectDir>::Link(class ObjPtrList<class RndMesh, class ObjectDir>::iterator, struct ObjPtrList<class RndMesh, class ObjectDir>::Node *)	private: void __cdecl ObjPtrList<class CharCollide, class ObjectDir>::Link(class ObjPtrList<class CharCollide, class ObjectDir>::iterator, struct ObjPtrList<class CharCollide, class ObjectDir>::Node *)
144	BC_DIFFERENT_UNRESOLVED	engine	default/BandRetargetVignette	?resize@?$list@VString@@V?$StlNodeAlloc@VString@@@stlpmtx_std@@@stlpmtx_std@@QAAXIABVString@@@Z	99.8611	DIFFERENT	REFUTED	public: struct stlpmtx_std::_List_iterator<class Plane, struct stlpmtx_std::_Nonconst_traits<class Plane>> __cdecl stlpmtx_std::list<class Plane, class stlpmtx_std::StlNodeAlloc<class Plane>>::erase(struct stlpmtx_std::_List_iterator<class Plane, struct stlpmtx_std::_Nonconst_traits<class Plane>>, struct stlpmtx_std::_List_iterator<class Plane, struct stlpmtx_std::_Nonconst_traits<class Plane>>)	public: struct stlpmtx_std::_List_iterator<class String, struct stlpmtx_std::_Nonconst_traits<class String>> __cdecl stlpmtx_std::list<class String, class stlpmtx_std::StlNodeAlloc<class String>>::erase(struct stlpmtx_std::_List_iterator<class String, struct stlpmtx_std::_Nonconst_traits<class String>>, struct stlpmtx_std::_List_iterator<class String, struct stlpmtx_std::_Nonconst_traits<class String>>)
144	A_FOLD_CONSISTENT	engine	default/system/bandobj/DialogDisplay	?Copy@DialogDisplay@@UAAXPBVObject@Hmx@@W4CopyType@23@@Z	99.8611	SAME	REFUTED	public: void __cdecl ObjRefConcrete<class BandCharacter, class ObjectDir>::SetObjConcrete(class BandCharacter *)	public: void __cdecl ObjRefConcrete<class UILabel, class ObjectDir>::SetObjConcrete(class UILabel *)
144	BC_DIFFERENT_UNRESOLVED	engine	default/LayerDir	?resize@?$list@VLayer@LayerDir@@V?$StlNodeAlloc@VLayer@LayerDir@@@stlpmtx_std@@@stlpmtx_std@@QAAXIABVLayer@LayerDir@@@Z	99.8611	DIFFERENT	REFUTED	public: struct stlpmtx_std::_List_iterator<class Plane, struct stlpmtx_std::_Nonconst_traits<class Plane>> __cdecl stlpmtx_std::list<class Plane, class stlpmtx_std::StlNodeAlloc<class Plane>>::erase(struct stlpmtx_std::_List_iterator<class Plane, struct stlpmtx_std::_Nonconst_traits<class Plane>>, struct stlpmtx_std::_List_iterator<class Plane, struct stlpmtx_std::_Nonconst_traits<class Plane>>)	public: struct stlpmtx_std::_List_iterator<class LayerDir::Layer, struct stlpmtx_std::_Nonconst_traits<class LayerDir::Layer>> __cdecl stlpmtx_std::list<class LayerDir::Layer, class stlpmtx_std::StlNodeAlloc<class LayerDir::Layer>>::erase(struct stlpmtx_std::_List_iterator<class LayerDir::Layer, struct stlpmtx_std::_Nonconst_traits<class LayerDir::Layer>>, struct stlpmtx_std::_List_iterator<class LayerDir::Layer, struct stlpmtx_std::_Nonconst_traits<class LayerDir::Layer>>)
144	BC_DIFFERENT_UNRESOLVED	engine	default/system/obj/Dir	?RemovingSubDir@ObjectDir@@IAAXAAV?$ObjDirPtr@VObjectDir@@@@@Z	99.8611	DIFFERENT	REFUTED	public: class ObjDirItr<class CharBone> & __cdecl ObjDirItr<class CharBone>::operator++(void)	public: class ObjDirItr<class Hmx::Object> & __cdecl ObjDirItr<class Hmx::Object>::operator++(void)
144	BC_DIFFERENT_UNRESOLVED	engine	default/Sequence	??1GroupSeqInst@@UAA@XZ	99.8611	DIFFERENT	REFUTED	public: __cdecl stlpmtx_std::vector<struct ObjPtrVec<class Hmx::Object, class ObjectDir>::Node, class stlpmtx_std::StlNodeAlloc<struct ObjPtrVec<class Hmx::Object, class ObjectDir>::Node>>::~vector<struct ObjPtrVec<class Hmx::Object, class ObjectDir>::Node, class stlpmtx_std::StlNodeAlloc<struct ObjPtrVec<class Hmx::Object, class ObjectDir>::Node>>(void)	public: __cdecl stlpmtx_std::vector<class ObjPtr<class SeqInst>, class stlpmtx_std::StlNodeAlloc<class ObjPtr<class SeqInst>>>::~vector<class ObjPtr<class SeqInst>, class stlpmtx_std::StlNodeAlloc<class ObjPtr<class SeqInst>>>(void)
144	A_FOLD_CONSISTENT	engine	default/MeshAnim	?resize@?$list@VTransform@@V?$StlNodeAlloc@VTransform@@@stlpmtx_std@@@stlpmtx_std@@QAAXIABVTransform@@@Z	99.8611	SAME	CORROBORATED	public: struct stlpmtx_std::_List_iterator<struct RndMultiMesh::Instance, struct stlpmtx_std::_Nonconst_traits<struct RndMultiMesh::Instance>> __cdecl stlpmtx_std::list<struct RndMultiMesh::Instance, class stlpmtx_std::StlNodeAlloc<struct RndMultiMesh::Instance>>::insert(struct stlpmtx_std::_List_iterator<struct RndMultiMesh::Instance, struct stlpmtx_std::_Nonconst_traits<struct RndMultiMesh::Instance>>, struct RndMultiMesh::Instance const &)	public: struct stlpmtx_std::_List_iterator<class Transform, struct stlpmtx_std::_Nonconst_traits<class Transform>> __cdecl stlpmtx_std::list<class Transform, class stlpmtx_std::StlNodeAlloc<class Transform>>::insert(struct stlpmtx_std::_List_iterator<class Transform, struct stlpmtx_std::_Nonconst_traits<class Transform>>, class Transform const &)
144	C_PROVEN_CALLEE	engine	default/HamCamTransform	?resize@?$list@UOldMMInst@@V?$StlNodeAlloc@UOldMMInst@@@stlpmtx_std@@@stlpmtx_std@@QAAXIABUOldMMInst@@@Z	99.8611	DIFFERENT	CORROBORATED	public: struct stlpmtx_std::_List_iterator<class OldMatOption, struct stlpmtx_std::_Nonconst_traits<class OldMatOption>> __cdecl stlpmtx_std::list<class OldMatOption, class stlpmtx_std::StlNodeAlloc<class OldMatOption>>::erase(struct stlpmtx_std::_List_iterator<class OldMatOption, struct stlpmtx_std::_Nonconst_traits<class OldMatOption>>, struct stlpmtx_std::_List_iterator<class OldMatOption, struct stlpmtx_std::_Nonconst_traits<class OldMatOption>>)	public: struct stlpmtx_std::_List_iterator<struct OldMMInst, struct stlpmtx_std::_Nonconst_traits<struct OldMMInst>> __cdecl stlpmtx_std::list<struct OldMMInst, class stlpmtx_std::StlNodeAlloc<struct OldMMInst>>::erase(struct stlpmtx_std::_List_iterator<struct OldMMInst, struct stlpmtx_std::_Nonconst_traits<struct OldMMInst>>, struct stlpmtx_std::_List_iterator<struct OldMMInst, struct stlpmtx_std::_Nonconst_traits<struct OldMMInst>>)
144	BC_DIFFERENT_UNRESOLVED	engine	default/FileCache	??$__partial_sort@PAPAVMoveDetector@@PAV1@UMoveDetectorCmp@@@stlpmtx_std@@YAXPAPAVMoveDetector@@000UMoveDetectorCmp@@@Z	99.8611	DIFFERENT	REFUTED	void __cdecl stlpmtx_std::sort_heap<class FileCacheEntry **, struct Priority>(class FileCacheEntry **, class FileCacheEntry **, struct Priority)	void __cdecl stlpmtx_std::sort_heap<class MoveDetector **, struct MoveDetectorCmp>(class MoveDetector **, class MoveDetector **, struct MoveDetectorCmp)
144	BC_DIFFERENT_UNRESOLVED	engine	default/Msg	?resize@?$list@USink@MsgSinks@@V?$StlNodeAlloc@USink@MsgSinks@@@stlpmtx_std@@@stlpmtx_std@@QAAXIABUSink@MsgSinks@@@Z	99.8611	DIFFERENT	REFUTED	public: struct stlpmtx_std::_List_iterator<class EventAnim::EventCall, struct stlpmtx_std::_Nonconst_traits<class EventAnim::EventCall>> __cdecl stlpmtx_std::list<class EventAnim::EventCall, class stlpmtx_std::StlNodeAlloc<class EventAnim::EventCall>>::erase(struct stlpmtx_std::_List_iterator<class EventAnim::EventCall, struct stlpmtx_std::_Nonconst_traits<class EventAnim::EventCall>>, struct stlpmtx_std::_List_iterator<class EventAnim::EventCall, struct stlpmtx_std::_Nonconst_traits<class EventAnim::EventCall>>)	public: struct stlpmtx_std::_List_iterator<struct MsgSinks::Sink, struct stlpmtx_std::_Nonconst_traits<struct MsgSinks::Sink>> __cdecl stlpmtx_std::list<struct MsgSinks::Sink, class stlpmtx_std::StlNodeAlloc<struct MsgSinks::Sink>>::erase(struct stlpmtx_std::_List_iterator<struct MsgSinks::Sink, struct stlpmtx_std::_Nonconst_traits<struct MsgSinks::Sink>>, struct stlpmtx_std::_List_iterator<struct MsgSinks::Sink, struct stlpmtx_std::_Nonconst_traits<struct MsgSinks::Sink>>)
140	A_FOLD_CONSISTENT	game	default/band3/game/BandUserMgr	?BandUserMgrInit@@YAXXZ	99.8571	SAME	REFUTED	public: struct stlpmtx_std::_List_iterator<class CharClip *, struct stlpmtx_std::_Nonconst_traits<class CharClip *>> __cdecl stlpmtx_std::list<class CharClip *, class stlpmtx_std::StlNodeAlloc<class CharClip *>>::insert(struct stlpmtx_std::_List_iterator<class CharClip *, struct stlpmtx_std::_Nonconst_traits<class CharClip *>>, class CharClip *const &)	public: struct stlpmtx_std::_List_iterator<void (__cdecl *)(void), struct stlpmtx_std::_Nonconst_traits<void (__cdecl *)(void)>> __cdecl stlpmtx_std::list<void (__cdecl *)(void), class stlpmtx_std::StlNodeAlloc<void (__cdecl *)(void)>>::insert(struct stlpmtx_std::_List_iterator<void (__cdecl *)(void), struct stlpmtx_std::_Nonconst_traits<void (__cdecl *)(void)>>, void (__cdecl *const &)(void))
140	BC_DIFFERENT_UNRESOLVED	game	default/AccomplishmentPanel	??$__merge_sort_with_buffer@PAVSymbol@@PAV1@HVAccomplishmentCategoryCmp@@@stlpmtx_std@@YAXPAVSymbol@@00PAHVAccomplishmentCategoryCmp@@@Z	99.7143	DIFFERENT	REFUTED	void __cdecl stlpmtx_std::__merge_sort_loop<class Symbol *, class Symbol *, int, class AccomplishmentCmp>(class Symbol *, class Symbol *, class Symbol *, int, class AccomplishmentCmp)	void __cdecl stlpmtx_std::__merge_sort_loop<class Symbol *, class Symbol *, int, class AccomplishmentCategoryCmp>(class Symbol *, class Symbol *, class Symbol *, int, class AccomplishmentCategoryCmp)
140	A_FOLD_CONSISTENT	game	default/band3/tour/TourPropertyCollection	?GetPropertyValue@TourPropertyCollection@@QBAMVSymbol@@@Z	99.8571	SAME	CORROBORATED	private: class stlpmtx_std::priv::_Slist_iterator<struct stlpmtx_std::pair<class Symbol const, int>, struct stlpmtx_std::_Nonconst_traits<struct stlpmtx_std::pair<class Symbol const, int>>> __cdecl stlpmtx_std::hashtable<struct stlpmtx_std::pair<class Symbol const, int>, class Symbol, struct stlpmtx_std::hash<class Symbol>, struct stlpmtx_std::priv::_HashMapTraitsT<struct stlpmtx_std::pair<class Symbol const, int>>, struct stlpmtx_std::_Select1st<struct stlpmtx_std::pair<class Symbol const, int>>, struct stlpmtx_std::equal_to<class Symbol>, class stlpmtx_std::StlNodeAlloc<struct stlpmtx_std::pair<class Symbol const, int>>>::_M_find<class Symbol>(class Symbol const &) const	private: class stlpmtx_std::priv::_Slist_iterator<struct stlpmtx_std::pair<class Symbol const, float>, struct stlpmtx_std::_Nonconst_traits<struct stlpmtx_std::pair<class Symbol const, float>>> __cdecl stlpmtx_std::hashtable<struct stlpmtx_std::pair<class Symbol const, float>, class Symbol, struct stlpmtx_std::hash<class Symbol>, struct stlpmtx_std::priv::_HashMapTraitsT<struct stlpmtx_std::pair<class Symbol const, float>>, struct stlpmtx_std::_Select1st<struct stlpmtx_std::pair<class Symbol const, float>>, struct stlpmtx_std::equal_to<class Symbol>, class stlpmtx_std::StlNodeAlloc<struct stlpmtx_std::pair<class Symbol const, float>>>::_M_find<class Symbol>(class Symbol const &) const
140	A_FOLD_CONSISTENT	network	default/network/net/NetSession	?SendMsg@NetSession@@QAAXPAVUser@@AAVNetMessage@@W4PacketType@@@Z	99.8571	SAME	REFUTED	public: void __cdecl stlpmtx_std::vector<class ChatReceiver *, class stlpmtx_std::StlNodeAlloc<class ChatReceiver *>>::push_back(class ChatReceiver *const &)	public: void __cdecl stlpmtx_std::vector<class RemoteUser *, class stlpmtx_std::StlNodeAlloc<class RemoteUser *>>::push_back(class RemoteUser *const &)
140	A_FOLD_CONSISTENT	engine	default/VocalTrackDir	??$?5HM@@YAAAVBinStream@@AAV0@AAV?$map@HMU?$less@H@stlpmtx_std@@V?$StlNodeAlloc@U?$pair@$$CBHM@stlpmtx_std@@@2@@stlpmtx_std@@@Z	99.8571	SAME	CORROBORATED	public: float & __cdecl stlpmtx_std::map<class Hmx::CRC, float, struct stlpmtx_std::less<class Hmx::CRC>, class stlpmtx_std::StlNodeAlloc<struct stlpmtx_std::pair<class Hmx::CRC const, float>>>::operator[](class Hmx::CRC const &)	public: float & __cdecl stlpmtx_std::map<int, float, struct stlpmtx_std::less<int>, class stlpmtx_std::StlNodeAlloc<struct stlpmtx_std::pair<int const, float>>>::operator[](int const &)
140	UNDECIDABLE	engine	default/system/beatmatch/FillInfo	?AddFill@FillInfo@@QAA_NHH_N@Z	99.8571	UNKNOWN	REFUTED	public: void __cdecl stlpmtx_std::vector<struct WeightedEntry, class stlpmtx_std::StlNodeAlloc<struct WeightedEntry>>::push_back(struct WeightedEntry const &)	public: void __cdecl stlpmtx_std::vector<struct FillExtent, class stlpmtx_std::StlNodeAlloc<struct FillExtent>>::push_back(struct FillExtent const &)
140	A_FOLD_CONSISTENT	engine	default/LightPreset	?OnKeyframeCmd@LightPreset@@QAAXW4KeyframeCmd@1@@Z	99.8571	SAME	REFUTED	protected: void __cdecl stlpmtx_std::deque<struct stlpmtx_std::pair<class RndMesh *, float>, class stlpmtx_std::StlNodeAlloc<struct stlpmtx_std::pair<class RndMesh *, float>>>::_M_push_back_aux_v(struct stlpmtx_std::pair<class RndMesh *, float> const &)	protected: void __cdecl stlpmtx_std::deque<struct stlpmtx_std::pair<enum LightPreset::KeyframeCmd, float>, class stlpmtx_std::StlNodeAlloc<struct stlpmtx_std::pair<enum LightPreset::KeyframeCmd, float>>>::_M_push_back_aux_v(struct stlpmtx_std::pair<enum LightPreset::KeyframeCmd, float> const &)
140	A_FOLD_CONSISTENT	engine	default/JobMgr	?CancelAllJobs@JobMgr@@AAAXXZ	99.8571	SAME	CORROBORATED	public: __cdecl stlpmtx_std::list<struct CharPollableSorter::Dep *, class stlpmtx_std::StlNodeAlloc<struct CharPollableSorter::Dep *>>::list<struct CharPollableSorter::Dep *, class stlpmtx_std::StlNodeAlloc<struct CharPollableSorter::Dep *>>(class stlpmtx_std::list<struct CharPollableSorter::Dep *, class stlpmtx_std::StlNodeAlloc<struct CharPollableSorter::Dep *>> const &)	public: __cdecl stlpmtx_std::list<class Job *, class stlpmtx_std::StlNodeAlloc<class Job *>>::list<class Job *, class stlpmtx_std::StlNodeAlloc<class Job *>>(class stlpmtx_std::list<class Job *, class stlpmtx_std::StlNodeAlloc<class Job *>> const &)
136	A_FOLD_CONSISTENT	game	default/band3/game/BandUserMgr	?GetUsers@BandUserMgr@@UBAXAAV?$vector@PAVUser@@V?$StlNodeAlloc@PAVUser@@@stlpmtx_std@@@stlpmtx_std@@@Z	99.8529	SAME	REFUTED	public: void __cdecl stlpmtx_std::vector<class ChatReceiver *, class stlpmtx_std::StlNodeAlloc<class ChatReceiver *>>::push_back(class ChatReceiver *const &)	public: void __cdecl stlpmtx_std::vector<class User *, class stlpmtx_std::StlNodeAlloc<class User *>>::push_back(class User *const &)
136	A_FOLD_CONSISTENT	game	default/Defines	?IsTrackPlayableByController@@YA_NW4TrackType@@W4ControllerType@@@Z	99.8529	SAME	REFUTED	int const * __cdecl stlpmtx_std::__find<int const *, int>(int const *, int const *, int const &, struct stlpmtx_std::random_access_iterator_tag const &)	enum TrackType * __cdecl stlpmtx_std::__find<enum TrackType *, enum TrackType>(enum TrackType *, enum TrackType *, enum TrackType const &, struct stlpmtx_std::random_access_iterator_tag const &)
136	C_PROVEN_CALLEE	engine	default/Morph	??1?$vector@VDrivenPropertyEntry@@V?$StlNodeAlloc@VDrivenPropertyEntry@@@stlpmtx_std@@@stlpmtx_std@@QAA@XZ	99.8529	DIFFERENT	CORROBORATED	void __cdecl stlpmtx_std::__destroy_range_aux<class stlpmtx_std::reverse_iterator<struct RndMorph::Pose *>>(class stlpmtx_std::reverse_iterator<struct RndMorph::Pose *>, class stlpmtx_std::reverse_iterator<struct RndMorph::Pose *>, struct stlpmtx_std::__false_type const &)	void __cdecl stlpmtx_std::__destroy_range_aux<class stlpmtx_std::reverse_iterator<class DrivenPropertyEntry *>>(class stlpmtx_std::reverse_iterator<class DrivenPropertyEntry *>, class stlpmtx_std::reverse_iterator<class DrivenPropertyEntry *>, struct stlpmtx_std::__false_type const &)
136	A_FOLD_CONSISTENT	game	default/BandSongMgr	?AddRecentSong@BandSongMgr@@QAAXH@Z	99.8529	SAME	REFUTED	public: struct stlpmtx_std::_List_iterator<class CharClip *, struct stlpmtx_std::_Nonconst_traits<class CharClip *>> __cdecl stlpmtx_std::list<class CharClip *, class stlpmtx_std::StlNodeAlloc<class CharClip *>>::insert(struct stlpmtx_std::_List_iterator<class CharClip *, struct stlpmtx_std::_Nonconst_traits<class CharClip *>>, class CharClip *const &)	public: struct stlpmtx_std::_List_iterator<int, struct stlpmtx_std::_Nonconst_traits<int>> __cdecl stlpmtx_std::list<int, class stlpmtx_std::StlNodeAlloc<int>>::insert(struct stlpmtx_std::_List_iterator<int, struct stlpmtx_std::_Nonconst_traits<int>>, int const &)
136	C_PROVEN_CALLEE	engine	default/Flow	??1?$vector@UNode@?$ObjPtrVec@VObject@Hmx@@VObjectDir@@@@V?$StlNodeAlloc@UNode@?$ObjPtrVec@VObject@Hmx@@VObjectDir@@@@@stlpmtx_std@@@stlpmtx_std@@QAA@XZ	93.3824	DIFFERENT	CORROBORATED	void __cdecl stlpmtx_std::__destroy_range_aux<class stlpmtx_std::reverse_iterator<class ObjDirPtr<class ObjectDir> *>>(class stlpmtx_std::reverse_iterator<class ObjDirPtr<class ObjectDir> *>, class stlpmtx_std::reverse_iterator<class ObjDirPtr<class ObjectDir> *>, struct stlpmtx_std::__false_type const &)	void __cdecl stlpmtx_std::__destroy_range_aux<class stlpmtx_std::reverse_iterator<struct ObjPtrVec<class Hmx::Object, class ObjectDir>::Node *>>(class stlpmtx_std::reverse_iterator<struct ObjPtrVec<class Hmx::Object, class ObjectDir>::Node *>, class stlpmtx_std::reverse_iterator<struct ObjPtrVec<class Hmx::Object, class ObjectDir>::Node *>, struct stlpmtx_std::__false_type const &)
136	BC_DIFFERENT_UNRESOLVED	engine	default/HamMove	??1?$vector@ULocalizedName@HamMove@@V?$StlNodeAlloc@ULocalizedName@HamMove@@@stlpmtx_std@@@stlpmtx_std@@QAA@XZ	99.8529	DIFFERENT	REFUTED	void __cdecl stlpmtx_std::__destroy_range_aux<class stlpmtx_std::reverse_iterator<class SampleZone *>>(class stlpmtx_std::reverse_iterator<class SampleZone *>, class stlpmtx_std::reverse_iterator<class SampleZone *>, struct stlpmtx_std::__false_type const &)	void __cdecl stlpmtx_std::__destroy_range_aux<class stlpmtx_std::reverse_iterator<struct HamMove::LocalizedName *>>(class stlpmtx_std::reverse_iterator<struct HamMove::LocalizedName *>, class stlpmtx_std::reverse_iterator<struct HamMove::LocalizedName *>, struct stlpmtx_std::__false_type const &)
136	BC_DIFFERENT_UNRESOLVED	engine	default/CharIKFingers	?resize@?$ObjList@VPracticeSectionMapping@SongSectionController@@@@QAAXI@Z	99.8529	DIFFERENT	REFUTED	public: void __cdecl stlpmtx_std::list<struct WorldDir::MatOverride, class stlpmtx_std::StlNodeAlloc<struct WorldDir::MatOverride>>::resize(unsigned int, struct WorldDir::MatOverride const &)	public: void __cdecl stlpmtx_std::list<class SongSectionController::PracticeSectionMapping, class stlpmtx_std::StlNodeAlloc<class SongSectionController::PracticeSectionMapping>>::resize(unsigned int, class SongSectionController::PracticeSectionMapping const &)
136	BC_DIFFERENT_UNRESOLVED	engine	default/system/beatmatch/PhraseAnalyzer	?push_back@?$vector@VPhraseData@PhraseAnalyzer@@V?$StlNodeAlloc@VPhraseData@PhraseAnalyzer@@@stlpmtx_std@@@stlpmtx_std@@QAAXABVPhraseData@PhraseAnalyzer@@@Z	99.8529	DIFFERENT	REFUTED	protected: void __cdecl stlpmtx_std::vector<struct ChecksumData, class stlpmtx_std::StlNodeAlloc<struct ChecksumData>>::_M_insert_overflow_aux(struct ChecksumData *, struct ChecksumData const &, struct stlpmtx_std::__false_type const &, unsigned int, bool)	protected: void __cdecl stlpmtx_std::vector<class PhraseAnalyzer::PhraseData, class stlpmtx_std::StlNodeAlloc<class PhraseAnalyzer::PhraseData>>::_M_insert_overflow_aux(class PhraseAnalyzer::PhraseData *, class PhraseAnalyzer::PhraseData const &, struct stlpmtx_std::__false_type const &, unsigned int, bool)
136	BC_DIFFERENT_UNRESOLVED	engine	default/SongData	??1?$vector@V?$vector@V?$RangedData@I@?$RangedDataCollection@I@@V?$StlNodeAlloc@V?$RangedData@I@?$RangedDataCollection@I@@@stlpmtx_std@@@stlpmtx_std@@V?$StlNodeAlloc@V?$vector@V?$RangedData@I@?$RangedDataCollection@I@@V?$StlNodeAlloc@V?$RangedData@I@?$RangedDataCollection@I@@@stlpmtx_std@@@stlpmtx_std@@@2@@stlpmtx_std@@QAA@XZ	99.8529	DIFFERENT	REFUTED	void __cdecl stlpmtx_std::__destroy_range_aux<class stlpmtx_std::reverse_iterator<class stlpmtx_std::vector<short, class stlpmtx_std::StlNodeAlloc<short>> *>>(class stlpmtx_std::reverse_iterator<class stlpmtx_std::vector<short, class stlpmtx_std::StlNodeAlloc<short>> *>, class stlpmtx_std::reverse_iterator<class stlpmtx_std::vector<short, class stlpmtx_std::StlNodeAlloc<short>> *>, struct stlpmtx_std::__false_type const &)	void __cdecl stlpmtx_std::__destroy_range_aux<class stlpmtx_std::reverse_iterator<class stlpmtx_std::vector<class RangedDataCollection<unsigned int>::RangedData<unsigned int>, class stlpmtx_std::StlNodeAlloc<class RangedDataCollection<unsigned int>::RangedData<unsigned int>>> *>>(class stlpmtx_std::reverse_iterator<class stlpmtx_std::vector<class RangedDataCollection<unsigned int>::RangedData<unsigned int>, class stlpmtx_std::StlNodeAlloc<class RangedDataCollection<unsigned int>::RangedData<unsigned int>>> *>, class stlpmtx_std::reverse_iterator<class stlpmtx_std::vector<class RangedDataCollection<unsigned int>::RangedData<unsigned int>, class stlpmtx_std::StlNodeAlloc<class RangedDataCollection<unsigned int>::RangedData<unsigned int>>> *>, struct stlpmtx_std::__false_type const &)
136	UNDECIDABLE	engine	default/SongParser	?push_back@?$vector@VGemInProgress@SongParser@@V?$StlNodeAlloc@VGemInProgress@SongParser@@@stlpmtx_std@@@stlpmtx_std@@QAAXABVGemInProgress@SongParser@@@Z	99.8529	UNKNOWN	REFUTED	protected: void __cdecl stlpmtx_std::vector<class Vector3, class stlpmtx_std::StlNodeAlloc<class Vector3>>::_M_insert_overflow_aux(class Vector3 *, class Vector3 const &, struct stlpmtx_std::__false_type const &, unsigned int, bool)	protected: void __cdecl stlpmtx_std::vector<class SongParser::GemInProgress, class stlpmtx_std::StlNodeAlloc<class SongParser::GemInProgress>>::_M_insert_overflow_aux(class SongParser::GemInProgress *, class SongParser::GemInProgress const &, struct stlpmtx_std::__false_type const &, unsigned int, bool)
136	BC_DIFFERENT_UNRESOLVED	engine	default/MidiParserMgr	??1?$vector@UVocalEvent@MidiParser@@V?$StlNodeAlloc@UVocalEvent@MidiParser@@@stlpmtx_std@@@stlpmtx_std@@QAA@XZ	99.8529	DIFFERENT	REFUTED	void __cdecl stlpmtx_std::__destroy_range_aux<class stlpmtx_std::reverse_iterator<class Key<class stlpmtx_std::vector<class Vector3, class stlpmtx_std::StlNodeAlloc<class Vector3>>> *>>(class stlpmtx_std::reverse_iterator<class Key<class stlpmtx_std::vector<class Vector3, class stlpmtx_std::StlNodeAlloc<class Vector3>>> *>, class stlpmtx_std::reverse_iterator<class Key<class stlpmtx_std::vector<class Vector3, class stlpmtx_std::StlNodeAlloc<class Vector3>>> *>, struct stlpmtx_std::__false_type const &)	void __cdecl stlpmtx_std::__destroy_range_aux<class stlpmtx_std::reverse_iterator<struct MidiParser::VocalEvent *>>(class stlpmtx_std::reverse_iterator<struct MidiParser::VocalEvent *>, class stlpmtx_std::reverse_iterator<struct MidiParser::VocalEvent *>, struct stlpmtx_std::__false_type const &)
136	A_FOLD_CONSISTENT	engine	default/CharUpperTwist	??1CharUpperTwist@@MAA@XZ	99.7059	SAME	REFUTED	public: virtual __cdecl ObjRefConcrete<class CharLookAt, class ObjectDir>::~ObjRefConcrete<class CharLookAt, class ObjectDir>(void)	public: virtual __cdecl ObjRefConcrete<class RndTransformable, class ObjectDir>::~ObjRefConcrete<class RndTransformable, class ObjectDir>(void)
136	C_PROVEN_CALLEE	engine	default/HamCamTransform	??1?$vector@VTransformArea@@V?$StlNodeAlloc@VTransformArea@@@stlpmtx_std@@@stlpmtx_std@@QAA@XZ	99.8529	DIFFERENT	CORROBORATED	void __cdecl stlpmtx_std::__destroy_range_aux<class stlpmtx_std::reverse_iterator<class OutfitConfig::MatSwap *>>(class stlpmtx_std::reverse_iterator<class OutfitConfig::MatSwap *>, class stlpmtx_std::reverse_iterator<class OutfitConfig::MatSwap *>, struct stlpmtx_std::__false_type const &)	void __cdecl stlpmtx_std::__destroy_range_aux<class stlpmtx_std::reverse_iterator<class TransformArea *>>(class stlpmtx_std::reverse_iterator<class TransformArea *>, class stlpmtx_std::reverse_iterator<class TransformArea *>, struct stlpmtx_std::__false_type const &)
136	C_PROVEN_CALLEE	engine	default/SongLayout	??1?$vector@UMoveReplacer@@V?$StlNodeAlloc@UMoveReplacer@@@stlpmtx_std@@@stlpmtx_std@@QAA@XZ	99.8529	DIFFERENT	CORROBORATED	void __cdecl stlpmtx_std::__destroy_range_aux<class stlpmtx_std::reverse_iterator<struct stlpmtx_std::pair<class ObjPtr<class EventTrigger>, class ObjPtr<class EventTrigger>> *>>(class stlpmtx_std::reverse_iterator<struct stlpmtx_std::pair<class ObjPtr<class EventTrigger>, class ObjPtr<class EventTrigger>> *>, class stlpmtx_std::reverse_iterator<struct stlpmtx_std::pair<class ObjPtr<class EventTrigger>, class ObjPtr<class EventTrigger>> *>, struct stlpmtx_std::__false_type const &)	void __cdecl stlpmtx_std::__destroy_range_aux<class stlpmtx_std::reverse_iterator<struct MoveReplacer *>>(class stlpmtx_std::reverse_iterator<struct MoveReplacer *>, class stlpmtx_std::reverse_iterator<struct MoveReplacer *>, struct stlpmtx_std::__false_type const &)
136	A_FOLD_CONSISTENT	engine	default/Draw	?CollideList@RndDrawable@@UAAXABVSegment@@AAV?$list@UCollision@RndDrawable@@V?$StlNodeAlloc@UCollision@RndDrawable@@@stlpmtx_std@@@stlpmtx_std@@@Z	99.8529	SAME	CORROBORATED	public: struct stlpmtx_std::_List_iterator<struct DecompressTask, struct stlpmtx_std::_Nonconst_traits<struct DecompressTask>> __cdecl stlpmtx_std::list<struct DecompressTask, class stlpmtx_std::StlNodeAlloc<struct DecompressTask>>::insert(struct stlpmtx_std::_List_iterator<struct DecompressTask, struct stlpmtx_std::_Nonconst_traits<struct DecompressTask>>, struct DecompressTask const &)	public: struct stlpmtx_std::_List_iterator<struct RndDrawable::Collision, struct stlpmtx_std::_Nonconst_traits<struct RndDrawable::Collision>> __cdecl stlpmtx_std::list<struct RndDrawable::Collision, class stlpmtx_std::StlNodeAlloc<struct RndDrawable::Collision>>::insert(struct stlpmtx_std::_List_iterator<struct RndDrawable::Collision, struct stlpmtx_std::_Nonconst_traits<struct RndDrawable::Collision>>, struct RndDrawable::Collision const &)
136	UNDECIDABLE	engine	default/MeshAnim	??$?5V?$Key@V?$vector@VVector3@@V?$StlNodeAlloc@VVector3@@@stlpmtx_std@@@stlpmtx_std@@@@V?$StlNodeAlloc@V?$Key@V?$vector@VVector3@@V?$StlNodeAlloc@VVector3@@@stlpmtx_std@@@stlpmtx_std@@@@@stlpmtx_std@@@@YAAAVBinStreamRev@@AAV0@AAV?$vector@V?$Key@V?$vector@VVector3@@V?$StlNodeAlloc@VVector3@@@stlpmtx_std@@@stlpmtx_std@@@@V?$StlNodeAlloc@V?$Key@V?$vector@VVector3@@V?$StlNodeAlloc@VVector3@@@stlpmtx_std@@@stlpmtx_std@@@@@stlpmtx_std@@@stlpmtx_std@@@Z	99.8529	UNKNOWN	REFUTED	public: void __cdecl stlpmtx_std::vector<class Key<class stlpmtx_std::vector<class Hmx::Color, class stlpmtx_std::StlNodeAlloc<class Hmx::Color>>>, class stlpmtx_std::StlNodeAlloc<class Key<class stlpmtx_std::vector<class Hmx::Color, class stlpmtx_std::StlNodeAlloc<class Hmx::Color>>>>>::resize(unsigned int, class Key<class stlpmtx_std::vector<class Hmx::Color, class stlpmtx_std::StlNodeAlloc<class Hmx::Color>>> const &)	public: void __cdecl stlpmtx_std::vector<class Key<class stlpmtx_std::vector<class Vector3, class stlpmtx_std::StlNodeAlloc<class Vector3>>>, class stlpmtx_std::StlNodeAlloc<class Key<class stlpmtx_std::vector<class Vector3, class stlpmtx_std::StlNodeAlloc<class Vector3>>>>>::resize(unsigned int, class Key<class stlpmtx_std::vector<class Vector3, class stlpmtx_std::StlNodeAlloc<class Vector3>>> const &)
136	BC_DIFFERENT_UNRESOLVED	engine	default/MeshAnim	??$?5V?$Key@V?$vector@VVector2@@V?$StlNodeAlloc@VVector2@@@stlpmtx_std@@@stlpmtx_std@@@@V?$StlNodeAlloc@V?$Key@V?$vector@VVector2@@V?$StlNodeAlloc@VVector2@@@stlpmtx_std@@@stlpmtx_std@@@@@stlpmtx_std@@@@YAAAVBinStreamRev@@AAV0@AAV?$vector@V?$Key@V?$vector@VVector2@@V?$StlNodeAlloc@VVector2@@@stlpmtx_std@@@stlpmtx_std@@@@V?$StlNodeAlloc@V?$Key@V?$vector@VVector2@@V?$StlNodeAlloc@VVector2@@@stlpmtx_std@@@stlpmtx_std@@@@@stlpmtx_std@@@stlpmtx_std@@@Z	99.8529	DIFFERENT	REFUTED	public: void __cdecl stlpmtx_std::vector<class Key<class stlpmtx_std::vector<class Hmx::Color, class stlpmtx_std::StlNodeAlloc<class Hmx::Color>>>, class stlpmtx_std::StlNodeAlloc<class Key<class stlpmtx_std::vector<class Hmx::Color, class stlpmtx_std::StlNodeAlloc<class Hmx::Color>>>>>::resize(unsigned int, class Key<class stlpmtx_std::vector<class Hmx::Color, class stlpmtx_std::StlNodeAlloc<class Hmx::Color>>> const &)	public: void __cdecl stlpmtx_std::vector<class Key<class stlpmtx_std::vector<class Vector2, class stlpmtx_std::StlNodeAlloc<class Vector2>>>, class stlpmtx_std::StlNodeAlloc<class Key<class stlpmtx_std::vector<class Vector2, class stlpmtx_std::StlNodeAlloc<class Vector2>>>>>::resize(unsigned int, class Key<class stlpmtx_std::vector<class Vector2, class stlpmtx_std::StlNodeAlloc<class Vector2>>> const &)
136	UNDECIDABLE	engine	default/MeshAnim	??$?5V?$Key@V?$vector@VColor@Hmx@@V?$StlNodeAlloc@VColor@Hmx@@@stlpmtx_std@@@stlpmtx_std@@@@V?$StlNodeAlloc@V?$Key@V?$vector@VColor@Hmx@@V?$StlNodeAlloc@VColor@Hmx@@@stlpmtx_std@@@stlpmtx_std@@@@@stlpmtx_std@@@@YAAAVBinStreamRev@@AAV0@AAV?$vector@V?$Key@V?$vector@VColor@Hmx@@V?$StlNodeAlloc@VColor@Hmx@@@stlpmtx_std@@@stlpmtx_std@@@@V?$StlNodeAlloc@V?$Key@V?$vector@VColor@Hmx@@V?$StlNodeAlloc@VColor@Hmx@@@stlpmtx_std@@@stlpmtx_std@@@@@stlpmtx_std@@@stlpmtx_std@@@Z	99.8529	UNKNOWN	REFUTED	public: void __cdecl stlpmtx_std::vector<class Key<class stlpmtx_std::vector<class Vector3, class stlpmtx_std::StlNodeAlloc<class Vector3>>>, class stlpmtx_std::StlNodeAlloc<class Key<class stlpmtx_std::vector<class Vector3, class stlpmtx_std::StlNodeAlloc<class Vector3>>>>>::resize(unsigned int, class Key<class stlpmtx_std::vector<class Vector3, class stlpmtx_std::StlNodeAlloc<class Vector3>>> const &)	public: void __cdecl stlpmtx_std::vector<class Key<class stlpmtx_std::vector<class Hmx::Color, class stlpmtx_std::StlNodeAlloc<class Hmx::Color>>>, class stlpmtx_std::StlNodeAlloc<class Key<class stlpmtx_std::vector<class Hmx::Color, class stlpmtx_std::StlNodeAlloc<class Hmx::Color>>>>>::resize(unsigned int, class Key<class stlpmtx_std::vector<class Hmx::Color, class stlpmtx_std::StlNodeAlloc<class Hmx::Color>>> const &)
132	A_FOLD_CONSISTENT	engine	default/Mesh	?Mats@RndMesh@@UAAXAAV?$list@PAVRndMat@@V?$StlNodeAlloc@PAVRndMat@@@stlpmtx_std@@@stlpmtx_std@@_N@Z	99.8485	SAME	REFUTED	public: struct stlpmtx_std::_List_iterator<class CharClip *, struct stlpmtx_std::_Nonconst_traits<class CharClip *>> __cdecl stlpmtx_std::list<class CharClip *, class stlpmtx_std::StlNodeAlloc<class CharClip *>>::insert(struct stlpmtx_std::_List_iterator<class CharClip *, struct stlpmtx_std::_Nonconst_traits<class CharClip *>>, class CharClip *const &)	public: struct stlpmtx_std::_List_iterator<class RndMat *, struct stlpmtx_std::_Nonconst_traits<class RndMat *>> __cdecl stlpmtx_std::list<class RndMat *, class stlpmtx_std::StlNodeAlloc<class RndMat *>>::insert(struct stlpmtx_std::_List_iterator<class RndMat *, struct stlpmtx_std::_Nonconst_traits<class RndMat *>>, class RndMat *const &)
132	A_FOLD_CONSISTENT	engine	default/Morph	??1RndMorph@@UAA@XZ	99.8485	SAME	REFUTED	public: virtual __cdecl ObjRefConcrete<class CharLookAt, class ObjectDir>::~ObjRefConcrete<class CharLookAt, class ObjectDir>(void)	public: virtual __cdecl ObjRefConcrete<class RndMesh, class ObjectDir>::~ObjRefConcrete<class RndMesh, class ObjectDir>(void)
132	A_FOLD_CONSISTENT	engine	default/UITransitionHandler	??1UITransitionHandler@@UAA@XZ	99.6970	SAME	REFUTED	public: virtual __cdecl ObjRefConcrete<class BandLabel, class ObjectDir>::~ObjRefConcrete<class BandLabel, class ObjectDir>(void)	public: virtual __cdecl ObjRefConcrete<class RndAnimatable, class ObjectDir>::~ObjRefConcrete<class RndAnimatable, class ObjectDir>(void)
132	A_FOLD_CONSISTENT	engine	default/PropKeys	??6@YAAAVBinStream@@AAV0@ABVObjectStage@@@Z	99.8485	SAME	REFUTED	public: virtual __cdecl ObjRefConcrete<class BandCamShot, class ObjectDir>::~ObjRefConcrete<class BandCamShot, class ObjectDir>(void)	public: virtual __cdecl ObjRefConcrete<class ObjectDir, class ObjectDir>::~ObjRefConcrete<class ObjectDir, class ObjectDir>(void)
132	A_FOLD_CONSISTENT	engine	default/TexRenderer	?ListPollChildren@RndTexRenderer@@UBAXAAV?$list@PAVRndPollable@@V?$StlNodeAlloc@PAVRndPollable@@@stlpmtx_std@@@stlpmtx_std@@@Z	99.8485	SAME	REFUTED	public: struct stlpmtx_std::_List_iterator<class CharClip *, struct stlpmtx_std::_Nonconst_traits<class CharClip *>> __cdecl stlpmtx_std::list<class CharClip *, class stlpmtx_std::StlNodeAlloc<class CharClip *>>::insert(struct stlpmtx_std::_List_iterator<class CharClip *, struct stlpmtx_std::_Nonconst_traits<class CharClip *>>, class CharClip *const &)	public: struct stlpmtx_std::_List_iterator<class RndPollable *, struct stlpmtx_std::_Nonconst_traits<class RndPollable *>> __cdecl stlpmtx_std::list<class RndPollable *, class stlpmtx_std::StlNodeAlloc<class RndPollable *>>::insert(struct stlpmtx_std::_List_iterator<class RndPollable *, struct stlpmtx_std::_Nonconst_traits<class RndPollable *>>, class RndPollable *const &)
132	A_FOLD_CONSISTENT	game	default/band3/meta_band/BandProfile	?GetAvailableCharacters@BandProfile@@QBAXAAV?$vector@PAVTourCharLocal@@V?$StlNodeAlloc@PAVTourCharLocal@@@stlpmtx_std@@@stlpmtx_std@@@Z	99.8485	SAME	REFUTED	public: void __cdecl stlpmtx_std::vector<class ChatReceiver *, class stlpmtx_std::StlNodeAlloc<class ChatReceiver *>>::push_back(class ChatReceiver *const &)	public: void __cdecl stlpmtx_std::vector<class TourCharLocal *, class stlpmtx_std::StlNodeAlloc<class TourCharLocal *>>::push_back(class TourCharLocal *const &)
132	A_FOLD_CONSISTENT	game	default/band3/meta_band/PassiveMessenger	?AddMessage@PassiveMessageQueue@@UAAXPAVPassiveMessage@@@Z	99.8485	SAME	REFUTED	public: struct stlpmtx_std::_List_iterator<class CharClip *, struct stlpmtx_std::_Nonconst_traits<class CharClip *>> __cdecl stlpmtx_std::list<class CharClip *, class stlpmtx_std::StlNodeAlloc<class CharClip *>>::insert(struct stlpmtx_std::_List_iterator<class CharClip *, struct stlpmtx_std::_Nonconst_traits<class CharClip *>>, class CharClip *const &)	public: struct stlpmtx_std::_List_iterator<class PassiveMessage *, struct stlpmtx_std::_Nonconst_traits<class PassiveMessage *>> __cdecl stlpmtx_std::list<class PassiveMessage *, class stlpmtx_std::StlNodeAlloc<class PassiveMessage *>>::insert(struct stlpmtx_std::_List_iterator<class PassiveMessage *, struct stlpmtx_std::_Nonconst_traits<class PassiveMessage *>>, class PassiveMessage *const &)
132	A_FOLD_CONSISTENT	game	default/band3/meta_band/PrefabMgr	?GetAvailablePrefabs@PrefabMgr@@QBAXAAV?$vector@PAVPrefabChar@@V?$StlNodeAlloc@PAVPrefabChar@@@stlpmtx_std@@@stlpmtx_std@@@Z	99.8485	SAME	REFUTED	public: void __cdecl stlpmtx_std::vector<class ChatReceiver *, class stlpmtx_std::StlNodeAlloc<class ChatReceiver *>>::push_back(class ChatReceiver *const &)	public: void __cdecl stlpmtx_std::vector<class PrefabChar *, class stlpmtx_std::StlNodeAlloc<class PrefabChar *>>::push_back(class PrefabChar *const &)
132	A_FOLD_CONSISTENT	network	default/SessionMessages	??0MemStream@@QAA@ABV0@@Z	99.8485	SAME	CORROBORATED	public: __cdecl stlpmtx_std::vector<unsigned char, class stlpmtx_std::StlNodeAlloc<unsigned char>>::vector<unsigned char, class stlpmtx_std::StlNodeAlloc<unsigned char>>(class stlpmtx_std::vector<unsigned char, class stlpmtx_std::StlNodeAlloc<unsigned char>> const &)	public: __cdecl stlpmtx_std::vector<char, class stlpmtx_std::StlNodeAlloc<char>>::vector<char, class stlpmtx_std::StlNodeAlloc<char>>(class stlpmtx_std::vector<char, class stlpmtx_std::StlNodeAlloc<char>> const &)
132	A_FOLD_CONSISTENT	engine	default/system/beatmatch/PhraseList	??0PhraseListCollection@@QAA@XZ	99.8485	SAME	REFUTED	public: void __cdecl stlpmtx_std::vector<class ChatReceiver *, class stlpmtx_std::StlNodeAlloc<class ChatReceiver *>>::push_back(class ChatReceiver *const &)	public: void __cdecl stlpmtx_std::vector<class PhraseList *, class stlpmtx_std::StlNodeAlloc<class PhraseList *>>::push_back(class PhraseList *const &)
132	BC_DIFFERENT_UNRESOLVED	engine	default/HamCamTransform	??1?$vector@UDistEntry@@V?$StlNodeAlloc@UDistEntry@@@stlpmtx_std@@@stlpmtx_std@@QAA@XZ	99.8485	DIFFERENT	REFUTED	void __cdecl stlpmtx_std::__destroy_range_aux<class stlpmtx_std::reverse_iterator<struct HamNavProvider::NavItem *>>(class stlpmtx_std::reverse_iterator<struct HamNavProvider::NavItem *>, class stlpmtx_std::reverse_iterator<struct HamNavProvider::NavItem *>, struct stlpmtx_std::__false_type const &)	void __cdecl stlpmtx_std::__destroy_range_aux<class stlpmtx_std::reverse_iterator<struct DistEntry *>>(class stlpmtx_std::reverse_iterator<struct DistEntry *>, class stlpmtx_std::reverse_iterator<struct DistEntry *>, struct stlpmtx_std::__false_type const &)
132	C_PROVEN_CALLEE	engine	default/LiveCameraInput	??1?$vector@VTextureStore@LiveCameraInput@@V?$StlNodeAlloc@VTextureStore@LiveCameraInput@@@stlpmtx_std@@@stlpmtx_std@@QAA@XZ	99.8485	DIFFERENT	CORROBORATED	void __cdecl stlpmtx_std::__destroy_range_aux<class stlpmtx_std::reverse_iterator<class DataArrayPtr *>>(class stlpmtx_std::reverse_iterator<class DataArrayPtr *>, class stlpmtx_std::reverse_iterator<class DataArrayPtr *>, struct stlpmtx_std::__false_type const &)	void __cdecl stlpmtx_std::__destroy_range_aux<class stlpmtx_std::reverse_iterator<class LiveCameraInput::TextureStore *>>(class stlpmtx_std::reverse_iterator<class LiveCameraInput::TextureStore *>, class stlpmtx_std::reverse_iterator<class LiveCameraInput::TextureStore *>, struct stlpmtx_std::__false_type const &)
132	A_FOLD_CONSISTENT	engine	default/CameraManager	??$sort@PAVCategory@CameraManager@@@stlpmtx_std@@YAXPAVCategory@CameraManager@@0@Z	99.8485	SAME	CORROBORATED	void __cdecl stlpmtx_std::__final_insertion_sort<class SpotlightDrawer::SpotlightEntry *, class ByColor>(class SpotlightDrawer::SpotlightEntry *, class SpotlightDrawer::SpotlightEntry *, class ByColor)	void __cdecl stlpmtx_std::__final_insertion_sort<class CameraManager::Category *, struct stlpmtx_std::less<class CameraManager::Category>>(class CameraManager::Category *, class CameraManager::Category *, struct stlpmtx_std::less<class CameraManager::Category>)
132	UNDECIDABLE	engine	default/system/rndobj/Utl	?push_back@?$vector@UPressRec@@V?$StlNodeAlloc@UPressRec@@@stlpmtx_std@@@stlpmtx_std@@QAAXABUPressRec@@@Z	99.8485	UNKNOWN	REFUTED	protected: void __cdecl stlpmtx_std::vector<class Key<class Vector3>, class stlpmtx_std::StlNodeAlloc<class Key<class Vector3>>>::_M_insert_overflow_aux(class Key<class Vector3> *, class Key<class Vector3> const &, struct stlpmtx_std::__false_type const &, unsigned int, bool)	protected: void __cdecl stlpmtx_std::vector<struct PressRec, class stlpmtx_std::StlNodeAlloc<struct PressRec>>::_M_insert_overflow_aux(struct PressRec *, struct PressRec const &, struct stlpmtx_std::__false_type const &, unsigned int, bool)
132	UNDECIDABLE	engine	default/AmbientOcclusion	??$sort@PAV?$Key@M@@@stlpmtx_std@@YAXPAV?$Key@M@@0@Z	99.8485	UNKNOWN	CORROBORATED	void __cdecl stlpmtx_std::__introsort_loop<class Key<bool> *, class Key<bool>, int, struct stlpmtx_std::less<class Key<bool>>>(class Key<bool> *, class Key<bool> *, class Key<bool> *, int, struct stlpmtx_std::less<class Key<bool>>)	void __cdecl stlpmtx_std::__introsort_loop<class Key<float> *, class Key<float>, int, struct stlpmtx_std::less<class Key<float>>>(class Key<float> *, class Key<float> *, class Key<float> *, int, struct stlpmtx_std::less<class Key<float>>)
132	BC_DIFFERENT_UNRESOLVED	engine	default/PropAnim	??1?$vector@VDataArrayPtr@@V?$StlNodeAlloc@VDataArrayPtr@@@stlpmtx_std@@@stlpmtx_std@@QAA@XZ	99.5455	DIFFERENT	UNKNOWN	void __cdecl stlpmtx_std::__destroy_range_aux<class stlpmtx_std::reverse_iterator<class BandFaceDeform::DeltaArray *>>(class stlpmtx_std::reverse_iterator<class BandFaceDeform::DeltaArray *>, class stlpmtx_std::reverse_iterator<class BandFaceDeform::DeltaArray *>, struct stlpmtx_std::__false_type const &)	void __cdecl stlpmtx_std::__destroy_range_aux<class stlpmtx_std::reverse_iterator<class DataArrayPtr *>>(class stlpmtx_std::reverse_iterator<class DataArrayPtr *>, class stlpmtx_std::reverse_iterator<class DataArrayPtr *>, struct stlpmtx_std::__false_type const &)
128	BC_DIFFERENT_UNRESOLVED	engine	default/TrackPanelDir	?resize@?$vector@V?$ObjPtr@VRndDir@@@@V?$StlNodeAlloc@V?$ObjPtr@VRndDir@@@@@stlpmtx_std@@@stlpmtx_std@@QAAXIABV?$ObjPtr@VRndDir@@@@@Z	99.8438	DIFFERENT	REFUTED	private: void __cdecl stlpmtx_std::vector<class DrivenPropertyEntry, class stlpmtx_std::StlNodeAlloc<class DrivenPropertyEntry>>::_M_fill_insert(class DrivenPropertyEntry *, unsigned int, class DrivenPropertyEntry const &)	private: void __cdecl stlpmtx_std::vector<class ObjPtr<class RndDir>, class stlpmtx_std::StlNodeAlloc<class ObjPtr<class RndDir>>>::_M_fill_insert(class ObjPtr<class RndDir> *, unsigned int, class ObjPtr<class RndDir> const &)
128	A_FOLD_CONSISTENT	game	default/WaitingUserGate	?GetWaitingUsers@OpenGateData@?A0xe564e51a@@QBAXAAV?$vector@PAVBandUser@@V?$StlNodeAlloc@PAVBandUser@@@stlpmtx_std@@@stlpmtx_std@@@Z	93.2812	SAME	REFUTED	public: void __cdecl stlpmtx_std::vector<class ChatReceiver *, class stlpmtx_std::StlNodeAlloc<class ChatReceiver *>>::push_back(class ChatReceiver *const &)	public: void __cdecl stlpmtx_std::vector<class BandUser *, class stlpmtx_std::StlNodeAlloc<class BandUser *>>::push_back(class BandUser *const &)
128	A_FOLD_CONSISTENT	engine	default/system/os/UsbMidiGuitar	?Init@UsbMidiGuitar@@SAXXZ	99.8438	SAME	REFUTED	public: struct stlpmtx_std::_List_iterator<class CharClip *, struct stlpmtx_std::_Nonconst_traits<class CharClip *>> __cdecl stlpmtx_std::list<class CharClip *, class stlpmtx_std::StlNodeAlloc<class CharClip *>>::insert(struct stlpmtx_std::_List_iterator<class CharClip *, struct stlpmtx_std::_Nonconst_traits<class CharClip *>>, class CharClip *const &)	public: struct stlpmtx_std::_List_iterator<void (__cdecl *)(void), struct stlpmtx_std::_Nonconst_traits<void (__cdecl *)(void)>> __cdecl stlpmtx_std::list<void (__cdecl *)(void), class stlpmtx_std::StlNodeAlloc<void (__cdecl *)(void)>>::insert(struct stlpmtx_std::_List_iterator<void (__cdecl *)(void), struct stlpmtx_std::_Nonconst_traits<void (__cdecl *)(void)>>, void (__cdecl *const &)(void))
128	A_FOLD_CONSISTENT	game	default/Defines	?RepresentSamePart@@YA_NW4TrackType@@0@Z	99.8438	SAME	REFUTED	int const * __cdecl stlpmtx_std::__find<int const *, int>(int const *, int const *, int const &, struct stlpmtx_std::random_access_iterator_tag const &)	enum TrackType * __cdecl stlpmtx_std::__find<enum TrackType *, enum TrackType>(enum TrackType *, enum TrackType *, enum TrackType const &, struct stlpmtx_std::random_access_iterator_tag const &)
128	BC_DIFFERENT_UNRESOLVED	engine	default/DrivenPropertyEntry	?resize@?$vector@VFlowMathOp@@V?$StlNodeAlloc@VFlowMathOp@@@stlpmtx_std@@@stlpmtx_std@@QAAXIABVFlowMathOp@@@Z	99.7812	DIFFERENT	REFUTED	protected: class ObjOwnerPtr<class Waypoint> * __cdecl stlpmtx_std::vector<class ObjOwnerPtr<class Waypoint>, class stlpmtx_std::StlNodeAlloc<class ObjOwnerPtr<class Waypoint>>>::_M_erase(class ObjOwnerPtr<class Waypoint> *, class ObjOwnerPtr<class Waypoint> *, struct stlpmtx_std::__false_type const &)	protected: class FlowMathOp * __cdecl stlpmtx_std::vector<class FlowMathOp, class stlpmtx_std::StlNodeAlloc<class FlowMathOp>>::_M_erase(class FlowMathOp *, class FlowMathOp *, struct stlpmtx_std::__false_type const &)
128	UNDECIDABLE	game	default/ContextChecker	?push_back@?$vector@UWeightedEntry@@V?$StlNodeAlloc@UWeightedEntry@@@stlpmtx_std@@@stlpmtx_std@@QAAXABUWeightedEntry@@@Z	99.8438	UNKNOWN	REFUTED	protected: void __cdecl stlpmtx_std::vector<struct MidiParser::Note, class stlpmtx_std::StlNodeAlloc<struct MidiParser::Note>>::_M_insert_overflow_aux(struct MidiParser::Note *, struct MidiParser::Note const &, struct stlpmtx_std::__false_type const &, unsigned int, bool)	protected: void __cdecl stlpmtx_std::vector<struct WeightedEntry, class stlpmtx_std::StlNodeAlloc<struct WeightedEntry>>::_M_insert_overflow_aux(struct WeightedEntry *, struct WeightedEntry const &, struct stlpmtx_std::__false_type const &, unsigned int, bool)
128	A_FOLD_CONSISTENT	game	default/band3/meta_band/PatchPanel	??1LayerProvider@@UAA@XZ	99.8438	SAME	CORROBORATED	void __cdecl DeleteAll<class stlpmtx_std::vector<class NetSavedSetlist *, class stlpmtx_std::StlNodeAlloc<class NetSavedSetlist *>>>(class stlpmtx_std::vector<class NetSavedSetlist *, class stlpmtx_std::StlNodeAlloc<class NetSavedSetlist *>> &)	void __cdecl DeleteAll<class stlpmtx_std::vector<class RndMat *, class stlpmtx_std::StlNodeAlloc<class RndMat *>>>(class stlpmtx_std::vector<class RndMat *, class stlpmtx_std::StlNodeAlloc<class RndMat *>> &)
128	A_FOLD_CONSISTENT	game	default/band3/meta_band/PatchPanel	??1CategoryProvider@@UAA@XZ	99.8438	SAME	CORROBORATED	void __cdecl DeleteAll<class stlpmtx_std::vector<class NetSavedSetlist *, class stlpmtx_std::StlNodeAlloc<class NetSavedSetlist *>>>(class stlpmtx_std::vector<class NetSavedSetlist *, class stlpmtx_std::StlNodeAlloc<class NetSavedSetlist *>> &)	void __cdecl DeleteAll<class stlpmtx_std::vector<class RndMat *, class stlpmtx_std::StlNodeAlloc<class RndMat *>>>(class stlpmtx_std::vector<class RndMat *, class stlpmtx_std::StlNodeAlloc<class RndMat *>> &)
128	A_FOLD_CONSISTENT	game	default/band3/meta_band/PatchPanel	??1StickerProvider@@UAA@XZ	99.8438	SAME	CORROBORATED	void __cdecl DeleteAll<class stlpmtx_std::vector<class NetSavedSetlist *, class stlpmtx_std::StlNodeAlloc<class NetSavedSetlist *>>>(class stlpmtx_std::vector<class NetSavedSetlist *, class stlpmtx_std::StlNodeAlloc<class NetSavedSetlist *>> &)	void __cdecl DeleteAll<class stlpmtx_std::vector<class RndMat *, class stlpmtx_std::StlNodeAlloc<class RndMat *>>>(class stlpmtx_std::vector<class RndMat *, class stlpmtx_std::StlNodeAlloc<class RndMat *>> &)
128	A_FOLD_CONSISTENT	game	default/band3/meta_band/PatchSelectPanel	??1PatchProvider@@UAA@XZ	99.8438	SAME	CORROBORATED	void __cdecl DeleteAll<class stlpmtx_std::vector<class NetSavedSetlist *, class stlpmtx_std::StlNodeAlloc<class NetSavedSetlist *>>>(class stlpmtx_std::vector<class NetSavedSetlist *, class stlpmtx_std::StlNodeAlloc<class NetSavedSetlist *>> &)	void __cdecl DeleteAll<class stlpmtx_std::vector<class RndMat *, class stlpmtx_std::StlNodeAlloc<class RndMat *>>>(class stlpmtx_std::vector<class RndMat *, class stlpmtx_std::StlNodeAlloc<class RndMat *>> &)
128	BC_DIFFERENT_UNRESOLVED	engine	default/SkeletonClip	?push_back@?$vector@URecordedFrame@@V?$StlNodeAlloc@URecordedFrame@@@stlpmtx_std@@@stlpmtx_std@@QAAXABURecordedFrame@@@Z	99.8438	DIFFERENT	REFUTED	protected: void __cdecl stlpmtx_std::vector<class Transform, class stlpmtx_std::StlNodeAlloc<class Transform>>::_M_insert_overflow_aux(class Transform *, class Transform const &, struct stlpmtx_std::__false_type const &, unsigned int, bool)	protected: void __cdecl stlpmtx_std::vector<struct RecordedFrame, class stlpmtx_std::StlNodeAlloc<struct RecordedFrame>>::_M_insert_overflow_aux(struct RecordedFrame *, struct RecordedFrame const &, struct stlpmtx_std::__false_type const &, unsigned int, bool)
128	BC_DIFFERENT_UNRESOLVED	engine	default/system/beatmatch/PlayerTrackConfigList	?push_back@?$vector@VPlayerTrackConfig@@V?$StlNodeAlloc@VPlayerTrackConfig@@@stlpmtx_std@@@stlpmtx_std@@QAAXABVPlayerTrackConfig@@@Z	99.8438	DIFFERENT	REFUTED	protected: void __cdecl stlpmtx_std::vector<class GemPlayer::UpcomingFretRelease, class stlpmtx_std::StlNodeAlloc<class GemPlayer::UpcomingFretRelease>>::_M_insert_overflow_aux(class GemPlayer::UpcomingFretRelease *, class GemPlayer::UpcomingFretRelease const &, struct stlpmtx_std::__false_type const &, unsigned int, bool)	protected: void __cdecl stlpmtx_std::vector<class PlayerTrackConfig, class stlpmtx_std::StlNodeAlloc<class PlayerTrackConfig>>::_M_insert_overflow_aux(class PlayerTrackConfig *, class PlayerTrackConfig const &, struct stlpmtx_std::__false_type const &, unsigned int, bool)
128	BC_DIFFERENT_UNRESOLVED	engine	default/VocalNoteList	?resize@?$vector@VVocalNote@@V?$StlNodeAlloc@VVocalNote@@@stlpmtx_std@@@stlpmtx_std@@QAAXIABVVocalNote@@@Z	99.8438	DIFFERENT	REFUTED	protected: class FlowMathOp * __cdecl stlpmtx_std::vector<class FlowMathOp, class stlpmtx_std::StlNodeAlloc<class FlowMathOp>>::_M_erase(class FlowMathOp *, class FlowMathOp *, struct stlpmtx_std::__false_type const &)	protected: class VocalNote * __cdecl stlpmtx_std::vector<class VocalNote, class stlpmtx_std::StlNodeAlloc<class VocalNote>>::_M_erase(class VocalNote *, class VocalNote *, struct stlpmtx_std::__false_type const &)
128	BC_DIFFERENT_UNRESOLVED	engine	default/CharHair	?resize@?$vector@VStrand@CharHair@@V?$StlNodeAlloc@VStrand@CharHair@@@stlpmtx_std@@@stlpmtx_std@@QAAXIABVStrand@CharHair@@@Z	99.7812	DIFFERENT	REFUTED	private: void __cdecl stlpmtx_std::vector<struct HamMove::LocalizedName, class stlpmtx_std::StlNodeAlloc<struct HamMove::LocalizedName>>::_M_fill_insert(struct HamMove::LocalizedName *, unsigned int, struct HamMove::LocalizedName const &)	private: void __cdecl stlpmtx_std::vector<class CharHair::Strand, class stlpmtx_std::StlNodeAlloc<class CharHair::Strand>>::_M_fill_insert(class CharHair::Strand *, unsigned int, class CharHair::Strand const &)
128	BC_DIFFERENT_UNRESOLVED	engine	default/CharLipSync	?resize@?$vector@VString@@V?$StlNodeAlloc@VString@@@stlpmtx_std@@@stlpmtx_std@@QAAXIABVString@@@Z	99.8438	DIFFERENT	REFUTED	private: void __cdecl stlpmtx_std::vector<class SongSection, class stlpmtx_std::StlNodeAlloc<class SongSection>>::_M_fill_insert(class SongSection *, unsigned int, class SongSection const &)	private: void __cdecl stlpmtx_std::vector<class String, class stlpmtx_std::StlNodeAlloc<class String>>::_M_fill_insert(class String *, unsigned int, class String const &)
128	C_PROVEN_CALLEE	engine	default/Sfx	??$Find@VObject@Hmx@@@Synth@@QAAPAVObject@Hmx@@PBD_N@Z	99.8438	DIFFERENT	CORROBORATED	public: class Sequence * __cdecl ObjectDir::Find<class Sequence>(char const *, bool)	public: class Hmx::Object * __cdecl ObjectDir::Find<class Hmx::Object>(char const *, bool)
128	BC_DIFFERENT_UNRESOLVED	engine	default/Sfx	?resize@?$vector@VSfxMap@@V?$StlNodeAlloc@VSfxMap@@@stlpmtx_std@@@stlpmtx_std@@QAAXIABVSfxMap@@@Z	99.8438	DIFFERENT	REFUTED	protected: class MoggClipMap * __cdecl stlpmtx_std::vector<class MoggClipMap, class stlpmtx_std::StlNodeAlloc<class MoggClipMap>>::_M_erase(class MoggClipMap *, class MoggClipMap *, struct stlpmtx_std::__false_type const &)	protected: class SfxMap * __cdecl stlpmtx_std::vector<class SfxMap, class stlpmtx_std::StlNodeAlloc<class SfxMap>>::_M_erase(class SfxMap *, class SfxMap *, struct stlpmtx_std::__false_type const &)
128	BC_DIFFERENT_UNRESOLVED	engine	default/Character	?resize@?$vector@ULod@Character@@V?$StlNodeAlloc@ULod@Character@@@stlpmtx_std@@@stlpmtx_std@@QAAXIABULod@Character@@@Z	99.7812	DIFFERENT	REFUTED	protected: class ObjPtr<class Sequence> * __cdecl stlpmtx_std::vector<class ObjPtr<class Sequence>, class stlpmtx_std::StlNodeAlloc<class ObjPtr<class Sequence>>>::_M_erase(class ObjPtr<class Sequence> *, class ObjPtr<class Sequence> *, struct stlpmtx_std::__false_type const &)	protected: struct Character::Lod * __cdecl stlpmtx_std::vector<struct Character::Lod, class stlpmtx_std::StlNodeAlloc<struct Character::Lod>>::_M_erase(struct Character::Lod *, struct Character::Lod *, struct stlpmtx_std::__false_type const &)
128	BC_DIFFERENT_UNRESOLVED	engine	default/Waypoint	?resize@?$vector@V?$ObjPtr@VSeqInst@@@@V?$StlNodeAlloc@V?$ObjPtr@VSeqInst@@@@@stlpmtx_std@@@stlpmtx_std@@QAAXIABV?$ObjPtr@VSeqInst@@@@@Z	99.8438	DIFFERENT	REFUTED	protected: class ObjOwnerPtr<class RndTransformable> * __cdecl stlpmtx_std::vector<class ObjOwnerPtr<class RndTransformable>, class stlpmtx_std::StlNodeAlloc<class ObjOwnerPtr<class RndTransformable>>>::_M_erase(class ObjOwnerPtr<class RndTransformable> *, class ObjOwnerPtr<class RndTransformable> *, struct stlpmtx_std::__false_type const &)	protected: class ObjPtr<class SeqInst> * __cdecl stlpmtx_std::vector<class ObjPtr<class SeqInst>, class stlpmtx_std::StlNodeAlloc<class ObjPtr<class SeqInst>>>::_M_erase(class ObjPtr<class SeqInst> *, class ObjPtr<class SeqInst> *, struct stlpmtx_std::__false_type const &)
128	BC_DIFFERENT_UNRESOLVED	engine	default/SongCollision	?push_back@?$vector@UBeatCollisionData@@V?$StlNodeAlloc@UBeatCollisionData@@@stlpmtx_std@@@stlpmtx_std@@QAAXABUBeatCollisionData@@@Z	99.8438	DIFFERENT	REFUTED	protected: void __cdecl stlpmtx_std::vector<struct MemDiffEntry, class stlpmtx_std::StlNodeAlloc<struct MemDiffEntry>>::_M_insert_overflow_aux(struct MemDiffEntry *, struct MemDiffEntry const &, struct stlpmtx_std::__false_type const &, unsigned int, bool)	protected: void __cdecl stlpmtx_std::vector<struct BeatCollisionData, class stlpmtx_std::StlNodeAlloc<struct BeatCollisionData>>::_M_insert_overflow_aux(struct BeatCollisionData *, struct BeatCollisionData const &, struct stlpmtx_std::__false_type const &, unsigned int, bool)
128	BC_DIFFERENT_UNRESOLVED	engine	default/SongLayout	?push_back@?$vector@VSongSection@@V?$StlNodeAlloc@VSongSection@@@stlpmtx_std@@@stlpmtx_std@@QAAXABVSongSection@@@Z	99.8438	DIFFERENT	REFUTED	protected: void __cdecl stlpmtx_std::vector<struct stlpmtx_std::pair<int, int>, class stlpmtx_std::StlNodeAlloc<struct stlpmtx_std::pair<int, int>>>::_M_insert_overflow_aux(struct stlpmtx_std::pair<int, int> *, struct stlpmtx_std::pair<int, int> const &, struct stlpmtx_std::__false_type const &, unsigned int, bool)	protected: void __cdecl stlpmtx_std::vector<class SongSection, class stlpmtx_std::StlNodeAlloc<class SongSection>>::_M_insert_overflow_aux(class SongSection *, class SongSection const &, struct stlpmtx_std::__false_type const &, unsigned int, bool)
128	C_PROVEN_CALLEE	engine	default/SongLayout	?resize@?$vector@VSongPattern@@V?$StlNodeAlloc@VSongPattern@@@stlpmtx_std@@@stlpmtx_std@@QAAXIABVSongPattern@@@Z	99.7812	DIFFERENT	CORROBORATED	protected: class OutfitConfig::MeshAO * __cdecl stlpmtx_std::vector<class OutfitConfig::MeshAO, class stlpmtx_std::StlNodeAlloc<class OutfitConfig::MeshAO>>::_M_erase(class OutfitConfig::MeshAO *, class OutfitConfig::MeshAO *, struct stlpmtx_std::__false_type const &)	protected: class SongPattern * __cdecl stlpmtx_std::vector<class SongPattern, class stlpmtx_std::StlNodeAlloc<class SongPattern>>::_M_erase(class SongPattern *, class SongPattern *, struct stlpmtx_std::__false_type const &)
128	BC_DIFFERENT_UNRESOLVED	engine	default/AmbientOcclusion	?push_back@?$vector@VTriangle@@V?$StlNodeAlloc@VTriangle@@@stlpmtx_std@@@stlpmtx_std@@QAAXABVTriangle@@@Z	99.8438	DIFFERENT	REFUTED	protected: void __cdecl stlpmtx_std::vector<class Key<class Transform>, class stlpmtx_std::StlNodeAlloc<class Key<class Transform>>>::_M_insert_overflow_aux(class Key<class Transform> *, class Key<class Transform> const &, struct stlpmtx_std::__false_type const &, unsigned int, bool)	protected: void __cdecl stlpmtx_std::vector<class Triangle, class stlpmtx_std::StlNodeAlloc<class Triangle>>::_M_insert_overflow_aux(class Triangle *, class Triangle const &, struct stlpmtx_std::__false_type const &, unsigned int, bool)
128	A_FOLD_CONSISTENT	engine	default/DataEventList	?Reset@DataEventList@@QAAXM@Z	99.8438	SAME	REFUTED	struct DataEventList::CompEv * __cdecl stlpmtx_std::__lower_bound<struct DataEventList::CompEv *, float, struct `anonymous namespace'::EventTimeCompComp, int>(struct DataEventList::CompEv *, struct DataEventList::CompEv *, float const &, struct `anonymous namespace'::EventTimeCompComp, int *)	class DataEvent * __cdecl stlpmtx_std::__lower_bound<class DataEvent *, float, struct `anonymous namespace'::EventTimeComp, int>(class DataEvent *, class DataEvent *, float const &, struct `anonymous namespace'::EventTimeComp, int *)
128	BC_DIFFERENT_UNRESOLVED	engine	default/MidiReader	?push_back@?$vector@UMidi@MidiReader@@V?$StlNodeAlloc@UMidi@MidiReader@@@stlpmtx_std@@@stlpmtx_std@@QAAXABUMidi@MidiReader@@@Z	99.8438	DIFFERENT	REFUTED	protected: void __cdecl stlpmtx_std::vector<struct MultiTempoTempoMap::TempoInfoPoint, class stlpmtx_std::StlNodeAlloc<struct MultiTempoTempoMap::TempoInfoPoint>>::_M_insert_overflow_aux(struct MultiTempoTempoMap::TempoInfoPoint *, struct MultiTempoTempoMap::TempoInfoPoint const &, struct stlpmtx_std::__false_type const &, unsigned int, bool)	protected: void __cdecl stlpmtx_std::vector<struct MidiReader::Midi, class stlpmtx_std::StlNodeAlloc<struct MidiReader::Midi>>::_M_insert_overflow_aux(struct MidiReader::Midi *, struct MidiReader::Midi const &, struct stlpmtx_std::__false_type const &, unsigned int, bool)
128	UNDECIDABLE	engine	default/TrackDir	??$?5VTransform@@V?$StlNodeAlloc@VTransform@@@stlpmtx_std@@@@YAAAVBinStream@@AAV0@AAV?$vector@VTransform@@V?$StlNodeAlloc@VTransform@@@stlpmtx_std@@@stlpmtx_std@@@Z	99.8438	UNKNOWN	CORROBORATED	public: void __cdecl stlpmtx_std::vector<class ObjectDir::Viewport, class stlpmtx_std::StlNodeAlloc<class ObjectDir::Viewport>>::resize(unsigned int, class ObjectDir::Viewport const &)	public: void __cdecl stlpmtx_std::vector<class Transform, class stlpmtx_std::StlNodeAlloc<class Transform>>::resize(unsigned int, class Transform const &)
128	UNDECIDABLE	engine	default/UIListSlot	?StartScroll@UIListSlot@@UAAXH_N@Z	99.8438	UNKNOWN	REFUTED	private: void __cdecl stlpmtx_std::vector<class Hmx::Object *, class stlpmtx_std::StlNodeAlloc<class Hmx::Object *>>::_M_fill_insert(class Hmx::Object **, unsigned int, class Hmx::Object *const &)	private: void __cdecl stlpmtx_std::vector<class UIListSlotElement *, class stlpmtx_std::StlNodeAlloc<class UIListSlotElement *>>::_M_fill_insert(class UIListSlotElement **, unsigned int, class UIListSlotElement *const &)
124	A_FOLD_CONSISTENT	engine	default/AnimFilter	??1RndAnimFilter@@UAA@XZ	99.8387	SAME	REFUTED	public: virtual __cdecl ObjRefConcrete<class BandLabel, class ObjectDir>::~ObjRefConcrete<class BandLabel, class ObjectDir>(void)	public: virtual __cdecl ObjRefConcrete<class RndAnimatable, class ObjectDir>::~ObjRefConcrete<class RndAnimatable, class ObjectDir>(void)
124	A_FOLD_CONSISTENT	game	default/band3/game/Band	?AddPlayer@Band@@QAAPAVPlayer@@PAVBeatMaster@@PAVBandUser@@@Z	99.8387	SAME	REFUTED	public: void __cdecl stlpmtx_std::vector<class ChatReceiver *, class stlpmtx_std::StlNodeAlloc<class ChatReceiver *>>::push_back(class ChatReceiver *const &)	public: void __cdecl stlpmtx_std::vector<class Player *, class stlpmtx_std::StlNodeAlloc<class Player *>>::push_back(class Player *const &)
124	A_FOLD_CONSISTENT	game	default/OvershellPanel	?QueueUserToJoin@OvershellPanel@@QAAXPAVLocalBandUser@@@Z	99.8387	SAME	REFUTED	public: void __cdecl stlpmtx_std::vector<class ChatReceiver *, class stlpmtx_std::StlNodeAlloc<class ChatReceiver *>>::push_back(class ChatReceiver *const &)	public: void __cdecl stlpmtx_std::vector<class LocalBandUser *, class stlpmtx_std::StlNodeAlloc<class LocalBandUser *>>::push_back(class LocalBandUser *const &)
124	UNDECIDABLE	game	default/band3/game/CommonPhraseCapturer	?ExtendPhraseStates@CommonPhraseCapturer@@QAAXH@Z	99.8387	UNKNOWN	UNKNOWN	private: void __cdecl stlpmtx_std::vector<struct MidiParser::Note, class stlpmtx_std::StlNodeAlloc<struct MidiParser::Note>>::_M_fill_insert(struct MidiParser::Note *, unsigned int, struct MidiParser::Note const &)	private: void __cdecl stlpmtx_std::vector<class CommonPhraseCapturer::PhraseState, class stlpmtx_std::StlNodeAlloc<class CommonPhraseCapturer::PhraseState>>::_M_fill_insert(class CommonPhraseCapturer::PhraseState *, unsigned int, class CommonPhraseCapturer::PhraseState const &)
124	A_FOLD_CONSISTENT	game	default/Matchmaker	??0QuickFinding@@QAA@XZ	99.8387	SAME	REFUTED	public: void __cdecl stlpmtx_std::vector<struct CharPollableSorter::Dep *, class stlpmtx_std::StlNodeAlloc<struct CharPollableSorter::Dep *>>::reserve(unsigned int)	public: void __cdecl stlpmtx_std::vector<int, class stlpmtx_std::StlNodeAlloc<int>>::reserve(unsigned int)
124	A_FOLD_CONSISTENT	game	default/band3/game/Singer	??0VocalScoreHistory@@QAA@ABV0@@Z	99.8387	SAME	REFUTED	public: __cdecl stlpmtx_std::vector<int, class stlpmtx_std::StlNodeAlloc<int>>::vector<int, class stlpmtx_std::StlNodeAlloc<int>>(class stlpmtx_std::vector<int, class stlpmtx_std::StlNodeAlloc<int>> const &)	public: __cdecl stlpmtx_std::vector<float, class stlpmtx_std::StlNodeAlloc<float>>::vector<float, class stlpmtx_std::StlNodeAlloc<float>>(class stlpmtx_std::vector<float, class stlpmtx_std::StlNodeAlloc<float>> const &)
124	A_FOLD_CONSISTENT	game	default/BandSongMetadata	??A?$hash_map@VSymbol@@MU?$hash@VSymbol@@@stlpmtx_std@@U?$equal_to@VSymbol@@@3@V?$StlNodeAlloc@U?$pair@$$CBVSymbol@@M@stlpmtx_std@@@3@@stlpmtx_std@@QAAAAMABVSymbol@@@Z	99.8387	SAME	CORROBORATED	private: class stlpmtx_std::priv::_Slist_iterator<struct stlpmtx_std::pair<class Symbol const, int>, struct stlpmtx_std::_Nonconst_traits<struct stlpmtx_std::pair<class Symbol const, int>>> __cdecl stlpmtx_std::hashtable<struct stlpmtx_std::pair<class Symbol const, int>, class Symbol, struct stlpmtx_std::hash<class Symbol>, struct stlpmtx_std::priv::_HashMapTraitsT<struct stlpmtx_std::pair<class Symbol const, int>>, struct stlpmtx_std::_Select1st<struct stlpmtx_std::pair<class Symbol const, int>>, struct stlpmtx_std::equal_to<class Symbol>, class stlpmtx_std::StlNodeAlloc<struct stlpmtx_std::pair<class Symbol const, int>>>::_M_find<class Symbol>(class Symbol const &) const	private: class stlpmtx_std::priv::_Slist_iterator<struct stlpmtx_std::pair<class Symbol const, float>, struct stlpmtx_std::_Nonconst_traits<struct stlpmtx_std::pair<class Symbol const, float>>> __cdecl stlpmtx_std::hashtable<struct stlpmtx_std::pair<class Symbol const, float>, class Symbol, struct stlpmtx_std::hash<class Symbol>, struct stlpmtx_std::priv::_HashMapTraitsT<struct stlpmtx_std::pair<class Symbol const, float>>, struct stlpmtx_std::_Select1st<struct stlpmtx_std::pair<class Symbol const, float>>, struct stlpmtx_std::equal_to<class Symbol>, class stlpmtx_std::StlNodeAlloc<struct stlpmtx_std::pair<class Symbol const, float>>>::_M_find<class Symbol>(class Symbol const &) const
124	A_FOLD_CONSISTENT	game	default/BandSongMgr	??A?$hash_map@HVSymbol@@U?$hash@H@stlpmtx_std@@U?$equal_to@H@3@V?$StlNodeAlloc@U?$pair@$$CBHVSymbol@@@stlpmtx_std@@@3@@stlpmtx_std@@QAAAAVSymbol@@ABH@Z	99.8387	SAME	CORROBORATED	public: struct stlpmtx_std::pair<int const, class SongStatus *> & __cdecl stlpmtx_std::hashtable<struct stlpmtx_std::pair<int const, class SongStatus *>, int, struct stlpmtx_std::hash<int>, struct stlpmtx_std::priv::_HashMapTraitsT<struct stlpmtx_std::pair<int const, class SongStatus *>>, struct stlpmtx_std::_Select1st<struct stlpmtx_std::pair<int const, class SongStatus *>>, struct stlpmtx_std::equal_to<int>, class stlpmtx_std::StlNodeAlloc<struct stlpmtx_std::pair<int const, class SongStatus *>>>::_M_insert(struct stlpmtx_std::pair<int const, class SongStatus *> const &)	public: struct stlpmtx_std::pair<int const, class Symbol> & __cdecl stlpmtx_std::hashtable<struct stlpmtx_std::pair<int const, class Symbol>, int, struct stlpmtx_std::hash<int>, struct stlpmtx_std::priv::_HashMapTraitsT<struct stlpmtx_std::pair<int const, class Symbol>>, struct stlpmtx_std::_Select1st<struct stlpmtx_std::pair<int const, class Symbol>>, struct stlpmtx_std::equal_to<int>, class stlpmtx_std::StlNodeAlloc<struct stlpmtx_std::pair<int const, class Symbol>>>::_M_insert(struct stlpmtx_std::pair<int const, class Symbol> const &)
124	A_FOLD_CONSISTENT	engine	default/OvershellDir	?CacheLists@OvershellDir@@QAAXXZ	99.8387	SAME	REFUTED	public: void __cdecl stlpmtx_std::vector<class ChatReceiver *, class stlpmtx_std::StlNodeAlloc<class ChatReceiver *>>::push_back(class ChatReceiver *const &)	public: void __cdecl stlpmtx_std::vector<class BandList *, class stlpmtx_std::StlNodeAlloc<class BandList *>>::push_back(class BandList *const &)
124	BC_DIFFERENT_UNRESOLVED	engine	default/Character	?resize@?$vector@VSampleMarker@@V?$StlNodeAlloc@VSampleMarker@@@stlpmtx_std@@@stlpmtx_std@@QAAXIABVSampleMarker@@@Z	99.8387	DIFFERENT	REFUTED	protected: class OutfitConfig::Overlay * __cdecl stlpmtx_std::vector<class OutfitConfig::Overlay, class stlpmtx_std::StlNodeAlloc<class OutfitConfig::Overlay>>::_M_erase(class OutfitConfig::Overlay *, class OutfitConfig::Overlay *, struct stlpmtx_std::__false_type const &)	protected: class SampleMarker * __cdecl stlpmtx_std::vector<class SampleMarker, class stlpmtx_std::StlNodeAlloc<class SampleMarker>>::_M_erase(class SampleMarker *, class SampleMarker *, struct stlpmtx_std::__false_type const &)
124	C_PROVEN_CALLEE	engine	default/HamCamTransform	?resize@?$vector@UDistEntry@@V?$StlNodeAlloc@UDistEntry@@@stlpmtx_std@@@stlpmtx_std@@QAAXIABUDistEntry@@@Z	99.8387	DIFFERENT	CORROBORATED	protected: class OutfitConfig::Piercing::Piece * __cdecl stlpmtx_std::vector<class OutfitConfig::Piercing::Piece, class stlpmtx_std::StlNodeAlloc<class OutfitConfig::Piercing::Piece>>::_M_erase(class OutfitConfig::Piercing::Piece *, class OutfitConfig::Piercing::Piece *, struct stlpmtx_std::__false_type const &)	protected: struct DistEntry * __cdecl stlpmtx_std::vector<struct DistEntry, class stlpmtx_std::StlNodeAlloc<struct DistEntry>>::_M_erase(struct DistEntry *, struct DistEntry *, struct stlpmtx_std::__false_type const &)
124	A_FOLD_CONSISTENT	engine	default/system/rndobj/Utl	?ListDrawGroups@@YAXPAVRndDrawable@@PAVObjectDir@@AAV?$list@PAVRndGroup@@V?$StlNodeAlloc@PAVRndGroup@@@stlpmtx_std@@@stlpmtx_std@@@Z	99.8387	SAME	REFUTED	public: struct stlpmtx_std::_List_iterator<class CharClip *, struct stlpmtx_std::_Nonconst_traits<class CharClip *>> __cdecl stlpmtx_std::list<class CharClip *, class stlpmtx_std::StlNodeAlloc<class CharClip *>>::insert(struct stlpmtx_std::_List_iterator<class CharClip *, struct stlpmtx_std::_Nonconst_traits<class CharClip *>>, class CharClip *const &)	public: struct stlpmtx_std::_List_iterator<class RndGroup *, struct stlpmtx_std::_Nonconst_traits<class RndGroup *>> __cdecl stlpmtx_std::list<class RndGroup *, class stlpmtx_std::StlNodeAlloc<class RndGroup *>>::insert(struct stlpmtx_std::_List_iterator<class RndGroup *, struct stlpmtx_std::_Nonconst_traits<class RndGroup *>>, class RndGroup *const &)
124	UNDECIDABLE	engine	default/MeshAnim	?resize@?$vector@V?$Key@V?$vector@VVector3@@V?$StlNodeAlloc@VVector3@@@stlpmtx_std@@@stlpmtx_std@@@@V?$StlNodeAlloc@V?$Key@V?$vector@VVector3@@V?$StlNodeAlloc@VVector3@@@stlpmtx_std@@@stlpmtx_std@@@@@stlpmtx_std@@@stlpmtx_std@@QAAXIABV?$Key@V?$vector@VVector3@@V?$StlNodeAlloc@VVector3@@@stlpmtx_std@@@stlpmtx_std@@@@@Z	99.8387	UNKNOWN	REFUTED	private: void __cdecl stlpmtx_std::vector<class Key<class stlpmtx_std::vector<class Hmx::Color, class stlpmtx_std::StlNodeAlloc<class Hmx::Color>>>, class stlpmtx_std::StlNodeAlloc<class Key<class stlpmtx_std::vector<class Hmx::Color, class stlpmtx_std::StlNodeAlloc<class Hmx::Color>>>>>::_M_fill_insert(class Key<class stlpmtx_std::vector<class Hmx::Color, class stlpmtx_std::StlNodeAlloc<class Hmx::Color>>> *, unsigned int, class Key<class stlpmtx_std::vector<class Hmx::Color, class stlpmtx_std::StlNodeAlloc<class Hmx::Color>>> const &)	private: void __cdecl stlpmtx_std::vector<class Key<class stlpmtx_std::vector<class Vector3, class stlpmtx_std::StlNodeAlloc<class Vector3>>>, class stlpmtx_std::StlNodeAlloc<class Key<class stlpmtx_std::vector<class Vector3, class stlpmtx_std::StlNodeAlloc<class Vector3>>>>>::_M_fill_insert(class Key<class stlpmtx_std::vector<class Vector3, class stlpmtx_std::StlNodeAlloc<class Vector3>>> *, unsigned int, class Key<class stlpmtx_std::vector<class Vector3, class stlpmtx_std::StlNodeAlloc<class Vector3>>> const &)
124	BC_DIFFERENT_UNRESOLVED	engine	default/PropAnim	?push_back@?$vector@VDataArrayPtr@@V?$StlNodeAlloc@VDataArrayPtr@@@stlpmtx_std@@@stlpmtx_std@@QAAXABVDataArrayPtr@@@Z	99.8387	DIFFERENT	REFUTED	protected: void __cdecl stlpmtx_std::vector<class LiveCameraInput::TextureStore, class stlpmtx_std::StlNodeAlloc<class LiveCameraInput::TextureStore>>::_M_insert_overflow_aux(class LiveCameraInput::TextureStore *, class LiveCameraInput::TextureStore const &, struct stlpmtx_std::__false_type const &, unsigned int, bool)	protected: void __cdecl stlpmtx_std::vector<class DataArrayPtr, class stlpmtx_std::StlNodeAlloc<class DataArrayPtr>>::_M_insert_overflow_aux(class DataArrayPtr *, class DataArrayPtr const &, struct stlpmtx_std::__false_type const &, unsigned int, bool)
120	BC_DIFFERENT_UNRESOLVED	engine	default/OutfitConfig	??1MatSwap@OutfitConfig@@QAA@XZ	99.8333	DIFFERENT	REFUTED	public: __cdecl stlpmtx_std::vector<struct ObjPtrVec<class Hmx::Object, class ObjectDir>::Node, class stlpmtx_std::StlNodeAlloc<struct ObjPtrVec<class Hmx::Object, class ObjectDir>::Node>>::~vector<struct ObjPtrVec<class Hmx::Object, class ObjectDir>::Node, class stlpmtx_std::StlNodeAlloc<struct ObjPtrVec<class Hmx::Object, class ObjectDir>::Node>>(void)	public: __cdecl stlpmtx_std::vector<class ObjPtr<class RndTex>, class stlpmtx_std::StlNodeAlloc<class ObjPtr<class RndTex>>>::~vector<class ObjPtr<class RndTex>, class stlpmtx_std::StlNodeAlloc<class ObjPtr<class RndTex>>>(void)
120	A_FOLD_CONSISTENT	game	default/band3/bandtrack/Lyric	?AddLyric@LyricPlate@@QAAXPAVLyric@@@Z	99.8333	SAME	REFUTED	public: void __cdecl stlpmtx_std::vector<class ChatReceiver *, class stlpmtx_std::StlNodeAlloc<class ChatReceiver *>>::push_back(class ChatReceiver *const &)	public: void __cdecl stlpmtx_std::vector<class Lyric *, class stlpmtx_std::StlNodeAlloc<class Lyric *>>::push_back(class Lyric *const &)
120	BC_DIFFERENT_UNRESOLVED	engine	default/PropKeys	?push_back@?$vector@U?$pair@HM@stlpmtx_std@@V?$StlNodeAlloc@U?$pair@HM@stlpmtx_std@@@2@@stlpmtx_std@@QAAXABU?$pair@HM@2@@Z	99.8333	DIFFERENT	REFUTED	protected: void __cdecl stlpmtx_std::vector<struct LightPreset::SpotlightDrawerEntry, class stlpmtx_std::StlNodeAlloc<struct LightPreset::SpotlightDrawerEntry>>::_M_insert_overflow_aux(struct LightPreset::SpotlightDrawerEntry *, struct LightPreset::SpotlightDrawerEntry const &, struct stlpmtx_std::__false_type const &, unsigned int, bool)	protected: void __cdecl stlpmtx_std::vector<struct stlpmtx_std::pair<int, float>, class stlpmtx_std::StlNodeAlloc<struct stlpmtx_std::pair<int, float>>>::_M_insert_overflow_aux(struct stlpmtx_std::pair<int, float> *, struct stlpmtx_std::pair<int, float> const &, struct stlpmtx_std::__false_type const &, unsigned int, bool)
120	UNDECIDABLE	game	default/VocalPlayer	?push_back@?$vector@U?$pair@PBVVocalPhrase@@PAVVocalPart@@@stlpmtx_std@@V?$StlNodeAlloc@U?$pair@PBVVocalPhrase@@PAVVocalPart@@@stlpmtx_std@@@2@@stlpmtx_std@@QAAXABU?$pair@PBVVocalPhrase@@PAVVocalPart@@@2@@Z	99.8333	UNKNOWN	REFUTED	protected: void __cdecl stlpmtx_std::vector<class MicClientID, class stlpmtx_std::StlNodeAlloc<class MicClientID>>::_M_insert_overflow_aux(class MicClientID *, class MicClientID const &, struct stlpmtx_std::__false_type const &, unsigned int, bool)	protected: void __cdecl stlpmtx_std::vector<struct stlpmtx_std::pair<class VocalPhrase const *, class VocalPart *>, class stlpmtx_std::StlNodeAlloc<struct stlpmtx_std::pair<class VocalPhrase const *, class VocalPart *>>>::_M_insert_overflow_aux(struct stlpmtx_std::pair<class VocalPhrase const *, class VocalPart *> *, struct stlpmtx_std::pair<class VocalPhrase const *, class VocalPart *> const &, struct stlpmtx_std::__false_type const &, unsigned int, bool)
120	UNDECIDABLE	engine	default/system/rndobj/Utl	?push_back@?$vector@VVector2@@V?$StlNodeAlloc@VVector2@@@stlpmtx_std@@@stlpmtx_std@@QAAXABVVector2@@@Z	99.8333	UNKNOWN	REFUTED	protected: void __cdecl stlpmtx_std::vector<class Key<float>, class stlpmtx_std::StlNodeAlloc<class Key<float>>>::_M_insert_overflow_aux(class Key<float> *, class Key<float> const &, struct stlpmtx_std::__false_type const &, unsigned int, bool)	protected: void __cdecl stlpmtx_std::vector<class Vector2, class stlpmtx_std::StlNodeAlloc<class Vector2>>::_M_insert_overflow_aux(class Vector2 *, class Vector2 const &, struct stlpmtx_std::__false_type const &, unsigned int, bool)
120	BC_DIFFERENT_UNRESOLVED	engine	default/CharLipSync	??1CharLipSync@@UAA@XZ	99.8333	DIFFERENT	REFUTED	public: __cdecl stlpmtx_std::vector<struct ObjPtrVec<class Hmx::Object, class ObjectDir>::Node, class stlpmtx_std::StlNodeAlloc<struct ObjPtrVec<class Hmx::Object, class ObjectDir>::Node>>::~vector<struct ObjPtrVec<class Hmx::Object, class ObjectDir>::Node, class stlpmtx_std::StlNodeAlloc<struct ObjPtrVec<class Hmx::Object, class ObjectDir>::Node>>(void)	public: __cdecl stlpmtx_std::vector<class String, class stlpmtx_std::StlNodeAlloc<class String>>::~vector<class String, class stlpmtx_std::StlNodeAlloc<class String>>(void)
120	A_FOLD_CONSISTENT	game	default/band3/meta_band/BandProfile	?SetLessonComplete@BandProfile@@QAAXABVSymbol@@M@Z	99.8333	SAME	CORROBORATED	private: class stlpmtx_std::priv::_Slist_iterator<struct stlpmtx_std::pair<class Symbol const, int>, struct stlpmtx_std::_Nonconst_traits<struct stlpmtx_std::pair<class Symbol const, int>>> __cdecl stlpmtx_std::hashtable<struct stlpmtx_std::pair<class Symbol const, int>, class Symbol, struct stlpmtx_std::hash<class Symbol>, struct stlpmtx_std::priv::_HashMapTraitsT<struct stlpmtx_std::pair<class Symbol const, int>>, struct stlpmtx_std::_Select1st<struct stlpmtx_std::pair<class Symbol const, int>>, struct stlpmtx_std::equal_to<class Symbol>, class stlpmtx_std::StlNodeAlloc<struct stlpmtx_std::pair<class Symbol const, int>>>::_M_find<class Symbol>(class Symbol const &) const	private: class stlpmtx_std::priv::_Slist_iterator<struct stlpmtx_std::pair<class Symbol const, float>, struct stlpmtx_std::_Nonconst_traits<struct stlpmtx_std::pair<class Symbol const, float>>> __cdecl stlpmtx_std::hashtable<struct stlpmtx_std::pair<class Symbol const, float>, class Symbol, struct stlpmtx_std::hash<class Symbol>, struct stlpmtx_std::priv::_HashMapTraitsT<struct stlpmtx_std::pair<class Symbol const, float>>, struct stlpmtx_std::_Select1st<struct stlpmtx_std::pair<class Symbol const, float>>, struct stlpmtx_std::equal_to<class Symbol>, class stlpmtx_std::StlNodeAlloc<struct stlpmtx_std::pair<class Symbol const, float>>>::_M_find<class Symbol>(class Symbol const &) const
120	UNDECIDABLE	game	default/BandSongMgr	?push_back@?$vector@U?$pair@MM@stlpmtx_std@@V?$StlNodeAlloc@U?$pair@MM@stlpmtx_std@@@2@@stlpmtx_std@@QAAXABU?$pair@MM@2@@Z	99.8333	UNKNOWN	NOT_INSTANTIATED	protected: void __cdecl stlpmtx_std::vector<enum MatPropEditAction, class stlpmtx_std::StlNodeAlloc<enum MatPropEditAction>>::_M_insert_overflow_aux(enum MatPropEditAction *, enum MatPropEditAction const &, struct stlpmtx_std::__false_type const &, unsigned int, bool)	protected: void __cdecl stlpmtx_std::vector<struct stlpmtx_std::pair<float, float>, class stlpmtx_std::StlNodeAlloc<struct stlpmtx_std::pair<float, float>>>::_M_insert_overflow_aux(struct stlpmtx_std::pair<float, float> *, struct stlpmtx_std::pair<float, float> const &, struct stlpmtx_std::__false_type const &, unsigned int, bool)
120	A_FOLD_CONSISTENT	game	default/SongStatusMgr	??A?$hash_map@HPAVSongUpgradeData@@U?$hash@H@stlpmtx_std@@U?$equal_to@H@3@V?$StlNodeAlloc@U?$pair@$$CBHPAVSongUpgradeData@@@stlpmtx_std@@@3@@stlpmtx_std@@QAAAAPAVSongUpgradeData@@ABH@Z	99.8333	SAME	CORROBORATED	public: struct stlpmtx_std::pair<int const, class SongStatus *> & __cdecl stlpmtx_std::hashtable<struct stlpmtx_std::pair<int const, class SongStatus *>, int, struct stlpmtx_std::hash<int>, struct stlpmtx_std::priv::_HashMapTraitsT<struct stlpmtx_std::pair<int const, class SongStatus *>>, struct stlpmtx_std::_Select1st<struct stlpmtx_std::pair<int const, class SongStatus *>>, struct stlpmtx_std::equal_to<int>, class stlpmtx_std::StlNodeAlloc<struct stlpmtx_std::pair<int const, class SongStatus *>>>::_M_insert(struct stlpmtx_std::pair<int const, class SongStatus *> const &)	public: struct stlpmtx_std::pair<int const, class SongUpgradeData *> & __cdecl stlpmtx_std::hashtable<struct stlpmtx_std::pair<int const, class SongUpgradeData *>, int, struct stlpmtx_std::hash<int>, struct stlpmtx_std::priv::_HashMapTraitsT<struct stlpmtx_std::pair<int const, class SongUpgradeData *>>, struct stlpmtx_std::_Select1st<struct stlpmtx_std::pair<int const, class SongUpgradeData *>>, struct stlpmtx_std::equal_to<int>, class stlpmtx_std::StlNodeAlloc<struct stlpmtx_std::pair<int const, class SongUpgradeData *>>>::_M_insert(struct stlpmtx_std::pair<int const, class SongUpgradeData *> const &)
120	BC_DIFFERENT_UNRESOLVED	game	default/band3/meta_band/SongUpgradeMgr	??$?5VSymbol@@V?$vector@HV?$StlNodeAlloc@H@stlpmtx_std@@@stlpmtx_std@@@@YAAAVBinStream@@AAV0@AAV?$hash_map@VSymbol@@V?$vector@HV?$StlNodeAlloc@H@stlpmtx_std@@@stlpmtx_std@@U?$hash@VSymbol@@@3@U?$equal_to@VSymbol@@@3@V?$StlNodeAlloc@U?$pair@$$CBVSymbol@@V?$vector@HV?$StlNodeAlloc@H@stlpmtx_std@@@stlpmtx_std@@@stlpmtx_std@@@3@@stlpmtx_std@@@Z	99.8333	DIFFERENT	REFUTED	public: class stlpmtx_std::vector<class LightPreset *, class stlpmtx_std::StlNodeAlloc<class LightPreset *>> & __cdecl stlpmtx_std::hash_map<class Symbol, class stlpmtx_std::vector<class LightPreset *, class stlpmtx_std::StlNodeAlloc<class LightPreset *>>, struct LightPresetManager::SymbolHash, struct stlpmtx_std::equal_to<class Symbol>, class stlpmtx_std::StlNodeAlloc<struct stlpmtx_std::pair<class Symbol const, class stlpmtx_std::vector<class LightPreset *, class stlpmtx_std::StlNodeAlloc<class LightPreset *>>>>>::operator[](class Symbol const &)	public: class stlpmtx_std::vector<int, class stlpmtx_std::StlNodeAlloc<int>> & __cdecl stlpmtx_std::hash_map<class Symbol, class stlpmtx_std::vector<int, class stlpmtx_std::StlNodeAlloc<int>>, struct stlpmtx_std::hash<class Symbol>, struct stlpmtx_std::equal_to<class Symbol>, class stlpmtx_std::StlNodeAlloc<struct stlpmtx_std::pair<class Symbol const, class stlpmtx_std::vector<int, class stlpmtx_std::StlNodeAlloc<int>>>>>::operator[](class Symbol const &)
120	A_FOLD_CONSISTENT	engine	default/system/bandobj/DialogDisplay	?Replace@?$ObjPtr@VUILabel@@@@UAAXPAVObjRef@@PAVObject@Hmx@@@Z	99.8333	SAME	REFUTED	public: void __cdecl ObjRefConcrete<class BandCharacter, class ObjectDir>::SetObjConcrete(class BandCharacter *)	public: void __cdecl ObjRefConcrete<class UILabel, class ObjectDir>::SetObjConcrete(class UILabel *)
120	C_PROVEN_CALLEE	engine	default/ContentMgr	?AddCallbackFile@ContentMgr@@IAAXPBD0@Z	99.8333	DIFFERENT	CORROBORATED	public: struct stlpmtx_std::_List_iterator<class DataNode, struct stlpmtx_std::_Nonconst_traits<class DataNode>> __cdecl stlpmtx_std::list<class DataNode, class stlpmtx_std::StlNodeAlloc<class DataNode>>::insert(struct stlpmtx_std::_List_iterator<class DataNode, struct stlpmtx_std::_Nonconst_traits<class DataNode>>, class DataNode const &)	public: struct stlpmtx_std::_List_iterator<struct ContentMgr::CallbackFile, struct stlpmtx_std::_Nonconst_traits<struct ContentMgr::CallbackFile>> __cdecl stlpmtx_std::list<struct ContentMgr::CallbackFile, class stlpmtx_std::StlNodeAlloc<struct ContentMgr::CallbackFile>>::insert(struct stlpmtx_std::_List_iterator<struct ContentMgr::CallbackFile, struct stlpmtx_std::_Nonconst_traits<struct ContentMgr::CallbackFile>>, struct ContentMgr::CallbackFile const &)
120	BC_DIFFERENT_UNRESOLVED	engine	default/Crowd	?push_back@?$vector@U?$pair@PAVRndMultiMesh@@U?$_List_iterator@UInstance@RndMultiMesh@@U?$_Nonconst_traits@UInstance@RndMultiMesh@@@stlpmtx_std@@@stlpmtx_std@@@stlpmtx_std@@V?$StlNodeAlloc@U?$pair@PAVRndMultiMesh@@U?$_List_iterator@UInstance@RndMultiMesh@@U?$_Nonconst_traits@UInstance@RndMultiMesh@@@stlpmtx_std@@@stlpmtx_std@@@stlpmtx_std@@@2@@stlpmtx_std@@QAAXABU?$pair@PAVRndMultiMesh@@U?$_List_iterator@UInstance@RndMultiMesh@@U?$_Nonconst_traits@UInstance@RndMultiMesh@@@stlpmtx_std@@@stlpmtx_std@@@2@@Z	99.8333	DIFFERENT	REFUTED	protected: void __cdecl stlpmtx_std::vector<struct SongCollisionOutput, class stlpmtx_std::StlNodeAlloc<struct SongCollisionOutput>>::_M_insert_overflow_aux(struct SongCollisionOutput *, struct SongCollisionOutput const &, struct stlpmtx_std::__false_type const &, unsigned int, bool)	protected: void __cdecl stlpmtx_std::vector<struct stlpmtx_std::pair<class RndMultiMesh *, struct stlpmtx_std::_List_iterator<struct RndMultiMesh::Instance, struct stlpmtx_std::_Nonconst_traits<struct RndMultiMesh::Instance>>>, class stlpmtx_std::StlNodeAlloc<struct stlpmtx_std::pair<class RndMultiMesh *, struct stlpmtx_std::_List_iterator<struct RndMultiMesh::Instance, struct stlpmtx_std::_Nonconst_traits<struct RndMultiMesh::Instance>>>>>::_M_insert_overflow_aux(struct stlpmtx_std::pair<class RndMultiMesh *, struct stlpmtx_std::_List_iterator<struct RndMultiMesh::Instance, struct stlpmtx_std::_Nonconst_traits<struct RndMultiMesh::Instance>>> *, struct stlpmtx_std::pair<class RndMultiMesh *, struct stlpmtx_std::_List_iterator<struct RndMultiMesh::Instance, struct stlpmtx_std::_Nonconst_traits<struct RndMultiMesh::Instance>>> const &, struct stlpmtx_std::__false_type const &, unsigned int, bool)
120	UNDECIDABLE	engine	default/LightHue	?Copy@LightHue@@UAAXPBVObject@Hmx@@W4CopyType@23@@Z	99.8333	UNKNOWN	REFUTED	public: class stlpmtx_std::vector<class Key<class Hmx::Color>, class stlpmtx_std::StlNodeAlloc<class Key<class Hmx::Color>>> & __cdecl stlpmtx_std::vector<class Key<class Hmx::Color>, class stlpmtx_std::StlNodeAlloc<class Key<class Hmx::Color>>>::operator=(class stlpmtx_std::vector<class Key<class Hmx::Color>, class stlpmtx_std::StlNodeAlloc<class Key<class Hmx::Color>>> const &)	public: class stlpmtx_std::vector<class Key<class Vector3>, class stlpmtx_std::StlNodeAlloc<class Key<class Vector3>>> & __cdecl stlpmtx_std::vector<class Key<class Vector3>, class stlpmtx_std::StlNodeAlloc<class Key<class Vector3>>>::operator=(class stlpmtx_std::vector<class Key<class Vector3>, class stlpmtx_std::StlNodeAlloc<class Key<class Vector3>>> const &)
116	BC_DIFFERENT_UNRESOLVED	engine	default/BandCrowdMeter	?push_back@?$vector@VIconData@BandCrowdMeter@@V?$StlNodeAlloc@VIconData@BandCrowdMeter@@@stlpmtx_std@@@stlpmtx_std@@QAAXABVIconData@BandCrowdMeter@@@Z	99.8276	DIFFERENT	REFUTED	protected: void __cdecl stlpmtx_std::vector<class CamShotFrame, class stlpmtx_std::StlNodeAlloc<class CamShotFrame>>::_M_insert_overflow_aux(class CamShotFrame *, class CamShotFrame const &, struct stlpmtx_std::__false_type const &, unsigned int, bool)	protected: void __cdecl stlpmtx_std::vector<class BandCrowdMeter::IconData, class stlpmtx_std::StlNodeAlloc<class BandCrowdMeter::IconData>>::_M_insert_overflow_aux(class BandCrowdMeter::IconData *, class BandCrowdMeter::IconData const &, struct stlpmtx_std::__false_type const &, unsigned int, bool)
116	C_PROVEN_CALLEE	engine	default/Rot	?_M_clear@?$vector@V?$map@HMU?$less@H@stlpmtx_std@@V?$StlNodeAlloc@U?$pair@$$CBHM@stlpmtx_std@@@2@@stlpmtx_std@@V?$StlNodeAlloc@V?$map@HMU?$less@H@stlpmtx_std@@V?$StlNodeAlloc@U?$pair@$$CBHM@stlpmtx_std@@@2@@stlpmtx_std@@@2@@stlpmtx_std@@IAAXXZ	99.8276	DIFFERENT	CORROBORATED	void __cdecl stlpmtx_std::__destroy_range_aux<class stlpmtx_std::reverse_iterator<struct CharSignalApplier::BoneOp *>>(class stlpmtx_std::reverse_iterator<struct CharSignalApplier::BoneOp *>, class stlpmtx_std::reverse_iterator<struct CharSignalApplier::BoneOp *>, struct stlpmtx_std::__false_type const &)	void __cdecl stlpmtx_std::__destroy_range_aux<class stlpmtx_std::reverse_iterator<class stlpmtx_std::map<int, float, struct stlpmtx_std::less<int>, class stlpmtx_std::StlNodeAlloc<struct stlpmtx_std::pair<int const, float>>> *>>(class stlpmtx_std::reverse_iterator<class stlpmtx_std::map<int, float, struct stlpmtx_std::less<int>, class stlpmtx_std::StlNodeAlloc<struct stlpmtx_std::pair<int const, float>>> *>, class stlpmtx_std::reverse_iterator<class stlpmtx_std::map<int, float, struct stlpmtx_std::less<int>, class stlpmtx_std::StlNodeAlloc<struct stlpmtx_std::pair<int const, float>>> *>, struct stlpmtx_std::__false_type const &)
116	BC_DIFFERENT_UNRESOLVED	game	default/band3/game/VocalTrainerPanel	?push_back@?$vector@VVocalNote@@V?$StlNodeAlloc@VVocalNote@@@stlpmtx_std@@@stlpmtx_std@@QAAXABVVocalNote@@@Z	99.8276	DIFFERENT	REFUTED	void __cdecl stlpmtx_std::_Copy_Construct<class SongDB::TrackData>(class SongDB::TrackData *, class SongDB::TrackData const &)	void __cdecl stlpmtx_std::_Copy_Construct<class VocalNote>(class VocalNote *, class VocalNote const &)
116	C_PROVEN_CALLEE	engine	default/Morph	?_M_clear@?$vector@VDrivenPropertyEntry@@V?$StlNodeAlloc@VDrivenPropertyEntry@@@stlpmtx_std@@@stlpmtx_std@@IAAXXZ	99.8276	DIFFERENT	CORROBORATED	void __cdecl stlpmtx_std::__destroy_range_aux<class stlpmtx_std::reverse_iterator<struct RndMorph::Pose *>>(class stlpmtx_std::reverse_iterator<struct RndMorph::Pose *>, class stlpmtx_std::reverse_iterator<struct RndMorph::Pose *>, struct stlpmtx_std::__false_type const &)	void __cdecl stlpmtx_std::__destroy_range_aux<class stlpmtx_std::reverse_iterator<class DrivenPropertyEntry *>>(class stlpmtx_std::reverse_iterator<class DrivenPropertyEntry *>, class stlpmtx_std::reverse_iterator<class DrivenPropertyEntry *>, struct stlpmtx_std::__false_type const &)
116	UNDECIDABLE	game	default/PerformanceData	?resize@?$vector@VStreakInfo@Stats@@V?$StlNodeAlloc@VStreakInfo@Stats@@@stlpmtx_std@@@stlpmtx_std@@QAAXIABVStreakInfo@Stats@@@Z	99.8276	UNKNOWN	CORROBORATED	private: void __cdecl stlpmtx_std::vector<class Key<float>, class stlpmtx_std::StlNodeAlloc<class Key<float>>>::_M_fill_insert(class Key<float> *, unsigned int, class Key<float> const &)	private: void __cdecl stlpmtx_std::vector<class Stats::StreakInfo, class stlpmtx_std::StlNodeAlloc<class Stats::StreakInfo>>::_M_fill_insert(class Stats::StreakInfo *, unsigned int, class Stats::StreakInfo const &)
116	BC_DIFFERENT_UNRESOLVED	engine	default/CharClip	?resize@?$vector@UBone@CharBones@@V?$StlNodeAlloc@UBone@CharBones@@@stlpmtx_std@@@stlpmtx_std@@QAAXIABUBone@CharBones@@@Z	99.8276	DIFFERENT	REFUTED	private: void __cdecl stlpmtx_std::vector<struct LightPreset::SpotlightDrawerEntry, class stlpmtx_std::StlNodeAlloc<struct LightPreset::SpotlightDrawerEntry>>::_M_fill_insert(struct LightPreset::SpotlightDrawerEntry *, unsigned int, struct LightPreset::SpotlightDrawerEntry const &)	private: void __cdecl stlpmtx_std::vector<struct CharBones::Bone, class stlpmtx_std::StlNodeAlloc<struct CharBones::Bone>>::_M_fill_insert(struct CharBones::Bone *, unsigned int, struct CharBones::Bone const &)
116	C_PROVEN_CALLEE	game	default/band3/game/Stats	?push_back@?$vector@UFrame@RhythmDetector@@V?$StlNodeAlloc@UFrame@RhythmDetector@@@stlpmtx_std@@@stlpmtx_std@@QAAXABUFrame@RhythmDetector@@@Z	99.8276	DIFFERENT	CORROBORATED	void __cdecl stlpmtx_std::_Copy_Construct<class SingerStats>(class SingerStats *, class SingerStats const &)	void __cdecl stlpmtx_std::_Copy_Construct<struct RhythmDetector::Frame>(struct RhythmDetector::Frame *, struct RhythmDetector::Frame const &)
116	C_PROVEN_CALLEE	game	default/AccomplishmentConditional	?InqRequiredScoreTypes@AccomplishmentConditional@@UBA_NAAV?$set@W4ScoreType@@U?$less@W4ScoreType@@@stlpmtx_std@@V?$StlNodeAlloc@W4ScoreType@@@3@@stlpmtx_std@@@Z	99.8276	DIFFERENT	CORROBORATED	public: struct stlpmtx_std::pair<struct stlpmtx_std::_Rb_tree_iterator<struct stlpmtx_std::pair<int const, float>, struct stlpmtx_std::priv::_MapTraitsT<struct stlpmtx_std::pair<int const, float>>>, bool> __cdecl stlpmtx_std::_Rb_tree<int, struct stlpmtx_std::less<int>, struct stlpmtx_std::pair<int const, float>, struct stlpmtx_std::_Select1st<struct stlpmtx_std::pair<int const, float>>, struct stlpmtx_std::priv::_MapTraitsT<struct stlpmtx_std::pair<int const, float>>, class stlpmtx_std::StlNodeAlloc<struct stlpmtx_std::pair<int const, float>>>::insert_unique(struct stlpmtx_std::pair<int const, float> const &)	public: struct stlpmtx_std::pair<struct stlpmtx_std::_Rb_tree_iterator<enum ScoreType, struct stlpmtx_std::priv::_SetTraitsT<enum ScoreType>>, bool> __cdecl stlpmtx_std::_Rb_tree<enum ScoreType, struct stlpmtx_std::less<enum ScoreType>, enum ScoreType, struct stlpmtx_std::_Identity<enum ScoreType>, struct stlpmtx_std::priv::_SetTraitsT<enum ScoreType>, class stlpmtx_std::StlNodeAlloc<enum ScoreType>>::insert_unique(enum ScoreType const &)
116	A_FOLD_CONSISTENT	engine	default/SongMgr	?ClearCachedContent@SongMgr@@UAAXXZ	99.8276	SAME	REFUTED	public: void __cdecl stlpmtx_std::hashtable<struct stlpmtx_std::pair<class Symbol const, class stlpmtx_std::vector<class PatchSticker *, class stlpmtx_std::StlNodeAlloc<class PatchSticker *>>>, class Symbol, struct PatchDir::SymbolHash, struct stlpmtx_std::priv::_HashMapTraitsT<struct stlpmtx_std::pair<class Symbol const, class stlpmtx_std::vector<class PatchSticker *, class stlpmtx_std::StlNodeAlloc<class PatchSticker *>>>>, struct stlpmtx_std::_Select1st<struct stlpmtx_std::pair<class Symbol const, class stlpmtx_std::vector<class PatchSticker *, class stlpmtx_std::StlNodeAlloc<class PatchSticker *>>>>, struct stlpmtx_std::equal_to<class Symbol>, class stlpmtx_std::StlNodeAlloc<struct stlpmtx_std::pair<class Symbol const, class stlpmtx_std::vector<class PatchSticker *, class stlpmtx_std::StlNodeAlloc<class PatchSticker *>>>>>::clear(void)	public: void __cdecl stlpmtx_std::hashtable<struct stlpmtx_std::pair<class Symbol const, class stlpmtx_std::vector<int, class stlpmtx_std::StlNodeAlloc<int>>>, class Symbol, struct stlpmtx_std::hash<class Symbol>, struct stlpmtx_std::priv::_HashMapTraitsT<struct stlpmtx_std::pair<class Symbol const, class stlpmtx_std::vector<int, class stlpmtx_std::StlNodeAlloc<int>>>>, struct stlpmtx_std::_Select1st<struct stlpmtx_std::pair<class Symbol const, class stlpmtx_std::vector<int, class stlpmtx_std::StlNodeAlloc<int>>>>, struct stlpmtx_std::equal_to<class Symbol>, class stlpmtx_std::StlNodeAlloc<struct stlpmtx_std::pair<class Symbol const, class stlpmtx_std::vector<int, class stlpmtx_std::StlNodeAlloc<int>>>>>::clear(void)
116	BC_DIFFERENT_UNRESOLVED	game	default/band3/meta_band/StoreMainPanel	?push_back@?$vector@VNewReleaseEntry@StoreMainPanel@@V?$StlNodeAlloc@VNewReleaseEntry@StoreMainPanel@@@stlpmtx_std@@@stlpmtx_std@@QAAXABVNewReleaseEntry@StoreMainPanel@@@Z	99.8276	DIFFERENT	REFUTED	protected: void __cdecl stlpmtx_std::vector<struct CharHair::Point, class stlpmtx_std::StlNodeAlloc<struct CharHair::Point>>::_M_insert_overflow_aux(struct CharHair::Point *, struct CharHair::Point const &, struct stlpmtx_std::__false_type const &, unsigned int, bool)	protected: void __cdecl stlpmtx_std::vector<class StoreMainPanel::NewReleaseEntry, class stlpmtx_std::StlNodeAlloc<class StoreMainPanel::NewReleaseEntry>>::_M_insert_overflow_aux(class StoreMainPanel::NewReleaseEntry *, class StoreMainPanel::NewReleaseEntry const &, struct stlpmtx_std::__false_type const &, unsigned int, bool)
116	A_FOLD_CONSISTENT	game	default/TexLoadPanel	?AddTex@TexLoadPanel@@QAAPAVDynamicTex@@PBD0_N1@Z	99.8276	SAME	REFUTED	public: void __cdecl stlpmtx_std::vector<class ChatReceiver *, class stlpmtx_std::StlNodeAlloc<class ChatReceiver *>>::push_back(class ChatReceiver *const &)	public: void __cdecl stlpmtx_std::vector<class DynamicTex *, class stlpmtx_std::StlNodeAlloc<class DynamicTex *>>::push_back(class DynamicTex *const &)
116	A_FOLD_CONSISTENT	game	default/TexLoadPanel	?Unload@TexLoadPanel@@UAAXXZ	99.8276	SAME	CORROBORATED	void __cdecl DeleteAll<class stlpmtx_std::vector<class NetSavedSetlist *, class stlpmtx_std::StlNodeAlloc<class NetSavedSetlist *>>>(class stlpmtx_std::vector<class NetSavedSetlist *, class stlpmtx_std::StlNodeAlloc<class NetSavedSetlist *>> &)	void __cdecl DeleteAll<class stlpmtx_std::vector<class DynamicTex *, class stlpmtx_std::StlNodeAlloc<class DynamicTex *>>>(class stlpmtx_std::vector<class DynamicTex *, class stlpmtx_std::StlNodeAlloc<class DynamicTex *>> &)
116	A_FOLD_CONSISTENT	engine	default/Anim	??$?0PBQAVRndAnimatable@@@?$list@PAVRndAnimatable@@V?$StlNodeAlloc@PAVRndAnimatable@@@stlpmtx_std@@@stlpmtx_std@@QAA@PBQAVRndAnimatable@@0ABV?$StlNodeAlloc@PAVRndAnimatable@@@1@@Z	99.8276	SAME	REFUTED	public: struct stlpmtx_std::_List_iterator<class CharClip *, struct stlpmtx_std::_Nonconst_traits<class CharClip *>> __cdecl stlpmtx_std::list<class CharClip *, class stlpmtx_std::StlNodeAlloc<class CharClip *>>::insert(struct stlpmtx_std::_List_iterator<class CharClip *, struct stlpmtx_std::_Nonconst_traits<class CharClip *>>, class CharClip *const &)	public: struct stlpmtx_std::_List_iterator<class RndAnimatable *, struct stlpmtx_std::_Nonconst_traits<class RndAnimatable *>> __cdecl stlpmtx_std::list<class RndAnimatable *, class stlpmtx_std::StlNodeAlloc<class RndAnimatable *>>::insert(struct stlpmtx_std::_List_iterator<class RndAnimatable *, struct stlpmtx_std::_Nonconst_traits<class RndAnimatable *>>, class RndAnimatable *const &)
116	UNDECIDABLE	game	default/band3/meta_band/ViewSetting	?SetFilterData@FilterViewSetting@@QAAXABV?$map@VSymbol@@HU?$less@VSymbol@@@stlpmtx_std@@V?$StlNodeAlloc@U?$pair@$$CBVSymbol@@H@stlpmtx_std@@@3@@stlpmtx_std@@@Z	99.8276	UNKNOWN	REFUTED	public: void __cdecl stlpmtx_std::vector<class Vector2, class stlpmtx_std::StlNodeAlloc<class Vector2>>::push_back(class Vector2 const &)	public: void __cdecl stlpmtx_std::vector<struct FilterViewSetting::Filter, class stlpmtx_std::StlNodeAlloc<struct FilterViewSetting::Filter>>::push_back(struct FilterViewSetting::Filter const &)
116	BC_DIFFERENT_UNRESOLVED	engine	default/EventTrigger	??$?0U?$_List_iterator@UAnim@EventTrigger@@U?$_Const_traits@UAnim@EventTrigger@@@stlpmtx_std@@@stlpmtx_std@@@?$list@UAnim@EventTrigger@@V?$StlNodeAlloc@UAnim@EventTrigger@@@stlpmtx_std@@@stlpmtx_std@@QAA@U?$_List_iterator@UAnim@EventTrigger@@U?$_Const_traits@UAnim@EventTrigger@@@stlpmtx_std@@@1@0ABV?$StlNodeAlloc@UAnim@EventTrigger@@@1@@Z	99.8276	DIFFERENT	REFUTED	public: struct stlpmtx_std::_List_iterator<class EventTrigger *, struct stlpmtx_std::_Nonconst_traits<class EventTrigger *>> __cdecl stlpmtx_std::list<class EventTrigger *, class stlpmtx_std::StlNodeAlloc<class EventTrigger *>>::insert(struct stlpmtx_std::_List_iterator<class EventTrigger *, struct stlpmtx_std::_Nonconst_traits<class EventTrigger *>>, class EventTrigger *const &)	public: struct stlpmtx_std::_List_iterator<struct EventTrigger::Anim, struct stlpmtx_std::_Nonconst_traits<struct EventTrigger::Anim>> __cdecl stlpmtx_std::list<struct EventTrigger::Anim, class stlpmtx_std::StlNodeAlloc<struct EventTrigger::Anim>>::insert(struct stlpmtx_std::_List_iterator<struct EventTrigger::Anim, struct stlpmtx_std::_Nonconst_traits<struct EventTrigger::Anim>>, struct EventTrigger::Anim const &)
116	BC_DIFFERENT_UNRESOLVED	engine	default/EventTrigger	??$?0U?$_List_iterator@UProxyCall@EventTrigger@@U?$_Const_traits@UProxyCall@EventTrigger@@@stlpmtx_std@@@stlpmtx_std@@@?$list@UProxyCall@EventTrigger@@V?$StlNodeAlloc@UProxyCall@EventTrigger@@@stlpmtx_std@@@stlpmtx_std@@QAA@U?$_List_iterator@UProxyCall@EventTrigger@@U?$_Const_traits@UProxyCall@EventTrigger@@@stlpmtx_std@@@1@0ABV?$StlNodeAlloc@UProxyCall@EventTrigger@@@1@@Z	99.8276	DIFFERENT	REFUTED	public: struct stlpmtx_std::_List_iterator<class RndDrawable *, struct stlpmtx_std::_Nonconst_traits<class RndDrawable *>> __cdecl stlpmtx_std::list<class RndDrawable *, class stlpmtx_std::StlNodeAlloc<class RndDrawable *>>::insert(struct stlpmtx_std::_List_iterator<class RndDrawable *, struct stlpmtx_std::_Nonconst_traits<class RndDrawable *>>, class RndDrawable *const &)	public: struct stlpmtx_std::_List_iterator<struct EventTrigger::ProxyCall, struct stlpmtx_std::_Nonconst_traits<struct EventTrigger::ProxyCall>> __cdecl stlpmtx_std::list<struct EventTrigger::ProxyCall, class stlpmtx_std::StlNodeAlloc<struct EventTrigger::ProxyCall>>::insert(struct stlpmtx_std::_List_iterator<struct EventTrigger::ProxyCall, struct stlpmtx_std::_Nonconst_traits<struct EventTrigger::ProxyCall>>, struct EventTrigger::ProxyCall const &)
116	A_FOLD_CONSISTENT	engine	default/system/bandobj/BandHeadShaper	?AddChildBones@BandHeadShaper@@QAAXPAVRndTransformable@@@Z	99.8276	SAME	REFUTED	public: void __cdecl stlpmtx_std::vector<class ChatReceiver *, class stlpmtx_std::StlNodeAlloc<class ChatReceiver *>>::push_back(class ChatReceiver *const &)	public: void __cdecl stlpmtx_std::vector<class RndTransformable *, class stlpmtx_std::StlNodeAlloc<class RndTransformable *>>::push_back(class RndTransformable *const &)
116	BC_DIFFERENT_UNRESOLVED	engine	default/HamMove	?_M_clear@?$vector@ULocalizedName@HamMove@@V?$StlNodeAlloc@ULocalizedName@HamMove@@@stlpmtx_std@@@stlpmtx_std@@IAAXXZ	99.8276	DIFFERENT	REFUTED	void __cdecl stlpmtx_std::__destroy_range_aux<class stlpmtx_std::reverse_iterator<class SampleZone *>>(class stlpmtx_std::reverse_iterator<class SampleZone *>, class stlpmtx_std::reverse_iterator<class SampleZone *>, struct stlpmtx_std::__false_type const &)	void __cdecl stlpmtx_std::__destroy_range_aux<class stlpmtx_std::reverse_iterator<struct HamMove::LocalizedName *>>(class stlpmtx_std::reverse_iterator<struct HamMove::LocalizedName *>, class stlpmtx_std::reverse_iterator<struct HamMove::LocalizedName *>, struct stlpmtx_std::__false_type const &)
116	BC_DIFFERENT_UNRESOLVED	engine	default/CharBones	?Print@CharBones@@UAAXXZ	99.8276	DIFFERENT	REFUTED	char const * __cdecl MakeString<int, float, int>(char const *, int, float, int)	char const * __cdecl MakeString<class Symbol, float, char const *>(char const *, class Symbol, float, char const *)
116	BC_DIFFERENT_UNRESOLVED	engine	default/MidiParserMgr	?_M_clear@?$vector@UVocalEvent@MidiParser@@V?$StlNodeAlloc@UVocalEvent@MidiParser@@@stlpmtx_std@@@stlpmtx_std@@IAAXXZ	99.8276	DIFFERENT	REFUTED	void __cdecl stlpmtx_std::__destroy_range_aux<class stlpmtx_std::reverse_iterator<class Key<class stlpmtx_std::vector<class Vector3, class stlpmtx_std::StlNodeAlloc<class Vector3>>> *>>(class stlpmtx_std::reverse_iterator<class Key<class stlpmtx_std::vector<class Vector3, class stlpmtx_std::StlNodeAlloc<class Vector3>>> *>, class stlpmtx_std::reverse_iterator<class Key<class stlpmtx_std::vector<class Vector3, class stlpmtx_std::StlNodeAlloc<class Vector3>>> *>, struct stlpmtx_std::__false_type const &)	void __cdecl stlpmtx_std::__destroy_range_aux<class stlpmtx_std::reverse_iterator<struct MidiParser::VocalEvent *>>(class stlpmtx_std::reverse_iterator<struct MidiParser::VocalEvent *>, class stlpmtx_std::reverse_iterator<struct MidiParser::VocalEvent *>, struct stlpmtx_std::__false_type const &)
116	C_PROVEN_CALLEE	engine	default/HamCamTransform	?_M_clear_after_move@?$vector@VTransformArea@@V?$StlNodeAlloc@VTransformArea@@@stlpmtx_std@@@stlpmtx_std@@IAAXXZ	99.8276	DIFFERENT	CORROBORATED	void __cdecl stlpmtx_std::__destroy_range_aux<class stlpmtx_std::reverse_iterator<class OutfitConfig::MatSwap *>>(class stlpmtx_std::reverse_iterator<class OutfitConfig::MatSwap *>, class stlpmtx_std::reverse_iterator<class OutfitConfig::MatSwap *>, struct stlpmtx_std::__false_type const &)	void __cdecl stlpmtx_std::__destroy_range_aux<class stlpmtx_std::reverse_iterator<class TransformArea *>>(class stlpmtx_std::reverse_iterator<class TransformArea *>, class stlpmtx_std::reverse_iterator<class TransformArea *>, struct stlpmtx_std::__false_type const &)
116	C_PROVEN_CALLEE	engine	default/PracticeSection	?push_back@?$vector@VPracticeStep@@V?$StlNodeAlloc@VPracticeStep@@@stlpmtx_std@@@stlpmtx_std@@QAAXABVPracticeStep@@@Z	99.7931	DIFFERENT	CORROBORATED	void __cdecl stlpmtx_std::_Copy_Construct<struct GoalProgressionInfo>(struct GoalProgressionInfo *, struct GoalProgressionInfo const &)	void __cdecl stlpmtx_std::_Copy_Construct<class PracticeStep>(class PracticeStep *, class PracticeStep const &)
116	C_PROVEN_CALLEE	engine	default/RhythmBattle	?push_back@?$vector@VArchiveSkeleton@@V?$StlNodeAlloc@VArchiveSkeleton@@@stlpmtx_std@@@stlpmtx_std@@QAAXABVArchiveSkeleton@@@Z	99.7931	DIFFERENT	CORROBORATED	void __cdecl stlpmtx_std::_Copy_Construct<class StandIn>(class StandIn *, class StandIn const &)	void __cdecl stlpmtx_std::_Copy_Construct<class ArchiveSkeleton>(class ArchiveSkeleton *, class ArchiveSkeleton const &)
116	BC_DIFFERENT_UNRESOLVED	engine	default/system/obj/Dir	?push_back@?$vector@V?$ObjDirPtr@VObjectDir@@@@V?$StlNodeAlloc@V?$ObjDirPtr@VObjectDir@@@@@stlpmtx_std@@@stlpmtx_std@@QAAXABV?$ObjDirPtr@VObjectDir@@@@@Z	99.8276	DIFFERENT	REFUTED	protected: void __cdecl stlpmtx_std::vector<class DataArrayPtr, class stlpmtx_std::StlNodeAlloc<class DataArrayPtr>>::_M_insert_overflow_aux(class DataArrayPtr *, class DataArrayPtr const &, struct stlpmtx_std::__false_type const &, unsigned int, bool)	protected: void __cdecl stlpmtx_std::vector<class ObjDirPtr<class ObjectDir>, class stlpmtx_std::StlNodeAlloc<class ObjDirPtr<class ObjectDir>>>::_M_insert_overflow_aux(class ObjDirPtr<class ObjectDir> *, class ObjDirPtr<class ObjectDir> const &, struct stlpmtx_std::__false_type const &, unsigned int, bool)
116	C_PROVEN_CALLEE	engine	default/MeshAnim	??$?0U?$_List_iterator@PAVVoice@@U?$_Const_traits@PAVVoice@@@stlpmtx_std@@@stlpmtx_std@@@?$list@PAVVoice@@V?$StlNodeAlloc@PAVVoice@@@stlpmtx_std@@@stlpmtx_std@@QAA@U?$_List_iterator@PAVVoice@@U?$_Const_traits@PAVVoice@@@stlpmtx_std@@@1@0ABV?$StlNodeAlloc@PAVVoice@@@1@@Z	99.8276	DIFFERENT	CORROBORATED	public: struct stlpmtx_std::_List_iterator<struct RndMultiMesh::Instance, struct stlpmtx_std::_Nonconst_traits<struct RndMultiMesh::Instance>> __cdecl stlpmtx_std::list<struct RndMultiMesh::Instance, class stlpmtx_std::TransformListAlloc<struct RndMultiMesh::Instance>>::insert(struct stlpmtx_std::_List_iterator<struct RndMultiMesh::Instance, struct stlpmtx_std::_Nonconst_traits<struct RndMultiMesh::Instance>>, struct RndMultiMesh::Instance const &)	public: struct stlpmtx_std::_List_iterator<class Voice *, struct stlpmtx_std::_Nonconst_traits<class Voice *>> __cdecl stlpmtx_std::list<class Voice *, class stlpmtx_std::StlNodeAlloc<class Voice *>>::insert(struct stlpmtx_std::_List_iterator<class Voice *, struct stlpmtx_std::_Nonconst_traits<class Voice *>>, class Voice *const &)
116	UNDECIDABLE	engine	default/PropAnim	??$?5V?$Key@VSymbol@@@@V?$StlNodeAlloc@V?$Key@VSymbol@@@@@stlpmtx_std@@@@YAAAVBinStreamRev@@AAV0@AAV?$vector@V?$Key@VSymbol@@@@V?$StlNodeAlloc@V?$Key@VSymbol@@@@@stlpmtx_std@@@stlpmtx_std@@@Z	99.8276	UNKNOWN	REFUTED	public: void __cdecl stlpmtx_std::vector<class Stats::StreakInfo, class stlpmtx_std::StlNodeAlloc<class Stats::StreakInfo>>::resize(unsigned int, class Stats::StreakInfo const &)	public: void __cdecl stlpmtx_std::vector<class Key<class Symbol>, class stlpmtx_std::StlNodeAlloc<class Key<class Symbol>>>::resize(unsigned int, class Key<class Symbol> const &)
116	A_FOLD_CONSISTENT	engine	default/Pollable	?StartPolling@SynthPollable@@QAAXXZ	99.8276	SAME	REFUTED	public: struct stlpmtx_std::_List_iterator<class CharClip *, struct stlpmtx_std::_Nonconst_traits<class CharClip *>> __cdecl stlpmtx_std::list<class CharClip *, class stlpmtx_std::StlNodeAlloc<class CharClip *>>::insert(struct stlpmtx_std::_List_iterator<class CharClip *, struct stlpmtx_std::_Nonconst_traits<class CharClip *>>, class CharClip *const &)	public: struct stlpmtx_std::_List_iterator<class SynthPollable *, struct stlpmtx_std::_Nonconst_traits<class SynthPollable *>> __cdecl stlpmtx_std::list<class SynthPollable *, class stlpmtx_std::StlNodeAlloc<class SynthPollable *>>::insert(struct stlpmtx_std::_List_iterator<class SynthPollable *, struct stlpmtx_std::_Nonconst_traits<class SynthPollable *>>, class SynthPollable *const &)
116	C_PROVEN_CALLEE	engine	default/Song	??0?$list@PAVMidiParser@@V?$StlNodeAlloc@PAVMidiParser@@@stlpmtx_std@@@stlpmtx_std@@QAA@ABV01@@Z	97.2414	DIFFERENT	CORROBORATED	public: struct stlpmtx_std::_List_iterator<class SongSectionController::ContentPoolMapping, struct stlpmtx_std::_Nonconst_traits<class SongSectionController::ContentPoolMapping>> __cdecl stlpmtx_std::list<class SongSectionController::ContentPoolMapping, class stlpmtx_std::StlNodeAlloc<class SongSectionController::ContentPoolMapping>>::insert(struct stlpmtx_std::_List_iterator<class SongSectionController::ContentPoolMapping, struct stlpmtx_std::_Nonconst_traits<class SongSectionController::ContentPoolMapping>>, class SongSectionController::ContentPoolMapping const &)	public: struct stlpmtx_std::_List_iterator<class MidiParser *, struct stlpmtx_std::_Nonconst_traits<class MidiParser *>> __cdecl stlpmtx_std::list<class MidiParser *, class stlpmtx_std::StlNodeAlloc<class MidiParser *>>::insert(struct stlpmtx_std::_List_iterator<class MidiParser *, struct stlpmtx_std::_Nonconst_traits<class MidiParser *>>, class MidiParser *const &)
116	A_FOLD_CONSISTENT	engine	default/DefaultPhysicsManager	??0?$list@PAVRndMesh@@V?$StlNodeAlloc@PAVRndMesh@@@stlpmtx_std@@@stlpmtx_std@@QAA@ABV01@@Z	97.2414	SAME	REFUTED	public: struct stlpmtx_std::_List_iterator<class HamCamShot *, struct stlpmtx_std::_Nonconst_traits<class HamCamShot *>> __cdecl stlpmtx_std::list<class HamCamShot *, class stlpmtx_std::StlNodeAlloc<class HamCamShot *>>::insert(struct stlpmtx_std::_List_iterator<class HamCamShot *, struct stlpmtx_std::_Nonconst_traits<class HamCamShot *>>, class HamCamShot *const &)	public: struct stlpmtx_std::_List_iterator<class RndMesh *, struct stlpmtx_std::_Nonconst_traits<class RndMesh *>> __cdecl stlpmtx_std::list<class RndMesh *, class stlpmtx_std::StlNodeAlloc<class RndMesh *>>::insert(struct stlpmtx_std::_List_iterator<class RndMesh *, struct stlpmtx_std::_Nonconst_traits<class RndMesh *>>, class RndMesh *const &)
112	BC_DIFFERENT_UNRESOLVED	game	default/band3/game/Stats	?_M_fill_insert@?$vector@V?$map@HMU?$less@H@stlpmtx_std@@V?$StlNodeAlloc@U?$pair@$$CBHM@stlpmtx_std@@@2@@stlpmtx_std@@V?$StlNodeAlloc@V?$map@HMU?$less@H@stlpmtx_std@@V?$StlNodeAlloc@U?$pair@$$CBHM@stlpmtx_std@@@2@@stlpmtx_std@@@2@@stlpmtx_std@@AAAXPAV?$map@HMU?$less@H@stlpmtx_std@@V?$StlNodeAlloc@U?$pair@$$CBHM@stlpmtx_std@@@2@@2@IABV32@@Z	99.8214	DIFFERENT	REFUTED	protected: void __cdecl stlpmtx_std::vector<class stlpmtx_std::map<class Symbol, class String, struct stlpmtx_std::less<class Symbol>, class stlpmtx_std::StlNodeAlloc<struct stlpmtx_std::pair<class Symbol const, class String>>>, class stlpmtx_std::StlNodeAlloc<class stlpmtx_std::map<class Symbol, class String, struct stlpmtx_std::less<class Symbol>, class stlpmtx_std::StlNodeAlloc<struct stlpmtx_std::pair<class Symbol const, class String>>>>>::_M_insert_overflow_aux(class stlpmtx_std::map<class Symbol, class String, struct stlpmtx_std::less<class Symbol>, class stlpmtx_std::StlNodeAlloc<struct stlpmtx_std::pair<class Symbol const, class String>>> *, class stlpmtx_std::map<class Symbol, class String, struct stlpmtx_std::less<class Symbol>, class stlpmtx_std::StlNodeAlloc<struct stlpmtx_std::pair<class Symbol const, class String>>> const &, struct stlpmtx_std::__true_type const &, unsigned int, bool)	protected: void __cdecl stlpmtx_std::vector<class stlpmtx_std::map<int, float, struct stlpmtx_std::less<int>, class stlpmtx_std::StlNodeAlloc<struct stlpmtx_std::pair<int const, float>>>, class stlpmtx_std::StlNodeAlloc<class stlpmtx_std::map<int, float, struct stlpmtx_std::less<int>, class stlpmtx_std::StlNodeAlloc<struct stlpmtx_std::pair<int const, float>>>>>::_M_insert_overflow_aux(class stlpmtx_std::map<int, float, struct stlpmtx_std::less<int>, class stlpmtx_std::StlNodeAlloc<struct stlpmtx_std::pair<int const, float>>> *, class stlpmtx_std::map<int, float, struct stlpmtx_std::less<int>, class stlpmtx_std::StlNodeAlloc<struct stlpmtx_std::pair<int const, float>>> const &, struct stlpmtx_std::__true_type const &, unsigned int, bool)
112	BC_DIFFERENT_UNRESOLVED	engine	default/SongLayout	?push_back@?$vector@VSymbol@@V?$StlNodeAlloc@VSymbol@@@stlpmtx_std@@@stlpmtx_std@@QAAXABVSymbol@@@Z	99.8214	DIFFERENT	REFUTED	protected: void __cdecl stlpmtx_std::vector<class SpotlightDrawer::SpotlightEntry, class stlpmtx_std::StlNodeAlloc<class SpotlightDrawer::SpotlightEntry>>::_M_insert_overflow_aux(class SpotlightDrawer::SpotlightEntry *, class SpotlightDrawer::SpotlightEntry const &, struct stlpmtx_std::__false_type const &, unsigned int, bool)	protected: void __cdecl stlpmtx_std::vector<class Symbol, class stlpmtx_std::StlNodeAlloc<class Symbol>>::_M_insert_overflow_aux(class Symbol *, class Symbol const &, struct stlpmtx_std::__false_type const &, unsigned int, bool)
112	A_FOLD_CONSISTENT	game	default/band3/game/Tracker	?Configure@Tracker@@QAAXABVTrackerDesc@@@Z	99.8214	SAME	CORROBORATED	public: class stlpmtx_std::vector<int, class stlpmtx_std::StlNodeAlloc<int>> & __cdecl stlpmtx_std::vector<int, class stlpmtx_std::StlNodeAlloc<int>>::operator=(class stlpmtx_std::vector<int, class stlpmtx_std::StlNodeAlloc<int>> const &)	public: class stlpmtx_std::vector<float, class stlpmtx_std::StlNodeAlloc<float>> & __cdecl stlpmtx_std::vector<float, class stlpmtx_std::StlNodeAlloc<float>>::operator=(class stlpmtx_std::vector<float, class stlpmtx_std::StlNodeAlloc<float>> const &)
112	BC_DIFFERENT_UNRESOLVED	engine	default/TexBlender	??$sort@PAU?$pair@HM@stlpmtx_std@@UPartPercentageSorter@SingerStats@@@stlpmtx_std@@YAXPAU?$pair@HM@0@0UPartPercentageSorter@SingerStats@@@Z	99.8214	DIFFERENT	REFUTED	void __cdecl stlpmtx_std::__introsort_loop<struct ObjEntry **, struct ObjEntry *, int, struct ObjSort>(struct ObjEntry **, struct ObjEntry **, struct ObjEntry **, int, struct ObjSort)	void __cdecl stlpmtx_std::__introsort_loop<struct stlpmtx_std::pair<int, float> *, struct stlpmtx_std::pair<int, float>, int, struct SingerStats::PartPercentageSorter>(struct stlpmtx_std::pair<int, float> *, struct stlpmtx_std::pair<int, float> *, struct stlpmtx_std::pair<int, float> *, int, struct SingerStats::PartPercentageSorter)
112	BC_DIFFERENT_UNRESOLVED	game	default/SetlistMergePanel	?_M_erase@?$vector@U?$pair@V?$vector@HV?$StlNodeAlloc@H@stlpmtx_std@@@stlpmtx_std@@H@stlpmtx_std@@V?$StlNodeAlloc@U?$pair@V?$vector@HV?$StlNodeAlloc@H@stlpmtx_std@@@stlpmtx_std@@H@stlpmtx_std@@@2@@stlpmtx_std@@IAAPAU?$pair@V?$vector@HV?$StlNodeAlloc@H@stlpmtx_std@@@stlpmtx_std@@H@2@PAU32@0ABU__false_type@2@@Z	99.8214	DIFFERENT	REFUTED	void __cdecl stlpmtx_std::__destroy_range<struct DistEntry *, struct DistEntry>(struct DistEntry *, struct DistEntry *, struct DistEntry *)	void __cdecl stlpmtx_std::__destroy_range<struct stlpmtx_std::pair<class stlpmtx_std::vector<int, class stlpmtx_std::StlNodeAlloc<int>>, int> *, struct stlpmtx_std::pair<class stlpmtx_std::vector<int, class stlpmtx_std::StlNodeAlloc<int>>, int>>(struct stlpmtx_std::pair<class stlpmtx_std::vector<int, class stlpmtx_std::StlNodeAlloc<int>>, int> *, struct stlpmtx_std::pair<class stlpmtx_std::vector<int, class stlpmtx_std::StlNodeAlloc<int>>, int> *, struct stlpmtx_std::pair<class stlpmtx_std::vector<int, class stlpmtx_std::StlNodeAlloc<int>>, int> *)
112	A_FOLD_CONSISTENT	game	default/SongSortNode	?Renumber@SortNode@@UAAXAAV?$vector@PAVSortNode@@V?$StlNodeAlloc@PAVSortNode@@@stlpmtx_std@@@stlpmtx_std@@@Z	99.8214	SAME	REFUTED	public: void __cdecl stlpmtx_std::vector<class ChatReceiver *, class stlpmtx_std::StlNodeAlloc<class ChatReceiver *>>::push_back(class ChatReceiver *const &)	public: void __cdecl stlpmtx_std::vector<class SortNode *, class stlpmtx_std::StlNodeAlloc<class SortNode *>>::push_back(class SortNode *const &)
112	A_FOLD_CONSISTENT	game	default/UIEvent	??0NonDestructiveTransitionEvent@@QAA@PAVNetSync@@ABV?$vector@PAVUIScreen@@V?$StlNodeAlloc@PAVUIScreen@@@stlpmtx_std@@@stlpmtx_std@@@Z	99.8214	SAME	CORROBORATED	public: class stlpmtx_std::vector<int, class stlpmtx_std::StlNodeAlloc<int>> & __cdecl stlpmtx_std::vector<int, class stlpmtx_std::StlNodeAlloc<int>>::operator=(class stlpmtx_std::vector<int, class stlpmtx_std::StlNodeAlloc<int>> const &)	public: class stlpmtx_std::vector<class UIScreen *, class stlpmtx_std::StlNodeAlloc<class UIScreen *>> & __cdecl stlpmtx_std::vector<class UIScreen *, class stlpmtx_std::StlNodeAlloc<class UIScreen *>>::operator=(class stlpmtx_std::vector<class UIScreen *, class stlpmtx_std::StlNodeAlloc<class UIScreen *>> const &)
112	BC_DIFFERENT_UNRESOLVED	engine	default/SkeletonClip	?_M_fill_insert@?$vector@URecordedFrame@@V?$StlNodeAlloc@URecordedFrame@@@stlpmtx_std@@@stlpmtx_std@@AAAXPAURecordedFrame@@IABU3@@Z	99.8214	DIFFERENT	REFUTED	protected: void __cdecl stlpmtx_std::vector<class Transform, class stlpmtx_std::StlNodeAlloc<class Transform>>::_M_insert_overflow_aux(class Transform *, class Transform const &, struct stlpmtx_std::__false_type const &, unsigned int, bool)	protected: void __cdecl stlpmtx_std::vector<struct RecordedFrame, class stlpmtx_std::StlNodeAlloc<struct RecordedFrame>>::_M_insert_overflow_aux(struct RecordedFrame *, struct RecordedFrame const &, struct stlpmtx_std::__false_type const &, unsigned int, bool)
112	UNDECIDABLE	engine	default/SkeletonClip	?_M_fill_insert@?$vector@UMoveRating@SkeletonClip@@V?$StlNodeAlloc@UMoveRating@SkeletonClip@@@stlpmtx_std@@@stlpmtx_std@@AAAXPAUMoveRating@SkeletonClip@@IABU34@@Z	99.7857	UNKNOWN	NOT_INSTANTIATED	protected: void __cdecl stlpmtx_std::vector<struct `anonymous namespace'::Unlockable, class stlpmtx_std::StlNodeAlloc<struct `anonymous namespace'::Unlockable>>::_M_insert_overflow_aux(struct `anonymous namespace'::Unlockable *, struct 0xf8e4b4b5::Unlockable const &, struct stlpmtx_std::__false_type const &, unsigned int, bool)	protected: void __cdecl stlpmtx_std::vector<struct SkeletonClip::MoveRating, class stlpmtx_std::StlNodeAlloc<struct SkeletonClip::MoveRating>>::_M_insert_overflow_aux(struct SkeletonClip::MoveRating *, struct SkeletonClip::MoveRating const &, struct stlpmtx_std::__false_type const &, unsigned int, bool)
112	BC_DIFFERENT_UNRESOLVED	engine	default/BandCharDesc	?_M_fill_insert@?$vector@VPatch@BandCharDesc@@V?$StlNodeAlloc@VPatch@BandCharDesc@@@stlpmtx_std@@@stlpmtx_std@@AAAXPAVPatch@BandCharDesc@@IABV34@@Z	99.8214	DIFFERENT	REFUTED	private: void __cdecl stlpmtx_std::vector<class OutfitConfig::MeshAO, class stlpmtx_std::StlNodeAlloc<class OutfitConfig::MeshAO>>::_M_fill_insert_aux(class OutfitConfig::MeshAO *, unsigned int, class OutfitConfig::MeshAO const &, struct stlpmtx_std::__false_type const &)	private: void __cdecl stlpmtx_std::vector<class BandCharDesc::Patch, class stlpmtx_std::StlNodeAlloc<class BandCharDesc::Patch>>::_M_fill_insert_aux(class BandCharDesc::Patch *, unsigned int, class BandCharDesc::Patch const &, struct stlpmtx_std::__false_type const &)
112	A_FOLD_CONSISTENT	engine	default/LabelShrinkWrapper	?Copy@LabelShrinkWrapper@@UAAXPBVObject@Hmx@@W4CopyType@23@@Z	99.8214	SAME	REFUTED	public: void __cdecl ObjRefConcrete<class BandCharacter, class ObjectDir>::SetObjConcrete(class BandCharacter *)	public: void __cdecl ObjRefConcrete<class UILabel, class ObjectDir>::SetObjConcrete(class UILabel *)
112	BC_DIFFERENT_UNRESOLVED	engine	default/StreakMeter	?_M_fill_insert@?$vector@V?$ObjPtr@VRndPropAnim@@@@V?$StlNodeAlloc@V?$ObjPtr@VRndPropAnim@@@@@stlpmtx_std@@@stlpmtx_std@@AAAXPAV?$ObjPtr@VRndPropAnim@@@@IABV3@@Z	99.8214	DIFFERENT	REFUTED	protected: void __cdecl stlpmtx_std::vector<struct HamNavProvider::NavItem, class stlpmtx_std::StlNodeAlloc<struct HamNavProvider::NavItem>>::_M_insert_overflow_aux(struct HamNavProvider::NavItem *, struct HamNavProvider::NavItem const &, struct stlpmtx_std::__false_type const &, unsigned int, bool)	protected: void __cdecl stlpmtx_std::vector<class ObjPtr<class RndPropAnim>, class stlpmtx_std::StlNodeAlloc<class ObjPtr<class RndPropAnim>>>::_M_insert_overflow_aux(class ObjPtr<class RndPropAnim> *, class ObjPtr<class RndPropAnim> const &, struct stlpmtx_std::__false_type const &, unsigned int, bool)
112	UNDECIDABLE	engine	default/SongData	?_M_fill_insert@?$vector@V?$vector@VRangeSection@@V?$StlNodeAlloc@VRangeSection@@@stlpmtx_std@@@stlpmtx_std@@V?$StlNodeAlloc@V?$vector@VRangeSection@@V?$StlNodeAlloc@VRangeSection@@@stlpmtx_std@@@stlpmtx_std@@@2@@stlpmtx_std@@AAAXPAV?$vector@VRangeSection@@V?$StlNodeAlloc@VRangeSection@@@stlpmtx_std@@@2@IABV32@@Z	99.8214	UNKNOWN	CORROBORATED	protected: void __cdecl stlpmtx_std::vector<class stlpmtx_std::vector<class Vector3, class stlpmtx_std::StlNodeAlloc<class Vector3>>, class stlpmtx_std::StlNodeAlloc<class stlpmtx_std::vector<class Vector3, class stlpmtx_std::StlNodeAlloc<class Vector3>>>>::_M_insert_overflow_aux(class stlpmtx_std::vector<class Vector3, class stlpmtx_std::StlNodeAlloc<class Vector3>> *, class stlpmtx_std::vector<class Vector3, class stlpmtx_std::StlNodeAlloc<class Vector3>> const &, struct stlpmtx_std::__true_type const &, unsigned int, bool)	protected: void __cdecl stlpmtx_std::vector<class stlpmtx_std::vector<class RangeSection, class stlpmtx_std::StlNodeAlloc<class RangeSection>>, class stlpmtx_std::StlNodeAlloc<class stlpmtx_std::vector<class RangeSection, class stlpmtx_std::StlNodeAlloc<class RangeSection>>>>::_M_insert_overflow_aux(class stlpmtx_std::vector<class RangeSection, class stlpmtx_std::StlNodeAlloc<class RangeSection>> *, class stlpmtx_std::vector<class RangeSection, class stlpmtx_std::StlNodeAlloc<class RangeSection>> const &, struct stlpmtx_std::__true_type const &, unsigned int, bool)
112	BC_DIFFERENT_UNRESOLVED	engine	default/CharLipSync	?_M_fill_insert@?$vector@UWeight@PlayBack@CharLipSync@@V?$StlNodeAlloc@UWeight@PlayBack@CharLipSync@@@stlpmtx_std@@@stlpmtx_std@@AAAXPAUWeight@PlayBack@CharLipSync@@IABU345@@Z	99.8214	DIFFERENT	REFUTED	protected: void __cdecl stlpmtx_std::vector<struct MoveReplacer, class stlpmtx_std::StlNodeAlloc<struct MoveReplacer>>::_M_insert_overflow_aux(struct MoveReplacer *, struct MoveReplacer const &, struct stlpmtx_std::__false_type const &, unsigned int, bool)	protected: void __cdecl stlpmtx_std::vector<struct CharLipSync::PlayBack::Weight, class stlpmtx_std::StlNodeAlloc<struct CharLipSync::PlayBack::Weight>>::_M_insert_overflow_aux(struct CharLipSync::PlayBack::Weight *, struct CharLipSync::PlayBack::Weight const &, struct stlpmtx_std::__false_type const &, unsigned int, bool)
112	UNDECIDABLE	engine	default/Sfx	?_M_fill_insert@?$vector@VMoggClipMap@@V?$StlNodeAlloc@VMoggClipMap@@@stlpmtx_std@@@stlpmtx_std@@AAAXPAVMoggClipMap@@IABV3@@Z	99.8214	UNKNOWN	NOT_INSTANTIATED	private: void __cdecl stlpmtx_std::vector<class StepMoves, class stlpmtx_std::StlNodeAlloc<class StepMoves>>::_M_fill_insert_aux(class StepMoves *, unsigned int, class StepMoves const &, struct stlpmtx_std::__false_type const &)	private: void __cdecl stlpmtx_std::vector<class MoggClipMap, class stlpmtx_std::StlNodeAlloc<class MoggClipMap>>::_M_fill_insert_aux(class MoggClipMap *, unsigned int, class MoggClipMap const &, struct stlpmtx_std::__false_type const &)
112	BC_DIFFERENT_UNRESOLVED	engine	default/CameraShot	?_M_fill_insert@?$vector@VCamShotFrame@@V?$StlNodeAlloc@VCamShotFrame@@@stlpmtx_std@@@stlpmtx_std@@AAAXPAVCamShotFrame@@IABV3@@Z	99.8214	DIFFERENT	REFUTED	protected: void __cdecl stlpmtx_std::vector<struct Flow::DynamicPropertyEntry, class stlpmtx_std::StlNodeAlloc<struct Flow::DynamicPropertyEntry>>::_M_insert_overflow_aux(struct Flow::DynamicPropertyEntry *, struct Flow::DynamicPropertyEntry const &, struct stlpmtx_std::__false_type const &, unsigned int, bool)	protected: void __cdecl stlpmtx_std::vector<class CamShotFrame, class stlpmtx_std::StlNodeAlloc<class CamShotFrame>>::_M_insert_overflow_aux(class CamShotFrame *, class CamShotFrame const &, struct stlpmtx_std::__false_type const &, unsigned int, bool)
112	BC_DIFFERENT_UNRESOLVED	engine	default/Waypoint	?_M_fill_insert@?$vector@V?$ObjPtr@VSeqInst@@@@V?$StlNodeAlloc@V?$ObjPtr@VSeqInst@@@@@stlpmtx_std@@@stlpmtx_std@@AAAXPAV?$ObjPtr@VSeqInst@@@@IABV3@@Z	99.8214	DIFFERENT	REFUTED	private: void __cdecl stlpmtx_std::vector<class ObjOwnerPtr<class Waypoint>, class stlpmtx_std::StlNodeAlloc<class ObjOwnerPtr<class Waypoint>>>::_M_fill_insert_aux(class ObjOwnerPtr<class Waypoint> *, unsigned int, class ObjOwnerPtr<class Waypoint> const &, struct stlpmtx_std::__false_type const &)	private: void __cdecl stlpmtx_std::vector<class ObjPtr<class SeqInst>, class stlpmtx_std::StlNodeAlloc<class ObjPtr<class SeqInst>>>::_M_fill_insert_aux(class ObjPtr<class SeqInst> *, unsigned int, class ObjPtr<class SeqInst> const &, struct stlpmtx_std::__false_type const &)
112	UNDECIDABLE	engine	default/Sequence	?_M_fill_insert@?$vector@V?$ObjPtr@VSequence@@@@V?$StlNodeAlloc@V?$ObjPtr@VSequence@@@@@stlpmtx_std@@@stlpmtx_std@@AAAXPAV?$ObjPtr@VSequence@@@@IABV3@@Z	99.8214	UNKNOWN	REFUTED	private: void __cdecl stlpmtx_std::vector<class ObjPtr<class SeqInst>, class stlpmtx_std::StlNodeAlloc<class ObjPtr<class SeqInst>>>::_M_fill_insert_aux(class ObjPtr<class SeqInst> *, unsigned int, class ObjPtr<class SeqInst> const &, struct stlpmtx_std::__false_type const &)	private: void __cdecl stlpmtx_std::vector<class ObjPtr<class Sequence>, class stlpmtx_std::StlNodeAlloc<class ObjPtr<class Sequence>>>::_M_fill_insert_aux(class ObjPtr<class Sequence> *, unsigned int, class ObjPtr<class Sequence> const &, struct stlpmtx_std::__false_type const &)
112	BC_DIFFERENT_UNRESOLVED	engine	default/MoveAsyncDetector	?_M_fill_insert@?$vector@VDetectFrame@@V?$StlNodeAlloc@VDetectFrame@@@stlpmtx_std@@@stlpmtx_std@@AAAXPAVDetectFrame@@IABV3@@Z	99.7857	DIFFERENT	REFUTED	protected: void __cdecl stlpmtx_std::vector<class GemPlayer::UpcomingFretRelease, class stlpmtx_std::StlNodeAlloc<class GemPlayer::UpcomingFretRelease>>::_M_insert_overflow_aux(class GemPlayer::UpcomingFretRelease *, class GemPlayer::UpcomingFretRelease const &, struct stlpmtx_std::__false_type const &, unsigned int, bool)	protected: void __cdecl stlpmtx_std::vector<class DetectFrame, class stlpmtx_std::StlNodeAlloc<class DetectFrame>>::_M_insert_overflow_aux(class DetectFrame *, class DetectFrame const &, struct stlpmtx_std::__false_type const &, unsigned int, bool)
112	UNDECIDABLE	engine	default/SpotlightDrawer	??$sort@PAVSpotlightEntry@SpotlightDrawer@@VByColor@@@stlpmtx_std@@YAXPAVSpotlightEntry@SpotlightDrawer@@0VByColor@@@Z	99.8214	UNKNOWN	CORROBORATED	void __cdecl stlpmtx_std::__introsort_loop<class CameraManager::Category *, class CameraManager::Category, int, struct stlpmtx_std::less<class CameraManager::Category>>(class CameraManager::Category *, class CameraManager::Category *, class CameraManager::Category *, int, struct stlpmtx_std::less<class CameraManager::Category>)	void __cdecl stlpmtx_std::__introsort_loop<class SpotlightDrawer::SpotlightEntry *, class SpotlightDrawer::SpotlightEntry, int, class ByColor>(class SpotlightDrawer::SpotlightEntry *, class SpotlightDrawer::SpotlightEntry *, class SpotlightDrawer::SpotlightEntry *, int, class ByColor)
112	BC_DIFFERENT_UNRESOLVED	engine	default/SongCollision	?_M_fill_insert@?$vector@UBeatCollisionData@@V?$StlNodeAlloc@UBeatCollisionData@@@stlpmtx_std@@@stlpmtx_std@@AAAXPAUBeatCollisionData@@IABU3@@Z	99.7857	DIFFERENT	REFUTED	protected: void __cdecl stlpmtx_std::vector<class stlpmtx_std::set<class MoveParent const *, struct stlpmtx_std::less<class MoveParent const *>, class stlpmtx_std::StlNodeAlloc<class MoveParent const *>>, class stlpmtx_std::StlNodeAlloc<class stlpmtx_std::set<class MoveParent const *, struct stlpmtx_std::less<class MoveParent const *>, class stlpmtx_std::StlNodeAlloc<class MoveParent const *>>>>::_M_insert_overflow_aux(class stlpmtx_std::set<class MoveParent const *, struct stlpmtx_std::less<class MoveParent const *>, class stlpmtx_std::StlNodeAlloc<class MoveParent const *>> *, class stlpmtx_std::set<class MoveParent const *, struct stlpmtx_std::less<class MoveParent const *>, class stlpmtx_std::StlNodeAlloc<class MoveParent const *>> const &, struct stlpmtx_std::__true_type const &, unsigned int, bool)	protected: void __cdecl stlpmtx_std::vector<struct BeatCollisionData, class stlpmtx_std::StlNodeAlloc<struct BeatCollisionData>>::_M_insert_overflow_aux(struct BeatCollisionData *, struct BeatCollisionData const &, struct stlpmtx_std::__false_type const &, unsigned int, bool)
112	BC_DIFFERENT_UNRESOLVED	engine	default/SongLayout	?_M_fill_insert@?$vector@VSongPattern@@V?$StlNodeAlloc@VSongPattern@@@stlpmtx_std@@@stlpmtx_std@@AAAXPAVSongPattern@@IABV3@@Z	99.7857	DIFFERENT	REFUTED	private: void __cdecl stlpmtx_std::vector<class ObjOwnerPtr<class CharClip>, class stlpmtx_std::StlNodeAlloc<class ObjOwnerPtr<class CharClip>>>::_M_fill_insert_aux(class ObjOwnerPtr<class CharClip> *, unsigned int, class ObjOwnerPtr<class CharClip> const &, struct stlpmtx_std::__false_type const &)	private: void __cdecl stlpmtx_std::vector<class SongPattern, class stlpmtx_std::StlNodeAlloc<class SongPattern>>::_M_fill_insert_aux(class SongPattern *, unsigned int, class SongPattern const &, struct stlpmtx_std::__false_type const &)
112	BC_DIFFERENT_UNRESOLVED	engine	default/LightPreset	?_M_fill_insert@?$vector@USpotlightEntry@LightPreset@@V?$StlNodeAlloc@USpotlightEntry@LightPreset@@@stlpmtx_std@@@stlpmtx_std@@AAAXPAUSpotlightEntry@LightPreset@@IABU34@@Z	99.8214	DIFFERENT	REFUTED	protected: void __cdecl stlpmtx_std::vector<struct LocalePanel::Entry, class stlpmtx_std::StlNodeAlloc<struct LocalePanel::Entry>>::_M_insert_overflow_aux(struct LocalePanel::Entry *, struct LocalePanel::Entry const &, struct stlpmtx_std::__false_type const &, unsigned int, bool)	protected: void __cdecl stlpmtx_std::vector<struct LightPreset::SpotlightEntry, class stlpmtx_std::StlNodeAlloc<struct LightPreset::SpotlightEntry>>::_M_insert_overflow_aux(struct LightPreset::SpotlightEntry *, struct LightPreset::SpotlightEntry const &, struct stlpmtx_std::__false_type const &, unsigned int, bool)
112	BC_DIFFERENT_UNRESOLVED	engine	default/DataEventList	?_M_fill_insert@?$vector@VDataEvent@@V?$StlNodeAlloc@VDataEvent@@@stlpmtx_std@@@stlpmtx_std@@AAAXPAVDataEvent@@IABV3@@Z	99.8214	DIFFERENT	REFUTED	protected: void __cdecl stlpmtx_std::vector<class FilePath, class stlpmtx_std::StlNodeAlloc<class FilePath>>::_M_insert_overflow_aux(class FilePath *, class FilePath const &, struct stlpmtx_std::__false_type const &, unsigned int, bool)	protected: void __cdecl stlpmtx_std::vector<class DataEvent, class stlpmtx_std::StlNodeAlloc<class DataEvent>>::_M_insert_overflow_aux(class DataEvent *, class DataEvent const &, struct stlpmtx_std::__false_type const &, unsigned int, bool)
112	UNDECIDABLE	engine	default/MidiParser	?_M_fill_insert@?$vector@UNote@MidiParser@@V?$StlNodeAlloc@UNote@MidiParser@@@stlpmtx_std@@@stlpmtx_std@@AAAXPAUNote@MidiParser@@IABU34@@Z	99.8214	UNKNOWN	CORROBORATED	private: void __cdecl stlpmtx_std::vector<struct DataEventList::CompEv, class stlpmtx_std::StlNodeAlloc<struct DataEventList::CompEv>>::_M_fill_insert_aux(struct DataEventList::CompEv *, unsigned int, struct DataEventList::CompEv const &, struct stlpmtx_std::__false_type const &)	private: void __cdecl stlpmtx_std::vector<struct MidiParser::Note, class stlpmtx_std::StlNodeAlloc<struct MidiParser::Note>>::_M_fill_insert_aux(struct MidiParser::Note *, unsigned int, struct MidiParser::Note const &, struct stlpmtx_std::__false_type const &)
112	BC_DIFFERENT_UNRESOLVED	engine	default/MetaMusic	?_M_fill_insert@?$vector@V?$ObjDirPtr@VObjectDir@@@@V?$StlNodeAlloc@V?$ObjDirPtr@VObjectDir@@@@@stlpmtx_std@@@stlpmtx_std@@AAAXPAV?$ObjDirPtr@VObjectDir@@@@IABV3@@Z	99.8214	DIFFERENT	REFUTED	protected: void __cdecl stlpmtx_std::vector<class DataArrayPtr, class stlpmtx_std::StlNodeAlloc<class DataArrayPtr>>::_M_insert_overflow_aux(class DataArrayPtr *, class DataArrayPtr const &, struct stlpmtx_std::__false_type const &, unsigned int, bool)	protected: void __cdecl stlpmtx_std::vector<class ObjDirPtr<class ObjectDir>, class stlpmtx_std::StlNodeAlloc<class ObjDirPtr<class ObjectDir>>>::_M_insert_overflow_aux(class ObjDirPtr<class ObjectDir> *, class ObjDirPtr<class ObjectDir> const &, struct stlpmtx_std::__false_type const &, unsigned int, bool)
112	A_FOLD_CONSISTENT	engine	default/MatAnim	??$sort@PAPAVRndPollable@@P6A_NPBV1@0@Z@stlpmtx_std@@YAXPAPAVRndPollable@@0P6A_NPBV1@1@Z@Z	99.8214	SAME	CORROBORATED	void __cdecl stlpmtx_std::__final_insertion_sort<class RndTransformable **, bool (__cdecl *)(class RndTransformable const *, class RndTransformable const *)>(class RndTransformable **, class RndTransformable **, bool (__cdecl *)(class RndTransformable const *, class RndTransformable const *))	void __cdecl stlpmtx_std::__final_insertion_sort<class RndPollable **, bool (__cdecl *)(class RndPollable const *, class RndPollable const *)>(class RndPollable **, class RndPollable **, bool (__cdecl *)(class RndPollable const *, class RndPollable const *))
112	A_FOLD_CONSISTENT	engine	default/Graph	?AddString@RndGraph@@QAAXPBDABVVector2@@ABVColor@Hmx@@@Z	99.8214	SAME	REFUTED	public: void __cdecl stlpmtx_std::vector<class ChatReceiver *, class stlpmtx_std::StlNodeAlloc<class ChatReceiver *>>::push_back(class ChatReceiver *const &)	public: void __cdecl stlpmtx_std::vector<class Drawable *, class stlpmtx_std::StlNodeAlloc<class Drawable *>>::push_back(class Drawable *const &)
112	A_FOLD_CONSISTENT	engine	default/MeshAnim	?_M_clear@?$vector@V?$Key@V?$vector@VVector3@@V?$StlNodeAlloc@VVector3@@@stlpmtx_std@@@stlpmtx_std@@@@V?$StlNodeAlloc@V?$Key@V?$vector@VVector3@@V?$StlNodeAlloc@VVector3@@@stlpmtx_std@@@stlpmtx_std@@@@@stlpmtx_std@@@stlpmtx_std@@IAAXXZ	99.8214	SAME	CORROBORATED	void __cdecl stlpmtx_std::__destroy_range_aux<class stlpmtx_std::reverse_iterator<class Key<class stlpmtx_std::vector<class Hmx::Color, class stlpmtx_std::StlNodeAlloc<class Hmx::Color>>> *>>(class stlpmtx_std::reverse_iterator<class Key<class stlpmtx_std::vector<class Hmx::Color, class stlpmtx_std::StlNodeAlloc<class Hmx::Color>>> *>, class stlpmtx_std::reverse_iterator<class Key<class stlpmtx_std::vector<class Hmx::Color, class stlpmtx_std::StlNodeAlloc<class Hmx::Color>>> *>, struct stlpmtx_std::__false_type const &)	void __cdecl stlpmtx_std::__destroy_range_aux<class stlpmtx_std::reverse_iterator<class Key<class stlpmtx_std::vector<class Vector3, class stlpmtx_std::StlNodeAlloc<class Vector3>>> *>>(class stlpmtx_std::reverse_iterator<class Key<class stlpmtx_std::vector<class Vector3, class stlpmtx_std::StlNodeAlloc<class Vector3>>> *>, class stlpmtx_std::reverse_iterator<class Key<class stlpmtx_std::vector<class Vector3, class stlpmtx_std::StlNodeAlloc<class Vector3>>> *>, struct stlpmtx_std::__false_type const &)
112	UNDECIDABLE	engine	default/PropAnim	??$?5V?$Key@_N@@V?$StlNodeAlloc@V?$Key@_N@@@stlpmtx_std@@@@YAAAVBinStreamRev@@AAV0@AAV?$vector@V?$Key@_N@@V?$StlNodeAlloc@V?$Key@_N@@@stlpmtx_std@@@stlpmtx_std@@@Z	99.8214	UNKNOWN	REFUTED	public: void __cdecl stlpmtx_std::vector<class Stats::StreakInfo, class stlpmtx_std::StlNodeAlloc<class Stats::StreakInfo>>::resize(unsigned int, class Stats::StreakInfo const &)	public: void __cdecl stlpmtx_std::vector<class Key<bool>, class stlpmtx_std::StlNodeAlloc<class Key<bool>>>::resize(unsigned int, class Key<bool> const &)
112	BC_DIFFERENT_UNRESOLVED	engine	default/Faders	??1Fader@@UAA@XZ	99.8214	DIFFERENT	REFUTED	public: void __cdecl stlpmtx_std::_Rb_tree<class Symbol, struct stlpmtx_std::less<class Symbol>, struct stlpmtx_std::pair<class Symbol const, class CharLipSync *>, struct stlpmtx_std::_Select1st<struct stlpmtx_std::pair<class Symbol const, class CharLipSync *>>, struct stlpmtx_std::priv::_MapTraitsT<struct stlpmtx_std::pair<class Symbol const, class CharLipSync *>>, class stlpmtx_std::StlNodeAlloc<struct stlpmtx_std::pair<class Symbol const, class CharLipSync *>>>::clear(void)	public: void __cdecl stlpmtx_std::_Rb_tree<class FaderGroup *, struct stlpmtx_std::less<class FaderGroup *>, class FaderGroup *, struct stlpmtx_std::_Identity<class FaderGroup *>, struct stlpmtx_std::priv::_SetTraitsT<class FaderGroup *>, class stlpmtx_std::StlNodeAlloc<class FaderGroup *>>::clear(void)
112	A_FOLD_CONSISTENT	engine	default/Mic	?AddMic@MicManagerXbox@@QAAXPAVMicXbox@@@Z	99.8214	SAME	REFUTED	public: void __cdecl stlpmtx_std::vector<class ChatReceiver *, class stlpmtx_std::StlNodeAlloc<class ChatReceiver *>>::push_back(class ChatReceiver *const &)	public: void __cdecl stlpmtx_std::vector<class MicXbox *, class stlpmtx_std::StlNodeAlloc<class MicXbox *>>::push_back(class MicXbox *const &)
112	C_PROVEN_CALLEE	game	default/band3/meta_band/AssetProvider	??$sort@PAPAVUIListWidget@@UWidgetDrawSort@?A0x530db9db@@@stlpmtx_std@@YAXPAPAVUIListWidget@@0UWidgetDrawSort@?A0x530db9db@@@Z	0.0000	DIFFERENT	CORROBORATED	void __cdecl stlpmtx_std::__introsort_loop<class RndPollable **, class RndPollable *, int, bool (__cdecl *)(class RndPollable const *, class RndPollable const *)>(class RndPollable **, class RndPollable **, class RndPollable **, int, bool (__cdecl *)(class RndPollable const *, class RndPollable const *))	void __cdecl stlpmtx_std::__introsort_loop<class UIListWidget **, class UIListWidget *, int, struct `anonymous namespace'::WidgetDrawSort>(class UIListWidget **, class UIListWidget **, class UIListWidget **, int, struct `anonymous namespace'::WidgetDrawSort)
112	UNDECIDABLE	engine	default/MeasureMap	??0MeasureMap@@QAA@XZ	99.8214	UNKNOWN	REFUTED	public: void __cdecl stlpmtx_std::vector<class SongParser::GemInProgress, class stlpmtx_std::StlNodeAlloc<class SongParser::GemInProgress>>::push_back(class SongParser::GemInProgress const &)	public: void __cdecl stlpmtx_std::vector<class MeasureMap::TimeSigChange, class stlpmtx_std::StlNodeAlloc<class MeasureMap::TimeSigChange>>::push_back(class MeasureMap::TimeSigChange const &)
112	BC_DIFFERENT_UNRESOLVED	engine	default/MemTracker	??$sort@PAPAVAllocInfo@@P6A_NABQAV1@0@Z@stlpmtx_std@@YAXPAPAVAllocInfo@@0P6A_NABQAV1@1@Z@Z	99.8214	DIFFERENT	REFUTED	void __cdecl stlpmtx_std::__introsort_loop<class UIListWidget **, class UIListWidget *, int, struct `anonymous namespace'::WidgetDrawSort>(class UIListWidget **, class UIListWidget **, class UIListWidget **, int, struct `anonymous namespace'::WidgetDrawSort)	void __cdecl stlpmtx_std::__introsort_loop<class AllocInfo **, class AllocInfo *, int, bool (__cdecl *)(class AllocInfo *const &, class AllocInfo *const &)>(class AllocInfo **, class AllocInfo **, class AllocInfo **, int, bool (__cdecl *)(class AllocInfo *const &, class AllocInfo *const &))
112	BC_DIFFERENT_UNRESOLVED	engine	default/ColorPalette	?_M_fill_insert@?$vector@UColorSet@@V?$StlNodeAlloc@UColorSet@@@stlpmtx_std@@@stlpmtx_std@@AAAXPAUColorSet@@IABU3@@Z	99.8214	DIFFERENT	REFUTED	private: void __cdecl stlpmtx_std::vector<class GameGem, class stlpmtx_std::StlNodeAlloc<class GameGem>>::_M_fill_insert_aux(class GameGem *, unsigned int, class GameGem const &, struct stlpmtx_std::__false_type const &)	private: void __cdecl stlpmtx_std::vector<struct ColorSet, class stlpmtx_std::StlNodeAlloc<struct ColorSet>>::_M_fill_insert_aux(struct ColorSet *, unsigned int, struct ColorSet const &, struct stlpmtx_std::__false_type const &)
108	A_FOLD_CONSISTENT	engine	default/TexBlendController	??1RndTexBlendController@@UAA@XZ	99.8148	SAME	REFUTED	public: virtual __cdecl ObjRefConcrete<class CharLookAt, class ObjectDir>::~ObjRefConcrete<class CharLookAt, class ObjectDir>(void)	public: virtual __cdecl ObjRefConcrete<class RndMesh, class ObjectDir>::~ObjRefConcrete<class RndMesh, class ObjectDir>(void)
108	UNDECIDABLE	game	default/GemManager	?EndRepeatedChordPhrase@GemManager@@QAAXAAH00@Z	99.8148	UNKNOWN	REFUTED	public: void __cdecl stlpmtx_std::vector<struct PressRec, class stlpmtx_std::StlNodeAlloc<struct PressRec>>::push_back(struct PressRec const &)	public: void __cdecl stlpmtx_std::vector<class GemManager::ArpeggioPhrase, class stlpmtx_std::StlNodeAlloc<class GemManager::ArpeggioPhrase>>::push_back(class GemManager::ArpeggioPhrase const &)
108	A_FOLD_CONSISTENT	game	default/band3/meta_band/SongSort	??$TrimExcess@PAVTrack@@@@YAXAAV?$vector@PAVTrack@@V?$StlNodeAlloc@PAVTrack@@@stlpmtx_std@@@stlpmtx_std@@@Z	99.8148	SAME	REFUTED	public: __cdecl stlpmtx_std::vector<int, class stlpmtx_std::StlNodeAlloc<int>>::vector<int, class stlpmtx_std::StlNodeAlloc<int>>(class stlpmtx_std::vector<int, class stlpmtx_std::StlNodeAlloc<int>> const &)	public: __cdecl stlpmtx_std::vector<class Track *, class stlpmtx_std::StlNodeAlloc<class Track *>>::vector<class Track *, class stlpmtx_std::StlNodeAlloc<class Track *>>(class stlpmtx_std::vector<class Track *, class stlpmtx_std::StlNodeAlloc<class Track *>> const &)
108	UNDECIDABLE	game	default/band3/bandtrack/TrackPanel	?GetTrackOrder@TrackPanel@@UBAXPAV?$vector@W4TrackInstrument@@V?$StlNodeAlloc@W4TrackInstrument@@@stlpmtx_std@@@stlpmtx_std@@_N@Z	99.8148	UNKNOWN	REFUTED	public: void __cdecl stlpmtx_std::vector<class Symbol, class stlpmtx_std::StlNodeAlloc<class Symbol>>::push_back(class Symbol const &)	public: void __cdecl stlpmtx_std::vector<enum TrackInstrument, class stlpmtx_std::StlNodeAlloc<enum TrackInstrument>>::push_back(enum TrackInstrument const &)
108	BC_DIFFERENT_UNRESOLVED	engine	default/Set	??1RndSet@@UAA@XZ	99.8148	DIFFERENT	REFUTED	public: virtual __cdecl ObjPtrList<class CharInterest, class ObjectDir>::~ObjPtrList<class CharInterest, class ObjectDir>(void)	public: virtual __cdecl ObjPtrList<class Hmx::Object, class ObjectDir>::~ObjPtrList<class Hmx::Object, class ObjectDir>(void)
108	BC_DIFFERENT_UNRESOLVED	game	default/AppLabel	?SetSongYear@AppLabel@@QAAXHH@Z	99.8148	DIFFERENT	REFUTED	char const * __cdecl MakeString<char const *, char const *>(char const *, char const *, char const *)	char const * __cdecl MakeString<int, int>(char const *, int, int)
108	A_FOLD_CONSISTENT	engine	default/CharEyes	?ListPollChildren@CharEyes@@UBAXAAV?$list@PAVRndPollable@@V?$StlNodeAlloc@PAVRndPollable@@@stlpmtx_std@@@stlpmtx_std@@@Z	99.8148	SAME	REFUTED	public: struct stlpmtx_std::_List_iterator<class CharClip *, struct stlpmtx_std::_Nonconst_traits<class CharClip *>> __cdecl stlpmtx_std::list<class CharClip *, class stlpmtx_std::StlNodeAlloc<class CharClip *>>::insert(struct stlpmtx_std::_List_iterator<class CharClip *, struct stlpmtx_std::_Nonconst_traits<class CharClip *>>, class CharClip *const &)	public: struct stlpmtx_std::_List_iterator<class RndPollable *, struct stlpmtx_std::_Nonconst_traits<class RndPollable *>> __cdecl stlpmtx_std::list<class RndPollable *, class stlpmtx_std::StlNodeAlloc<class RndPollable *>>::insert(struct stlpmtx_std::_List_iterator<class RndPollable *, struct stlpmtx_std::_Nonconst_traits<class RndPollable *>>, class RndPollable *const &)
108	BC_DIFFERENT_UNRESOLVED	game	default/band3/meta_band/MusicLibraryNetSetlists	??1NetSavedSetlist@@UAA@XZ	99.8148	DIFFERENT	REFUTED	public: __cdecl stlpmtx_std::vector<struct ObjPtrVec<class Hmx::Object, class ObjectDir>::Node, class stlpmtx_std::StlNodeAlloc<struct ObjPtrVec<class Hmx::Object, class ObjectDir>::Node>>::~vector<struct ObjPtrVec<class Hmx::Object, class ObjectDir>::Node, class stlpmtx_std::StlNodeAlloc<struct ObjPtrVec<class Hmx::Object, class ObjectDir>::Node>>(void)	public: __cdecl stlpmtx_std::vector<class String, class stlpmtx_std::StlNodeAlloc<class String>>::~vector<class String, class stlpmtx_std::StlNodeAlloc<class String>>(void)
108	C_PROVEN_CALLEE	game	default/band3/meta_band/PrefabMgr	??$__make_heap@PAPAUEventEntry@@UMaxSort@@PAU1@H@stlpmtx_std@@YAXPAPAUEventEntry@@0UMaxSort@@0PAH@Z	99.8148	DIFFERENT	CORROBORATED	void __cdecl stlpmtx_std::__adjust_heap<class PrefabChar **, int, class PrefabChar *, struct SortPrefabByPortraitFileName>(class PrefabChar **, int, int, class PrefabChar *, struct SortPrefabByPortraitFileName)	void __cdecl stlpmtx_std::__adjust_heap<struct EventEntry **, int, struct EventEntry *, struct MaxSort>(struct EventEntry **, int, int, struct EventEntry *, struct MaxSort)
108	C_PROVEN_CALLEE	game	default/band3/meta_band/PrefabMgr	??$__final_insertion_sort@PAPAUEventEntry@@UMaxSort@@@stlpmtx_std@@YAXPAPAUEventEntry@@0UMaxSort@@@Z	99.8148	DIFFERENT	CORROBORATED	void __cdecl stlpmtx_std::__unguarded_linear_insert<class PrefabChar **, class PrefabChar *, struct SortPrefabByPortraitFileName>(class PrefabChar **, class PrefabChar *, struct SortPrefabByPortraitFileName)	void __cdecl stlpmtx_std::__unguarded_linear_insert<struct EventEntry **, struct EventEntry *, struct MaxSort>(struct EventEntry **, struct EventEntry *, struct MaxSort)
108	A_FOLD_CONSISTENT	engine	default/TexRenderer	?ListAnimChildren@RndTexRenderer@@UBAXAAV?$list@PAVRndAnimatable@@V?$StlNodeAlloc@PAVRndAnimatable@@@stlpmtx_std@@@stlpmtx_std@@@Z	99.8148	SAME	REFUTED	public: struct stlpmtx_std::_List_iterator<class CharClip *, struct stlpmtx_std::_Nonconst_traits<class CharClip *>> __cdecl stlpmtx_std::list<class CharClip *, class stlpmtx_std::StlNodeAlloc<class CharClip *>>::insert(struct stlpmtx_std::_List_iterator<class CharClip *, struct stlpmtx_std::_Nonconst_traits<class CharClip *>>, class CharClip *const &)	public: struct stlpmtx_std::_List_iterator<class RndAnimatable *, struct stlpmtx_std::_Nonconst_traits<class RndAnimatable *>> __cdecl stlpmtx_std::list<class RndAnimatable *, class stlpmtx_std::StlNodeAlloc<class RndAnimatable *>>::insert(struct stlpmtx_std::_List_iterator<class RndAnimatable *, struct stlpmtx_std::_Nonconst_traits<class RndAnimatable *>>, class RndAnimatable *const &)
108	BC_DIFFERENT_UNRESOLVED	engine	default/Gesture	??4?$ObjList@UMatOverride@WorldDir@@@@QAAXABV0@@Z	99.8148	DIFFERENT	REFUTED	public: void __cdecl ObjList<class SongSectionController::PracticeSectionMapping>::resize(unsigned int)	public: void __cdecl ObjList<struct WorldDir::MatOverride>::resize(unsigned int)
108	UNDECIDABLE	engine	default/BandCamShot	?push_back@?$ObjList@UTarget@BandCamShot@@@@QAAXABUTarget@BandCamShot@@@Z	99.8148	UNKNOWN	REFUTED	public: void __cdecl ObjList<struct HamCamShot::Target>::resize(unsigned int)	public: void __cdecl ObjList<struct BandCamShot::Target>::resize(unsigned int)
108	BC_DIFFERENT_UNRESOLVED	engine	default/PanelDir	??4?$ObjList@UTarget@BandCamShot@@@@QAAXABV0@@Z	99.8148	DIFFERENT	REFUTED	public: void __cdecl ObjList<struct WorldDir::MatOverride>::resize(unsigned int)	public: void __cdecl ObjList<struct BandCamShot::Target>::resize(unsigned int)
108	BC_DIFFERENT_UNRESOLVED	engine	default/EventTrigger	??4?$ObjList@UPropTriggerDefn@FlowTrigger@@@@QAAXABV0@@Z	99.8148	DIFFERENT	REFUTED	public: void __cdecl ObjList<struct EventTrigger::Anim>::resize(unsigned int)	public: void __cdecl ObjList<struct FlowTrigger::PropTriggerDefn>::resize(unsigned int)
108	BC_DIFFERENT_UNRESOLVED	engine	default/system/bandobj/BandFaceDeform	?Copy@BandFaceDeform@@UAAXPBVObject@Hmx@@W4CopyType@23@@Z	99.8148	DIFFERENT	REFUTED	public: class stlpmtx_std::vector<class Key<class stlpmtx_std::vector<class Hmx::Color, class stlpmtx_std::StlNodeAlloc<class Hmx::Color>>>, class stlpmtx_std::StlNodeAlloc<class Key<class stlpmtx_std::vector<class Hmx::Color, class stlpmtx_std::StlNodeAlloc<class Hmx::Color>>>>> & __cdecl stlpmtx_std::vector<class Key<class stlpmtx_std::vector<class Hmx::Color, class stlpmtx_std::StlNodeAlloc<class Hmx::Color>>>, class stlpmtx_std::StlNodeAlloc<class Key<class stlpmtx_std::vector<class Hmx::Color, class stlpmtx_std::StlNodeAlloc<class Hmx::Color>>>>>::operator=(class stlpmtx_std::vector<class Key<class stlpmtx_std::vector<class Hmx::Color, class stlpmtx_std::StlNodeAlloc<class Hmx::Color>>>, class stlpmtx_std::StlNodeAlloc<class Key<class stlpmtx_std::vector<class Hmx::Color, class stlpmtx_std::StlNodeAlloc<class Hmx::Color>>>>> const &)	public: class stlpmtx_std::vector<class BandFaceDeform::DeltaArray, class stlpmtx_std::StlNodeAlloc<class BandFaceDeform::DeltaArray>> & __cdecl stlpmtx_std::vector<class BandFaceDeform::DeltaArray, class stlpmtx_std::StlNodeAlloc<class BandFaceDeform::DeltaArray>>::operator=(class stlpmtx_std::vector<class BandFaceDeform::DeltaArray, class stlpmtx_std::StlNodeAlloc<class BandFaceDeform::DeltaArray>> const &)
108	A_FOLD_CONSISTENT	engine	default/CameraShot	??0CamShotCrowd@@QAA@PAVObject@Hmx@@ABV0@@Z	99.8148	SAME	CORROBORATED	public: __cdecl stlpmtx_std::vector<class Extent, class stlpmtx_std::StlNodeAlloc<class Extent>>::vector<class Extent, class stlpmtx_std::StlNodeAlloc<class Extent>>(class stlpmtx_std::vector<class Extent, class stlpmtx_std::StlNodeAlloc<class Extent>> const &)	public: __cdecl stlpmtx_std::vector<struct stlpmtx_std::pair<int, int>, class stlpmtx_std::StlNodeAlloc<struct stlpmtx_std::pair<int, int>>>::vector<struct stlpmtx_std::pair<int, int>, class stlpmtx_std::StlNodeAlloc<struct stlpmtx_std::pair<int, int>>>(class stlpmtx_std::vector<struct stlpmtx_std::pair<int, int>, class stlpmtx_std::StlNodeAlloc<struct stlpmtx_std::pair<int, int>>> const &)
108	BC_DIFFERENT_UNRESOLVED	engine	default/SampleData	?_M_fill_insert@?$vector@VSampleMarker@@V?$StlNodeAlloc@VSampleMarker@@@stlpmtx_std@@@stlpmtx_std@@AAAXPAVSampleMarker@@IABV3@@Z	99.8148	DIFFERENT	REFUTED	private: void __cdecl stlpmtx_std::vector<class OutfitConfig::Overlay, class stlpmtx_std::StlNodeAlloc<class OutfitConfig::Overlay>>::_M_fill_insert_aux(class OutfitConfig::Overlay *, unsigned int, class OutfitConfig::Overlay const &, struct stlpmtx_std::__false_type const &)	private: void __cdecl stlpmtx_std::vector<class SampleMarker, class stlpmtx_std::StlNodeAlloc<class SampleMarker>>::_M_fill_insert_aux(class SampleMarker *, unsigned int, class SampleMarker const &, struct stlpmtx_std::__false_type const &)
108	UNDECIDABLE	engine	default/FlowMultiSetProperty	?_M_fill_insert@?$vector@PAVObject@Hmx@@V?$StlNodeAlloc@PAVObject@Hmx@@@stlpmtx_std@@@stlpmtx_std@@AAAXPAPAVObject@Hmx@@IABQAV34@@Z	99.8148	UNKNOWN	CORROBORATED	private: void __cdecl stlpmtx_std::vector<class RndDrawable *, class stlpmtx_std::StlNodeAlloc<class RndDrawable *>>::_M_fill_insert_aux(class RndDrawable **, unsigned int, class RndDrawable *const &, struct stlpmtx_std::__false_type const &)	private: void __cdecl stlpmtx_std::vector<class Hmx::Object *, class stlpmtx_std::StlNodeAlloc<class Hmx::Object *>>::_M_fill_insert_aux(class Hmx::Object **, unsigned int, class Hmx::Object *const &, struct stlpmtx_std::__false_type const &)
108	C_PROVEN_CALLEE	engine	default/MoveMgr	??$__make_heap@PAPAVCamShot@@UNameSort@@PAV1@H@stlpmtx_std@@YAXPAPAVCamShot@@0UNameSort@@0PAH@Z	99.8148	DIFFERENT	CORROBORATED	void __cdecl stlpmtx_std::__adjust_heap<int *, int, int, struct stlpmtx_std::less<int>>(int *, int, int, int, struct stlpmtx_std::less<int>)	void __cdecl stlpmtx_std::__adjust_heap<class CamShot **, int, class CamShot *, struct NameSort>(class CamShot **, int, int, class CamShot *, struct NameSort)
108	C_PROVEN_CALLEE	engine	default/LightPreset	?_M_fill_insert@?$vector@USpotlightDrawerEntry@LightPreset@@V?$StlNodeAlloc@USpotlightDrawerEntry@LightPreset@@@stlpmtx_std@@@stlpmtx_std@@AAAXPAUSpotlightDrawerEntry@LightPreset@@IABU34@@Z	99.6296	DIFFERENT	CORROBORATED	private: void __cdecl stlpmtx_std::vector<struct CharBones::Bone, class stlpmtx_std::StlNodeAlloc<struct CharBones::Bone>>::_M_fill_insert_aux(struct CharBones::Bone *, unsigned int, struct CharBones::Bone const &, struct stlpmtx_std::__false_type const &)	private: void __cdecl stlpmtx_std::vector<struct LightPreset::SpotlightDrawerEntry, class stlpmtx_std::StlNodeAlloc<struct LightPreset::SpotlightDrawerEntry>>::_M_fill_insert_aux(struct LightPreset::SpotlightDrawerEntry *, unsigned int, struct LightPreset::SpotlightDrawerEntry const &, struct stlpmtx_std::__false_type const &)
108	UNDECIDABLE	engine	default/Jukebox	?Play@Jukebox@@QAAXH@Z	99.8148	UNKNOWN	REFUTED	public: void __cdecl stlpmtx_std::vector<class Vector2, class stlpmtx_std::StlNodeAlloc<class Vector2>>::push_back(class Vector2 const &)	public: void __cdecl stlpmtx_std::vector<struct JukeboxItem, class stlpmtx_std::StlNodeAlloc<struct JukeboxItem>>::push_back(struct JukeboxItem const &)
108	BC_DIFFERENT_UNRESOLVED	engine	default/DataEventList	??$TrimExcess@VDataEvent@@@@YAXAAV?$vector@VDataEvent@@V?$StlNodeAlloc@VDataEvent@@@stlpmtx_std@@@stlpmtx_std@@@Z	99.8148	DIFFERENT	REFUTED	public: __cdecl stlpmtx_std::vector<struct DataEventList::CompEv, class stlpmtx_std::StlNodeAlloc<struct DataEventList::CompEv>>::vector<struct DataEventList::CompEv, class stlpmtx_std::StlNodeAlloc<struct DataEventList::CompEv>>(class stlpmtx_std::vector<struct DataEventList::CompEv, class stlpmtx_std::StlNodeAlloc<struct DataEventList::CompEv>> const &)	public: __cdecl stlpmtx_std::vector<class DataEvent, class stlpmtx_std::StlNodeAlloc<class DataEvent>>::vector<class DataEvent, class stlpmtx_std::StlNodeAlloc<class DataEvent>>(class stlpmtx_std::vector<class DataEvent, class stlpmtx_std::StlNodeAlloc<class DataEvent>> const &)
108	BC_DIFFERENT_UNRESOLVED	engine	default/MeshDeform	?_M_fill_insert@?$vector@VViewport@ObjectDir@@V?$StlNodeAlloc@VViewport@ObjectDir@@@stlpmtx_std@@@stlpmtx_std@@AAAXPAVViewport@ObjectDir@@IABV34@@Z	99.8148	DIFFERENT	REFUTED	protected: void __cdecl stlpmtx_std::vector<class Key<class Transform>, class stlpmtx_std::StlNodeAlloc<class Key<class Transform>>>::_M_insert_overflow_aux(class Key<class Transform> *, class Key<class Transform> const &, struct stlpmtx_std::__false_type const &, unsigned int, bool)	protected: void __cdecl stlpmtx_std::vector<class ObjectDir::Viewport, class stlpmtx_std::StlNodeAlloc<class ObjectDir::Viewport>>::_M_insert_overflow_aux(class ObjectDir::Viewport *, class ObjectDir::Viewport const &, struct stlpmtx_std::__false_type const &, unsigned int, bool)
108	C_PROVEN_CALLEE	engine	default/FileCache	??$__make_heap@PAPAVFileCacheEntry@@UPriority@@PAV1@H@stlpmtx_std@@YAXPAPAVFileCacheEntry@@0UPriority@@0PAH@Z	99.8148	DIFFERENT	CORROBORATED	void __cdecl stlpmtx_std::__adjust_heap<class RndMesh::Vert **, int, class RndMesh::Vert *, struct SortByZ>(class RndMesh::Vert **, int, int, class RndMesh::Vert *, struct SortByZ)	void __cdecl stlpmtx_std::__adjust_heap<class FileCacheEntry **, int, class FileCacheEntry *, struct Priority>(class FileCacheEntry **, int, int, class FileCacheEntry *, struct Priority)
108	BC_DIFFERENT_UNRESOLVED	engine	default/MeshAnim	?_M_fill_insert@?$vector@V?$Key@V?$vector@VVector2@@V?$StlNodeAlloc@VVector2@@@stlpmtx_std@@@stlpmtx_std@@@@V?$StlNodeAlloc@V?$Key@V?$vector@VVector2@@V?$StlNodeAlloc@VVector2@@@stlpmtx_std@@@stlpmtx_std@@@@@stlpmtx_std@@@stlpmtx_std@@AAAXPAV?$Key@V?$vector@VVector2@@V?$StlNodeAlloc@VVector2@@@stlpmtx_std@@@stlpmtx_std@@@@IABV3@@Z	99.8148	DIFFERENT	REFUTED	private: void __cdecl stlpmtx_std::vector<class Key<class stlpmtx_std::vector<class Hmx::Color, class stlpmtx_std::StlNodeAlloc<class Hmx::Color>>>, class stlpmtx_std::StlNodeAlloc<class Key<class stlpmtx_std::vector<class Hmx::Color, class stlpmtx_std::StlNodeAlloc<class Hmx::Color>>>>>::_M_fill_insert_aux(class Key<class stlpmtx_std::vector<class Hmx::Color, class stlpmtx_std::StlNodeAlloc<class Hmx::Color>>> *, unsigned int, class Key<class stlpmtx_std::vector<class Hmx::Color, class stlpmtx_std::StlNodeAlloc<class Hmx::Color>>> const &, struct stlpmtx_std::__false_type const &)	private: void __cdecl stlpmtx_std::vector<class Key<class stlpmtx_std::vector<class Vector2, class stlpmtx_std::StlNodeAlloc<class Vector2>>>, class stlpmtx_std::StlNodeAlloc<class Key<class stlpmtx_std::vector<class Vector2, class stlpmtx_std::StlNodeAlloc<class Vector2>>>>>::_M_fill_insert_aux(class Key<class stlpmtx_std::vector<class Vector2, class stlpmtx_std::StlNodeAlloc<class Vector2>>> *, unsigned int, class Key<class stlpmtx_std::vector<class Vector2, class stlpmtx_std::StlNodeAlloc<class Vector2>>> const &, struct stlpmtx_std::__false_type const &)
108	BC_DIFFERENT_UNRESOLVED	engine	default/MeshAnim	?_M_fill_insert@?$vector@V?$Key@V?$vector@VColor@Hmx@@V?$StlNodeAlloc@VColor@Hmx@@@stlpmtx_std@@@stlpmtx_std@@@@V?$StlNodeAlloc@V?$Key@V?$vector@VColor@Hmx@@V?$StlNodeAlloc@VColor@Hmx@@@stlpmtx_std@@@stlpmtx_std@@@@@stlpmtx_std@@@stlpmtx_std@@AAAXPAV?$Key@V?$vector@VColor@Hmx@@V?$StlNodeAlloc@VColor@Hmx@@@stlpmtx_std@@@stlpmtx_std@@@@IABV3@@Z	99.8148	DIFFERENT	REFUTED	private: void __cdecl stlpmtx_std::vector<class Key<class stlpmtx_std::vector<class Vector2, class stlpmtx_std::StlNodeAlloc<class Vector2>>>, class stlpmtx_std::StlNodeAlloc<class Key<class stlpmtx_std::vector<class Vector2, class stlpmtx_std::StlNodeAlloc<class Vector2>>>>>::_M_fill_insert_aux(class Key<class stlpmtx_std::vector<class Vector2, class stlpmtx_std::StlNodeAlloc<class Vector2>>> *, unsigned int, class Key<class stlpmtx_std::vector<class Vector2, class stlpmtx_std::StlNodeAlloc<class Vector2>>> const &, struct stlpmtx_std::__false_type const &)	private: void __cdecl stlpmtx_std::vector<class Key<class stlpmtx_std::vector<class Hmx::Color, class stlpmtx_std::StlNodeAlloc<class Hmx::Color>>>, class stlpmtx_std::StlNodeAlloc<class Key<class stlpmtx_std::vector<class Hmx::Color, class stlpmtx_std::StlNodeAlloc<class Hmx::Color>>>>>::_M_fill_insert_aux(class Key<class stlpmtx_std::vector<class Hmx::Color, class stlpmtx_std::StlNodeAlloc<class Hmx::Color>>> *, unsigned int, class Key<class stlpmtx_std::vector<class Hmx::Color, class stlpmtx_std::StlNodeAlloc<class Hmx::Color>>> const &, struct stlpmtx_std::__false_type const &)
108	A_FOLD_CONSISTENT	engine	default/TransAnim	?OnRemoveTransKeys@RndTransAnim@@IAA?AVDataNode@@PBVDataArray@@@Z	99.8148	SAME	REFUTED	public: int __cdecl Keys<class Hmx::Quat, class Hmx::Quat>::Remove(float, float)	public: int __cdecl Keys<class Vector3, class Vector3>::Remove(float, float)
108	C_PROVEN_CALLEE	engine	default/UIListDir	??$__final_insertion_sort@PAPAVUILabel@@ULabelSort@?A0x15e3583a@@@stlpmtx_std@@YAXPAPAVUILabel@@0ULabelSort@?A0x15e3583a@@@Z	99.8148	DIFFERENT	CORROBORATED	void __cdecl stlpmtx_std::__unguarded_linear_insert<class UIListWidget **, class UIListWidget *, struct `anonymous namespace'::WidgetDrawSort>(class UIListWidget **, class UIListWidget *, struct `anonymous namespace'::WidgetDrawSort)	void __cdecl stlpmtx_std::__unguarded_linear_insert<class UILabel **, class UILabel *, struct `anonymous namespace'::LabelSort>(class UILabel **, class UILabel *, struct `anonymous namespace'::LabelSort)
108	C_PROVEN_CALLEE	game	default/band3/meta_band/AssetProvider	??$__final_insertion_sort@PAPAVUIListWidget@@UWidgetDrawSort@?A0x530db9db@@@stlpmtx_std@@YAXPAPAVUIListWidget@@0UWidgetDrawSort@?A0x530db9db@@@Z	0.0000	DIFFERENT	CORROBORATED	void __cdecl stlpmtx_std::__unguarded_linear_insert<class RndDrawable **, class RndDrawable *, bool (__cdecl *)(class RndDrawable *, class RndDrawable *)>(class RndDrawable **, class RndDrawable *, bool (__cdecl *)(class RndDrawable *, class RndDrawable *))	void __cdecl stlpmtx_std::__unguarded_linear_insert<class UIListWidget **, class UIListWidget *, struct `anonymous namespace'::WidgetDrawSort>(class UIListWidget **, class UIListWidget *, struct `anonymous namespace'::WidgetDrawSort)
108	C_PROVEN_CALLEE	engine	default/MemTracker	??$__final_insertion_sort@PAPAVAllocInfo@@P6A_NABQAV1@0@Z@stlpmtx_std@@YAXPAPAVAllocInfo@@0P6A_NABQAV1@1@Z@Z	99.8148	DIFFERENT	CORROBORATED	void __cdecl stlpmtx_std::__unguarded_linear_insert<class RndMesh::Vert **, class RndMesh::Vert *, struct SortByZ>(class RndMesh::Vert **, class RndMesh::Vert *, struct SortByZ)	void __cdecl stlpmtx_std::__unguarded_linear_insert<class AllocInfo **, class AllocInfo *, bool (__cdecl *)(class AllocInfo *const &, class AllocInfo *const &)>(class AllocInfo **, class AllocInfo *, bool (__cdecl *)(class AllocInfo *const &, class AllocInfo *const &))
108	A_FOLD_CONSISTENT	engine	default/WaveFile	??$__final_insertion_sort@PAUCuePoint@?A0x9ea89d7a@@P6A_NABU12@0@Z@stlpmtx_std@@YAXPAUCuePoint@?A0x9ea89d7a@@0P6A_NABU12@1@Z@Z	99.6296	SAME	CORROBORATED	void __cdecl stlpmtx_std::__insertion_sort<struct FilterViewSetting::Filter *, struct FilterViewSetting::Filter, bool (__cdecl *)(struct FilterViewSetting::Filter const &, struct FilterViewSetting::Filter const &)>(struct FilterViewSetting::Filter *, struct FilterViewSetting::Filter *, struct FilterViewSetting::Filter *, bool (__cdecl *)(struct FilterViewSetting::Filter const &, struct FilterViewSetting::Filter const &))	void __cdecl stlpmtx_std::__insertion_sort<struct `anonymous namespace'::CuePoint *, struct 0x81ddebd1::CuePoint, bool (__cdecl *)(struct 0x81ddebd1::CuePoint const &, struct 0x81ddebd1::CuePoint const &)>(struct `anonymous namespace'::CuePoint *, struct `anonymous namespace'::CuePoint *, struct `anonymous namespace'::CuePoint *, bool (__cdecl *)(struct 0x81ddebd1::CuePoint const &, struct 0x81ddebd1::CuePoint const &))
104	A_FOLD_CONSISTENT	engine	default/system/rndobj/SoftParticles	?ListDrawChildren@RndSoftParticles@@UAAXAAV?$list@PAVRndDrawable@@V?$StlNodeAlloc@PAVRndDrawable@@@stlpmtx_std@@@stlpmtx_std@@@Z	99.8077	SAME	REFUTED	public: struct stlpmtx_std::_List_iterator<class CharClip *, struct stlpmtx_std::_Nonconst_traits<class CharClip *>> __cdecl stlpmtx_std::list<class CharClip *, class stlpmtx_std::StlNodeAlloc<class CharClip *>>::insert(struct stlpmtx_std::_List_iterator<class CharClip *, struct stlpmtx_std::_Nonconst_traits<class CharClip *>>, class CharClip *const &)	public: struct stlpmtx_std::_List_iterator<class RndDrawable *, struct stlpmtx_std::_Nonconst_traits<class RndDrawable *>> __cdecl stlpmtx_std::list<class RndDrawable *, class stlpmtx_std::StlNodeAlloc<class RndDrawable *>>::insert(struct stlpmtx_std::_List_iterator<class RndDrawable *, struct stlpmtx_std::_Nonconst_traits<class RndDrawable *>>, class RndDrawable *const &)
104	UNDECIDABLE	game	default/band3/bandtrack/Gem	??$?5VSeam@MeshAO@OutfitConfig@@V?$StlNodeAlloc@VSeam@MeshAO@OutfitConfig@@@stlpmtx_std@@@@YAAAVBinStream@@AAV0@AAV?$vector@VSeam@MeshAO@OutfitConfig@@V?$StlNodeAlloc@VSeam@MeshAO@OutfitConfig@@@stlpmtx_std@@@stlpmtx_std@@@Z	99.8077	UNKNOWN	REFUTED	public: void __cdecl stlpmtx_std::vector<class Stats::StreakInfo, class stlpmtx_std::StlNodeAlloc<class Stats::StreakInfo>>::resize(unsigned int, class Stats::StreakInfo const &)	public: void __cdecl stlpmtx_std::vector<class OutfitConfig::MeshAO::Seam, class stlpmtx_std::StlNodeAlloc<class OutfitConfig::MeshAO::Seam>>::resize(unsigned int, class OutfitConfig::MeshAO::Seam const &)
104	A_FOLD_CONSISTENT	game	default/GemManager	?RememberChordWidget@GemManager@@QAAXPAVTrackWidget@@@Z	99.8077	SAME	REFUTED	public: void __cdecl stlpmtx_std::vector<class ChatReceiver *, class stlpmtx_std::StlNodeAlloc<class ChatReceiver *>>::push_back(class ChatReceiver *const &)	public: void __cdecl stlpmtx_std::vector<class TrackWidget *, class stlpmtx_std::StlNodeAlloc<class TrackWidget *>>::push_back(class TrackWidget *const &)
104	A_FOLD_CONSISTENT	network	default/network/net/NetSession	?GetUserList@NetSession@@QBAXAAV?$vector@PAVUser@@V?$StlNodeAlloc@PAVUser@@@stlpmtx_std@@@stlpmtx_std@@@Z	99.8077	SAME	REFUTED	public: void __cdecl stlpmtx_std::vector<class ChatReceiver *, class stlpmtx_std::StlNodeAlloc<class ChatReceiver *>>::push_back(class ChatReceiver *const &)	public: void __cdecl stlpmtx_std::vector<class User *, class stlpmtx_std::StlNodeAlloc<class User *>>::push_back(class User *const &)
104	A_FOLD_CONSISTENT	engine	default/CharBonesSamples	?Clone@CharBonesSamples@@QAAXABV1@@Z	99.8077	SAME	CORROBORATED	public: class stlpmtx_std::vector<int, class stlpmtx_std::StlNodeAlloc<int>> & __cdecl stlpmtx_std::vector<int, class stlpmtx_std::StlNodeAlloc<int>>::operator=(class stlpmtx_std::vector<int, class stlpmtx_std::StlNodeAlloc<int>> const &)	public: class stlpmtx_std::vector<float, class stlpmtx_std::StlNodeAlloc<float>> & __cdecl stlpmtx_std::vector<float, class stlpmtx_std::StlNodeAlloc<float>>::operator=(class stlpmtx_std::vector<float, class stlpmtx_std::StlNodeAlloc<float>> const &)
104	A_FOLD_CONSISTENT	engine	default/CharPollGroup	?ListPollChildren@CharPollGroup@@UBAXAAV?$list@PAVRndPollable@@V?$StlNodeAlloc@PAVRndPollable@@@stlpmtx_std@@@stlpmtx_std@@@Z	99.8077	SAME	REFUTED	public: struct stlpmtx_std::_List_iterator<class CharClip *, struct stlpmtx_std::_Nonconst_traits<class CharClip *>> __cdecl stlpmtx_std::list<class CharClip *, class stlpmtx_std::StlNodeAlloc<class CharClip *>>::insert(struct stlpmtx_std::_List_iterator<class CharClip *, struct stlpmtx_std::_Nonconst_traits<class CharClip *>>, class CharClip *const &)	public: struct stlpmtx_std::_List_iterator<class RndPollable *, struct stlpmtx_std::_Nonconst_traits<class RndPollable *>> __cdecl stlpmtx_std::list<class RndPollable *, class stlpmtx_std::StlNodeAlloc<class RndPollable *>>::insert(struct stlpmtx_std::_List_iterator<class RndPollable *, struct stlpmtx_std::_Nonconst_traits<class RndPollable *>>, class RndPollable *const &)
104	BC_DIFFERENT_UNRESOLVED	game	default/band3/game/Stats	?AddToTimesSaved@Stats@@QAAXMM@Z	99.8077	DIFFERENT	REFUTED	private: void __cdecl stlpmtx_std::vector<float *, class stlpmtx_std::StlNodeAlloc<float *>>::_M_fill_insert(float **, unsigned int, float *const &)	private: void __cdecl stlpmtx_std::vector<float, class stlpmtx_std::StlNodeAlloc<float>>::_M_fill_insert(float *, unsigned int, float const &)
104	A_FOLD_CONSISTENT	game	default/band3/meta_band/AccomplishmentManager	?GetAwardSource@AccomplishmentManager@@QBA?AVSymbol@@V2@@Z	99.8077	SAME	CORROBORATED	private: class stlpmtx_std::priv::_Slist_iterator<struct stlpmtx_std::pair<class Symbol const, int>, struct stlpmtx_std::_Nonconst_traits<struct stlpmtx_std::pair<class Symbol const, int>>> __cdecl stlpmtx_std::hashtable<struct stlpmtx_std::pair<class Symbol const, int>, class Symbol, struct stlpmtx_std::hash<class Symbol>, struct stlpmtx_std::priv::_HashMapTraitsT<struct stlpmtx_std::pair<class Symbol const, int>>, struct stlpmtx_std::_Select1st<struct stlpmtx_std::pair<class Symbol const, int>>, struct stlpmtx_std::equal_to<class Symbol>, class stlpmtx_std::StlNodeAlloc<struct stlpmtx_std::pair<class Symbol const, int>>>::_M_find<class Symbol>(class Symbol const &) const	private: class stlpmtx_std::priv::_Slist_iterator<struct stlpmtx_std::pair<class Symbol const, class Symbol>, struct stlpmtx_std::_Nonconst_traits<struct stlpmtx_std::pair<class Symbol const, class Symbol>>> __cdecl stlpmtx_std::hashtable<struct stlpmtx_std::pair<class Symbol const, class Symbol>, class Symbol, struct stlpmtx_std::hash<class Symbol>, struct stlpmtx_std::priv::_HashMapTraitsT<struct stlpmtx_std::pair<class Symbol const, class Symbol>>, struct stlpmtx_std::_Select1st<struct stlpmtx_std::pair<class Symbol const, class Symbol>>, struct stlpmtx_std::equal_to<class Symbol>, class stlpmtx_std::StlNodeAlloc<struct stlpmtx_std::pair<class Symbol const, class Symbol>>>::_M_find<class Symbol>(class Symbol const &) const
104	A_FOLD_CONSISTENT	game	default/band3/meta_band/AccomplishmentManager	?GetAssetAward@AccomplishmentManager@@QBA?AVSymbol@@V2@@Z	99.8077	SAME	CORROBORATED	private: class stlpmtx_std::priv::_Slist_iterator<struct stlpmtx_std::pair<class Symbol const, int>, struct stlpmtx_std::_Nonconst_traits<struct stlpmtx_std::pair<class Symbol const, int>>> __cdecl stlpmtx_std::hashtable<struct stlpmtx_std::pair<class Symbol const, int>, class Symbol, struct stlpmtx_std::hash<class Symbol>, struct stlpmtx_std::priv::_HashMapTraitsT<struct stlpmtx_std::pair<class Symbol const, int>>, struct stlpmtx_std::_Select1st<struct stlpmtx_std::pair<class Symbol const, int>>, struct stlpmtx_std::equal_to<class Symbol>, class stlpmtx_std::StlNodeAlloc<struct stlpmtx_std::pair<class Symbol const, int>>>::_M_find<class Symbol>(class Symbol const &) const	private: class stlpmtx_std::priv::_Slist_iterator<struct stlpmtx_std::pair<class Symbol const, class Symbol>, struct stlpmtx_std::_Nonconst_traits<struct stlpmtx_std::pair<class Symbol const, class Symbol>>> __cdecl stlpmtx_std::hashtable<struct stlpmtx_std::pair<class Symbol const, class Symbol>, class Symbol, struct stlpmtx_std::hash<class Symbol>, struct stlpmtx_std::priv::_HashMapTraitsT<struct stlpmtx_std::pair<class Symbol const, class Symbol>>, struct stlpmtx_std::_Select1st<struct stlpmtx_std::pair<class Symbol const, class Symbol>>, struct stlpmtx_std::equal_to<class Symbol>, class stlpmtx_std::StlNodeAlloc<struct stlpmtx_std::pair<class Symbol const, class Symbol>>>::_M_find<class Symbol>(class Symbol const &) const
104	A_FOLD_CONSISTENT	game	default/band3/meta_band/InterstitialMgr	?clear@?$hashtable@U?$pair@$$CBVSymbol@@V?$hash_map@VSymbol@@PAVDataArray@@U?$hash@VSymbol@@@stlpmtx_std@@U?$equal_to@VSymbol@@@4@V?$StlNodeAlloc@U?$pair@$$CBVSymbol@@PAVDataArray@@@stlpmtx_std@@@4@@stlpmtx_std@@@stlpmtx_std@@VSymbol@@U?$hash@VSymbol@@@2@U?$_HashMapTraitsT@U?$pair@$$CBVSymbol@@V?$hash_map@VSymbol@@PAVDataArray@@U?$hash@VSymbol@@@stlpmtx_std@@U?$equal_to@VSymbol@@@4@V?$StlNodeAlloc@U?$pair@$$CBVSymbol@@PAVDataArray@@@stlpmtx_std@@@4@@stlpmtx_std@@@stlpmtx_std@@@priv@2@U?$_Select1st@U?$pair@$$CBVSymbol@@V?$hash_map@VSymbol@@PAVDataArray@@U?$hash@VSymbol@@@stlpmtx_std@@U?$equal_to@VSymbol@@@4@V?$StlNodeAlloc@U?$pair@$$CBVSymbol@@PAVDataArray@@@stlpmtx_std@@@4@@stlpmtx_std@@@stlpmtx_std@@@2@U?$equal_to@VSymbol@@@2@V?$StlNodeAlloc@U?$pair@$$CBVSymbol@@V?$hash_map@VSymbol@@PAVDataArray@@U?$hash@VSymbol@@@stlpmtx_std@@U?$equal_to@VSymbol@@@4@V?$StlNodeAlloc@U?$pair@$$CBVSymbol@@PAVDataArray@@@stlpmtx_std@@@4@@stlpmtx_std@@@stlpmtx_std@@@2@@stlpmtx_std@@QAAXXZ	99.8077	SAME	REFUTED	public: void __cdecl stlpmtx_std::vector<int, class stlpmtx_std::StlNodeAlloc<int>>::_M_fill_assign(unsigned int, int const &)	public: void __cdecl stlpmtx_std::vector<struct stlpmtx_std::priv::_Slist_node_base *, class stlpmtx_std::StlNodeAlloc<struct stlpmtx_std::priv::_Slist_node_base *>>::_M_fill_assign(unsigned int, struct stlpmtx_std::priv::_Slist_node_base *const &)
104	A_FOLD_CONSISTENT	engine	default/PatchDir	?clear@?$hashtable@U?$pair@$$CBVSymbol@@V?$vector@PAVPatchSticker@@V?$StlNodeAlloc@PAVPatchSticker@@@stlpmtx_std@@@stlpmtx_std@@@stlpmtx_std@@VSymbol@@USymbolHash@PatchDir@@U?$_HashMapTraitsT@U?$pair@$$CBVSymbol@@V?$vector@PAVPatchSticker@@V?$StlNodeAlloc@PAVPatchSticker@@@stlpmtx_std@@@stlpmtx_std@@@stlpmtx_std@@@priv@2@U?$_Select1st@U?$pair@$$CBVSymbol@@V?$vector@PAVPatchSticker@@V?$StlNodeAlloc@PAVPatchSticker@@@stlpmtx_std@@@stlpmtx_std@@@stlpmtx_std@@@2@U?$equal_to@VSymbol@@@2@V?$StlNodeAlloc@U?$pair@$$CBVSymbol@@V?$vector@PAVPatchSticker@@V?$StlNodeAlloc@PAVPatchSticker@@@stlpmtx_std@@@stlpmtx_std@@@stlpmtx_std@@@2@@stlpmtx_std@@QAAXXZ	99.8077	SAME	REFUTED	public: void __cdecl stlpmtx_std::vector<int, class stlpmtx_std::StlNodeAlloc<int>>::_M_fill_assign(unsigned int, int const &)	public: void __cdecl stlpmtx_std::vector<struct stlpmtx_std::priv::_Slist_node_base *, class stlpmtx_std::StlNodeAlloc<struct stlpmtx_std::priv::_Slist_node_base *>>::_M_fill_assign(unsigned int, struct stlpmtx_std::priv::_Slist_node_base *const &)
104	BC_DIFFERENT_UNRESOLVED	game	default/BandMachine	??1BandMachine@@UAA@XZ	99.6154	DIFFERENT	REFUTED	public: void __cdecl stlpmtx_std::_Rb_tree<class Symbol, struct stlpmtx_std::less<class Symbol>, struct stlpmtx_std::pair<class Symbol const, class CharLipSync *>, struct stlpmtx_std::_Select1st<struct stlpmtx_std::pair<class Symbol const, class CharLipSync *>>, struct stlpmtx_std::priv::_MapTraitsT<struct stlpmtx_std::pair<class Symbol const, class CharLipSync *>>, class stlpmtx_std::StlNodeAlloc<struct stlpmtx_std::pair<class Symbol const, class CharLipSync *>>>::clear(void)	public: void __cdecl stlpmtx_std::_Rb_tree<int, struct stlpmtx_std::less<int>, int, struct stlpmtx_std::_Identity<int>, struct stlpmtx_std::priv::_SetTraitsT<int>, class stlpmtx_std::StlNodeAlloc<int>>::clear(void)
104	BC_DIFFERENT_UNRESOLVED	game	default/BandSongMetadata	??$?5VSymbol@@V?$StlNodeAlloc@VSymbol@@@stlpmtx_std@@@@YAAAVBinStream@@AAV0@AAV?$vector@VSymbol@@V?$StlNodeAlloc@VSymbol@@@stlpmtx_std@@@stlpmtx_std@@@Z	99.8077	DIFFERENT	REFUTED	public: void __cdecl stlpmtx_std::vector<class SpotlightDrawer::SpotlightEntry, class stlpmtx_std::StlNodeAlloc<class SpotlightDrawer::SpotlightEntry>>::resize(unsigned int, class SpotlightDrawer::SpotlightEntry const &)	public: void __cdecl stlpmtx_std::vector<class Symbol, class stlpmtx_std::StlNodeAlloc<class Symbol>>::resize(unsigned int, class Symbol const &)
104	A_FOLD_CONSISTENT	game	default/band3/meta_band/PrefabMgr	?GetPrefabs@PrefabMgr@@QBAXAAV?$vector@PAVPrefabChar@@V?$StlNodeAlloc@PAVPrefabChar@@@stlpmtx_std@@@stlpmtx_std@@@Z	99.8077	SAME	REFUTED	public: void __cdecl stlpmtx_std::vector<class ChatReceiver *, class stlpmtx_std::StlNodeAlloc<class ChatReceiver *>>::push_back(class ChatReceiver *const &)	public: void __cdecl stlpmtx_std::vector<class PrefabChar *, class stlpmtx_std::StlNodeAlloc<class PrefabChar *>>::push_back(class PrefabChar *const &)
104	A_FOLD_CONSISTENT	engine	default/FixedSizeSaveableStream	??0FixedSizeSaveableStream@@QAA@PAXH_N@Z	99.8077	SAME	CORROBORATED	public: __cdecl stlpmtx_std::hash_map<class Symbol, int, struct stlpmtx_std::hash<class Symbol>, struct stlpmtx_std::equal_to<class Symbol>, class stlpmtx_std::StlNodeAlloc<struct stlpmtx_std::pair<class Symbol const, int>>>::hash_map<class Symbol, int, struct stlpmtx_std::hash<class Symbol>, struct stlpmtx_std::equal_to<class Symbol>, class stlpmtx_std::StlNodeAlloc<struct stlpmtx_std::pair<class Symbol const, int>>>(void)	public: __cdecl stlpmtx_std::hash_map<int, class Symbol, struct stlpmtx_std::hash<int>, struct stlpmtx_std::equal_to<int>, class stlpmtx_std::StlNodeAlloc<struct stlpmtx_std::pair<int const, class Symbol>>>::hash_map<int, class Symbol, struct stlpmtx_std::hash<int>, struct stlpmtx_std::equal_to<int>, class stlpmtx_std::StlNodeAlloc<struct stlpmtx_std::pair<int const, class Symbol>>>(void)
104	A_FOLD_CONSISTENT	engine	default/CameraShot	?ListAnimChildren@CamShot@@UBAXAAV?$list@PAVRndAnimatable@@V?$StlNodeAlloc@PAVRndAnimatable@@@stlpmtx_std@@@stlpmtx_std@@@Z	99.8077	SAME	REFUTED	public: struct stlpmtx_std::_List_iterator<class CharClip *, struct stlpmtx_std::_Nonconst_traits<class CharClip *>> __cdecl stlpmtx_std::list<class CharClip *, class stlpmtx_std::StlNodeAlloc<class CharClip *>>::insert(struct stlpmtx_std::_List_iterator<class CharClip *, struct stlpmtx_std::_Nonconst_traits<class CharClip *>>, class CharClip *const &)	public: struct stlpmtx_std::_List_iterator<class RndAnimatable *, struct stlpmtx_std::_Nonconst_traits<class RndAnimatable *>> __cdecl stlpmtx_std::list<class RndAnimatable *, class stlpmtx_std::StlNodeAlloc<class RndAnimatable *>>::insert(struct stlpmtx_std::_List_iterator<class RndAnimatable *, struct stlpmtx_std::_Nonconst_traits<class RndAnimatable *>>, class RndAnimatable *const &)
104	A_FOLD_CONSISTENT	engine	default/PollAnim	?ListAnimChildren@RndPollAnim@@UBAXAAV?$list@PAVRndAnimatable@@V?$StlNodeAlloc@PAVRndAnimatable@@@stlpmtx_std@@@stlpmtx_std@@@Z	99.8077	SAME	REFUTED	public: struct stlpmtx_std::_List_iterator<class CharClip *, struct stlpmtx_std::_Nonconst_traits<class CharClip *>> __cdecl stlpmtx_std::list<class CharClip *, class stlpmtx_std::StlNodeAlloc<class CharClip *>>::insert(struct stlpmtx_std::_List_iterator<class CharClip *, struct stlpmtx_std::_Nonconst_traits<class CharClip *>>, class CharClip *const &)	public: struct stlpmtx_std::_List_iterator<class RndAnimatable *, struct stlpmtx_std::_Nonconst_traits<class RndAnimatable *>> __cdecl stlpmtx_std::list<class RndAnimatable *, class stlpmtx_std::StlNodeAlloc<class RndAnimatable *>>::insert(struct stlpmtx_std::_List_iterator<class RndAnimatable *, struct stlpmtx_std::_Nonconst_traits<class RndAnimatable *>>, class RndAnimatable *const &)
104	UNDECIDABLE	engine	default/BandCamShot	??$?5VOldTrigger@@V?$StlNodeAlloc@VOldTrigger@@@stlpmtx_std@@@@YAAAVBinStream@@AAV0@AAV?$vector@VOldTrigger@@V?$StlNodeAlloc@VOldTrigger@@@stlpmtx_std@@@stlpmtx_std@@@Z	99.8077	UNKNOWN	REFUTED	public: void __cdecl stlpmtx_std::vector<class Stats::StreakInfo, class stlpmtx_std::StlNodeAlloc<class Stats::StreakInfo>>::resize(unsigned int, class Stats::StreakInfo const &)	public: void __cdecl stlpmtx_std::vector<class OldTrigger, class stlpmtx_std::StlNodeAlloc<class OldTrigger>>::resize(unsigned int, class OldTrigger const &)
104	A_FOLD_CONSISTENT	engine	default/UIListLabel	?Copy@UIListLabel@@UAAXPBVObject@Hmx@@W4CopyType@23@@Z	99.8077	SAME	REFUTED	public: void __cdecl ObjRefConcrete<class BandCharacter, class ObjectDir>::SetObjConcrete(class BandCharacter *)	public: void __cdecl ObjRefConcrete<class UILabel, class ObjectDir>::SetObjConcrete(class UILabel *)
104	UNDECIDABLE	engine	default/CameraShot	??$?5U?$pair@HH@stlpmtx_std@@V?$StlNodeAlloc@U?$pair@HH@stlpmtx_std@@@1@@@YAAAVBinStream@@AAV0@AAV?$vector@U?$pair@HH@stlpmtx_std@@V?$StlNodeAlloc@U?$pair@HH@stlpmtx_std@@@2@@stlpmtx_std@@@Z	99.8077	UNKNOWN	REFUTED	public: void __cdecl stlpmtx_std::vector<struct stlpmtx_std::pair<class MoveVariant const *, class MoveVariant const *>, class stlpmtx_std::StlNodeAlloc<struct stlpmtx_std::pair<class MoveVariant const *, class MoveVariant const *>>>::resize(unsigned int, struct stlpmtx_std::pair<class MoveVariant const *, class MoveVariant const *> const &)	public: void __cdecl stlpmtx_std::vector<struct stlpmtx_std::pair<int, int>, class stlpmtx_std::StlNodeAlloc<struct stlpmtx_std::pair<int, int>>>::resize(unsigned int, struct stlpmtx_std::pair<int, int> const &)
104	BC_DIFFERENT_UNRESOLVED	engine	default/VocalNoteList	?CopyPhraseVec@@YAXABV?$vector@VVocalPhrase@@V?$StlNodeAlloc@VVocalPhrase@@@stlpmtx_std@@@stlpmtx_std@@PAV12@@Z	99.8077	DIFFERENT	REFUTED	public: void __cdecl stlpmtx_std::vector<struct BeatCollisionData, class stlpmtx_std::StlNodeAlloc<struct BeatCollisionData>>::push_back(struct BeatCollisionData const &)	public: void __cdecl stlpmtx_std::vector<class VocalPhrase, class stlpmtx_std::StlNodeAlloc<class VocalPhrase>>::push_back(class VocalPhrase const &)
104	A_FOLD_CONSISTENT	engine	default/system/ui/UIGridProvider	??1UIGridProvider@@UAA@XZ	99.8077	SAME	CORROBORATED	void __cdecl DeleteAll<class stlpmtx_std::vector<class NetSavedSetlist *, class stlpmtx_std::StlNodeAlloc<class NetSavedSetlist *>>>(class stlpmtx_std::vector<class NetSavedSetlist *, class stlpmtx_std::StlNodeAlloc<class NetSavedSetlist *>> &)	void __cdecl DeleteAll<class stlpmtx_std::vector<class UIGridSubProvider *, class stlpmtx_std::StlNodeAlloc<class UIGridSubProvider *>>>(class stlpmtx_std::vector<class UIGridSubProvider *, class stlpmtx_std::StlNodeAlloc<class UIGridSubProvider *>> &)
100	A_FOLD_CONSISTENT	game	default/VocalTrack	?ReturnFirstMarker@VocalTrack@@QAAXXZ	99.8000	SAME	REFUTED	public: void __cdecl stlpmtx_std::vector<class ChatReceiver *, class stlpmtx_std::StlNodeAlloc<class ChatReceiver *>>::push_back(class ChatReceiver *const &)	public: void __cdecl stlpmtx_std::vector<class RndMesh *, class stlpmtx_std::StlNodeAlloc<class RndMesh *>>::push_back(class RndMesh *const &)
100	A_FOLD_CONSISTENT	engine	default/Morph	??1Pose@RndMorph@@QAA@XZ	99.8000	SAME	REFUTED	public: virtual __cdecl ObjRefConcrete<class CharLookAt, class ObjectDir>::~ObjRefConcrete<class CharLookAt, class ObjectDir>(void)	public: virtual __cdecl ObjRefConcrete<class RndMesh, class ObjectDir>::~ObjRefConcrete<class RndMesh, class ObjectDir>(void)
100	A_FOLD_CONSISTENT	engine	default/MeshDeform	??1RndMeshDeform@@UAA@XZ	99.8000	SAME	REFUTED	public: virtual __cdecl ObjRefConcrete<class CharLookAt, class ObjectDir>::~ObjRefConcrete<class CharLookAt, class ObjectDir>(void)	public: virtual __cdecl ObjRefConcrete<class RndMesh, class ObjectDir>::~ObjRefConcrete<class RndMesh, class ObjectDir>(void)
100	BC_DIFFERENT_UNRESOLVED	game	default/band3/bandtrack/Gem	??$?5V?$ObjPtr@VRndTex@@@@@@YAAAVBinStream@@AAV0@AAV?$ObjVector@V?$ObjPtr@VRndTex@@@@@@@Z	99.8000	DIFFERENT	REFUTED	public: void __cdecl ObjVector<struct Character::Lod>::resize(unsigned int)	public: void __cdecl ObjVector<class ObjPtr<class RndTex>>::resize(unsigned int)
100	BC_DIFFERENT_UNRESOLVED	game	default/band3/bandtrack/Gem	??$?5V?$ObjPtr@VRndDir@@@@@@YAAAVBinStream@@AAV0@AAV?$ObjVector@V?$ObjPtr@VRndDir@@@@@@@Z	99.8000	DIFFERENT	REFUTED	public: bool __cdecl ObjRefConcrete<class RndTransformable, class ObjectDir>::Load(class BinStream &, bool, class ObjectDir *)	public: bool __cdecl ObjRefConcrete<class RndDir, class ObjectDir>::Load(class BinStream &, bool, class ObjectDir *)
100	BC_DIFFERENT_UNRESOLVED	game	default/band3/bandtrack/Gem	??4OldMatOption@@QAAAAV0@ABV0@@Z	99.8000	DIFFERENT	REFUTED	public: void __cdecl ObjVector<class TransformCrowd>::operator=(class ObjVector<class TransformCrowd> const &)	public: void __cdecl ObjVector<class ObjPtr<class RndTex>>::operator=(class ObjVector<class ObjPtr<class RndTex>> const &)
100	A_FOLD_CONSISTENT	engine	default/UIListProvider	?Disable@DataProvider@@QAAXVSymbol@@@Z	99.8000	SAME	REFUTED	public: struct stlpmtx_std::_List_iterator<class CharClip *, struct stlpmtx_std::_Nonconst_traits<class CharClip *>> __cdecl stlpmtx_std::list<class CharClip *, class stlpmtx_std::StlNodeAlloc<class CharClip *>>::insert(struct stlpmtx_std::_List_iterator<class CharClip *, struct stlpmtx_std::_Nonconst_traits<class CharClip *>>, class CharClip *const &)	public: struct stlpmtx_std::_List_iterator<class Symbol, struct stlpmtx_std::_Nonconst_traits<class Symbol>> __cdecl stlpmtx_std::list<class Symbol, class stlpmtx_std::StlNodeAlloc<class Symbol>>::insert(struct stlpmtx_std::_List_iterator<class Symbol, struct stlpmtx_std::_Nonconst_traits<class Symbol>>, class Symbol const &)
100	A_FOLD_CONSISTENT	engine	default/UIListProvider	?Dim@DataProvider@@QAAXVSymbol@@@Z	99.8000	SAME	REFUTED	public: struct stlpmtx_std::_List_iterator<class CharClip *, struct stlpmtx_std::_Nonconst_traits<class CharClip *>> __cdecl stlpmtx_std::list<class CharClip *, class stlpmtx_std::StlNodeAlloc<class CharClip *>>::insert(struct stlpmtx_std::_List_iterator<class CharClip *, struct stlpmtx_std::_Nonconst_traits<class CharClip *>>, class CharClip *const &)	public: struct stlpmtx_std::_List_iterator<class Symbol, struct stlpmtx_std::_Nonconst_traits<class Symbol>> __cdecl stlpmtx_std::list<class Symbol, class stlpmtx_std::StlNodeAlloc<class Symbol>>::insert(struct stlpmtx_std::_List_iterator<class Symbol, struct stlpmtx_std::_Nonconst_traits<class Symbol>>, class Symbol const &)
100	C_PROVEN_CALLEE	game	default/band3/game/Game	??1SongFilter@SongSortMgr@@QAA@XZ	99.8000	DIFFERENT	CORROBORATED	public: __cdecl stlpmtx_std::vector<class stlpmtx_std::map<int, float, struct stlpmtx_std::less<int>, class stlpmtx_std::StlNodeAlloc<struct stlpmtx_std::pair<int const, float>>>, class stlpmtx_std::StlNodeAlloc<class stlpmtx_std::map<int, float, struct stlpmtx_std::less<int>, class stlpmtx_std::StlNodeAlloc<struct stlpmtx_std::pair<int const, float>>>>>::~vector<class stlpmtx_std::map<int, float, struct stlpmtx_std::less<int>, class stlpmtx_std::StlNodeAlloc<struct stlpmtx_std::pair<int const, float>>>, class stlpmtx_std::StlNodeAlloc<class stlpmtx_std::map<int, float, struct stlpmtx_std::less<int>, class stlpmtx_std::StlNodeAlloc<struct stlpmtx_std::pair<int const, float>>>>>(void)	public: __cdecl stlpmtx_std::vector<class stlpmtx_std::set<class Symbol, struct stlpmtx_std::less<class Symbol>, class stlpmtx_std::StlNodeAlloc<class Symbol>>, class stlpmtx_std::StlNodeAlloc<class stlpmtx_std::set<class Symbol, struct stlpmtx_std::less<class Symbol>, class stlpmtx_std::StlNodeAlloc<class Symbol>>>>::~vector<class stlpmtx_std::set<class Symbol, struct stlpmtx_std::less<class Symbol>, class stlpmtx_std::StlNodeAlloc<class Symbol>>, class stlpmtx_std::StlNodeAlloc<class stlpmtx_std::set<class Symbol, struct stlpmtx_std::less<class Symbol>, class stlpmtx_std::StlNodeAlloc<class Symbol>>>>(void)
100	BC_DIFFERENT_UNRESOLVED	game	default/RockCentral	?UpdateBandLogo@RockCentral@@QAAXHPAVRndTex@@HPAVObject@Hmx@@H@Z	99.8000	DIFFERENT	REFUTED	char const * __cdecl MakeString<char const *, char const *>(char const *, char const *, char const *)	char const * __cdecl MakeString<int, int>(char const *, int, int)
100	A_FOLD_CONSISTENT	engine	default/CharMeshHide	??0DebugGraph@?A0xb39b74bf@@QAA@ABU01@@Z	99.8000	SAME	REFUTED	public: __cdecl stlpmtx_std::vector<int, class stlpmtx_std::StlNodeAlloc<int>>::vector<int, class stlpmtx_std::StlNodeAlloc<int>>(class stlpmtx_std::vector<int, class stlpmtx_std::StlNodeAlloc<int>> const &)	public: __cdecl stlpmtx_std::vector<float, class stlpmtx_std::StlNodeAlloc<float>>::vector<float, class stlpmtx_std::StlNodeAlloc<float>>(class stlpmtx_std::vector<float, class stlpmtx_std::StlNodeAlloc<float>> const &)
100	A_FOLD_CONSISTENT	game	default/BandSongMgr	??$?5HV?$StlNodeAlloc@H@stlpmtx_std@@@@YAAAVBinStreamRev@@AAV0@AAV?$list@HV?$StlNodeAlloc@H@stlpmtx_std@@@stlpmtx_std@@@Z	99.8000	SAME	REFUTED	public: void __cdecl stlpmtx_std::list<class Symbol, class stlpmtx_std::StlNodeAlloc<class Symbol>>::resize(unsigned int, class Symbol const &)	public: void __cdecl stlpmtx_std::list<int, class stlpmtx_std::StlNodeAlloc<int>>::resize(unsigned int, int const &)
100	A_FOLD_CONSISTENT	game	default/band3/meta_band/InterstitialMgr	?CurrentInterstitialToScreen@InterstitialMgr@@QBAPAVUIScreen@@PAV2@@Z	99.8000	SAME	CORROBORATED	private: class stlpmtx_std::priv::_Slist_iterator<struct stlpmtx_std::pair<class Symbol const, int>, struct stlpmtx_std::_Nonconst_traits<struct stlpmtx_std::pair<class Symbol const, int>>> __cdecl stlpmtx_std::hashtable<struct stlpmtx_std::pair<class Symbol const, int>, class Symbol, struct stlpmtx_std::hash<class Symbol>, struct stlpmtx_std::priv::_HashMapTraitsT<struct stlpmtx_std::pair<class Symbol const, int>>, struct stlpmtx_std::_Select1st<struct stlpmtx_std::pair<class Symbol const, int>>, struct stlpmtx_std::equal_to<class Symbol>, class stlpmtx_std::StlNodeAlloc<struct stlpmtx_std::pair<class Symbol const, int>>>::_M_find<class Symbol>(class Symbol const &) const	private: class stlpmtx_std::priv::_Slist_iterator<struct stlpmtx_std::pair<class Symbol const, class UIScreen *>, struct stlpmtx_std::_Nonconst_traits<struct stlpmtx_std::pair<class Symbol const, class UIScreen *>>> __cdecl stlpmtx_std::hashtable<struct stlpmtx_std::pair<class Symbol const, class UIScreen *>, class Symbol, struct stlpmtx_std::hash<class Symbol>, struct stlpmtx_std::priv::_HashMapTraitsT<struct stlpmtx_std::pair<class Symbol const, class UIScreen *>>, struct stlpmtx_std::_Select1st<struct stlpmtx_std::pair<class Symbol const, class UIScreen *>>, struct stlpmtx_std::equal_to<class Symbol>, class stlpmtx_std::StlNodeAlloc<struct stlpmtx_std::pair<class Symbol const, class UIScreen *>>>::_M_find<class Symbol>(class Symbol const &) const
100	C_PROVEN_CALLEE	game	default/band3/meta_band/PrefabMgr	??$sort_heap@PAPAUEventEntry@@UMaxSort@@@stlpmtx_std@@YAXPAPAUEventEntry@@0UMaxSort@@@Z	99.8000	DIFFERENT	CORROBORATED	void __cdecl stlpmtx_std::__adjust_heap<class PrefabChar **, int, class PrefabChar *, struct SortPrefabByPortraitFileName>(class PrefabChar **, int, int, class PrefabChar *, struct SortPrefabByPortraitFileName)	void __cdecl stlpmtx_std::__adjust_heap<struct EventEntry **, int, struct EventEntry *, struct MaxSort>(struct EventEntry **, int, int, struct EventEntry *, struct MaxSort)
100	BC_DIFFERENT_UNRESOLVED	engine	default/BandCamShot	?insert@?$list@PAVRndAnimatable@@V?$StlNodeAlloc@PAVRndAnimatable@@@stlpmtx_std@@@stlpmtx_std@@QAA?AU?$_List_iterator@PAVRndAnimatable@@U?$_Nonconst_traits@PAVRndAnimatable@@@stlpmtx_std@@@2@U32@ABQAVRndAnimatable@@@Z	99.8000	DIFFERENT	REFUTED	protected: struct stlpmtx_std::_List_node_base * __cdecl stlpmtx_std::list<class BandCamShot::TargetCache, class stlpmtx_std::StlNodeAlloc<class BandCamShot::TargetCache>>::_M_create_node(class BandCamShot::TargetCache const &)	protected: struct stlpmtx_std::_List_node_base * __cdecl stlpmtx_std::list<class RndAnimatable *, class stlpmtx_std::StlNodeAlloc<class RndAnimatable *>>::_M_create_node(class RndAnimatable *const &)
100	A_FOLD_CONSISTENT	engine	default/Anim	?ListAnimChildren@RndDir@@UBAXAAV?$list@PAVRndAnimatable@@V?$StlNodeAlloc@PAVRndAnimatable@@@stlpmtx_std@@@stlpmtx_std@@@Z	99.8000	SAME	REFUTED	private: void __cdecl stlpmtx_std::list<class RndPollable *, class stlpmtx_std::StlNodeAlloc<class RndPollable *>>::_M_splice_insert_dispatch<class RndPollable *const *>(struct stlpmtx_std::_List_iterator<class RndPollable *, struct stlpmtx_std::_Nonconst_traits<class RndPollable *>>, class RndPollable *const *, class RndPollable *const *, struct stlpmtx_std::__false_type const &)	private: void __cdecl stlpmtx_std::list<class RndAnimatable *, class stlpmtx_std::StlNodeAlloc<class RndAnimatable *>>::_M_splice_insert_dispatch<class RndAnimatable *const *>(struct stlpmtx_std::_List_iterator<class RndAnimatable *, struct stlpmtx_std::_Nonconst_traits<class RndAnimatable *>>, class RndAnimatable *const *, class RndAnimatable *const *, struct stlpmtx_std::__false_type const &)
100	BC_DIFFERENT_UNRESOLVED	engine	default/EventTrigger	?insert@?$list@PAVEventTrigger@@V?$StlNodeAlloc@PAVEventTrigger@@@stlpmtx_std@@@stlpmtx_std@@QAA?AU?$_List_iterator@PAVEventTrigger@@U?$_Nonconst_traits@PAVEventTrigger@@@stlpmtx_std@@@2@U32@ABQAVEventTrigger@@@Z	99.8000	DIFFERENT	REFUTED	protected: struct stlpmtx_std::_List_node_base * __cdecl stlpmtx_std::list<struct EventTrigger::ProxyCall, class stlpmtx_std::StlNodeAlloc<struct EventTrigger::ProxyCall>>::_M_create_node(struct EventTrigger::ProxyCall const &)	protected: struct stlpmtx_std::_List_node_base * __cdecl stlpmtx_std::list<class EventTrigger *, class stlpmtx_std::StlNodeAlloc<class EventTrigger *>>::_M_create_node(class EventTrigger *const &)
100	BC_DIFFERENT_UNRESOLVED	engine	default/BandRetargetVignette	?insert@?$list@VString@@V?$StlNodeAlloc@VString@@@stlpmtx_std@@@stlpmtx_std@@QAA?AU?$_List_iterator@VString@@U?$_Nonconst_traits@VString@@@stlpmtx_std@@@2@U32@ABVString@@@Z	99.8000	DIFFERENT	REFUTED	protected: struct stlpmtx_std::_List_node_base * __cdecl stlpmtx_std::list<struct RhythmDetector::Frame, class stlpmtx_std::StlNodeAlloc<struct RhythmDetector::Frame>>::_M_create_node(struct RhythmDetector::Frame const &)	protected: struct stlpmtx_std::_List_node_base * __cdecl stlpmtx_std::list<class String, class stlpmtx_std::StlNodeAlloc<class String>>::_M_create_node(class String const &)
100	UNDECIDABLE	engine	default/system/beatmatch/PhraseAnalyzer	?AddInfo@PhraseAnalyzer@@QAAXHW4TrackType@@HH_N@Z	99.8000	UNKNOWN	REFUTED	public: void __cdecl stlpmtx_std::vector<class SongSection, class stlpmtx_std::StlNodeAlloc<class SongSection>>::push_back(class SongSection const &)	public: void __cdecl stlpmtx_std::vector<struct RawPhrase, class stlpmtx_std::StlNodeAlloc<struct RawPhrase>>::push_back(struct RawPhrase const &)
100	BC_DIFFERENT_UNRESOLVED	engine	default/Crowd	?insert@?$list@IV?$StlNodeAlloc@I@stlpmtx_std@@@stlpmtx_std@@QAA?AU?$_List_iterator@IU?$_Nonconst_traits@I@stlpmtx_std@@@2@U32@ABI@Z	99.8000	DIFFERENT	REFUTED	protected: struct stlpmtx_std::_List_node_base * __cdecl stlpmtx_std::list<struct OldMMInst, class stlpmtx_std::StlNodeAlloc<struct OldMMInst>>::_M_create_node(struct OldMMInst const &)	protected: struct stlpmtx_std::_List_node_base * __cdecl stlpmtx_std::list<unsigned int, class stlpmtx_std::StlNodeAlloc<unsigned int>>::_M_create_node(unsigned int const &)
100	A_FOLD_CONSISTENT	engine	default/Crowd	??$?5UInstance@RndMultiMesh@@V?$StlNodeAlloc@UInstance@RndMultiMesh@@@stlpmtx_std@@@@YAAAVBinStreamRev@@AAV0@AAV?$list@UInstance@RndMultiMesh@@V?$StlNodeAlloc@UInstance@RndMultiMesh@@@stlpmtx_std@@@stlpmtx_std@@@Z	99.8000	SAME	REFUTED	public: void __cdecl stlpmtx_std::list<class Transform, class stlpmtx_std::StlNodeAlloc<class Transform>>::resize(unsigned int, class Transform const &)	public: void __cdecl stlpmtx_std::list<struct RndMultiMesh::Instance, class stlpmtx_std::StlNodeAlloc<struct RndMultiMesh::Instance>>::resize(unsigned int, struct RndMultiMesh::Instance const &)
100	C_PROVEN_CALLEE	engine	default/MoveMgr	??$sort_heap@PAPAVCamShot@@UNameSort@@@stlpmtx_std@@YAXPAPAVCamShot@@0UNameSort@@@Z	99.8000	DIFFERENT	CORROBORATED	void __cdecl stlpmtx_std::__adjust_heap<int *, int, int, struct stlpmtx_std::less<int>>(int *, int, int, int, struct stlpmtx_std::less<int>)	void __cdecl stlpmtx_std::__adjust_heap<class CamShot **, int, class CamShot *, struct NameSort>(class CamShot **, int, int, class CamShot *, struct NameSort)
100	C_PROVEN_CALLEE	engine	default/FileCache	??$sort_heap@PAPAVFileCacheEntry@@UPriority@@@stlpmtx_std@@YAXPAPAVFileCacheEntry@@0UPriority@@@Z	99.8000	DIFFERENT	CORROBORATED	void __cdecl stlpmtx_std::__adjust_heap<class MoveDetector **, int, class MoveDetector *, struct MoveDetectorCmp>(class MoveDetector **, int, int, class MoveDetector *, struct MoveDetectorCmp)	void __cdecl stlpmtx_std::__adjust_heap<class FileCacheEntry **, int, class FileCacheEntry *, struct Priority>(class FileCacheEntry **, int, int, class FileCacheEntry *, struct Priority)
100	A_FOLD_CONSISTENT	engine	default/Anim	?ListDrawChildren@RndDir@@UAAXAAV?$list@PAVRndDrawable@@V?$StlNodeAlloc@PAVRndDrawable@@@stlpmtx_std@@@stlpmtx_std@@@Z	99.8000	SAME	REFUTED	private: void __cdecl stlpmtx_std::list<class RndPollable *, class stlpmtx_std::StlNodeAlloc<class RndPollable *>>::_M_splice_insert_dispatch<class RndPollable *const *>(struct stlpmtx_std::_List_iterator<class RndPollable *, struct stlpmtx_std::_Nonconst_traits<class RndPollable *>>, class RndPollable *const *, class RndPollable *const *, struct stlpmtx_std::__false_type const &)	private: void __cdecl stlpmtx_std::list<class RndDrawable *, class stlpmtx_std::StlNodeAlloc<class RndDrawable *>>::_M_splice_insert_dispatch<class RndDrawable **>(struct stlpmtx_std::_List_iterator<class RndDrawable *, struct stlpmtx_std::_Nonconst_traits<class RndDrawable *>>, class RndDrawable **, class RndDrawable **, struct stlpmtx_std::__false_type const &)
100	UNDECIDABLE	engine	default/CacheMgr	?AddCacheID@CacheMgr@@QAAXPAVCacheID@@VSymbol@@@Z	99.8000	UNKNOWN	REFUTED	public: void __cdecl stlpmtx_std::vector<class Vector2, class stlpmtx_std::StlNodeAlloc<class Vector2>>::push_back(class Vector2 const &)	public: void __cdecl stlpmtx_std::vector<struct CacheMgr::CacheIDStoreEntry, class stlpmtx_std::StlNodeAlloc<struct CacheMgr::CacheIDStoreEntry>>::push_back(struct CacheMgr::CacheIDStoreEntry const &)
100	BC_DIFFERENT_UNRESOLVED	engine	default/Cheats	?insert@?$list@UCheatLog@@V?$StlNodeAlloc@UCheatLog@@@stlpmtx_std@@@stlpmtx_std@@QAA?AU?$_List_iterator@UCheatLog@@U?$_Nonconst_traits@UCheatLog@@@stlpmtx_std@@@2@U32@ABUCheatLog@@@Z	99.8000	DIFFERENT	REFUTED	protected: struct stlpmtx_std::_List_node_base * __cdecl stlpmtx_std::list<struct FlowTrigger::PropTriggerDefn, class stlpmtx_std::StlNodeAlloc<struct FlowTrigger::PropTriggerDefn>>::_M_create_node(struct FlowTrigger::PropTriggerDefn const &)	protected: struct stlpmtx_std::_List_node_base * __cdecl stlpmtx_std::list<struct CheatLog, class stlpmtx_std::StlNodeAlloc<struct CheatLog>>::_M_create_node(struct CheatLog const &)
96	UNDECIDABLE	engine	default/CharClip	??$__destroy_range_aux@V?$reverse_iterator@PAV?$map@HMU?$less@H@stlpmtx_std@@V?$StlNodeAlloc@U?$pair@$$CBHM@stlpmtx_std@@@2@@stlpmtx_std@@@stlpmtx_std@@@stlpmtx_std@@YAXV?$reverse_iterator@PAV?$map@HMU?$less@H@stlpmtx_std@@V?$StlNodeAlloc@U?$pair@$$CBHM@stlpmtx_std@@@2@@stlpmtx_std@@@0@0ABU__false_type@0@@Z	99.7917	UNKNOWN	REFUTED	public: void __cdecl stlpmtx_std::_Rb_tree<class Symbol, struct stlpmtx_std::less<class Symbol>, struct stlpmtx_std::pair<class Symbol const, class CharLipSync *>, struct stlpmtx_std::_Select1st<struct stlpmtx_std::pair<class Symbol const, class CharLipSync *>>, struct stlpmtx_std::priv::_MapTraitsT<struct stlpmtx_std::pair<class Symbol const, class CharLipSync *>>, class stlpmtx_std::StlNodeAlloc<struct stlpmtx_std::pair<class Symbol const, class CharLipSync *>>>::clear(void)	public: void __cdecl stlpmtx_std::_Rb_tree<int, struct stlpmtx_std::less<int>, struct stlpmtx_std::pair<int const, float>, struct stlpmtx_std::_Select1st<struct stlpmtx_std::pair<int const, float>>, struct stlpmtx_std::priv::_MapTraitsT<struct stlpmtx_std::pair<int const, float>>, class stlpmtx_std::StlNodeAlloc<struct stlpmtx_std::pair<int const, float>>>::clear(void)
96	BC_DIFFERENT_UNRESOLVED	game	default/band3/bandtrack/Gem	??4?$ObjVector@VMatSwap@OutfitConfig@@@@QAAXABV0@@Z	99.7917	DIFFERENT	REFUTED	public: void __cdecl ObjVector<class TransformArea>::resize(unsigned int)	public: void __cdecl ObjVector<class OutfitConfig::MatSwap>::resize(unsigned int)
96	BC_DIFFERENT_UNRESOLVED	game	default/VocalTrack	??0?$_Deque_base@PAVTambourineGem@@V?$StlNodeAlloc@PAVTambourineGem@@@stlpmtx_std@@@stlpmtx_std@@QAA@ABV?$StlNodeAlloc@PAVTambourineGem@@@1@I@Z	99.7917	DIFFERENT	REFUTED	protected: void __cdecl stlpmtx_std::_Deque_base<struct stlpmtx_std::pair<enum LightPreset::KeyframeCmd, float>, class stlpmtx_std::StlNodeAlloc<struct stlpmtx_std::pair<enum LightPreset::KeyframeCmd, float>>>::_M_initialize_map(unsigned int)	protected: void __cdecl stlpmtx_std::_Deque_base<class TambourineGem *, class stlpmtx_std::StlNodeAlloc<class TambourineGem *>>::_M_initialize_map(unsigned int)
96	BC_DIFFERENT_UNRESOLVED	game	default/VocalTrack	??0?$_Deque_base@U?$pair@PAVRndMesh@@M@stlpmtx_std@@V?$StlNodeAlloc@U?$pair@PAVRndMesh@@M@stlpmtx_std@@@2@@stlpmtx_std@@QAA@ABV?$StlNodeAlloc@U?$pair@PAVRndMesh@@M@stlpmtx_std@@@1@I@Z	99.7917	DIFFERENT	REFUTED	protected: void __cdecl stlpmtx_std::_Deque_base<class VocalTrack::LyricShift, class stlpmtx_std::StlNodeAlloc<class VocalTrack::LyricShift>>::_M_initialize_map(unsigned int)	protected: void __cdecl stlpmtx_std::_Deque_base<struct stlpmtx_std::pair<class RndMesh *, float>, class stlpmtx_std::StlNodeAlloc<struct stlpmtx_std::pair<class RndMesh *, float>>>::_M_initialize_map(unsigned int)
96	BC_DIFFERENT_UNRESOLVED	game	default/band3/meta_band/AccomplishmentManager	?AddGoalProgressionInfo@AccomplishmentManager@@QAAXVSymbol@@PBD0H@Z	99.7917	DIFFERENT	REFUTED	public: void __cdecl stlpmtx_std::vector<class PracticeStep, class stlpmtx_std::StlNodeAlloc<class PracticeStep>>::push_back(class PracticeStep const &)	public: void __cdecl stlpmtx_std::vector<struct GoalProgressionInfo, class stlpmtx_std::StlNodeAlloc<struct GoalProgressionInfo>>::push_back(struct GoalProgressionInfo const &)
96	A_FOLD_CONSISTENT	game	default/SongSortMgr	?clear@?$hashtable@U?$pair@$$CBHU?$pair@H_N@stlpmtx_std@@@stlpmtx_std@@HU?$hash@H@2@U?$_HashMapTraitsT@U?$pair@$$CBHU?$pair@H_N@stlpmtx_std@@@stlpmtx_std@@@priv@2@U?$_Select1st@U?$pair@$$CBHU?$pair@H_N@stlpmtx_std@@@stlpmtx_std@@@2@U?$equal_to@H@2@V?$StlNodeAlloc@U?$pair@$$CBHU?$pair@H_N@stlpmtx_std@@@stlpmtx_std@@@2@@stlpmtx_std@@QAAXXZ	99.7917	SAME	REFUTED	public: void __cdecl stlpmtx_std::vector<int, class stlpmtx_std::StlNodeAlloc<int>>::_M_fill_assign(unsigned int, int const &)	public: void __cdecl stlpmtx_std::vector<struct stlpmtx_std::priv::_Slist_node_base *, class stlpmtx_std::StlNodeAlloc<struct stlpmtx_std::priv::_Slist_node_base *>>::_M_fill_assign(unsigned int, struct stlpmtx_std::priv::_Slist_node_base *const &)
96	A_FOLD_CONSISTENT	game	default/band3/meta_band/LicenseMgr	??1LicenseMgr@@UAA@XZ	99.7917	SAME	REFUTED	public: __cdecl stlpmtx_std::hashtable<struct stlpmtx_std::pair<class Symbol const, class stlpmtx_std::vector<class LightPreset *, class stlpmtx_std::StlNodeAlloc<class LightPreset *>>>, class Symbol, struct LightPresetManager::SymbolHash, struct stlpmtx_std::priv::_HashMapTraitsT<struct stlpmtx_std::pair<class Symbol const, class stlpmtx_std::vector<class LightPreset *, class stlpmtx_std::StlNodeAlloc<class LightPreset *>>>>, struct stlpmtx_std::_Select1st<struct stlpmtx_std::pair<class Symbol const, class stlpmtx_std::vector<class LightPreset *, class stlpmtx_std::StlNodeAlloc<class LightPreset *>>>>, struct stlpmtx_std::equal_to<class Symbol>, class stlpmtx_std::StlNodeAlloc<struct stlpmtx_std::pair<class Symbol const, class stlpmtx_std::vector<class LightPreset *, class stlpmtx_std::StlNodeAlloc<class LightPreset *>>>>>::~hashtable<struct stlpmtx_std::pair<class Symbol const, class stlpmtx_std::vector<class LightPreset *, class stlpmtx_std::StlNodeAlloc<class LightPreset *>>>, class Symbol, struct LightPresetManager::SymbolHash, struct stlpmtx_std::priv::_HashMapTraitsT<struct stlpmtx_std::pair<class Symbol const, class stlpmtx_std::vector<class LightPreset *, class stlpmtx_std::StlNodeAlloc<class LightPreset *>>>>, struct stlpmtx_std::_Select1st<struct stlpmtx_std::pair<class Symbol const, class stlpmtx_std::vector<class LightPreset *, class stlpmtx_std::StlNodeAlloc<class LightPreset *>>>>, struct stlpmtx_std::equal_to<class Symbol>, class stlpmtx_std::StlNodeAlloc<struct stlpmtx_std::pair<class Symbol const, class stlpmtx_std::vector<class LightPreset *, class stlpmtx_std::StlNodeAlloc<class LightPreset *>>>>>(void)	public: __cdecl stlpmtx_std::hashtable<struct stlpmtx_std::pair<class Symbol const, class stlpmtx_std::vector<class Symbol, class stlpmtx_std::StlNodeAlloc<class Symbol>>>, class Symbol, struct stlpmtx_std::hash<class Symbol>, struct stlpmtx_std::priv::_HashMapTraitsT<struct stlpmtx_std::pair<class Symbol const, class stlpmtx_std::vector<class Symbol, class stlpmtx_std::StlNodeAlloc<class Symbol>>>>, struct stlpmtx_std::_Select1st<struct stlpmtx_std::pair<class Symbol const, class stlpmtx_std::vector<class Symbol, class stlpmtx_std::StlNodeAlloc<class Symbol>>>>, struct stlpmtx_std::equal_to<class Symbol>, class stlpmtx_std::StlNodeAlloc<struct stlpmtx_std::pair<class Symbol const, class stlpmtx_std::vector<class Symbol, class stlpmtx_std::StlNodeAlloc<class Symbol>>>>>::~hashtable<struct stlpmtx_std::pair<class Symbol const, class stlpmtx_std::vector<class Symbol, class stlpmtx_std::StlNodeAlloc<class Symbol>>>, class Symbol, struct stlpmtx_std::hash<class Symbol>, struct stlpmtx_std::priv::_HashMapTraitsT<struct stlpmtx_std::pair<class Symbol const, class stlpmtx_std::vector<class Symbol, class stlpmtx_std::StlNodeAlloc<class Symbol>>>>, struct stlpmtx_std::_Select1st<struct stlpmtx_std::pair<class Symbol const, class stlpmtx_std::vector<class Symbol, class stlpmtx_std::StlNodeAlloc<class Symbol>>>>, struct stlpmtx_std::equal_to<class Symbol>, class stlpmtx_std::StlNodeAlloc<struct stlpmtx_std::pair<class Symbol const, class stlpmtx_std::vector<class Symbol, class stlpmtx_std::StlNodeAlloc<class Symbol>>>>>(void)
96	A_FOLD_CONSISTENT	engine	default/MidiSynth	??5@YAAAVBinStream@@AAV0@AAUMatOverride@WorldDir@@@Z	99.7917	SAME	REFUTED	public: bool __cdecl ObjRefConcrete<class LightHue, class ObjectDir>::Load(class BinStream &, bool, class ObjectDir *)	public: bool __cdecl ObjRefConcrete<class RndMat, class ObjectDir>::Load(class BinStream &, bool, class ObjectDir *)
96	BC_DIFFERENT_UNRESOLVED	engine	default/MeshAnim	??4?$ObjVector@VConstraint@BandIKEffector@@@@QAAXABV0@@Z	99.7500	DIFFERENT	REFUTED	public: class stlpmtx_std::vector<class ObjOwnerPtr<class Waypoint>, class stlpmtx_std::StlNodeAlloc<class ObjOwnerPtr<class Waypoint>>> & __cdecl stlpmtx_std::vector<class ObjOwnerPtr<class Waypoint>, class stlpmtx_std::StlNodeAlloc<class ObjOwnerPtr<class Waypoint>>>::operator=(class stlpmtx_std::vector<class ObjOwnerPtr<class Waypoint>, class stlpmtx_std::StlNodeAlloc<class ObjOwnerPtr<class Waypoint>>> const &)	public: class stlpmtx_std::vector<class BandIKEffector::Constraint, class stlpmtx_std::StlNodeAlloc<class BandIKEffector::Constraint>> & __cdecl stlpmtx_std::vector<class BandIKEffector::Constraint, class stlpmtx_std::StlNodeAlloc<class BandIKEffector::Constraint>>::operator=(class stlpmtx_std::vector<class BandIKEffector::Constraint, class stlpmtx_std::StlNodeAlloc<class BandIKEffector::Constraint>> const &)
96	BC_DIFFERENT_UNRESOLVED	engine	default/ChordShapeGenerator	??1CrossSec@ChordShapeGenerator@@QAA@XZ	99.7917	DIFFERENT	REFUTED	public: void __cdecl stlpmtx_std::_Rb_tree<class Symbol, struct stlpmtx_std::less<class Symbol>, struct stlpmtx_std::pair<class Symbol const, class CharLipSync *>, struct stlpmtx_std::_Select1st<struct stlpmtx_std::pair<class Symbol const, class CharLipSync *>>, struct stlpmtx_std::priv::_MapTraitsT<struct stlpmtx_std::pair<class Symbol const, class CharLipSync *>>, class stlpmtx_std::StlNodeAlloc<struct stlpmtx_std::pair<class Symbol const, class CharLipSync *>>>::clear(void)	public: void __cdecl stlpmtx_std::_Rb_tree<unsigned short, struct stlpmtx_std::less<unsigned short>, unsigned short, struct stlpmtx_std::_Identity<unsigned short>, struct stlpmtx_std::priv::_SetTraitsT<unsigned short>, class stlpmtx_std::StlNodeAlloc<unsigned short>>::clear(void)
96	C_PROVEN_CALLEE	engine	default/CharLipSync	?erase@?$list@VPlane@@V?$StlNodeAlloc@VPlane@@@stlpmtx_std@@@stlpmtx_std@@QAA?AU?$_List_iterator@VPlane@@U?$_Nonconst_traits@VPlane@@@stlpmtx_std@@@2@U32@0@Z	99.7917	DIFFERENT	CORROBORATED	public: struct stlpmtx_std::_List_iterator<class String, struct stlpmtx_std::_Nonconst_traits<class String>> __cdecl stlpmtx_std::list<class String, class stlpmtx_std::StlNodeAlloc<class String>>::erase(struct stlpmtx_std::_List_iterator<class String, struct stlpmtx_std::_Nonconst_traits<class String>>)	public: struct stlpmtx_std::_List_iterator<class Plane, struct stlpmtx_std::_Nonconst_traits<class Plane>> __cdecl stlpmtx_std::list<class Plane, class stlpmtx_std::StlNodeAlloc<class Plane>>::erase(struct stlpmtx_std::_List_iterator<class Plane, struct stlpmtx_std::_Nonconst_traits<class Plane>>)
96	A_FOLD_CONSISTENT	engine	default/Sfx	??1Sfx@@UAA@XZ	99.7917	SAME	REFUTED	public: virtual __cdecl ObjPtrList<class MoggClipMap, class ObjectDir>::~ObjPtrList<class MoggClipMap, class ObjectDir>(void)	public: virtual __cdecl ObjPtrList<class SfxInst, class ObjectDir>::~ObjPtrList<class SfxInst, class ObjectDir>(void)
96	BC_DIFFERENT_UNRESOLVED	engine	default/Sfx	??4?$ObjVector@VMoggClipMap@@@@QAAXABV0@@Z	99.7917	DIFFERENT	REFUTED	public: class stlpmtx_std::vector<class SfxMap, class stlpmtx_std::StlNodeAlloc<class SfxMap>> & __cdecl stlpmtx_std::vector<class SfxMap, class stlpmtx_std::StlNodeAlloc<class SfxMap>>::operator=(class stlpmtx_std::vector<class SfxMap, class stlpmtx_std::StlNodeAlloc<class SfxMap>> const &)	public: class stlpmtx_std::vector<class MoggClipMap, class stlpmtx_std::StlNodeAlloc<class MoggClipMap>> & __cdecl stlpmtx_std::vector<class MoggClipMap, class stlpmtx_std::StlNodeAlloc<class MoggClipMap>>::operator=(class stlpmtx_std::vector<class MoggClipMap, class stlpmtx_std::StlNodeAlloc<class MoggClipMap>> const &)
96	BC_DIFFERENT_UNRESOLVED	engine	default/Sfx	??4?$ObjVector@VSfxMap@@@@QAAXABV0@@Z	99.7917	DIFFERENT	REFUTED	public: class stlpmtx_std::vector<class MoggClipMap, class stlpmtx_std::StlNodeAlloc<class MoggClipMap>> & __cdecl stlpmtx_std::vector<class MoggClipMap, class stlpmtx_std::StlNodeAlloc<class MoggClipMap>>::operator=(class stlpmtx_std::vector<class MoggClipMap, class stlpmtx_std::StlNodeAlloc<class MoggClipMap>> const &)	public: class stlpmtx_std::vector<class SfxMap, class stlpmtx_std::StlNodeAlloc<class SfxMap>> & __cdecl stlpmtx_std::vector<class SfxMap, class stlpmtx_std::StlNodeAlloc<class SfxMap>>::operator=(class stlpmtx_std::vector<class SfxMap, class stlpmtx_std::StlNodeAlloc<class SfxMap>> const &)
96	A_FOLD_CONSISTENT	engine	default/SongMgr	?ContentUnmounted@SongMgr@@UAAXPBD@Z	99.7917	SAME	CORROBORATED	private: class stlpmtx_std::priv::_Slist_iterator<struct stlpmtx_std::pair<class Symbol const, int>, struct stlpmtx_std::_Nonconst_traits<struct stlpmtx_std::pair<class Symbol const, int>>> __cdecl stlpmtx_std::hashtable<struct stlpmtx_std::pair<class Symbol const, int>, class Symbol, struct stlpmtx_std::hash<class Symbol>, struct stlpmtx_std::priv::_HashMapTraitsT<struct stlpmtx_std::pair<class Symbol const, int>>, struct stlpmtx_std::_Select1st<struct stlpmtx_std::pair<class Symbol const, int>>, struct stlpmtx_std::equal_to<class Symbol>, class stlpmtx_std::StlNodeAlloc<struct stlpmtx_std::pair<class Symbol const, int>>>::_M_find<class Symbol>(class Symbol const &) const	private: class stlpmtx_std::priv::_Slist_iterator<struct stlpmtx_std::pair<class Symbol const, class String>, struct stlpmtx_std::_Nonconst_traits<struct stlpmtx_std::pair<class Symbol const, class String>>> __cdecl stlpmtx_std::hashtable<struct stlpmtx_std::pair<class Symbol const, class String>, class Symbol, struct stlpmtx_std::hash<class Symbol>, struct stlpmtx_std::priv::_HashMapTraitsT<struct stlpmtx_std::pair<class Symbol const, class String>>, struct stlpmtx_std::_Select1st<struct stlpmtx_std::pair<class Symbol const, class String>>, struct stlpmtx_std::equal_to<class Symbol>, class stlpmtx_std::StlNodeAlloc<struct stlpmtx_std::pair<class Symbol const, class String>>>::_M_find<class Symbol>(class Symbol const &) const
96	A_FOLD_CONSISTENT	engine	default/Splash	?AddScreen@Splash@@QAAXPBDH@Z	99.7917	SAME	CORROBORATED	public: struct stlpmtx_std::_List_iterator<struct CharBone::WeightContext, struct stlpmtx_std::_Nonconst_traits<struct CharBone::WeightContext>> __cdecl stlpmtx_std::list<struct CharBone::WeightContext, class stlpmtx_std::StlNodeAlloc<struct CharBone::WeightContext>>::insert(struct stlpmtx_std::_List_iterator<struct CharBone::WeightContext, struct stlpmtx_std::_Nonconst_traits<struct CharBone::WeightContext>>, struct CharBone::WeightContext const &)	public: struct stlpmtx_std::_List_iterator<struct Splash::ScreenParams, struct stlpmtx_std::_Nonconst_traits<struct Splash::ScreenParams>> __cdecl stlpmtx_std::list<struct Splash::ScreenParams, class stlpmtx_std::StlNodeAlloc<struct Splash::ScreenParams>>::insert(struct stlpmtx_std::_List_iterator<struct Splash::ScreenParams, struct stlpmtx_std::_Nonconst_traits<struct Splash::ScreenParams>>, struct Splash::ScreenParams const &)
96	C_PROVEN_CALLEE	engine	default/TrackWidget	?RemoveInstances@?$TrackWidgetImp@UInstance@RndMultiMesh@@@@UAAXAAV?$list@UInstance@RndMultiMesh@@V?$StlNodeAlloc@UInstance@RndMultiMesh@@@stlpmtx_std@@@stlpmtx_std@@U?$_List_iterator@UInstance@RndMultiMesh@@U?$_Nonconst_traits@UInstance@RndMultiMesh@@@stlpmtx_std@@@3@1@Z	99.7917	DIFFERENT	CORROBORATED	public: struct stlpmtx_std::_List_iterator<struct RndMultiMesh::Instance, struct stlpmtx_std::_Nonconst_traits<struct RndMultiMesh::Instance>> __cdecl stlpmtx_std::list<struct RndMultiMesh::Instance, class stlpmtx_std::TransformListAlloc<struct RndMultiMesh::Instance>>::erase(struct stlpmtx_std::_List_iterator<struct RndMultiMesh::Instance, struct stlpmtx_std::_Nonconst_traits<struct RndMultiMesh::Instance>>, struct stlpmtx_std::_List_iterator<struct RndMultiMesh::Instance, struct stlpmtx_std::_Nonconst_traits<struct RndMultiMesh::Instance>>)	public: struct stlpmtx_std::_List_iterator<struct RndMultiMesh::Instance, struct stlpmtx_std::_Nonconst_traits<struct RndMultiMesh::Instance>> __cdecl stlpmtx_std::list<struct RndMultiMesh::Instance, class stlpmtx_std::StlNodeAlloc<struct RndMultiMesh::Instance>>::erase(struct stlpmtx_std::_List_iterator<struct RndMultiMesh::Instance, struct stlpmtx_std::_Nonconst_traits<struct RndMultiMesh::Instance>>, struct stlpmtx_std::_List_iterator<struct RndMultiMesh::Instance, struct stlpmtx_std::_Nonconst_traits<struct RndMultiMesh::Instance>>)
96	BC_DIFFERENT_UNRESOLVED	engine	default/UIListSlot	??$__destroy_range_aux@V?$reverse_iterator@PAV?$vector@V?$ObjPtr@VUIColor@@@@V?$StlNodeAlloc@V?$ObjPtr@VUIColor@@@@@stlpmtx_std@@@stlpmtx_std@@@stlpmtx_std@@@stlpmtx_std@@YAXV?$reverse_iterator@PAV?$vector@V?$ObjPtr@VUIColor@@@@V?$StlNodeAlloc@V?$ObjPtr@VUIColor@@@@@stlpmtx_std@@@stlpmtx_std@@@0@0ABU__false_type@0@@Z	99.7917	DIFFERENT	REFUTED	public: __cdecl stlpmtx_std::vector<struct ObjPtrVec<class Hmx::Object, class ObjectDir>::Node, class stlpmtx_std::StlNodeAlloc<struct ObjPtrVec<class Hmx::Object, class ObjectDir>::Node>>::~vector<struct ObjPtrVec<class Hmx::Object, class ObjectDir>::Node, class stlpmtx_std::StlNodeAlloc<struct ObjPtrVec<class Hmx::Object, class ObjectDir>::Node>>(void)	public: __cdecl stlpmtx_std::vector<class ObjPtr<class UIColor>, class stlpmtx_std::StlNodeAlloc<class ObjPtr<class UIColor>>>::~vector<class ObjPtr<class UIColor>, class stlpmtx_std::StlNodeAlloc<class ObjPtr<class UIColor>>>(void)
92	UNDECIDABLE	engine	default/Spotlight	?Copy@ColorPalette@@UAAXPBVObject@Hmx@@W4CopyType@23@@Z	99.7826	UNKNOWN	REFUTED	public: class stlpmtx_std::vector<class Vector3, class stlpmtx_std::StlNodeAlloc<class Vector3>> & __cdecl stlpmtx_std::vector<class Vector3, class stlpmtx_std::StlNodeAlloc<class Vector3>>::operator=(class stlpmtx_std::vector<class Vector3, class stlpmtx_std::StlNodeAlloc<class Vector3>> const &)	public: class stlpmtx_std::vector<class Hmx::Color, class stlpmtx_std::StlNodeAlloc<class Hmx::Color>> & __cdecl stlpmtx_std::vector<class Hmx::Color, class stlpmtx_std::StlNodeAlloc<class Hmx::Color>>::operator=(class stlpmtx_std::vector<class Hmx::Color, class stlpmtx_std::StlNodeAlloc<class Hmx::Color>> const &)
92	A_FOLD_CONSISTENT	engine	default/Crowd	?ListDrawChildren@WorldCrowd@@UAAXAAV?$list@PAVRndDrawable@@V?$StlNodeAlloc@PAVRndDrawable@@@stlpmtx_std@@@stlpmtx_std@@@Z	99.7826	SAME	REFUTED	public: struct stlpmtx_std::_List_iterator<class CharClip *, struct stlpmtx_std::_Nonconst_traits<class CharClip *>> __cdecl stlpmtx_std::list<class CharClip *, class stlpmtx_std::StlNodeAlloc<class CharClip *>>::insert(struct stlpmtx_std::_List_iterator<class CharClip *, struct stlpmtx_std::_Nonconst_traits<class CharClip *>>, class CharClip *const &)	public: struct stlpmtx_std::_List_iterator<class RndDrawable *, struct stlpmtx_std::_Nonconst_traits<class RndDrawable *>> __cdecl stlpmtx_std::list<class RndDrawable *, class stlpmtx_std::StlNodeAlloc<class RndDrawable *>>::insert(struct stlpmtx_std::_List_iterator<class RndDrawable *, struct stlpmtx_std::_Nonconst_traits<class RndDrawable *>>, class RndDrawable *const &)
92	A_FOLD_CONSISTENT	engine	default/GemTrackResourceManager	??1GemTrackResourceManager@@UAA@XZ	99.7826	SAME	REFUTED	public: virtual __cdecl ObjRefConcrete<class BandCamShot, class ObjectDir>::~ObjRefConcrete<class BandCamShot, class ObjectDir>(void)	public: virtual __cdecl ObjRefConcrete<class ObjectDir, class ObjectDir>::~ObjRefConcrete<class ObjectDir, class ObjectDir>(void)
92	UNDECIDABLE	game	default/FocusTracker	??1FocusTracker@@UAA@XZ	99.7826	UNKNOWN	CORROBORATED	public: void __cdecl stlpmtx_std::_Rb_tree<int, struct stlpmtx_std::less<int>, struct stlpmtx_std::pair<int const, class Hmx::Color>, struct stlpmtx_std::_Select1st<struct stlpmtx_std::pair<int const, class Hmx::Color>>, struct stlpmtx_std::priv::_MapTraitsT<struct stlpmtx_std::pair<int const, class Hmx::Color>>, class stlpmtx_std::StlNodeAlloc<struct stlpmtx_std::pair<int const, class Hmx::Color>>>::clear(void)	public: void __cdecl stlpmtx_std::_Rb_tree<struct TrackerPlayerID, struct stlpmtx_std::less<struct TrackerPlayerID>, struct stlpmtx_std::pair<struct TrackerPlayerID const, int>, struct stlpmtx_std::_Select1st<struct stlpmtx_std::pair<struct TrackerPlayerID const, int>>, struct stlpmtx_std::priv::_MapTraitsT<struct stlpmtx_std::pair<struct TrackerPlayerID const, int>>, class stlpmtx_std::StlNodeAlloc<struct stlpmtx_std::pair<struct TrackerPlayerID const, int>>>::clear(void)
92	BC_DIFFERENT_UNRESOLVED	game	default/band3/game/GemTrainerPanel	?Resize@GemStatus@@QAAXH@Z	99.7826	DIFFERENT	REFUTED	private: void __cdecl stlpmtx_std::vector<class Hmx::Color, class stlpmtx_std::StlNodeAlloc<class Hmx::Color>>::_M_fill_insert(class Hmx::Color *, unsigned int, class Hmx::Color const &)	private: void __cdecl stlpmtx_std::vector<unsigned char, class stlpmtx_std::StlNodeAlloc<unsigned char>>::_M_fill_insert(unsigned char *, unsigned int, unsigned char const &)
92	UNDECIDABLE	game	default/PerformanceData	??$__copy@PBVSingerStats@@PAV1@H@stlpmtx_std@@YAPAVSingerStats@@PBV1@0PAV1@ABUrandom_access_iterator_tag@0@PAH@Z	99.7826	UNKNOWN	CORROBORATED	public: class stlpmtx_std::vector<struct CharBones::Bone, class stlpmtx_std::StlNodeAlloc<struct CharBones::Bone>> & __cdecl stlpmtx_std::vector<struct CharBones::Bone, class stlpmtx_std::StlNodeAlloc<struct CharBones::Bone>>::operator=(class stlpmtx_std::vector<struct CharBones::Bone, class stlpmtx_std::StlNodeAlloc<struct CharBones::Bone>> const &)	public: class stlpmtx_std::vector<struct stlpmtx_std::pair<int, float>, class stlpmtx_std::StlNodeAlloc<struct stlpmtx_std::pair<int, float>>> & __cdecl stlpmtx_std::vector<struct stlpmtx_std::pair<int, float>, class stlpmtx_std::StlNodeAlloc<struct stlpmtx_std::pair<int, float>>>::operator=(class stlpmtx_std::vector<struct stlpmtx_std::pair<int, float>, class stlpmtx_std::StlNodeAlloc<struct stlpmtx_std::pair<int, float>>> const &)
92	UNDECIDABLE	game	default/OverdriveTracker	??1OverdriveTracker@@UAA@XZ	99.3478	UNKNOWN	CORROBORATED	public: void __cdecl stlpmtx_std::_Rb_tree<int, struct stlpmtx_std::less<int>, struct stlpmtx_std::pair<int const, class Hmx::Color>, struct stlpmtx_std::_Select1st<struct stlpmtx_std::pair<int const, class Hmx::Color>>, struct stlpmtx_std::priv::_MapTraitsT<struct stlpmtx_std::pair<int const, class Hmx::Color>>, class stlpmtx_std::StlNodeAlloc<struct stlpmtx_std::pair<int const, class Hmx::Color>>>::clear(void)	public: void __cdecl stlpmtx_std::_Rb_tree<struct TrackerPlayerID, struct stlpmtx_std::less<struct TrackerPlayerID>, struct stlpmtx_std::pair<struct TrackerPlayerID const, class OverdriveTracker::DeployData>, struct stlpmtx_std::_Select1st<struct stlpmtx_std::pair<struct TrackerPlayerID const, class OverdriveTracker::DeployData>>, struct stlpmtx_std::priv::_MapTraitsT<struct stlpmtx_std::pair<struct TrackerPlayerID const, class OverdriveTracker::DeployData>>, class stlpmtx_std::StlNodeAlloc<struct stlpmtx_std::pair<struct TrackerPlayerID const, class OverdriveTracker::DeployData>>>::clear(void)
92	A_FOLD_CONSISTENT	engine	default/Crowd	?ListPollChildren@WorldCrowd@@UBAXAAV?$list@PAVRndPollable@@V?$StlNodeAlloc@PAVRndPollable@@@stlpmtx_std@@@stlpmtx_std@@@Z	99.7826	SAME	REFUTED	public: struct stlpmtx_std::_List_iterator<class CharClip *, struct stlpmtx_std::_Nonconst_traits<class CharClip *>> __cdecl stlpmtx_std::list<class CharClip *, class stlpmtx_std::StlNodeAlloc<class CharClip *>>::insert(struct stlpmtx_std::_List_iterator<class CharClip *, struct stlpmtx_std::_Nonconst_traits<class CharClip *>>, class CharClip *const &)	public: struct stlpmtx_std::_List_iterator<class RndPollable *, struct stlpmtx_std::_Nonconst_traits<class RndPollable *>> __cdecl stlpmtx_std::list<class RndPollable *, class stlpmtx_std::StlNodeAlloc<class RndPollable *>>::insert(struct stlpmtx_std::_List_iterator<class RndPollable *, struct stlpmtx_std::_Nonconst_traits<class RndPollable *>>, class RndPollable *const &)
92	UNDECIDABLE	engine	default/MeshAnim	??$?5VVector2@@V?$StlNodeAlloc@VVector2@@@stlpmtx_std@@@@YAAAVBinStreamRev@@AAV0@AAV?$vector@VVector2@@V?$StlNodeAlloc@VVector2@@@stlpmtx_std@@@stlpmtx_std@@@Z	99.7826	UNKNOWN	REFUTED	public: void __cdecl stlpmtx_std::vector<class Stats::StreakInfo, class stlpmtx_std::StlNodeAlloc<class Stats::StreakInfo>>::resize(unsigned int, class Stats::StreakInfo const &)	public: void __cdecl stlpmtx_std::vector<class Vector2, class stlpmtx_std::StlNodeAlloc<class Vector2>>::resize(unsigned int, class Vector2 const &)
92	BC_DIFFERENT_UNRESOLVED	engine	default/SongMgr	?ContentStarted@SongMgr@@UAAXXZ	99.7826	DIFFERENT	REFUTED	public: void __cdecl stlpmtx_std::_Rb_tree<class Symbol, struct stlpmtx_std::less<class Symbol>, struct stlpmtx_std::pair<class Symbol const, class CharLipSync *>, struct stlpmtx_std::_Select1st<struct stlpmtx_std::pair<class Symbol const, class CharLipSync *>>, struct stlpmtx_std::priv::_MapTraitsT<struct stlpmtx_std::pair<class Symbol const, class CharLipSync *>>, class stlpmtx_std::StlNodeAlloc<struct stlpmtx_std::pair<class Symbol const, class CharLipSync *>>>::clear(void)	public: void __cdecl stlpmtx_std::_Rb_tree<int, struct stlpmtx_std::less<int>, int, struct stlpmtx_std::_Identity<int>, struct stlpmtx_std::priv::_SetTraitsT<int>, class stlpmtx_std::StlNodeAlloc<int>>::clear(void)
92	A_FOLD_CONSISTENT	game	default/OvershellSlot	??_GPassiveMessageQueue@@UAAPAXI@Z	99.7826	SAME	CORROBORATED	public: void __cdecl stlpmtx_std::_List_base<class SynthPollable *, class stlpmtx_std::StlNodeAlloc<class SynthPollable *>>::clear(void)	public: void __cdecl stlpmtx_std::_List_base<class PassiveMessage *, class stlpmtx_std::StlNodeAlloc<class PassiveMessage *>>::clear(void)
92	A_FOLD_CONSISTENT	game	default/OvershellSlotState	??1OvershellSlotStateMgr@@QAA@XZ	99.7826	SAME	CORROBORATED	void __cdecl DeleteAll<class stlpmtx_std::vector<class NetSavedSetlist *, class stlpmtx_std::StlNodeAlloc<class NetSavedSetlist *>>>(class stlpmtx_std::vector<class NetSavedSetlist *, class stlpmtx_std::StlNodeAlloc<class NetSavedSetlist *>> &)	void __cdecl DeleteAll<class stlpmtx_std::vector<class OvershellSlotState *, class stlpmtx_std::StlNodeAlloc<class OvershellSlotState *>>>(class stlpmtx_std::vector<class OvershellSlotState *, class stlpmtx_std::StlNodeAlloc<class OvershellSlotState *>> &)
92	A_FOLD_CONSISTENT	engine	default/system/rnddx9/ShaderMgr	?AutoRelease@DxRnd@@QAAXPAUD3DResource@@@Z	99.7826	SAME	REFUTED	public: void __cdecl stlpmtx_std::vector<class ChatReceiver *, class stlpmtx_std::StlNodeAlloc<class ChatReceiver *>>::push_back(class ChatReceiver *const &)	public: void __cdecl stlpmtx_std::vector<struct D3DResource *, class stlpmtx_std::StlNodeAlloc<struct D3DResource *>>::push_back(struct D3DResource *const &)
92	A_FOLD_CONSISTENT	engine	default/TrackWatcher	?AddSink@TrackWatcher@@QAAXPAVBeatMatchSink@@@Z	99.7826	SAME	REFUTED	public: void __cdecl stlpmtx_std::vector<class ChatReceiver *, class stlpmtx_std::StlNodeAlloc<class ChatReceiver *>>::push_back(class ChatReceiver *const &)	public: void __cdecl stlpmtx_std::vector<class BeatMatchSink *, class stlpmtx_std::StlNodeAlloc<class BeatMatchSink *>>::push_back(class BeatMatchSink *const &)
92	UNDECIDABLE	engine	default/Jukebox	??0Jukebox@@QAA@H@Z	99.7826	UNKNOWN	REFUTED	public: void __cdecl stlpmtx_std::vector<class Vector2, class stlpmtx_std::StlNodeAlloc<class Vector2>>::reserve(unsigned int)	public: void __cdecl stlpmtx_std::vector<struct JukeboxItem, class stlpmtx_std::StlNodeAlloc<struct JukeboxItem>>::reserve(unsigned int)
88	A_FOLD_CONSISTENT	engine	default/Text	?GetMeshes@RndText@@QAAXAAV?$vector@PAVRndMesh@@V?$StlNodeAlloc@PAVRndMesh@@@stlpmtx_std@@@stlpmtx_std@@@Z	99.7727	SAME	REFUTED	public: void __cdecl stlpmtx_std::vector<class ChatReceiver *, class stlpmtx_std::StlNodeAlloc<class ChatReceiver *>>::push_back(class ChatReceiver *const &)	public: void __cdecl stlpmtx_std::vector<class RndMesh *, class stlpmtx_std::StlNodeAlloc<class RndMesh *>>::push_back(class RndMesh *const &)
88	BC_DIFFERENT_UNRESOLVED	engine	default/OutfitConfig	??1OldMatOption@@QAA@XZ	99.7727	DIFFERENT	REFUTED	public: __cdecl stlpmtx_std::vector<struct ObjPtrVec<class Hmx::Object, class ObjectDir>::Node, class stlpmtx_std::StlNodeAlloc<struct ObjPtrVec<class Hmx::Object, class ObjectDir>::Node>>::~vector<struct ObjPtrVec<class Hmx::Object, class ObjectDir>::Node, class stlpmtx_std::StlNodeAlloc<struct ObjPtrVec<class Hmx::Object, class ObjectDir>::Node>>(void)	public: __cdecl stlpmtx_std::vector<class ObjPtr<class RndTex>, class stlpmtx_std::StlNodeAlloc<class ObjPtr<class RndTex>>>::~vector<class ObjPtr<class RndTex>, class stlpmtx_std::StlNodeAlloc<class ObjPtr<class RndTex>>>(void)
88	BC_DIFFERENT_UNRESOLVED	game	default/band3/bandtrack/Gem	??$?5VMatSwap@OutfitConfig@@@@YAAAVBinStream@@AAV0@AAV?$ObjVector@VMatSwap@OutfitConfig@@@@@Z	99.7727	DIFFERENT	REFUTED	public: void __cdecl ObjVector<class TransformArea>::resize(unsigned int)	public: void __cdecl ObjVector<class OutfitConfig::MatSwap>::resize(unsigned int)
88	A_FOLD_CONSISTENT	engine	default/BandWardrobe	??0?$vector@VSymbol@@V?$StlNodeAlloc@VSymbol@@@stlpmtx_std@@@stlpmtx_std@@QAA@IABVSymbol@@ABV?$StlNodeAlloc@VSymbol@@@1@@Z	99.7727	SAME	CORROBORATED	enum RndCubeTex::CubeFace * __cdecl stlpmtx_std::__uninitialized_fill_n<enum RndCubeTex::CubeFace *, unsigned int, enum RndCubeTex::CubeFace>(enum RndCubeTex::CubeFace *, unsigned int, enum RndCubeTex::CubeFace const &, struct stlpmtx_std::__false_type const &)	class Symbol * __cdecl stlpmtx_std::__uninitialized_fill_n<class Symbol *, unsigned int, class Symbol>(class Symbol *, unsigned int, class Symbol const &, struct stlpmtx_std::__false_type const &)
88	BC_DIFFERENT_UNRESOLVED	engine	default/Morph	?erase@?$vector@VDrivenPropertyEntry@@V?$StlNodeAlloc@VDrivenPropertyEntry@@@stlpmtx_std@@@stlpmtx_std@@QAAPAVDrivenPropertyEntry@@PAV3@0@Z	99.7727	DIFFERENT	REFUTED	struct RndMorph::Pose * __cdecl stlpmtx_std::__copy_ptrs<struct RndMorph::Pose *, struct RndMorph::Pose *>(struct RndMorph::Pose *, struct RndMorph::Pose *, struct RndMorph::Pose *, struct stlpmtx_std::__false_type const &)	class DrivenPropertyEntry * __cdecl stlpmtx_std::__copy_ptrs<class DrivenPropertyEntry *, class DrivenPropertyEntry *>(class DrivenPropertyEntry *, class DrivenPropertyEntry *, class DrivenPropertyEntry *, struct stlpmtx_std::__false_type const &)
88	A_FOLD_CONSISTENT	game	default/band3/meta_band/AssetMgr	?_M_insert@?$hashtable@U?$pair@$$CBVSymbol@@PAVAsset@@@stlpmtx_std@@VSymbol@@U?$hash@VSymbol@@@2@U?$_HashMapTraitsT@U?$pair@$$CBVSymbol@@PAVAsset@@@stlpmtx_std@@@priv@2@U?$_Select1st@U?$pair@$$CBVSymbol@@PAVAsset@@@stlpmtx_std@@@2@U?$equal_to@VSymbol@@@2@V?$StlNodeAlloc@U?$pair@$$CBVSymbol@@PAVAsset@@@stlpmtx_std@@@2@@stlpmtx_std@@QAAAAU?$pair@$$CBVSymbol@@PAVAsset@@@2@ABU32@@Z	99.7727	SAME	REFUTED	public: void __cdecl stlpmtx_std::hashtable<struct stlpmtx_std::pair<class Symbol const, float>, class Symbol, struct stlpmtx_std::hash<class Symbol>, struct stlpmtx_std::priv::_HashMapTraitsT<struct stlpmtx_std::pair<class Symbol const, float>>, struct stlpmtx_std::_Select1st<struct stlpmtx_std::pair<class Symbol const, float>>, struct stlpmtx_std::equal_to<class Symbol>, class stlpmtx_std::StlNodeAlloc<struct stlpmtx_std::pair<class Symbol const, float>>>::resize(unsigned int)	public: void __cdecl stlpmtx_std::hashtable<struct stlpmtx_std::pair<class Symbol const, class Asset *>, class Symbol, struct stlpmtx_std::hash<class Symbol>, struct stlpmtx_std::priv::_HashMapTraitsT<struct stlpmtx_std::pair<class Symbol const, class Asset *>>, struct stlpmtx_std::_Select1st<struct stlpmtx_std::pair<class Symbol const, class Asset *>>, struct stlpmtx_std::equal_to<class Symbol>, class stlpmtx_std::StlNodeAlloc<struct stlpmtx_std::pair<class Symbol const, class Asset *>>>::resize(unsigned int)
88	A_FOLD_CONSISTENT	game	default/Campaign	?_M_insert@?$hashtable@U?$pair@$$CBVSymbol@@PAVCampaignKey@@@stlpmtx_std@@VSymbol@@U?$hash@VSymbol@@@2@U?$_HashMapTraitsT@U?$pair@$$CBVSymbol@@PAVCampaignKey@@@stlpmtx_std@@@priv@2@U?$_Select1st@U?$pair@$$CBVSymbol@@PAVCampaignKey@@@stlpmtx_std@@@2@U?$equal_to@VSymbol@@@2@V?$StlNodeAlloc@U?$pair@$$CBVSymbol@@PAVCampaignKey@@@stlpmtx_std@@@2@@stlpmtx_std@@QAAAAU?$pair@$$CBVSymbol@@PAVCampaignKey@@@2@ABU32@@Z	99.7727	SAME	REFUTED	public: void __cdecl stlpmtx_std::hashtable<struct stlpmtx_std::pair<int const, class SongStatus *>, int, struct stlpmtx_std::hash<int>, struct stlpmtx_std::priv::_HashMapTraitsT<struct stlpmtx_std::pair<int const, class SongStatus *>>, struct stlpmtx_std::_Select1st<struct stlpmtx_std::pair<int const, class SongStatus *>>, struct stlpmtx_std::equal_to<int>, class stlpmtx_std::StlNodeAlloc<struct stlpmtx_std::pair<int const, class SongStatus *>>>::resize(unsigned int)	public: void __cdecl stlpmtx_std::hashtable<struct stlpmtx_std::pair<class Symbol const, class CampaignKey *>, class Symbol, struct stlpmtx_std::hash<class Symbol>, struct stlpmtx_std::priv::_HashMapTraitsT<struct stlpmtx_std::pair<class Symbol const, class CampaignKey *>>, struct stlpmtx_std::_Select1st<struct stlpmtx_std::pair<class Symbol const, class CampaignKey *>>, struct stlpmtx_std::equal_to<class Symbol>, class stlpmtx_std::StlNodeAlloc<struct stlpmtx_std::pair<class Symbol const, class CampaignKey *>>>::resize(unsigned int)
88	BC_DIFFERENT_UNRESOLVED	game	default/band3/meta_band/InterstitialMgr	?insert_after@?$slist@U?$pair@$$CBVSymbol@@PAVDataArray@@@stlpmtx_std@@V?$StlNodeAlloc@U?$pair@$$CBVSymbol@@PAVDataArray@@@stlpmtx_std@@@2@@stlpmtx_std@@QAA?AV?$_Slist_iterator@U?$pair@$$CBVSymbol@@PAVDataArray@@@stlpmtx_std@@U?$_Nonconst_traits@U?$pair@$$CBVSymbol@@PAVDataArray@@@stlpmtx_std@@@2@@priv@2@V342@ABU?$pair@$$CBVSymbol@@PAVDataArray@@@2@@Z	99.7727	DIFFERENT	REFUTED	private: class stlpmtx_std::priv::_Slist_node<struct stlpmtx_std::pair<class Symbol const, class stlpmtx_std::hash_map<class Symbol, class DataArray *, struct stlpmtx_std::hash<class Symbol>, struct stlpmtx_std::equal_to<class Symbol>, class stlpmtx_std::StlNodeAlloc<struct stlpmtx_std::pair<class Symbol const, class DataArray *>>>>> * __cdecl stlpmtx_std::slist<struct stlpmtx_std::pair<class Symbol const, class stlpmtx_std::hash_map<class Symbol, class DataArray *, struct stlpmtx_std::hash<class Symbol>, struct stlpmtx_std::equal_to<class Symbol>, class stlpmtx_std::StlNodeAlloc<struct stlpmtx_std::pair<class Symbol const, class DataArray *>>>>, class stlpmtx_std::StlNodeAlloc<struct stlpmtx_std::pair<class Symbol const, class stlpmtx_std::hash_map<class Symbol, class DataArray *, struct stlpmtx_std::hash<class Symbol>, struct stlpmtx_std::equal_to<class Symbol>, class stlpmtx_std::StlNodeAlloc<struct stlpmtx_std::pair<class Symbol const, class DataArray *>>>>>>::_M_create_node(struct stlpmtx_std::pair<class Symbol const, class stlpmtx_std::hash_map<class Symbol, class DataArray *, struct stlpmtx_std::hash<class Symbol>, struct stlpmtx_std::equal_to<class Symbol>, class stlpmtx_std::StlNodeAlloc<struct stlpmtx_std::pair<class Symbol const, class DataArray *>>>> const &)	private: class stlpmtx_std::priv::_Slist_node<struct stlpmtx_std::pair<class Symbol const, class DataArray *>> * __cdecl stlpmtx_std::slist<struct stlpmtx_std::pair<class Symbol const, class DataArray *>, class stlpmtx_std::StlNodeAlloc<struct stlpmtx_std::pair<class Symbol const, class DataArray *>>>::_M_create_node(struct stlpmtx_std::pair<class Symbol const, class DataArray *> const &)
88	BC_DIFFERENT_UNRESOLVED	game	default/band3/meta_band/LicenseMgr	?insert_after@?$slist@U?$pair@$$CBVSymbol@@V?$vector@VSymbol@@V?$StlNodeAlloc@VSymbol@@@stlpmtx_std@@@stlpmtx_std@@@stlpmtx_std@@V?$StlNodeAlloc@U?$pair@$$CBVSymbol@@V?$vector@VSymbol@@V?$StlNodeAlloc@VSymbol@@@stlpmtx_std@@@stlpmtx_std@@@stlpmtx_std@@@2@@stlpmtx_std@@QAA?AV?$_Slist_iterator@U?$pair@$$CBVSymbol@@V?$vector@VSymbol@@V?$StlNodeAlloc@VSymbol@@@stlpmtx_std@@@stlpmtx_std@@@stlpmtx_std@@U?$_Nonconst_traits@U?$pair@$$CBVSymbol@@V?$vector@VSymbol@@V?$StlNodeAlloc@VSymbol@@@stlpmtx_std@@@stlpmtx_std@@@stlpmtx_std@@@2@@priv@2@V342@ABU?$pair@$$CBVSymbol@@V?$vector@VSymbol@@V?$StlNodeAlloc@VSymbol@@@stlpmtx_std@@@stlpmtx_std@@@2@@Z	99.7727	DIFFERENT	REFUTED	private: class stlpmtx_std::priv::_Slist_node<struct stlpmtx_std::pair<int const, class SongMetadata *>> * __cdecl stlpmtx_std::slist<struct stlpmtx_std::pair<int const, class SongMetadata *>, class stlpmtx_std::StlNodeAlloc<struct stlpmtx_std::pair<int const, class SongMetadata *>>>::_M_create_node(struct stlpmtx_std::pair<int const, class SongMetadata *> const &)	private: class stlpmtx_std::priv::_Slist_node<struct stlpmtx_std::pair<class Symbol const, class stlpmtx_std::vector<class Symbol, class stlpmtx_std::StlNodeAlloc<class Symbol>>>> * __cdecl stlpmtx_std::slist<struct stlpmtx_std::pair<class Symbol const, class stlpmtx_std::vector<class Symbol, class stlpmtx_std::StlNodeAlloc<class Symbol>>>, class stlpmtx_std::StlNodeAlloc<struct stlpmtx_std::pair<class Symbol const, class stlpmtx_std::vector<class Symbol, class stlpmtx_std::StlNodeAlloc<class Symbol>>>>>::_M_create_node(struct stlpmtx_std::pair<class Symbol const, class stlpmtx_std::vector<class Symbol, class stlpmtx_std::StlNodeAlloc<class Symbol>>> const &)
88	A_FOLD_CONSISTENT	game	default/band3/meta_band/SongUpgradeMgr	?ClearCachedContent@SongUpgradeMgr@@QAAXXZ	99.7727	SAME	REFUTED	public: void __cdecl stlpmtx_std::hashtable<struct stlpmtx_std::pair<class Symbol const, class stlpmtx_std::vector<class PatchSticker *, class stlpmtx_std::StlNodeAlloc<class PatchSticker *>>>, class Symbol, struct PatchDir::SymbolHash, struct stlpmtx_std::priv::_HashMapTraitsT<struct stlpmtx_std::pair<class Symbol const, class stlpmtx_std::vector<class PatchSticker *, class stlpmtx_std::StlNodeAlloc<class PatchSticker *>>>>, struct stlpmtx_std::_Select1st<struct stlpmtx_std::pair<class Symbol const, class stlpmtx_std::vector<class PatchSticker *, class stlpmtx_std::StlNodeAlloc<class PatchSticker *>>>>, struct stlpmtx_std::equal_to<class Symbol>, class stlpmtx_std::StlNodeAlloc<struct stlpmtx_std::pair<class Symbol const, class stlpmtx_std::vector<class PatchSticker *, class stlpmtx_std::StlNodeAlloc<class PatchSticker *>>>>>::clear(void)	public: void __cdecl stlpmtx_std::hashtable<struct stlpmtx_std::pair<class Symbol const, class stlpmtx_std::vector<int, class stlpmtx_std::StlNodeAlloc<int>>>, class Symbol, struct stlpmtx_std::hash<class Symbol>, struct stlpmtx_std::priv::_HashMapTraitsT<struct stlpmtx_std::pair<class Symbol const, class stlpmtx_std::vector<int, class stlpmtx_std::StlNodeAlloc<int>>>>, struct stlpmtx_std::_Select1st<struct stlpmtx_std::pair<class Symbol const, class stlpmtx_std::vector<int, class stlpmtx_std::StlNodeAlloc<int>>>>, struct stlpmtx_std::equal_to<class Symbol>, class stlpmtx_std::StlNodeAlloc<struct stlpmtx_std::pair<class Symbol const, class stlpmtx_std::vector<int, class stlpmtx_std::StlNodeAlloc<int>>>>>::clear(void)
88	BC_DIFFERENT_UNRESOLVED	engine	default/Sfx	??$?5VMoggClipMap@@@@YAAAVBinStream@@AAV0@AAV?$ObjVector@VMoggClipMap@@@@@Z	99.7727	DIFFERENT	REFUTED	public: void __cdecl ObjVector<class SfxMap>::resize(unsigned int)	public: void __cdecl ObjVector<class MoggClipMap>::resize(unsigned int)
88	BC_DIFFERENT_UNRESOLVED	engine	default/Sfx	??$?5VSfxMap@@@@YAAAVBinStream@@AAV0@AAV?$ObjVector@VSfxMap@@@@@Z	99.7727	DIFFERENT	REFUTED	public: void __cdecl ObjVector<class MoggClipMap>::resize(unsigned int)	public: void __cdecl ObjVector<class SfxMap>::resize(unsigned int)
88	C_PROVEN_CALLEE	engine	default/FileMerger	?erase@?$vector@UPose@RndMorph@@V?$StlNodeAlloc@UPose@RndMorph@@@stlpmtx_std@@@stlpmtx_std@@QAAPAUPose@RndMorph@@PAU34@0@Z	99.7727	DIFFERENT	CORROBORATED	void __cdecl stlpmtx_std::_Destroy_Range<struct UILabel::LabelStyle *>(struct UILabel::LabelStyle *, struct UILabel::LabelStyle *)	void __cdecl stlpmtx_std::_Destroy_Range<struct RndMorph::Pose *>(struct RndMorph::Pose *, struct RndMorph::Pose *)
88	BC_DIFFERENT_UNRESOLVED	engine	default/UIFontImporter	??1?$ObjDirPtr@VUILabelDir@@@@UAA@XZ	99.7727	DIFFERENT	REFUTED	public: class ObjDirPtr<class ObjectDir> & __cdecl ObjDirPtr<class ObjectDir>::operator=(class ObjectDir *)	public: class ObjDirPtr<class UILabelDir> & __cdecl ObjDirPtr<class UILabelDir>::operator=(class UILabelDir *)
88	BC_DIFFERENT_UNRESOLVED	engine	default/Crowd	??$?5UOldMMInst@@V?$StlNodeAlloc@UOldMMInst@@@stlpmtx_std@@@@YAAAVBinStreamRev@@AAV0@AAV?$list@UOldMMInst@@V?$StlNodeAlloc@UOldMMInst@@@stlpmtx_std@@@stlpmtx_std@@@Z	99.7727	DIFFERENT	REFUTED	public: void __cdecl stlpmtx_std::list<struct RndMultiMesh::Instance, class stlpmtx_std::StlNodeAlloc<struct RndMultiMesh::Instance>>::resize(unsigned int, struct RndMultiMesh::Instance const &)	public: void __cdecl stlpmtx_std::list<struct OldMMInst, class stlpmtx_std::StlNodeAlloc<struct OldMMInst>>::resize(unsigned int, struct OldMMInst const &)
88	BC_DIFFERENT_UNRESOLVED	engine	default/PropAnim	?CloneKey@BoolKeys@@UAAXH@Z	99.7727	DIFFERENT	REFUTED	public: int __cdecl Keys<class Symbol, class Symbol>::Add(class Symbol const &, float, bool)	public: int __cdecl Keys<bool, bool>::Add(bool const &, float, bool)
88	BC_DIFFERENT_UNRESOLVED	engine	default/MidiInstrument	??$?5VSampleZone@@@@YAAAVBinStream@@AAVBinStreamRev@@AAV?$ObjVector@VSampleZone@@@@@Z	99.7727	DIFFERENT	REFUTED	public: void __cdecl ObjVector<struct Flow::DynamicPropertyEntry>::resize(unsigned int)	public: void __cdecl ObjVector<class SampleZone>::resize(unsigned int)
88	A_FOLD_CONSISTENT	engine	default/StandardStream	?Destroy@StandardStream@@AAAXXZ	99.7727	SAME	CORROBORATED	void __cdecl DeleteAll<class stlpmtx_std::vector<class NetSavedSetlist *, class stlpmtx_std::StlNodeAlloc<class NetSavedSetlist *>>>(class stlpmtx_std::vector<class NetSavedSetlist *, class stlpmtx_std::StlNodeAlloc<class NetSavedSetlist *>> &)	void __cdecl DeleteAll<class stlpmtx_std::vector<class StreamReceiver *, class stlpmtx_std::StlNodeAlloc<class StreamReceiver *>>>(class stlpmtx_std::vector<class StreamReceiver *, class stlpmtx_std::StlNodeAlloc<class StreamReceiver *>> &)
88	A_FOLD_CONSISTENT	engine	default/UIListSlot	?ClearElements@UIListSlot@@AAAXXZ	99.7727	SAME	CORROBORATED	void __cdecl DeleteAll<class stlpmtx_std::vector<class NetSavedSetlist *, class stlpmtx_std::StlNodeAlloc<class NetSavedSetlist *>>>(class stlpmtx_std::vector<class NetSavedSetlist *, class stlpmtx_std::StlNodeAlloc<class NetSavedSetlist *>> &)	void __cdecl DeleteAll<class stlpmtx_std::vector<class UIListSlotElement *, class stlpmtx_std::StlNodeAlloc<class UIListSlotElement *>>>(class stlpmtx_std::vector<class UIListSlotElement *, class stlpmtx_std::StlNodeAlloc<class UIListSlotElement *>> &)
84	A_FOLD_CONSISTENT	game	default/band3/bandtrack/GemRepTemplate	?ReturnTail@GemRepTemplate@@QAAXPAVRndMesh@@@Z	99.7619	SAME	REFUTED	public: void __cdecl stlpmtx_std::vector<class ChatReceiver *, class stlpmtx_std::StlNodeAlloc<class ChatReceiver *>>::push_back(class ChatReceiver *const &)	public: void __cdecl stlpmtx_std::vector<class RndMesh *, class stlpmtx_std::StlNodeAlloc<class RndMesh *>>::push_back(class RndMesh *const &)
84	UNDECIDABLE	game	default/FocusTracker	??1StreakFocusTracker@@UAA@XZ	99.7619	UNKNOWN	CORROBORATED	public: void __cdecl stlpmtx_std::_Rb_tree<int, struct stlpmtx_std::less<int>, struct stlpmtx_std::pair<int const, class Hmx::Color>, struct stlpmtx_std::_Select1st<struct stlpmtx_std::pair<int const, class Hmx::Color>>, struct stlpmtx_std::priv::_MapTraitsT<struct stlpmtx_std::pair<int const, class Hmx::Color>>, class stlpmtx_std::StlNodeAlloc<struct stlpmtx_std::pair<int const, class Hmx::Color>>>::clear(void)	public: void __cdecl stlpmtx_std::_Rb_tree<struct TrackerPlayerID, struct stlpmtx_std::less<struct TrackerPlayerID>, struct stlpmtx_std::pair<struct TrackerPlayerID const, int>, struct stlpmtx_std::_Select1st<struct stlpmtx_std::pair<struct TrackerPlayerID const, int>>, struct stlpmtx_std::priv::_MapTraitsT<struct stlpmtx_std::pair<struct TrackerPlayerID const, int>>, class stlpmtx_std::StlNodeAlloc<struct stlpmtx_std::pair<struct TrackerPlayerID const, int>>>::clear(void)
84	A_FOLD_CONSISTENT	game	default/band3/game/Stats	?erase@?$vector@VSingerStats@@V?$StlNodeAlloc@VSingerStats@@@stlpmtx_std@@@stlpmtx_std@@QAAPAVSingerStats@@PAV3@0@Z	99.7619	SAME	REFUTED	class SingerStats * __cdecl stlpmtx_std::__copy<class SingerStats const *, class SingerStats *, int>(class SingerStats const *, class SingerStats const *, class SingerStats *, struct stlpmtx_std::random_access_iterator_tag const &, int *)	class SingerStats * __cdecl stlpmtx_std::__copy<class SingerStats *, class SingerStats *, int>(class SingerStats *, class SingerStats *, class SingerStats *, struct stlpmtx_std::random_access_iterator_tag const &, int *)
84	C_PROVEN_CALLEE	game	default/AccomplishmentConditional	??1AccomplishmentTrainerConditional@@UAA@XZ	99.7619	DIFFERENT	CORROBORATED	public: void __cdecl stlpmtx_std::_List_base<class Plane, class stlpmtx_std::StlNodeAlloc<class Plane>>::clear(void)	public: void __cdecl stlpmtx_std::_List_base<struct TrainerCondition, class stlpmtx_std::StlNodeAlloc<struct TrainerCondition>>::clear(void)
84	A_FOLD_CONSISTENT	game	default/band3/meta_band/LicenseMgr	?GetLicensesInContent@LicenseMgr@@QBAXVSymbol@@AAV?$vector@VSymbol@@V?$StlNodeAlloc@VSymbol@@@stlpmtx_std@@@stlpmtx_std@@@Z	99.7619	SAME	CORROBORATED	private: class stlpmtx_std::priv::_Slist_iterator<struct stlpmtx_std::pair<class Symbol const, int>, struct stlpmtx_std::_Nonconst_traits<struct stlpmtx_std::pair<class Symbol const, int>>> __cdecl stlpmtx_std::hashtable<struct stlpmtx_std::pair<class Symbol const, int>, class Symbol, struct stlpmtx_std::hash<class Symbol>, struct stlpmtx_std::priv::_HashMapTraitsT<struct stlpmtx_std::pair<class Symbol const, int>>, struct stlpmtx_std::_Select1st<struct stlpmtx_std::pair<class Symbol const, int>>, struct stlpmtx_std::equal_to<class Symbol>, class stlpmtx_std::StlNodeAlloc<struct stlpmtx_std::pair<class Symbol const, int>>>::_M_find<class Symbol>(class Symbol const &) const	private: class stlpmtx_std::priv::_Slist_iterator<struct stlpmtx_std::pair<class Symbol const, class stlpmtx_std::vector<class Symbol, class stlpmtx_std::StlNodeAlloc<class Symbol>>>, struct stlpmtx_std::_Nonconst_traits<struct stlpmtx_std::pair<class Symbol const, class stlpmtx_std::vector<class Symbol, class stlpmtx_std::StlNodeAlloc<class Symbol>>>>> __cdecl stlpmtx_std::hashtable<struct stlpmtx_std::pair<class Symbol const, class stlpmtx_std::vector<class Symbol, class stlpmtx_std::StlNodeAlloc<class Symbol>>>, class Symbol, struct stlpmtx_std::hash<class Symbol>, struct stlpmtx_std::priv::_HashMapTraitsT<struct stlpmtx_std::pair<class Symbol const, class stlpmtx_std::vector<class Symbol, class stlpmtx_std::StlNodeAlloc<class Symbol>>>>, struct stlpmtx_std::_Select1st<struct stlpmtx_std::pair<class Symbol const, class stlpmtx_std::vector<class Symbol, class stlpmtx_std::StlNodeAlloc<class Symbol>>>>, struct stlpmtx_std::equal_to<class Symbol>, class stlpmtx_std::StlNodeAlloc<struct stlpmtx_std::pair<class Symbol const, class stlpmtx_std::vector<class Symbol, class stlpmtx_std::StlNodeAlloc<class Symbol>>>>>::_M_find<class Symbol>(class Symbol const &) const
84	A_FOLD_CONSISTENT	game	default/band3/meta_band/LicenseMgr	?ClearFromCache@LicenseMgr@@QAAXVSymbol@@@Z	99.7619	SAME	CORROBORATED	private: class stlpmtx_std::priv::_Slist_iterator<struct stlpmtx_std::pair<class Symbol const, int>, struct stlpmtx_std::_Nonconst_traits<struct stlpmtx_std::pair<class Symbol const, int>>> __cdecl stlpmtx_std::hashtable<struct stlpmtx_std::pair<class Symbol const, int>, class Symbol, struct stlpmtx_std::hash<class Symbol>, struct stlpmtx_std::priv::_HashMapTraitsT<struct stlpmtx_std::pair<class Symbol const, int>>, struct stlpmtx_std::_Select1st<struct stlpmtx_std::pair<class Symbol const, int>>, struct stlpmtx_std::equal_to<class Symbol>, class stlpmtx_std::StlNodeAlloc<struct stlpmtx_std::pair<class Symbol const, int>>>::_M_find<class Symbol>(class Symbol const &) const	private: class stlpmtx_std::priv::_Slist_iterator<struct stlpmtx_std::pair<class Symbol const, class stlpmtx_std::vector<class Symbol, class stlpmtx_std::StlNodeAlloc<class Symbol>>>, struct stlpmtx_std::_Nonconst_traits<struct stlpmtx_std::pair<class Symbol const, class stlpmtx_std::vector<class Symbol, class stlpmtx_std::StlNodeAlloc<class Symbol>>>>> __cdecl stlpmtx_std::hashtable<struct stlpmtx_std::pair<class Symbol const, class stlpmtx_std::vector<class Symbol, class stlpmtx_std::StlNodeAlloc<class Symbol>>>, class Symbol, struct stlpmtx_std::hash<class Symbol>, struct stlpmtx_std::priv::_HashMapTraitsT<struct stlpmtx_std::pair<class Symbol const, class stlpmtx_std::vector<class Symbol, class stlpmtx_std::StlNodeAlloc<class Symbol>>>>, struct stlpmtx_std::_Select1st<struct stlpmtx_std::pair<class Symbol const, class stlpmtx_std::vector<class Symbol, class stlpmtx_std::StlNodeAlloc<class Symbol>>>>, struct stlpmtx_std::equal_to<class Symbol>, class stlpmtx_std::StlNodeAlloc<struct stlpmtx_std::pair<class Symbol const, class stlpmtx_std::vector<class Symbol, class stlpmtx_std::StlNodeAlloc<class Symbol>>>>>::_M_find<class Symbol>(class Symbol const &) const
84	A_FOLD_CONSISTENT	game	default/band3/meta_band/SongUpgradeMgr	?GetUpgradeSongsInContent@SongUpgradeMgr@@QBAXVSymbol@@AAV?$vector@HV?$StlNodeAlloc@H@stlpmtx_std@@@stlpmtx_std@@@Z	99.7619	SAME	CORROBORATED	private: class stlpmtx_std::priv::_Slist_iterator<struct stlpmtx_std::pair<class Symbol const, int>, struct stlpmtx_std::_Nonconst_traits<struct stlpmtx_std::pair<class Symbol const, int>>> __cdecl stlpmtx_std::hashtable<struct stlpmtx_std::pair<class Symbol const, int>, class Symbol, struct stlpmtx_std::hash<class Symbol>, struct stlpmtx_std::priv::_HashMapTraitsT<struct stlpmtx_std::pair<class Symbol const, int>>, struct stlpmtx_std::_Select1st<struct stlpmtx_std::pair<class Symbol const, int>>, struct stlpmtx_std::equal_to<class Symbol>, class stlpmtx_std::StlNodeAlloc<struct stlpmtx_std::pair<class Symbol const, int>>>::_M_find<class Symbol>(class Symbol const &) const	private: class stlpmtx_std::priv::_Slist_iterator<struct stlpmtx_std::pair<class Symbol const, class stlpmtx_std::vector<int, class stlpmtx_std::StlNodeAlloc<int>>>, struct stlpmtx_std::_Nonconst_traits<struct stlpmtx_std::pair<class Symbol const, class stlpmtx_std::vector<int, class stlpmtx_std::StlNodeAlloc<int>>>>> __cdecl stlpmtx_std::hashtable<struct stlpmtx_std::pair<class Symbol const, class stlpmtx_std::vector<int, class stlpmtx_std::StlNodeAlloc<int>>>, class Symbol, struct stlpmtx_std::hash<class Symbol>, struct stlpmtx_std::priv::_HashMapTraitsT<struct stlpmtx_std::pair<class Symbol const, class stlpmtx_std::vector<int, class stlpmtx_std::StlNodeAlloc<int>>>>, struct stlpmtx_std::_Select1st<struct stlpmtx_std::pair<class Symbol const, class stlpmtx_std::vector<int, class stlpmtx_std::StlNodeAlloc<int>>>>, struct stlpmtx_std::equal_to<class Symbol>, class stlpmtx_std::StlNodeAlloc<struct stlpmtx_std::pair<class Symbol const, class stlpmtx_std::vector<int, class stlpmtx_std::StlNodeAlloc<int>>>>>::_M_find<class Symbol>(class Symbol const &) const
84	A_FOLD_CONSISTENT	game	default/band3/meta_band/SongUpgradeMgr	?ClearFromCache@SongUpgradeMgr@@QAAXVSymbol@@@Z	99.7619	SAME	CORROBORATED	private: class stlpmtx_std::priv::_Slist_iterator<struct stlpmtx_std::pair<class Symbol const, int>, struct stlpmtx_std::_Nonconst_traits<struct stlpmtx_std::pair<class Symbol const, int>>> __cdecl stlpmtx_std::hashtable<struct stlpmtx_std::pair<class Symbol const, int>, class Symbol, struct stlpmtx_std::hash<class Symbol>, struct stlpmtx_std::priv::_HashMapTraitsT<struct stlpmtx_std::pair<class Symbol const, int>>, struct stlpmtx_std::_Select1st<struct stlpmtx_std::pair<class Symbol const, int>>, struct stlpmtx_std::equal_to<class Symbol>, class stlpmtx_std::StlNodeAlloc<struct stlpmtx_std::pair<class Symbol const, int>>>::_M_find<class Symbol>(class Symbol const &) const	private: class stlpmtx_std::priv::_Slist_iterator<struct stlpmtx_std::pair<class Symbol const, class stlpmtx_std::vector<int, class stlpmtx_std::StlNodeAlloc<int>>>, struct stlpmtx_std::_Nonconst_traits<struct stlpmtx_std::pair<class Symbol const, class stlpmtx_std::vector<int, class stlpmtx_std::StlNodeAlloc<int>>>>> __cdecl stlpmtx_std::hashtable<struct stlpmtx_std::pair<class Symbol const, class stlpmtx_std::vector<int, class stlpmtx_std::StlNodeAlloc<int>>>, class Symbol, struct stlpmtx_std::hash<class Symbol>, struct stlpmtx_std::priv::_HashMapTraitsT<struct stlpmtx_std::pair<class Symbol const, class stlpmtx_std::vector<int, class stlpmtx_std::StlNodeAlloc<int>>>>, struct stlpmtx_std::_Select1st<struct stlpmtx_std::pair<class Symbol const, class stlpmtx_std::vector<int, class stlpmtx_std::StlNodeAlloc<int>>>>, struct stlpmtx_std::equal_to<class Symbol>, class stlpmtx_std::StlNodeAlloc<struct stlpmtx_std::pair<class Symbol const, class stlpmtx_std::vector<int, class stlpmtx_std::StlNodeAlloc<int>>>>>::_M_find<class Symbol>(class Symbol const &) const
84	A_FOLD_CONSISTENT	engine	default/SongMgr	?GetSongsInContent@SongMgr@@IBAXVSymbol@@AAV?$vector@HV?$StlNodeAlloc@H@stlpmtx_std@@@stlpmtx_std@@@Z	99.7619	SAME	CORROBORATED	private: class stlpmtx_std::priv::_Slist_iterator<struct stlpmtx_std::pair<class Symbol const, int>, struct stlpmtx_std::_Nonconst_traits<struct stlpmtx_std::pair<class Symbol const, int>>> __cdecl stlpmtx_std::hashtable<struct stlpmtx_std::pair<class Symbol const, int>, class Symbol, struct stlpmtx_std::hash<class Symbol>, struct stlpmtx_std::priv::_HashMapTraitsT<struct stlpmtx_std::pair<class Symbol const, int>>, struct stlpmtx_std::_Select1st<struct stlpmtx_std::pair<class Symbol const, int>>, struct stlpmtx_std::equal_to<class Symbol>, class stlpmtx_std::StlNodeAlloc<struct stlpmtx_std::pair<class Symbol const, int>>>::_M_find<class Symbol>(class Symbol const &) const	private: class stlpmtx_std::priv::_Slist_iterator<struct stlpmtx_std::pair<class Symbol const, class stlpmtx_std::vector<int, class stlpmtx_std::StlNodeAlloc<int>>>, struct stlpmtx_std::_Nonconst_traits<struct stlpmtx_std::pair<class Symbol const, class stlpmtx_std::vector<int, class stlpmtx_std::StlNodeAlloc<int>>>>> __cdecl stlpmtx_std::hashtable<struct stlpmtx_std::pair<class Symbol const, class stlpmtx_std::vector<int, class stlpmtx_std::StlNodeAlloc<int>>>, class Symbol, struct stlpmtx_std::hash<class Symbol>, struct stlpmtx_std::priv::_HashMapTraitsT<struct stlpmtx_std::pair<class Symbol const, class stlpmtx_std::vector<int, class stlpmtx_std::StlNodeAlloc<int>>>>, struct stlpmtx_std::_Select1st<struct stlpmtx_std::pair<class Symbol const, class stlpmtx_std::vector<int, class stlpmtx_std::StlNodeAlloc<int>>>>, struct stlpmtx_std::equal_to<class Symbol>, class stlpmtx_std::StlNodeAlloc<struct stlpmtx_std::pair<class Symbol const, class stlpmtx_std::vector<int, class stlpmtx_std::StlNodeAlloc<int>>>>>::_M_find<class Symbol>(class Symbol const &) const
84	A_FOLD_CONSISTENT	engine	default/SongMgr	?NumSongsInContent@SongMgr@@IBAHVSymbol@@@Z	99.7619	SAME	CORROBORATED	private: class stlpmtx_std::priv::_Slist_iterator<struct stlpmtx_std::pair<class Symbol const, int>, struct stlpmtx_std::_Nonconst_traits<struct stlpmtx_std::pair<class Symbol const, int>>> __cdecl stlpmtx_std::hashtable<struct stlpmtx_std::pair<class Symbol const, int>, class Symbol, struct stlpmtx_std::hash<class Symbol>, struct stlpmtx_std::priv::_HashMapTraitsT<struct stlpmtx_std::pair<class Symbol const, int>>, struct stlpmtx_std::_Select1st<struct stlpmtx_std::pair<class Symbol const, int>>, struct stlpmtx_std::equal_to<class Symbol>, class stlpmtx_std::StlNodeAlloc<struct stlpmtx_std::pair<class Symbol const, int>>>::_M_find<class Symbol>(class Symbol const &) const	private: class stlpmtx_std::priv::_Slist_iterator<struct stlpmtx_std::pair<class Symbol const, class stlpmtx_std::vector<int, class stlpmtx_std::StlNodeAlloc<int>>>, struct stlpmtx_std::_Nonconst_traits<struct stlpmtx_std::pair<class Symbol const, class stlpmtx_std::vector<int, class stlpmtx_std::StlNodeAlloc<int>>>>> __cdecl stlpmtx_std::hashtable<struct stlpmtx_std::pair<class Symbol const, class stlpmtx_std::vector<int, class stlpmtx_std::StlNodeAlloc<int>>>, class Symbol, struct stlpmtx_std::hash<class Symbol>, struct stlpmtx_std::priv::_HashMapTraitsT<struct stlpmtx_std::pair<class Symbol const, class stlpmtx_std::vector<int, class stlpmtx_std::StlNodeAlloc<int>>>>, struct stlpmtx_std::_Select1st<struct stlpmtx_std::pair<class Symbol const, class stlpmtx_std::vector<int, class stlpmtx_std::StlNodeAlloc<int>>>>, struct stlpmtx_std::equal_to<class Symbol>, class stlpmtx_std::StlNodeAlloc<struct stlpmtx_std::pair<class Symbol const, class stlpmtx_std::vector<int, class stlpmtx_std::StlNodeAlloc<int>>>>>::_M_find<class Symbol>(class Symbol const &) const
84	A_FOLD_CONSISTENT	engine	default/SongMgr	?ClearFromCache@SongMgr@@QAAXVSymbol@@@Z	99.7619	SAME	CORROBORATED	private: class stlpmtx_std::priv::_Slist_iterator<struct stlpmtx_std::pair<class Symbol const, int>, struct stlpmtx_std::_Nonconst_traits<struct stlpmtx_std::pair<class Symbol const, int>>> __cdecl stlpmtx_std::hashtable<struct stlpmtx_std::pair<class Symbol const, int>, class Symbol, struct stlpmtx_std::hash<class Symbol>, struct stlpmtx_std::priv::_HashMapTraitsT<struct stlpmtx_std::pair<class Symbol const, int>>, struct stlpmtx_std::_Select1st<struct stlpmtx_std::pair<class Symbol const, int>>, struct stlpmtx_std::equal_to<class Symbol>, class stlpmtx_std::StlNodeAlloc<struct stlpmtx_std::pair<class Symbol const, int>>>::_M_find<class Symbol>(class Symbol const &) const	private: class stlpmtx_std::priv::_Slist_iterator<struct stlpmtx_std::pair<class Symbol const, class stlpmtx_std::vector<int, class stlpmtx_std::StlNodeAlloc<int>>>, struct stlpmtx_std::_Nonconst_traits<struct stlpmtx_std::pair<class Symbol const, class stlpmtx_std::vector<int, class stlpmtx_std::StlNodeAlloc<int>>>>> __cdecl stlpmtx_std::hashtable<struct stlpmtx_std::pair<class Symbol const, class stlpmtx_std::vector<int, class stlpmtx_std::StlNodeAlloc<int>>>, class Symbol, struct stlpmtx_std::hash<class Symbol>, struct stlpmtx_std::priv::_HashMapTraitsT<struct stlpmtx_std::pair<class Symbol const, class stlpmtx_std::vector<int, class stlpmtx_std::StlNodeAlloc<int>>>>, struct stlpmtx_std::_Select1st<struct stlpmtx_std::pair<class Symbol const, class stlpmtx_std::vector<int, class stlpmtx_std::StlNodeAlloc<int>>>>, struct stlpmtx_std::equal_to<class Symbol>, class stlpmtx_std::StlNodeAlloc<struct stlpmtx_std::pair<class Symbol const, class stlpmtx_std::vector<int, class stlpmtx_std::StlNodeAlloc<int>>>>>::_M_find<class Symbol>(class Symbol const &) const
84	A_FOLD_CONSISTENT	engine	default/CharBonesBlender	?PollDeps@CharBonesBlender@@UAAXAAV?$list@PAVObject@Hmx@@V?$StlNodeAlloc@PAVObject@Hmx@@@stlpmtx_std@@@stlpmtx_std@@0@Z	99.7619	SAME	REFUTED	public: struct stlpmtx_std::_List_iterator<class CharClip *, struct stlpmtx_std::_Nonconst_traits<class CharClip *>> __cdecl stlpmtx_std::list<class CharClip *, class stlpmtx_std::StlNodeAlloc<class CharClip *>>::insert(struct stlpmtx_std::_List_iterator<class CharClip *, struct stlpmtx_std::_Nonconst_traits<class CharClip *>>, class CharClip *const &)	public: struct stlpmtx_std::_List_iterator<class Hmx::Object *, struct stlpmtx_std::_Nonconst_traits<class Hmx::Object *>> __cdecl stlpmtx_std::list<class Hmx::Object *, class stlpmtx_std::StlNodeAlloc<class Hmx::Object *>>::insert(struct stlpmtx_std::_List_iterator<class Hmx::Object *, struct stlpmtx_std::_Nonconst_traits<class Hmx::Object *>>, class Hmx::Object *const &)
84	A_FOLD_CONSISTENT	engine	default/CharDriver	?PollDeps@CharDriver@@UAAXAAV?$list@PAVObject@Hmx@@V?$StlNodeAlloc@PAVObject@Hmx@@@stlpmtx_std@@@stlpmtx_std@@0@Z	99.7619	SAME	REFUTED	public: struct stlpmtx_std::_List_iterator<class CharClip *, struct stlpmtx_std::_Nonconst_traits<class CharClip *>> __cdecl stlpmtx_std::list<class CharClip *, class stlpmtx_std::StlNodeAlloc<class CharClip *>>::insert(struct stlpmtx_std::_List_iterator<class CharClip *, struct stlpmtx_std::_Nonconst_traits<class CharClip *>>, class CharClip *const &)	public: struct stlpmtx_std::_List_iterator<class Hmx::Object *, struct stlpmtx_std::_Nonconst_traits<class Hmx::Object *>> __cdecl stlpmtx_std::list<class Hmx::Object *, class stlpmtx_std::StlNodeAlloc<class Hmx::Object *>>::insert(struct stlpmtx_std::_List_iterator<class Hmx::Object *, struct stlpmtx_std::_Nonconst_traits<class Hmx::Object *>>, class Hmx::Object *const &)
84	A_FOLD_CONSISTENT	engine	default/CharLipSyncDriver	?PollDeps@CharLipSyncDriver@@UAAXAAV?$list@PAVObject@Hmx@@V?$StlNodeAlloc@PAVObject@Hmx@@@stlpmtx_std@@@stlpmtx_std@@0@Z	99.7619	SAME	REFUTED	public: struct stlpmtx_std::_List_iterator<class CharClip *, struct stlpmtx_std::_Nonconst_traits<class CharClip *>> __cdecl stlpmtx_std::list<class CharClip *, class stlpmtx_std::StlNodeAlloc<class CharClip *>>::insert(struct stlpmtx_std::_List_iterator<class CharClip *, struct stlpmtx_std::_Nonconst_traits<class CharClip *>>, class CharClip *const &)	public: struct stlpmtx_std::_List_iterator<class Hmx::Object *, struct stlpmtx_std::_Nonconst_traits<class Hmx::Object *>> __cdecl stlpmtx_std::list<class Hmx::Object *, class stlpmtx_std::StlNodeAlloc<class Hmx::Object *>>::insert(struct stlpmtx_std::_List_iterator<class Hmx::Object *, struct stlpmtx_std::_Nonconst_traits<class Hmx::Object *>>, class Hmx::Object *const &)
84	A_FOLD_CONSISTENT	engine	default/CharMirror	?PollDeps@CharMirror@@UAAXAAV?$list@PAVObject@Hmx@@V?$StlNodeAlloc@PAVObject@Hmx@@@stlpmtx_std@@@stlpmtx_std@@0@Z	99.7619	SAME	REFUTED	public: struct stlpmtx_std::_List_iterator<class CharClip *, struct stlpmtx_std::_Nonconst_traits<class CharClip *>> __cdecl stlpmtx_std::list<class CharClip *, class stlpmtx_std::StlNodeAlloc<class CharClip *>>::insert(struct stlpmtx_std::_List_iterator<class CharClip *, struct stlpmtx_std::_Nonconst_traits<class CharClip *>>, class CharClip *const &)	public: struct stlpmtx_std::_List_iterator<class Hmx::Object *, struct stlpmtx_std::_Nonconst_traits<class Hmx::Object *>> __cdecl stlpmtx_std::list<class Hmx::Object *, class stlpmtx_std::StlNodeAlloc<class Hmx::Object *>>::insert(struct stlpmtx_std::_List_iterator<class Hmx::Object *, struct stlpmtx_std::_Nonconst_traits<class Hmx::Object *>>, class Hmx::Object *const &)
84	UNDECIDABLE	engine	default/BandCamShot	??$?5UTarget@BandCamShot@@@@YAAAVBinStream@@AAV0@AAV?$ObjList@UTarget@BandCamShot@@@@@Z	99.7619	UNKNOWN	REFUTED	public: void __cdecl ObjList<struct HamCamShot::Target>::resize(unsigned int)	public: void __cdecl ObjList<struct BandCamShot::Target>::resize(unsigned int)
84	UNDECIDABLE	engine	default/system/beatmatch/FillInfo	?AddInfo@?$TickedInfoCollection@H@@QAA_NHH@Z	99.7619	UNKNOWN	REFUTED	public: void __cdecl stlpmtx_std::vector<class Vector2, class stlpmtx_std::StlNodeAlloc<class Vector2>>::push_back(class Vector2 const &)	public: void __cdecl stlpmtx_std::vector<class TickedInfo<int>, class stlpmtx_std::StlNodeAlloc<class TickedInfo<int>>>::push_back(class TickedInfo<int> const &)
84	A_FOLD_CONSISTENT	engine	default/LightPreset	??A?$vector@_NV?$StlNodeAlloc@_N@stlpmtx_std@@@stlpmtx_std@@QBA_NI@Z	99.7619	SAME	CORROBORATED	public: struct stlpmtx_std::_Bit_iter<struct stlpmtx_std::_Bit_reference, struct stlpmtx_std::_Bit_reference *> __cdecl stlpmtx_std::_Bit_iter<struct stlpmtx_std::_Bit_reference, struct stlpmtx_std::_Bit_reference *>::operator+(int) const	public: struct stlpmtx_std::_Bit_iter<bool, bool const *> __cdecl stlpmtx_std::_Bit_iter<bool, bool const *>::operator+(int) const
84	UNDECIDABLE	engine	default/SongData	?AddInfo@?$TickedInfoCollection@M@@QAA_NHM@Z	99.7619	UNKNOWN	REFUTED	public: void __cdecl stlpmtx_std::vector<class Vector2, class stlpmtx_std::StlNodeAlloc<class Vector2>>::push_back(class Vector2 const &)	public: void __cdecl stlpmtx_std::vector<class TickedInfo<float>, class stlpmtx_std::StlNodeAlloc<class TickedInfo<float>>>::push_back(class TickedInfo<float> const &)
84	BC_DIFFERENT_UNRESOLVED	engine	default/CharServoBone	??E?$ObjDirItr@VCharBone@@@@QAAAAV0@XZ	99.7619	DIFFERENT	REFUTED	private: void __cdecl ObjDirItr<class Hmx::Object>::Advance(void)	private: void __cdecl ObjDirItr<class CharBone>::Advance(void)
84	BC_DIFFERENT_UNRESOLVED	engine	default/LightPreset	??E?$ObjDirItr@VObject@Hmx@@@@QAAAAV0@XZ	99.7619	DIFFERENT	REFUTED	private: void __cdecl ObjDirItr<class SpotlightDrawer>::Advance(void)	private: void __cdecl ObjDirItr<class Hmx::Object>::Advance(void)
84	UNDECIDABLE	engine	default/CharClipSet	??E?$ObjDirItr@VCharClipGroup@@@@QAAAAV0@XZ	99.7619	UNKNOWN	REFUTED	private: void __cdecl ObjDirItr<class BandList>::Advance(void)	private: void __cdecl ObjDirItr<class CharClipGroup>::Advance(void)
84	UNDECIDABLE	engine	default/CheatProvider	??E?$ObjDirItr@VSynthSample@@@@QAAAAV0@XZ	99.7619	UNKNOWN	REFUTED	private: void __cdecl ObjDirItr<class RndGroup>::Advance(void)	private: void __cdecl ObjDirItr<class SynthSample>::Advance(void)
84	A_FOLD_CONSISTENT	engine	default/OriginalChoreoRemixer	??0?$_Rb_tree@PBVMoveParent@@U?$less@PBVMoveParent@@@stlpmtx_std@@PBV1@U?$_Identity@PBVMoveParent@@@3@U?$_SetTraitsT@PBVMoveParent@@@priv@3@V?$StlNodeAlloc@PBVMoveParent@@@3@@stlpmtx_std@@QAA@V?$__move_source@V?$_Rb_tree@PBVMoveParent@@U?$less@PBVMoveParent@@@stlpmtx_std@@PBV1@U?$_Identity@PBVMoveParent@@@3@U?$_SetTraitsT@PBVMoveParent@@@priv@3@V?$StlNodeAlloc@PBVMoveParent@@@3@@stlpmtx_std@@@1@@Z	99.7619	SAME	REFUTED	protected: __cdecl stlpmtx_std::_Rb_tree_base<struct stlpmtx_std::pair<int const, float>, class stlpmtx_std::StlNodeAlloc<struct stlpmtx_std::pair<int const, float>>>::_Rb_tree_base<struct stlpmtx_std::pair<int const, float>, class stlpmtx_std::StlNodeAlloc<struct stlpmtx_std::pair<int const, float>>>(class stlpmtx_std::__move_source<struct stlpmtx_std::_Rb_tree_base<struct stlpmtx_std::pair<int const, float>, class stlpmtx_std::StlNodeAlloc<struct stlpmtx_std::pair<int const, float>>>>)	protected: __cdecl stlpmtx_std::_Rb_tree_base<class MoveParent const *, class stlpmtx_std::StlNodeAlloc<class MoveParent const *>>::_Rb_tree_base<class MoveParent const *, class stlpmtx_std::StlNodeAlloc<class MoveParent const *>>(class stlpmtx_std::__move_source<struct stlpmtx_std::_Rb_tree_base<class MoveParent const *, class stlpmtx_std::StlNodeAlloc<class MoveParent const *>>>)
84	UNDECIDABLE	engine	default/system/rndobj/Utl	??E?$ObjDirItr@VPanelDir@@@@QAAAAV0@XZ	99.7619	UNKNOWN	REFUTED	private: void __cdecl ObjDirItr<class RndMesh>::Advance(void)	private: void __cdecl ObjDirItr<class PanelDir>::Advance(void)
84	A_FOLD_CONSISTENT	engine	default/ConnectionStatusPanel	?RawAlloc@ReclaimableAlloc@@MAAPAHH@Z	99.7619	SAME	REFUTED	public: void __cdecl stlpmtx_std::vector<class ChatReceiver *, class stlpmtx_std::StlNodeAlloc<class ChatReceiver *>>::push_back(class ChatReceiver *const &)	public: void __cdecl stlpmtx_std::vector<void *, class stlpmtx_std::StlNodeAlloc<void *>>::push_back(void *const &)
84	BC_DIFFERENT_UNRESOLVED	engine	default/DirUnloader	??1DirUnloader@@UAA@XZ	99.7619	DIFFERENT	REFUTED	public: __cdecl stlpmtx_std::vector<struct ObjPtrVec<class Hmx::Object, class ObjectDir>::Node, class stlpmtx_std::StlNodeAlloc<struct ObjPtrVec<class Hmx::Object, class ObjectDir>::Node>>::~vector<struct ObjPtrVec<class Hmx::Object, class ObjectDir>::Node, class stlpmtx_std::StlNodeAlloc<struct ObjPtrVec<class Hmx::Object, class ObjectDir>::Node>>(void)	public: __cdecl stlpmtx_std::vector<class ObjPtr<class Hmx::Object>, class stlpmtx_std::StlNodeAlloc<class ObjPtr<class Hmx::Object>>>::~vector<class ObjPtr<class Hmx::Object>, class stlpmtx_std::StlNodeAlloc<class ObjPtr<class Hmx::Object>>>(void)
84	UNDECIDABLE	engine	default/Anim	??E?$ObjDirItr@VRndAnimatable@@@@QAAAAV0@XZ	99.7619	UNKNOWN	REFUTED	private: void __cdecl ObjDirItr<class RndPollable>::Advance(void)	private: void __cdecl ObjDirItr<class RndAnimatable>::Advance(void)
84	UNDECIDABLE	engine	default/Anim	??E?$ObjDirItr@VRndPollable@@@@QAAAAV0@XZ	99.7619	UNKNOWN	REFUTED	private: void __cdecl ObjDirItr<class RndAnimatable>::Advance(void)	private: void __cdecl ObjDirItr<class RndPollable>::Advance(void)
84	BC_DIFFERENT_UNRESOLVED	engine	default/TrackWidget	?Clear@?$TrackWidgetImp@VMeshInstance@@@@UAAXXZ	99.7619	DIFFERENT	REFUTED	public: void __cdecl stlpmtx_std::_List_base<class MusicLibraryNetSetlists::SetlistArtRecord, class stlpmtx_std::StlNodeAlloc<class MusicLibraryNetSetlists::SetlistArtRecord>>::clear(void)	public: void __cdecl stlpmtx_std::_List_base<class MeshInstance, class stlpmtx_std::StlNodeAlloc<class MeshInstance>>::clear(void)
84	C_PROVEN_CALLEE	engine	default/TrackWidget	?Clear@?$TrackWidgetImp@UInstance@RndMultiMesh@@@@UAAXXZ	99.7619	DIFFERENT	CORROBORATED	public: void __cdecl stlpmtx_std::_List_base<struct RndMultiMesh::Instance, class stlpmtx_std::TransformListAlloc<struct RndMultiMesh::Instance>>::clear(void)	public: void __cdecl stlpmtx_std::_List_base<struct RndMultiMesh::Instance, class stlpmtx_std::StlNodeAlloc<struct RndMultiMesh::Instance>>::clear(void)
84	C_PROVEN_CALLEE	engine	default/TrackWidget	?DoPushInstance@?$TrackWidgetImp@UInstance@RndMultiMesh@@@@QAAXAAV?$list@UInstance@RndMultiMesh@@V?$StlNodeAlloc@UInstance@RndMultiMesh@@@stlpmtx_std@@@stlpmtx_std@@AAUInstance@RndMultiMesh@@@Z	99.7619	DIFFERENT	CORROBORATED	public: struct stlpmtx_std::_List_iterator<struct RndMultiMesh::Instance, struct stlpmtx_std::_Nonconst_traits<struct RndMultiMesh::Instance>> __cdecl stlpmtx_std::list<struct RndMultiMesh::Instance, class stlpmtx_std::TransformListAlloc<struct RndMultiMesh::Instance>>::insert(struct stlpmtx_std::_List_iterator<struct RndMultiMesh::Instance, struct stlpmtx_std::_Nonconst_traits<struct RndMultiMesh::Instance>>, struct RndMultiMesh::Instance const &)	public: struct stlpmtx_std::_List_iterator<struct RndMultiMesh::Instance, struct stlpmtx_std::_Nonconst_traits<struct RndMultiMesh::Instance>> __cdecl stlpmtx_std::list<struct RndMultiMesh::Instance, class stlpmtx_std::StlNodeAlloc<struct RndMultiMesh::Instance>>::insert(struct stlpmtx_std::_List_iterator<struct RndMultiMesh::Instance, struct stlpmtx_std::_Nonconst_traits<struct RndMultiMesh::Instance>>, struct RndMultiMesh::Instance const &)
84	UNDECIDABLE	engine	default/BeatMap	?AddBeat@BeatMap@@QAA_NHH@Z	99.7619	UNKNOWN	REFUTED	public: void __cdecl stlpmtx_std::vector<class Vector2, class stlpmtx_std::StlNodeAlloc<class Vector2>>::push_back(class Vector2 const &)	public: void __cdecl stlpmtx_std::vector<struct BeatInfo, class stlpmtx_std::StlNodeAlloc<struct BeatInfo>>::push_back(struct BeatInfo const &)
80	UNDECIDABLE	engine	default/CharClip	??$_Destroy_Moved_Range@PAV?$map@HMU?$less@H@stlpmtx_std@@V?$StlNodeAlloc@U?$pair@$$CBHM@stlpmtx_std@@@2@@stlpmtx_std@@@stlpmtx_std@@YAXPAV?$map@HMU?$less@H@stlpmtx_std@@V?$StlNodeAlloc@U?$pair@$$CBHM@stlpmtx_std@@@2@@0@0@Z	99.7500	UNKNOWN	REFUTED	public: void __cdecl stlpmtx_std::_Rb_tree<class Symbol, struct stlpmtx_std::less<class Symbol>, struct stlpmtx_std::pair<class Symbol const, class CharLipSync *>, struct stlpmtx_std::_Select1st<struct stlpmtx_std::pair<class Symbol const, class CharLipSync *>>, struct stlpmtx_std::priv::_MapTraitsT<struct stlpmtx_std::pair<class Symbol const, class CharLipSync *>>, class stlpmtx_std::StlNodeAlloc<struct stlpmtx_std::pair<class Symbol const, class CharLipSync *>>>::clear(void)	public: void __cdecl stlpmtx_std::_Rb_tree<int, struct stlpmtx_std::less<int>, struct stlpmtx_std::pair<int const, float>, struct stlpmtx_std::_Select1st<struct stlpmtx_std::pair<int const, float>>, struct stlpmtx_std::priv::_MapTraitsT<struct stlpmtx_std::pair<int const, float>>, class stlpmtx_std::StlNodeAlloc<struct stlpmtx_std::pair<int const, float>>>::clear(void)
80	A_FOLD_CONSISTENT	engine	default/OutfitConfig	??0MeshAO@OutfitConfig@@QAA@ABV01@@Z	99.7500	SAME	CORROBORATED	public: __cdecl stlpmtx_std::vector<class Extent, class stlpmtx_std::StlNodeAlloc<class Extent>>::vector<class Extent, class stlpmtx_std::StlNodeAlloc<class Extent>>(class stlpmtx_std::vector<class Extent, class stlpmtx_std::StlNodeAlloc<class Extent>> const &)	public: __cdecl stlpmtx_std::vector<class OutfitConfig::MeshAO::Seam, class stlpmtx_std::StlNodeAlloc<class OutfitConfig::MeshAO::Seam>>::vector<class OutfitConfig::MeshAO::Seam, class stlpmtx_std::StlNodeAlloc<class OutfitConfig::MeshAO::Seam>>(class stlpmtx_std::vector<class OutfitConfig::MeshAO::Seam, class stlpmtx_std::StlNodeAlloc<class OutfitConfig::MeshAO::Seam>> const &)
80	A_FOLD_CONSISTENT	engine	default/PropSync	??1MatOverride@WorldDir@@QAA@XZ	99.7500	SAME	REFUTED	public: virtual __cdecl ObjRefConcrete<class CharLookAt, class ObjectDir>::~ObjRefConcrete<class CharLookAt, class ObjectDir>(void)	public: virtual __cdecl ObjRefConcrete<class RndMesh, class ObjectDir>::~ObjRefConcrete<class RndMesh, class ObjectDir>(void)
80	A_FOLD_CONSISTENT	engine	default/UIListMesh	??1UIListMesh@@UAA@XZ	99.7500	SAME	REFUTED	public: virtual __cdecl ObjRefConcrete<class CharLookAt, class ObjectDir>::~ObjRefConcrete<class CharLookAt, class ObjectDir>(void)	public: virtual __cdecl ObjRefConcrete<class RndMesh, class ObjectDir>::~ObjRefConcrete<class RndMesh, class ObjectDir>(void)
80	BC_DIFFERENT_UNRESOLVED	game	default/band3/bandtrack/Gem	?resize@?$ObjVector@VOverlay@OutfitConfig@@@@QAAXI@Z	99.7500	DIFFERENT	REFUTED	public: void __cdecl stlpmtx_std::vector<class SampleMarker, class stlpmtx_std::StlNodeAlloc<class SampleMarker>>::resize(unsigned int, class SampleMarker const &)	public: void __cdecl stlpmtx_std::vector<class OutfitConfig::Overlay, class stlpmtx_std::StlNodeAlloc<class OutfitConfig::Overlay>>::resize(unsigned int, class OutfitConfig::Overlay const &)
80	A_FOLD_CONSISTENT	engine	default/PatchDir	?Init@PatchDir@@SAXXZ	99.7500	SAME	REFUTED	public: struct stlpmtx_std::_List_iterator<class CharClip *, struct stlpmtx_std::_Nonconst_traits<class CharClip *>> __cdecl stlpmtx_std::list<class CharClip *, class stlpmtx_std::StlNodeAlloc<class CharClip *>>::insert(struct stlpmtx_std::_List_iterator<class CharClip *, struct stlpmtx_std::_Nonconst_traits<class CharClip *>>, class CharClip *const &)	public: struct stlpmtx_std::_List_iterator<void (__cdecl *)(void), struct stlpmtx_std::_Nonconst_traits<void (__cdecl *)(void)>> __cdecl stlpmtx_std::list<void (__cdecl *)(void), class stlpmtx_std::StlNodeAlloc<void (__cdecl *)(void)>>::insert(struct stlpmtx_std::_List_iterator<void (__cdecl *)(void), struct stlpmtx_std::_Nonconst_traits<void (__cdecl *)(void)>>, void (__cdecl *const &)(void))
80	UNDECIDABLE	engine	default/BeatMatcher	?AddTrack@BeatMatcher@@QAAXHVSymbol@@W4SongInfoAudioType@@W4TrackType@@_N@Z	99.7500	UNKNOWN	REFUTED	public: void __cdecl stlpmtx_std::vector<class Symbol, class stlpmtx_std::StlNodeAlloc<class Symbol>>::push_back(class Symbol const &)	public: void __cdecl stlpmtx_std::vector<enum TrackType, class stlpmtx_std::StlNodeAlloc<enum TrackType>>::push_back(enum TrackType const &)
80	A_FOLD_CONSISTENT	game	default/band3/game/Scoring	??$_Copy_Construct@VStreakList@Scoring@@@stlpmtx_std@@YAXPAVStreakList@Scoring@@ABV12@@Z	99.7500	SAME	CORROBORATED	public: __cdecl stlpmtx_std::vector<class Extent, class stlpmtx_std::StlNodeAlloc<class Extent>>::vector<class Extent, class stlpmtx_std::StlNodeAlloc<class Extent>>(class stlpmtx_std::vector<class Extent, class stlpmtx_std::StlNodeAlloc<class Extent>> const &)	public: __cdecl stlpmtx_std::vector<class Scoring::StreakItem, class stlpmtx_std::StlNodeAlloc<class Scoring::StreakItem>>::vector<class Scoring::StreakItem, class stlpmtx_std::StlNodeAlloc<class Scoring::StreakItem>>(class stlpmtx_std::vector<class Scoring::StreakItem, class stlpmtx_std::StlNodeAlloc<class Scoring::StreakItem>> const &)
80	A_FOLD_CONSISTENT	engine	default/Mesh	??0BSPFace@@QAA@ABV0@@Z	99.7500	SAME	CORROBORATED	public: __cdecl stlpmtx_std::vector<class Extent, class stlpmtx_std::StlNodeAlloc<class Extent>>::vector<class Extent, class stlpmtx_std::StlNodeAlloc<class Extent>>(class stlpmtx_std::vector<class Extent, class stlpmtx_std::StlNodeAlloc<class Extent>> const &)	public: __cdecl stlpmtx_std::vector<class Vector2, class stlpmtx_std::StlNodeAlloc<class Vector2>>::vector<class Vector2, class stlpmtx_std::StlNodeAlloc<class Vector2>>(class stlpmtx_std::vector<class Vector2, class stlpmtx_std::StlNodeAlloc<class Vector2>> const &)
80	BC_DIFFERENT_UNRESOLVED	game	default/AccomplishmentPlayerConditional	??4SongFilter@SongSortMgr@@QAAAAV01@ABV01@@Z	99.7500	DIFFERENT	REFUTED	public: class stlpmtx_std::vector<class stlpmtx_std::map<int, float, struct stlpmtx_std::less<int>, class stlpmtx_std::StlNodeAlloc<struct stlpmtx_std::pair<int const, float>>>, class stlpmtx_std::StlNodeAlloc<class stlpmtx_std::map<int, float, struct stlpmtx_std::less<int>, class stlpmtx_std::StlNodeAlloc<struct stlpmtx_std::pair<int const, float>>>>> & __cdecl stlpmtx_std::vector<class stlpmtx_std::map<int, float, struct stlpmtx_std::less<int>, class stlpmtx_std::StlNodeAlloc<struct stlpmtx_std::pair<int const, float>>>, class stlpmtx_std::StlNodeAlloc<class stlpmtx_std::map<int, float, struct stlpmtx_std::less<int>, class stlpmtx_std::StlNodeAlloc<struct stlpmtx_std::pair<int const, float>>>>>::operator=(class stlpmtx_std::vector<class stlpmtx_std::map<int, float, struct stlpmtx_std::less<int>, class stlpmtx_std::StlNodeAlloc<struct stlpmtx_std::pair<int const, float>>>, class stlpmtx_std::StlNodeAlloc<class stlpmtx_std::map<int, float, struct stlpmtx_std::less<int>, class stlpmtx_std::StlNodeAlloc<struct stlpmtx_std::pair<int const, float>>>>> const &)	public: class stlpmtx_std::vector<class stlpmtx_std::set<class Symbol, struct stlpmtx_std::less<class Symbol>, class stlpmtx_std::StlNodeAlloc<class Symbol>>, class stlpmtx_std::StlNodeAlloc<class stlpmtx_std::set<class Symbol, struct stlpmtx_std::less<class Symbol>, class stlpmtx_std::StlNodeAlloc<class Symbol>>>> & __cdecl stlpmtx_std::vector<class stlpmtx_std::set<class Symbol, struct stlpmtx_std::less<class Symbol>, class stlpmtx_std::StlNodeAlloc<class Symbol>>, class stlpmtx_std::StlNodeAlloc<class stlpmtx_std::set<class Symbol, struct stlpmtx_std::less<class Symbol>, class stlpmtx_std::StlNodeAlloc<class Symbol>>>>::operator=(class stlpmtx_std::vector<class stlpmtx_std::set<class Symbol, struct stlpmtx_std::less<class Symbol>, class stlpmtx_std::StlNodeAlloc<class Symbol>>, class stlpmtx_std::StlNodeAlloc<class stlpmtx_std::set<class Symbol, struct stlpmtx_std::less<class Symbol>, class stlpmtx_std::StlNodeAlloc<class Symbol>>>> const &)
80	BC_DIFFERENT_UNRESOLVED	game	default/AccomplishmentPanel	??$__insertion_sort@PAVSymbol@@V1@UGoalAlpaCmp@@@stlpmtx_std@@YAXPAVSymbol@@00UGoalAlpaCmp@@@Z	99.7500	DIFFERENT	REFUTED	void __cdecl stlpmtx_std::__linear_insert<class Symbol *, class Symbol, class AccomplishmentCategoryCmp>(class Symbol *, class Symbol *, class Symbol, class AccomplishmentCategoryCmp)	void __cdecl stlpmtx_std::__linear_insert<class Symbol *, class Symbol, struct GoalAlpaCmp>(class Symbol *, class Symbol *, class Symbol, struct GoalAlpaCmp)
80	BC_DIFFERENT_UNRESOLVED	game	default/BandSongMgr	??$ClearAndShrink@VString@@@@YAXAAV?$vector@VString@@V?$StlNodeAlloc@VString@@@stlpmtx_std@@@stlpmtx_std@@@Z	99.7500	DIFFERENT	REFUTED	public: __cdecl stlpmtx_std::vector<struct ObjPtrVec<class Hmx::Object, class ObjectDir>::Node, class stlpmtx_std::StlNodeAlloc<struct ObjPtrVec<class Hmx::Object, class ObjectDir>::Node>>::~vector<struct ObjPtrVec<class Hmx::Object, class ObjectDir>::Node, class stlpmtx_std::StlNodeAlloc<struct ObjPtrVec<class Hmx::Object, class ObjectDir>::Node>>(void)	public: __cdecl stlpmtx_std::vector<class String, class stlpmtx_std::StlNodeAlloc<class String>>::~vector<class String, class stlpmtx_std::StlNodeAlloc<class String>>(void)
80	A_FOLD_CONSISTENT	game	default/band3/meta_band/BandProfile	?GetLessonCompleteSpeed@BandProfile@@QBAMABVSymbol@@@Z	99.7500	SAME	CORROBORATED	private: class stlpmtx_std::priv::_Slist_iterator<struct stlpmtx_std::pair<class Symbol const, int>, struct stlpmtx_std::_Nonconst_traits<struct stlpmtx_std::pair<class Symbol const, int>>> __cdecl stlpmtx_std::hashtable<struct stlpmtx_std::pair<class Symbol const, int>, class Symbol, struct stlpmtx_std::hash<class Symbol>, struct stlpmtx_std::priv::_HashMapTraitsT<struct stlpmtx_std::pair<class Symbol const, int>>, struct stlpmtx_std::_Select1st<struct stlpmtx_std::pair<class Symbol const, int>>, struct stlpmtx_std::equal_to<class Symbol>, class stlpmtx_std::StlNodeAlloc<struct stlpmtx_std::pair<class Symbol const, int>>>::_M_find<class Symbol>(class Symbol const &) const	private: class stlpmtx_std::priv::_Slist_iterator<struct stlpmtx_std::pair<class Symbol const, float>, struct stlpmtx_std::_Nonconst_traits<struct stlpmtx_std::pair<class Symbol const, float>>> __cdecl stlpmtx_std::hashtable<struct stlpmtx_std::pair<class Symbol const, float>, class Symbol, struct stlpmtx_std::hash<class Symbol>, struct stlpmtx_std::priv::_HashMapTraitsT<struct stlpmtx_std::pair<class Symbol const, float>>, struct stlpmtx_std::_Select1st<struct stlpmtx_std::pair<class Symbol const, float>>, struct stlpmtx_std::equal_to<class Symbol>, class stlpmtx_std::StlNodeAlloc<struct stlpmtx_std::pair<class Symbol const, float>>>::_M_find<class Symbol>(class Symbol const &) const
80	C_PROVEN_CALLEE	game	default/band3/meta_band/PrefabMgr	??$__insertion_sort@PAPAUEventEntry@@PAU1@UMaxSort@@@stlpmtx_std@@YAXPAPAUEventEntry@@00UMaxSort@@@Z	99.7500	DIFFERENT	CORROBORATED	void __cdecl stlpmtx_std::__linear_insert<class PrefabChar **, class PrefabChar *, struct SortPrefabByPortraitFileName>(class PrefabChar **, class PrefabChar **, class PrefabChar *, struct SortPrefabByPortraitFileName)	void __cdecl stlpmtx_std::__linear_insert<struct EventEntry **, struct EventEntry *, struct MaxSort>(struct EventEntry **, struct EventEntry **, struct EventEntry *, struct MaxSort)
80	C_PROVEN_CALLEE	game	default/SongSortMgr	?clear@?$_Rb_tree@VSymbol@@U?$less@VSymbol@@@stlpmtx_std@@U?$pair@$$CBVSymbol@@H@3@U?$_Select1st@U?$pair@$$CBVSymbol@@H@stlpmtx_std@@@3@U?$_MapTraitsT@U?$pair@$$CBVSymbol@@H@stlpmtx_std@@@priv@3@V?$StlNodeAlloc@U?$pair@$$CBVSymbol@@H@stlpmtx_std@@@3@@stlpmtx_std@@QAAXXZ	99.7500	DIFFERENT	CORROBORATED	private: void __cdecl stlpmtx_std::_Rb_tree<class Symbol, struct stlpmtx_std::less<class Symbol>, struct stlpmtx_std::pair<class Symbol const, class SetlistRecord>, struct stlpmtx_std::_Select1st<struct stlpmtx_std::pair<class Symbol const, class SetlistRecord>>, struct stlpmtx_std::priv::_MapTraitsT<struct stlpmtx_std::pair<class Symbol const, class SetlistRecord>>, class stlpmtx_std::StlNodeAlloc<struct stlpmtx_std::pair<class Symbol const, class SetlistRecord>>>::_M_erase(struct stlpmtx_std::_Rb_tree_node_base *)	private: void __cdecl stlpmtx_std::_Rb_tree<class Symbol, struct stlpmtx_std::less<class Symbol>, struct stlpmtx_std::pair<class Symbol const, int>, struct stlpmtx_std::_Select1st<struct stlpmtx_std::pair<class Symbol const, int>>, struct stlpmtx_std::priv::_MapTraitsT<struct stlpmtx_std::pair<class Symbol const, int>>, class stlpmtx_std::StlNodeAlloc<struct stlpmtx_std::pair<class Symbol const, int>>>::_M_erase(struct stlpmtx_std::_Rb_tree_node_base *)
80	A_FOLD_CONSISTENT	game	default/band3/meta_band/ViewSetting	??$__insertion_sort@PAUFilter@FilterViewSetting@@U12@P6A_NABU12@0@Z@stlpmtx_std@@YAXPAUFilter@FilterViewSetting@@00P6A_NABU12@1@Z@Z	99.7500	SAME	CORROBORATED	void __cdecl stlpmtx_std::__linear_insert<struct GroupDrawDist *, struct GroupDrawDist, bool (__cdecl *)(struct GroupDrawDist const &, struct GroupDrawDist const &)>(struct GroupDrawDist *, struct GroupDrawDist *, struct GroupDrawDist, bool (__cdecl *)(struct GroupDrawDist const &, struct GroupDrawDist const &))	void __cdecl stlpmtx_std::__linear_insert<struct FilterViewSetting::Filter *, struct FilterViewSetting::Filter, bool (__cdecl *)(struct FilterViewSetting::Filter const &, struct FilterViewSetting::Filter const &)>(struct FilterViewSetting::Filter *, struct FilterViewSetting::Filter *, struct FilterViewSetting::Filter, bool (__cdecl *)(struct FilterViewSetting::Filter const &, struct FilterViewSetting::Filter const &))
80	C_PROVEN_CALLEE	engine	default/CharLipSync	?clear@?$_Rb_tree@VSymbol@@U?$less@VSymbol@@@stlpmtx_std@@U?$pair@$$CBVSymbol@@PAVCharLipSync@@@3@U?$_Select1st@U?$pair@$$CBVSymbol@@PAVCharLipSync@@@stlpmtx_std@@@3@U?$_MapTraitsT@U?$pair@$$CBVSymbol@@PAVCharLipSync@@@stlpmtx_std@@@priv@3@V?$StlNodeAlloc@U?$pair@$$CBVSymbol@@PAVCharLipSync@@@stlpmtx_std@@@3@@stlpmtx_std@@QAAXXZ	99.7500	DIFFERENT	CORROBORATED	private: void __cdecl stlpmtx_std::_Rb_tree<class Symbol, struct stlpmtx_std::less<class Symbol>, class Symbol, struct stlpmtx_std::_Identity<class Symbol>, struct stlpmtx_std::priv::_SetTraitsT<class Symbol>, class stlpmtx_std::StlNodeAlloc<class Symbol>>::_M_erase(struct stlpmtx_std::_Rb_tree_node_base *)	private: void __cdecl stlpmtx_std::_Rb_tree<class Symbol, struct stlpmtx_std::less<class Symbol>, struct stlpmtx_std::pair<class Symbol const, class CharLipSync *>, struct stlpmtx_std::_Select1st<struct stlpmtx_std::pair<class Symbol const, class CharLipSync *>>, struct stlpmtx_std::priv::_MapTraitsT<struct stlpmtx_std::pair<class Symbol const, class CharLipSync *>>, class stlpmtx_std::StlNodeAlloc<struct stlpmtx_std::pair<class Symbol const, class CharLipSync *>>>::_M_erase(struct stlpmtx_std::_Rb_tree_node_base *)
80	C_PROVEN_CALLEE	engine	default/FileCache	??$__insertion_sort@PAPAVMoveDetector@@PAV1@UMoveDetectorCmp@@@stlpmtx_std@@YAXPAPAVMoveDetector@@00UMoveDetectorCmp@@@Z	99.7500	DIFFERENT	CORROBORATED	void __cdecl stlpmtx_std::__linear_insert<class FileCacheEntry **, class FileCacheEntry *, struct Priority>(class FileCacheEntry **, class FileCacheEntry **, class FileCacheEntry *, struct Priority)	void __cdecl stlpmtx_std::__linear_insert<class MoveDetector **, class MoveDetector *, struct MoveDetectorCmp>(class MoveDetector **, class MoveDetector **, class MoveDetector *, struct MoveDetectorCmp)
80	C_PROVEN_CALLEE	engine	default/FileCache	??$__insertion_sort@PAPAVFileCacheEntry@@PAV1@UPriority@@@stlpmtx_std@@YAXPAPAVFileCacheEntry@@00UPriority@@@Z	99.7500	DIFFERENT	CORROBORATED	void __cdecl stlpmtx_std::__linear_insert<class MoveDetector **, class MoveDetector *, struct MoveDetectorCmp>(class MoveDetector **, class MoveDetector **, class MoveDetector *, struct MoveDetectorCmp)	void __cdecl stlpmtx_std::__linear_insert<class FileCacheEntry **, class FileCacheEntry *, struct Priority>(class FileCacheEntry **, class FileCacheEntry **, class FileCacheEntry *, struct Priority)
80	BC_DIFFERENT_UNRESOLVED	engine	default/FileCache	?EndSet@FileCache@@QAAXXZ	99.7500	DIFFERENT	REFUTED	void __cdecl stlpmtx_std::sort<class MoveDetector **, struct MoveDetectorCmp>(class MoveDetector **, class MoveDetector **, struct MoveDetectorCmp)	void __cdecl stlpmtx_std::sort<class FileCacheEntry **, struct Priority>(class FileCacheEntry **, class FileCacheEntry **, struct Priority)
80	BC_DIFFERENT_UNRESOLVED	engine	default/UIListWidget	??$_Destroy_Range@PAV?$vector@V?$ObjPtr@VUIColor@@@@V?$StlNodeAlloc@V?$ObjPtr@VUIColor@@@@@stlpmtx_std@@@stlpmtx_std@@@stlpmtx_std@@YAXPAV?$vector@V?$ObjPtr@VUIColor@@@@V?$StlNodeAlloc@V?$ObjPtr@VUIColor@@@@@stlpmtx_std@@@0@0@Z	99.7500	DIFFERENT	REFUTED	public: __cdecl stlpmtx_std::vector<struct ObjPtrVec<class Hmx::Object, class ObjectDir>::Node, class stlpmtx_std::StlNodeAlloc<struct ObjPtrVec<class Hmx::Object, class ObjectDir>::Node>>::~vector<struct ObjPtrVec<class Hmx::Object, class ObjectDir>::Node, class stlpmtx_std::StlNodeAlloc<struct ObjPtrVec<class Hmx::Object, class ObjectDir>::Node>>(void)	public: __cdecl stlpmtx_std::vector<class ObjPtr<class UIColor>, class stlpmtx_std::StlNodeAlloc<class ObjPtr<class UIColor>>>::~vector<class ObjPtr<class UIColor>, class stlpmtx_std::StlNodeAlloc<class ObjPtr<class UIColor>>>(void)
80	C_PROVEN_CALLEE	game	default/band3/meta_band/AssetProvider	??$__insertion_sort@PAPAVUIListWidget@@PAV1@UWidgetDrawSort@?A0x530db9db@@@stlpmtx_std@@YAXPAPAVUIListWidget@@00UWidgetDrawSort@?A0x530db9db@@@Z	0.0000	DIFFERENT	CORROBORATED	void __cdecl stlpmtx_std::__linear_insert<class Symbol *, class Symbol, bool (__cdecl *)(class Symbol, class Symbol)>(class Symbol *, class Symbol *, class Symbol, bool (__cdecl *)(class Symbol, class Symbol))	void __cdecl stlpmtx_std::__linear_insert<class UIListWidget **, class UIListWidget *, struct `anonymous namespace'::WidgetDrawSort>(class UIListWidget **, class UIListWidget **, class UIListWidget *, struct `anonymous namespace'::WidgetDrawSort)
80	C_PROVEN_CALLEE	engine	default/MemTracker	??$__insertion_sort@PAPAVAllocInfo@@PAV1@P6A_NABQAV1@0@Z@stlpmtx_std@@YAXPAPAVAllocInfo@@00P6A_NABQAV1@1@Z@Z	99.7500	DIFFERENT	CORROBORATED	void __cdecl stlpmtx_std::__linear_insert<class RndMesh::Vert **, class RndMesh::Vert *, struct SortByZ>(class RndMesh::Vert **, class RndMesh::Vert **, class RndMesh::Vert *, struct SortByZ)	void __cdecl stlpmtx_std::__linear_insert<class AllocInfo **, class AllocInfo *, bool (__cdecl *)(class AllocInfo *const &, class AllocInfo *const &)>(class AllocInfo **, class AllocInfo **, class AllocInfo *, bool (__cdecl *)(class AllocInfo *const &, class AllocInfo *const &))
76	A_FOLD_CONSISTENT	engine	default/BandCamShot	??_G?$ObjPtr@VEventTrigger@@@@UAAPAXI@Z	99.7368	SAME	REFUTED	public: virtual __cdecl ObjRefConcrete<class FlowLabel, class ObjectDir>::~ObjRefConcrete<class FlowLabel, class ObjectDir>(void)	public: virtual __cdecl ObjRefConcrete<class EventTrigger, class ObjectDir>::~ObjRefConcrete<class EventTrigger, class ObjectDir>(void)
76	A_FOLD_CONSISTENT	engine	default/TexRenderer	?ListDrawChildren@RndTexRenderer@@UAAXAAV?$list@PAVRndDrawable@@V?$StlNodeAlloc@PAVRndDrawable@@@stlpmtx_std@@@stlpmtx_std@@@Z	99.7368	SAME	REFUTED	public: struct stlpmtx_std::_List_iterator<class CharClip *, struct stlpmtx_std::_Nonconst_traits<class CharClip *>> __cdecl stlpmtx_std::list<class CharClip *, class stlpmtx_std::StlNodeAlloc<class CharClip *>>::insert(struct stlpmtx_std::_List_iterator<class CharClip *, struct stlpmtx_std::_Nonconst_traits<class CharClip *>>, class CharClip *const &)	public: struct stlpmtx_std::_List_iterator<class RndDrawable *, struct stlpmtx_std::_Nonconst_traits<class RndDrawable *>> __cdecl stlpmtx_std::list<class RndDrawable *, class stlpmtx_std::StlNodeAlloc<class RndDrawable *>>::insert(struct stlpmtx_std::_List_iterator<class RndDrawable *, struct stlpmtx_std::_Nonconst_traits<class RndDrawable *>>, class RndDrawable *const &)
76	UNDECIDABLE	game	default/band3/game/Stats	??$SaveHighest@H@Stats@@QAAXAAV?$vector@HV?$StlNodeAlloc@H@stlpmtx_std@@@stlpmtx_std@@ABH@Z	99.7368	UNKNOWN	REFUTED	private: void __cdecl stlpmtx_std::vector<class Hmx::Object *, class stlpmtx_std::StlNodeAlloc<class Hmx::Object *>>::_M_fill_insert(class Hmx::Object **, unsigned int, class Hmx::Object *const &)	private: void __cdecl stlpmtx_std::vector<int, class stlpmtx_std::StlNodeAlloc<int>>::_M_fill_insert(int *, unsigned int, int const &)
76	A_FOLD_CONSISTENT	engine	default/BandCharacter	??_G?$ObjPtr@VRndMesh@@@@UAAPAXI@Z	99.7368	SAME	REFUTED	public: virtual __cdecl ObjRefConcrete<class CharLookAt, class ObjectDir>::~ObjRefConcrete<class CharLookAt, class ObjectDir>(void)	public: virtual __cdecl ObjRefConcrete<class RndMesh, class ObjectDir>::~ObjRefConcrete<class RndMesh, class ObjectDir>(void)
76	A_FOLD_CONSISTENT	engine	default/CrowdMeterIcon	??_G?$ObjPtr@VRndAnimatable@@@@UAAPAXI@Z	99.7368	SAME	REFUTED	public: virtual __cdecl ObjRefConcrete<class BandLabel, class ObjectDir>::~ObjRefConcrete<class BandLabel, class ObjectDir>(void)	public: virtual __cdecl ObjRefConcrete<class RndAnimatable, class ObjectDir>::~ObjRefConcrete<class RndAnimatable, class ObjectDir>(void)
76	A_FOLD_CONSISTENT	engine	default/TrackPanelDir	??_G?$ObjPtr@VGemTrackDir@@@@UAAPAXI@Z	0.0000	SAME	REFUTED	public: virtual __cdecl ObjRefConcrete<class VocalTrackDir, class ObjectDir>::~ObjRefConcrete<class VocalTrackDir, class ObjectDir>(void)	public: virtual __cdecl ObjRefConcrete<class GemTrackDir, class ObjectDir>::~ObjRefConcrete<class GemTrackDir, class ObjectDir>(void)
76	BC_DIFFERENT_UNRESOLVED	engine	default/EventTrigger	??_G?$ObjPtrList@VTask@@VObjectDir@@@@UAAPAXI@Z	99.7368	DIFFERENT	REFUTED	public: virtual __cdecl ObjPtrList<class FlowNode, class ObjectDir>::~ObjPtrList<class FlowNode, class ObjectDir>(void)	public: virtual __cdecl ObjPtrList<class Task, class ObjectDir>::~ObjPtrList<class Task, class ObjectDir>(void)
76	A_FOLD_CONSISTENT	engine	default/TrackPanelDir	??_G?$ObjPtr@VVocalTrackDir@@@@UAAPAXI@Z	99.7368	SAME	REFUTED	public: virtual __cdecl ObjRefConcrete<class BandCrowdMeter, class ObjectDir>::~ObjRefConcrete<class BandCrowdMeter, class ObjectDir>(void)	public: virtual __cdecl ObjRefConcrete<class VocalTrackDir, class ObjectDir>::~ObjRefConcrete<class VocalTrackDir, class ObjectDir>(void)
76	A_FOLD_CONSISTENT	engine	default/BandDirector	??_G?$ObjPtr@VFileMerger@@@@UAAPAXI@Z	99.7368	SAME	REFUTED	public: virtual __cdecl ObjRefConcrete<class RndPostProc, class ObjectDir>::~ObjRefConcrete<class RndPostProc, class ObjectDir>(void)	public: virtual __cdecl ObjRefConcrete<class FileMerger, class ObjectDir>::~ObjRefConcrete<class FileMerger, class ObjectDir>(void)
76	BC_DIFFERENT_UNRESOLVED	engine	default/BandWardrobe	??_G?$ObjPtrList@VObject@Hmx@@VObjectDir@@@@UAAPAXI@Z	99.7368	DIFFERENT	REFUTED	public: virtual __cdecl ObjPtrList<class CharInterest, class ObjectDir>::~ObjPtrList<class CharInterest, class ObjectDir>(void)	public: virtual __cdecl ObjPtrList<class Hmx::Object, class ObjectDir>::~ObjPtrList<class Hmx::Object, class ObjectDir>(void)
76	BC_DIFFERENT_UNRESOLVED	engine	default/BandWardrobe	??_G?$ObjPtrList@VObjectDir@@V1@@@UAAPAXI@Z	99.7368	DIFFERENT	REFUTED	public: virtual __cdecl ObjPtrList<class Hmx::Object, class ObjectDir>::~ObjPtrList<class Hmx::Object, class ObjectDir>(void)	public: virtual __cdecl ObjPtrList<class ObjectDir, class ObjectDir>::~ObjPtrList<class ObjectDir, class ObjectDir>(void)
76	A_FOLD_CONSISTENT	engine	default/BandWardrobe	??_G?$ObjPtrList@VCharInterest@@VObjectDir@@@@UAAPAXI@Z	99.7368	SAME	REFUTED	public: virtual __cdecl ObjPtrList<class ObjectDir, class ObjectDir>::~ObjPtrList<class ObjectDir, class ObjectDir>(void)	public: virtual __cdecl ObjPtrList<class CharInterest, class ObjectDir>::~ObjPtrList<class CharInterest, class ObjectDir>(void)
76	A_FOLD_CONSISTENT	network	default/network/net/NetSession	?AddRemoteToSession@NetSession@@UAAXPAVRemoteUser@@@Z	99.7368	SAME	REFUTED	public: void __cdecl stlpmtx_std::vector<class ChatReceiver *, class stlpmtx_std::StlNodeAlloc<class ChatReceiver *>>::push_back(class ChatReceiver *const &)	public: void __cdecl stlpmtx_std::vector<class User *, class stlpmtx_std::StlNodeAlloc<class User *>>::push_back(class User *const &)
76	A_FOLD_CONSISTENT	engine	default/BandDirector	??_G?$ObjPtr@VRndPostProc@@@@UAAPAXI@Z	99.7368	SAME	REFUTED	public: virtual __cdecl ObjRefConcrete<class FileMerger, class ObjectDir>::~ObjRefConcrete<class FileMerger, class ObjectDir>(void)	public: virtual __cdecl ObjRefConcrete<class RndPostProc, class ObjectDir>::~ObjRefConcrete<class RndPostProc, class ObjectDir>(void)
76	A_FOLD_CONSISTENT	engine	default/BandDirector	??_G?$ObjPtr@VBandCamShot@@@@UAAPAXI@Z	99.7368	SAME	REFUTED	public: virtual __cdecl ObjRefConcrete<class FlowNode, class ObjectDir>::~ObjRefConcrete<class FlowNode, class ObjectDir>(void)	public: virtual __cdecl ObjRefConcrete<class BandCamShot, class ObjectDir>::~ObjRefConcrete<class BandCamShot, class ObjectDir>(void)
76	BC_DIFFERENT_UNRESOLVED	game	default/band3/game/Stats	??$SaveLowest@M@Stats@@QAAXAAV?$vector@MV?$StlNodeAlloc@M@stlpmtx_std@@@stlpmtx_std@@ABM@Z	99.7368	DIFFERENT	REFUTED	private: void __cdecl stlpmtx_std::vector<float *, class stlpmtx_std::StlNodeAlloc<float *>>::_M_fill_insert(float **, unsigned int, float *const &)	private: void __cdecl stlpmtx_std::vector<float, class stlpmtx_std::StlNodeAlloc<float>>::_M_fill_insert(float *, unsigned int, float const &)
76	UNDECIDABLE	game	default/band3/game/Stats	??$SaveHighest@VStreakInfo@Stats@@@Stats@@QAAXAAV?$vector@VStreakInfo@Stats@@V?$StlNodeAlloc@VStreakInfo@Stats@@@stlpmtx_std@@@stlpmtx_std@@ABVStreakInfo@0@@Z	99.7368	UNKNOWN	CORROBORATED	private: void __cdecl stlpmtx_std::vector<class Key<float>, class stlpmtx_std::StlNodeAlloc<class Key<float>>>::_M_fill_insert(class Key<float> *, unsigned int, class Key<float> const &)	private: void __cdecl stlpmtx_std::vector<class Stats::StreakInfo, class stlpmtx_std::StlNodeAlloc<class Stats::StreakInfo>>::_M_fill_insert(class Stats::StreakInfo *, unsigned int, class Stats::StreakInfo const &)
76	C_PROVEN_CALLEE	game	default/Accomplishment	?InqRequiredScoreTypes@Accomplishment@@UBA_NAAV?$set@W4ScoreType@@U?$less@W4ScoreType@@@stlpmtx_std@@V?$StlNodeAlloc@W4ScoreType@@@3@@stlpmtx_std@@@Z	99.7368	DIFFERENT	CORROBORATED	public: struct stlpmtx_std::pair<struct stlpmtx_std::_Rb_tree_iterator<struct stlpmtx_std::pair<int const, float>, struct stlpmtx_std::priv::_MapTraitsT<struct stlpmtx_std::pair<int const, float>>>, bool> __cdecl stlpmtx_std::_Rb_tree<int, struct stlpmtx_std::less<int>, struct stlpmtx_std::pair<int const, float>, struct stlpmtx_std::_Select1st<struct stlpmtx_std::pair<int const, float>>, struct stlpmtx_std::priv::_MapTraitsT<struct stlpmtx_std::pair<int const, float>>, class stlpmtx_std::StlNodeAlloc<struct stlpmtx_std::pair<int const, float>>>::insert_unique(struct stlpmtx_std::pair<int const, float> const &)	public: struct stlpmtx_std::pair<struct stlpmtx_std::_Rb_tree_iterator<enum ScoreType, struct stlpmtx_std::priv::_SetTraitsT<enum ScoreType>>, bool> __cdecl stlpmtx_std::_Rb_tree<enum ScoreType, struct stlpmtx_std::less<enum ScoreType>, enum ScoreType, struct stlpmtx_std::_Identity<enum ScoreType>, struct stlpmtx_std::priv::_SetTraitsT<enum ScoreType>, class stlpmtx_std::StlNodeAlloc<enum ScoreType>>::insert_unique(enum ScoreType const &)
76	C_PROVEN_CALLEE	game	default/AccomplishmentSetlist	?InqRequiredScoreTypes@AccomplishmentSetlist@@UBA_NAAV?$set@W4ScoreType@@U?$less@W4ScoreType@@@stlpmtx_std@@V?$StlNodeAlloc@W4ScoreType@@@3@@stlpmtx_std@@@Z	99.7368	DIFFERENT	CORROBORATED	public: struct stlpmtx_std::pair<struct stlpmtx_std::_Rb_tree_iterator<struct stlpmtx_std::pair<int const, float>, struct stlpmtx_std::priv::_MapTraitsT<struct stlpmtx_std::pair<int const, float>>>, bool> __cdecl stlpmtx_std::_Rb_tree<int, struct stlpmtx_std::less<int>, struct stlpmtx_std::pair<int const, float>, struct stlpmtx_std::_Select1st<struct stlpmtx_std::pair<int const, float>>, struct stlpmtx_std::priv::_MapTraitsT<struct stlpmtx_std::pair<int const, float>>, class stlpmtx_std::StlNodeAlloc<struct stlpmtx_std::pair<int const, float>>>::insert_unique(struct stlpmtx_std::pair<int const, float> const &)	public: struct stlpmtx_std::pair<struct stlpmtx_std::_Rb_tree_iterator<enum ScoreType, struct stlpmtx_std::priv::_SetTraitsT<enum ScoreType>>, bool> __cdecl stlpmtx_std::_Rb_tree<enum ScoreType, struct stlpmtx_std::less<enum ScoreType>, enum ScoreType, struct stlpmtx_std::_Identity<enum ScoreType>, struct stlpmtx_std::priv::_SetTraitsT<enum ScoreType>, class stlpmtx_std::StlNodeAlloc<enum ScoreType>>::insert_unique(enum ScoreType const &)
76	A_FOLD_CONSISTENT	game	default/band3/meta_band/LicenseMgr	?ReadCachedMetadataFromStream@LicenseMgr@@QAA_NAAVBinStream@@H@Z	99.7368	SAME	REFUTED	public: void __cdecl stlpmtx_std::hashtable<struct stlpmtx_std::pair<class Symbol const, class stlpmtx_std::vector<class PatchSticker *, class stlpmtx_std::StlNodeAlloc<class PatchSticker *>>>, class Symbol, struct PatchDir::SymbolHash, struct stlpmtx_std::priv::_HashMapTraitsT<struct stlpmtx_std::pair<class Symbol const, class stlpmtx_std::vector<class PatchSticker *, class stlpmtx_std::StlNodeAlloc<class PatchSticker *>>>>, struct stlpmtx_std::_Select1st<struct stlpmtx_std::pair<class Symbol const, class stlpmtx_std::vector<class PatchSticker *, class stlpmtx_std::StlNodeAlloc<class PatchSticker *>>>>, struct stlpmtx_std::equal_to<class Symbol>, class stlpmtx_std::StlNodeAlloc<struct stlpmtx_std::pair<class Symbol const, class stlpmtx_std::vector<class PatchSticker *, class stlpmtx_std::StlNodeAlloc<class PatchSticker *>>>>>::clear(void)	public: void __cdecl stlpmtx_std::hashtable<struct stlpmtx_std::pair<class Symbol const, class stlpmtx_std::vector<class Symbol, class stlpmtx_std::StlNodeAlloc<class Symbol>>>, class Symbol, struct stlpmtx_std::hash<class Symbol>, struct stlpmtx_std::priv::_HashMapTraitsT<struct stlpmtx_std::pair<class Symbol const, class stlpmtx_std::vector<class Symbol, class stlpmtx_std::StlNodeAlloc<class Symbol>>>>, struct stlpmtx_std::_Select1st<struct stlpmtx_std::pair<class Symbol const, class stlpmtx_std::vector<class Symbol, class stlpmtx_std::StlNodeAlloc<class Symbol>>>>, struct stlpmtx_std::equal_to<class Symbol>, class stlpmtx_std::StlNodeAlloc<struct stlpmtx_std::pair<class Symbol const, class stlpmtx_std::vector<class Symbol, class stlpmtx_std::StlNodeAlloc<class Symbol>>>>>::clear(void)
76	A_FOLD_CONSISTENT	game	default/band3/meta_band/StoreMenuPanel	?Unload@StoreMenuPanel@@UAAXXZ	99.7368	SAME	CORROBORATED	void __cdecl DeleteAll<class stlpmtx_std::vector<class NetSavedSetlist *, class stlpmtx_std::StlNodeAlloc<class NetSavedSetlist *>>>(class stlpmtx_std::vector<class NetSavedSetlist *, class stlpmtx_std::StlNodeAlloc<class NetSavedSetlist *>> &)	void __cdecl DeleteAll<class stlpmtx_std::vector<class StoreMenuProvider *, class stlpmtx_std::StlNodeAlloc<class StoreMenuProvider *>>>(class stlpmtx_std::vector<class StoreMenuProvider *, class stlpmtx_std::StlNodeAlloc<class StoreMenuProvider *>> &)
76	A_FOLD_CONSISTENT	engine	default/PropSync	??_G?$ObjPtr@VLightHue@@@@UAAPAXI@Z	99.7368	SAME	REFUTED	public: virtual __cdecl ObjRefConcrete<class FxSend, class ObjectDir>::~ObjRefConcrete<class FxSend, class ObjectDir>(void)	public: virtual __cdecl ObjRefConcrete<class LightHue, class ObjectDir>::~ObjRefConcrete<class LightHue, class ObjectDir>(void)
76	A_FOLD_CONSISTENT	engine	default/BandCharacter	??_G?$ObjPtr@VWaypoint@@@@UAAPAXI@Z	99.7368	SAME	REFUTED	public: virtual __cdecl ObjRefConcrete<class Character, class ObjectDir>::~ObjRefConcrete<class Character, class ObjectDir>(void)	public: virtual __cdecl ObjRefConcrete<class Waypoint, class ObjectDir>::~ObjRefConcrete<class Waypoint, class ObjectDir>(void)
76	A_FOLD_CONSISTENT	engine	default/BandCharacter	??_G?$ObjPtr@VCharWeightable@@@@UAAPAXI@Z	99.7368	SAME	REFUTED	public: virtual __cdecl ObjRefConcrete<class CharEyes, class ObjectDir>::~ObjRefConcrete<class CharEyes, class ObjectDir>(void)	public: virtual __cdecl ObjRefConcrete<class CharWeightable, class ObjectDir>::~ObjRefConcrete<class CharWeightable, class ObjectDir>(void)
76	A_FOLD_CONSISTENT	engine	default/BandCharacter	??_G?$ObjPtr@VCharDriver@@@@UAAPAXI@Z	99.7368	SAME	REFUTED	public: virtual __cdecl ObjRefConcrete<class CharWeightable, class ObjectDir>::~ObjRefConcrete<class CharWeightable, class ObjectDir>(void)	public: virtual __cdecl ObjRefConcrete<class CharDriver, class ObjectDir>::~ObjRefConcrete<class CharDriver, class ObjectDir>(void)
76	A_FOLD_CONSISTENT	engine	default/BandCharacter	??_G?$ObjPtr@VCharLookAt@@@@UAAPAXI@Z	99.7368	SAME	REFUTED	public: virtual __cdecl ObjRefConcrete<class Waypoint, class ObjectDir>::~ObjRefConcrete<class Waypoint, class ObjectDir>(void)	public: virtual __cdecl ObjRefConcrete<class CharLookAt, class ObjectDir>::~ObjRefConcrete<class CharLookAt, class ObjectDir>(void)
76	A_FOLD_CONSISTENT	engine	default/BandCharacter	??_G?$ObjPtr@VCharacter@@@@UAAPAXI@Z	99.7368	SAME	REFUTED	public: virtual __cdecl ObjRefConcrete<class CharDriver, class ObjectDir>::~ObjRefConcrete<class CharDriver, class ObjectDir>(void)	public: virtual __cdecl ObjRefConcrete<class Character, class ObjectDir>::~ObjRefConcrete<class Character, class ObjectDir>(void)
76	A_FOLD_CONSISTENT	engine	default/BandCharacter	??_G?$ObjPtr@VCharEyes@@@@UAAPAXI@Z	99.7368	SAME	REFUTED	public: virtual __cdecl ObjRefConcrete<class GemTrackDir, class ObjectDir>::~ObjRefConcrete<class GemTrackDir, class ObjectDir>(void)	public: virtual __cdecl ObjRefConcrete<class CharEyes, class ObjectDir>::~ObjRefConcrete<class CharEyes, class ObjectDir>(void)
76	A_FOLD_CONSISTENT	engine	default/BandCharacter	??_G?$ObjPtrList@VRndMesh@@VObjectDir@@@@UAAPAXI@Z	99.7368	SAME	REFUTED	public: virtual __cdecl ObjPtrList<class CharBoneOffset, class ObjectDir>::~ObjPtrList<class CharBoneOffset, class ObjectDir>(void)	public: virtual __cdecl ObjPtrList<class RndMesh, class ObjectDir>::~ObjPtrList<class RndMesh, class ObjectDir>(void)
76	A_FOLD_CONSISTENT	engine	default/GemTrackDir	??_G?$ObjPtr@VOverdriveMeter@@@@UAAPAXI@Z	0.0000	SAME	REFUTED	public: virtual __cdecl ObjRefConcrete<class StreakMeter, class ObjectDir>::~ObjRefConcrete<class StreakMeter, class ObjectDir>(void)	public: virtual __cdecl ObjRefConcrete<class OverdriveMeter, class ObjectDir>::~ObjRefConcrete<class OverdriveMeter, class ObjectDir>(void)
76	A_FOLD_CONSISTENT	engine	default/system/bandobj/BandTrack	??_G?$ObjPtr@VStreakMeter@@@@UAAPAXI@Z	99.7368	SAME	REFUTED	public: virtual __cdecl ObjRefConcrete<class OverdriveMeter, class ObjectDir>::~ObjRefConcrete<class OverdriveMeter, class ObjectDir>(void)	public: virtual __cdecl ObjRefConcrete<class StreakMeter, class ObjectDir>::~ObjRefConcrete<class StreakMeter, class ObjectDir>(void)
76	A_FOLD_CONSISTENT	engine	default/system/bandobj/BandTrack	??_G?$ObjPtr@VTrackInterface@@@@UAAPAXI@Z	99.7368	SAME	REFUTED	public: virtual __cdecl ObjRefConcrete<class ChordShapeGenerator, class ObjectDir>::~ObjRefConcrete<class ChordShapeGenerator, class ObjectDir>(void)	public: virtual __cdecl ObjRefConcrete<class TrackInterface, class ObjectDir>::~ObjRefConcrete<class TrackInterface, class ObjectDir>(void)
76	A_FOLD_CONSISTENT	engine	default/CrowdMeterIcon	??_G?$ObjPtr@VBandLabel@@@@UAAPAXI@Z	99.7368	SAME	REFUTED	public: virtual __cdecl ObjRefConcrete<class RndAnimatable, class ObjectDir>::~ObjRefConcrete<class RndAnimatable, class ObjectDir>(void)	public: virtual __cdecl ObjRefConcrete<class BandLabel, class ObjectDir>::~ObjRefConcrete<class BandLabel, class ObjectDir>(void)
76	A_FOLD_CONSISTENT	engine	default/GemTrackDir	??_G?$ObjPtr@VChordShapeGenerator@@@@UAAPAXI@Z	99.7368	SAME	REFUTED	public: virtual __cdecl ObjRefConcrete<class TrackInterface, class ObjectDir>::~ObjRefConcrete<class TrackInterface, class ObjectDir>(void)	public: virtual __cdecl ObjRefConcrete<class ChordShapeGenerator, class ObjectDir>::~ObjRefConcrete<class ChordShapeGenerator, class ObjectDir>(void)
76	A_FOLD_CONSISTENT	engine	default/TrackPanelDir	??_G?$ObjPtr@VBandCrowdMeter@@@@UAAPAXI@Z	99.7368	SAME	REFUTED	public: virtual __cdecl ObjRefConcrete<class BandTrack, class ObjectDir>::~ObjRefConcrete<class BandTrack, class ObjectDir>(void)	public: virtual __cdecl ObjRefConcrete<class BandCrowdMeter, class ObjectDir>::~ObjRefConcrete<class BandCrowdMeter, class ObjectDir>(void)
76	BC_DIFFERENT_UNRESOLVED	engine	default/PartLauncher	??_G?$ObjPtr@VRndParticleSys@@@@UAAPAXI@Z	99.7368	DIFFERENT	REFUTED	public: virtual __cdecl ObjRefConcrete<class RndMesh, class ObjectDir>::~ObjRefConcrete<class RndMesh, class ObjectDir>(void)	public: virtual __cdecl ObjRefConcrete<class RndParticleSys, class ObjectDir>::~ObjRefConcrete<class RndParticleSys, class ObjectDir>(void)
76	A_FOLD_CONSISTENT	engine	default/CameraShot	??_G?$ObjPtr@VSpotlight@@@@UAAPAXI@Z	99.7368	SAME	REFUTED	public: virtual __cdecl ObjRefConcrete<class RndTransAnim, class ObjectDir>::~ObjRefConcrete<class RndTransAnim, class ObjectDir>(void)	public: virtual __cdecl ObjRefConcrete<class Spotlight, class ObjectDir>::~ObjRefConcrete<class Spotlight, class ObjectDir>(void)
76	A_FOLD_CONSISTENT	engine	default/Sfx	??_G?$ObjPtrList@VMoggClipMap@@VObjectDir@@@@UAAPAXI@Z	99.7368	SAME	REFUTED	public: virtual __cdecl ObjPtrList<class SfxInst, class ObjectDir>::~ObjPtrList<class SfxInst, class ObjectDir>(void)	public: virtual __cdecl ObjPtrList<class MoggClipMap, class ObjectDir>::~ObjPtrList<class MoggClipMap, class ObjectDir>(void)
76	A_FOLD_CONSISTENT	engine	default/Sfx	??_G?$ObjPtrList@VSfxInst@@VObjectDir@@@@UAAPAXI@Z	99.7368	SAME	REFUTED	public: virtual __cdecl ObjPtrList<class MoggClipMap, class ObjectDir>::~ObjPtrList<class MoggClipMap, class ObjectDir>(void)	public: virtual __cdecl ObjPtrList<class SfxInst, class ObjectDir>::~ObjPtrList<class SfxInst, class ObjectDir>(void)
76	A_FOLD_CONSISTENT	engine	default/Sequence	??_G?$ObjPtr@VSeqInst@@@@UAAPAXI@Z	99.7368	SAME	REFUTED	public: virtual __cdecl ObjRefConcrete<class LightHue, class ObjectDir>::~ObjRefConcrete<class LightHue, class ObjectDir>(void)	public: virtual __cdecl ObjRefConcrete<class SeqInst, class ObjectDir>::~ObjRefConcrete<class SeqInst, class ObjectDir>(void)
72	A_FOLD_CONSISTENT	engine	default/GemTrackDir	??1?$pair@V?$ObjPtr@VEventTrigger@@@@V1@@stlpmtx_std@@QAA@XZ	99.4444	SAME	REFUTED	public: virtual __cdecl ObjRefConcrete<class FlowLabel, class ObjectDir>::~ObjRefConcrete<class FlowLabel, class ObjectDir>(void)	public: virtual __cdecl ObjRefConcrete<class EventTrigger, class ObjectDir>::~ObjRefConcrete<class EventTrigger, class ObjectDir>(void)
72	A_FOLD_CONSISTENT	engine	default/BandDirector	?ListDrawChildren@BandDirector@@UAAXAAV?$list@PAVRndDrawable@@V?$StlNodeAlloc@PAVRndDrawable@@@stlpmtx_std@@@stlpmtx_std@@@Z	99.7222	SAME	REFUTED	public: struct stlpmtx_std::_List_iterator<class CharClip *, struct stlpmtx_std::_Nonconst_traits<class CharClip *>> __cdecl stlpmtx_std::list<class CharClip *, class stlpmtx_std::StlNodeAlloc<class CharClip *>>::insert(struct stlpmtx_std::_List_iterator<class CharClip *, struct stlpmtx_std::_Nonconst_traits<class CharClip *>>, class CharClip *const &)	public: struct stlpmtx_std::_List_iterator<class RndDrawable *, struct stlpmtx_std::_Nonconst_traits<class RndDrawable *>> __cdecl stlpmtx_std::list<class RndDrawable *, class stlpmtx_std::StlNodeAlloc<class RndDrawable *>>::insert(struct stlpmtx_std::_List_iterator<class RndDrawable *, struct stlpmtx_std::_Nonconst_traits<class RndDrawable *>>, class RndDrawable *const &)
72	A_FOLD_CONSISTENT	engine	default/UIListHighlight	??1UIListHighlight@@UAA@XZ	99.7222	SAME	REFUTED	public: virtual __cdecl ObjRefConcrete<class CharLookAt, class ObjectDir>::~ObjRefConcrete<class CharLookAt, class ObjectDir>(void)	public: virtual __cdecl ObjRefConcrete<class RndMesh, class ObjectDir>::~ObjRefConcrete<class RndMesh, class ObjectDir>(void)
72	C_PROVEN_CALLEE	game	default/BandUser	?SetShownIntroHelp@LocalBandUser@@QAAXW4TrackType@@_N@Z	99.7222	DIFFERENT	CORROBORATED	public: struct stlpmtx_std::pair<struct stlpmtx_std::_Rb_tree_iterator<struct stlpmtx_std::pair<int const, float>, struct stlpmtx_std::priv::_MapTraitsT<struct stlpmtx_std::pair<int const, float>>>, bool> __cdecl stlpmtx_std::_Rb_tree<int, struct stlpmtx_std::less<int>, struct stlpmtx_std::pair<int const, float>, struct stlpmtx_std::_Select1st<struct stlpmtx_std::pair<int const, float>>, struct stlpmtx_std::priv::_MapTraitsT<struct stlpmtx_std::pair<int const, float>>, class stlpmtx_std::StlNodeAlloc<struct stlpmtx_std::pair<int const, float>>>::insert_unique(struct stlpmtx_std::pair<int const, float> const &)	public: struct stlpmtx_std::pair<struct stlpmtx_std::_Rb_tree_iterator<enum TrackType, struct stlpmtx_std::priv::_SetTraitsT<enum TrackType>>, bool> __cdecl stlpmtx_std::_Rb_tree<enum TrackType, struct stlpmtx_std::less<enum TrackType>, enum TrackType, struct stlpmtx_std::_Identity<enum TrackType>, struct stlpmtx_std::priv::_SetTraitsT<enum TrackType>, class stlpmtx_std::StlNodeAlloc<enum TrackType>>::insert_unique(enum TrackType const &)
72	A_FOLD_CONSISTENT	engine	default/BandDirector	?ListPollChildren@BandDirector@@UBAXAAV?$list@PAVRndPollable@@V?$StlNodeAlloc@PAVRndPollable@@@stlpmtx_std@@@stlpmtx_std@@@Z	99.7222	SAME	REFUTED	public: struct stlpmtx_std::_List_iterator<class CharClip *, struct stlpmtx_std::_Nonconst_traits<class CharClip *>> __cdecl stlpmtx_std::list<class CharClip *, class stlpmtx_std::StlNodeAlloc<class CharClip *>>::insert(struct stlpmtx_std::_List_iterator<class CharClip *, struct stlpmtx_std::_Nonconst_traits<class CharClip *>>, class CharClip *const &)	public: struct stlpmtx_std::_List_iterator<class RndPollable *, struct stlpmtx_std::_Nonconst_traits<class RndPollable *>> __cdecl stlpmtx_std::list<class RndPollable *, class stlpmtx_std::StlNodeAlloc<class RndPollable *>>::insert(struct stlpmtx_std::_List_iterator<class RndPollable *, struct stlpmtx_std::_Nonconst_traits<class RndPollable *>>, class RndPollable *const &)
72	A_FOLD_CONSISTENT	game	default/band3/meta_band/AccomplishmentManager	?GetCategoryListForGroup@AccomplishmentManager@@QBAPAV?$list@VSymbol@@V?$StlNodeAlloc@VSymbol@@@stlpmtx_std@@@stlpmtx_std@@VSymbol@@@Z	99.7222	SAME	CORROBORATED	private: class stlpmtx_std::priv::_Slist_iterator<struct stlpmtx_std::pair<class Symbol const, int>, struct stlpmtx_std::_Nonconst_traits<struct stlpmtx_std::pair<class Symbol const, int>>> __cdecl stlpmtx_std::hashtable<struct stlpmtx_std::pair<class Symbol const, int>, class Symbol, struct stlpmtx_std::hash<class Symbol>, struct stlpmtx_std::priv::_HashMapTraitsT<struct stlpmtx_std::pair<class Symbol const, int>>, struct stlpmtx_std::_Select1st<struct stlpmtx_std::pair<class Symbol const, int>>, struct stlpmtx_std::equal_to<class Symbol>, class stlpmtx_std::StlNodeAlloc<struct stlpmtx_std::pair<class Symbol const, int>>>::_M_find<class Symbol>(class Symbol const &) const	private: class stlpmtx_std::priv::_Slist_iterator<struct stlpmtx_std::pair<class Symbol const, class stlpmtx_std::list<class Symbol, class stlpmtx_std::StlNodeAlloc<class Symbol>> *>, struct stlpmtx_std::_Nonconst_traits<struct stlpmtx_std::pair<class Symbol const, class stlpmtx_std::list<class Symbol, class stlpmtx_std::StlNodeAlloc<class Symbol>> *>>> __cdecl stlpmtx_std::hashtable<struct stlpmtx_std::pair<class Symbol const, class stlpmtx_std::list<class Symbol, class stlpmtx_std::StlNodeAlloc<class Symbol>> *>, class Symbol, struct stlpmtx_std::hash<class Symbol>, struct stlpmtx_std::priv::_HashMapTraitsT<struct stlpmtx_std::pair<class Symbol const, class stlpmtx_std::list<class Symbol, class stlpmtx_std::StlNodeAlloc<class Symbol>> *>>, struct stlpmtx_std::_Select1st<struct stlpmtx_std::pair<class Symbol const, class stlpmtx_std::list<class Symbol, class stlpmtx_std::StlNodeAlloc<class Symbol>> *>>, struct stlpmtx_std::equal_to<class Symbol>, class stlpmtx_std::StlNodeAlloc<struct stlpmtx_std::pair<class Symbol const, class stlpmtx_std::list<class Symbol, class stlpmtx_std::StlNodeAlloc<class Symbol>> *>>>::_M_find<class Symbol>(class Symbol const &) const
72	A_FOLD_CONSISTENT	game	default/band3/meta_band/AccomplishmentManager	?GetAccomplishmentSetForCategory@AccomplishmentManager@@QBAPAV?$set@VSymbol@@U?$less@VSymbol@@@stlpmtx_std@@V?$StlNodeAlloc@VSymbol@@@3@@stlpmtx_std@@VSymbol@@@Z	99.7222	SAME	CORROBORATED	private: class stlpmtx_std::priv::_Slist_iterator<struct stlpmtx_std::pair<class Symbol const, int>, struct stlpmtx_std::_Nonconst_traits<struct stlpmtx_std::pair<class Symbol const, int>>> __cdecl stlpmtx_std::hashtable<struct stlpmtx_std::pair<class Symbol const, int>, class Symbol, struct stlpmtx_std::hash<class Symbol>, struct stlpmtx_std::priv::_HashMapTraitsT<struct stlpmtx_std::pair<class Symbol const, int>>, struct stlpmtx_std::_Select1st<struct stlpmtx_std::pair<class Symbol const, int>>, struct stlpmtx_std::equal_to<class Symbol>, class stlpmtx_std::StlNodeAlloc<struct stlpmtx_std::pair<class Symbol const, int>>>::_M_find<class Symbol>(class Symbol const &) const	private: class stlpmtx_std::priv::_Slist_iterator<struct stlpmtx_std::pair<class Symbol const, class stlpmtx_std::set<class Symbol, struct stlpmtx_std::less<class Symbol>, class stlpmtx_std::StlNodeAlloc<class Symbol>> *>, struct stlpmtx_std::_Nonconst_traits<struct stlpmtx_std::pair<class Symbol const, class stlpmtx_std::set<class Symbol, struct stlpmtx_std::less<class Symbol>, class stlpmtx_std::StlNodeAlloc<class Symbol>> *>>> __cdecl stlpmtx_std::hashtable<struct stlpmtx_std::pair<class Symbol const, class stlpmtx_std::set<class Symbol, struct stlpmtx_std::less<class Symbol>, class stlpmtx_std::StlNodeAlloc<class Symbol>> *>, class Symbol, struct stlpmtx_std::hash<class Symbol>, struct stlpmtx_std::priv::_HashMapTraitsT<struct stlpmtx_std::pair<class Symbol const, class stlpmtx_std::set<class Symbol, struct stlpmtx_std::less<class Symbol>, class stlpmtx_std::StlNodeAlloc<class Symbol>> *>>, struct stlpmtx_std::_Select1st<struct stlpmtx_std::pair<class Symbol const, class stlpmtx_std::set<class Symbol, struct stlpmtx_std::less<class Symbol>, class stlpmtx_std::StlNodeAlloc<class Symbol>> *>>, struct stlpmtx_std::equal_to<class Symbol>, class stlpmtx_std::StlNodeAlloc<struct stlpmtx_std::pair<class Symbol const, class stlpmtx_std::set<class Symbol, struct stlpmtx_std::less<class Symbol>, class stlpmtx_std::StlNodeAlloc<class Symbol>> *>>>::_M_find<class Symbol>(class Symbol const &) const
72	A_FOLD_CONSISTENT	game	default/band3/meta_band/AccomplishmentManager	?GetAccomplishmentCategory@AccomplishmentManager@@QBAPAVAccomplishmentCategory@@VSymbol@@@Z	99.7222	SAME	CORROBORATED	private: class stlpmtx_std::priv::_Slist_iterator<struct stlpmtx_std::pair<class Symbol const, int>, struct stlpmtx_std::_Nonconst_traits<struct stlpmtx_std::pair<class Symbol const, int>>> __cdecl stlpmtx_std::hashtable<struct stlpmtx_std::pair<class Symbol const, int>, class Symbol, struct stlpmtx_std::hash<class Symbol>, struct stlpmtx_std::priv::_HashMapTraitsT<struct stlpmtx_std::pair<class Symbol const, int>>, struct stlpmtx_std::_Select1st<struct stlpmtx_std::pair<class Symbol const, int>>, struct stlpmtx_std::equal_to<class Symbol>, class stlpmtx_std::StlNodeAlloc<struct stlpmtx_std::pair<class Symbol const, int>>>::_M_find<class Symbol>(class Symbol const &) const	private: class stlpmtx_std::priv::_Slist_iterator<struct stlpmtx_std::pair<class Symbol const, class AccomplishmentCategory *>, struct stlpmtx_std::_Nonconst_traits<struct stlpmtx_std::pair<class Symbol const, class AccomplishmentCategory *>>> __cdecl stlpmtx_std::hashtable<struct stlpmtx_std::pair<class Symbol const, class AccomplishmentCategory *>, class Symbol, struct stlpmtx_std::hash<class Symbol>, struct stlpmtx_std::priv::_HashMapTraitsT<struct stlpmtx_std::pair<class Symbol const, class AccomplishmentCategory *>>, struct stlpmtx_std::_Select1st<struct stlpmtx_std::pair<class Symbol const, class AccomplishmentCategory *>>, struct stlpmtx_std::equal_to<class Symbol>, class stlpmtx_std::StlNodeAlloc<struct stlpmtx_std::pair<class Symbol const, class AccomplishmentCategory *>>>::_M_find<class Symbol>(class Symbol const &) const
72	A_FOLD_CONSISTENT	game	default/band3/meta_band/AccomplishmentManager	?GetAccomplishmentGroup@AccomplishmentManager@@QBAPAVAccomplishmentGroup@@VSymbol@@@Z	99.7222	SAME	CORROBORATED	private: class stlpmtx_std::priv::_Slist_iterator<struct stlpmtx_std::pair<class Symbol const, int>, struct stlpmtx_std::_Nonconst_traits<struct stlpmtx_std::pair<class Symbol const, int>>> __cdecl stlpmtx_std::hashtable<struct stlpmtx_std::pair<class Symbol const, int>, class Symbol, struct stlpmtx_std::hash<class Symbol>, struct stlpmtx_std::priv::_HashMapTraitsT<struct stlpmtx_std::pair<class Symbol const, int>>, struct stlpmtx_std::_Select1st<struct stlpmtx_std::pair<class Symbol const, int>>, struct stlpmtx_std::equal_to<class Symbol>, class stlpmtx_std::StlNodeAlloc<struct stlpmtx_std::pair<class Symbol const, int>>>::_M_find<class Symbol>(class Symbol const &) const	private: class stlpmtx_std::priv::_Slist_iterator<struct stlpmtx_std::pair<class Symbol const, class AccomplishmentGroup *>, struct stlpmtx_std::_Nonconst_traits<struct stlpmtx_std::pair<class Symbol const, class AccomplishmentGroup *>>> __cdecl stlpmtx_std::hashtable<struct stlpmtx_std::pair<class Symbol const, class AccomplishmentGroup *>, class Symbol, struct stlpmtx_std::hash<class Symbol>, struct stlpmtx_std::priv::_HashMapTraitsT<struct stlpmtx_std::pair<class Symbol const, class AccomplishmentGroup *>>, struct stlpmtx_std::_Select1st<struct stlpmtx_std::pair<class Symbol const, class AccomplishmentGroup *>>, struct stlpmtx_std::equal_to<class Symbol>, class stlpmtx_std::StlNodeAlloc<struct stlpmtx_std::pair<class Symbol const, class AccomplishmentGroup *>>>::_M_find<class Symbol>(class Symbol const &) const
72	A_FOLD_CONSISTENT	game	default/band3/meta_band/AccomplishmentManager	?GetPrecachedFilter@AccomplishmentManager@@QBAPAVSongFilter@SongSortMgr@@VSymbol@@@Z	99.7222	SAME	CORROBORATED	private: class stlpmtx_std::priv::_Slist_iterator<struct stlpmtx_std::pair<class Symbol const, int>, struct stlpmtx_std::_Nonconst_traits<struct stlpmtx_std::pair<class Symbol const, int>>> __cdecl stlpmtx_std::hashtable<struct stlpmtx_std::pair<class Symbol const, int>, class Symbol, struct stlpmtx_std::hash<class Symbol>, struct stlpmtx_std::priv::_HashMapTraitsT<struct stlpmtx_std::pair<class Symbol const, int>>, struct stlpmtx_std::_Select1st<struct stlpmtx_std::pair<class Symbol const, int>>, struct stlpmtx_std::equal_to<class Symbol>, class stlpmtx_std::StlNodeAlloc<struct stlpmtx_std::pair<class Symbol const, int>>>::_M_find<class Symbol>(class Symbol const &) const	private: class stlpmtx_std::priv::_Slist_iterator<struct stlpmtx_std::pair<class Symbol const, class SongSortMgr::SongFilter *>, struct stlpmtx_std::_Nonconst_traits<struct stlpmtx_std::pair<class Symbol const, class SongSortMgr::SongFilter *>>> __cdecl stlpmtx_std::hashtable<struct stlpmtx_std::pair<class Symbol const, class SongSortMgr::SongFilter *>, class Symbol, struct stlpmtx_std::hash<class Symbol>, struct stlpmtx_std::priv::_HashMapTraitsT<struct stlpmtx_std::pair<class Symbol const, class SongSortMgr::SongFilter *>>, struct stlpmtx_std::_Select1st<struct stlpmtx_std::pair<class Symbol const, class SongSortMgr::SongFilter *>>, struct stlpmtx_std::equal_to<class Symbol>, class stlpmtx_std::StlNodeAlloc<struct stlpmtx_std::pair<class Symbol const, class SongSortMgr::SongFilter *>>>::_M_find<class Symbol>(class Symbol const &) const
72	A_FOLD_CONSISTENT	engine	default/Rnd_Xbox	?GetAward@AccomplishmentManager@@QBAPAVAward@@VSymbol@@@Z	99.7222	SAME	CORROBORATED	private: class stlpmtx_std::priv::_Slist_iterator<struct stlpmtx_std::pair<class Symbol const, int>, struct stlpmtx_std::_Nonconst_traits<struct stlpmtx_std::pair<class Symbol const, int>>> __cdecl stlpmtx_std::hashtable<struct stlpmtx_std::pair<class Symbol const, int>, class Symbol, struct stlpmtx_std::hash<class Symbol>, struct stlpmtx_std::priv::_HashMapTraitsT<struct stlpmtx_std::pair<class Symbol const, int>>, struct stlpmtx_std::_Select1st<struct stlpmtx_std::pair<class Symbol const, int>>, struct stlpmtx_std::equal_to<class Symbol>, class stlpmtx_std::StlNodeAlloc<struct stlpmtx_std::pair<class Symbol const, int>>>::_M_find<class Symbol>(class Symbol const &) const	private: class stlpmtx_std::priv::_Slist_iterator<struct stlpmtx_std::pair<class Symbol const, class Award *>, struct stlpmtx_std::_Nonconst_traits<struct stlpmtx_std::pair<class Symbol const, class Award *>>> __cdecl stlpmtx_std::hashtable<struct stlpmtx_std::pair<class Symbol const, class Award *>, class Symbol, struct stlpmtx_std::hash<class Symbol>, struct stlpmtx_std::priv::_HashMapTraitsT<struct stlpmtx_std::pair<class Symbol const, class Award *>>, struct stlpmtx_std::_Select1st<struct stlpmtx_std::pair<class Symbol const, class Award *>>, struct stlpmtx_std::equal_to<class Symbol>, class stlpmtx_std::StlNodeAlloc<struct stlpmtx_std::pair<class Symbol const, class Award *>>>::_M_find<class Symbol>(class Symbol const &) const
72	A_FOLD_CONSISTENT	game	default/band3/meta_band/AccomplishmentManager	?GetAwardSourceList@AccomplishmentManager@@QBAPAV?$vector@VSymbol@@V?$StlNodeAlloc@VSymbol@@@stlpmtx_std@@@stlpmtx_std@@VSymbol@@@Z	99.7222	SAME	CORROBORATED	private: class stlpmtx_std::priv::_Slist_iterator<struct stlpmtx_std::pair<class Symbol const, int>, struct stlpmtx_std::_Nonconst_traits<struct stlpmtx_std::pair<class Symbol const, int>>> __cdecl stlpmtx_std::hashtable<struct stlpmtx_std::pair<class Symbol const, int>, class Symbol, struct stlpmtx_std::hash<class Symbol>, struct stlpmtx_std::priv::_HashMapTraitsT<struct stlpmtx_std::pair<class Symbol const, int>>, struct stlpmtx_std::_Select1st<struct stlpmtx_std::pair<class Symbol const, int>>, struct stlpmtx_std::equal_to<class Symbol>, class stlpmtx_std::StlNodeAlloc<struct stlpmtx_std::pair<class Symbol const, int>>>::_M_find<class Symbol>(class Symbol const &) const	private: class stlpmtx_std::priv::_Slist_iterator<struct stlpmtx_std::pair<class Symbol const, class stlpmtx_std::vector<class Symbol, class stlpmtx_std::StlNodeAlloc<class Symbol>> *>, struct stlpmtx_std::_Nonconst_traits<struct stlpmtx_std::pair<class Symbol const, class stlpmtx_std::vector<class Symbol, class stlpmtx_std::StlNodeAlloc<class Symbol>> *>>> __cdecl stlpmtx_std::hashtable<struct stlpmtx_std::pair<class Symbol const, class stlpmtx_std::vector<class Symbol, class stlpmtx_std::StlNodeAlloc<class Symbol>> *>, class Symbol, struct stlpmtx_std::hash<class Symbol>, struct stlpmtx_std::priv::_HashMapTraitsT<struct stlpmtx_std::pair<class Symbol const, class stlpmtx_std::vector<class Symbol, class stlpmtx_std::StlNodeAlloc<class Symbol>> *>>, struct stlpmtx_std::_Select1st<struct stlpmtx_std::pair<class Symbol const, class stlpmtx_std::vector<class Symbol, class stlpmtx_std::StlNodeAlloc<class Symbol>> *>>, struct stlpmtx_std::equal_to<class Symbol>, class stlpmtx_std::StlNodeAlloc<struct stlpmtx_std::pair<class Symbol const, class stlpmtx_std::vector<class Symbol, class stlpmtx_std::StlNodeAlloc<class Symbol>> *>>>::_M_find<class Symbol>(class Symbol const &) const
72	A_FOLD_CONSISTENT	game	default/band3/meta_band/AccomplishmentManager	?GetAccomplishment@AccomplishmentManager@@QBAPAVAccomplishment@@VSymbol@@@Z	99.7222	SAME	CORROBORATED	private: class stlpmtx_std::priv::_Slist_iterator<struct stlpmtx_std::pair<class Symbol const, int>, struct stlpmtx_std::_Nonconst_traits<struct stlpmtx_std::pair<class Symbol const, int>>> __cdecl stlpmtx_std::hashtable<struct stlpmtx_std::pair<class Symbol const, int>, class Symbol, struct stlpmtx_std::hash<class Symbol>, struct stlpmtx_std::priv::_HashMapTraitsT<struct stlpmtx_std::pair<class Symbol const, int>>, struct stlpmtx_std::_Select1st<struct stlpmtx_std::pair<class Symbol const, int>>, struct stlpmtx_std::equal_to<class Symbol>, class stlpmtx_std::StlNodeAlloc<struct stlpmtx_std::pair<class Symbol const, int>>>::_M_find<class Symbol>(class Symbol const &) const	private: class stlpmtx_std::priv::_Slist_iterator<struct stlpmtx_std::pair<class Symbol const, class Accomplishment *>, struct stlpmtx_std::_Nonconst_traits<struct stlpmtx_std::pair<class Symbol const, class Accomplishment *>>> __cdecl stlpmtx_std::hashtable<struct stlpmtx_std::pair<class Symbol const, class Accomplishment *>, class Symbol, struct stlpmtx_std::hash<class Symbol>, struct stlpmtx_std::priv::_HashMapTraitsT<struct stlpmtx_std::pair<class Symbol const, class Accomplishment *>>, struct stlpmtx_std::_Select1st<struct stlpmtx_std::pair<class Symbol const, class Accomplishment *>>, struct stlpmtx_std::equal_to<class Symbol>, class stlpmtx_std::StlNodeAlloc<struct stlpmtx_std::pair<class Symbol const, class Accomplishment *>>>::_M_find<class Symbol>(class Symbol const &) const
72	UNDECIDABLE	game	default/BandMachine	?SetAvailableSongs@LocalBandMachine@@QAAXABV?$set@HU?$less@H@stlpmtx_std@@V?$StlNodeAlloc@H@2@@stlpmtx_std@@@Z	99.7222	UNKNOWN	REFUTED	public: class stlpmtx_std::_Rb_tree<class TrackWidget *, struct stlpmtx_std::less<class TrackWidget *>, class TrackWidget *, struct stlpmtx_std::_Identity<class TrackWidget *>, struct stlpmtx_std::priv::_SetTraitsT<class TrackWidget *>, class stlpmtx_std::StlNodeAlloc<class TrackWidget *>> & __cdecl stlpmtx_std::_Rb_tree<class TrackWidget *, struct stlpmtx_std::less<class TrackWidget *>, class TrackWidget *, struct stlpmtx_std::_Identity<class TrackWidget *>, struct stlpmtx_std::priv::_SetTraitsT<class TrackWidget *>, class stlpmtx_std::StlNodeAlloc<class TrackWidget *>>::operator=(class stlpmtx_std::_Rb_tree<class TrackWidget *, struct stlpmtx_std::less<class TrackWidget *>, class TrackWidget *, struct stlpmtx_std::_Identity<class TrackWidget *>, struct stlpmtx_std::priv::_SetTraitsT<class TrackWidget *>, class stlpmtx_std::StlNodeAlloc<class TrackWidget *>> const &)	public: class stlpmtx_std::_Rb_tree<int, struct stlpmtx_std::less<int>, int, struct stlpmtx_std::_Identity<int>, struct stlpmtx_std::priv::_SetTraitsT<int>, class stlpmtx_std::StlNodeAlloc<int>> & __cdecl stlpmtx_std::_Rb_tree<int, struct stlpmtx_std::less<int>, int, struct stlpmtx_std::_Identity<int>, struct stlpmtx_std::priv::_SetTraitsT<int>, class stlpmtx_std::StlNodeAlloc<int>>::operator=(class stlpmtx_std::_Rb_tree<int, struct stlpmtx_std::less<int>, int, struct stlpmtx_std::_Identity<int>, struct stlpmtx_std::priv::_SetTraitsT<int>, class stlpmtx_std::StlNodeAlloc<int>> const &)
72	A_FOLD_CONSISTENT	game	default/Campaign	?GetCampaignKey@Campaign@@QBAPAVCampaignKey@@VSymbol@@@Z	99.7222	SAME	CORROBORATED	private: class stlpmtx_std::priv::_Slist_iterator<struct stlpmtx_std::pair<class Symbol const, int>, struct stlpmtx_std::_Nonconst_traits<struct stlpmtx_std::pair<class Symbol const, int>>> __cdecl stlpmtx_std::hashtable<struct stlpmtx_std::pair<class Symbol const, int>, class Symbol, struct stlpmtx_std::hash<class Symbol>, struct stlpmtx_std::priv::_HashMapTraitsT<struct stlpmtx_std::pair<class Symbol const, int>>, struct stlpmtx_std::_Select1st<struct stlpmtx_std::pair<class Symbol const, int>>, struct stlpmtx_std::equal_to<class Symbol>, class stlpmtx_std::StlNodeAlloc<struct stlpmtx_std::pair<class Symbol const, int>>>::_M_find<class Symbol>(class Symbol const &) const	private: class stlpmtx_std::priv::_Slist_iterator<struct stlpmtx_std::pair<class Symbol const, class CampaignKey *>, struct stlpmtx_std::_Nonconst_traits<struct stlpmtx_std::pair<class Symbol const, class CampaignKey *>>> __cdecl stlpmtx_std::hashtable<struct stlpmtx_std::pair<class Symbol const, class CampaignKey *>, class Symbol, struct stlpmtx_std::hash<class Symbol>, struct stlpmtx_std::priv::_HashMapTraitsT<struct stlpmtx_std::pair<class Symbol const, class CampaignKey *>>, struct stlpmtx_std::_Select1st<struct stlpmtx_std::pair<class Symbol const, class CampaignKey *>>, struct stlpmtx_std::equal_to<class Symbol>, class stlpmtx_std::StlNodeAlloc<struct stlpmtx_std::pair<class Symbol const, class CampaignKey *>>>::_M_find<class Symbol>(class Symbol const &) const
72	A_FOLD_CONSISTENT	game	default/Campaign	?GetCampaignLevel@Campaign@@QBAPAVCampaignLevel@@VSymbol@@@Z	99.7222	SAME	CORROBORATED	private: class stlpmtx_std::priv::_Slist_iterator<struct stlpmtx_std::pair<class Symbol const, int>, struct stlpmtx_std::_Nonconst_traits<struct stlpmtx_std::pair<class Symbol const, int>>> __cdecl stlpmtx_std::hashtable<struct stlpmtx_std::pair<class Symbol const, int>, class Symbol, struct stlpmtx_std::hash<class Symbol>, struct stlpmtx_std::priv::_HashMapTraitsT<struct stlpmtx_std::pair<class Symbol const, int>>, struct stlpmtx_std::_Select1st<struct stlpmtx_std::pair<class Symbol const, int>>, struct stlpmtx_std::equal_to<class Symbol>, class stlpmtx_std::StlNodeAlloc<struct stlpmtx_std::pair<class Symbol const, int>>>::_M_find<class Symbol>(class Symbol const &) const	private: class stlpmtx_std::priv::_Slist_iterator<struct stlpmtx_std::pair<class Symbol const, class CampaignLevel *>, struct stlpmtx_std::_Nonconst_traits<struct stlpmtx_std::pair<class Symbol const, class CampaignLevel *>>> __cdecl stlpmtx_std::hashtable<struct stlpmtx_std::pair<class Symbol const, class CampaignLevel *>, class Symbol, struct stlpmtx_std::hash<class Symbol>, struct stlpmtx_std::priv::_HashMapTraitsT<struct stlpmtx_std::pair<class Symbol const, class CampaignLevel *>>, struct stlpmtx_std::_Select1st<struct stlpmtx_std::pair<class Symbol const, class CampaignLevel *>>, struct stlpmtx_std::equal_to<class Symbol>, class stlpmtx_std::StlNodeAlloc<struct stlpmtx_std::pair<class Symbol const, class CampaignLevel *>>>::_M_find<class Symbol>(class Symbol const &) const
72	A_FOLD_CONSISTENT	engine	default/PropSync	??1PresetOverride@WorldDir@@QAA@XZ	99.7222	SAME	REFUTED	public: virtual __cdecl ObjRefConcrete<class FxSend, class ObjectDir>::~ObjRefConcrete<class FxSend, class ObjectDir>(void)	public: virtual __cdecl ObjRefConcrete<class LightHue, class ObjectDir>::~ObjRefConcrete<class LightHue, class ObjectDir>(void)
72	A_FOLD_CONSISTENT	engine	default/Group	?ListAnimChildren@RndGroup@@UBAXAAV?$list@PAVRndAnimatable@@V?$StlNodeAlloc@PAVRndAnimatable@@@stlpmtx_std@@@stlpmtx_std@@@Z	99.7222	SAME	REFUTED	private: void __cdecl stlpmtx_std::list<class RndPollable *, class stlpmtx_std::StlNodeAlloc<class RndPollable *>>::_M_splice_insert_dispatch<class RndPollable *const *>(struct stlpmtx_std::_List_iterator<class RndPollable *, struct stlpmtx_std::_Nonconst_traits<class RndPollable *>>, class RndPollable *const *, class RndPollable *const *, struct stlpmtx_std::__false_type const &)	private: void __cdecl stlpmtx_std::list<class RndAnimatable *, class stlpmtx_std::StlNodeAlloc<class RndAnimatable *>>::_M_splice_insert_dispatch<class RndAnimatable *const *>(struct stlpmtx_std::_List_iterator<class RndAnimatable *, struct stlpmtx_std::_Nonconst_traits<class RndAnimatable *>>, class RndAnimatable *const *, class RndAnimatable *const *, struct stlpmtx_std::__false_type const &)
72	A_FOLD_CONSISTENT	engine	default/Crowd	??1CharDef@WorldCrowd@@QAA@XZ	99.7222	SAME	REFUTED	public: virtual __cdecl ObjRefConcrete<class CharDriver, class ObjectDir>::~ObjRefConcrete<class CharDriver, class ObjectDir>(void)	public: virtual __cdecl ObjRefConcrete<class Character, class ObjectDir>::~ObjRefConcrete<class Character, class ObjectDir>(void)
72	A_FOLD_CONSISTENT	engine	default/CameraShot	??0CamShotCrowd@@QAA@ABV0@@Z	99.7222	SAME	CORROBORATED	public: __cdecl stlpmtx_std::vector<class Extent, class stlpmtx_std::StlNodeAlloc<class Extent>>::vector<class Extent, class stlpmtx_std::StlNodeAlloc<class Extent>>(class stlpmtx_std::vector<class Extent, class stlpmtx_std::StlNodeAlloc<class Extent>> const &)	public: __cdecl stlpmtx_std::vector<struct stlpmtx_std::pair<int, int>, class stlpmtx_std::StlNodeAlloc<struct stlpmtx_std::pair<int, int>>>::vector<struct stlpmtx_std::pair<int, int>, class stlpmtx_std::StlNodeAlloc<struct stlpmtx_std::pair<int, int>>>(class stlpmtx_std::vector<struct stlpmtx_std::pair<int, int>, class stlpmtx_std::StlNodeAlloc<struct stlpmtx_std::pair<int, int>>> const &)
68	BC_DIFFERENT_UNRESOLVED	game	default/band3/game/Stats	?AddFailurePoint@Stats@@QAAXM@Z	99.7059	DIFFERENT	REFUTED	private: void __cdecl stlpmtx_std::vector<float *, class stlpmtx_std::StlNodeAlloc<float *>>::_M_fill_insert(float **, unsigned int, float *const &)	private: void __cdecl stlpmtx_std::vector<float, class stlpmtx_std::StlNodeAlloc<float>>::_M_fill_insert(float *, unsigned int, float const &)
68	A_FOLD_CONSISTENT	engine	default/system/rndobj/Utl	??$_Copy_Construct@UBuildPoly@@@stlpmtx_std@@YAXPAUBuildPoly@@ABU1@@Z	99.7059	SAME	CORROBORATED	public: __cdecl stlpmtx_std::vector<class Extent, class stlpmtx_std::StlNodeAlloc<class Extent>>::vector<class Extent, class stlpmtx_std::StlNodeAlloc<class Extent>>(class stlpmtx_std::vector<class Extent, class stlpmtx_std::StlNodeAlloc<class Extent>> const &)	public: __cdecl stlpmtx_std::vector<class Vector2, class stlpmtx_std::StlNodeAlloc<class Vector2>>::vector<class Vector2, class stlpmtx_std::StlNodeAlloc<class Vector2>>(class stlpmtx_std::vector<class Vector2, class stlpmtx_std::StlNodeAlloc<class Vector2>> const &)
68	BC_DIFFERENT_UNRESOLVED	engine	default/Shockwave	?resize@?$ObjList@UBitmapOverride@WorldDir@@@@QAAXI@Z	99.7059	DIFFERENT	REFUTED	public: void __cdecl stlpmtx_std::list<struct MsgSinks::Sink, class stlpmtx_std::StlNodeAlloc<struct MsgSinks::Sink>>::resize(unsigned int, struct MsgSinks::Sink const &)	public: void __cdecl stlpmtx_std::list<struct WorldDir::BitmapOverride, class stlpmtx_std::StlNodeAlloc<struct WorldDir::BitmapOverride>>::resize(unsigned int, struct WorldDir::BitmapOverride const &)
68	BC_DIFFERENT_UNRESOLVED	engine	default/system/world/Dir	?resize@?$ObjList@UMatOverride@WorldDir@@@@QAAXI@Z	99.7059	DIFFERENT	REFUTED	public: void __cdecl stlpmtx_std::list<struct BandCamShot::Target, class stlpmtx_std::StlNodeAlloc<struct BandCamShot::Target>>::resize(unsigned int, struct BandCamShot::Target const &)	public: void __cdecl stlpmtx_std::list<struct WorldDir::MatOverride, class stlpmtx_std::StlNodeAlloc<struct WorldDir::MatOverride>>::resize(unsigned int, struct WorldDir::MatOverride const &)
68	BC_DIFFERENT_UNRESOLVED	engine	default/EventTrigger	?resize@?$ObjList@UAnim@EventTrigger@@@@QAAXI@Z	99.7059	DIFFERENT	REFUTED	public: void __cdecl stlpmtx_std::list<struct FlowTrigger::PropTriggerDefn, class stlpmtx_std::StlNodeAlloc<struct FlowTrigger::PropTriggerDefn>>::resize(unsigned int, struct FlowTrigger::PropTriggerDefn const &)	public: void __cdecl stlpmtx_std::list<struct EventTrigger::Anim, class stlpmtx_std::StlNodeAlloc<struct EventTrigger::Anim>>::resize(unsigned int, struct EventTrigger::Anim const &)
68	BC_DIFFERENT_UNRESOLVED	engine	default/GemTrackResourceManager	??$_Copy_Construct@VSmasherPlateInfo@GemTrackResourceManager@@@stlpmtx_std@@YAXPAVSmasherPlateInfo@GemTrackResourceManager@@ABV12@@Z	99.7059	DIFFERENT	REFUTED	public: __cdecl ObjPtr<class RndMat>::ObjPtr<class RndMat>(class ObjPtr<class RndMat> const &)	public: __cdecl ObjPtr<class RndDir>::ObjPtr<class RndDir>(class ObjPtr<class RndDir> const &)
68	BC_DIFFERENT_UNRESOLVED	engine	default/LayerDir	?resize@?$ObjList@VLayer@LayerDir@@@@QAAXI@Z	99.7059	DIFFERENT	REFUTED	public: void __cdecl stlpmtx_std::list<class FilePath, class stlpmtx_std::StlNodeAlloc<class FilePath>>::resize(unsigned int, class FilePath const &)	public: void __cdecl stlpmtx_std::list<class LayerDir::Layer, class stlpmtx_std::StlNodeAlloc<class LayerDir::Layer>>::resize(unsigned int, class LayerDir::Layer const &)
68	C_PROVEN_CALLEE	engine	default/CharHair	?resize@?$ObjVector@VStrand@CharHair@@@@QAAXI@Z	99.7059	DIFFERENT	CORROBORATED	public: void __cdecl stlpmtx_std::vector<struct Flow::DynamicPropertyEntry, class stlpmtx_std::StlNodeAlloc<struct Flow::DynamicPropertyEntry>>::resize(unsigned int, struct Flow::DynamicPropertyEntry const &)	public: void __cdecl stlpmtx_std::vector<class CharHair::Strand, class stlpmtx_std::StlNodeAlloc<class CharHair::Strand>>::resize(unsigned int, class CharHair::Strand const &)
68	A_FOLD_CONSISTENT	engine	default/SongMgr	?ContentNameRoot@SongMgr@@IBAPBDVSymbol@@@Z	99.7059	SAME	CORROBORATED	private: class stlpmtx_std::priv::_Slist_iterator<struct stlpmtx_std::pair<class Symbol const, int>, struct stlpmtx_std::_Nonconst_traits<struct stlpmtx_std::pair<class Symbol const, int>>> __cdecl stlpmtx_std::hashtable<struct stlpmtx_std::pair<class Symbol const, int>, class Symbol, struct stlpmtx_std::hash<class Symbol>, struct stlpmtx_std::priv::_HashMapTraitsT<struct stlpmtx_std::pair<class Symbol const, int>>, struct stlpmtx_std::_Select1st<struct stlpmtx_std::pair<class Symbol const, int>>, struct stlpmtx_std::equal_to<class Symbol>, class stlpmtx_std::StlNodeAlloc<struct stlpmtx_std::pair<class Symbol const, int>>>::_M_find<class Symbol>(class Symbol const &) const	private: class stlpmtx_std::priv::_Slist_iterator<struct stlpmtx_std::pair<class Symbol const, class String>, struct stlpmtx_std::_Nonconst_traits<struct stlpmtx_std::pair<class Symbol const, class String>>> __cdecl stlpmtx_std::hashtable<struct stlpmtx_std::pair<class Symbol const, class String>, class Symbol, struct stlpmtx_std::hash<class Symbol>, struct stlpmtx_std::priv::_HashMapTraitsT<struct stlpmtx_std::pair<class Symbol const, class String>>, struct stlpmtx_std::_Select1st<struct stlpmtx_std::pair<class Symbol const, class String>>, struct stlpmtx_std::equal_to<class Symbol>, class stlpmtx_std::StlNodeAlloc<struct stlpmtx_std::pair<class Symbol const, class String>>>::_M_find<class Symbol>(class Symbol const &) const
64	A_FOLD_CONSISTENT	engine	default/Line	?Mats@RndLine@@UAAXAAV?$list@PAVRndMat@@V?$StlNodeAlloc@PAVRndMat@@@stlpmtx_std@@@stlpmtx_std@@_N@Z	99.6875	SAME	REFUTED	public: struct stlpmtx_std::_List_iterator<class CharClip *, struct stlpmtx_std::_Nonconst_traits<class CharClip *>> __cdecl stlpmtx_std::list<class CharClip *, class stlpmtx_std::StlNodeAlloc<class CharClip *>>::insert(struct stlpmtx_std::_List_iterator<class CharClip *, struct stlpmtx_std::_Nonconst_traits<class CharClip *>>, class CharClip *const &)	public: struct stlpmtx_std::_List_iterator<class RndMat *, struct stlpmtx_std::_Nonconst_traits<class RndMat *>> __cdecl stlpmtx_std::list<class RndMat *, class stlpmtx_std::StlNodeAlloc<class RndMat *>>::insert(struct stlpmtx_std::_List_iterator<class RndMat *, struct stlpmtx_std::_Nonconst_traits<class RndMat *>>, class RndMat *const &)
64	A_FOLD_CONSISTENT	engine	default/MeshAnim	?ListDrawChildren@RndMultiMesh@@UAAXAAV?$list@PAVRndDrawable@@V?$StlNodeAlloc@PAVRndDrawable@@@stlpmtx_std@@@stlpmtx_std@@@Z	99.6875	SAME	REFUTED	public: struct stlpmtx_std::_List_iterator<class CharClip *, struct stlpmtx_std::_Nonconst_traits<class CharClip *>> __cdecl stlpmtx_std::list<class CharClip *, class stlpmtx_std::StlNodeAlloc<class CharClip *>>::insert(struct stlpmtx_std::_List_iterator<class CharClip *, struct stlpmtx_std::_Nonconst_traits<class CharClip *>>, class CharClip *const &)	public: struct stlpmtx_std::_List_iterator<class RndDrawable *, struct stlpmtx_std::_Nonconst_traits<class RndDrawable *>> __cdecl stlpmtx_std::list<class RndDrawable *, class stlpmtx_std::StlNodeAlloc<class RndDrawable *>>::insert(struct stlpmtx_std::_List_iterator<class RndDrawable *, struct stlpmtx_std::_Nonconst_traits<class RndDrawable *>>, class RndDrawable *const &)
64	A_FOLD_CONSISTENT	game	default/band3/meta_band/BandProfile	?AddNewChar@BandProfile@@QAAXPAVTourCharLocal@@@Z	99.6875	SAME	REFUTED	public: void __cdecl stlpmtx_std::vector<class ChatReceiver *, class stlpmtx_std::StlNodeAlloc<class ChatReceiver *>>::push_back(class ChatReceiver *const &)	public: void __cdecl stlpmtx_std::vector<class TourCharLocal *, class stlpmtx_std::StlNodeAlloc<class TourCharLocal *>>::push_back(class TourCharLocal *const &)
64	A_FOLD_CONSISTENT	game	default/band3/tour/TourWeightManager	??0TourWeightManager@@QAA@XZ	99.6875	SAME	CORROBORATED	public: __cdecl stlpmtx_std::hash_map<class Symbol, int, struct stlpmtx_std::hash<class Symbol>, struct stlpmtx_std::equal_to<class Symbol>, class stlpmtx_std::StlNodeAlloc<struct stlpmtx_std::pair<class Symbol const, int>>>::hash_map<class Symbol, int, struct stlpmtx_std::hash<class Symbol>, struct stlpmtx_std::equal_to<class Symbol>, class stlpmtx_std::StlNodeAlloc<struct stlpmtx_std::pair<class Symbol const, int>>>(void)	public: __cdecl stlpmtx_std::hash_map<class Symbol, float, struct stlpmtx_std::hash<class Symbol>, struct stlpmtx_std::equal_to<class Symbol>, class stlpmtx_std::StlNodeAlloc<struct stlpmtx_std::pair<class Symbol const, float>>>::hash_map<class Symbol, float, struct stlpmtx_std::hash<class Symbol>, struct stlpmtx_std::equal_to<class Symbol>, class stlpmtx_std::StlNodeAlloc<struct stlpmtx_std::pair<class Symbol const, float>>>(void)
64	A_FOLD_CONSISTENT	engine	default/AnimFilter	?ListAnimChildren@RndAnimFilter@@UBAXAAV?$list@PAVRndAnimatable@@V?$StlNodeAlloc@PAVRndAnimatable@@@stlpmtx_std@@@stlpmtx_std@@@Z	99.6875	SAME	REFUTED	public: struct stlpmtx_std::_List_iterator<class CharClip *, struct stlpmtx_std::_Nonconst_traits<class CharClip *>> __cdecl stlpmtx_std::list<class CharClip *, class stlpmtx_std::StlNodeAlloc<class CharClip *>>::insert(struct stlpmtx_std::_List_iterator<class CharClip *, struct stlpmtx_std::_Nonconst_traits<class CharClip *>>, class CharClip *const &)	public: struct stlpmtx_std::_List_iterator<class RndAnimatable *, struct stlpmtx_std::_Nonconst_traits<class RndAnimatable *>> __cdecl stlpmtx_std::list<class RndAnimatable *, class stlpmtx_std::StlNodeAlloc<class RndAnimatable *>>::insert(struct stlpmtx_std::_List_iterator<class RndAnimatable *, struct stlpmtx_std::_Nonconst_traits<class RndAnimatable *>>, class RndAnimatable *const &)
64	A_FOLD_CONSISTENT	engine	default/Gen	?ListAnimChildren@RndGenerator@@UBAXAAV?$list@PAVRndAnimatable@@V?$StlNodeAlloc@PAVRndAnimatable@@@stlpmtx_std@@@stlpmtx_std@@@Z	99.6875	SAME	REFUTED	public: struct stlpmtx_std::_List_iterator<class CharClip *, struct stlpmtx_std::_Nonconst_traits<class CharClip *>> __cdecl stlpmtx_std::list<class CharClip *, class stlpmtx_std::StlNodeAlloc<class CharClip *>>::insert(struct stlpmtx_std::_List_iterator<class CharClip *, struct stlpmtx_std::_Nonconst_traits<class CharClip *>>, class CharClip *const &)	public: struct stlpmtx_std::_List_iterator<class RndAnimatable *, struct stlpmtx_std::_Nonconst_traits<class RndAnimatable *>> __cdecl stlpmtx_std::list<class RndAnimatable *, class stlpmtx_std::StlNodeAlloc<class RndAnimatable *>>::insert(struct stlpmtx_std::_List_iterator<class RndAnimatable *, struct stlpmtx_std::_Nonconst_traits<class RndAnimatable *>>, class RndAnimatable *const &)
64	UNDECIDABLE	engine	default/system/beatmatch/PhraseList	?AddPhrase@PhraseListCollection@@QAAXW4BeatmatchPhraseType@@MHMH@Z	99.6875	UNKNOWN	REFUTED	public: void __cdecl stlpmtx_std::vector<class SongParser::GemInProgress, class stlpmtx_std::StlNodeAlloc<class SongParser::GemInProgress>>::push_back(class SongParser::GemInProgress const &)	public: void __cdecl stlpmtx_std::vector<struct Phrase, class stlpmtx_std::StlNodeAlloc<struct Phrase>>::push_back(struct Phrase const &)
64	BC_DIFFERENT_UNRESOLVED	engine	default/TrackWidget	?Sort@?$TrackWidgetImp@UInstance@RndMultiMesh@@@@UAAXXZ	99.6875	DIFFERENT	REFUTED	void __cdecl stlpmtx_std::_S_sort<class MeshInstance, class stlpmtx_std::StlNodeAlloc<class MeshInstance>, class WidgetInstanceCmp<class MeshInstance>>(class stlpmtx_std::list<class MeshInstance, class stlpmtx_std::StlNodeAlloc<class MeshInstance>> &, class WidgetInstanceCmp<class MeshInstance>)	void __cdecl stlpmtx_std::_S_sort<struct RndMultiMesh::Instance, class stlpmtx_std::StlNodeAlloc<struct RndMultiMesh::Instance>, class WidgetInstanceCmp<struct RndMultiMesh::Instance>>(class stlpmtx_std::list<struct RndMultiMesh::Instance, class stlpmtx_std::StlNodeAlloc<struct RndMultiMesh::Instance>> &, class WidgetInstanceCmp<struct RndMultiMesh::Instance>)
60	A_FOLD_CONSISTENT	engine	default/system/synth/VoiceBeat	?LoadEvents@TalkyMatcher@@QAAXABV?$vector@MV?$StlNodeAlloc@M@stlpmtx_std@@@stlpmtx_std@@0@Z	99.3333	SAME	CORROBORATED	public: class stlpmtx_std::vector<int, class stlpmtx_std::StlNodeAlloc<int>> & __cdecl stlpmtx_std::vector<int, class stlpmtx_std::StlNodeAlloc<int>>::operator=(class stlpmtx_std::vector<int, class stlpmtx_std::StlNodeAlloc<int>> const &)	public: class stlpmtx_std::vector<float, class stlpmtx_std::StlNodeAlloc<float>> & __cdecl stlpmtx_std::vector<float, class stlpmtx_std::StlNodeAlloc<float>>::operator=(class stlpmtx_std::vector<float, class stlpmtx_std::StlNodeAlloc<float>> const &)
60	A_FOLD_CONSISTENT	engine	default/Synapse_dsp	??$_Copy_Construct@V?$vector@MV?$StlNodeAlloc@M@stlpmtx_std@@@stlpmtx_std@@@stlpmtx_std@@YAXPAV?$vector@MV?$StlNodeAlloc@M@stlpmtx_std@@@0@ABV10@@Z	99.6667	SAME	REFUTED	public: __cdecl stlpmtx_std::vector<int, class stlpmtx_std::StlNodeAlloc<int>>::vector<int, class stlpmtx_std::StlNodeAlloc<int>>(class stlpmtx_std::vector<int, class stlpmtx_std::StlNodeAlloc<int>> const &)	public: __cdecl stlpmtx_std::vector<float, class stlpmtx_std::StlNodeAlloc<float>>::vector<float, class stlpmtx_std::StlNodeAlloc<float>>(class stlpmtx_std::vector<float, class stlpmtx_std::StlNodeAlloc<float>> const &)
60	UNDECIDABLE	game	default/Tour	??$_Copy_Construct@V?$set@VSymbol@@U?$less@VSymbol@@@stlpmtx_std@@V?$StlNodeAlloc@VSymbol@@@3@@stlpmtx_std@@@stlpmtx_std@@YAXPAV?$set@VSymbol@@U?$less@VSymbol@@@stlpmtx_std@@V?$StlNodeAlloc@VSymbol@@@3@@0@ABV10@@Z	99.6667	UNKNOWN	REFUTED	public: __cdecl stlpmtx_std::_Rb_tree<class TrackWidget *, struct stlpmtx_std::less<class TrackWidget *>, class TrackWidget *, struct stlpmtx_std::_Identity<class TrackWidget *>, struct stlpmtx_std::priv::_SetTraitsT<class TrackWidget *>, class stlpmtx_std::StlNodeAlloc<class TrackWidget *>>::_Rb_tree<class TrackWidget *, struct stlpmtx_std::less<class TrackWidget *>, class TrackWidget *, struct stlpmtx_std::_Identity<class TrackWidget *>, struct stlpmtx_std::priv::_SetTraitsT<class TrackWidget *>, class stlpmtx_std::StlNodeAlloc<class TrackWidget *>>(class stlpmtx_std::_Rb_tree<class TrackWidget *, struct stlpmtx_std::less<class TrackWidget *>, class TrackWidget *, struct stlpmtx_std::_Identity<class TrackWidget *>, struct stlpmtx_std::priv::_SetTraitsT<class TrackWidget *>, class stlpmtx_std::StlNodeAlloc<class TrackWidget *>> const &)	public: __cdecl stlpmtx_std::_Rb_tree<class Symbol, struct stlpmtx_std::less<class Symbol>, class Symbol, struct stlpmtx_std::_Identity<class Symbol>, struct stlpmtx_std::priv::_SetTraitsT<class Symbol>, class stlpmtx_std::StlNodeAlloc<class Symbol>>::_Rb_tree<class Symbol, struct stlpmtx_std::less<class Symbol>, class Symbol, struct stlpmtx_std::_Identity<class Symbol>, struct stlpmtx_std::priv::_SetTraitsT<class Symbol>, class stlpmtx_std::StlNodeAlloc<class Symbol>>(class stlpmtx_std::_Rb_tree<class Symbol, struct stlpmtx_std::less<class Symbol>, class Symbol, struct stlpmtx_std::_Identity<class Symbol>, struct stlpmtx_std::priv::_SetTraitsT<class Symbol>, class stlpmtx_std::StlNodeAlloc<class Symbol>> const &)
60	A_FOLD_CONSISTENT	engine	default/MeshAnim	??$_Param_Construct@V?$Key@V?$vector@VVector2@@V?$StlNodeAlloc@VVector2@@@stlpmtx_std@@@stlpmtx_std@@@@V1@@stlpmtx_std@@YAXPAV?$Key@V?$vector@VVector2@@V?$StlNodeAlloc@VVector2@@@stlpmtx_std@@@stlpmtx_std@@@@ABV1@@Z	99.6667	SAME	CORROBORATED	public: __cdecl stlpmtx_std::vector<class Extent, class stlpmtx_std::StlNodeAlloc<class Extent>>::vector<class Extent, class stlpmtx_std::StlNodeAlloc<class Extent>>(class stlpmtx_std::vector<class Extent, class stlpmtx_std::StlNodeAlloc<class Extent>> const &)	public: __cdecl stlpmtx_std::vector<class Vector2, class stlpmtx_std::StlNodeAlloc<class Vector2>>::vector<class Vector2, class stlpmtx_std::StlNodeAlloc<class Vector2>>(class stlpmtx_std::vector<class Vector2, class stlpmtx_std::StlNodeAlloc<class Vector2>> const &)
60	A_FOLD_CONSISTENT	game	default/band3/meta_band/AccomplishmentManager	?HasAward@AccomplishmentManager@@QBA_NVSymbol@@@Z	99.6667	SAME	CORROBORATED	private: class stlpmtx_std::priv::_Slist_iterator<struct stlpmtx_std::pair<class Symbol const, int>, struct stlpmtx_std::_Nonconst_traits<struct stlpmtx_std::pair<class Symbol const, int>>> __cdecl stlpmtx_std::hashtable<struct stlpmtx_std::pair<class Symbol const, int>, class Symbol, struct stlpmtx_std::hash<class Symbol>, struct stlpmtx_std::priv::_HashMapTraitsT<struct stlpmtx_std::pair<class Symbol const, int>>, struct stlpmtx_std::_Select1st<struct stlpmtx_std::pair<class Symbol const, int>>, struct stlpmtx_std::equal_to<class Symbol>, class stlpmtx_std::StlNodeAlloc<struct stlpmtx_std::pair<class Symbol const, int>>>::_M_find<class Symbol>(class Symbol const &) const	private: class stlpmtx_std::priv::_Slist_iterator<struct stlpmtx_std::pair<class Symbol const, class Award *>, struct stlpmtx_std::_Nonconst_traits<struct stlpmtx_std::pair<class Symbol const, class Award *>>> __cdecl stlpmtx_std::hashtable<struct stlpmtx_std::pair<class Symbol const, class Award *>, class Symbol, struct stlpmtx_std::hash<class Symbol>, struct stlpmtx_std::priv::_HashMapTraitsT<struct stlpmtx_std::pair<class Symbol const, class Award *>>, struct stlpmtx_std::_Select1st<struct stlpmtx_std::pair<class Symbol const, class Award *>>, struct stlpmtx_std::equal_to<class Symbol>, class stlpmtx_std::StlNodeAlloc<struct stlpmtx_std::pair<class Symbol const, class Award *>>>::_M_find<class Symbol>(class Symbol const &) const
60	A_FOLD_CONSISTENT	game	default/band3/meta_band/AccomplishmentManager	?HasAccomplishment@AccomplishmentManager@@QBA_NVSymbol@@@Z	99.6667	SAME	CORROBORATED	private: class stlpmtx_std::priv::_Slist_iterator<struct stlpmtx_std::pair<class Symbol const, int>, struct stlpmtx_std::_Nonconst_traits<struct stlpmtx_std::pair<class Symbol const, int>>> __cdecl stlpmtx_std::hashtable<struct stlpmtx_std::pair<class Symbol const, int>, class Symbol, struct stlpmtx_std::hash<class Symbol>, struct stlpmtx_std::priv::_HashMapTraitsT<struct stlpmtx_std::pair<class Symbol const, int>>, struct stlpmtx_std::_Select1st<struct stlpmtx_std::pair<class Symbol const, int>>, struct stlpmtx_std::equal_to<class Symbol>, class stlpmtx_std::StlNodeAlloc<struct stlpmtx_std::pair<class Symbol const, int>>>::_M_find<class Symbol>(class Symbol const &) const	private: class stlpmtx_std::priv::_Slist_iterator<struct stlpmtx_std::pair<class Symbol const, class Accomplishment *>, struct stlpmtx_std::_Nonconst_traits<struct stlpmtx_std::pair<class Symbol const, class Accomplishment *>>> __cdecl stlpmtx_std::hashtable<struct stlpmtx_std::pair<class Symbol const, class Accomplishment *>, class Symbol, struct stlpmtx_std::hash<class Symbol>, struct stlpmtx_std::priv::_HashMapTraitsT<struct stlpmtx_std::pair<class Symbol const, class Accomplishment *>>, struct stlpmtx_std::_Select1st<struct stlpmtx_std::pair<class Symbol const, class Accomplishment *>>, struct stlpmtx_std::equal_to<class Symbol>, class stlpmtx_std::StlNodeAlloc<struct stlpmtx_std::pair<class Symbol const, class Accomplishment *>>>::_M_find<class Symbol>(class Symbol const &) const
60	A_FOLD_CONSISTENT	engine	default/SongData	?AddRangeShift@SongData@@UAAXHM@Z	99.6667	SAME	CORROBORATED	public: float & __cdecl stlpmtx_std::map<class Hmx::CRC, float, struct stlpmtx_std::less<class Hmx::CRC>, class stlpmtx_std::StlNodeAlloc<struct stlpmtx_std::pair<class Hmx::CRC const, float>>>::operator[](class Hmx::CRC const &)	public: float & __cdecl stlpmtx_std::map<int, float, struct stlpmtx_std::less<int>, class stlpmtx_std::StlNodeAlloc<struct stlpmtx_std::pair<int const, float>>>::operator[](int const &)
60	UNDECIDABLE	engine	default/FileChecksum	?SetFileChecksumData@@YAXPAUFileChecksum@@H@Z	99.6667	UNKNOWN	REFUTED	public: void __cdecl stlpmtx_std::vector<class Vector2, class stlpmtx_std::StlNodeAlloc<class Vector2>>::push_back(class Vector2 const &)	public: void __cdecl stlpmtx_std::vector<struct ChecksumData, class stlpmtx_std::StlNodeAlloc<struct ChecksumData>>::push_back(struct ChecksumData const &)
56	A_FOLD_CONSISTENT	engine	default/SpotlightDrawer	?ListDrawChildren@SpotlightDrawer@@UAAXAAV?$list@PAVRndDrawable@@V?$StlNodeAlloc@PAVRndDrawable@@@stlpmtx_std@@@stlpmtx_std@@@Z	99.6429	SAME	REFUTED	public: struct stlpmtx_std::_List_iterator<class CharClip *, struct stlpmtx_std::_Nonconst_traits<class CharClip *>> __cdecl stlpmtx_std::list<class CharClip *, class stlpmtx_std::StlNodeAlloc<class CharClip *>>::insert(struct stlpmtx_std::_List_iterator<class CharClip *, struct stlpmtx_std::_Nonconst_traits<class CharClip *>>, class CharClip *const &)	public: struct stlpmtx_std::_List_iterator<class RndDrawable *, struct stlpmtx_std::_Nonconst_traits<class RndDrawable *>> __cdecl stlpmtx_std::list<class RndDrawable *, class stlpmtx_std::StlNodeAlloc<class RndDrawable *>>::insert(struct stlpmtx_std::_List_iterator<class RndDrawable *, struct stlpmtx_std::_Nonconst_traits<class RndDrawable *>>, class RndDrawable *const &)
56	BC_DIFFERENT_UNRESOLVED	game	default/band3/meta_band/SongUpgradeMgr	?ContentStarted@SongUpgradeMgr@@UAAXXZ	99.6429	DIFFERENT	REFUTED	public: void __cdecl stlpmtx_std::_Rb_tree<class Symbol, struct stlpmtx_std::less<class Symbol>, struct stlpmtx_std::pair<class Symbol const, class CharLipSync *>, struct stlpmtx_std::_Select1st<struct stlpmtx_std::pair<class Symbol const, class CharLipSync *>>, struct stlpmtx_std::priv::_MapTraitsT<struct stlpmtx_std::pair<class Symbol const, class CharLipSync *>>, class stlpmtx_std::StlNodeAlloc<struct stlpmtx_std::pair<class Symbol const, class CharLipSync *>>>::clear(void)	public: void __cdecl stlpmtx_std::_Rb_tree<int, struct stlpmtx_std::less<int>, int, struct stlpmtx_std::_Identity<int>, struct stlpmtx_std::priv::_SetTraitsT<int>, class stlpmtx_std::StlNodeAlloc<int>>::clear(void)
56	UNDECIDABLE	network	default/network/net/Synchronize	?AddDirtyUser@Synchronizable@@QAAXABVUserGuid@@@Z	99.6429	UNKNOWN	REFUTED	public: void __cdecl stlpmtx_std::vector<class SongParser::GemInProgress, class stlpmtx_std::StlNodeAlloc<class SongParser::GemInProgress>>::push_back(class SongParser::GemInProgress const &)	public: void __cdecl stlpmtx_std::vector<class UserGuid, class stlpmtx_std::StlNodeAlloc<class UserGuid>>::push_back(class UserGuid const &)
56	A_FOLD_CONSISTENT	engine	default/Morph	??0Pose@RndMorph@@QAA@ABU01@@Z	99.6429	SAME	CORROBORATED	public: __cdecl stlpmtx_std::vector<class Extent, class stlpmtx_std::StlNodeAlloc<class Extent>>::vector<class Extent, class stlpmtx_std::StlNodeAlloc<class Extent>>(class stlpmtx_std::vector<class Extent, class stlpmtx_std::StlNodeAlloc<class Extent>> const &)	public: __cdecl stlpmtx_std::vector<class Key<float>, class stlpmtx_std::StlNodeAlloc<class Key<float>>>::vector<class Key<float>, class stlpmtx_std::StlNodeAlloc<class Key<float>>>(class stlpmtx_std::vector<class Key<float>, class stlpmtx_std::StlNodeAlloc<class Key<float>>> const &)
56	A_FOLD_CONSISTENT	engine	default/ContentMgr	?RegisterCallback@ContentMgr@@QAAXPAVCallback@1@_N@Z	99.6429	SAME	REFUTED	public: struct stlpmtx_std::_List_iterator<class CharClip *, struct stlpmtx_std::_Nonconst_traits<class CharClip *>> __cdecl stlpmtx_std::list<class CharClip *, class stlpmtx_std::StlNodeAlloc<class CharClip *>>::insert(struct stlpmtx_std::_List_iterator<class CharClip *, struct stlpmtx_std::_Nonconst_traits<class CharClip *>>, class CharClip *const &)	public: struct stlpmtx_std::_List_iterator<class ContentMgr::Callback *, struct stlpmtx_std::_Nonconst_traits<class ContentMgr::Callback *>> __cdecl stlpmtx_std::list<class ContentMgr::Callback *, class stlpmtx_std::StlNodeAlloc<class ContentMgr::Callback *>>::insert(struct stlpmtx_std::_List_iterator<class ContentMgr::Callback *, struct stlpmtx_std::_Nonconst_traits<class ContentMgr::Callback *>>, class ContentMgr::Callback *const &)
48	UNDECIDABLE	engine	default/StandardStream	?RemapChannel@StandardStream@@UAAXHH@Z	99.5833	UNKNOWN	REFUTED	public: void __cdecl stlpmtx_std::vector<struct stlpmtx_std::pair<class VocalPhrase const *, class VocalPart *>, class stlpmtx_std::StlNodeAlloc<struct stlpmtx_std::pair<class VocalPhrase const *, class VocalPart *>>>::push_back(struct stlpmtx_std::pair<class VocalPhrase const *, class VocalPart *> const &)	public: void __cdecl stlpmtx_std::vector<struct stlpmtx_std::pair<int, int>, class stlpmtx_std::StlNodeAlloc<struct stlpmtx_std::pair<int, int>>>::push_back(struct stlpmtx_std::pair<int, int> const &)
48	A_FOLD_CONSISTENT	engine	default/system/beatmatch/SlotChannelMapping	?FillChannelList@SingleSlotChannelMapping@@UBAXAAV?$list@HV?$StlNodeAlloc@H@stlpmtx_std@@@stlpmtx_std@@@Z	99.5833	SAME	REFUTED	public: struct stlpmtx_std::_List_iterator<class CharClip *, struct stlpmtx_std::_Nonconst_traits<class CharClip *>> __cdecl stlpmtx_std::list<class CharClip *, class stlpmtx_std::StlNodeAlloc<class CharClip *>>::insert(struct stlpmtx_std::_List_iterator<class CharClip *, struct stlpmtx_std::_Nonconst_traits<class CharClip *>>, class CharClip *const &)	public: struct stlpmtx_std::_List_iterator<int, struct stlpmtx_std::_Nonconst_traits<int>> __cdecl stlpmtx_std::list<int, class stlpmtx_std::StlNodeAlloc<int>>::insert(struct stlpmtx_std::_List_iterator<int, struct stlpmtx_std::_Nonconst_traits<int>>, int const &)
44	A_FOLD_CONSISTENT	engine	default/TrackDir	?AddActiveWidget@TrackDir@@QAAXPAVTrackWidget@@@Z	99.5455	SAME	REFUTED	public: void __cdecl stlpmtx_std::vector<class ChatReceiver *, class stlpmtx_std::StlNodeAlloc<class ChatReceiver *>>::push_back(class ChatReceiver *const &)	public: void __cdecl stlpmtx_std::vector<class TrackWidget *, class stlpmtx_std::StlNodeAlloc<class TrackWidget *>>::push_back(class TrackWidget *const &)
44	UNDECIDABLE	game	default/OvershellSlot	?AddPotentialUser@OvershellSlot@@QAAXVPotentialUserEntry@@@Z	99.5455	UNKNOWN	REFUTED	public: void __cdecl stlpmtx_std::vector<class Vector2, class stlpmtx_std::StlNodeAlloc<class Vector2>>::push_back(class Vector2 const &)	public: void __cdecl stlpmtx_std::vector<class PotentialUserEntry, class stlpmtx_std::StlNodeAlloc<class PotentialUserEntry>>::push_back(class PotentialUserEntry const &)
44	UNDECIDABLE	game	default/OvershellSlot	?AddValidController@OvershellSlot@@QAAXW4ControllerType@@@Z	99.5455	UNKNOWN	REFUTED	public: void __cdecl stlpmtx_std::vector<class Symbol, class stlpmtx_std::StlNodeAlloc<class Symbol>>::push_back(class Symbol const &)	public: void __cdecl stlpmtx_std::vector<enum ControllerType, class stlpmtx_std::StlNodeAlloc<enum ControllerType>>::push_back(enum ControllerType const &)
44	UNDECIDABLE	game	default/OvershellSlot	?AddAutoVocalsValidController@OvershellSlot@@QAAXW4ControllerType@@@Z	99.5455	UNKNOWN	REFUTED	public: void __cdecl stlpmtx_std::vector<class Symbol, class stlpmtx_std::StlNodeAlloc<class Symbol>>::push_back(class Symbol const &)	public: void __cdecl stlpmtx_std::vector<enum ControllerType, class stlpmtx_std::StlNodeAlloc<enum ControllerType>>::push_back(enum ControllerType const &)
44	A_FOLD_CONSISTENT	engine	default/system/beatmatch/BeatMaster	?RegisterSink@BeatMaster@@QAAXAAVBeatMasterSink@@@Z	99.5455	SAME	REFUTED	public: void __cdecl stlpmtx_std::vector<class ChatReceiver *, class stlpmtx_std::StlNodeAlloc<class ChatReceiver *>>::push_back(class ChatReceiver *const &)	public: void __cdecl stlpmtx_std::vector<class BeatMasterSink *, class stlpmtx_std::StlNodeAlloc<class BeatMasterSink *>>::push_back(class BeatMasterSink *const &)
44	A_FOLD_CONSISTENT	engine	default/SongData	?AddSink@SongData@@QAAXPAVSongParserSink@@@Z	99.5455	SAME	REFUTED	public: void __cdecl stlpmtx_std::vector<class ChatReceiver *, class stlpmtx_std::StlNodeAlloc<class ChatReceiver *>>::push_back(class ChatReceiver *const &)	public: void __cdecl stlpmtx_std::vector<class SongParserSink *, class stlpmtx_std::StlNodeAlloc<class SongParserSink *>>::push_back(class SongParserSink *const &)
44	A_FOLD_CONSISTENT	engine	default/SongParser	?AddReceiver@SongParser@@QAAXPAVMidiReceiver@@@Z	99.5455	SAME	REFUTED	public: void __cdecl stlpmtx_std::vector<class ChatReceiver *, class stlpmtx_std::StlNodeAlloc<class ChatReceiver *>>::push_back(class ChatReceiver *const &)	public: void __cdecl stlpmtx_std::vector<class MidiReceiver *, class stlpmtx_std::StlNodeAlloc<class MidiReceiver *>>::push_back(class MidiReceiver *const &)
44	A_FOLD_CONSISTENT	engine	default/TrackWatcherImpl	?AddSink@TrackWatcherImpl@@UAAXPAVBeatMatchSink@@@Z	99.5455	SAME	REFUTED	public: void __cdecl stlpmtx_std::vector<class ChatReceiver *, class stlpmtx_std::StlNodeAlloc<class ChatReceiver *>>::push_back(class ChatReceiver *const &)	public: void __cdecl stlpmtx_std::vector<class BeatMatchSink *, class stlpmtx_std::StlNodeAlloc<class BeatMatchSink *>>::push_back(class BeatMatchSink *const &)
44	A_FOLD_CONSISTENT	engine	default/system/synth_xbox/FxSend	?AddOwnerVoice@FxSend360@@UAAXPAVVoice@@@Z	99.5455	SAME	REFUTED	public: void __cdecl stlpmtx_std::vector<class ChatReceiver *, class stlpmtx_std::StlNodeAlloc<class ChatReceiver *>>::push_back(class ChatReceiver *const &)	public: void __cdecl stlpmtx_std::vector<class Voice *, class stlpmtx_std::StlNodeAlloc<class Voice *>>::push_back(class Voice *const &)
44	A_FOLD_CONSISTENT	engine	default/system/synth_xbox/Synth	?AddFxSend@Synth360@@QAAXPAVFxSend360@@@Z	99.5455	SAME	REFUTED	public: void __cdecl stlpmtx_std::vector<class ChatReceiver *, class stlpmtx_std::StlNodeAlloc<class ChatReceiver *>>::push_back(class ChatReceiver *const &)	public: void __cdecl stlpmtx_std::vector<class FxSend360 *, class stlpmtx_std::StlNodeAlloc<class FxSend360 *>>::push_back(class FxSend360 *const &)
40	UNDECIDABLE	engine	default/LitAnim	?SetKey@RndLightAnim@@UAAXM@Z	99.5000	UNKNOWN	REFUTED	public: int __cdecl Keys<class Vector3, class Vector3>::Add(class Vector3 const &, float, bool)	public: int __cdecl Keys<class Hmx::Color, class Hmx::Color>::Add(class Hmx::Color const &, float, bool)
28	A_FOLD_CONSISTENT	engine	default/DataEventList	?Compact@DataEventList@@QAAXXZ	99.2857	SAME	CORROBORATED	void __cdecl TrimExcess<struct MultiTempoTempoMap::TempoInfoPoint>(class stlpmtx_std::vector<struct MultiTempoTempoMap::TempoInfoPoint, class stlpmtx_std::StlNodeAlloc<struct MultiTempoTempoMap::TempoInfoPoint>> &)	void __cdecl TrimExcess<struct DataEventList::CompEv>(class stlpmtx_std::vector<struct DataEventList::CompEv, class stlpmtx_std::StlNodeAlloc<struct DataEventList::CompEv>> &)
16	A_FOLD_CONSISTENT	game	default/band3/meta_band/SessionMgr	?GetWaitingUsers@SessionMgr@@QAAXAAV?$vector@PAVRemoteBandUser@@V?$StlNodeAlloc@PAVRemoteBandUser@@@stlpmtx_std@@@stlpmtx_std@@@Z	98.7500	SAME	CORROBORATED	public: class stlpmtx_std::vector<int, class stlpmtx_std::StlNodeAlloc<int>> & __cdecl stlpmtx_std::vector<int, class stlpmtx_std::StlNodeAlloc<int>>::operator=(class stlpmtx_std::vector<int, class stlpmtx_std::StlNodeAlloc<int>> const &)	public: class stlpmtx_std::vector<class RemoteBandUser *, class stlpmtx_std::StlNodeAlloc<class RemoteBandUser *>> & __cdecl stlpmtx_std::vector<class RemoteBandUser *, class stlpmtx_std::StlNodeAlloc<class RemoteBandUser *>>::operator=(class stlpmtx_std::vector<class RemoteBandUser *, class stlpmtx_std::StlNodeAlloc<class RemoteBandUser *>> const &)
8	A_FOLD_CONSISTENT	game	default/band3/meta_band/LicenseMgr	?ClearCachedContent@LicenseMgr@@QAAXXZ	97.5000	SAME	REFUTED	public: void __cdecl stlpmtx_std::hashtable<struct stlpmtx_std::pair<class Symbol const, class stlpmtx_std::vector<class PatchSticker *, class stlpmtx_std::StlNodeAlloc<class PatchSticker *>>>, class Symbol, struct PatchDir::SymbolHash, struct stlpmtx_std::priv::_HashMapTraitsT<struct stlpmtx_std::pair<class Symbol const, class stlpmtx_std::vector<class PatchSticker *, class stlpmtx_std::StlNodeAlloc<class PatchSticker *>>>>, struct stlpmtx_std::_Select1st<struct stlpmtx_std::pair<class Symbol const, class stlpmtx_std::vector<class PatchSticker *, class stlpmtx_std::StlNodeAlloc<class PatchSticker *>>>>, struct stlpmtx_std::equal_to<class Symbol>, class stlpmtx_std::StlNodeAlloc<struct stlpmtx_std::pair<class Symbol const, class stlpmtx_std::vector<class PatchSticker *, class stlpmtx_std::StlNodeAlloc<class PatchSticker *>>>>>::clear(void)	public: void __cdecl stlpmtx_std::hashtable<struct stlpmtx_std::pair<class Symbol const, class stlpmtx_std::vector<class Symbol, class stlpmtx_std::StlNodeAlloc<class Symbol>>>, class Symbol, struct stlpmtx_std::hash<class Symbol>, struct stlpmtx_std::priv::_HashMapTraitsT<struct stlpmtx_std::pair<class Symbol const, class stlpmtx_std::vector<class Symbol, class stlpmtx_std::StlNodeAlloc<class Symbol>>>>, struct stlpmtx_std::_Select1st<struct stlpmtx_std::pair<class Symbol const, class stlpmtx_std::vector<class Symbol, class stlpmtx_std::StlNodeAlloc<class Symbol>>>>, struct stlpmtx_std::equal_to<class Symbol>, class stlpmtx_std::StlNodeAlloc<struct stlpmtx_std::pair<class Symbol const, class stlpmtx_std::vector<class Symbol, class stlpmtx_std::StlNodeAlloc<class Symbol>>>>>::clear(void)
8	C_PROVEN_CALLEE	engine	default/PropKeys	?ObjectAt@ObjectKeys@@UAAHMAAPAVObject@Hmx@@@Z	97.5000	DIFFERENT	CORROBORATED	public: int __cdecl Keys<class Symbol, class Symbol>::AtFrame(float, class Symbol &) const	public: int __cdecl Keys<class ObjectStage, class Hmx::Object *>::AtFrame(float, class Hmx::Object *&) const
8	C_PROVEN_CALLEE	engine	default/PropKeys	?SymbolAt@SymbolKeys@@UAAHMAAVSymbol@@@Z	97.5000	DIFFERENT	CORROBORATED	public: int __cdecl Keys<class ObjectStage, class Hmx::Object *>::AtFrame(float, class Hmx::Object *&) const	public: int __cdecl Keys<class Symbol, class Symbol>::AtFrame(float, class Symbol &) const
4	C_PROVEN_CALLEE	engine	default/WaveFile	??1?$ObjList@UMatOverride@WorldDir@@@@QAA@XZ	95.0000	DIFFERENT	CORROBORATED	public: void __cdecl stlpmtx_std::_List_base<struct CheatLog, class stlpmtx_std::StlNodeAlloc<struct CheatLog>>::clear(void)	public: void __cdecl stlpmtx_std::_List_base<struct WorldDir::MatOverride, class stlpmtx_std::StlNodeAlloc<struct WorldDir::MatOverride>>::clear(void)
4	C_PROVEN_CALLEE	engine	default/EventTrigger	??1?$ObjList@UAnim@EventTrigger@@@@QAA@XZ	95.0000	DIFFERENT	CORROBORATED	public: void __cdecl stlpmtx_std::_List_base<struct EventTrigger::ProxyCall, class stlpmtx_std::StlNodeAlloc<struct EventTrigger::ProxyCall>>::clear(void)	public: void __cdecl stlpmtx_std::_List_base<struct EventTrigger::Anim, class stlpmtx_std::StlNodeAlloc<struct EventTrigger::Anim>>::clear(void)
4	BC_DIFFERENT_UNRESOLVED	engine	default/BandCamShot	??1?$ObjList@UProxyCall@EventTrigger@@@@QAA@XZ	95.0000	DIFFERENT	REFUTED	public: void __cdecl stlpmtx_std::_List_base<struct WorldDir::BitmapOverride, class stlpmtx_std::StlNodeAlloc<struct WorldDir::BitmapOverride>>::clear(void)	public: void __cdecl stlpmtx_std::_List_base<struct EventTrigger::ProxyCall, class stlpmtx_std::StlNodeAlloc<struct EventTrigger::ProxyCall>>::clear(void)
4	BC_DIFFERENT_UNRESOLVED	engine	default/EventTrigger	??1?$ObjList@UPropTriggerDefn@FlowTrigger@@@@QAA@XZ	95.0000	DIFFERENT	REFUTED	public: void __cdecl stlpmtx_std::_List_base<struct EventTrigger::Anim, class stlpmtx_std::StlNodeAlloc<struct EventTrigger::Anim>>::clear(void)	public: void __cdecl stlpmtx_std::_List_base<struct FlowTrigger::PropTriggerDefn, class stlpmtx_std::StlNodeAlloc<struct FlowTrigger::PropTriggerDefn>>::clear(void)
4	A_FOLD_CONSISTENT	engine	default/CharIKHead	??1?$ObjPtr@VCharacter@@@@UAA@XZ	95.0000	SAME	REFUTED	public: virtual __cdecl ObjRefConcrete<class RndTransformable, class ObjectDir>::~ObjRefConcrete<class RndTransformable, class ObjectDir>(void)	public: virtual __cdecl ObjRefConcrete<class Character, class ObjectDir>::~ObjRefConcrete<class Character, class ObjectDir>(void)
