tier,symbol,unit,size,fuzzy,mpn,div_class,confidence,bytes_identical,why
TIER1_STRONG,??0SoundTouch@soundtouch@@QAA@XZ,default/SoundTouch,132,100.00,100.00,error,stable_divergent,0,"one side errors, the other does not"
TIER1_STRONG,?Handle@CharWeightable@@$4PPPPPPPM@A@AA?AVDataNode@@PAVDataArray@@_N@Z,default/CharWeightable,12,95.00,100.00,error,stable_divergent,0,our side errors: 
TIER1_STRONG,?Handle@MultiSelectListPanel@@$4PPPPPPPM@A@AA?AVDataNode@@PAVDataArray@@_N@Z,default/band3/meta_band/MultiSelectListPanel,12,95.00,100.00,error,stable_divergent,0,our side errors: 
TIER1_STRONG,??1AppMiniLeaderboardDisplay@@UAA@XZ,default/band3/meta_band/AppMiniLeaderboardDisplay,284,99.93,100.00,call_count,input_sensitive,0,differing NUMBER of calls
TIER1_STRONG,?finalize@MD5@Quazal@@QAAXXZ,default/network/Plugins/Checksum/MD5/MD5,228,100.00,100.00,call_count,input_sensitive,0,differing NUMBER of calls
TIER2_CANDIDATE,?InterpTangent@@YAXABVVector3@@000MAAV1@@Z,default/Color,280,99.57,100.00,return_value,stable_divergent,0,return value differs
TIER2_CANDIDATE,??0InvExpInterpolator@@QAA@MMMMM@Z,default/Interp,92,100.00,100.00,object_memory,stable_divergent,0,2 object word(s) differ within region
TIER2_CANDIDATE,?getKeyImpl@@YAXPAEPAD0@Z,default/keygen_xbox,68,100.00,100.00,call_arg,stable_divergent,0,arg r6 differs within scalar: 0x8 vs 0x0
TIER3_SUSPECT,?Handle@SaveLoadManager@@UAA?AVDataNode@@PAVDataArray@@_N@Z,default/band3/meta_band/SaveLoadManager,2576,100.00,100.00,call_arg,stable_divergent,0,arg r4 crosses mock regions (rdata->globals)
TIER3_SUSPECT,?Handle@TrainingMgr@@UAA?AVDataNode@@PAVDataArray@@_N@Z,default/band3/meta_band/TrainingMgr,2044,100.00,100.00,call_arg,stable_divergent,0,arg r4 crosses mock regions (rdata->globals)
TIER3_SUSPECT,?LocalizeOrdinal@@YAPBDHW4LocaleGender@@W4LocaleNumber@@_N@Z,default/LocaleOrdinal,1744,100.00,100.00,call_arg,stable_divergent,0,arg r4 crosses mock regions (rdata->globals)
TIER3_SUSPECT,?Handle@UIScreen@@UAA?AVDataNode@@PAVDataArray@@_N@Z,default/UIScreen,1452,100.00,100.00,call_arg,stable_divergent,0,arg r4 crosses mock regions (rdata->globals)
TIER3_SUSPECT,?Handle@PracticeSectionProvider@@UAA?AVDataNode@@PAVDataArray@@_N@Z,default/band3/game/PracticeSectionProvider,912,100.00,100.00,call_arg,stable_divergent,0,arg r4 crosses mock regions (rdata->globals)
TIER3_SUSPECT,?Handle@TokenRedemptionPanel@@UAA?AVDataNode@@PAVDataArray@@_N@Z,default/band3/meta_band/TokenRedemptionPanel,832,100.00,100.00,call_arg,stable_divergent,0,arg r4 crosses mock regions (rdata->globals)
TIER3_SUSPECT,?Format@DateTime@@QBAXAAVString@@@Z,default/DateTime,784,99.87,100.00,call_arg,stable_divergent,0,arg r4 crosses mock regions (rdata->globals)
TIER3_SUSPECT,?Handle@CampaignSongInfoPanel@@UAA?AVDataNode@@PAVDataArray@@_N@Z,default/CampaignSongInfoPanel,772,100.00,100.00,call_arg,stable_divergent,0,arg r4 crosses mock regions (rdata->globals)
TIER3_SUSPECT,??0PlayerParams@@QAA@XZ,default/band3/game/Player,720,100.00,100.00,call_arg,stable_divergent,1,BYTE-IDENTICAL body; divergence is reloc-target mocking only -- arg r4 crosses mock regions (rdata->globals)
TIER3_SUSPECT,?Copy@RndPostProc@@UAAXPBVObject@Hmx@@W4CopyType@23@@Z,default/PostProc,664,100.00,100.00,call_arg,stable_divergent,1,BYTE-IDENTICAL body; divergence is reloc-target mocking only -- arg r5 crosses mock regions (rdata->globals)
TIER3_SUSPECT,?Handle@ModifierMgr@@UAA?AVDataNode@@PAVDataArray@@_N@Z,default/band3/meta_band/ModifierMgr,660,100.00,100.00,call_arg,stable_divergent,0,arg r4 crosses mock regions (rdata->globals)
TIER3_SUSPECT,?Handle@SynthSample@@UAA?AVDataNode@@PAVDataArray@@_N@Z,default/system/synth/SynthSample,652,100.00,100.00,call_arg,stable_divergent,0,arg r4 crosses mock regions (rdata->globals)
TIER3_SUSPECT,?Handle@LightPresetManager@@UAA?AVDataNode@@PAVDataArray@@_N@Z,default/LightPresetManager,648,100.00,100.00,call_arg,stable_divergent,0,arg r4 crosses mock regions (rdata->globals)
TIER3_SUSPECT,?InitShaderOptions@@YAXXZ,default/ShaderOptions,644,100.00,100.00,call_arg,stable_divergent,1,BYTE-IDENTICAL body; divergence is reloc-target mocking only -- arg r4 crosses mock regions (rdata->globals)
TIER3_SUSPECT,?NewSongNode@SongSortByArtist@@UBAPAVStoreSongSortNode@@PAVStoreOffer@@@Z,default/SongSortByArtist,640,100.00,100.00,call_arg,stable_divergent,0,arg r4 crosses mock regions (rdata->globals)
TIER3_SUSPECT,?Reskin@BandHeadShaper@@QAAXXZ,default/system/bandobj/BandHeadShaper,612,100.00,100.00,call_arg,stable_divergent,0,arg r5 crosses mock regions (rdata->globals)
TIER3_SUSPECT,?Update@ScrollbarDisplay@@UAAXXZ,default/ScrollbarDisplay,560,100.00,100.00,call_arg,stable_divergent,0,arg r4 crosses mock regions (rdata->globals)
TIER3_SUSPECT,?SetParameters@CompressionEffect@@QAAXABUParams@1@@Z,default/CompressionEffect,488,100.00,100.00,object_memory,stable_divergent,1,BYTE-IDENTICAL body; divergence is reloc-target mocking only -- 4 object word(s) differ within region
TIER3_SUSPECT,?ReEvaluateState@SigninScreen@@QAAXXZ,default/band3/meta_band/SigninScreen,484,100.00,100.00,call_arg,stable_divergent,0,arg r4 crosses mock regions (rdata->globals)
TIER3_SUSPECT,?Poll@UIListState@@QAAXM@Z,default/UIListState,468,100.00,100.00,object_memory,stable_divergent,1,"BYTE-IDENTICAL body; divergence is reloc-target mocking only -- 1 object word(s), all cross-region"
TIER3_SUSPECT,?Handle@RndTexBlendController@@UAA?AVDataNode@@PAVDataArray@@_N@Z,default/TexBlendController,460,100.00,100.00,call_arg,stable_divergent,0,arg r4 crosses mock regions (rdata->globals)
TIER3_SUSPECT,?RecentTypeToOrigin@RecentCmp@@SA?AVSymbol@@W4RecentType@1@@Z,default/SongSortByRecent,420,100.00,100.00,call_arg,stable_divergent,0,arg r4 crosses mock regions (rdata->globals)
TIER3_SUSPECT,?SyncLimits@CharLookAt@@IAAXXZ,default/CharLookAt,408,100.00,100.00,object_memory,stable_divergent,1,"BYTE-IDENTICAL body; divergence is reloc-target mocking only -- 1 object word(s), all cross-region"
TIER3_SUSPECT,?GetPrefabPortraitPath@@YAPBDPAVPrefabChar@@@Z,default/CharData,400,100.00,100.00,call_arg,stable_divergent,0,arg r4 crosses mock regions (rdata->globals)
TIER3_SUSPECT,?Handle@RndAnimFilter@@UAA?AVDataNode@@PAVDataArray@@_N@Z,default/AnimFilter,392,100.00,100.00,call_arg,stable_divergent,0,arg r4 crosses mock regions (rdata->globals)
TIER3_SUSPECT,?Handle@SessionUsersProvider@@UAA?AVDataNode@@PAVDataArray@@_N@Z,default/SessionUsersProviders,380,100.00,100.00,call_arg,stable_divergent,0,arg r4 crosses mock regions (rdata->globals)
TIER3_SUSPECT,?Configure@CampaignLevel@@UAAXPAVDataArray@@@Z,default/CampaignLevel,380,100.00,100.00,call_arg,stable_divergent,0,arg r4 crosses mock regions (rdata->globals)
TIER3_SUSPECT,?OnMsg@UGCPurchasePanel@@QAA?AVDataNode@@ABVSigninChangedMsg@@@Z,default/band3/meta_band/UGCPurchasePanel,372,100.00,100.00,call_arg,stable_divergent,0,arg r4 crosses mock regions (rdata->globals)
TIER3_SUSPECT,?Init@TrainerProgressMeter@@QAAXPAVRndDir@@H@Z,default/band3/game/TrainerProgressMeter,368,100.00,100.00,call_arg,stable_divergent,1,BYTE-IDENTICAL body; divergence is reloc-target mocking only -- arg r4 crosses mock regions (rdata->globals)
TIER3_SUSPECT,?SendEndStreak@Tracker@@QAAXPAVPlayer@@MH@Z,default/band3/game/Tracker,368,100.00,100.00,call_arg,stable_divergent,0,arg r4 crosses mock regions (rdata->globals)
TIER3_SUSPECT,??0DxParticleSys@@IAA@XZ,default/system/rnddx9/CubeTex,364,100.00,100.00,object_memory,stable_divergent,0,"5 object word(s), all cross-region"
TIER3_SUSPECT,?Handle@RndSet@@UAA?AVDataNode@@PAVDataArray@@_N@Z,default/Set,360,100.00,100.00,call_arg,stable_divergent,0,arg r4 crosses mock regions (rdata->globals)
TIER3_SUSPECT,?Init@TourGameRules@@UAAXPBVDataArray@@@Z,default/band3/tour/TourGameRules,344,100.00,100.00,call_arg,stable_divergent,0,arg r4 crosses mock regions (rdata->globals)
TIER3_SUSPECT,?OnSetFrustum@RndCam@@IAA?AVDataNode@@PBVDataArray@@@Z,default/Cam,344,100.00,100.00,call_arg,stable_divergent,0,arg r4 crosses mock regions (rdata->globals)
TIER3_SUSPECT,?GrantAward@Award@@QAAXABVAwardEntry@@PAVBandProfile@@@Z,default/Award,328,100.00,100.00,call_arg,stable_divergent,0,arg r4 crosses mock regions (rdata->globals)
TIER3_SUSPECT,??0TambourineDetector@@QAA@AAVTambourineManager@@PAVSinger@@@Z,default/TambourineDetector,312,100.00,100.00,call_arg,stable_divergent,1,BYTE-IDENTICAL body; divergence is reloc-target mocking only -- arg r4 crosses mock regions (rdata->globals)
TIER3_SUSPECT,?Text@TrainerProvider@@UBAXHHPAVUIListLabel@@PAVUILabel@@@Z,default/band3/meta_band/TrainerProvider,312,100.00,100.00,call_arg,stable_divergent,0,arg r4 crosses mock regions (rdata->globals)
TIER3_SUSPECT,??0UIButton@@IAA@XZ,default/UIListState,308,100.00,100.00,object_memory,stable_divergent,0,"3 object word(s), all cross-region"
TIER3_SUSPECT,?CharUtlIsAnimatable@@YA_NPAVRndTransformable@@@Z,default/CharUtl,304,100.00,100.00,call_arg,stable_divergent,1,BYTE-IDENTICAL body; divergence is reloc-target mocking only -- arg r5 crosses mock regions (rdata->globals)
TIER3_SUSPECT,?GetBookmarks@Song@@AAA?AVDataNode@@XZ,default/Song,292,100.00,100.00,call_arg,stable_divergent,0,arg r4 crosses mock regions (rdata->globals)
TIER3_SUSPECT,??0DxCam@@IAA@XZ,default/system/rnddx9/CubeTex,292,100.00,100.00,object_memory,stable_divergent,0,"2 object word(s), all cross-region"
TIER3_SUSPECT,??0DxLight@@IAA@XZ,default/system/rnddx9/CubeTex,292,100.00,100.00,object_memory,stable_divergent,0,"2 object word(s), all cross-region"
TIER3_SUSPECT,?Print@RndTex@@UAAXXZ,default/Tex,288,100.00,100.00,call_arg,stable_divergent,1,BYTE-IDENTICAL body; divergence is reloc-target mocking only -- arg r4 crosses mock regions (rdata->globals)
TIER3_SUSPECT,??0RndDrawable@@IAA@XZ,default/Draw,288,100.00,100.00,object_memory,stable_divergent,0,"1 object word(s), all cross-region"
TIER3_SUSPECT,?Reset@VoiceBeat@@QAAXXZ,default/system/synth/VoiceBeat,276,100.00,100.00,object_memory,stable_divergent,1,"BYTE-IDENTICAL body; divergence is reloc-target mocking only -- 1 object word(s), all cross-region"
TIER3_SUSPECT,?Init@AppChild@@SAXXZ,default/AppChild,272,100.00,100.00,call_arg,stable_divergent,0,arg r3 crosses mock regions (rdata->globals)
TIER3_SUSPECT,??0SpotlightEnder@@IAA@XZ,default/SpotlightEnder,272,100.00,100.00,object_memory,stable_divergent,0,"2 object word(s), all cross-region"
TIER3_SUSPECT,?ExitStore@BandStorePanel@@UBAXW4StoreError@@@Z,default/band3/meta_band/BandStorePanel,272,100.00,100.00,call_arg,stable_divergent,0,arg r4 crosses mock regions (rdata->globals)
TIER3_SUSPECT,??0EQEffect@@QAA@PAUIXAudioBatchAllocator@@@Z,default/EQEffect,260,100.00,100.00,object_memory,stable_divergent,1,"BYTE-IDENTICAL body; divergence is reloc-target mocking only -- 6 object word(s), all cross-region"
TIER3_SUSPECT,?Update@ReviewDisplay@@UAAXXZ,default/system/bandobj/ReviewDisplay,260,100.00,100.00,call_arg,stable_divergent,0,arg r4 crosses mock regions (rdata->globals)
TIER3_SUSPECT,??0RndTransformableRemover@@QAA@XZ,default/CharBone,260,100.00,100.00,object_memory,stable_divergent,0,"1 object word(s), all cross-region"
TIER3_SUSPECT,??0ButtonDownMsg@@QAA@PAVLocalUser@@W4JoypadButton@@W4JoypadAction@@H@Z,default/JoypadMsgs,256,100.00,100.00,object_memory,stable_divergent,0,"1 object word(s), all cross-region"
TIER3_SUSPECT,??0ButtonUpMsg@@QAA@PAVLocalUser@@W4JoypadButton@@W4JoypadAction@@H@Z,default/JoypadMsgs,256,100.00,100.00,object_memory,stable_divergent,0,"1 object word(s), all cross-region"
TIER3_SUSPECT,?GetTitle@StoreMenuProvider@@QAAPBDXZ,default/band3/meta_band/StoreMenuProvider,256,100.00,100.00,call_arg,stable_divergent,0,arg r4 crosses mock regions (rdata->globals)
TIER3_SUSPECT,?Text@StoreMenuProvider@@UBAXHHPAVUIListLabel@@PAVUILabel@@@Z,default/band3/meta_band/StoreMenuProvider,256,100.00,100.00,call_arg,stable_divergent,1,BYTE-IDENTICAL body; divergence is reloc-target mocking only -- arg r4 crosses mock regions (rdata->globals)
TIER3_SUSPECT,?Init@FixedSetlist@@QAAXPBVDataArray@@@Z,default/band3/tour/FixedSetlist,252,100.00,100.00,call_arg,stable_divergent,0,arg r4 crosses mock regions (rdata->globals)
TIER3_SUSPECT,??0?$CSampleXAPOBase@VWahEffect@@UParams@1@@ATG@@IAA@XZ,default/FxSendWah,252,100.00,100.00,call_arg,stable_divergent,1,BYTE-IDENTICAL body; divergence is reloc-target mocking only -- arg r6 crosses mock regions (rdata->globals)
TIER3_SUSPECT,??0PerfectOverdriveTracker@@QAA@PAVTrackerSource@@AAVTrackerBandDisplay@@AAVTrackerBroadcastDisplay@@@Z,default/band3/game/PerfectOverdriveTracker,248,100.00,100.00,object_memory,stable_divergent,0,"1 object word(s), all cross-region"
TIER3_SUSPECT,??0?$StandardEffect@VWahEffect@@@@QAA@XZ,default/FxSendWah,244,100.00,100.00,call_arg,stable_divergent,0,arg r6 crosses mock regions (rdata->globals)
TIER3_SUSPECT,?Copy@RndTex@@UAAXPBVObject@Hmx@@W4CopyType@23@@Z,default/Tex,236,100.00,100.00,call_arg,stable_divergent,1,BYTE-IDENTICAL body; divergence is reloc-target mocking only -- arg r5 crosses mock regions (rdata->globals)
TIER3_SUSPECT,?Mat@CreditsPanel@@UBAPAVRndMat@@HHPAVUIListMesh@@@Z,default/CreditsPanel,236,100.00,100.00,call_arg,stable_divergent,0,arg r4 crosses mock regions (rdata->globals)
TIER3_SUSPECT,?Print@ChunkAllocator@@QAAXAAVTextStream@@@Z,default/PoolAlloc,232,100.00,100.00,call_arg,stable_divergent,1,BYTE-IDENTICAL body; divergence is reloc-target mocking only -- arg r3 crosses mock regions (rdata->globals)
TIER3_SUSPECT,?NewHeaderNode@SongSortByStars@@UBAPAVHeaderSortNode@@PAVSongSortNode@@@Z,default/SongSortByStars,232,100.00,100.00,call_arg,stable_divergent,0,arg r5 crosses mock regions (rdata->globals)
TIER3_SUSPECT,?NewShortcutNode@SongSortByStars@@UBAPAVShortcutNode@@PAVSongSortNode@@@Z,default/SongSortByStars,232,100.00,100.00,call_arg,stable_divergent,0,arg r5 crosses mock regions (rdata->globals)
TIER3_SUSPECT,??0JoypadConnectionMsg@@QAA@PAVLocalUser@@_NH@Z,default/JoypadMsgs,228,100.00,100.00,call_arg,stable_divergent,0,arg r4 crosses mock regions (rdata->globals)
TIER3_SUSPECT,?Draw@UIListCustomElement@@UAAXABVTransform@@MPAVUIColor@@PAVBox@@@Z,default/UIListCustom,224,100.00,100.00,call_arg,stable_divergent,1,BYTE-IDENTICAL body; divergence is reloc-target mocking only -- arg r5 crosses mock regions (rdata->globals)
TIER3_SUSPECT,?Enter@BandStorePanel@@UAAXXZ,default/band3/meta_band/BandStorePanel,224,100.00,100.00,call_arg,stable_divergent,1,BYTE-IDENTICAL body; divergence is reloc-target mocking only -- arg r5 crosses mock regions (rdata->globals)
TIER3_SUSPECT,?TrigInit@@YAXXZ,default/Trig,220,100.00,100.00,call_arg,stable_divergent,1,BYTE-IDENTICAL body; divergence is reloc-target mocking only -- arg r4 crosses mock regions (rdata->globals)
TIER3_SUSPECT,?Reset@ATanInterpolator@@QAAXMMMMM@Z,default/Interp,220,99.82,100.00,object_memory,stable_divergent,0,"2 object word(s), all cross-region"
TIER3_SUSPECT,?Reset@LinearInterpolator@@UAAXPBVDataArray@@@Z,default/Interp,220,99.82,100.00,object_memory,stable_divergent,0,"2 object word(s), all cross-region"
TIER3_SUSPECT,?Copy@BandLeadMeter@@UAAXPBVObject@Hmx@@W4CopyType@23@@Z,default/BandLeadMeter,216,100.00,100.00,call_arg,stable_divergent,1,BYTE-IDENTICAL body; divergence is reloc-target mocking only -- arg r5 crosses mock regions (rdata->globals)
TIER3_SUSPECT,??0FxSendChorus@@IAA@XZ,default/system/synth/FxSendChorus,216,100.00,100.00,call_arg,stable_divergent,0,arg r4 crosses mock regions (rdata->globals)
TIER3_SUSPECT,?Reset@TubePlate@@QAAXXZ,default/NoteTube,216,100.00,100.00,object_memory,stable_divergent,1,"BYTE-IDENTICAL body; divergence is reloc-target mocking only -- 3 object word(s), all cross-region"
TIER3_SUSPECT,?Text@NodeSort@@UBAXHHPAVUIListLabel@@PAVUILabel@@@Z,default/band3/meta_band/SongSort,212,100.00,100.00,call_arg,stable_divergent,0,arg r4 crosses mock regions (rdata->globals)
TIER3_SUSPECT,?NewHeaderNode@SongSortByReview@@UBAPAVHeaderSortNode@@PAVSongSortNode@@@Z,default/SongSortByReview,212,100.00,100.00,call_arg,stable_divergent,0,arg r5 crosses mock regions (rdata->globals)
TIER3_SUSPECT,?NewShortcutNode@SongSortByReview@@UBAPAVShortcutNode@@PAVSongSortNode@@@Z,default/SongSortByReview,212,100.00,100.00,call_arg,stable_divergent,0,arg r5 crosses mock regions (rdata->globals)
TIER3_SUSPECT,?Init@LoadMgr@@QAAXXZ,default/Loader,212,100.00,100.00,call_arg,stable_divergent,0,arg r4 crosses mock regions (rdata->globals)
TIER3_SUSPECT,?FirstSortChar@@YA?AVSymbol@@PBD_N@Z,default/Sorting,208,100.00,100.00,call_arg,stable_divergent,0,arg r4 crosses mock regions (rdata->globals)
TIER3_SUSPECT,??0RndCubeTex@@IAA@XZ,default/system/rndobj/CubeTex,208,100.00,100.00,object_memory,stable_divergent,0,"1 object word(s), all cross-region"
TIER3_SUSPECT,?Enter@CharIKMidi@@UAAXXZ,default/CharIKMidi,208,100.00,100.00,object_memory,stable_divergent,1,"BYTE-IDENTICAL body; divergence is reloc-target mocking only -- 6 object word(s), all cross-region"
TIER3_SUSPECT,?Copy@RndDrawable@@UAAXPBVObject@Hmx@@W4CopyType@23@@Z,default/Draw,208,100.00,100.00,call_arg,stable_divergent,1,BYTE-IDENTICAL body; divergence is reloc-target mocking only -- arg r5 crosses mock regions (rdata->globals)
TIER3_SUSPECT,?ContextCheckerInit@@YAXXZ,default/ContextChecker,208,100.00,100.00,call_arg,stable_divergent,1,BYTE-IDENTICAL body; divergence is reloc-target mocking only -- arg r4 crosses mock regions (rdata->globals)
TIER3_SUSPECT,??$PropSync@VBandStarDisplay@@@@YA_NAAV?$ObjPtr@VBandStarDisplay@@@@AAVDataNode@@PAVDataArray@@HW4PropOp@@@Z,default/BandScoreboard,204,100.00,100.00,call_arg,stable_divergent,0,arg r5 crosses mock regions (rdata->globals)
TIER3_SUSPECT,??0RndSoftParticleBuffer@@QAA@XZ,default/SoftParticleBuffer,204,100.00,100.00,object_memory,stable_divergent,0,"3 object word(s), all cross-region"
TIER3_SUSPECT,??$PropSync@VCharIKFingers@@@@YA_NAAV?$ObjPtr@VCharIKFingers@@@@AAVDataNode@@PAVDataArray@@HW4PropOp@@@Z,default/MoveMgr,204,100.00,100.00,call_arg,stable_divergent,0,arg r5 crosses mock regions (rdata->globals)
TIER3_SUSPECT,??$PropSync@VCharWeightable@@@@YA_NAAV?$ObjPtr@VCharWeightable@@@@AAVDataNode@@PAVDataArray@@HW4PropOp@@@Z,default/CharWeightSetter,204,100.00,100.00,call_arg,stable_divergent,0,arg r5 crosses mock regions (rdata->globals)
TIER3_SUSPECT,??$PropSync@VRndLight@@@@YA_NAAV?$ObjOwnerPtr@VRndLight@@@@AAVDataNode@@PAVDataArray@@HW4PropOp@@@Z,default/Lit,204,100.00,100.00,call_arg,stable_divergent,0,arg r5 crosses mock regions (rdata->globals)
TIER3_SUSPECT,??0FxSendWah@@IAA@XZ,default/system/synth/FxSendMeterEffect,204,100.00,100.00,call_arg,stable_divergent,0,arg r4 crosses mock regions (rdata->globals)
TIER3_SUSPECT,??$PropSync@VCharDriver@@@@YA_NAAV?$ObjPtr@VCharDriver@@@@AAVDataNode@@PAVDataArray@@HW4PropOp@@@Z,default/CharLipSyncDriver,204,100.00,100.00,call_arg,stable_divergent,0,arg r5 crosses mock regions (rdata->globals)
TIER3_SUSPECT,??$PropSync@VCharLipSyncDriver@@@@YA_NAAV?$ObjPtr@VCharLipSyncDriver@@@@AAVDataNode@@PAVDataArray@@HW4PropOp@@@Z,default/CharLipSyncDriver,204,100.00,100.00,call_arg,stable_divergent,0,arg r5 crosses mock regions (rdata->globals)
TIER3_SUSPECT,??$PropSync@VObjectDir@@@@YA_NAAV?$ObjPtr@VObjectDir@@@@AAVDataNode@@PAVDataArray@@HW4PropOp@@@Z,default/CharLipSyncDriver,204,100.00,100.00,call_arg,stable_divergent,0,arg r5 crosses mock regions (rdata->globals)
TIER3_SUSPECT,??$PropSync@VRndMesh@@@@YA_NAAV?$ObjPtr@VRndMesh@@@@AAVDataNode@@PAVDataArray@@HW4PropOp@@@Z,default/CharCollide,204,100.00,100.00,call_arg,stable_divergent,0,arg r5 crosses mock regions (rdata->globals)
TIER3_SUSPECT,?MakePercentTargetDescription@TrackerDisplay@@SA?AVDataArrayPtr@@M@Z,default/band3/game/TrackerDisplay,204,100.00,100.00,call_arg,stable_divergent,0,arg r4 crosses mock regions (rdata->globals)
TIER3_SUSPECT,??0NodeSort@@QAA@XZ,default/band3/meta_band/SongSort,204,100.00,100.00,object_memory,stable_divergent,0,"2 object word(s), all cross-region"
TIER3_SUSPECT,??$PropSync@VRndText@@@@YA_NAAV?$ObjPtr@VRndText@@@@AAVDataNode@@PAVDataArray@@HW4PropOp@@@Z,default/TrackWidget,204,100.00,100.00,call_arg,stable_divergent,0,arg r5 crosses mock regions (rdata->globals)
TIER3_SUSPECT,??0FxSend360@@QAA@PAVFxSend@@@Z,default/system/synth_xbox/FxSend,204,100.00,100.00,object_memory,stable_divergent,0,"1 object word(s), all cross-region"
TIER3_SUSPECT,??$PropSync@VRndParticleSys@@@@YA_NAAV?$ObjPtr@VRndParticleSys@@@@AAVDataNode@@PAVDataArray@@HW4PropOp@@@Z,default/PartLauncher,204,100.00,100.00,call_arg,stable_divergent,0,arg r5 crosses mock regions (rdata->globals)
TIER3_SUSPECT,?SanityCheckFilterAgainstType@TourPerformerLocal@@QAA_NVSymbol@@0@Z,default/band3/tour/TourPerformerLocal,204,100.00,100.00,call_arg,stable_divergent,0,arg r4 crosses mock regions (rdata->globals)
TIER3_SUSPECT,?json_object_array_to_json_string@@YAHPAUjson_object@@PAUprintbuf@@@Z,default/json_object,200,100.00,100.00,call_arg,stable_divergent,1,BYTE-IDENTICAL body; divergence is reloc-target mocking only -- arg r4 crosses mock regions (rdata->globals)
TIER3_SUSPECT,?OnForceTwoPresets@LightPresetManager@@IAA?AVDataNode@@PAVDataArray@@@Z,default/LightPresetManager,200,100.00,100.00,call_arg,stable_divergent,1,BYTE-IDENTICAL body; divergence is reloc-target mocking only -- arg r5 crosses mock regions (rdata->globals)
TIER3_SUSPECT,?Poll@UIPanel@@UAAXXZ,default/UIPanel,200,100.00,100.00,call_arg,stable_divergent,0,arg r4 crosses mock regions (rdata->globals)
TIER3_SUSPECT,?FinishLoad@MultiSelectListPanel@@UAAXXZ,default/band3/meta_band/MultiSelectListPanel,200,100.00,100.00,call_arg,stable_divergent,1,BYTE-IDENTICAL body; divergence is reloc-target mocking only -- arg r4 crosses mock regions (rdata->globals)
TIER3_SUSPECT,?Normalize@@YAXABVMatrix3@Hmx@@AAV12@@Z,default/mtx,196,100.00,100.00,call_count,stable_divergent,1,BYTE-IDENTICAL body; divergence is reloc-target mocking only -- differing NUMBER of calls
TIER3_SUSPECT,??0Timer@@QAA@PAVDataArray@@@Z,default/Timer,196,100.00,100.00,call_arg,stable_divergent,1,BYTE-IDENTICAL body; divergence is reloc-target mocking only -- arg r4 crosses mock regions (rdata->globals)
TIER3_SUSPECT,?UpdateColorModulation@RndPostProc@@IAAXXZ,default/PostProc,196,100.00,100.00,object_memory,stable_divergent,1,"BYTE-IDENTICAL body; divergence is reloc-target mocking only -- 1 object word(s), all cross-region"
TIER3_SUSPECT,??$PropSync@VCharWeightSetter@@@@YA_NAAPAVCharWeightSetter@@AAVDataNode@@PAVDataArray@@HW4PropOp@@@Z,default/CharWeightSetter,196,100.00,100.00,call_arg,stable_divergent,0,arg r5 crosses mock regions (rdata->globals)
TIER3_SUSPECT,?LoadBitmap@RndCubeTex@@AAA_NABVFilePath@@AAVRndBitmap@@@Z,default/system/rndobj/CubeTex,196,100.00,100.00,call_arg,stable_divergent,1,BYTE-IDENTICAL body; divergence is reloc-target mocking only -- arg r5 crosses mock regions (rdata->globals)
TIER3_SUSPECT,??0CharWeightable@@IAA@XZ,default/CharWeightable,196,100.00,100.00,object_memory,stable_divergent,0,"3 object word(s), all cross-region"
TIER3_SUSPECT,??$PropSync@VLocalBandUser@@@@YA_NAAPAVLocalBandUser@@AAVDataNode@@PAVDataArray@@HW4PropOp@@@Z,default/band3/meta_band/UGCPurchasePanel,196,100.00,100.00,call_arg,stable_divergent,0,arg r5 crosses mock regions (rdata->globals)
TIER3_SUSPECT,??$PropSync@VRndMesh@@@@YA_NAAPAVRndMesh@@AAVDataNode@@PAVDataArray@@HW4PropOp@@@Z,default/CharCuff,196,100.00,100.00,call_arg,stable_divergent,0,arg r5 crosses mock regions (rdata->globals)
TIER3_SUSPECT,??$PropSync@VRndAnimatable@@@@YA_NAAPAVRndAnimatable@@AAVDataNode@@PAVDataArray@@HW4PropOp@@@Z,default/PollAnim,196,100.00,100.00,call_arg,stable_divergent,0,arg r5 crosses mock regions (rdata->globals)
TIER3_SUSPECT,??0KeyboardKeyPressedMsg@@QAA@HHH@Z,default/UsbMidiKeyboardMsgs,196,100.00,100.00,object_memory,stable_divergent,0,"1 object word(s), all cross-region"
TIER3_SUSPECT,?Copy@CharIKRod@@UAAXPBVObject@Hmx@@W4CopyType@23@@Z,default/CharIKRod,192,100.00,100.00,call_arg,stable_divergent,1,BYTE-IDENTICAL body; divergence is reloc-target mocking only -- arg r5 crosses mock regions (rdata->globals)
TIER3_SUSPECT,?SectionAfterLast@PracticeSectionProvider@@QAA?AVSymbol@@XZ,default/band3/game/PracticeSectionProvider,192,100.00,100.00,call_arg,stable_divergent,1,BYTE-IDENTICAL body; divergence is reloc-target mocking only -- arg r4 crosses mock regions (rdata->globals)
TIER3_SUSPECT,??0PrefabChar@@QAA@PAVBandCharDesc@@@Z,default/CharData,192,100.00,100.00,call_arg,stable_divergent,0,arg r4 crosses mock regions (rdata->globals)
TIER3_SUSPECT,?Load@VocalGuidePitch@@QAAX_N@Z,default/band3/game/VocalGuidePitch,192,100.00,100.00,call_arg,stable_divergent,0,arg r4 crosses mock regions (rdata->globals)
TIER3_SUSPECT,??0GameTimePanel@@QAA@XZ,default/band3/meta_band/GameTimePanel,188,100.00,100.00,object_memory,stable_divergent,0,"1 object word(s), all cross-region"
TIER3_SUSPECT,?VelocityBucketToDb@@YAMH@Z,default/system/beatmatch/BeatMatchUtl,188,100.00,100.00,call_arg,stable_divergent,1,BYTE-IDENTICAL body; divergence is reloc-target mocking only -- arg r4 crosses mock regions (rdata->globals)
TIER3_SUSPECT,?Copy@RndPartLauncher@@UAAXPBVObject@Hmx@@W4CopyType@23@@Z,default/PartLauncher,188,100.00,100.00,call_arg,stable_divergent,1,BYTE-IDENTICAL body; divergence is reloc-target mocking only -- arg r5 crosses mock regions (rdata->globals)
TIER3_SUSPECT,??0PitchShiftEffect@@QAA@XZ,default/PitchShiftEffect,184,100.00,100.00,object_memory,stable_divergent,0,"3 object word(s), all cross-region"
TIER3_SUSPECT,?Copy@CharEyeDartRuleset@@UAAXPBVObject@Hmx@@W4CopyType@23@@Z,default/CharEyeDartRuleset,184,100.00,100.00,call_arg,stable_divergent,1,BYTE-IDENTICAL body; divergence is reloc-target mocking only -- arg r5 crosses mock regions (rdata->globals)
TIER3_SUSPECT,?Copy@CharSleeve@@UAAXPBVObject@Hmx@@W4CopyType@23@@Z,default/CharSleeve,184,100.00,100.00,call_arg,stable_divergent,1,BYTE-IDENTICAL body; divergence is reloc-target mocking only -- arg r5 crosses mock regions (rdata->globals)
TIER3_SUSPECT,?Copy@FxSendEQ@@UAAXPBVObject@Hmx@@W4CopyType@23@@Z,default/system/synth/FxSendEQ,184,100.00,100.00,call_arg,stable_divergent,1,BYTE-IDENTICAL body; divergence is reloc-target mocking only -- arg r5 crosses mock regions (rdata->globals)
TIER3_SUSPECT,?Copy@FxSendWah@@UAAXPBVObject@Hmx@@W4CopyType@23@@Z,default/system/synth/FxSendMeterEffect,184,100.00,100.00,call_arg,stable_divergent,1,BYTE-IDENTICAL body; divergence is reloc-target mocking only -- arg r5 crosses mock regions (rdata->globals)
TIER3_SUSPECT,??0GuitarFx@@QAA@W4TrackType@@@Z,default/GuitarFx,184,100.00,100.00,object_memory,stable_divergent,1,"BYTE-IDENTICAL body; divergence is reloc-target mocking only -- 5 object word(s), all cross-region"
TIER3_SUSPECT,?specialIdxStr@?A0x9e48c3c7@@YAXPADIH@Z,default/MapFile_Xbox,180,100.00,100.00,call_arg,stable_divergent,1,BYTE-IDENTICAL body; divergence is reloc-target mocking only -- arg r5 crosses mock regions (rdata->globals)
TIER3_SUSPECT,??$PropSync@VRndTex@@@@YA_NAAV?$ObjOwnerPtr@VRndTex@@@@AAVDataNode@@PAVDataArray@@HW4PropOp@@@Z,default/TexMovie,180,100.00,100.00,call_arg,stable_divergent,0,arg r5 crosses mock regions (rdata->globals)
TIER3_SUSPECT,??$PropSync@VRndMat@@@@YA_NAAV?$ObjPtr@VRndMat@@@@AAVDataNode@@PAVDataArray@@HW4PropOp@@@Z,default/CharFeedback,180,100.00,100.00,call_arg,stable_divergent,0,arg r5 crosses mock regions (rdata->globals)
TIER3_SUSPECT,?SetTypeDef@MoviePanel@@UAAXPAVDataArray@@@Z,default/MoviePanel,180,100.00,100.00,call_arg,stable_divergent,1,BYTE-IDENTICAL body; divergence is reloc-target mocking only -- arg r4 crosses mock regions (rdata->globals)
TIER3_SUSPECT,??$PropSync@VRndFont@@@@YA_NAAV?$ObjPtr@VRndFont@@@@AAVDataNode@@PAVDataArray@@HW4PropOp@@@Z,default/TrackWidget,180,100.00,100.00,call_arg,stable_divergent,0,arg r5 crosses mock regions (rdata->globals)
TIER3_SUSPECT,?GetModeFromTrackType@TrainingMgr@@QAA?AVSymbol@@W4TrackType@@@Z,default/band3/meta_band/TrainingMgr,180,100.00,100.00,call_arg,stable_divergent,0,arg r4 crosses mock regions (rdata->globals)
TIER3_SUSPECT,??$PropSync@VCharBone@@@@YA_NAAV?$ObjPtr@VCharBone@@@@AAVDataNode@@PAVDataArray@@HW4PropOp@@@Z,default/CharBone,180,100.00,100.00,call_arg,stable_divergent,0,arg r5 crosses mock regions (rdata->globals)
TIER3_SUSPECT,?GetTimeInLoop@MultiTempoTempoMap@@UAAMM@Z,default/MultiTempoTempoMap,180,100.00,100.00,call_count,stable_divergent,1,BYTE-IDENTICAL body; divergence is reloc-target mocking only -- differing NUMBER of calls
TIER3_SUSPECT,??0QuestFilterPanel@@QAA@XZ,default/QuestFilterPanel,176,100.00,100.00,call_arg,stable_divergent,0,arg r4 crosses mock regions (rdata->globals)
TIER3_SUSPECT,yy_create_buffer,default/DataFlex,172,100.00,100.00,call_arg,stable_divergent,1,BYTE-IDENTICAL body; divergence is reloc-target mocking only -- arg r4 crosses mock regions (rdata->globals)
TIER3_SUSPECT,?CanMotionBlur@RndMotionBlur@@IAA_NPAVRndDrawable@@@Z,default/system/rndobj/MotionBlur,172,100.00,100.00,call_arg,stable_divergent,1,BYTE-IDENTICAL body; divergence is reloc-target mocking only -- arg r5 crosses mock regions (rdata->globals)
TIER3_SUSPECT,?Enter@CharLookAt@@UAAXXZ,default/CharLookAt,172,100.00,100.00,object_memory,stable_divergent,1,"BYTE-IDENTICAL body; divergence is reloc-target mocking only -- 1 object word(s), all cross-region"
TIER3_SUSPECT,??0WahEffect@@QAA@PAUIXAudioBatchAllocator@@@Z,default/WahEffect,172,100.00,100.00,object_memory,stable_divergent,1,"BYTE-IDENTICAL body; divergence is reloc-target mocking only -- 10 object word(s), all cross-region"
TIER3_SUSPECT,??1Accomplishment@@UAA@XZ,default/Accomplishment,172,100.00,100.00,object_memory,stable_divergent,0,"1 object word(s), all cross-region"
TIER3_SUSPECT,??6@YAAAVTextStream@@AAV0@ABVColor@Hmx@@@Z,default/Color,172,100.00,100.00,call_arg,stable_divergent,1,BYTE-IDENTICAL body; divergence is reloc-target mocking only -- arg r4 crosses mock regions (rdata->globals)
TIER3_SUSPECT,?GetSlotColor@TrackConfig@@QBAPBDH@Z,default/TrackConfig,172,98.95,100.00,call_arg,stable_divergent,0,arg r4 crosses mock regions (rdata->globals)
TIER3_SUSPECT,?CustomForNode@SongSortByReview@@UBA_NPAVShortcutNode@@PAVUIListCustom@@PAVObject@Hmx@@@Z,default/SongSortByReview,172,100.00,100.00,call_arg,stable_divergent,1,BYTE-IDENTICAL body; divergence is reloc-target mocking only -- arg r4 crosses mock regions (rdata->globals)
TIER3_SUSPECT,?Copy@CharBone@@UAAXPBVObject@Hmx@@W4CopyType@23@@Z,default/CharBone,172,100.00,100.00,call_arg,stable_divergent,1,BYTE-IDENTICAL body; divergence is reloc-target mocking only -- arg r5 crosses mock regions (rdata->globals)
TIER3_SUSPECT,?CustomForNode@SongSortByStars@@UBA_NPAVShortcutNode@@PAVUIListCustom@@PAVObject@Hmx@@@Z,default/SongSortByStars,172,100.00,100.00,call_arg,stable_divergent,1,BYTE-IDENTICAL body; divergence is reloc-target mocking only -- arg r4 crosses mock regions (rdata->globals)
TIER3_SUSPECT,??0QuestJournal@@QAA@AAVTourProgress@@@Z,default/QuestJournal,172,100.00,100.00,object_memory,stable_divergent,1,"BYTE-IDENTICAL body; divergence is reloc-target mocking only -- 1 object word(s), all cross-region"
TIER3_SUSPECT,?Copy@RndTexBlendController@@UAAXPBVObject@Hmx@@W4CopyType@23@@Z,default/TexBlendController,168,100.00,100.00,call_arg,stable_divergent,1,BYTE-IDENTICAL body; divergence is reloc-target mocking only -- arg r5 crosses mock regions (rdata->globals)
TIER3_SUSPECT,?Copy@FxSendCompress@@UAAXPBVObject@Hmx@@W4CopyType@23@@Z,default/system/synth/FxSendCompress,168,100.00,100.00,call_arg,stable_divergent,1,BYTE-IDENTICAL body; divergence is reloc-target mocking only -- arg r5 crosses mock regions (rdata->globals)
TIER3_SUSPECT,?Copy@FxSendSynapse@@UAAXPBVObject@Hmx@@W4CopyType@23@@Z,default/system/synth/FxSendSynapse,168,100.00,100.00,call_arg,stable_divergent,1,BYTE-IDENTICAL body; divergence is reloc-target mocking only -- arg r5 crosses mock regions (rdata->globals)
TIER3_SUSPECT,??0ConnectionStatusPanel@@QAA@XZ,default/MetaMusicScene,168,100.00,100.00,object_memory,stable_divergent,0,"1 object word(s), all cross-region"
TIER3_SUSPECT,?SetVocals@PlayerParams@@QAAXXZ,default/band3/game/Player,168,100.00,100.00,call_arg,stable_divergent,1,BYTE-IDENTICAL body; divergence is reloc-target mocking only -- arg r4 crosses mock regions (rdata->globals)
TIER3_SUSPECT,??1PerfectSectionTracker@@UAA@XZ,default/band3/game/PerfectSectionTracker,168,100.00,100.00,object_memory,stable_divergent,0,"1 object word(s), all cross-region"
TIER3_SUSPECT,??0TourChallengeResultsPanel@@QAA@XZ,default/band3/tour/TourChallengeResultsPanel,168,100.00,100.00,object_memory,stable_divergent,0,"1 object word(s), all cross-region"
TIER3_SUSPECT,?LoadIcons@QuestFilterPanel@@QAAXXZ,default/QuestFilterPanel,164,100.00,100.00,call_arg,stable_divergent,1,BYTE-IDENTICAL body; divergence is reloc-target mocking only -- arg r3 crosses mock regions (rdata->globals)
TIER3_SUSPECT,??0CharPollable@@QAA@XZ,default/mtx,164,100.00,100.00,object_memory,stable_divergent,0,"2 object word(s), all cross-region"
TIER3_SUSPECT,??0CompressionEffect@@QAA@PAUIXAudioBatchAllocator@@@Z,default/CompressionEffect,164,100.00,100.00,call_arg,stable_divergent,1,BYTE-IDENTICAL body; divergence is reloc-target mocking only -- arg r6 crosses mock regions (rdata->globals)
TIER3_SUSPECT,?Configure@AccomplishmentOneShot@@QAAXPAVDataArray@@@Z,default/band3/meta_band/AccomplishmentOneShot,164,100.00,100.00,call_arg,stable_divergent,0,arg r4 crosses mock regions (rdata->globals)
TIER3_SUSPECT,??0RemoteUser@@QAA@XZ,default/BandUser,164,100.00,100.00,object_memory,stable_divergent,0,"1 object word(s), all cross-region"
TIER3_SUSPECT,?ConfigureTrackerSpecificData@DeployCountTracker@@UAAXPBVDataArray@@@Z,default/DeployCountTracker,164,100.00,100.00,call_arg,stable_divergent,0,arg r4 crosses mock regions (rdata->globals)
TIER3_SUSPECT,??0CharData@@QAA@XZ,default/CharData,164,100.00,100.00,object_memory,stable_divergent,0,"1 object word(s), all cross-region"
TIER3_SUSPECT,??1XboxContent@@UAA@XZ,default/ContentMgr_Xbox,164,100.00,100.00,object_memory,stable_divergent,0,"1 object word(s), all cross-region"
TIER3_SUSPECT,?Configure@AccomplishmentTrainerCategoryConditional@@QAAXPAVDataArray@@@Z,default/band3/meta_band/AccomplishmentTrainerCategoryConditional,164,100.00,100.00,call_arg,stable_divergent,0,arg r4 crosses mock regions (rdata->globals)
TIER3_SUSPECT,?Copy@CharClipSet@@UAAXPBVObject@Hmx@@W4CopyType@23@@Z,default/CharClipSet,160,100.00,100.00,call_arg,stable_divergent,1,BYTE-IDENTICAL body; divergence is reloc-target mocking only -- arg r5 crosses mock regions (rdata->globals)
TIER3_SUSPECT,?CheckSize@RndTex@@SAPBDHHHHW4Type@1@_N@Z,default/Tex,160,100.00,100.00,return_value,stable_divergent,1,BYTE-IDENTICAL body; divergence is reloc-target mocking only -- return value differs
TIER3_SUSPECT,??1DxParticleSys@@UAA@XZ,default/system/rnddx9/CubeTex,160,100.00,100.00,call_arg,stable_divergent,1,BYTE-IDENTICAL body; divergence is reloc-target mocking only -- arg r5 crosses mock regions (rdata->globals)
TIER3_SUSPECT,?Copy@FxSendReverb@@UAAXPBVObject@Hmx@@W4CopyType@23@@Z,default/system/synth/FxSendReverb,160,100.00,100.00,call_arg,stable_divergent,1,BYTE-IDENTICAL body; divergence is reloc-target mocking only -- arg r5 crosses mock regions (rdata->globals)
TIER3_SUSPECT,?Copy@FxSendChorus@@UAAXPBVObject@Hmx@@W4CopyType@23@@Z,default/system/synth/FxSendChorus,160,100.00,100.00,call_arg,stable_divergent,1,BYTE-IDENTICAL body; divergence is reloc-target mocking only -- arg r5 crosses mock regions (rdata->globals)
TIER3_SUSPECT,??0FxSendEQ@@IAA@XZ,default/system/synth/FxSendEQ,160,100.00,100.00,object_memory,stable_divergent,1,"BYTE-IDENTICAL body; divergence is reloc-target mocking only -- 7 object word(s), all cross-region"
TIER3_SUSPECT,?Copy@CharGuitarString@@UAAXPBVObject@Hmx@@W4CopyType@23@@Z,default/CharGuitarString,160,100.00,100.00,call_arg,stable_divergent,1,BYTE-IDENTICAL body; divergence is reloc-target mocking only -- arg r5 crosses mock regions (rdata->globals)
TIER3_SUSPECT,??1ContentLoadingPanel@@UAA@XZ,default/band3/meta_band/ContentLoadingPanel,160,100.00,100.00,object_memory,stable_divergent,0,"2 object word(s), all cross-region"
TIER3_SUSPECT,?Copy@FxSendFlanger@@UAAXPBVObject@Hmx@@W4CopyType@23@@Z,default/system/synth/FxSendFlanger,160,100.00,100.00,call_arg,stable_divergent,1,BYTE-IDENTICAL body; divergence is reloc-target mocking only -- arg r5 crosses mock regions (rdata->globals)
TIER3_SUSPECT,?OnGetContextFlags@CharBone@@IAA?AVDataNode@@PAVDataArray@@@Z,default/CharBone,160,100.00,100.00,call_arg,stable_divergent,0,arg r5 crosses mock regions (rdata->globals)
TIER3_SUSPECT,??0RndColorXfm@@QAA@XZ,default/ColorXfm,156,100.00,100.00,object_memory,stable_divergent,1,"BYTE-IDENTICAL body; divergence is reloc-target mocking only -- 13 object word(s), all cross-region"
TIER3_SUSPECT,??1Synchronizable@@UAA@XZ,default/network/net/Synchronize,156,100.00,100.00,object_memory,stable_divergent,0,"1 object word(s), all cross-region"
TIER3_SUSPECT,??0DeployCountTracker@@QAA@PAVTrackerSource@@AAVTrackerBandDisplay@@AAVTrackerBroadcastDisplay@@@Z,default/DeployCountTracker,156,100.00,100.00,object_memory,stable_divergent,1,"BYTE-IDENTICAL body; divergence is reloc-target mocking only -- 1 object word(s), all cross-region"
TIER3_SUSPECT,?Load@GuitarFx@@QAAXXZ,default/GuitarFx,156,100.00,100.00,call_arg,stable_divergent,0,arg r4 crosses mock regions (rdata->globals)
TIER3_SUSPECT,?ValidateChecksum@StreamChecksumValidator@@AAA_NPBE@Z,default/StreamChecksum,156,100.00,100.00,call_arg,stable_divergent,1,BYTE-IDENTICAL body; divergence is reloc-target mocking only -- arg r3 crosses mock regions (rdata->globals)
TIER3_SUSPECT,?Copy@CharBoneOffset@@UAAXPBVObject@Hmx@@W4CopyType@23@@Z,default/CharBoneOffset,156,100.00,100.00,call_arg,stable_divergent,1,BYTE-IDENTICAL body; divergence is reloc-target mocking only -- arg r5 crosses mock regions (rdata->globals)
TIER3_SUSPECT,?FinishLoad@StoreMenuPanel@@UAAXXZ,default/band3/meta_band/StoreMenuPanel,156,100.00,100.00,call_arg,stable_divergent,0,arg r4 crosses mock regions (rdata->globals)
TIER3_SUSPECT,?Copy@CharForeTwist@@UAAXPBVObject@Hmx@@W4CopyType@23@@Z,default/CharForeTwist,152,100.00,100.00,call_arg,stable_divergent,1,BYTE-IDENTICAL body; divergence is reloc-target mocking only -- arg r5 crosses mock regions (rdata->globals)
TIER3_SUSPECT,?GotoArtMakerShot@ClosetPanel@@QAAXXZ,default/band3/meta_band/ClosetPanel,152,100.00,100.00,call_arg,stable_divergent,0,arg r3 crosses mock regions (rdata->globals)
TIER3_SUSPECT,??0FxSend@@IAA@XZ,default/system/synth/FxSend,152,100.00,100.00,object_memory,stable_divergent,0,"3 object word(s), all cross-region"
TIER3_SUSPECT,??_DSpotlightEnder@@QAAXXZ,default/SpotlightEnder,152,100.00,100.00,call_arg,stable_divergent,1,BYTE-IDENTICAL body; divergence is reloc-target mocking only -- arg r5 crosses mock regions (rdata->globals)
TIER3_SUSPECT,?SetFileChecksum@StreamChecksumValidator@@AAA_N_N@Z,default/StreamChecksum,152,100.00,100.00,call_arg,stable_divergent,1,BYTE-IDENTICAL body; divergence is reloc-target mocking only -- arg r3 crosses mock regions (rdata->globals)
TIER3_SUSPECT,??0CharSync@@QAA@PAVBandUserMgr@@@Z,default/band3/meta_band/CharSync,152,100.00,100.00,call_arg,stable_divergent,0,arg r5 crosses mock regions (rdata->globals)
TIER3_SUSPECT,?Text@PracticeSectionProvider@@UBAXHHPAVUIListLabel@@PAVUILabel@@@Z,default/band3/game/PracticeSectionProvider,152,100.00,100.00,call_arg,stable_divergent,1,BYTE-IDENTICAL body; divergence is reloc-target mocking only -- arg r5 crosses mock regions (rdata->globals)
TIER3_SUSPECT,?Copy@CharPosConstraint@@UAAXPBVObject@Hmx@@W4CopyType@23@@Z,default/CharPosConstraint,152,100.00,100.00,call_arg,stable_divergent,1,BYTE-IDENTICAL body; divergence is reloc-target mocking only -- arg r5 crosses mock regions (rdata->globals)
TIER3_SUSPECT,lh_table_resize,default/linkhash,148,100.00,100.00,call_arg,stable_divergent,1,BYTE-IDENTICAL body; divergence is reloc-target mocking only -- arg r3 crosses mock regions (rdata->globals)
TIER3_SUSPECT,??0EnvelopeGenerator@@QAA@XZ,default/EnvelopeGenerator,148,100.00,100.00,object_memory,stable_divergent,0,"2 object word(s), all cross-region"
TIER3_SUSPECT,??0MeterEffect@@QAA@XZ,default/MeterEffect,148,100.00,100.00,object_memory,stable_divergent,0,"2 object word(s), all cross-region"
TIER3_SUSPECT,?FloatToBucket@JoypadData@@ABAHM@Z,default/OnlineID,148,100.00,100.00,return_value,stable_divergent,1,BYTE-IDENTICAL body; divergence is reloc-target mocking only -- return value differs
TIER3_SUSPECT,?Custom@NodeSort@@UBAXHHPAVUIListCustom@@PAVObject@Hmx@@@Z,default/band3/meta_band/SongSort,148,100.00,100.00,call_arg,stable_divergent,1,BYTE-IDENTICAL body; divergence is reloc-target mocking only -- arg r5 crosses mock regions (rdata->globals)
TIER3_SUSPECT,??_DLocalBandUser@@QAAXXZ,default/BandUser,148,100.00,100.00,object_memory,stable_divergent,1,"BYTE-IDENTICAL body; divergence is reloc-target mocking only -- 4 object word(s), all cross-region"
TIER3_SUSPECT,??_DNullLocalBandUser@@QAAXXZ,default/BandUser,148,100.00,100.00,object_memory,stable_divergent,1,"BYTE-IDENTICAL body; divergence is reloc-target mocking only -- 3 object word(s), all cross-region"
TIER3_SUSPECT,?Copy@CharUpperTwist@@UAAXPBVObject@Hmx@@W4CopyType@23@@Z,default/CharUpperTwist,148,100.00,100.00,call_arg,stable_divergent,1,BYTE-IDENTICAL body; divergence is reloc-target mocking only -- arg r5 crosses mock regions (rdata->globals)
TIER3_SUSPECT,??0?$CSampleXAPOBase@VDistortionEffect@@UParams@1@@ATG@@IAA@XZ,default/system/synth_xbox/FxSendDistortion,144,100.00,100.00,object_memory,stable_divergent,1,"BYTE-IDENTICAL body; divergence is reloc-target mocking only -- 2 object word(s), all cross-region"
TIER3_SUSPECT,??0?$CSampleXAPOBase@VFlangerEffect@@UParams@1@@ATG@@IAA@XZ,default/system/synth_xbox/FxSendChorus,144,100.00,100.00,object_memory,stable_divergent,1,"BYTE-IDENTICAL body; divergence is reloc-target mocking only -- 2 object word(s), all cross-region"
TIER3_SUSPECT,??0WinSockSocket@@QAA@_N@Z,default/NetworkSocket_Win,144,100.00,100.00,object_memory,stable_divergent,1,"BYTE-IDENTICAL body; divergence is reloc-target mocking only -- 1 object word(s), all cross-region"
TIER3_SUSPECT,??1CreditsPanel@@EAA@XZ,default/CreditsPanel,144,100.00,100.00,object_memory,stable_divergent,0,"2 object word(s), all cross-region"
TIER3_SUSPECT,??0NgRnd@@QAA@XZ,default/Env_NG,144,100.00,100.00,object_memory,stable_divergent,1,"BYTE-IDENTICAL body; divergence is reloc-target mocking only -- 2 object word(s), all cross-region"
TIER3_SUSPECT,??0UploadErrorMgr@@QAA@XZ,default/UploadErrorMgr,144,100.00,100.00,object_memory,stable_divergent,1,"BYTE-IDENTICAL body; divergence is reloc-target mocking only -- 1 object word(s), all cross-region"
TIER3_SUSPECT,?Copy@FxSendDelay@@UAAXPBVObject@Hmx@@W4CopyType@23@@Z,default/system/synth/FxSendDelay,144,100.00,100.00,call_arg,stable_divergent,1,BYTE-IDENTICAL body; divergence is reloc-target mocking only -- arg r5 crosses mock regions (rdata->globals)
TIER3_SUSPECT,?Copy@CharIKMidi@@UAAXPBVObject@Hmx@@W4CopyType@23@@Z,default/CharIKMidi,144,100.00,100.00,call_arg,stable_divergent,1,BYTE-IDENTICAL body; divergence is reloc-target mocking only -- arg r5 crosses mock regions (rdata->globals)
TIER3_SUSPECT,??0?$CSampleXAPOBase@VEQEffect@@UParams@1@@ATG@@IAA@XZ,default/system/synth_xbox/FxSendEQ,144,100.00,100.00,object_memory,stable_divergent,1,"BYTE-IDENTICAL body; divergence is reloc-target mocking only -- 2 object word(s), all cross-region"
TIER3_SUSPECT,?Poll@ContentLoadingPanel@@UAAXXZ,default/band3/meta_band/ContentLoadingPanel,144,100.00,100.00,call_arg,stable_divergent,1,BYTE-IDENTICAL body; divergence is reloc-target mocking only -- arg r4 crosses mock regions (rdata->globals)
TIER3_SUSPECT,??0?$CSampleXAPOBase@VDelayEffect@@UParams@1@@ATG@@IAA@XZ,default/system/synth_xbox/FxSendDelay,144,100.00,100.00,object_memory,stable_divergent,1,"BYTE-IDENTICAL body; divergence is reloc-target mocking only -- 2 object word(s), all cross-region"
TIER3_SUSPECT,?CopyMembers@ScrollbarDisplay@@UAAXPBVUIComponent@@W4CopyType@Object@Hmx@@@Z,default/ScrollbarDisplay,144,100.00,100.00,call_arg,stable_divergent,1,BYTE-IDENTICAL body; divergence is reloc-target mocking only -- arg r5 crosses mock regions (rdata->globals)
TIER3_SUSPECT,?SetCoefficients@Biquad@DSP@@QAAXPAM@Z,default/Biquad,140,100.00,100.00,object_memory,stable_divergent,1,"BYTE-IDENTICAL body; divergence is reloc-target mocking only -- 1 object word(s), all cross-region"
TIER3_SUSPECT,?Copy@UIListArrow@@UAAXPBVObject@Hmx@@W4CopyType@23@@Z,default/UIListArrow,140,100.00,100.00,call_arg,stable_divergent,1,BYTE-IDENTICAL body; divergence is reloc-target mocking only -- arg r5 crosses mock regions (rdata->globals)
TIER3_SUSPECT,??0LocalUser@@QAA@XZ,default/User,140,100.00,100.00,object_memory,stable_divergent,1,"BYTE-IDENTICAL body; divergence is reloc-target mocking only -- 1 object word(s), all cross-region"
TIER3_SUSPECT,?SetClip@ClipPredict@@QAAXPAVCharClip@@@Z,default/CharUtl,140,100.00,100.00,call_arg,stable_divergent,1,BYTE-IDENTICAL body; divergence is reloc-target mocking only -- arg r4 crosses mock regions (rdata->globals)
TIER3_SUSPECT,??0FxSendCompress@@IAA@XZ,default/system/synth/FxSendCompress,140,100.00,100.00,object_memory,stable_divergent,1,"BYTE-IDENTICAL body; divergence is reloc-target mocking only -- 8 object word(s), all cross-region"
TIER3_SUSPECT,??0FxSendSynapse@@IAA@XZ,default/system/synth/FxSendSynapse,140,100.00,100.00,object_memory,stable_divergent,1,"BYTE-IDENTICAL body; divergence is reloc-target mocking only -- 6 object word(s), all cross-region"
TIER3_SUSPECT,??0BandSongPref@@QAA@XZ,default/BandSongPref,140,100.00,100.00,call_arg,stable_divergent,0,arg r4 crosses mock regions (rdata->globals)
TIER3_SUSPECT,?PlayBandDiedCue@GamePanel@@QAAXXZ,default/GamePanel,140,100.00,100.00,call_arg,stable_divergent,0,arg r4 crosses mock regions (rdata->globals)
TIER3_SUSPECT,?Copy@CharBonesBlender@@UAAXPBVObject@Hmx@@W4CopyType@23@@Z,default/CharBonesBlender,140,100.00,100.00,call_arg,stable_divergent,1,BYTE-IDENTICAL body; divergence is reloc-target mocking only -- arg r5 crosses mock regions (rdata->globals)
TIER3_SUSPECT,??0Award@@QAA@PAVDataArray@@H@Z,default/Award,140,100.00,100.00,call_arg,stable_divergent,0,arg r4 crosses mock regions (rdata->globals)
TIER3_SUSPECT,?FinishLoad@ContentLoadingPanel@@UAAXXZ,default/band3/meta_band/ContentLoadingPanel,140,100.00,100.00,call_arg,stable_divergent,1,BYTE-IDENTICAL body; divergence is reloc-target mocking only -- arg r4 crosses mock regions (rdata->globals)
TIER3_SUSPECT,??0LessonProvider@@QAA@XZ,default/band3/meta_band/LessonProvider,140,100.00,100.00,object_memory,stable_divergent,0,"2 object word(s), all cross-region"
TIER3_SUSPECT,?Copy@MoggClip@@UAAXPBVObject@Hmx@@W4CopyType@23@@Z,default/system/synth/MoggClip,140,100.00,100.00,call_arg,stable_divergent,1,BYTE-IDENTICAL body; divergence is reloc-target mocking only -- arg r5 crosses mock regions (rdata->globals)
TIER3_SUSPECT,?SetListAttached@ScrollbarDisplay@@QAAX_N@Z,default/ScrollbarDisplay,140,100.00,100.00,call_arg,stable_divergent,1,BYTE-IDENTICAL body; divergence is reloc-target mocking only -- arg r5 crosses mock regions (rdata->globals)
TIER3_SUSPECT,??0UIScreen@@QAA@XZ,default/UIScreen,136,100.00,100.00,object_memory,stable_divergent,1,"BYTE-IDENTICAL body; divergence is reloc-target mocking only -- 1 object word(s), all cross-region"
TIER3_SUSPECT,?DecompressMem@@YAXPBXHPAXAAHPBD@Z,default/Compress,136,100.00,100.00,call_arg,stable_divergent,1,BYTE-IDENTICAL body; divergence is reloc-target mocking only -- arg r5 crosses mock regions (rdata->globals)
TIER3_SUSPECT,??0ExternalMic@@QAA@K@Z,default/ExternalMic,136,100.00,100.00,object_memory,stable_divergent,1,"BYTE-IDENTICAL body; divergence is reloc-target mocking only -- 1 object word(s), all cross-region"
TIER3_SUSPECT,?SetFrame@RndTexRenderer@@UAAXMM@Z,default/TexRenderer,136,100.00,100.00,call_arg,stable_divergent,1,BYTE-IDENTICAL body; divergence is reloc-target mocking only -- arg r5 crosses mock regions (rdata->globals)
TIER3_SUSPECT,?Copy@CharNeckTwist@@UAAXPBVObject@Hmx@@W4CopyType@23@@Z,default/CharNeckTwist,136,100.00,100.00,call_arg,stable_divergent,1,BYTE-IDENTICAL body; divergence is reloc-target mocking only -- arg r5 crosses mock regions (rdata->globals)
TIER3_SUSPECT,??_DRemoteUser@@QAAXXZ,default/BandUser,136,100.00,100.00,object_memory,stable_divergent,1,"BYTE-IDENTICAL body; divergence is reloc-target mocking only -- 2 object word(s), all cross-region"
TIER3_SUSPECT,??0BaseGuitarTrackWatcherImpl@@QAA@HABVUserGuid@@HPAVSongData@@PAVGameGemList@@PAVTrackWatcherParent@@PAVDataArray@@@Z,default/BaseGuitarTrackWatcherImpl,136,100.00,100.00,object_memory,stable_divergent,1,"BYTE-IDENTICAL body; divergence is reloc-target mocking only -- 4 object word(s), all cross-region"
TIER3_SUSPECT,?Init@EntityUploader@@UAAXXZ,default/EntityUploader,136,100.00,100.00,call_arg,stable_divergent,0,arg r4 crosses mock regions (rdata->globals)
TIER3_SUSPECT,??1CharBonesBlender@@UAA@XZ,default/CharBonesBlender,136,100.00,100.00,object_memory,stable_divergent,0,"2 object word(s), all cross-region"
TIER3_SUSPECT,??0VignetteViewerProvider@@QAA@XZ,default/band3/meta_band/ManageBandPanel,136,100.00,100.00,object_memory,stable_divergent,0,"2 object word(s), all cross-region"
TIER3_SUSPECT,??0GigFilter@@QAA@XZ,default/band3/tour/GigFilter,132,100.00,100.00,call_arg,stable_divergent,0,arg r4 crosses mock regions (rdata->globals)
TIER3_SUSPECT,??0FileMergerOrganizer@@IAA@XZ,default/FileMergerOrganizer,132,100.00,100.00,object_memory,stable_divergent,1,"BYTE-IDENTICAL body; divergence is reloc-target mocking only -- 2 object word(s), all cross-region"
TIER3_SUSPECT,??0SaveLoadMgrStatusUpdateMsg@@QAA@H@Z,default/band3/meta_band/SaveLoadManager,132,100.00,100.00,object_memory,stable_divergent,0,"1 object word(s), all cross-region"
TIER3_SUSPECT,??0CampaignSourceProvider@@QAA@XZ,default/CampaignSongInfoPanel,132,100.00,100.00,object_memory,stable_divergent,0,"2 object word(s), all cross-region"
TIER3_SUSPECT,??0CampaignLevel@@QAA@PAVDataArray@@H@Z,default/CampaignLevel,132,100.00,100.00,call_arg,stable_divergent,1,BYTE-IDENTICAL body; divergence is reloc-target mocking only -- arg r4 crosses mock regions (rdata->globals)
TIER3_SUSPECT,??0InstrumentFinishProvider@@QAA@XZ,default/band3/meta_band/InstrumentFinishProvider,132,100.00,100.00,object_memory,stable_divergent,0,"2 object word(s), all cross-region"
TIER3_SUSPECT,?HasAssets@Award@@QBA_NXZ,default/Award,132,100.00,100.00,call_arg,stable_divergent,0,arg r4 crosses mock regions (rdata->globals)
TIER3_SUSPECT,??$?5VSampleMarker@@V?$StlNodeAlloc@VSampleMarker@@@stlpmtx_std@@@@YAAAVBinStream@@AAV0@AAV?$vector@VSampleMarker@@V?$StlNodeAlloc@VSampleMarker@@@stlpmtx_std@@@stlpmtx_std@@@Z,default/SampleData,132,100.00,100.00,call_arg,stable_divergent,0,arg r4 crosses mock regions (rdata->globals)
TIER3_SUSPECT,??1GuitarController@@UAA@XZ,default/GuitarController,128,100.00,100.00,object_memory,stable_divergent,0,"1 object word(s), all cross-region"
TIER3_SUSPECT,??1NgRnd@@UAA@XZ,default/Env_NG,128,100.00,100.00,object_memory,stable_divergent,0,"2 object word(s), all cross-region"
TIER3_SUSPECT,?Copy@CrazeHollaback@@UAAXPBVObject@Hmx@@W4CopyType@23@@Z,default/CrazeHollaback,128,100.00,100.00,call_arg,stable_divergent,1,BYTE-IDENTICAL body; divergence is reloc-target mocking only -- arg r5 crosses mock regions (rdata->globals)
TIER3_SUSPECT,?Copy@BandHighlight@@UAAXPBVObject@Hmx@@W4CopyType@23@@Z,default/BandHighlight,128,100.00,100.00,call_arg,stable_divergent,1,BYTE-IDENTICAL body; divergence is reloc-target mocking only -- arg r5 crosses mock regions (rdata->globals)
TIER3_SUSPECT,??0TourProperty@@QAA@PBVDataArray@@@Z,default/band3/tour/TourProperty,128,100.00,100.00,call_arg,stable_divergent,1,BYTE-IDENTICAL body; divergence is reloc-target mocking only -- arg r6 crosses mock regions (rdata->globals)
TIER3_SUSPECT,??0KeysFx@@QAA@W4TrackType@@@Z,default/band3/game/KeysFx,128,100.00,100.00,object_memory,stable_divergent,1,"BYTE-IDENTICAL body; divergence is reloc-target mocking only -- 3 object word(s), all cross-region"
TIER3_SUSPECT,??0ATanInterpolator@@QAA@MMMMM@Z,default/Interp,124,100.00,100.00,object_memory,stable_divergent,1,"BYTE-IDENTICAL body; divergence is reloc-target mocking only -- 4 object word(s), all cross-region"
TIER3_SUSPECT,?ClearToDefaults@EyeDartRulesetData@CharEyeDartRuleset@@QAAXXZ,default/CharEyeDartRuleset,124,100.00,100.00,object_memory,stable_divergent,1,"BYTE-IDENTICAL body; divergence is reloc-target mocking only -- 8 object word(s), all cross-region"
TIER3_SUSPECT,?Copy@UIColor@@UAAXPBVObject@Hmx@@W4CopyType@23@@Z,default/UIColor,124,100.00,100.00,call_arg,stable_divergent,1,BYTE-IDENTICAL body; divergence is reloc-target mocking only -- arg r5 crosses mock regions (rdata->globals)
TIER3_SUSPECT,?OptionInit@@YAXXZ,default/Option,124,100.00,100.00,call_arg,stable_divergent,1,BYTE-IDENTICAL body; divergence is reloc-target mocking only -- arg r4 crosses mock regions (rdata->globals)
TIER3_SUSPECT,?FormatTime@@YAPBDM@Z,default/Timer,124,100.00,100.00,call_arg,stable_divergent,1,BYTE-IDENTICAL body; divergence is reloc-target mocking only -- arg r3 crosses mock regions (rdata->globals)
TIER3_SUSPECT,?UpdateDebugParsers@Song@@AAAXXZ,default/Song,124,100.00,100.00,call_arg,stable_divergent,1,BYTE-IDENTICAL body; divergence is reloc-target mocking only -- arg r4 crosses mock regions (rdata->globals)
TIER3_SUSPECT,??0IOBandwidthCounter@BandwidthCounterMap@Quazal@@QAA@ABVString@2@@Z,default/network/Platform/BandwidthCounter,124,100.00,100.00,call_arg,stable_divergent,0,arg r5 crosses mock regions (rdata->globals)
TIER3_SUSPECT,?ViewGamercard@SetlistRecord@@QAAXPAVLocalBandUser@@@Z,default/band3/meta_band/SongRecord,124,100.00,100.00,call_arg,stable_divergent,1,BYTE-IDENTICAL body; divergence is reloc-target mocking only -- arg r5 crosses mock regions (rdata->globals)
TIER3_SUSPECT,?Copy@MicInputArrow@@UAAXPBVObject@Hmx@@W4CopyType@23@@Z,default/MicInputArrow,124,100.00,100.00,call_arg,stable_divergent,1,BYTE-IDENTICAL body; divergence is reloc-target mocking only -- arg r5 crosses mock regions (rdata->globals)
TIER3_SUSPECT,?InitData@AwardAssetProvider@@UAAXPAVRndDir@@@Z,default/band3/meta_band/NewAwardPanel,124,100.00,100.00,call_arg,stable_divergent,1,BYTE-IDENTICAL body; divergence is reloc-target mocking only -- arg r4 crosses mock regions (rdata->globals)
TIER3_SUSPECT,??0StarsCmp@@QAA@HMPBD@Z,default/SongSortByStars,124,100.00,100.00,object_memory,stable_divergent,0,"1 object word(s), all cross-region"
TIER3_SUSPECT,??0?$CSampleXAPOBase@VGainEffect@@UGainEffectParams@@@ATG@@IAA@XZ,default/GainEffect,120,100.00,100.00,object_memory,stable_divergent,1,"BYTE-IDENTICAL body; divergence is reloc-target mocking only -- 2 object word(s), all cross-region"
TIER3_SUSPECT,??0?$CSampleXAPOBase@VHeadsetPlaybackEffect@@UHeadsetPlaybackEffectParams@@@ATG@@IAA@XZ,default/HeadsetPlaybackEffect,120,100.00,100.00,object_memory,stable_divergent,1,"BYTE-IDENTICAL body; divergence is reloc-target mocking only -- 2 object word(s), all cross-region"
TIER3_SUSPECT,??0?$CSampleXAPOBase@VEnvelopeGenerator@@UEnvelopeGeneratorParams@@@ATG@@IAA@XZ,default/EnvelopeGenerator,120,100.00,100.00,object_memory,stable_divergent,1,"BYTE-IDENTICAL body; divergence is reloc-target mocking only -- 2 object word(s), all cross-region"
TIER3_SUSPECT,??0?$CSampleXAPOBase@VPitchShiftEffect@@UPitchShiftEffectParams@@@ATG@@IAA@XZ,default/PitchShiftEffect,120,100.00,100.00,object_memory,stable_divergent,1,"BYTE-IDENTICAL body; divergence is reloc-target mocking only -- 2 object word(s), all cross-region"
TIER3_SUSPECT,??0?$CSampleXAPOBase@VHeadsetXferEffect@@UHeadsetXferEffectParams@@@ATG@@IAA@XZ,default/HeadsetXferEffect,120,100.00,100.00,object_memory,stable_divergent,1,"BYTE-IDENTICAL body; divergence is reloc-target mocking only -- 2 object word(s), all cross-region"
TIER3_SUSPECT,??0?$CSampleXAPOBase@VMeterEffect@@UMeterEffectParams@@@ATG@@IAA@XZ,default/MeterEffect,120,100.00,100.00,object_memory,stable_divergent,1,"BYTE-IDENTICAL body; divergence is reloc-target mocking only -- 2 object word(s), all cross-region"
TIER3_SUSPECT,??1JsonArray@@EAA@XZ,default/JsonUtils,120,100.00,100.00,object_memory,stable_divergent,1,"BYTE-IDENTICAL body; divergence is reloc-target mocking only -- 1 object word(s), all cross-region"
TIER3_SUSPECT,??0UIListSlot@@IAA@XZ,default/UIListSlot,120,100.00,100.00,object_memory,stable_divergent,0,"1 object word(s), all cross-region"
TIER3_SUSPECT,?Copy@CharIKFoot@@UAAXPBVObject@Hmx@@W4CopyType@23@@Z,default/CharIKFoot,120,100.00,100.00,call_arg,stable_divergent,1,BYTE-IDENTICAL body; divergence is reloc-target mocking only -- arg r5 crosses mock regions (rdata->globals)
TIER3_SUSPECT,??0NetStream@@QAA@XZ,default/JoypadMsgs,120,100.00,100.00,object_memory,stable_divergent,0,"1 object word(s), all cross-region"
TIER3_SUSPECT,??1AccomplishmentSongListConditional@@UAA@XZ,default/band3/meta_band/AccomplishmentSongListConditional,120,100.00,100.00,object_memory,stable_divergent,0,"1 object word(s), all cross-region"
TIER3_SUSPECT,?FirstFrame_@StatMemberTracker@@UAAXM@Z,default/band3/game/StatMemberTracker,120,100.00,100.00,object_memory,stable_divergent,1,"BYTE-IDENTICAL body; divergence is reloc-target mocking only -- 1 object word(s), all cross-region"
TIER3_SUSPECT,??0TourPerformerImpl@@QAA@AAVBandUserMgr@@@Z,default/TourPerformer,120,100.00,100.00,call_arg,stable_divergent,0,arg r4 crosses mock regions (rdata->globals)
TIER3_SUSPECT,??0ReviewCmp@@QAA@HPBD@Z,default/SongSortByReview,120,100.00,100.00,object_memory,stable_divergent,0,"1 object word(s), all cross-region"
TIER3_SUSPECT,?SetBlocking@ContentLoadingPanel@@QAAX_N@Z,default/band3/meta_band/ContentLoadingPanel,120,100.00,100.00,call_arg,stable_divergent,1,BYTE-IDENTICAL body; divergence is reloc-target mocking only -- arg r4 crosses mock regions (rdata->globals)
TIER3_SUSPECT,??0SongMetadata@@IAA@XZ,default/SongMetadata,120,100.00,100.00,object_memory,stable_divergent,0,"1 object word(s), all cross-region"
TIER3_SUSPECT,??1Lyric@@UAA@XZ,default/band3/bandtrack/Lyric,120,100.00,100.00,object_memory,stable_divergent,0,"1 object word(s), all cross-region"
TIER3_SUSPECT,??1?$ObjRefConcrete@VBandLabel@@VObjectDir@@@@UAA@XZ,default/CrowdMeterIcon,116,100.00,100.00,object_memory,stable_divergent,0,"1 object word(s), all cross-region"
TIER3_SUSPECT,??1?$ObjRefConcrete@VRndAnimatable@@VObjectDir@@@@UAA@XZ,default/CrowdMeterIcon,116,100.00,100.00,object_memory,stable_divergent,0,"1 object word(s), all cross-region"
TIER3_SUSPECT,??1?$ObjRefConcrete@VEventTrigger@@VObjectDir@@@@UAA@XZ,default/BandStarDisplay,116,100.00,100.00,object_memory,stable_divergent,0,"1 object word(s), all cross-region"
TIER3_SUSPECT,??1KeyboardTrackWatcherImpl@@UAA@XZ,default/KeyboardTrackWatcherImpl,116,100.00,100.00,object_memory,stable_divergent,0,"1 object word(s), all cross-region"
TIER3_SUSPECT,??0UIListState@@QAA@PAVUIListProvider@@PAVUIListStateCallback@@@Z,default/UIListState,116,100.00,100.00,object_memory,stable_divergent,1,"BYTE-IDENTICAL body; divergence is reloc-target mocking only -- 2 object word(s), all cross-region"
TIER3_SUSPECT,??0FixedSetlist@@QAA@XZ,default/band3/tour/FixedSetlist,116,100.00,100.00,call_arg,stable_divergent,1,BYTE-IDENTICAL body; divergence is reloc-target mocking only -- arg r4 crosses mock regions (rdata->globals)
TIER3_SUSPECT,??_GFixedSetlist@@UAAPAXI@Z,default/band3/tour/FixedSetlist,116,100.00,100.00,object_memory,stable_divergent,1,"BYTE-IDENTICAL body; divergence is reloc-target mocking only -- 1 object word(s), all cross-region"
TIER3_SUSPECT,?Copy@UIListMesh@@UAAXPBVObject@Hmx@@W4CopyType@23@@Z,default/UIListMesh,116,100.00,100.00,call_arg,stable_divergent,1,BYTE-IDENTICAL body; divergence is reloc-target mocking only -- arg r5 crosses mock regions (rdata->globals)
TIER3_SUSPECT,??0MetaMusicScene@@QAA@PAVDataArray@@@Z,default/MetaMusicScene,116,100.00,100.00,call_arg,stable_divergent,0,arg r4 crosses mock regions (rdata->globals)
TIER3_SUSPECT,??1?$ObjRefConcrete@VCharLipSyncDriver@@VObjectDir@@@@UAA@XZ,default/CharLipSyncDriver,116,100.00,100.00,object_memory,stable_divergent,0,"1 object word(s), all cross-region"
TIER3_SUSPECT,?GetPath@FakeSongMgr@@SAPBDPBVSongInfo@@PBD@Z,default/FakeSongMgr,116,100.00,100.00,call_arg,stable_divergent,1,BYTE-IDENTICAL body; divergence is reloc-target mocking only -- arg r3 crosses mock regions (rdata->globals)
TIER3_SUSPECT,??1?$ObjRefConcrete@VHamCharacter@@VObjectDir@@@@UAA@XZ,default/HamIKSkeleton,116,100.00,100.00,object_memory,stable_divergent,0,"1 object word(s), all cross-region"
TIER3_SUSPECT,?SetName@CharIKFoot@@UAAXPBDPAVObjectDir@@@Z,default/CharIKFoot,116,100.00,100.00,call_arg,stable_divergent,1,BYTE-IDENTICAL body; divergence is reloc-target mocking only -- arg r5 crosses mock regions (rdata->globals)
TIER3_SUSPECT,??__EgHiResScreen@@YAXXZ,default/HiResScreen,116,100.00,100.00,call_arg,stable_divergent,1,BYTE-IDENTICAL body; divergence is reloc-target mocking only -- arg r3 crosses mock regions (rdata->globals)
TIER3_SUSPECT,??0KeyedChecksumAlgorithm@Quazal@@QAA@II@Z,default/network/Plugins/Checksum/Interface/KeyedChecksumAlgorithm,116,100.00,100.00,object_memory,stable_divergent,0,"1 object word(s), all cross-region"
TIER3_SUSPECT,??1?$ObjRefConcrete@VRndCam@@VObjectDir@@@@UAA@XZ,default/CamAnim,116,100.00,100.00,object_memory,stable_divergent,0,"1 object word(s), all cross-region"
TIER3_SUSPECT,??_GTourGameRules@@UAAPAXI@Z,default/band3/tour/TourGameRules,116,100.00,100.00,object_memory,stable_divergent,1,"BYTE-IDENTICAL body; divergence is reloc-target mocking only -- 1 object word(s), all cross-region"
TIER3_SUSPECT,??_GAsset@@UAAPAXI@Z,default/band3/meta_band/Asset,116,100.00,100.00,object_memory,stable_divergent,1,"BYTE-IDENTICAL body; divergence is reloc-target mocking only -- 1 object word(s), all cross-region"
TIER3_SUSPECT,??1ArkFile@@UAA@XZ,default/ArkFile,116,100.00,100.00,object_memory,stable_divergent,0,"1 object word(s), all cross-region"
TIER3_SUSPECT,??_DRndPollAnim@@QAAXXZ,default/PollAnim,116,100.00,100.00,object_memory,stable_divergent,1,"BYTE-IDENTICAL body; divergence is reloc-target mocking only -- 1 object word(s), all cross-region"
TIER3_SUSPECT,??1?$ObjRefConcrete@VRndMesh@@VObjectDir@@@@UAA@XZ,default/PartLauncher,116,100.00,100.00,object_memory,stable_divergent,0,"1 object word(s), all cross-region"
TIER3_SUSPECT,??1?$ObjRefConcrete@VRndMultiMesh@@VObjectDir@@@@UAA@XZ,default/PartLauncher,116,100.00,100.00,object_memory,stable_divergent,0,"1 object word(s), all cross-region"
TIER3_SUSPECT,??_GCacheMgr@@UAAPAXI@Z,default/CacheMgr,116,100.00,100.00,object_memory,stable_divergent,1,"BYTE-IDENTICAL body; divergence is reloc-target mocking only -- 1 object word(s), all cross-region"
TIER3_SUSPECT,??1?$ObjRefConcrete@VRndEnvAnim@@VObjectDir@@@@UAA@XZ,default/EnvAnim,116,100.00,100.00,object_memory,stable_divergent,0,"1 object word(s), all cross-region"
TIER3_SUSPECT,??1?$ObjRefConcrete@VUnisonIcon@@VObjectDir@@@@UAA@XZ,default/EndingBonus,116,100.00,100.00,object_memory,stable_divergent,0,"1 object word(s), all cross-region"
TIER3_SUSPECT,??1?$ObjRefConcrete@VBandList@@VObjectDir@@@@UAA@XZ,default/ScrollbarDisplay,116,100.00,100.00,object_memory,stable_divergent,0,"1 object word(s), all cross-region"
TIER3_SUSPECT,?DefaultDifficulty@@YA?AW4Difficulty@@XZ,default/Defines,112,100.00,100.00,call_arg,stable_divergent,1,BYTE-IDENTICAL body; divergence is reloc-target mocking only -- arg r4 crosses mock regions (rdata->globals)
TIER3_SUSPECT,?JoypadInitXboxPCDeadzone@@YAXPAVDataArray@@@Z,default/Joypad_Xinput,112,100.00,100.00,call_arg,stable_divergent,1,BYTE-IDENTICAL body; divergence is reloc-target mocking only -- arg r4 crosses mock regions (rdata->globals)
TIER3_SUSPECT,??1?$StandardEffect@VDistortionEffect@@@@UAA@XZ,default/system/synth_xbox/FxSendDistortion,112,100.00,100.00,object_memory,stable_divergent,1,"BYTE-IDENTICAL body; divergence is reloc-target mocking only -- 2 object word(s), all cross-region"
TIER3_SUSPECT,?Copy@UIGuide@@UAAXPBVObject@Hmx@@W4CopyType@23@@Z,default/UIGuide,112,100.00,100.00,call_arg,stable_divergent,1,BYTE-IDENTICAL body; divergence is reloc-target mocking only -- arg r5 crosses mock regions (rdata->globals)
TIER3_SUSPECT,?NewObject@LabelShrinkWrapper@@SAPAVObject@Hmx@@XZ,default/LabelShrinkWrapper,112,100.00,100.00,call_arg,stable_divergent,0,arg r4 crosses mock regions (rdata->globals)
TIER3_SUSPECT,??0FileMergerOrganizerLoader@@QAA@XZ,default/FileMergerOrganizer,112,100.00,100.00,call_arg,stable_divergent,0,arg r4 crosses mock regions (rdata->globals)
TIER3_SUSPECT,??_DConnectionStatusPanel@@QAAXXZ,default/MetaMusicScene,112,100.00,100.00,object_memory,stable_divergent,1,"BYTE-IDENTICAL body; divergence is reloc-target mocking only -- 1 object word(s), all cross-region"
TIER3_SUSPECT,FileDelete,default/File_Win,112,100.00,100.00,call_arg,stable_divergent,1,BYTE-IDENTICAL body; divergence is reloc-target mocking only -- arg r4 crosses mock regions (rdata->globals)
TIER3_SUSPECT,FileMkDir,default/File_Win,112,100.00,100.00,call_arg,stable_divergent,1,BYTE-IDENTICAL body; divergence is reloc-target mocking only -- arg r4 crosses mock regions (rdata->globals)
TIER3_SUSPECT,??0StandIn@@QAA@XZ,default/band3/meta_band/StandIn,112,100.00,100.00,object_memory,stable_divergent,0,"1 object word(s), all cross-region"
TIER3_SUSPECT,??1AccomplishmentTrainerListConditional@@UAA@XZ,default/band3/meta_band/AccomplishmentTrainerListConditional,112,100.00,100.00,object_memory,stable_divergent,0,"1 object word(s), all cross-region"
TIER3_SUSPECT,?IsProfileOwner@SetlistRecord@@QBA_NPBVBandProfile@@@Z,default/band3/meta_band/SongRecord,112,100.00,100.00,call_arg,stable_divergent,1,BYTE-IDENTICAL body; divergence is reloc-target mocking only -- arg r5 crosses mock regions (rdata->globals)
TIER3_SUSPECT,?NewObject@InstrumentDifficultyDisplay@@SAPAVObject@Hmx@@XZ,default/InstrumentDifficultyDisplay,112,100.00,100.00,call_arg,stable_divergent,0,arg r4 crosses mock regions (rdata->globals)
TIER3_SUSPECT,?NewObject@MiniLeaderboardDisplay@@SAPAVObject@Hmx@@XZ,default/system/hamobj/MiniLeaderboardDisplay,112,100.00,100.00,call_arg,stable_divergent,0,arg r4 crosses mock regions (rdata->globals)
TIER3_SUSPECT,?Load@KeysFx@@QAAXXZ,default/band3/game/KeysFx,112,100.00,100.00,call_arg,stable_divergent,0,arg r4 crosses mock regions (rdata->globals)
TIER3_SUSPECT,??1?$StandardEffect@VEQEffect@@@@UAA@XZ,default/system/synth_xbox/FxSendEQ,112,100.00,100.00,object_memory,stable_divergent,1,"BYTE-IDENTICAL body; divergence is reloc-target mocking only -- 2 object word(s), all cross-region"
TIER3_SUSPECT,??1?$StandardEffect@VWahEffect@@@@UAA@XZ,default/FxSendWah,112,100.00,100.00,object_memory,stable_divergent,1,"BYTE-IDENTICAL body; divergence is reloc-target mocking only -- 2 object word(s), all cross-region"
TIER3_SUSPECT,?LoadArt@BandStorePanel@@UAAXPBDPAVUIPanel@@@Z,default/band3/meta_band/BandStorePanel,112,100.00,100.00,call_arg,stable_divergent,0,arg r4 crosses mock regions (rdata->globals)
TIER3_SUSPECT,??0GemTrackResourceManager@@QAA@PAVObjectDir@@@Z,default/GemTrackResourceManager,108,100.00,100.00,call_arg,stable_divergent,0,arg r4 crosses mock regions (rdata->globals)
TIER3_SUSPECT,??_DBandScoreboard@@QAAXXZ,default/BandScoreboard,108,100.00,100.00,call_arg,stable_divergent,1,BYTE-IDENTICAL body; divergence is reloc-target mocking only -- arg r6 crosses mock regions (rdata->globals)
TIER3_SUSPECT,?ControllerTypeToSym@@YA?AVSymbol@@W4ControllerType@@@Z,default/Defines,108,100.00,100.00,call_arg,stable_divergent,1,BYTE-IDENTICAL body; divergence is reloc-target mocking only -- arg r4 crosses mock regions (rdata->globals)
TIER3_SUSPECT,?DifficultyToShortSym@@YA?AVSymbol@@W4Difficulty@@@Z,default/Defines,108,100.00,100.00,call_arg,stable_divergent,1,BYTE-IDENTICAL body; divergence is reloc-target mocking only -- arg r4 crosses mock regions (rdata->globals)
TIER3_SUSPECT,?DifficultyToSym@@YA?AVSymbol@@W4Difficulty@@@Z,default/Defines,108,100.00,100.00,call_arg,stable_divergent,1,BYTE-IDENTICAL body; divergence is reloc-target mocking only -- arg r4 crosses mock regions (rdata->globals)
TIER3_SUSPECT,?ScoreTypeToSym@@YA?AVSymbol@@W4ScoreType@@@Z,default/Defines,108,100.00,100.00,call_arg,stable_divergent,1,BYTE-IDENTICAL body; divergence is reloc-target mocking only -- arg r4 crosses mock regions (rdata->globals)
TIER3_SUSPECT,??_DBandLeadMeter@@QAAXXZ,default/BandLeadMeter,108,100.00,100.00,object_memory,stable_divergent,1,"BYTE-IDENTICAL body; divergence is reloc-target mocking only -- 2 object word(s), all cross-region"
TIER3_SUSPECT,??_DCrowdMeterIcon@@QAAXXZ,default/CrowdMeterIcon,108,100.00,100.00,object_memory,stable_divergent,1,"BYTE-IDENTICAL body; divergence is reloc-target mocking only -- 2 object word(s), all cross-region"
TIER3_SUSPECT,??_DBandStarDisplay@@QAAXXZ,default/BandStarDisplay,108,100.00,100.00,call_arg,stable_divergent,1,BYTE-IDENTICAL body; divergence is reloc-target mocking only -- arg r6 crosses mock regions (rdata->globals)
TIER3_SUSPECT,?TickFormat@@YAPBDHABVMeasureMap@@@Z,default/MBT,108,100.00,100.00,call_arg,stable_divergent,1,BYTE-IDENTICAL body; divergence is reloc-target mocking only -- arg r3 crosses mock regions (rdata->globals)
TIER3_SUSPECT,??0Profiler@@QAA@PBDH@Z,default/Profiler,108,100.00,100.00,object_memory,stable_divergent,1,"BYTE-IDENTICAL body; divergence is reloc-target mocking only -- 1 object word(s), all cross-region"
TIER3_SUSPECT,??_DCharClipSet@@QAAXXZ,default/CharClipSet,108,100.00,100.00,object_memory,stable_divergent,1,"BYTE-IDENTICAL body; divergence is reloc-target mocking only -- 5 object word(s), all cross-region"
TIER3_SUSPECT,??_DCheckboxDisplay@@QAAXXZ,default/CheckboxDisplay,108,100.00,100.00,object_memory,stable_divergent,1,"BYTE-IDENTICAL body; divergence is reloc-target mocking only -- 5 object word(s), all cross-region"
TIER3_SUSPECT,?OnResetHair@@YA?AVDataNode@@PAVDataArray@@@Z,default/CharUtl,108,100.00,100.00,call_arg,stable_divergent,1,BYTE-IDENTICAL body; divergence is reloc-target mocking only -- arg r5 crosses mock regions (rdata->globals)
TIER3_SUSPECT,??_DLabelShrinkWrapper@@QAAXXZ,default/LabelShrinkWrapper,108,100.00,100.00,object_memory,stable_divergent,1,"BYTE-IDENTICAL body; divergence is reloc-target mocking only -- 5 object word(s), all cross-region"
TIER3_SUSPECT,??_DRndTransProxy@@QAAXXZ,default/TransProxy,108,100.00,100.00,object_memory,stable_divergent,1,"BYTE-IDENTICAL body; divergence is reloc-target mocking only -- 2 object word(s), all cross-region"
TIER3_SUSPECT,??_DRndLight@@QAAXXZ,default/Lit,108,100.00,100.00,object_memory,stable_divergent,1,"BYTE-IDENTICAL body; divergence is reloc-target mocking only -- 2 object word(s), all cross-region"
TIER3_SUSPECT,??_DDxLight@@QAAXXZ,default/system/rnddx9/CubeTex,108,100.00,100.00,object_memory,stable_divergent,1,"BYTE-IDENTICAL body; divergence is reloc-target mocking only -- 4 object word(s), all cross-region"
TIER3_SUSPECT,??_DDxParticleSys@@QAAXXZ,default/system/rnddx9/CubeTex,108,100.00,100.00,call_arg,stable_divergent,1,BYTE-IDENTICAL body; divergence is reloc-target mocking only -- arg r5 crosses mock regions (rdata->globals)
TIER3_SUSPECT,??_DScreenshot@@QAAXXZ,default/Screenshot,108,100.00,100.00,object_memory,stable_divergent,1,"BYTE-IDENTICAL body; divergence is reloc-target mocking only -- 2 object word(s), all cross-region"
TIER3_SUSPECT,??_DRndMultiMeshProxy@@QAAXXZ,default/MultiMeshProxy,108,100.00,100.00,object_memory,stable_divergent,1,"BYTE-IDENTICAL body; divergence is reloc-target mocking only -- 2 object word(s), all cross-region"
TIER3_SUSPECT,?GetSongConfig@FakeSongMgr@@QAAPAVDataArray@@VSymbol@@@Z,default/FakeSongMgr,108,100.00,100.00,call_arg,stable_divergent,1,BYTE-IDENTICAL body; divergence is reloc-target mocking only -- arg r4 crosses mock regions (rdata->globals)
TIER3_SUSPECT,??_DCharCollide@@QAAXXZ,default/CharCollide,108,100.00,100.00,object_memory,stable_divergent,1,"BYTE-IDENTICAL body; divergence is reloc-target mocking only -- 3 object word(s), all cross-region"
TIER3_SUSPECT,??0?$ObjOwnerPtr@VCharWeightable@@@@QAA@PAVObjRefOwner@@PAVCharWeightable@@@Z,default/CharWeightable,108,100.00,100.00,object_memory,stable_divergent,0,"1 object word(s), all cross-region"
TIER3_SUSPECT,??_DRndTexRenderer@@QAAXXZ,default/TexRenderer,108,100.00,100.00,object_memory,stable_divergent,1,"BYTE-IDENTICAL body; divergence is reloc-target mocking only -- 5 object word(s), all cross-region"
TIER3_SUSPECT,?Copy@RndSet@@UAAXPBVObject@Hmx@@W4CopyType@23@@Z,default/Set,108,100.00,100.00,call_arg,stable_divergent,1,BYTE-IDENTICAL body; divergence is reloc-target mocking only -- arg r5 crosses mock regions (rdata->globals)
TIER3_SUSPECT,??0CampaignKey@@QAA@PAVDataArray@@@Z,default/band3/meta_band/CampaignKey,108,100.00,100.00,call_arg,stable_divergent,1,BYTE-IDENTICAL body; divergence is reloc-target mocking only -- arg r4 crosses mock regions (rdata->globals)
TIER3_SUSPECT,?SelectedSource@CampaignSongInfoPanel@@QBA?AVSymbol@@XZ,default/CampaignSongInfoPanel,108,100.00,100.00,call_arg,stable_divergent,1,BYTE-IDENTICAL body; divergence is reloc-target mocking only -- arg r4 crosses mock regions (rdata->globals)
TIER3_SUSPECT,??0OverdriveTimeTracker@@QAA@PAVTrackerSource@@AAVTrackerBandDisplay@@AAVTrackerBroadcastDisplay@@@Z,default/OverdriveTimeTracker,108,100.00,100.00,object_memory,stable_divergent,1,"BYTE-IDENTICAL body; divergence is reloc-target mocking only -- 2 object word(s), all cross-region"
TIER3_SUSPECT,?FirstFrame_@OverdriveTimeTracker@@UAAXM@Z,default/OverdriveTimeTracker,108,100.00,100.00,object_memory,stable_divergent,1,"BYTE-IDENTICAL body; divergence is reloc-target mocking only -- 1 object word(s), all cross-region"
TIER3_SUSPECT,??_DBandHighlight@@QAAXXZ,default/BandHighlight,108,100.00,100.00,object_memory,stable_divergent,1,"BYTE-IDENTICAL body; divergence is reloc-target mocking only -- 5 object word(s), all cross-region"
TIER3_SUSPECT,??_DNgLight@@QAAXXZ,default/Lit_NG,108,100.00,100.00,object_memory,stable_divergent,1,"BYTE-IDENTICAL body; divergence is reloc-target mocking only -- 2 object word(s), all cross-region"
TIER3_SUSPECT,??_DOverdriveMeter@@QAAXXZ,default/OverdriveMeter,108,100.00,100.00,object_memory,stable_divergent,1,"BYTE-IDENTICAL body; divergence is reloc-target mocking only -- 2 object word(s), all cross-region"
TIER3_SUSPECT,??_DMicInputArrow@@QAAXXZ,default/MicInputArrow,108,100.00,100.00,object_memory,stable_divergent,1,"BYTE-IDENTICAL body; divergence is reloc-target mocking only -- 5 object word(s), all cross-region"
TIER3_SUSPECT,?Load@RetryAudioPanel@@UAAXXZ,default/band3/meta_band/RetryAudioPanel,108,100.00,100.00,call_arg,stable_divergent,1,BYTE-IDENTICAL body; divergence is reloc-target mocking only -- arg r4 crosses mock regions (rdata->globals)
TIER3_SUSPECT,??_DReviewDisplay@@QAAXXZ,default/system/bandobj/ReviewDisplay,108,100.00,100.00,object_memory,stable_divergent,1,"BYTE-IDENTICAL body; divergence is reloc-target mocking only -- 2 object word(s), all cross-region"
TIER3_SUSPECT,??_DCharInterest@@QAAXXZ,default/CharInterest,108,100.00,100.00,object_memory,stable_divergent,1,"BYTE-IDENTICAL body; divergence is reloc-target mocking only -- 4 object word(s), all cross-region"
TIER3_SUSPECT,??_DCharCuff@@QAAXXZ,default/CharCuff,108,100.00,100.00,object_memory,stable_divergent,1,"BYTE-IDENTICAL body; divergence is reloc-target mocking only -- 2 object word(s), all cross-region"
TIER3_SUSPECT,??0FxSendMeterEffect360@@QAA@XZ,default/system/synth_xbox/FxSendMeterEffect,108,100.00,100.00,object_memory,stable_divergent,0,"2 object word(s), all cross-region"
TIER3_SUSPECT,??_DRndTransformableRemover@@QAAXXZ,default/CharBone,108,100.00,100.00,object_memory,stable_divergent,1,"BYTE-IDENTICAL body; divergence is reloc-target mocking only -- 2 object word(s), all cross-region"
TIER3_SUSPECT,??_DRndShockwave@@QAAXXZ,default/Shockwave,108,100.00,100.00,object_memory,stable_divergent,1,"BYTE-IDENTICAL body; divergence is reloc-target mocking only -- 2 object word(s), all cross-region"
TIER3_SUSPECT,??_DEndingBonus@@QAAXXZ,default/EndingBonus,108,100.00,100.00,object_memory,stable_divergent,1,"BYTE-IDENTICAL body; divergence is reloc-target mocking only -- 2 object word(s), all cross-region"
TIER3_SUSPECT,??_DRndCam@@QAAXXZ,default/Cam,108,100.00,100.00,object_memory,stable_divergent,1,"BYTE-IDENTICAL body; divergence is reloc-target mocking only -- 3 object word(s), all cross-region"
TIER3_SUSPECT,??_DScrollbarDisplay@@QAAXXZ,default/ScrollbarDisplay,108,100.00,100.00,object_memory,stable_divergent,1,"BYTE-IDENTICAL body; divergence is reloc-target mocking only -- 6 object word(s), all cross-region"
TIER3_SUSPECT,??_DUIProxy@@QAAXXZ,default/system/ui/UIProxy,108,100.00,100.00,object_memory,stable_divergent,1,"BYTE-IDENTICAL body; divergence is reloc-target mocking only -- 2 object word(s), all cross-region"
TIER3_SUSPECT,?Clear@Instarank@@QAAXXZ,default/Instarank,104,100.00,100.00,call_arg,stable_divergent,1,BYTE-IDENTICAL body; divergence is reloc-target mocking only -- arg r4 crosses mock regions (rdata->globals)
TIER3_SUSPECT,??0GainEffect@@QAA@XZ,default/GainEffect,104,100.00,100.00,object_memory,stable_divergent,0,"2 object word(s), all cross-region"
TIER3_SUSPECT,??_GEnvelopeGenerator@@UAAPAXI@Z,default/EnvelopeGenerator,104,100.00,100.00,object_memory,stable_divergent,1,"BYTE-IDENTICAL body; divergence is reloc-target mocking only -- 2 object word(s), all cross-region"
TIER3_SUSPECT,??0WinSockSocket@@AAA@I_N@Z,default/NetworkSocket_Win,104,100.00,100.00,object_memory,stable_divergent,1,"BYTE-IDENTICAL body; divergence is reloc-target mocking only -- 1 object word(s), all cross-region"
TIER3_SUSPECT,??0TextFile@@AAA@XZ,default/DataUtl,104,100.00,100.00,object_memory,stable_divergent,0,"2 object word(s), all cross-region"
TIER3_SUSPECT,?Copy@UIListCustom@@UAAXPBVObject@Hmx@@W4CopyType@23@@Z,default/UIListCustom,104,100.00,100.00,call_arg,stable_divergent,1,BYTE-IDENTICAL body; divergence is reloc-target mocking only -- arg r5 crosses mock regions (rdata->globals)
TIER3_SUSPECT,?Copy@UIListHighlight@@UAAXPBVObject@Hmx@@W4CopyType@23@@Z,default/UIListHighlight,104,100.00,100.00,call_arg,stable_divergent,1,BYTE-IDENTICAL body; divergence is reloc-target mocking only -- arg r5 crosses mock regions (rdata->globals)
TIER3_SUSPECT,?Copy@FxSendBitCrush@@UAAXPBVObject@Hmx@@W4CopyType@23@@Z,default/system/synth/FxSendBitCrush,104,100.00,100.00,call_arg,stable_divergent,1,BYTE-IDENTICAL body; divergence is reloc-target mocking only -- arg r5 crosses mock regions (rdata->globals)
TIER3_SUSPECT,?Copy@FxSendPitchShift@@UAAXPBVObject@Hmx@@W4CopyType@23@@Z,default/system/synth/FxSendPitchShift,104,100.00,100.00,call_arg,stable_divergent,1,BYTE-IDENTICAL body; divergence is reloc-target mocking only -- arg r5 crosses mock regions (rdata->globals)
TIER3_SUSPECT,??0RndSet@@IAA@XZ,default/Set,104,100.00,100.00,object_memory,stable_divergent,1,"BYTE-IDENTICAL body; divergence is reloc-target mocking only -- 2 object word(s), all cross-region"
TIER3_SUSPECT,??0UIListLabel@@IAA@XZ,default/UIListLabel,104,100.00,100.00,object_memory,stable_divergent,0,"2 object word(s), all cross-region"
TIER3_SUSPECT,??0AccomplishmentSetlist@@QAA@PAVDataArray@@H@Z,default/AccomplishmentSetlist,104,100.00,100.00,call_arg,stable_divergent,0,arg r4 crosses mock regions (rdata->globals)
TIER3_SUSPECT,??0SortNode@@QAA@PAVSongSortCmp@@@Z,default/band3/meta_band/SongSort,104,100.00,100.00,object_memory,stable_divergent,1,"BYTE-IDENTICAL body; divergence is reloc-target mocking only -- 1 object word(s), all cross-region"
TIER3_SUSPECT,??1FunctionSortNode@@UAA@XZ,default/band3/meta_band/SongSort,104,100.00,100.00,object_memory,stable_divergent,0,"1 object word(s), all cross-region"
TIER3_SUSPECT,??1HitTracker@@UAA@XZ,default/band3/game/HitTracker,104,100.00,100.00,object_memory,stable_divergent,0,"1 object word(s), all cross-region"
TIER3_SUSPECT,??0EntityUploader@@QAA@XZ,default/EntityUploader,104,100.00,100.00,object_memory,stable_divergent,1,"BYTE-IDENTICAL body; divergence is reloc-target mocking only -- 1 object word(s), all cross-region"
TIER3_SUSPECT,??0DelayEffect@@QAA@PAUIXAudioBatchAllocator@@@Z,default/DelayEffect,104,100.00,100.00,object_memory,stable_divergent,1,"BYTE-IDENTICAL body; divergence is reloc-target mocking only -- 2 object word(s), all cross-region"
TIER3_SUSPECT,?ClearCurrentQuestFilter@TourPerformerLocal@@QAAXXZ,default/band3/tour/TourPerformerLocal,104,100.00,100.00,call_arg,stable_divergent,1,BYTE-IDENTICAL body; divergence is reloc-target mocking only -- arg r4 crosses mock regions (rdata->globals)
TIER3_SUSPECT,?Copy@BandScoreboard@@UAAXPBVObject@Hmx@@W4CopyType@23@@Z,default/BandScoreboard,100,100.00,100.00,call_arg,stable_divergent,1,BYTE-IDENTICAL body; divergence is reloc-target mocking only -- arg r5 crosses mock regions (rdata->globals)
TIER3_SUSPECT,?SymToDifficulty@@YA?AW4Difficulty@@VSymbol@@@Z,default/Defines,100,100.00,100.00,call_arg,stable_divergent,1,BYTE-IDENTICAL body; divergence is reloc-target mocking only -- arg r4 crosses mock regions (rdata->globals)
TIER3_SUSPECT,?SymToScoreType@@YA?AW4ScoreType@@VSymbol@@@Z,default/Defines,100,100.00,100.00,call_arg,stable_divergent,1,BYTE-IDENTICAL body; divergence is reloc-target mocking only -- arg r4 crosses mock regions (rdata->globals)
TIER3_SUSPECT,??0JoypadTrackWatcherImpl@@QAA@HABVUserGuid@@HPAVSongData@@PAVGameGemList@@PAVTrackWatcherParent@@PAVDataArray@@H@Z,default/JoypadTrackWatcherImpl,100,100.00,100.00,object_memory,stable_divergent,1,"BYTE-IDENTICAL body; divergence is reloc-target mocking only -- 2 object word(s), all cross-region"
TIER3_SUSPECT,??_G?$CSampleXAPOBase@VSynapseAPO@DSP@@USynapseAPOParams@2@@ATG@@MAAPAXI@Z,default/SynapseAPO,100,100.00,100.00,object_memory,stable_divergent,1,"BYTE-IDENTICAL body; divergence is reloc-target mocking only -- 2 object word(s), all cross-region"
TIER3_SUSPECT,??_G?$CSampleXAPOBase@VGainEffect@@UGainEffectParams@@@ATG@@MAAPAXI@Z,default/GainEffect,100,100.00,100.00,object_memory,stable_divergent,1,"BYTE-IDENTICAL body; divergence is reloc-target mocking only -- 2 object word(s), all cross-region"
TIER3_SUSPECT,??_G?$CSampleXAPOBase@VHeadsetPlaybackEffect@@UHeadsetPlaybackEffectParams@@@ATG@@MAAPAXI@Z,default/HeadsetPlaybackEffect,100,100.00,100.00,object_memory,stable_divergent,1,"BYTE-IDENTICAL body; divergence is reloc-target mocking only -- 2 object word(s), all cross-region"
TIER3_SUSPECT,??_G?$CSampleXAPOBase@VEnvelopeGenerator@@UEnvelopeGeneratorParams@@@ATG@@MAAPAXI@Z,default/EnvelopeGenerator,100,100.00,100.00,object_memory,stable_divergent,1,"BYTE-IDENTICAL body; divergence is reloc-target mocking only -- 2 object word(s), all cross-region"
TIER3_SUSPECT,??_G?$CSampleXAPOBase@VPitchShiftEffect@@UPitchShiftEffectParams@@@ATG@@MAAPAXI@Z,default/PitchShiftEffect,100,100.00,100.00,object_memory,stable_divergent,1,"BYTE-IDENTICAL body; divergence is reloc-target mocking only -- 2 object word(s), all cross-region"
TIER3_SUSPECT,??0FxSendDistortion360@@QAA@XZ,default/system/synth_xbox/FxSendDistortion,100,100.00,100.00,object_memory,stable_divergent,0,"2 object word(s), all cross-region"
TIER3_SUSPECT,??_G?$CSampleXAPOBase@VDistortionEffect@@UParams@1@@ATG@@MAAPAXI@Z,default/system/synth_xbox/FxSendDistortion,100,100.00,100.00,object_memory,stable_divergent,1,"BYTE-IDENTICAL body; divergence is reloc-target mocking only -- 2 object word(s), all cross-region"
TIER3_SUSPECT,??0FxSendFlanger360@@QAA@XZ,default/system/synth_xbox/FxSendFlanger,100,100.00,100.00,object_memory,stable_divergent,0,"2 object word(s), all cross-region"
TIER3_SUSPECT,??0FxSendChorus360@@QAA@XZ,default/system/synth_xbox/FxSendChorus,100,100.00,100.00,object_memory,stable_divergent,0,"2 object word(s), all cross-region"
TIER3_SUSPECT,??_G?$CSampleXAPOBase@VFlangerEffect@@UParams@1@@ATG@@MAAPAXI@Z,default/system/synth_xbox/FxSendChorus,100,100.00,100.00,object_memory,stable_divergent,1,"BYTE-IDENTICAL body; divergence is reloc-target mocking only -- 2 object word(s), all cross-region"
TIER3_SUSPECT,??0UserMgr@@QAA@XZ,default/UserMgr,100,100.00,100.00,call_arg,stable_divergent,0,arg r4 crosses mock regions (rdata->globals)
TIER3_SUSPECT,??_G?$CSampleXAPOBase@VMeterEffect@@UMeterEffectParams@@@ATG@@MAAPAXI@Z,default/MeterEffect,100,100.00,100.00,object_memory,stable_divergent,1,"BYTE-IDENTICAL body; divergence is reloc-target mocking only -- 2 object word(s), all cross-region"
TIER3_SUSPECT,??1?$ObjRefConcrete@VRndCubeTex@@VObjectDir@@@@UAA@XZ,default/BaseMaterial,100,100.00,100.00,object_memory,stable_divergent,0,"1 object word(s), all cross-region"
TIER3_SUSPECT,??1?$ObjRefConcrete@VRndFur@@VObjectDir@@@@UAA@XZ,default/BaseMaterial,100,100.00,100.00,object_memory,stable_divergent,0,"1 object word(s), all cross-region"
TIER3_SUSPECT,??1NetLoader@@UAA@XZ,default/NetLoader,100,100.00,100.00,object_memory,stable_divergent,0,"1 object word(s), all cross-region"
TIER3_SUSPECT,?FileIsLocal@@YA_NPBD@Z,default/File_Win,100,100.00,100.00,call_arg,stable_divergent,1,BYTE-IDENTICAL body; divergence is reloc-target mocking only -- arg r4 crosses mock regions (rdata->globals)
TIER3_SUSPECT,??1?$ObjRefConcrete@VCharLipSync@@VObjectDir@@@@UAA@XZ,default/CharLipSyncDriver,100,100.00,100.00,object_memory,stable_divergent,0,"1 object word(s), all cross-region"
TIER3_SUSPECT,??0FxSendReverb360@@QAA@XZ,default/system/synth_xbox/FxSendReverb,100,100.00,100.00,object_memory,stable_divergent,0,"2 object word(s), all cross-region"
TIER3_SUSPECT,?SymbolToPlatformRegion@@YA?AW4PlatformRegion@@VSymbol@@@Z,default/PlatformMgr,100,100.00,100.00,call_arg,stable_divergent,1,BYTE-IDENTICAL body; divergence is reloc-target mocking only -- arg r4 crosses mock regions (rdata->globals)
TIER3_SUSPECT,??1?$ObjRefConcrete@VRndEnviron@@VObjectDir@@@@UAA@XZ,default/Accomplishment,100,100.00,100.00,object_memory,stable_divergent,0,"1 object word(s), all cross-region"
TIER3_SUSPECT,??0AccomplishmentSongFilterConditional@@QAA@PAVDataArray@@H@Z,default/AccomplishmentSongFilterConditional,100,100.00,100.00,call_arg,stable_divergent,0,arg r4 crosses mock regions (rdata->globals)
TIER3_SUSPECT,??0TrackerMultiplierMap@@QAA@XZ,default/TrackerUtils,100,100.00,100.00,object_memory,stable_divergent,1,"BYTE-IDENTICAL body; divergence is reloc-target mocking only -- 1 object word(s), all cross-region"
TIER3_SUSPECT,??_GSelectDifficultyPanel@@UAAPAXI@Z,default/SelectDifficultyPanel,100,100.00,100.00,object_memory,stable_divergent,1,"BYTE-IDENTICAL body; divergence is reloc-target mocking only -- 1 object word(s), all cross-region"
TIER3_SUSPECT,??1PerfectOverdriveTracker@@UAA@XZ,default/band3/game/PerfectOverdriveTracker,100,100.00,100.00,object_memory,stable_divergent,0,"1 object word(s), all cross-region"
TIER3_SUSPECT,??0TourGameModifier@@QAA@XZ,default/band3/tour/TourGameModifier,100,100.00,100.00,object_memory,stable_divergent,1,"BYTE-IDENTICAL body; divergence is reloc-target mocking only -- 1 object word(s), all cross-region"
TIER3_SUSPECT,??0JoypadMidiController@@QAA@PAVUser@@PBVDataArray@@PAVBeatMatchControllerSink@@_N@Z,default/system/beatmatch/JoypadMidiController,100,100.00,100.00,object_memory,stable_divergent,0,"1 object word(s), all cross-region"
TIER3_SUSPECT,??0FxSendEQ360@@QAA@XZ,default/system/synth_xbox/FxSendEQ,100,100.00,100.00,object_memory,stable_divergent,0,"2 object word(s), all cross-region"
TIER3_SUSPECT,??_G?$CSampleXAPOBase@VEQEffect@@UParams@1@@ATG@@MAAPAXI@Z,default/system/synth_xbox/FxSendEQ,100,100.00,100.00,object_memory,stable_divergent,1,"BYTE-IDENTICAL body; divergence is reloc-target mocking only -- 2 object word(s), all cross-region"
TIER3_SUSPECT,??1?$ObjRefConcrete@VCharEyeDartRuleset@@VObjectDir@@@@UAA@XZ,default/CharInterest,100,100.00,100.00,object_memory,stable_divergent,0,"1 object word(s), all cross-region"
TIER3_SUSPECT,??0FxSendDelay360@@QAA@XZ,default/system/synth_xbox/FxSendDelay,100,100.00,100.00,object_memory,stable_divergent,0,"2 object word(s), all cross-region"
TIER3_SUSPECT,??_G?$CSampleXAPOBase@VDelayEffect@@UParams@1@@ATG@@MAAPAXI@Z,default/system/synth_xbox/FxSendDelay,100,100.00,100.00,object_memory,stable_divergent,1,"BYTE-IDENTICAL body; divergence is reloc-target mocking only -- 2 object word(s), all cross-region"
TIER3_SUSPECT,??1NetCacheMgr@@UAA@XZ,default/NetCacheMgr,100,100.00,100.00,object_memory,stable_divergent,0,"1 object word(s), all cross-region"
TIER3_SUSPECT,??0FxSendWah360@@QAA@XZ,default/FxSendWah,100,100.00,100.00,object_memory,stable_divergent,0,"2 object word(s), all cross-region"
TIER3_SUSPECT,??_G?$CSampleXAPOBase@VWahEffect@@UParams@1@@ATG@@MAAPAXI@Z,default/FxSendWah,100,100.00,100.00,object_memory,stable_divergent,1,"BYTE-IDENTICAL body; divergence is reloc-target mocking only -- 2 object word(s), all cross-region"
TIER3_SUSPECT,??1?$ObjRefConcrete@VCharBone@@VObjectDir@@@@UAA@XZ,default/CharBone,100,100.00,100.00,object_memory,stable_divergent,0,"1 object word(s), all cross-region"
TIER3_SUSPECT,??0VirtualKeyboard@@QAA@XZ,default/VirtualKeyboard,100,100.00,100.00,object_memory,stable_divergent,0,"1 object word(s), all cross-region"
TIER3_SUSPECT,?InitData@LessonProvider@@UAAXPAVRndDir@@@Z,default/band3/meta_band/LessonProvider,100,100.00,100.00,call_arg,stable_divergent,1,BYTE-IDENTICAL body; divergence is reloc-target mocking only -- arg r4 crosses mock regions (rdata->globals)
TIER3_SUSPECT,??1?$ObjRefConcrete@VTask@@VObjectDir@@@@UAA@XZ,default/EndingBonus,100,100.00,100.00,object_memory,stable_divergent,0,"1 object word(s), all cross-region"
TIER3_SUSPECT,??_GContentDeletePanel@@UAAPAXI@Z,default/ContentDeletePanel,100,100.00,100.00,object_memory,stable_divergent,1,"BYTE-IDENTICAL body; divergence is reloc-target mocking only -- 1 object word(s), all cross-region"
TIER3_SUSPECT,?Copy@UIProxy@@UAAXPBVObject@Hmx@@W4CopyType@23@@Z,default/system/ui/UIProxy,100,100.00,100.00,call_arg,stable_divergent,1,BYTE-IDENTICAL body; divergence is reloc-target mocking only -- arg r5 crosses mock regions (rdata->globals)
TIER3_SUSPECT,?ClearCurrentQuest@TourPerformerLocal@@QAAXXZ,default/band3/tour/TourPerformerLocal,100,100.00,100.00,call_arg,stable_divergent,1,BYTE-IDENTICAL body; divergence is reloc-target mocking only -- arg r4 crosses mock regions (rdata->globals)
TIER3_SUSPECT,?HasHighscore@Instarank@@QBA_NXZ,default/Instarank,96,100.00,100.00,call_arg,stable_divergent,1,BYTE-IDENTICAL body; divergence is reloc-target mocking only -- arg r4 crosses mock regions (rdata->globals)
TIER3_SUSPECT,?ShaderSourcePath@@YAPBDPBD@Z,default/ShaderOptions,96,100.00,100.00,call_arg,stable_divergent,1,BYTE-IDENTICAL body; divergence is reloc-target mocking only -- arg r3 crosses mock regions (rdata->globals)
TIER3_SUSPECT,??1FxSendDistortion360@@UAA@XZ,default/system/synth_xbox/FxSendDistortion,96,100.00,100.00,object_memory,stable_divergent,0,"2 object word(s), all cross-region"
TIER3_SUSPECT,??1FxSendFlanger360@@UAA@XZ,default/system/synth_xbox/FxSendFlanger,96,100.00,100.00,object_memory,stable_divergent,0,"2 object word(s), all cross-region"
TIER3_SUSPECT,??1FxSendChorus360@@UAA@XZ,default/system/synth_xbox/FxSendChorus,96,100.00,100.00,object_memory,stable_divergent,0,"2 object word(s), all cross-region"
TIER3_SUSPECT,??_DRndMotionBlur@@QAAXXZ,default/system/rndobj/MotionBlur,96,100.00,100.00,object_memory,stable_divergent,1,"BYTE-IDENTICAL body; divergence is reloc-target mocking only -- 2 object word(s), all cross-region"
TIER3_SUSPECT,??_DRndSoftParticles@@QAAXXZ,default/system/rndobj/SoftParticles,96,100.00,100.00,object_memory,stable_divergent,1,"BYTE-IDENTICAL body; divergence is reloc-target mocking only -- 2 object word(s), all cross-region"
TIER3_SUSPECT,?CopyMembers@CheckboxDisplay@@UAAXPBVUIComponent@@W4CopyType@Object@Hmx@@@Z,default/CheckboxDisplay,96,100.00,100.00,call_arg,stable_divergent,1,BYTE-IDENTICAL body; divergence is reloc-target mocking only -- arg r5 crosses mock regions (rdata->globals)
TIER3_SUSPECT,??0HamMasterLoader@@QAA@PAVHamMaster@@@Z,default/HamMaster,96,100.00,100.00,call_arg,stable_divergent,0,arg r4 crosses mock regions (rdata->globals)
TIER3_SUSPECT,??0StreamPlayer@@QAA@XZ,default/StreamPlayer,96,100.00,100.00,object_memory,stable_divergent,1,"BYTE-IDENTICAL body; divergence is reloc-target mocking only -- 3 object word(s), all cross-region"
TIER3_SUSPECT,?FinishLoad@ClosetPanel@@UAAXXZ,default/band3/meta_band/ClosetPanel,96,100.00,100.00,call_arg,stable_divergent,1,BYTE-IDENTICAL body; divergence is reloc-target mocking only -- arg r5 crosses mock regions (rdata->globals)
TIER3_SUSPECT,?Copy@UIListSlot@@UAAXPBVObject@Hmx@@W4CopyType@23@@Z,default/UIListSlot,96,100.00,100.00,call_arg,stable_divergent,1,BYTE-IDENTICAL body; divergence is reloc-target mocking only -- arg r5 crosses mock regions (rdata->globals)
TIER3_SUSPECT,??_DDxCam@@QAAXXZ,default/system/rnddx9/CubeTex,96,100.00,100.00,object_memory,stable_divergent,1,"BYTE-IDENTICAL body; divergence is reloc-target mocking only -- 2 object word(s), all cross-region"
TIER3_SUSPECT,??1FxSendReverb360@@UAA@XZ,default/system/synth_xbox/FxSendReverb,96,100.00,100.00,object_memory,stable_divergent,0,"2 object word(s), all cross-region"
TIER3_SUSPECT,?EndFrame@RndTexRenderer@@UAAMXZ,default/TexRenderer,96,100.00,100.00,call_arg,stable_divergent,1,BYTE-IDENTICAL body; divergence is reloc-target mocking only -- arg r5 crosses mock regions (rdata->globals)
TIER3_SUSPECT,?StartFrame@RndTexRenderer@@UAAMXZ,default/TexRenderer,96,100.00,100.00,call_arg,stable_divergent,1,BYTE-IDENTICAL body; divergence is reloc-target mocking only -- arg r5 crosses mock regions (rdata->globals)
TIER3_SUSPECT,?PoolAllocInit@@YAXPAVDataArray@@@Z,default/ConnectionStatusPanel,96,100.00,100.00,call_arg,stable_divergent,1,BYTE-IDENTICAL body; divergence is reloc-target mocking only -- arg r4 crosses mock regions (rdata->globals)
TIER3_SUSPECT,?Set@FilePath@@QAAXPBD0@Z,default/FilePath,96,100.00,100.00,call_arg,stable_divergent,1,BYTE-IDENTICAL body; divergence is reloc-target mocking only -- arg r4 crosses mock regions (rdata->globals)
TIER3_SUSPECT,?Mat@MakeupProvider@@UBAPAVRndMat@@HHPAVUIListMesh@@@Z,default/band3/meta_band/MakeupProvider,96,100.00,100.00,call_arg,stable_divergent,1,BYTE-IDENTICAL body; divergence is reloc-target mocking only -- arg r4 crosses mock regions (rdata->globals)
TIER3_SUSPECT,?NewHeaderNode@SongSort@@UBAPAVHeaderSortNode@@PAVLeafSortNode@@@Z,default/band3/meta_band/SongSort,96,100.00,100.00,call_arg,stable_divergent,1,BYTE-IDENTICAL body; divergence is reloc-target mocking only -- arg r5 crosses mock regions (rdata->globals)
TIER3_SUSPECT,?NewShortcutNode@SongSort@@UBAPAVShortcutNode@@PAVLeafSortNode@@@Z,default/band3/meta_band/SongSort,96,100.00,100.00,call_arg,stable_divergent,1,BYTE-IDENTICAL body; divergence is reloc-target mocking only -- arg r5 crosses mock regions (rdata->globals)
TIER3_SUSPECT,?NewSubheaderNode@SetlistSort@@UBAPAVSubheaderSortNode@@PAVLeafSortNode@@@Z,default/band3/meta_band/SongSort,96,100.00,100.00,call_arg,stable_divergent,1,BYTE-IDENTICAL body; divergence is reloc-target mocking only -- arg r5 crosses mock regions (rdata->globals)
TIER3_SUSPECT,?NewSubheaderNode@SongSort@@UBAPAVSubheaderSortNode@@PAVLeafSortNode@@@Z,default/band3/meta_band/SongSort,96,100.00,100.00,call_arg,stable_divergent,1,BYTE-IDENTICAL body; divergence is reloc-target mocking only -- arg r5 crosses mock regions (rdata->globals)
TIER3_SUSPECT,?HasViewableGamercard@SetlistRecord@@QBA_NXZ,default/band3/meta_band/SongRecord,96,100.00,100.00,call_arg,stable_divergent,1,BYTE-IDENTICAL body; divergence is reloc-target mocking only -- arg r5 crosses mock regions (rdata->globals)
TIER3_SUSPECT,?CopyMembers@ReviewDisplay@@UAAXPBVUIComponent@@W4CopyType@Object@Hmx@@@Z,default/system/bandobj/ReviewDisplay,96,100.00,100.00,call_arg,stable_divergent,1,BYTE-IDENTICAL body; divergence is reloc-target mocking only -- arg r5 crosses mock regions (rdata->globals)
TIER3_SUSPECT,??1FxSendEQ360@@UAA@XZ,default/system/synth_xbox/FxSendEQ,96,100.00,100.00,object_memory,stable_divergent,0,"2 object word(s), all cross-region"
TIER3_SUSPECT,??1FxSendDelay360@@UAA@XZ,default/system/synth_xbox/FxSendDelay,96,100.00,100.00,object_memory,stable_divergent,0,"2 object word(s), all cross-region"
TIER3_SUSPECT,??1FxSendCompress360@@UAA@XZ,default/system/synth_xbox/FxSendCompress,96,100.00,100.00,object_memory,stable_divergent,0,"2 object word(s), all cross-region"
TIER3_SUSPECT,??0PlayerTrackerSource@@QAA@PAVPlayer@@@Z,default/TrackerSource,96,100.00,100.00,object_memory,stable_divergent,0,"1 object word(s), all cross-region"
TIER3_SUSPECT,??1RealGuitarController@@UAA@XZ,default/system/beatmatch/RealGuitarController,92,100.00,100.00,object_memory,stable_divergent,0,"1 object word(s), all cross-region"
TIER3_SUSPECT,??1JoypadGuitarController@@UAA@XZ,default/system/beatmatch/JoypadGuitarController,92,100.00,100.00,object_memory,stable_divergent,0,"1 object word(s), all cross-region"
TIER3_SUSPECT,??1CacheMgrXbox@@UAA@XZ,default/CacheMgr_Xbox,92,100.00,100.00,object_memory,stable_divergent,0,"1 object word(s), all cross-region"
TIER3_SUSPECT,??0NetCacheMgrXbox@@QAA@XZ,default/NetCacheMgr_Xbox,92,100.00,100.00,object_memory,stable_divergent,0,"1 object word(s), all cross-region"
TIER3_SUSPECT,??_GFIRFilter@soundtouch@@UAAPAXI@Z,default/FIRFilter,92,100.00,100.00,object_memory,stable_divergent,1,"BYTE-IDENTICAL body; divergence is reloc-target mocking only -- 1 object word(s), all cross-region"
TIER3_SUSPECT,??6TextStream@@QAAAAV0@_N@Z,default/TextStream,92,100.00,100.00,call_arg,stable_divergent,1,BYTE-IDENTICAL body; divergence is reloc-target mocking only -- arg r4 crosses mock regions (rdata->globals)
TIER3_SUSPECT,?CharUtlInit@@YAXXZ,default/CharUtl,92,100.00,100.00,call_arg,stable_divergent,1,BYTE-IDENTICAL body; divergence is reloc-target mocking only -- arg r4 crosses mock regions (rdata->globals)
TIER3_SUSPECT,??_GLightPresetManager@@UAAPAXI@Z,default/LightPresetManager,92,100.00,100.00,object_memory,stable_divergent,1,"BYTE-IDENTICAL body; divergence is reloc-target mocking only -- 1 object word(s), all cross-region"
TIER3_SUSPECT,??_GGigFilter@@UAAPAXI@Z,default/band3/tour/GigFilter,92,100.00,100.00,object_memory,stable_divergent,1,"BYTE-IDENTICAL body; divergence is reloc-target mocking only -- 1 object word(s), all cross-region"
TIER3_SUSPECT,??_GJsonObject@@UAAPAXI@Z,default/JsonUtils,92,100.00,100.00,object_memory,stable_divergent,1,"BYTE-IDENTICAL body; divergence is reloc-target mocking only -- 1 object word(s), all cross-region"
TIER3_SUSPECT,??0UIListCustom@@IAA@XZ,default/UIListCustom,92,100.00,100.00,object_memory,stable_divergent,0,"1 object word(s), all cross-region"
TIER3_SUSPECT,?Init@DxLight@@SAXXZ,default/system/rnddx9/CubeTex,92,100.00,100.00,call_arg,stable_divergent,1,BYTE-IDENTICAL body; divergence is reloc-target mocking only -- arg r4 crosses mock regions (rdata->globals)
TIER3_SUSPECT,??_GMetaMusicScene@@UAAPAXI@Z,default/MetaMusicScene,92,100.00,100.00,object_memory,stable_divergent,1,"BYTE-IDENTICAL body; divergence is reloc-target mocking only -- 1 object word(s), all cross-region"
TIER3_SUSPECT,??_GHiResScreen@@UAAPAXI@Z,default/HiResScreen,92,100.00,100.00,object_memory,stable_divergent,1,"BYTE-IDENTICAL body; divergence is reloc-target mocking only -- 1 object word(s), all cross-region"
TIER3_SUSPECT,??1ProfileAssets@@UAA@XZ,default/band3/meta_band/ProfileAssets,92,100.00,100.00,object_memory,stable_divergent,0,"1 object word(s), all cross-region"
TIER3_SUSPECT,??_GMessage@@UAAPAXI@Z,default/BandHighlight,92,100.00,100.00,object_memory,stable_divergent,1,"BYTE-IDENTICAL body; divergence is reloc-target mocking only -- 1 object word(s), all cross-region"
TIER3_SUSPECT,??_GTourGameModifier@@UAAPAXI@Z,default/band3/tour/TourGameModifier,92,100.00,100.00,object_memory,stable_divergent,1,"BYTE-IDENTICAL body; divergence is reloc-target mocking only -- 1 object word(s), all cross-region"
TIER3_SUSPECT,??1KeyboardController@@UAA@XZ,default/system/beatmatch/KeyboardController,92,100.00,100.00,object_memory,stable_divergent,0,"1 object word(s), all cross-region"
TIER3_SUSPECT,?ToString@DateTime@@QBAXAAVString@@@Z,default/DateTime,92,100.00,100.00,call_arg,stable_divergent,1,BYTE-IDENTICAL body; divergence is reloc-target mocking only -- arg r3 crosses mock regions (rdata->globals)
TIER3_SUSPECT,?UpdateMeterValues@ContentLoadingPanel@@QAAXXZ,default/band3/meta_band/ContentLoadingPanel,92,100.00,100.00,call_arg,stable_divergent,1,BYTE-IDENTICAL body; divergence is reloc-target mocking only -- arg r4 crosses mock regions (rdata->globals)
TIER3_SUSPECT,??_GVocalGuidePitch@@UAAPAXI@Z,default/band3/game/VocalGuidePitch,92,100.00,100.00,object_memory,stable_divergent,1,"BYTE-IDENTICAL body; divergence is reloc-target mocking only -- 1 object word(s), all cross-region"
TIER3_SUSPECT,?Reset@CrowdRating@@QAAXXZ,default/band3/game/CrowdRating,92,100.00,100.00,object_memory,stable_divergent,1,"BYTE-IDENTICAL body; divergence is reloc-target mocking only -- 1 object word(s), all cross-region"
TIER3_SUSPECT,?Type@PlatformMgrOpCompleteMsg@@SA?AVSymbol@@XZ,default/RockCentralJobs,88,100.00,100.00,call_arg,stable_divergent,0,arg r4 crosses mock regions (rdata->globals)
TIER3_SUSPECT,?StaticClassName@BandScoreboard@@SA?AVSymbol@@XZ,default/BandScoreboard,88,100.00,100.00,call_arg,stable_divergent,0,arg r4 crosses mock regions (rdata->globals)
TIER3_SUSPECT,?StaticClassName@BandLeadMeter@@SA?AVSymbol@@XZ,default/BandLeadMeter,88,100.00,100.00,call_arg,stable_divergent,0,arg r4 crosses mock regions (rdata->globals)
TIER3_SUSPECT,?StaticClassName@CrowdMeterIcon@@SA?AVSymbol@@XZ,default/CrowdMeterIcon,88,100.00,100.00,call_arg,stable_divergent,0,arg r4 crosses mock regions (rdata->globals)
TIER3_SUSPECT,?StaticClassName@BandStarDisplay@@SA?AVSymbol@@XZ,default/BandStarDisplay,88,100.00,100.00,call_arg,stable_divergent,0,arg r4 crosses mock regions (rdata->globals)
TIER3_SUSPECT,?StaticClassName@BandRetargetVignette@@SA?AVSymbol@@XZ,default/BandRetargetVignette,88,100.00,100.00,call_arg,stable_divergent,0,arg r4 crosses mock regions (rdata->globals)
TIER3_SUSPECT,??_GRealGuitarTrackWatcherImpl@@UAAPAXI@Z,default/RealGuitarTrackWatcherImpl,88,100.00,100.00,object_memory,stable_divergent,1,"BYTE-IDENTICAL body; divergence is reloc-target mocking only -- 1 object word(s), all cross-region"
TIER3_SUSPECT,??_GDrumFillTrackWatcherImpl@@UAAPAXI@Z,default/DrumFillTrackWatcherImpl,88,100.00,100.00,object_memory,stable_divergent,1,"BYTE-IDENTICAL body; divergence is reloc-target mocking only -- 1 object word(s), all cross-region"
TIER3_SUSPECT,??_GJoypadTrackWatcherImpl@@UAAPAXI@Z,default/JoypadTrackWatcherImpl,88,100.00,100.00,object_memory,stable_divergent,1,"BYTE-IDENTICAL body; divergence is reloc-target mocking only -- 1 object word(s), all cross-region"
TIER3_SUSPECT,??_GGuitarTrackWatcherImpl@@UAAPAXI@Z,default/GuitarTrackWatcherImpl,88,100.00,100.00,object_memory,stable_divergent,1,"BYTE-IDENTICAL body; divergence is reloc-target mocking only -- 1 object word(s), all cross-region"
TIER3_SUSPECT,??_GBeatMatchController@@UAAPAXI@Z,default/JoypadController,88,100.00,100.00,object_memory,stable_divergent,1,"BYTE-IDENTICAL body; divergence is reloc-target mocking only -- 1 object word(s), all cross-region"
TIER3_SUSPECT,??0LinearInterpolator@@QAA@MMMM@Z,default/Interp,88,100.00,100.00,object_memory,stable_divergent,1,"BYTE-IDENTICAL body; divergence is reloc-target mocking only -- 3 object word(s), all cross-region"
TIER3_SUSPECT,?Type@ButtonUpMsg@@SA?AVSymbol@@XZ,default/JoypadClient,88,100.00,100.00,call_arg,stable_divergent,0,arg r4 crosses mock regions (rdata->globals)
TIER3_SUSPECT,??1AsyncFile@@UAA@XZ,default/AsyncFile,88,100.00,100.00,object_memory,stable_divergent,0,"1 object word(s), all cross-region"
TIER3_SUSPECT,?Type@UIComponentScrollSelectMsg@@SA?AVSymbol@@XZ,default/ScrollSelect,88,100.00,100.00,call_arg,stable_divergent,0,arg r4 crosses mock regions (rdata->globals)
TIER3_SUSPECT,?StaticClassName@UIScreen@@SA?AVSymbol@@XZ,default/UIScreen,88,100.00,100.00,call_arg,stable_divergent,0,arg r4 crosses mock regions (rdata->globals)
TIER3_SUSPECT,?StaticClassName@DxMat@@SA?AVSymbol@@XZ,default/DepthBuffer3D,88,100.00,100.00,call_arg,stable_divergent,0,arg r4 crosses mock regions (rdata->globals)
TIER3_SUSPECT,?StaticClassName@RndSoftParticleBuffer@@SA?AVSymbol@@XZ,default/SoftParticleBuffer,88,100.00,100.00,call_arg,stable_divergent,0,arg r4 crosses mock regions (rdata->globals)
TIER3_SUSPECT,?StaticClassName@CharIKRod@@SA?AVSymbol@@XZ,default/CharIKRod,88,100.00,100.00,call_arg,stable_divergent,0,arg r4 crosses mock regions (rdata->globals)
TIER3_SUSPECT,??_GUserMgr@@UAAPAXI@Z,default/UserMgr,88,100.00,100.00,object_memory,stable_divergent,1,"BYTE-IDENTICAL body; divergence is reloc-target mocking only -- 1 object word(s), all cross-region"
TIER3_SUSPECT,?Type@ProfileSwappedMsg@@SA?AVSymbol@@XZ,default/Timer,88,100.00,100.00,call_arg,stable_divergent,0,arg r4 crosses mock regions (rdata->globals)
TIER3_SUSPECT,?StaticClassName@UIButton@@SA?AVSymbol@@XZ,default/UIListState,88,100.00,100.00,call_arg,stable_divergent,0,arg r4 crosses mock regions (rdata->globals)
TIER3_SUSPECT,??_GUser@@UAAPAXI@Z,default/User,88,100.00,100.00,object_memory,stable_divergent,1,"BYTE-IDENTICAL body; divergence is reloc-target mocking only -- 1 object word(s), all cross-region"
TIER3_SUSPECT,?StaticClassName@Object@Hmx@@SA?AVSymbol@@XZ,default/HamMove,88,100.00,100.00,call_arg,stable_divergent,0,arg r4 crosses mock regions (rdata->globals)
TIER3_SUSPECT,?StaticClassName@TexMovie@@SA?AVSymbol@@XZ,default/TexMovie,88,100.00,100.00,call_arg,stable_divergent,0,arg r4 crosses mock regions (rdata->globals)
TIER3_SUSPECT,?StaticClassName@CheckboxDisplay@@SA?AVSymbol@@XZ,default/CheckboxDisplay,88,100.00,100.00,call_arg,stable_divergent,0,arg r4 crosses mock regions (rdata->globals)
TIER3_SUSPECT,?StaticClassName@BandList@@SA?AVSymbol@@XZ,default/HamNavList,88,100.00,100.00,call_arg,stable_divergent,0,arg r4 crosses mock regions (rdata->globals)
TIER3_SUSPECT,?Type@HamLabelCountDoneMsg@@SA?AVSymbol@@XZ,default/HamLabel,88,100.00,100.00,call_arg,stable_divergent,0,arg r4 crosses mock regions (rdata->globals)
TIER3_SUSPECT,?JoypadInit@@YAXXZ,default/Joypad_Xbox,88,100.00,100.00,call_arg,stable_divergent,1,BYTE-IDENTICAL body; divergence is reloc-target mocking only -- arg r4 crosses mock regions (rdata->globals)
TIER3_SUSPECT,?StaticClassName@Song@@SA?AVSymbol@@XZ,default/Ham,88,100.00,100.00,call_arg,stable_divergent,0,arg r4 crosses mock regions (rdata->globals)
TIER3_SUSPECT,?StaticClassName@RndWind@@SA?AVSymbol@@XZ,default/Wind,88,100.00,100.00,call_arg,stable_divergent,0,arg r4 crosses mock regions (rdata->globals)
TIER3_SUSPECT,?StaticClassName@NgMat@@SA?AVSymbol@@XZ,default/Mat_NG,88,100.00,100.00,call_arg,stable_divergent,0,arg r4 crosses mock regions (rdata->globals)
TIER3_SUSPECT,?StaticClassName@TextFile@@SA?AVSymbol@@XZ,default/DataUtl,88,100.00,100.00,call_arg,stable_divergent,0,arg r4 crosses mock regions (rdata->globals)
TIER3_SUSPECT,?StaticClassName@LabelShrinkWrapper@@SA?AVSymbol@@XZ,default/LabelShrinkWrapper,88,100.00,100.00,call_arg,stable_divergent,0,arg r4 crosses mock regions (rdata->globals)
TIER3_SUSPECT,??_GBattleSavedSetlist@@UAAPAXI@Z,default/band3/meta_band/MusicLibraryNetSetlists,88,100.00,100.00,object_memory,stable_divergent,1,"BYTE-IDENTICAL body; divergence is reloc-target mocking only -- 1 object word(s), all cross-region"
TIER3_SUSPECT,?StaticClassName@HeldButtonPanel@@SA?AVSymbol@@XZ,default/HeldButtonPanel,88,100.00,100.00,call_arg,stable_divergent,0,arg r4 crosses mock regions (rdata->globals)
TIER3_SUSPECT,??1?$ObjDirPtr@VObjectDir@@@@UAA@XZ,default/RhythmDetector,88,100.00,100.00,object_memory,stable_divergent,0,"1 object word(s), all cross-region"
TIER3_SUSPECT,?StaticClassName@FileMergerOrganizer@@SA?AVSymbol@@XZ,default/FileMergerOrganizer,88,100.00,100.00,call_arg,stable_divergent,0,arg r4 crosses mock regions (rdata->globals)
TIER3_SUSPECT,??_GSynthPollable@@UAAPAXI@Z,default/Pollable,88,100.00,100.00,object_memory,stable_divergent,1,"BYTE-IDENTICAL body; divergence is reloc-target mocking only -- 1 object word(s), all cross-region"
TIER3_SUSPECT,?Type@PreviewDownloadCompleteMsg@@SA?AVSymbol@@XZ,default/StorePreviewMgr,88,100.00,100.00,call_arg,stable_divergent,0,arg r4 crosses mock regions (rdata->globals)
TIER3_SUSPECT,??_GDataArraySongInfo@@UAAPAXI@Z,default/DataArraySongInfo,88,100.00,100.00,object_memory,stable_divergent,1,"BYTE-IDENTICAL body; divergence is reloc-target mocking only -- 1 object word(s), all cross-region"
TIER3_SUSPECT,?Type@ProcessedButtonDownMsg@@SA?AVSymbol@@XZ,default/ButtonHolder,88,100.00,100.00,call_arg,stable_divergent,0,arg r4 crosses mock regions (rdata->globals)
TIER3_SUSPECT,?MarkChunk@@YAAAVBinStream@@AAV1@@Z,default/ChunkStream,88,100.00,100.00,call_arg,stable_divergent,1,BYTE-IDENTICAL body; divergence is reloc-target mocking only -- arg r5 crosses mock regions (rdata->globals)
TIER3_SUSPECT,?StaticClassName@RndLight@@SA?AVSymbol@@XZ,default/system/rndobj/CubeTex,88,100.00,100.00,call_arg,stable_divergent,0,arg r4 crosses mock regions (rdata->globals)
TIER3_SUSPECT,?Type@UIChangedMsg@@SA?AVSymbol@@XZ,default/MemcardMgr_Xbox,88,100.00,100.00,call_arg,stable_divergent,0,arg r4 crosses mock regions (rdata->globals)
TIER3_SUSPECT,??_G__non_rtti_object@std@@UAAPAXI@Z,default/rtti,88,100.00,100.00,object_memory,stable_divergent,1,"BYTE-IDENTICAL body; divergence is reloc-target mocking only -- 1 object word(s), all cross-region"
TIER3_SUSPECT,??0NgEnviron@@IAA@XZ,default/Env_NG,88,100.00,100.00,object_memory,stable_divergent,1,"BYTE-IDENTICAL body; divergence is reloc-target mocking only -- 1 object word(s), all cross-region"
TIER3_SUSPECT,?StaticClassName@NgEnviron@@SA?AVSymbol@@XZ,default/Env_NG,88,100.00,100.00,call_arg,stable_divergent,0,arg r4 crosses mock regions (rdata->globals)
TIER3_SUSPECT,?StaticClassName@NgFur@@SA?AVSymbol@@XZ,default/Env_NG,88,100.00,100.00,call_arg,stable_divergent,0,arg r4 crosses mock regions (rdata->globals)
TIER3_SUSPECT,?StaticClassName@NgPostProc@@SA?AVSymbol@@XZ,default/Env_NG,88,100.00,100.00,call_arg,stable_divergent,0,arg r4 crosses mock regions (rdata->globals)
TIER3_SUSPECT,?StaticClassName@DxMultiMesh@@SA?AVSymbol@@XZ,default/system/rnddx9/CubeTex,88,100.00,100.00,call_arg,stable_divergent,0,arg r4 crosses mock regions (rdata->globals)
TIER3_SUSPECT,?StaticClassName@DxParticleSys@@SA?AVSymbol@@XZ,default/system/rnddx9/CubeTex,88,100.00,100.00,call_arg,stable_divergent,0,arg r4 crosses mock regions (rdata->globals)
TIER3_SUSPECT,??0Achievements@@AAA@XZ,default/Achievements,88,100.00,100.00,object_memory,stable_divergent,1,"BYTE-IDENTICAL body; divergence is reloc-target mocking only -- 1 object word(s), all cross-region"
TIER3_SUSPECT,?StaticClassName@SynthSample360@@SA?AVSymbol@@XZ,default/system/synth_xbox/SynthSample,88,100.00,100.00,call_arg,stable_divergent,0,arg r4 crosses mock regions (rdata->globals)
TIER3_SUSPECT,?StaticClassName@CharLipSyncDriver@@SA?AVSymbol@@XZ,default/CharLipSyncDriver,88,100.00,100.00,call_arg,stable_divergent,0,arg r4 crosses mock regions (rdata->globals)
TIER3_SUSPECT,?StaticClassName@SpotlightEnder@@SA?AVSymbol@@XZ,default/SpotlightEnder,88,100.00,100.00,call_arg,stable_divergent,0,arg r4 crosses mock regions (rdata->globals)
TIER3_SUSPECT,?StaticClassName@ScrollbarDisplay@@SA?AVSymbol@@XZ,default/CameraTilt,88,100.00,100.00,call_arg,stable_divergent,0,arg r4 crosses mock regions (rdata->globals)
TIER3_SUSPECT,?Type@DiskErrorMsg@@SA?AVSymbol@@XZ,default/PlatformMgr,88,100.00,100.00,call_arg,stable_divergent,0,arg r4 crosses mock regions (rdata->globals)
TIER3_SUSPECT,?Type@JoypadBreedDataReadMsg@@SA?AVSymbol@@XZ,default/JoypadMsgs,88,100.00,100.00,call_arg,stable_divergent,0,arg r4 crosses mock regions (rdata->globals)
TIER3_SUSPECT,?Type@JoypadBreedDataWriteMsg@@SA?AVSymbol@@XZ,default/JoypadMsgs,88,100.00,100.00,call_arg,stable_divergent,0,arg r4 crosses mock regions (rdata->globals)
TIER3_SUSPECT,?Type@JoypadConnectionMsg@@SA?AVSymbol@@XZ,default/JoypadMsgs,88,100.00,100.00,call_arg,stable_divergent,0,arg r4 crosses mock regions (rdata->globals)
TIER3_SUSPECT,?StaticClassName@ConnectionStatusPanel@@SA?AVSymbol@@XZ,default/MoviePanel,88,100.00,100.00,call_arg,stable_divergent,0,arg r4 crosses mock regions (rdata->globals)
TIER3_SUSPECT,?StaticClassName@DeJitterPanel@@SA?AVSymbol@@XZ,default/MoviePanel,88,100.00,100.00,call_arg,stable_divergent,0,arg r4 crosses mock regions (rdata->globals)
TIER3_SUSPECT,?StaticClassName@PreloadPanel@@SA?AVSymbol@@XZ,default/MoviePanel,88,100.00,100.00,call_arg,stable_divergent,0,arg r4 crosses mock regions (rdata->globals)
TIER3_SUSPECT,?StaticClassName@RndTransformable@@SA?AVSymbol@@XZ,default/FilePath,88,100.00,100.00,call_arg,stable_divergent,0,arg r4 crosses mock regions (rdata->globals)
TIER3_SUSPECT,?StaticClassName@NgDOFProc@@SA?AVSymbol@@XZ,default/DOFProc_NG,88,100.00,100.00,call_arg,stable_divergent,0,arg r4 crosses mock regions (rdata->globals)
TIER3_SUSPECT,??_GAccomplishmentSetlist@@UAAPAXI@Z,default/AccomplishmentSetlist,88,100.00,100.00,object_memory,stable_divergent,1,"BYTE-IDENTICAL body; divergence is reloc-target mocking only -- 1 object word(s), all cross-region"
TIER3_SUSPECT,?StaticClassName@AppMiniLeaderboardDisplay@@SA?AVSymbol@@XZ,default/band3/meta_band/AppMiniLeaderboardDisplay,88,100.00,100.00,call_arg,stable_divergent,0,arg r4 crosses mock regions (rdata->globals)
TIER3_SUSPECT,??_GStatMemberTracker@@UAAPAXI@Z,default/band3/game/StatMemberTracker,88,100.00,100.00,object_memory,stable_divergent,1,"BYTE-IDENTICAL body; divergence is reloc-target mocking only -- 1 object word(s), all cross-region"
TIER3_SUSPECT,??_GNetworkEmulator@@UAAPAXI@Z,default/NetworkEmulator,88,100.00,100.00,object_memory,stable_divergent,1,"BYTE-IDENTICAL body; divergence is reloc-target mocking only -- 1 object word(s), all cross-region"
TIER3_SUSPECT,?StaticClassName@TrackWidget@@SA?AVSymbol@@XZ,default/TrackWidget,88,100.00,100.00,call_arg,stable_divergent,0,arg r4 crosses mock regions (rdata->globals)
TIER3_SUSPECT,?Type@MCResultMsg@@SA?AVSymbol@@XZ,default/band3/meta_band/SaveLoadManager,88,100.00,100.00,call_arg,stable_divergent,0,arg r4 crosses mock regions (rdata->globals)
TIER3_SUSPECT,?StaticClassName@BandSongPref@@SA?AVSymbol@@XZ,default/BandSongPref,88,100.00,100.00,call_arg,stable_divergent,0,arg r4 crosses mock regions (rdata->globals)
TIER3_SUSPECT,??_GScoreTracker@@UAAPAXI@Z,default/band3/game/ScoreTracker,88,100.00,100.00,object_memory,stable_divergent,1,"BYTE-IDENTICAL body; divergence is reloc-target mocking only -- 1 object word(s), all cross-region"
TIER3_SUSPECT,??_GOverdriveTimeTracker@@UAAPAXI@Z,default/OverdriveTimeTracker,88,100.00,100.00,object_memory,stable_divergent,1,"BYTE-IDENTICAL body; divergence is reloc-target mocking only -- 1 object word(s), all cross-region"
TIER3_SUSPECT,??_GAccuracyTracker@@UAAPAXI@Z,default/AccuracyTracker,88,100.00,100.00,object_memory,stable_divergent,1,"BYTE-IDENTICAL body; divergence is reloc-target mocking only -- 1 object word(s), all cross-region"
TIER3_SUSPECT,??0PlayerBattleLeaderboard@@QAA@PAVProfile@@PAVCallback@Leaderboard@@H@Z,default/PlayerLeaderboards,88,100.00,100.00,object_memory,stable_divergent,1,"BYTE-IDENTICAL body; divergence is reloc-target mocking only -- 2 object word(s), all cross-region"
TIER3_SUSPECT,??_GBaseGuitarTrackWatcherImpl@@UAAPAXI@Z,default/BaseGuitarTrackWatcherImpl,88,100.00,100.00,object_memory,stable_divergent,1,"BYTE-IDENTICAL body; divergence is reloc-target mocking only -- 1 object word(s), all cross-region"
TIER3_SUSPECT,?StaticClassName@BandHighlight@@SA?AVSymbol@@XZ,default/BandHighlight,88,100.00,100.00,call_arg,stable_divergent,0,arg r4 crosses mock regions (rdata->globals)
TIER3_SUSPECT,?Type@UIComponentFocusChangeMsg@@SA?AVSymbol@@XZ,default/BandHighlight,88,100.00,100.00,call_arg,stable_divergent,0,arg r4 crosses mock regions (rdata->globals)
TIER3_SUSPECT,?Type@InputStatusChangedMsg@@SA?AVSymbol@@XZ,default/band3/meta_band/InputMgr,88,100.00,100.00,call_arg,stable_divergent,0,arg r4 crosses mock regions (rdata->globals)
TIER3_SUSPECT,?Type@InputUserLeftMsg@@SA?AVSymbol@@XZ,default/band3/meta_band/InputMgr,88,100.00,100.00,call_arg,stable_divergent,0,arg r4 crosses mock regions (rdata->globals)
TIER3_SUSPECT,?DbToRatio@@YAMM@Z,default/Decibels,88,100.00,100.00,call_count,stable_divergent,1,BYTE-IDENTICAL body; divergence is reloc-target mocking only -- differing NUMBER of calls
TIER3_SUSPECT,?Validate@StreamChecksumValidator@@QAA_NXZ,default/StreamChecksum,88,100.00,100.00,call_arg,stable_divergent,1,BYTE-IDENTICAL body; divergence is reloc-target mocking only -- arg r3 crosses mock regions (rdata->globals)
TIER3_SUSPECT,?StaticClassName@NgLight@@SA?AVSymbol@@XZ,default/Lit_NG,88,100.00,100.00,call_arg,stable_divergent,0,arg r4 crosses mock regions (rdata->globals)
TIER3_SUSPECT,?StaticClassName@SynthSample@@SA?AVSymbol@@XZ,default/system/synth/SynthSample,88,100.00,100.00,call_arg,stable_divergent,0,arg r4 crosses mock regions (rdata->globals)
TIER3_SUSPECT,??0SigninScreen@@QAA@XZ,default/band3/meta_band/SigninScreen,88,100.00,100.00,object_memory,stable_divergent,1,"BYTE-IDENTICAL body; divergence is reloc-target mocking only -- 1 object word(s), all cross-region"
TIER3_SUSPECT,??_GSigninScreen@@UAAPAXI@Z,default/band3/meta_band/SigninScreen,88,100.00,100.00,object_memory,stable_divergent,1,"BYTE-IDENTICAL body; divergence is reloc-target mocking only -- 1 object word(s), all cross-region"
TIER3_SUSPECT,?StaticClassName@OverdriveMeter@@SA?AVSymbol@@XZ,default/OverdriveMeter,88,100.00,100.00,call_arg,stable_divergent,0,arg r4 crosses mock regions (rdata->globals)
TIER3_SUSPECT,?Type@SaveLoadAllCompleteMsg@@SA?AVSymbol@@XZ,default/system/meta/MemcardMgr,88,100.00,100.00,call_arg,stable_divergent,0,arg r4 crosses mock regions (rdata->globals)
TIER3_SUSPECT,?StaticClassName@WorldReflection@@SA?AVSymbol@@XZ,default/system/world/Reflection,88,100.00,100.00,call_arg,stable_divergent,0,arg r4 crosses mock regions (rdata->globals)
TIER3_SUSPECT,?StaticClassName@MicInputArrow@@SA?AVSymbol@@XZ,default/MicInputArrow,88,100.00,100.00,call_arg,stable_divergent,0,arg r4 crosses mock regions (rdata->globals)
TIER3_SUSPECT,?StaticClassName@InstrumentDifficultyDisplay@@SA?AVSymbol@@XZ,default/InstrumentDifficultyDisplay,88,100.00,100.00,call_arg,stable_divergent,0,arg r4 crosses mock regions (rdata->globals)
TIER3_SUSPECT,?StaticClassName@MiniLeaderboardDisplay@@SA?AVSymbol@@XZ,default/system/hamobj/MiniLeaderboardDisplay,88,100.00,100.00,call_arg,stable_divergent,0,arg r4 crosses mock regions (rdata->globals)
TIER3_SUSPECT,??_GTrainingMgr@@UAAPAXI@Z,default/band3/meta_band/TrainingMgr,88,100.00,100.00,object_memory,stable_divergent,1,"BYTE-IDENTICAL body; divergence is reloc-target mocking only -- 1 object word(s), all cross-region"
TIER3_SUSPECT,??_GTourPerformerRemote@@UAAPAXI@Z,default/band3/tour/TourPerformerRemote,88,100.00,100.00,object_memory,stable_divergent,1,"BYTE-IDENTICAL body; divergence is reloc-target mocking only -- 1 object word(s), all cross-region"
TIER3_SUSPECT,?StaticClassName@BandButton@@SA?AVSymbol@@XZ,default/system/bandobj/BandButton,88,100.00,100.00,call_arg,stable_divergent,0,arg r4 crosses mock regions (rdata->globals)
TIER3_SUSPECT,?StaticClassName@DialogDisplay@@SA?AVSymbol@@XZ,default/system/bandobj/DialogDisplay,88,100.00,100.00,call_arg,stable_divergent,0,arg r4 crosses mock regions (rdata->globals)
TIER3_SUSPECT,?RandomVOContextItem@RetryAudioPanel@@QAA?AVSymbol@@XZ,default/band3/meta_band/RetryAudioPanel,88,100.00,100.00,call_arg,stable_divergent,1,BYTE-IDENTICAL body; divergence is reloc-target mocking only -- arg r4 crosses mock regions (rdata->globals)
TIER3_SUSPECT,?Init@ReviewDisplay@@SAXXZ,default/system/bandobj/ReviewDisplay,88,100.00,100.00,call_arg,stable_divergent,1,BYTE-IDENTICAL body; divergence is reloc-target mocking only -- arg r4 crosses mock regions (rdata->globals)
TIER3_SUSPECT,?StaticClassName@StoreArtLoaderPanel@@SA?AVSymbol@@XZ,default/system/meta/StoreArtLoaderPanel,88,100.00,100.00,call_arg,stable_divergent,0,arg r4 crosses mock regions (rdata->globals)
TIER3_SUSPECT,??0EntityData@@QAA@XZ,default/EntityUploader,88,100.00,100.00,object_memory,stable_divergent,0,"1 object word(s), all cross-region"
TIER3_SUSPECT,??0NetLoader@@IAA@ABVString@@@Z,default/NetLoader_Xbox,88,100.00,100.00,object_memory,stable_divergent,1,"BYTE-IDENTICAL body; divergence is reloc-target mocking only -- 1 object word(s), all cross-region"
TIER3_SUSPECT,?Type@ContentInstalledMsg@@SA?AVSymbol@@XZ,default/ContentMgr_Xbox,88,100.00,100.00,call_arg,stable_divergent,0,arg r4 crosses mock regions (rdata->globals)
TIER3_SUSPECT,?Type@StorageChangedMsg@@SA?AVSymbol@@XZ,default/ContentMgr_Xbox,88,100.00,100.00,call_arg,stable_divergent,0,arg r4 crosses mock regions (rdata->globals)
TIER3_SUSPECT,?StaticClassName@RndDrawable@@SA?AVSymbol@@XZ,default/Draw,88,100.00,100.00,call_arg,stable_divergent,0,arg r4 crosses mock regions (rdata->globals)
TIER3_SUSPECT,?Type@KeyboardConnectedAccessoriesMsg@@SA?AVSymbol@@XZ,default/UsbMidiKeyboardMsgs,88,100.00,100.00,call_arg,stable_divergent,0,arg r4 crosses mock regions (rdata->globals)
TIER3_SUSPECT,?Type@KeyboardExpressionPedalMsg@@SA?AVSymbol@@XZ,default/UsbMidiKeyboardMsgs,88,100.00,100.00,call_arg,stable_divergent,0,arg r4 crosses mock regions (rdata->globals)
TIER3_SUSPECT,?Type@KeyboardHighHandPlacementMsg@@SA?AVSymbol@@XZ,default/UsbMidiKeyboardMsgs,88,100.00,100.00,call_arg,stable_divergent,0,arg r4 crosses mock regions (rdata->globals)
TIER3_SUSPECT,?Type@KeyboardKeyReleasedMsg@@SA?AVSymbol@@XZ,default/UsbMidiKeyboardMsgs,88,100.00,100.00,call_arg,stable_divergent,0,arg r4 crosses mock regions (rdata->globals)
TIER3_SUSPECT,?Type@KeyboardLowHandPlacementMsg@@SA?AVSymbol@@XZ,default/UsbMidiKeyboardMsgs,88,100.00,100.00,call_arg,stable_divergent,0,arg r4 crosses mock regions (rdata->globals)
TIER3_SUSPECT,?Type@KeyboardModMsg@@SA?AVSymbol@@XZ,default/UsbMidiKeyboardMsgs,88,100.00,100.00,call_arg,stable_divergent,0,arg r4 crosses mock regions (rdata->globals)
TIER3_SUSPECT,?Type@KeyboardStompBoxMsg@@SA?AVSymbol@@XZ,default/UsbMidiKeyboardMsgs,88,100.00,100.00,call_arg,stable_divergent,0,arg r4 crosses mock regions (rdata->globals)
TIER3_SUSPECT,?Type@KeyboardSustainMsg@@SA?AVSymbol@@XZ,default/UsbMidiKeyboardMsgs,88,100.00,100.00,call_arg,stable_divergent,0,arg r4 crosses mock regions (rdata->globals)
TIER3_SUSPECT,?Type@KeysAccelerometerMsg@@SA?AVSymbol@@XZ,default/UsbMidiKeyboardMsgs,88,100.00,100.00,call_arg,stable_divergent,0,arg r4 crosses mock regions (rdata->globals)
TIER3_SUSPECT,?StaticClassName@CharBoneOffset@@SA?AVSymbol@@XZ,default/CharBoneOffset,88,100.00,100.00,call_arg,stable_divergent,0,arg r4 crosses mock regions (rdata->globals)
TIER3_SUSPECT,??1CharBone@@UAA@XZ,default/CharBone,88,100.00,100.00,object_memory,stable_divergent,0,"1 object word(s), all cross-region"
TIER3_SUSPECT,?StaticClassName@RndEnvAnim@@SA?AVSymbol@@XZ,default/EnvAnim,88,100.00,100.00,call_arg,stable_divergent,0,arg r4 crosses mock regions (rdata->globals)
TIER3_SUSPECT,?Type@VirtualKeyboardResultMsg@@SA?AVSymbol@@XZ,default/VirtualKeyboard,88,100.00,100.00,call_arg,stable_divergent,0,arg r4 crosses mock regions (rdata->globals)
TIER3_SUSPECT,??_GBandStoreShortcutProvider@@UAAPAXI@Z,default/band3/meta_band/BandStorePanel,88,100.00,100.00,object_memory,stable_divergent,1,"BYTE-IDENTICAL body; divergence is reloc-target mocking only -- 1 object word(s), all cross-region"
TIER3_SUSPECT,?Type@MetadataLoadedMsg@@SA?AVSymbol@@XZ,default/band3/meta_band/BandStorePanel,88,100.00,100.00,call_arg,stable_divergent,0,arg r4 crosses mock regions (rdata->globals)
TIER3_SUSPECT,??_GAccomplishmentTrainerCategoryConditional@@UAAPAXI@Z,default/band3/meta_band/AccomplishmentTrainerCategoryConditional,88,100.00,100.00,object_memory,stable_divergent,1,"BYTE-IDENTICAL body; divergence is reloc-target mocking only -- 1 object word(s), all cross-region"
TIER3_SUSPECT,?Type@ReleasingLockStepMsg@@SA?AVSymbol@@XZ,default/SetlistMergePanel,88,100.00,100.00,call_arg,stable_divergent,0,arg r4 crosses mock regions (rdata->globals)
TIER3_SUSPECT,?StaticClassName@EndingBonus@@SA?AVSymbol@@XZ,default/EndingBonus,88,100.00,100.00,call_arg,stable_divergent,0,arg r4 crosses mock regions (rdata->globals)
TIER3_SUSPECT,?Init@ScrollbarDisplay@@SAXXZ,default/ScrollbarDisplay,88,100.00,100.00,call_arg,stable_divergent,1,BYTE-IDENTICAL body; divergence is reloc-target mocking only -- arg r4 crosses mock regions (rdata->globals)
TIER3_SUSPECT,??_GTourPerformerLocal@@UAAPAXI@Z,default/band3/tour/TourPerformerLocal,88,100.00,100.00,object_memory,stable_divergent,1,"BYTE-IDENTICAL body; divergence is reloc-target mocking only -- 1 object word(s), all cross-region"
TIER3_SUSPECT,??_GDrumTrackWatcherImpl@@UAAPAXI@Z,default/system/beatmatch/DrumTrackWatcherImpl,88,100.00,100.00,object_memory,stable_divergent,1,"BYTE-IDENTICAL body; divergence is reloc-target mocking only -- 1 object word(s), all cross-region"
TIER3_SUSPECT,??0PitchCorrectedVoice@Synapse@DSP@@QAA@XZ,default/PitchCorrectedVoice,84,100.00,100.00,object_memory,stable_divergent,0,"2 object word(s), all cross-region"
TIER3_SUSPECT,??0AsyncFileWin@@QAA@PBDH@Z,default/AsyncFile_Win,84,100.00,100.00,object_memory,stable_divergent,1,"BYTE-IDENTICAL body; divergence is reloc-target mocking only -- 1 object word(s), all cross-region"
TIER3_SUSPECT,??0UIColor@@IAA@XZ,default/UIColor,84,100.00,100.00,object_memory,stable_divergent,1,"BYTE-IDENTICAL body; divergence is reloc-target mocking only -- 5 object word(s), all cross-region"
TIER3_SUSPECT,??1SampleInst@@UAA@XZ,default/SampleInst,84,100.00,100.00,object_memory,stable_divergent,0,"1 object word(s), all cross-region"
TIER3_SUSPECT,??1?$ObjPtrList@VWaypoint@@VObjectDir@@@@UAA@XZ,default/CharacterTest,84,100.00,100.00,object_memory,stable_divergent,0,"1 object word(s), all cross-region"
TIER3_SUSPECT,??1?$ObjPtrList@VCharWeightSetter@@VObjectDir@@@@UAA@XZ,default/CharWeightSetter,84,100.00,100.00,object_memory,stable_divergent,0,"1 object word(s), all cross-region"
TIER3_SUSPECT,??1FileMergerOrganizer@@UAA@XZ,default/FileMergerOrganizer,84,100.00,100.00,object_memory,stable_divergent,0,"1 object word(s), all cross-region"
TIER3_SUSPECT,??1FxSend@@UAA@XZ,default/system/synth/FxSend,84,100.00,100.00,object_memory,stable_divergent,0,"1 object word(s), all cross-region"
TIER3_SUSPECT,??_GProfile@@UAAPAXI@Z,default/Profile,84,100.00,100.00,object_memory,stable_divergent,1,"BYTE-IDENTICAL body; divergence is reloc-target mocking only -- 2 object word(s), all cross-region"
TIER3_SUSPECT,??0bad_typeid@std@@QAA@PBD@Z,default/rtti,84,100.00,100.00,object_memory,stable_divergent,1,"BYTE-IDENTICAL body; divergence is reloc-target mocking only -- 1 object word(s), all cross-region"
TIER3_SUSPECT,??1XboxSessionJob@@UAA@XZ,default/SessionJobs_Xbox,84,100.00,100.00,object_memory,stable_divergent,1,"BYTE-IDENTICAL body; divergence is reloc-target mocking only -- 1 object word(s), all cross-region"
TIER3_SUSPECT,??1exception@std@@UAA@XZ,default/Accomplishment,84,100.00,100.00,object_memory,stable_divergent,1,"BYTE-IDENTICAL body; divergence is reloc-target mocking only -- 1 object word(s), all cross-region"
TIER3_SUSPECT,??1AccomplishmentSongFilterConditional@@UAA@XZ,default/AccomplishmentSongFilterConditional,84,100.00,100.00,object_memory,stable_divergent,0,"1 object word(s), all cross-region"
TIER3_SUSPECT,??0Node@@QAA@PAVSongSortCmp@@@Z,default/band3/meta_band/SongSort,84,100.00,100.00,object_memory,stable_divergent,1,"BYTE-IDENTICAL body; divergence is reloc-target mocking only -- 1 object word(s), all cross-region"
TIER3_SUSPECT,??1SyncObjMsg@@UAA@XZ,default/network/net/Synchronize,84,100.00,100.00,object_memory,stable_divergent,0,"1 object word(s), all cross-region"
TIER3_SUSPECT,??1DeployCountTracker@@UAA@XZ,default/DeployCountTracker,84,100.00,100.00,object_memory,stable_divergent,0,"1 object word(s), all cross-region"
TIER3_SUSPECT,??1GuitarFx@@UAA@XZ,default/GuitarFx,84,100.00,100.00,object_memory,stable_divergent,0,"1 object word(s), all cross-region"
TIER3_SUSPECT,??1UploadErrorMgr@@UAA@XZ,default/UploadErrorMgr,84,100.00,100.00,object_memory,stable_divergent,0,"1 object word(s), all cross-region"
TIER3_SUSPECT,?NewObject@SynthSample@@SAPAVObject@Hmx@@XZ,default/system/synth/SynthSample,84,100.00,100.00,call_arg,stable_divergent,0,arg r4 crosses mock regions (rdata->globals)
TIER3_SUSPECT,??1AccomplishmentDiscSongConditional@@UAA@XZ,default/AccomplishmentDiscSongConditional,84,100.00,100.00,object_memory,stable_divergent,0,"1 object word(s), all cross-region"
TIER3_SUSPECT,??0VoiceBeat@@QAA@XZ,default/system/synth/VoiceBeat,84,100.00,100.00,object_memory,stable_divergent,1,"BYTE-IDENTICAL body; divergence is reloc-target mocking only -- 1 object word(s), all cross-region"
TIER3_SUSPECT,??1TourWeightManager@@UAA@XZ,default/band3/tour/TourWeightManager,84,100.00,100.00,object_memory,stable_divergent,0,"1 object word(s), all cross-region"
TIER3_SUSPECT,??0TourQuestGameRules@@QAA@XZ,default/band3/tour/TourQuestGameRules,84,100.00,100.00,object_memory,stable_divergent,0,"1 object word(s), all cross-region"
TIER3_SUSPECT,??1TourQuestGameRules@@UAA@XZ,default/band3/tour/TourQuestGameRules,84,100.00,100.00,object_memory,stable_divergent,0,"1 object word(s), all cross-region"
TIER3_SUSPECT,??_GRealGuitarGemPlayer@@UAAPAXI@Z,default/band3/game/RealGuitarGemPlayer,84,100.00,100.00,object_memory,stable_divergent,1,"BYTE-IDENTICAL body; divergence is reloc-target mocking only -- 2 object word(s), all cross-region"
TIER3_SUSPECT,??1KeysFx@@UAA@XZ,default/band3/game/KeysFx,84,100.00,100.00,object_memory,stable_divergent,0,"1 object word(s), all cross-region"
TIER3_SUSPECT,??_GRetryAudioPanel@@UAAPAXI@Z,default/band3/meta_band/RetryAudioPanel,84,100.00,100.00,object_memory,stable_divergent,1,"BYTE-IDENTICAL body; divergence is reloc-target mocking only -- 2 object word(s), all cross-region"
TIER3_SUSPECT,??1TourPropertyCollection@@UAA@XZ,default/band3/tour/TourPropertyCollection,84,100.00,100.00,object_memory,stable_divergent,0,"1 object word(s), all cross-region"
TIER3_SUSPECT,??1EntityData@@UAA@XZ,default/EntityUploader,84,100.00,100.00,object_memory,stable_divergent,0,"1 object word(s), all cross-region"
TIER3_SUSPECT,??1Award@@UAA@XZ,default/Award,84,100.00,100.00,object_memory,stable_divergent,0,"1 object word(s), all cross-region"
TIER3_SUSPECT,??1VirtualKeyboard@@UAA@XZ,default/VirtualKeyboard,84,100.00,100.00,object_memory,stable_divergent,0,"1 object word(s), all cross-region"
TIER3_SUSPECT,??1AccomplishmentTourConditional@@UAA@XZ,default/band3/meta_band/AccomplishmentTourConditional,84,100.00,100.00,object_memory,stable_divergent,0,"1 object word(s), all cross-region"
TIER3_SUSPECT,?UpdateIncrementalEntryName@AccomplishmentSongConditional@@UAAXPAVUILabel@@VSymbol@@@Z,default/AccomplishmentSongConditional,84,100.00,100.00,call_arg,stable_divergent,1,BYTE-IDENTICAL body; divergence is reloc-target mocking only -- arg r5 crosses mock regions (rdata->globals)
TIER3_SUSPECT,??0VocalGuidePitch@@QAA@XZ,default/band3/game/VocalGuidePitch,84,100.00,100.00,object_memory,stable_divergent,1,"BYTE-IDENTICAL body; divergence is reloc-target mocking only -- 2 object word(s), all cross-region"
TIER3_SUSPECT,??1QuestJournal@@UAA@XZ,default/QuestJournal,84,100.00,100.00,object_memory,stable_divergent,0,"1 object word(s), all cross-region"
TIER3_SUSPECT,??1BandFaceDeform@@UAA@XZ,default/system/bandobj/BandFaceDeform,84,100.00,100.00,object_memory,stable_divergent,0,"1 object word(s), all cross-region"
TIER3_SUSPECT,??0UIGuide@@IAA@XZ,default/UIGuide,80,100.00,100.00,object_memory,stable_divergent,1,"BYTE-IDENTICAL body; divergence is reloc-target mocking only -- 2 object word(s), all cross-region"
TIER3_SUSPECT,??_DLocalUser@@QAAXXZ,default/User,80,100.00,100.00,object_memory,stable_divergent,1,"BYTE-IDENTICAL body; divergence is reloc-target mocking only -- 2 object word(s), all cross-region"
TIER3_SUSPECT,??_GLocalUser@@UAAPAXI@Z,default/User,80,100.00,100.00,object_memory,stable_divergent,1,"BYTE-IDENTICAL body; divergence is reloc-target mocking only -- 1 object word(s), all cross-region"
TIER3_SUSPECT,?Enter@LightPresetManager@@QAAXXZ,default/LightPresetManager,80,100.00,100.00,object_memory,stable_divergent,1,"BYTE-IDENTICAL body; divergence is reloc-target mocking only -- 1 object word(s), all cross-region"
TIER3_SUSPECT,??0PreviewDownloadCompleteMsg@@QAA@XZ,default/StorePreviewMgr,80,100.00,100.00,call_arg,stable_divergent,1,BYTE-IDENTICAL body; divergence is reloc-target mocking only -- arg r4 crosses mock regions (rdata->globals)
TIER3_SUSPECT,??1DxCubeTex@@UAA@XZ,default/system/rnddx9/CubeTex,80,100.00,100.00,object_memory,stable_divergent,0,"1 object word(s), all cross-region"
TIER3_SUSPECT,??0FxSendMeterEffect@@IAA@XZ,default/system/synth/FxSendMeterEffect,80,100.00,100.00,object_memory,stable_divergent,1,"BYTE-IDENTICAL body; divergence is reloc-target mocking only -- 1 object word(s), all cross-region"
TIER3_SUSPECT,??0SynapseAPOParams@DSP@@QAA@XZ,default/system/synth_xbox/FxSendSynapse,80,100.00,100.00,object_memory,stable_divergent,1,"BYTE-IDENTICAL body; divergence is reloc-target mocking only -- 5 object word(s), all cross-region"
TIER3_SUSPECT,??1AsyncFileHolmes@@UAA@XZ,default/AsyncFileHolmes,80,100.00,100.00,object_memory,stable_divergent,0,"1 object word(s), all cross-region"
TIER3_SUSPECT,??1KeyedChecksumAlgorithm@Quazal@@UAA@XZ,default/network/Plugins/Checksum/Interface/KeyedChecksumAlgorithm,80,100.00,100.00,object_memory,stable_divergent,0,"1 object word(s), all cross-region"
TIER3_SUSPECT,??_DBandUser@@QAAXXZ,default/BandUser,80,100.00,100.00,object_memory,stable_divergent,1,"BYTE-IDENTICAL body; divergence is reloc-target mocking only -- 2 object word(s), all cross-region"
TIER3_SUSPECT,??_GBandUser@@UAAPAXI@Z,default/BandUser,80,100.00,100.00,object_memory,stable_divergent,1,"BYTE-IDENTICAL body; divergence is reloc-target mocking only -- 1 object word(s), all cross-region"
TIER3_SUSPECT,??_GLocalBandUser@@UAAPAXI@Z,default/BandUser,80,100.00,100.00,object_memory,stable_divergent,1,"BYTE-IDENTICAL body; divergence is reloc-target mocking only -- 3 object word(s), all cross-region"
TIER3_SUSPECT,??_GNullLocalBandUser@@UAAPAXI@Z,default/BandUser,80,100.00,100.00,object_memory,stable_divergent,1,"BYTE-IDENTICAL body; divergence is reloc-target mocking only -- 3 object word(s), all cross-region"
TIER3_SUSPECT,?JumpHook@BaseGuitarTrackWatcherImpl@@UAAXM@Z,default/BaseGuitarTrackWatcherImpl,80,100.00,100.00,object_memory,stable_divergent,1,"BYTE-IDENTICAL body; divergence is reloc-target mocking only -- 1 object word(s), all cross-region"
TIER3_SUSPECT,??0InputStatusChangedMsg@@QAA@XZ,default/band3/meta_band/InputMgr,80,100.00,100.00,call_arg,stable_divergent,1,BYTE-IDENTICAL body; divergence is reloc-target mocking only -- arg r4 crosses mock regions (rdata->globals)
TIER3_SUSPECT,??0InputUserLeftMsg@@QAA@XZ,default/band3/meta_band/InputMgr,80,100.00,100.00,call_arg,stable_divergent,1,BYTE-IDENTICAL body; divergence is reloc-target mocking only -- arg r4 crosses mock regions (rdata->globals)
TIER3_SUSPECT,??0SaveLoadAllCompleteMsg@@QAA@XZ,default/system/meta/MemcardMgr,80,100.00,100.00,call_arg,stable_divergent,1,BYTE-IDENTICAL body; divergence is reloc-target mocking only -- arg r4 crosses mock regions (rdata->globals)
TIER3_SUSPECT,??0ModeChangedMsg@@QAA@XZ,default/GameMode,80,100.00,100.00,object_memory,stable_divergent,1,"BYTE-IDENTICAL body; divergence is reloc-target mocking only -- 1 object word(s), all cross-region"
TIER3_SUSPECT,??1JoypadMidiController@@UAA@XZ,default/system/beatmatch/JoypadMidiController,80,100.00,100.00,object_memory,stable_divergent,0,"1 object word(s), all cross-region"
TIER3_SUSPECT,??0RootContent@@QAA@PBD@Z,default/ContentMgr_Xbox,80,100.00,100.00,object_memory,stable_divergent,0,"1 object word(s), all cross-region"
TIER3_SUSPECT,??_GGemTrackResourceManager@@UAAPAXI@Z,default/GemTrackResourceManager,76,100.00,100.00,object_memory,stable_divergent,1,"BYTE-IDENTICAL body; divergence is reloc-target mocking only -- 1 object word(s), all cross-region"
TIER3_SUSPECT,??_GGuitarController@@UAAPAXI@Z,default/GuitarController,76,100.00,100.00,object_memory,stable_divergent,1,"BYTE-IDENTICAL body; divergence is reloc-target mocking only -- 1 object word(s), all cross-region"
TIER3_SUSPECT,??_GKeyboardTrackWatcherImpl@@UAAPAXI@Z,default/KeyboardTrackWatcherImpl,76,100.00,100.00,object_memory,stable_divergent,1,"BYTE-IDENTICAL body; divergence is reloc-target mocking only -- 1 object word(s), all cross-region"
TIER3_SUSPECT,??_GRealGuitarController@@UAAPAXI@Z,default/system/beatmatch/RealGuitarController,76,100.00,100.00,object_memory,stable_divergent,1,"BYTE-IDENTICAL body; divergence is reloc-target mocking only -- 1 object word(s), all cross-region"
TIER3_SUSPECT,??_GJoypadGuitarController@@UAAPAXI@Z,default/system/beatmatch/JoypadGuitarController,76,100.00,100.00,object_memory,stable_divergent,1,"BYTE-IDENTICAL body; divergence is reloc-target mocking only -- 1 object word(s), all cross-region"
TIER3_SUSPECT,?json_object_string_to_json_string@@YAHPAUjson_object@@PAUprintbuf@@@Z,default/json_object,76,100.00,100.00,call_arg,stable_divergent,1,BYTE-IDENTICAL body; divergence is reloc-target mocking only -- arg r4 crosses mock regions (rdata->globals)
TIER3_SUSPECT,??_GAsyncFile@@UAAPAXI@Z,default/AsyncFile,76,100.00,100.00,object_memory,stable_divergent,1,"BYTE-IDENTICAL body; divergence is reloc-target mocking only -- 1 object word(s), all cross-region"
TIER3_SUSPECT,??_GCacheMgrXbox@@UAAPAXI@Z,default/CacheMgr_Xbox,76,100.00,100.00,object_memory,stable_divergent,1,"BYTE-IDENTICAL body; divergence is reloc-target mocking only -- 1 object word(s), all cross-region"
TIER3_SUSPECT,??_G?$StandardEffect@VDistortionEffect@@@@UAAPAXI@Z,default/system/synth_xbox/FxSendDistortion,76,100.00,100.00,object_memory,stable_divergent,1,"BYTE-IDENTICAL body; divergence is reloc-target mocking only -- 2 object word(s), all cross-region"
TIER3_SUSPECT,??_GWinSockSocket@@UAAPAXI@Z,default/NetworkSocket_Win,76,100.00,100.00,object_memory,stable_divergent,1,"BYTE-IDENTICAL body; divergence is reloc-target mocking only -- 1 object word(s), all cross-region"
TIER3_SUSPECT,??_G?$ObjPtrList@VWaypoint@@VObjectDir@@@@UAAPAXI@Z,default/CharacterTest,76,100.00,100.00,object_memory,stable_divergent,1,"BYTE-IDENTICAL body; divergence is reloc-target mocking only -- 1 object word(s), all cross-region"
TIER3_SUSPECT,??_GCharacterTest@@UAAPAXI@Z,default/CharacterTest,76,100.00,100.00,call_arg,stable_divergent,1,BYTE-IDENTICAL body; divergence is reloc-target mocking only -- arg r4 crosses mock regions (rdata->globals)
TIER3_SUSPECT,??_G?$ObjPtrList@VCharWeightSetter@@VObjectDir@@@@UAAPAXI@Z,default/CharWeightSetter,76,100.00,100.00,object_memory,stable_divergent,1,"BYTE-IDENTICAL body; divergence is reloc-target mocking only -- 1 object word(s), all cross-region"
TIER3_SUSPECT,??1RndOverlay@@UAA@XZ,default/Overlay,76,100.00,100.00,object_memory,stable_divergent,0,"1 object word(s), all cross-region"
TIER3_SUSPECT,??_GRndOverlay@@UAAPAXI@Z,default/Overlay,76,100.00,100.00,object_memory,stable_divergent,1,"BYTE-IDENTICAL body; divergence is reloc-target mocking only -- 1 object word(s), all cross-region"
TIER3_SUSPECT,??_G?$ObjPtr@VRndCubeTex@@@@UAAPAXI@Z,default/BaseMaterial,76,100.00,100.00,object_memory,stable_divergent,1,"BYTE-IDENTICAL body; divergence is reloc-target mocking only -- 1 object word(s), all cross-region"
TIER3_SUSPECT,??_G?$ObjPtr@VRndFur@@@@UAAPAXI@Z,default/BaseMaterial,76,100.00,100.00,object_memory,stable_divergent,1,"BYTE-IDENTICAL body; divergence is reloc-target mocking only -- 1 object word(s), all cross-region"
TIER3_SUSPECT,??_GNetSavedSetlist@@UAAPAXI@Z,default/band3/meta_band/MusicLibraryNetSetlists,76,100.00,100.00,object_memory,stable_divergent,1,"BYTE-IDENTICAL body; divergence is reloc-target mocking only -- 1 object word(s), all cross-region"
TIER3_SUSPECT,??_G?$ObjDirPtr@VObjectDir@@@@UAAPAXI@Z,default/RhythmDetector,76,100.00,100.00,object_memory,stable_divergent,1,"BYTE-IDENTICAL body; divergence is reloc-target mocking only -- 1 object word(s), all cross-region"
TIER3_SUSPECT,??0JsonConverter@@QAA@XZ,default/JsonUtils,76,100.00,100.00,object_memory,stable_divergent,1,"BYTE-IDENTICAL body; divergence is reloc-target mocking only -- 1 object word(s), all cross-region"
TIER3_SUSPECT,??_GJsonArray@@EAAPAXI@Z,default/JsonUtils,76,100.00,100.00,object_memory,stable_divergent,1,"BYTE-IDENTICAL body; divergence is reloc-target mocking only -- 1 object word(s), all cross-region"
TIER3_SUSPECT,??1DrawString@@UAA@XZ,default/Graph,76,100.00,100.00,object_memory,stable_divergent,0,"1 object word(s), all cross-region"
TIER3_SUSPECT,??_GDrawString@@UAAPAXI@Z,default/Graph,76,100.00,100.00,object_memory,stable_divergent,1,"BYTE-IDENTICAL body; divergence is reloc-target mocking only -- 1 object word(s), all cross-region"
TIER3_SUSPECT,??_GNgRnd@@UAAPAXI@Z,default/Env_NG,76,100.00,100.00,object_memory,stable_divergent,1,"BYTE-IDENTICAL body; divergence is reloc-target mocking only -- 2 object word(s), all cross-region"
TIER3_SUSPECT,?Copy@FxSendMeterEffect@@UAAXPBVObject@Hmx@@W4CopyType@23@@Z,default/system/synth/FxSendMeterEffect,76,100.00,100.00,call_arg,stable_divergent,1,BYTE-IDENTICAL body; divergence is reloc-target mocking only -- arg r5 crosses mock regions (rdata->globals)
TIER3_SUSPECT,??_G?$ObjPtr@VCharLipSync@@@@UAAPAXI@Z,default/CharLipSyncDriver,76,100.00,100.00,object_memory,stable_divergent,1,"BYTE-IDENTICAL body; divergence is reloc-target mocking only -- 1 object word(s), all cross-region"
TIER3_SUSPECT,??_G?$ObjPtr@VCharLipSyncDriver@@@@UAAPAXI@Z,default/CharLipSyncDriver,76,100.00,100.00,object_memory,stable_divergent,1,"BYTE-IDENTICAL body; divergence is reloc-target mocking only -- 1 object word(s), all cross-region"
TIER3_SUSPECT,??1Stream@@UAA@XZ,default/Stream,76,100.00,100.00,object_memory,stable_divergent,1,"BYTE-IDENTICAL body; divergence is reloc-target mocking only -- 1 object word(s), all cross-region"
TIER3_SUSPECT,??_GUITransitionHandler@@UAAPAXI@Z,default/UITransitionHandler,76,100.00,100.00,object_memory,stable_divergent,1,"BYTE-IDENTICAL body; divergence is reloc-target mocking only -- 1 object word(s), all cross-region"
TIER3_SUSPECT,??_GAccomplishment@@UAAPAXI@Z,default/Accomplishment,76,100.00,100.00,object_memory,stable_divergent,1,"BYTE-IDENTICAL body; divergence is reloc-target mocking only -- 1 object word(s), all cross-region"
TIER3_SUSPECT,??_GAccomplishmentSongFilterConditional@@UAAPAXI@Z,default/AccomplishmentSongFilterConditional,76,100.00,100.00,object_memory,stable_divergent,1,"BYTE-IDENTICAL body; divergence is reloc-target mocking only -- 1 object word(s), all cross-region"
TIER3_SUSPECT,??_GProfileAssets@@UAAPAXI@Z,default/band3/meta_band/ProfileAssets,76,100.00,100.00,object_memory,stable_divergent,1,"BYTE-IDENTICAL body; divergence is reloc-target mocking only -- 1 object word(s), all cross-region"
TIER3_SUSPECT,??_GFunctionSortNode@@UAAPAXI@Z,default/band3/meta_band/SongSort,76,100.00,100.00,object_memory,stable_divergent,1,"BYTE-IDENTICAL body; divergence is reloc-target mocking only -- 1 object word(s), all cross-region"
TIER3_SUSPECT,??_GAccomplishmentPlayerConditional@@UAAPAXI@Z,default/band3/meta_band/AccomplishmentTrainerConditional,76,100.00,100.00,object_memory,stable_divergent,1,"BYTE-IDENTICAL body; divergence is reloc-target mocking only -- 1 object word(s), all cross-region"
TIER3_SUSPECT,??_GAccomplishmentTrainerListConditional@@UAAPAXI@Z,default/band3/meta_band/AccomplishmentTrainerListConditional,76,100.00,100.00,object_memory,stable_divergent,1,"BYTE-IDENTICAL body; divergence is reloc-target mocking only -- 1 object word(s), all cross-region"
TIER3_SUSPECT,??_GSynchronizable@@UAAPAXI@Z,default/network/net/Synchronize,76,100.00,100.00,object_memory,stable_divergent,1,"BYTE-IDENTICAL body; divergence is reloc-target mocking only -- 1 object word(s), all cross-region"
TIER3_SUSPECT,??_GOverdriveTracker@@UAAPAXI@Z,default/OverdriveTracker,76,100.00,100.00,object_memory,stable_divergent,1,"BYTE-IDENTICAL body; divergence is reloc-target mocking only -- 1 object word(s), all cross-region"
TIER3_SUSPECT,??_GPerfectOverdriveTracker@@UAAPAXI@Z,default/band3/game/PerfectOverdriveTracker,76,100.00,100.00,object_memory,stable_divergent,1,"BYTE-IDENTICAL body; divergence is reloc-target mocking only -- 1 object word(s), all cross-region"
TIER3_SUSPECT,??_GDeployCountTracker@@UAAPAXI@Z,default/DeployCountTracker,76,100.00,100.00,object_memory,stable_divergent,1,"BYTE-IDENTICAL body; divergence is reloc-target mocking only -- 1 object word(s), all cross-region"
TIER3_SUSPECT,??_GPerfectSectionTracker@@UAAPAXI@Z,default/band3/game/PerfectSectionTracker,76,100.00,100.00,object_memory,stable_divergent,1,"BYTE-IDENTICAL body; divergence is reloc-target mocking only -- 1 object word(s), all cross-region"
TIER3_SUSPECT,??_GGuitarFx@@UAAPAXI@Z,default/GuitarFx,76,100.00,100.00,object_memory,stable_divergent,1,"BYTE-IDENTICAL body; divergence is reloc-target mocking only -- 1 object word(s), all cross-region"
TIER3_SUSPECT,??_GUploadErrorMgr@@UAAPAXI@Z,default/UploadErrorMgr,76,100.00,100.00,object_memory,stable_divergent,1,"BYTE-IDENTICAL body; divergence is reloc-target mocking only -- 1 object word(s), all cross-region"
TIER3_SUSPECT,??_GAccomplishmentDiscSongConditional@@UAAPAXI@Z,default/AccomplishmentDiscSongConditional,76,100.00,100.00,object_memory,stable_divergent,1,"BYTE-IDENTICAL body; divergence is reloc-target mocking only -- 1 object word(s), all cross-region"
TIER3_SUSPECT,??_GTourWeightManager@@UAAPAXI@Z,default/band3/tour/TourWeightManager,76,100.00,100.00,object_memory,stable_divergent,1,"BYTE-IDENTICAL body; divergence is reloc-target mocking only -- 1 object word(s), all cross-region"
TIER3_SUSPECT,??_GTourQuestGameRules@@UAAPAXI@Z,default/band3/tour/TourQuestGameRules,76,100.00,100.00,object_memory,stable_divergent,1,"BYTE-IDENTICAL body; divergence is reloc-target mocking only -- 1 object word(s), all cross-region"
TIER3_SUSPECT,??_GHitTracker@@UAAPAXI@Z,default/band3/game/HitTracker,76,100.00,100.00,object_memory,stable_divergent,1,"BYTE-IDENTICAL body; divergence is reloc-target mocking only -- 1 object word(s), all cross-region"
TIER3_SUSPECT,??1MassChannelMapping@@UAA@XZ,default/system/beatmatch/SlotChannelMapping,76,100.00,100.00,object_memory,stable_divergent,0,"1 object word(s), all cross-region"
TIER3_SUSPECT,??1MultiChannelMapping@@UAA@XZ,default/system/beatmatch/SlotChannelMapping,76,100.00,100.00,object_memory,stable_divergent,0,"1 object word(s), all cross-region"
TIER3_SUSPECT,??_GMassChannelMapping@@UAAPAXI@Z,default/system/beatmatch/SlotChannelMapping,76,100.00,100.00,object_memory,stable_divergent,1,"BYTE-IDENTICAL body; divergence is reloc-target mocking only -- 1 object word(s), all cross-region"
TIER3_SUSPECT,??_GMultiChannelMapping@@UAAPAXI@Z,default/system/beatmatch/SlotChannelMapping,76,100.00,100.00,object_memory,stable_divergent,1,"BYTE-IDENTICAL body; divergence is reloc-target mocking only -- 1 object word(s), all cross-region"
TIER3_SUSPECT,??_GKeysFx@@UAAPAXI@Z,default/band3/game/KeysFx,76,100.00,100.00,object_memory,stable_divergent,1,"BYTE-IDENTICAL body; divergence is reloc-target mocking only -- 1 object word(s), all cross-region"
TIER3_SUSPECT,??_GTourPropertyCollection@@UAAPAXI@Z,default/band3/tour/TourPropertyCollection,76,100.00,100.00,object_memory,stable_divergent,1,"BYTE-IDENTICAL body; divergence is reloc-target mocking only -- 1 object word(s), all cross-region"
TIER3_SUSPECT,??_GEntityData@@UAAPAXI@Z,default/EntityUploader,76,100.00,100.00,object_memory,stable_divergent,1,"BYTE-IDENTICAL body; divergence is reloc-target mocking only -- 1 object word(s), all cross-region"
TIER3_SUSPECT,??_GJoypadMidiController@@UAAPAXI@Z,default/system/beatmatch/JoypadMidiController,76,100.00,100.00,object_memory,stable_divergent,1,"BYTE-IDENTICAL body; divergence is reloc-target mocking only -- 1 object word(s), all cross-region"
TIER3_SUSPECT,??_GKeyboardController@@UAAPAXI@Z,default/system/beatmatch/KeyboardController,76,100.00,100.00,object_memory,stable_divergent,1,"BYTE-IDENTICAL body; divergence is reloc-target mocking only -- 1 object word(s), all cross-region"
TIER3_SUSPECT,?ToMiniDateString@DateTime@@QBAXAAVString@@@Z,default/DateTime,76,98.68,100.00,call_arg,stable_divergent,0,arg r4 crosses mock regions (rdata->globals)
TIER3_SUSPECT,??_G?$StandardEffect@VEQEffect@@@@UAAPAXI@Z,default/system/synth_xbox/FxSendEQ,76,100.00,100.00,object_memory,stable_divergent,1,"BYTE-IDENTICAL body; divergence is reloc-target mocking only -- 2 object word(s), all cross-region"
TIER3_SUSPECT,??_GArkFile@@UAAPAXI@Z,default/ArkFile,76,100.00,100.00,object_memory,stable_divergent,1,"BYTE-IDENTICAL body; divergence is reloc-target mocking only -- 1 object word(s), all cross-region"
TIER3_SUSPECT,??1RootContent@@UAA@XZ,default/ContentMgr_Xbox,76,100.00,100.00,object_memory,stable_divergent,0,"1 object word(s), all cross-region"
TIER3_SUSPECT,??_GRootContent@@UAAPAXI@Z,default/ContentMgr_Xbox,76,100.00,100.00,object_memory,stable_divergent,1,"BYTE-IDENTICAL body; divergence is reloc-target mocking only -- 1 object word(s), all cross-region"
TIER3_SUSPECT,??_GXboxContent@@UAAPAXI@Z,default/ContentMgr_Xbox,76,100.00,100.00,object_memory,stable_divergent,1,"BYTE-IDENTICAL body; divergence is reloc-target mocking only -- 1 object word(s), all cross-region"
TIER3_SUSPECT,??_G?$ObjPtr@VCharEyeDartRuleset@@@@UAAPAXI@Z,default/CharInterest,76,100.00,100.00,object_memory,stable_divergent,1,"BYTE-IDENTICAL body; divergence is reloc-target mocking only -- 1 object word(s), all cross-region"
TIER3_SUSPECT,??_G?$ObjPtr@VRndMultiMesh@@@@UAAPAXI@Z,default/PartLauncher,76,100.00,100.00,object_memory,stable_divergent,1,"BYTE-IDENTICAL body; divergence is reloc-target mocking only -- 1 object word(s), all cross-region"
TIER3_SUSPECT,??_GAward@@UAAPAXI@Z,default/Award,76,100.00,100.00,object_memory,stable_divergent,1,"BYTE-IDENTICAL body; divergence is reloc-target mocking only -- 1 object word(s), all cross-region"
TIER3_SUSPECT,??_G?$StandardEffect@VWahEffect@@@@UAAPAXI@Z,default/FxSendWah,76,100.00,100.00,object_memory,stable_divergent,1,"BYTE-IDENTICAL body; divergence is reloc-target mocking only -- 2 object word(s), all cross-region"
TIER3_SUSPECT,??_G?$ObjPtr@VCharBone@@@@UAAPAXI@Z,default/CharBone,76,100.00,100.00,object_memory,stable_divergent,1,"BYTE-IDENTICAL body; divergence is reloc-target mocking only -- 1 object word(s), all cross-region"
TIER3_SUSPECT,??_GVirtualKeyboard@@UAAPAXI@Z,default/VirtualKeyboard,76,100.00,100.00,object_memory,stable_divergent,1,"BYTE-IDENTICAL body; divergence is reloc-target mocking only -- 1 object word(s), all cross-region"
TIER3_SUSPECT,??_GLyric@@UAAPAXI@Z,default/band3/bandtrack/Lyric,76,100.00,100.00,object_memory,stable_divergent,1,"BYTE-IDENTICAL body; divergence is reloc-target mocking only -- 1 object word(s), all cross-region"
TIER3_SUSPECT,??_GAccomplishmentTourConditional@@UAAPAXI@Z,default/band3/meta_band/AccomplishmentTourConditional,76,100.00,100.00,object_memory,stable_divergent,1,"BYTE-IDENTICAL body; divergence is reloc-target mocking only -- 1 object word(s), all cross-region"
TIER3_SUSPECT,??_G?$ObjPtr@VTask@@@@UAAPAXI@Z,default/EndingBonus,76,100.00,100.00,object_memory,stable_divergent,1,"BYTE-IDENTICAL body; divergence is reloc-target mocking only -- 1 object word(s), all cross-region"
TIER3_SUSPECT,??_G?$ObjPtr@VUnisonIcon@@@@UAAPAXI@Z,default/EndingBonus,76,100.00,100.00,object_memory,stable_divergent,1,"BYTE-IDENTICAL body; divergence is reloc-target mocking only -- 1 object word(s), all cross-region"
TIER3_SUSPECT,??_G?$ObjPtr@VBandList@@@@UAAPAXI@Z,default/ScrollbarDisplay,76,100.00,100.00,object_memory,stable_divergent,1,"BYTE-IDENTICAL body; divergence is reloc-target mocking only -- 1 object word(s), all cross-region"
TIER3_SUSPECT,??0CrowdRating@@QAA@PAVBandUser@@W4Difficulty@@@Z,default/band3/game/CrowdRating,76,100.00,100.00,call_arg,stable_divergent,1,BYTE-IDENTICAL body; divergence is reloc-target mocking only -- arg r4 crosses mock regions (rdata->globals)
TIER3_SUSPECT,?FindPathNameHelper@@YAPBDPBD0@Z,default/Object,72,100.00,100.00,call_arg,stable_divergent,1,BYTE-IDENTICAL body; divergence is reloc-target mocking only -- arg r3 crosses mock regions (rdata->globals)
TIER3_SUSPECT,??_GATanInterpolator@@UAAPAXI@Z,default/Interp,72,100.00,100.00,object_memory,stable_divergent,1,"BYTE-IDENTICAL body; divergence is reloc-target mocking only -- 2 object word(s), all cross-region"
TIER3_SUSPECT,??0VarTimer@@QAA@XZ,default/VarTimer,72,100.00,100.00,object_memory,stable_divergent,1,"BYTE-IDENTICAL body; divergence is reloc-target mocking only -- 1 object word(s), all cross-region"
TIER3_SUSPECT,?Reset@RndColorXfm@@QAAXXZ,default/ColorXfm,72,100.00,100.00,object_memory,stable_divergent,1,"BYTE-IDENTICAL body; divergence is reloc-target mocking only -- 3 object word(s), all cross-region"
TIER3_SUSPECT,??1FIFOSampleBuffer@soundtouch@@QAA@XZ,default/FIFOSampleBuffer,72,100.00,100.00,object_memory,stable_divergent,1,"BYTE-IDENTICAL body; divergence is reloc-target mocking only -- 1 object word(s), all cross-region"
TIER3_SUSPECT,?MemTrackHeapDumpDF@@YA?AVDataNode@@PAVDataArray@@@Z,default/MemTrack,72,100.00,100.00,call_arg,stable_divergent,1,BYTE-IDENTICAL body; divergence is reloc-target mocking only -- arg r3 crosses mock regions (rdata->globals)
TIER3_SUSPECT,??0JsonArray@@AAA@XZ,default/JsonUtils,72,100.00,100.00,object_memory,stable_divergent,1,"BYTE-IDENTICAL body; divergence is reloc-target mocking only -- 1 object word(s), all cross-region"
TIER3_SUSPECT,??0FxSendDistortion@@IAA@XZ,default/system/synth/FxSendDistortion,72,100.00,100.00,object_memory,stable_divergent,1,"BYTE-IDENTICAL body; divergence is reloc-target mocking only -- 1 object word(s), all cross-region"
TIER3_SUSPECT,??0FxSendPitchShift@@IAA@XZ,default/system/synth/FxSendPitchShift,72,100.00,100.00,object_memory,stable_divergent,1,"BYTE-IDENTICAL body; divergence is reloc-target mocking only -- 2 object word(s), all cross-region"
TIER3_SUSPECT,?GetDescription@Accomplishment@@QBA?AVSymbol@@XZ,default/Accomplishment,72,100.00,100.00,call_arg,stable_divergent,1,BYTE-IDENTICAL body; divergence is reloc-target mocking only -- arg r3 crosses mock regions (rdata->globals)
TIER3_SUSPECT,?GetFlavorText@Accomplishment@@QBA?AVSymbol@@XZ,default/Accomplishment,72,100.00,100.00,call_arg,stable_divergent,1,BYTE-IDENTICAL body; divergence is reloc-target mocking only -- arg r3 crosses mock regions (rdata->globals)
TIER3_SUSPECT,??0StatMemberTracker@@QAA@PAVTrackerSource@@AAVTrackerBandDisplay@@AAVTrackerBroadcastDisplay@@@Z,default/band3/game/StatMemberTracker,72,100.00,100.00,object_memory,stable_divergent,1,"BYTE-IDENTICAL body; divergence is reloc-target mocking only -- 2 object word(s), all cross-region"
TIER3_SUSPECT,?Unpublish@Synchronizable@@QAAXXZ,default/network/net/Synchronize,72,100.00,100.00,call_arg,stable_divergent,1,BYTE-IDENTICAL body; divergence is reloc-target mocking only -- arg r4 crosses mock regions (rdata->globals)
TIER3_SUSPECT,??0AccuracyTracker@@QAA@PAVTrackerSource@@AAVTrackerBandDisplay@@AAVTrackerBroadcastDisplay@@@Z,default/AccuracyTracker,72,100.00,100.00,object_memory,stable_divergent,1,"BYTE-IDENTICAL body; divergence is reloc-target mocking only -- 2 object word(s), all cross-region"
TIER3_SUSPECT,?GetEarnedText@CampaignLevel@@QBA?AVSymbol@@XZ,default/CampaignLevel,72,100.00,100.00,call_arg,stable_divergent,1,BYTE-IDENTICAL body; divergence is reloc-target mocking only -- arg r3 crosses mock regions (rdata->globals)
TIER3_SUSPECT,?GetIconArt@CampaignLevel@@QBA?AVString@@XZ,default/CampaignLevel,72,100.00,100.00,call_arg,stable_divergent,1,BYTE-IDENTICAL body; divergence is reloc-target mocking only -- arg r3 crosses mock regions (rdata->globals)
TIER3_SUSPECT,??0TalkyMatcher@@QAA@XZ,default/system/synth/VoiceBeat,72,100.00,100.00,object_memory,stable_divergent,1,"BYTE-IDENTICAL body; divergence is reloc-target mocking only -- 1 object word(s), all cross-region"
TIER3_SUSPECT,??0MidiChannel@@QAA@XZ,default/system/synth/MidiChannel,72,100.00,100.00,object_memory,stable_divergent,1,"BYTE-IDENTICAL body; divergence is reloc-target mocking only -- 1 object word(s), all cross-region"
TIER3_SUSPECT,??0GuitarTrackWatcherImpl@@QAA@HABVUserGuid@@HPAVSongData@@PAVGameGemList@@PAVTrackWatcherParent@@PAVDataArray@@@Z,default/GuitarTrackWatcherImpl,68,100.00,100.00,object_memory,stable_divergent,1,"BYTE-IDENTICAL body; divergence is reloc-target mocking only -- 1 object word(s), all cross-region"
TIER3_SUSPECT,??_GExpInterpolator@@UAAPAXI@Z,default/Interp,68,100.00,100.00,object_memory,stable_divergent,1,"BYTE-IDENTICAL body; divergence is reloc-target mocking only -- 1 object word(s), all cross-region"
TIER3_SUSPECT,??_G?$StackString@$0EAA@@@UAAPAXI@Z,default/Shader,68,100.00,100.00,object_memory,stable_divergent,1,"BYTE-IDENTICAL body; divergence is reloc-target mocking only -- 1 object word(s), all cross-region"
TIER3_SUSPECT,??_GCallback@Loader@@UAAPAXI@Z,default/DepthBuffer3D,68,100.00,100.00,object_memory,stable_divergent,1,"BYTE-IDENTICAL body; divergence is reloc-target mocking only -- 1 object word(s), all cross-region"
TIER3_SUSPECT,??1WinSockSocket@@UAA@XZ,default/NetworkSocket_Win,68,100.00,100.00,object_memory,stable_divergent,1,"BYTE-IDENTICAL body; divergence is reloc-target mocking only -- 1 object word(s), all cross-region"
TIER3_SUSPECT,??0CharEyeDartRuleset@@IAA@XZ,default/CharEyeDartRuleset,68,100.00,100.00,object_memory,stable_divergent,1,"BYTE-IDENTICAL body; divergence is reloc-target mocking only -- 9 object word(s), all cross-region"
TIER3_SUSPECT,??_GPostProcessor@@UAAPAXI@Z,default/PostProc,68,100.00,100.00,object_memory,stable_divergent,1,"BYTE-IDENTICAL body; divergence is reloc-target mocking only -- 1 object word(s), all cross-region"
TIER3_SUSPECT,??_GOfflineCallback@@UAAPAXI@Z,default/HamDirector,68,100.00,100.00,object_memory,stable_divergent,1,"BYTE-IDENTICAL body; divergence is reloc-target mocking only -- 1 object word(s), all cross-region"
TIER3_SUSPECT,??_GFixedSizeSaveable@@UAAPAXI@Z,default/FixedSizeSaveable,68,100.00,100.00,object_memory,stable_divergent,1,"BYTE-IDENTICAL body; divergence is reloc-target mocking only -- 1 object word(s), all cross-region"
TIER3_SUSPECT,??_GFIFOProcessor@soundtouch@@MAAPAXI@Z,default/SoundTouch,68,100.00,100.00,object_memory,stable_divergent,1,"BYTE-IDENTICAL body; divergence is reloc-target mocking only -- 1 object word(s), all cross-region"
TIER3_SUSPECT,?Register@KickPlayerMsg@?A0x9d4e879f@@SAXXZ,default/SessionUsersProviders,68,100.00,100.00,call_arg,stable_divergent,1,BYTE-IDENTICAL body; divergence is reloc-target mocking only -- arg r4 crosses mock regions (rdata->globals)
TIER3_SUSPECT,??_GStreamReceiver@@UAAPAXI@Z,default/StreamReceiver,68,100.00,100.00,object_memory,stable_divergent,1,"BYTE-IDENTICAL body; divergence is reloc-target mocking only -- 1 object word(s), all cross-region"
TIER3_SUSPECT,??1Profile@@UAA@XZ,default/Profile,68,100.00,100.00,object_memory,stable_divergent,1,"BYTE-IDENTICAL body; divergence is reloc-target mocking only -- 2 object word(s), all cross-region"
TIER3_SUSPECT,??0DxCubeTex@@QAA@XZ,default/system/rnddx9/CubeTex,68,100.00,100.00,object_memory,stable_divergent,1,"BYTE-IDENTICAL body; divergence is reloc-target mocking only -- 1 object word(s), all cross-region"
TIER3_SUSPECT,??_GCache@@UAAPAXI@Z,default/Cache,68,100.00,100.00,object_memory,stable_divergent,1,"BYTE-IDENTICAL body; divergence is reloc-target mocking only -- 1 object word(s), all cross-region"
TIER3_SUSPECT,??_GUIListMeshElement@@UAAPAXI@Z,default/UIListMesh,68,100.00,100.00,object_memory,stable_divergent,1,"BYTE-IDENTICAL body; divergence is reloc-target mocking only -- 1 object word(s), all cross-region"
TIER3_SUSPECT,??_GFitnessFilter@@UAAPAXI@Z,default/FitnessFilter,68,100.00,100.00,object_memory,stable_divergent,1,"BYTE-IDENTICAL body; divergence is reloc-target mocking only -- 1 object word(s), all cross-region"
TIER3_SUSPECT,??_GJob@@UAAPAXI@Z,default/SessionJobs_Xbox,68,100.00,100.00,object_memory,stable_divergent,1,"BYTE-IDENTICAL body; divergence is reloc-target mocking only -- 1 object word(s), all cross-region"
TIER3_SUSPECT,??_GCallback@Leaderboard@@UAAPAXI@Z,default/band3/meta_band/CampaignGoalsLeaderboardPanel,68,100.00,100.00,object_memory,stable_divergent,1,"BYTE-IDENTICAL body; divergence is reloc-target mocking only -- 1 object word(s), all cross-region"
TIER3_SUSPECT,??_GTrackerDisplay@@UAAPAXI@Z,default/band3/game/TrackerDisplay,68,100.00,100.00,object_memory,stable_divergent,1,"BYTE-IDENTICAL body; divergence is reloc-target mocking only -- 1 object word(s), all cross-region"
TIER3_SUSPECT,??_GMetronome@@UAAPAXI@Z,default/Metronome,68,100.00,100.00,object_memory,stable_divergent,1,"BYTE-IDENTICAL body; divergence is reloc-target mocking only -- 1 object word(s), all cross-region"
TIER3_SUSPECT,??_GTourProperty@@UAAPAXI@Z,default/band3/tour/TourProperty,68,100.00,100.00,object_memory,stable_divergent,1,"BYTE-IDENTICAL body; divergence is reloc-target mocking only -- 1 object word(s), all cross-region"
TIER3_SUSPECT,??_GHitSink@@UAAPAXI@Z,default/band3/game/HitTracker,68,100.00,100.00,object_memory,stable_divergent,1,"BYTE-IDENTICAL body; divergence is reloc-target mocking only -- 1 object word(s), all cross-region"
TIER3_SUSPECT,??_GSingleSlotChannelMapping@@UAAPAXI@Z,default/system/beatmatch/SlotChannelMapping,68,100.00,100.00,object_memory,stable_divergent,1,"BYTE-IDENTICAL body; divergence is reloc-target mocking only -- 1 object word(s), all cross-region"
TIER3_SUSPECT,??1RealGuitarGemPlayer@@UAA@XZ,default/band3/game/RealGuitarGemPlayer,68,100.00,100.00,object_memory,stable_divergent,1,"BYTE-IDENTICAL body; divergence is reloc-target mocking only -- 2 object word(s), all cross-region"
TIER3_SUSPECT,??1RetryAudioPanel@@UAA@XZ,default/band3/meta_band/RetryAudioPanel,68,100.00,100.00,object_memory,stable_divergent,1,"BYTE-IDENTICAL body; divergence is reloc-target mocking only -- 2 object word(s), all cross-region"
TIER3_SUSPECT,??_GSyncMeshCB@@UAAPAXI@Z,default/system/char/CharMeshCacheMgr,68,100.00,100.00,object_memory,stable_divergent,1,"BYTE-IDENTICAL body; divergence is reloc-target mocking only -- 1 object word(s), all cross-region"
TIER3_SUSPECT,?GrantAwards@Award@@QAAXPAVBandProfile@@@Z,default/Award,68,100.00,100.00,call_arg,stable_divergent,1,BYTE-IDENTICAL body; divergence is reloc-target mocking only -- arg r4 crosses mock regions (rdata->globals)
TIER3_SUSPECT,??_GTrackerSource@@UAAPAXI@Z,default/TrackerSource,68,100.00,100.00,object_memory,stable_divergent,1,"BYTE-IDENTICAL body; divergence is reloc-target mocking only -- 1 object word(s), all cross-region"
TIER3_SUSPECT,??_GTourCondition@@UAAPAXI@Z,default/band3/tour/TourCondition,68,100.00,100.00,object_memory,stable_divergent,1,"BYTE-IDENTICAL body; divergence is reloc-target mocking only -- 1 object word(s), all cross-region"
TIER3_SUSPECT,??_GStarsCmp@@UAAPAXI@Z,default/SongSortByStars,68,100.00,100.00,object_memory,stable_divergent,1,"BYTE-IDENTICAL body; divergence is reloc-target mocking only -- 1 object word(s), all cross-region"
TIER3_SUSPECT,??_GCrowdRating@@UAAPAXI@Z,default/band3/game/CrowdRating,68,100.00,100.00,object_memory,stable_divergent,1,"BYTE-IDENTICAL body; divergence is reloc-target mocking only -- 1 object word(s), all cross-region"
TIER3_SUSPECT,?DoPost@RndPostProc@@UAAXXZ,default/PostProc,64,100.00,100.00,object_memory,stable_divergent,1,"BYTE-IDENTICAL body; divergence is reloc-target mocking only -- 1 object word(s), all cross-region"
TIER3_SUSPECT,?json_object_double_to_json_string@@YAHPAUjson_object@@PAUprintbuf@@@Z,default/json_object,60,100.00,100.00,call_arg,stable_divergent,1,BYTE-IDENTICAL body; divergence is reloc-target mocking only -- arg r4 crosses mock regions (rdata->globals)
TIER3_SUSPECT,??0FilePath@@QAA@XZ,default/MoveDir,60,100.00,100.00,object_memory,stable_divergent,1,"BYTE-IDENTICAL body; divergence is reloc-target mocking only -- 1 object word(s), all cross-region"
TIER3_SUSPECT,??0NgMat@@QAA@XZ,default/Mat_NG,60,100.00,100.00,object_memory,stable_divergent,1,"BYTE-IDENTICAL body; divergence is reloc-target mocking only -- 1 object word(s), all cross-region"
TIER3_SUSPECT,?ByteCode@KickPlayerMsg@?A0x8dc0dcd0@@UBAEXZ,default/SessionUsersProviders,60,100.00,100.00,call_arg,stable_divergent,1,BYTE-IDENTICAL body; divergence is reloc-target mocking only -- arg r4 crosses mock regions (rdata->globals)
TIER3_SUSPECT,??0DataArraySongInfo@@QAA@PAVSongInfo@@@Z,default/DataArraySongInfo,60,100.00,100.00,object_memory,stable_divergent,1,"BYTE-IDENTICAL body; divergence is reloc-target mocking only -- 1 object word(s), all cross-region"
TIER3_SUSPECT,??0DataArraySongInfo@@QAA@XZ,default/DataArraySongInfo,60,100.00,100.00,object_memory,stable_divergent,1,"BYTE-IDENTICAL body; divergence is reloc-target mocking only -- 1 object word(s), all cross-region"
TIER3_SUSPECT,??0__non_rtti_object@std@@QAA@PBD@Z,default/rtti,60,100.00,100.00,object_memory,stable_divergent,1,"BYTE-IDENTICAL body; divergence is reloc-target mocking only -- 1 object word(s), all cross-region"
TIER3_SUSPECT,??__E?sNull@FilePath@@0V1@A@@YAXXZ,default/FilePath,60,100.00,100.00,call_arg,stable_divergent,1,BYTE-IDENTICAL body; divergence is reloc-target mocking only -- arg r4 crosses mock regions (rdata->globals)
TIER3_SUSPECT,??0logic_error@stlpmtx_std@@QAA@ABV01@@Z,default/Accomplishment,60,100.00,100.00,object_memory,stable_divergent,1,"BYTE-IDENTICAL body; divergence is reloc-target mocking only -- 1 object word(s), all cross-region"
TIER3_SUSPECT,?GetTrackIcon@Track@@UBAPBDXZ,default/band3/bandtrack/Track,60,100.00,100.00,return_value,stable_divergent,1,BYTE-IDENTICAL body; divergence is reloc-target mocking only -- return value differs
TIER3_SUSPECT,??0ScoreTracker@@QAA@PAVTrackerSource@@AAVTrackerBandDisplay@@AAVTrackerBroadcastDisplay@@@Z,default/band3/game/ScoreTracker,60,100.00,100.00,object_memory,stable_divergent,1,"BYTE-IDENTICAL body; divergence is reloc-target mocking only -- 1 object word(s), all cross-region"
TIER3_SUSPECT,??0AccomplishmentLessonSongListConditional@@QAA@PAVDataArray@@H@Z,default/band3/meta_band/AccomplishmentLessonSongListConditional,60,100.00,100.00,object_memory,stable_divergent,1,"BYTE-IDENTICAL body; divergence is reloc-target mocking only -- 1 object word(s), all cross-region"
TIER3_SUSPECT,?Init@CharTaskMgr@@SAXXZ,default/CharTaskMgr,60,100.00,100.00,call_arg,stable_divergent,1,BYTE-IDENTICAL body; divergence is reloc-target mocking only -- arg r4 crosses mock regions (rdata->globals)
TIER3_SUSPECT,??0TourPerformerRemote@@QAA@AAVBandUserMgr@@@Z,default/band3/tour/TourPerformerRemote,60,100.00,100.00,object_memory,stable_divergent,1,"BYTE-IDENTICAL body; divergence is reloc-target mocking only -- 1 object word(s), all cross-region"
TIER3_SUSPECT,?ByteCode@BasicStartLockMsg@@UBAEXZ,default/SetlistMergePanel,60,100.00,100.00,call_arg,stable_divergent,1,BYTE-IDENTICAL body; divergence is reloc-target mocking only -- arg r4 crosses mock regions (rdata->globals)
TIER3_SUSPECT,?ByteCode@SetlistSubmissionMsg@@UBAEXZ,default/SetlistMergePanel,60,100.00,100.00,call_arg,stable_divergent,1,BYTE-IDENTICAL body; divergence is reloc-target mocking only -- arg r4 crosses mock regions (rdata->globals)
TIER3_SUSPECT,?StaticByteCode@BasicStartLockMsg@@SAEXZ,default/SetlistMergePanel,60,100.00,100.00,call_arg,stable_divergent,1,BYTE-IDENTICAL body; divergence is reloc-target mocking only -- arg r4 crosses mock regions (rdata->globals)
TIER3_SUSPECT,??0AccomplishmentSongConditional@@QAA@PAVDataArray@@H@Z,default/AccomplishmentSongConditional,60,100.00,100.00,object_memory,stable_divergent,1,"BYTE-IDENTICAL body; divergence is reloc-target mocking only -- 1 object word(s), all cross-region"
TIER3_SUSPECT,??0TourPerformerLocal@@QAA@AAVBandUserMgr@@@Z,default/band3/tour/TourPerformerLocal,60,100.00,100.00,object_memory,stable_divergent,1,"BYTE-IDENTICAL body; divergence is reloc-target mocking only -- 1 object word(s), all cross-region"
TIER3_SUSPECT,?HasAward@Accomplishment@@QBA_NXZ,default/Accomplishment,56,100.00,100.00,call_arg,stable_divergent,1,BYTE-IDENTICAL body; divergence is reloc-target mocking only -- arg r4 crosses mock regions (rdata->globals)
TIER3_SUSPECT,?HasAward@AccomplishmentCategory@@QBA_NXZ,default/AccomplishmentCategory,56,100.00,100.00,call_arg,stable_divergent,1,BYTE-IDENTICAL body; divergence is reloc-target mocking only -- arg r4 crosses mock regions (rdata->globals)
TIER3_SUSPECT,?HasAward@AccomplishmentGroup@@QBA_NXZ,default/band3/meta_band/AccomplishmentGroup,56,100.00,100.00,call_arg,stable_divergent,1,BYTE-IDENTICAL body; divergence is reloc-target mocking only -- arg r4 crosses mock regions (rdata->globals)
TIER3_SUSPECT,?GetPlayerContributionString@Tracker@@UBA?AVString@@VSymbol@@@Z,default/band3/game/Tracker,56,100.00,100.00,call_arg,stable_divergent,1,BYTE-IDENTICAL body; divergence is reloc-target mocking only -- arg r4 crosses mock regions (rdata->globals)
TIER3_SUSPECT,?DebugText@BeatMasterLoader@@UAAPBDXZ,default/system/beatmatch/BeatMaster,56,100.00,100.00,call_arg,stable_divergent,1,BYTE-IDENTICAL body; divergence is reloc-target mocking only -- arg r3 crosses mock regions (rdata->globals)
TIER3_SUSPECT,?GetStreakType@BandPerformer@@UBA?AVSymbol@@XZ,default/band3/game/BandPerformer,56,100.00,100.00,call_arg,stable_divergent,1,BYTE-IDENTICAL body; divergence is reloc-target mocking only -- arg r4 crosses mock regions (rdata->globals)
TIER3_SUSPECT,?Name@KickPlayerMsg@?A0x3d644e05@@UBAPBDXZ,default/SessionUsersProviders,52,100.00,100.00,call_arg,stable_divergent,1,BYTE-IDENTICAL body; divergence is reloc-target mocking only -- arg r4 crosses mock regions (rdata->globals)
TIER3_SUSPECT,?ContentPath@XboxContentMgr@@UAAPBDH@Z,default/ContentMgr_Xbox,52,100.00,100.00,call_arg,stable_divergent,1,BYTE-IDENTICAL body; divergence is reloc-target mocking only -- arg r4 crosses mock regions (rdata->globals)
TIER3_SUSPECT,?Name@BasicStartLockMsg@@UBAPBDXZ,default/SetlistMergePanel,52,100.00,100.00,call_arg,stable_divergent,1,BYTE-IDENTICAL body; divergence is reloc-target mocking only -- arg r4 crosses mock regions (rdata->globals)
TIER3_SUSPECT,?Name@VerifyBuildVersionMsg@@UBAPBDXZ,default/band3/meta_band/MetaNetMsgs,52,100.00,100.00,call_arg,stable_divergent,1,BYTE-IDENTICAL body; divergence is reloc-target mocking only -- arg r4 crosses mock regions (rdata->globals)
TIER3_SUSPECT,??1TourGameRules@@UAA@XZ,default/band3/tour/TourGameRules,48,100.00,100.00,object_memory,stable_divergent,1,"BYTE-IDENTICAL body; divergence is reloc-target mocking only -- 1 object word(s), all cross-region"
TIER3_SUSPECT,??1CacheMgr@@UAA@XZ,default/CacheMgr,48,100.00,100.00,object_memory,stable_divergent,1,"BYTE-IDENTICAL body; divergence is reloc-target mocking only -- 1 object word(s), all cross-region"
TIER3_SUSPECT,??0MultiTempoTempoMap@@QAA@XZ,default/MultiTempoTempoMap,48,100.00,100.00,object_memory,stable_divergent,1,"BYTE-IDENTICAL body; divergence is reloc-target mocking only -- 3 object word(s), all cross-region"
TIER3_SUSPECT,??0FIFOSampleBuffer@soundtouch@@QAA@H@Z,default/FIFOSampleBuffer,44,100.00,100.00,object_memory,stable_divergent,1,"BYTE-IDENTICAL body; divergence is reloc-target mocking only -- 1 object word(s), all cross-region"
TIER3_SUSPECT,?FirstFrame_@UnisonStatMemberTracker@@UAAXM@Z,default/band3/game/StatMemberTracker,44,100.00,100.00,object_memory,stable_divergent,1,"BYTE-IDENTICAL body; divergence is reloc-target mocking only -- 1 object word(s), all cross-region"
TIER3_SUSPECT,??0Metronome@@QAA@XZ,default/Metronome,44,100.00,100.00,object_memory,stable_divergent,1,"BYTE-IDENTICAL body; divergence is reloc-target mocking only -- 1 object word(s), all cross-region"
TIER3_SUSPECT,??0MemcardAction@@QAA@PAVProfile@@@Z,default/system/meta/MemcardAction,44,100.00,100.00,object_memory,stable_divergent,1,"BYTE-IDENTICAL body; divergence is reloc-target mocking only -- 1 object word(s), all cross-region"
TIER3_SUSPECT,?json_object_boolean_to_json_string@@YAHPAUjson_object@@PAUprintbuf@@@Z,default/json_object,40,100.00,100.00,call_arg,stable_divergent,1,BYTE-IDENTICAL body; divergence is reloc-target mocking only -- arg r4 crosses mock regions (rdata->globals)
TIER3_SUSPECT,??1NgMat@@UAA@XZ,default/Mat_NG,40,100.00,100.00,object_memory,stable_divergent,1,"BYTE-IDENTICAL body; divergence is reloc-target mocking only -- 1 object word(s), all cross-region"
TIER3_SUSPECT,?ToString@OnlineID@@QBAPBDXZ,default/OnlineID,40,100.00,100.00,return_value,stable_divergent,1,BYTE-IDENTICAL body; divergence is reloc-target mocking only -- return value differs
TIER3_SUSPECT,??0TourGameRules@@QAA@XZ,default/band3/tour/TourGameRules,40,100.00,100.00,object_memory,stable_divergent,1,"BYTE-IDENTICAL body; divergence is reloc-target mocking only -- 1 object word(s), all cross-region"
TIER3_SUSPECT,??0CacheMgr@@IAA@XZ,default/CacheMgr,40,100.00,100.00,object_memory,stable_divergent,1,"BYTE-IDENTICAL body; divergence is reloc-target mocking only -- 1 object word(s), all cross-region"
TIER3_SUSPECT,??0Biquad@DSP@@QAA@PAM@Z,default/Biquad,36,100.00,100.00,object_memory,stable_divergent,1,"BYTE-IDENTICAL body; divergence is reloc-target mocking only -- 1 object word(s), all cross-region"
TIER3_SUSPECT,??0Job@@QAA@XZ,default/JobMgr,36,100.00,100.00,object_memory,stable_divergent,0,"1 object word(s), all cross-region"
TIER3_SUSPECT,??0SynthPollable@@QAA@XZ,default/Pollable,36,100.00,100.00,object_memory,stable_divergent,1,"BYTE-IDENTICAL body; divergence is reloc-target mocking only -- 1 object word(s), all cross-region"
TIER3_SUSPECT,??0ScrollSelect@@QAA@XZ,default/ScrollSelect,32,100.00,100.00,object_memory,stable_divergent,1,"BYTE-IDENTICAL body; divergence is reloc-target mocking only -- 1 object word(s), all cross-region"
TIER3_SUSPECT,?RootTrans@UIListCustom@@MAAPAVRndTransformable@@XZ,default/UIListCustom,32,100.00,100.00,call_arg,stable_divergent,1,BYTE-IDENTICAL body; divergence is reloc-target mocking only -- arg r5 crosses mock regions (rdata->globals)
TIER3_SUSPECT,?Init@Memcard@@UAAXXZ,default/Memcard,32,100.00,100.00,call_arg,stable_divergent,1,BYTE-IDENTICAL body; divergence is reloc-target mocking only -- arg r4 crosses mock regions (rdata->globals)
TIER3_SUSPECT,?ToString@HxGuid@@QBAPBDXZ,default/HxGuid,32,100.00,100.00,call_arg,stable_divergent,1,BYTE-IDENTICAL body; divergence is reloc-target mocking only -- arg r3 crosses mock regions (rdata->globals)
TIER3_SUSPECT,?NotifyDeleted@XboxContentMgr@@MAAXPAVContent@@@Z,default/ContentMgr_Xbox,32,100.00,100.00,call_arg,stable_divergent,1,BYTE-IDENTICAL body; divergence is reloc-target mocking only -- arg r5 crosses mock regions (rdata->globals)
TIER3_SUSPECT,?Init@VirtualKeyboard@@QAAXXZ,default/VirtualKeyboard,32,100.00,100.00,call_arg,stable_divergent,1,BYTE-IDENTICAL body; divergence is reloc-target mocking only -- arg r4 crosses mock regions (rdata->globals)
TIER3_SUSPECT,??0ATanInterpolator@@QAA@XZ,default/Interp,28,100.00,100.00,object_memory,stable_divergent,1,"BYTE-IDENTICAL body; divergence is reloc-target mocking only -- 2 object word(s), all cross-region"
TIER3_SUSPECT,??1?$CSampleXAPOBase@VSynapseAPO@DSP@@USynapseAPOParams@2@@ATG@@MAA@XZ,default/SynapseAPO,28,100.00,100.00,object_memory,stable_divergent,0,"2 object word(s), all cross-region"
TIER3_SUSPECT,??1?$CSampleXAPOBase@VGainEffect@@UGainEffectParams@@@ATG@@MAA@XZ,default/GainEffect,28,100.00,100.00,object_memory,stable_divergent,1,"BYTE-IDENTICAL body; divergence is reloc-target mocking only -- 2 object word(s), all cross-region"
TIER3_SUSPECT,??1?$CSampleXAPOBase@VHeadsetPlaybackEffect@@UHeadsetPlaybackEffectParams@@@ATG@@MAA@XZ,default/HeadsetPlaybackEffect,28,100.00,100.00,object_memory,stable_divergent,1,"BYTE-IDENTICAL body; divergence is reloc-target mocking only -- 2 object word(s), all cross-region"
TIER3_SUSPECT,??1?$CSampleXAPOBase@VEnvelopeGenerator@@UEnvelopeGeneratorParams@@@ATG@@MAA@XZ,default/EnvelopeGenerator,28,100.00,100.00,object_memory,stable_divergent,1,"BYTE-IDENTICAL body; divergence is reloc-target mocking only -- 2 object word(s), all cross-region"
TIER3_SUSPECT,??1?$CSampleXAPOBase@VPitchShiftEffect@@UPitchShiftEffectParams@@@ATG@@MAA@XZ,default/PitchShiftEffect,28,100.00,100.00,object_memory,stable_divergent,1,"BYTE-IDENTICAL body; divergence is reloc-target mocking only -- 2 object word(s), all cross-region"
TIER3_SUSPECT,??1?$CSampleXAPOBase@VDistortionEffect@@UParams@1@@ATG@@MAA@XZ,default/system/synth_xbox/FxSendDistortion,28,100.00,100.00,object_memory,stable_divergent,1,"BYTE-IDENTICAL body; divergence is reloc-target mocking only -- 2 object word(s), all cross-region"
TIER3_SUSPECT,??1?$CSampleXAPOBase@VFlangerEffect@@UParams@1@@ATG@@MAA@XZ,default/system/synth_xbox/FxSendChorus,28,100.00,100.00,object_memory,stable_divergent,1,"BYTE-IDENTICAL body; divergence is reloc-target mocking only -- 2 object word(s), all cross-region"
TIER3_SUSPECT,??1?$CSampleXAPOBase@VHeadsetXferEffect@@UHeadsetXferEffectParams@@@ATG@@MAA@XZ,default/HeadsetXferEffect,28,100.00,100.00,object_memory,stable_divergent,1,"BYTE-IDENTICAL body; divergence is reloc-target mocking only -- 2 object word(s), all cross-region"
TIER3_SUSPECT,??1?$CSampleXAPOBase@VMeterEffect@@UMeterEffectParams@@@ATG@@MAA@XZ,default/MeterEffect,28,100.00,100.00,object_memory,stable_divergent,1,"BYTE-IDENTICAL body; divergence is reloc-target mocking only -- 2 object word(s), all cross-region"
TIER3_SUSPECT,??0?$ObjDirPtr@VObjectDir@@@@QAA@XZ,default/RhythmDetector,28,100.00,100.00,object_memory,stable_divergent,1,"BYTE-IDENTICAL body; divergence is reloc-target mocking only -- 1 object word(s), all cross-region"
TIER3_SUSPECT,??0BinStream@@QAA@_N@Z,default/BinStream,28,100.00,100.00,object_memory,stable_divergent,1,"BYTE-IDENTICAL body; divergence is reloc-target mocking only -- 1 object word(s), all cross-region"
TIER3_SUSPECT,??0Cache@@QAA@XZ,default/Cache,28,100.00,100.00,object_memory,stable_divergent,1,"BYTE-IDENTICAL body; divergence is reloc-target mocking only -- 1 object word(s), all cross-region"
TIER3_SUSPECT,??__FgHiResScreen@@YAXXZ,default/HiResScreen,28,100.00,100.00,call_arg,stable_divergent,1,BYTE-IDENTICAL body; divergence is reloc-target mocking only -- arg r3 crosses mock regions (rdata->globals)
TIER3_SUSPECT,??1?$CSampleXAPOBase@VEQEffect@@UParams@1@@ATG@@MAA@XZ,default/system/synth_xbox/FxSendEQ,28,100.00,100.00,object_memory,stable_divergent,1,"BYTE-IDENTICAL body; divergence is reloc-target mocking only -- 2 object word(s), all cross-region"
TIER3_SUSPECT,??1?$CSampleXAPOBase@VDelayEffect@@UParams@1@@ATG@@MAA@XZ,default/system/synth_xbox/FxSendDelay,28,100.00,100.00,object_memory,stable_divergent,1,"BYTE-IDENTICAL body; divergence is reloc-target mocking only -- 2 object word(s), all cross-region"
TIER3_SUSPECT,??1?$CSampleXAPOBase@VWahEffect@@UParams@1@@ATG@@MAA@XZ,default/FxSendWah,28,100.00,100.00,object_memory,stable_divergent,1,"BYTE-IDENTICAL body; divergence is reloc-target mocking only -- 2 object word(s), all cross-region"
TIER3_SUSPECT,?ClearLoopPoints@MultiTempoTempoMap@@UAAXXZ,default/MultiTempoTempoMap,28,100.00,100.00,object_memory,stable_divergent,1,"BYTE-IDENTICAL body; divergence is reloc-target mocking only -- 4 object word(s), all cross-region"
TIER3_SUSPECT,??1StoreEnumeration@@UAA@XZ,default/StoreEnumeration,24,100.00,100.00,object_memory,stable_divergent,1,"BYTE-IDENTICAL body; divergence is reloc-target mocking only -- 1 object word(s), all cross-region"
TIER3_SUSPECT,?SignalDecodeThread@VorbisReader@@SAXXZ,default/VorbisReader,24,100.00,100.00,call_count,stable_divergent,1,BYTE-IDENTICAL body; divergence is reloc-target mocking only -- differing NUMBER of calls
TIER3_SUSPECT,??1LightPresetManager@@UAA@XZ,default/LightPresetManager,24,100.00,100.00,object_memory,stable_divergent,1,"BYTE-IDENTICAL body; divergence is reloc-target mocking only -- 1 object word(s), all cross-region"
TIER3_SUSPECT,??1BinStream@@UAA@XZ,default/BinStream,24,100.00,100.00,object_memory,stable_divergent,1,"BYTE-IDENTICAL body; divergence is reloc-target mocking only -- 1 object word(s), all cross-region"
TIER3_SUSPECT,??1MemoryManager@Quazal@@UAA@XZ,default/network/Platform/MemoryManager,24,100.00,100.00,object_memory,stable_divergent,1,"BYTE-IDENTICAL body; divergence is reloc-target mocking only -- 1 object word(s), all cross-region"
TIER3_SUSPECT,??0TrackerPlayerDisplay@@QAA@XZ,default/band3/game/TrackerDisplay,24,100.00,100.00,object_memory,stable_divergent,1,"BYTE-IDENTICAL body; divergence is reloc-target mocking only -- 1 object word(s), all cross-region"
TIER3_SUSPECT,??1Message@@UAA@XZ,default/BandHighlight,24,100.00,100.00,object_memory,stable_divergent,1,"BYTE-IDENTICAL body; divergence is reloc-target mocking only -- 1 object word(s), all cross-region"
TIER3_SUSPECT,??0MidiReceiver@@QAA@XZ,default/system/midi/MidiReceiver,24,100.00,100.00,object_memory,stable_divergent,1,"BYTE-IDENTICAL body; divergence is reloc-target mocking only -- 1 object word(s), all cross-region"
TIER3_SUSPECT,??1TourGameModifier@@UAA@XZ,default/band3/tour/TourGameModifier,24,100.00,100.00,object_memory,stable_divergent,1,"BYTE-IDENTICAL body; divergence is reloc-target mocking only -- 1 object word(s), all cross-region"
TIER3_SUSPECT,?Instance@BandStorePanel@@SAPAV1@XZ,default/band3/meta_band/BandStorePanel,24,100.00,100.00,call_arg,stable_divergent,1,BYTE-IDENTICAL body; divergence is reloc-target mocking only -- arg r4 crosses mock regions (rdata->globals)
TIER3_SUSPECT,??0TourCondition@@QAA@XZ,default/band3/tour/TourCondition,24,100.00,100.00,object_memory,stable_divergent,1,"BYTE-IDENTICAL body; divergence is reloc-target mocking only -- 1 object word(s), all cross-region"
TIER3_SUSPECT,?Reset@CompressionEffect@@QAAXXZ,default/CompressionEffect,20,100.00,100.00,object_memory,stable_divergent,1,"BYTE-IDENTICAL body; divergence is reloc-target mocking only -- 2 object word(s), all cross-region"
TIER3_SUSPECT,?json_object_int_to_json_string@@YAHPAUjson_object@@PAUprintbuf@@@Z,default/json_object,20,100.00,100.00,call_arg,stable_divergent,1,BYTE-IDENTICAL body; divergence is reloc-target mocking only -- arg r4 crosses mock regions (rdata->globals)
TIER3_SUSPECT,??0SingleSlotChannelMapping@@QAA@H@Z,default/system/beatmatch/SlotChannelMapping,20,100.00,100.00,object_memory,stable_divergent,1,"BYTE-IDENTICAL body; divergence is reloc-target mocking only -- 1 object word(s), all cross-region"
TIER3_SUSPECT,??0BandTrackerSource@@QAA@PAVBand@@@Z,default/TrackerSource,20,100.00,100.00,object_memory,stable_divergent,1,"BYTE-IDENTICAL body; divergence is reloc-target mocking only -- 1 object word(s), all cross-region"
TIER3_SUSPECT,??1JoypadTrackWatcherImpl@@UAA@XZ,default/JoypadTrackWatcherImpl,16,100.00,100.00,object_memory,stable_divergent,1,"BYTE-IDENTICAL body; divergence is reloc-target mocking only -- 1 object word(s), all cross-region"
TIER3_SUSPECT,??1BeatMatchController@@UAA@XZ,default/system/beatmatch/JoypadGuitarController,16,100.00,100.00,object_memory,stable_divergent,1,"BYTE-IDENTICAL body; divergence is reloc-target mocking only -- 1 object word(s), all cross-region"
TIER3_SUSPECT,??0BaseSkeleton@@QAA@ABV0@@Z,default/DepthBuffer3D,16,100.00,100.00,object_memory,stable_divergent,1,"BYTE-IDENTICAL body; divergence is reloc-target mocking only -- 1 object word(s), all cross-region"
TIER3_SUSPECT,??1UserMgr@@UAA@XZ,default/UserMgr,16,100.00,100.00,object_memory,stable_divergent,1,"BYTE-IDENTICAL body; divergence is reloc-target mocking only -- 1 object word(s), all cross-region"
TIER3_SUSPECT,??0PostProcessor@@QAA@XZ,default/PostProc,16,100.00,100.00,object_memory,stable_divergent,1,"BYTE-IDENTICAL body; divergence is reloc-target mocking only -- 1 object word(s), all cross-region"
TIER3_SUSPECT,??1User@@UAA@XZ,default/User,16,100.00,100.00,object_memory,stable_divergent,1,"BYTE-IDENTICAL body; divergence is reloc-target mocking only -- 1 object word(s), all cross-region"
TIER3_SUSPECT,??1FIFOProcessor@soundtouch@@MAA@XZ,default/SoundTouch,16,100.00,100.00,object_memory,stable_divergent,1,"BYTE-IDENTICAL body; divergence is reloc-target mocking only -- 1 object word(s), all cross-region"
TIER3_SUSPECT,??1StreamReceiver@@UAA@XZ,default/StreamReceiver,16,100.00,100.00,object_memory,stable_divergent,1,"BYTE-IDENTICAL body; divergence is reloc-target mocking only -- 1 object word(s), all cross-region"
TIER3_SUSPECT,??1SynthPollable@@UAA@XZ,default/Pollable,16,100.00,100.00,object_memory,stable_divergent,1,"BYTE-IDENTICAL body; divergence is reloc-target mocking only -- 1 object word(s), all cross-region"
TIER3_SUSPECT,??1DataArraySongInfo@@UAA@XZ,default/DataArraySongInfo,16,100.00,100.00,object_memory,stable_divergent,1,"BYTE-IDENTICAL body; divergence is reloc-target mocking only -- 1 object word(s), all cross-region"
TIER3_SUSPECT,??1__non_rtti_object@std@@UAA@XZ,default/rtti,16,100.00,100.00,object_memory,stable_divergent,1,"BYTE-IDENTICAL body; divergence is reloc-target mocking only -- 1 object word(s), all cross-region"
TIER3_SUSPECT,??1FxSendReverb@@UAA@XZ,default/system/synth/FxSendReverb,16,100.00,100.00,object_memory,stable_divergent,1,"BYTE-IDENTICAL body; divergence is reloc-target mocking only -- 1 object word(s), all cross-region"
TIER3_SUSPECT,??1FxSendCompress@@UAA@XZ,default/system/synth/FxSendCompress,16,100.00,100.00,object_memory,stable_divergent,1,"BYTE-IDENTICAL body; divergence is reloc-target mocking only -- 1 object word(s), all cross-region"
TIER3_SUSPECT,??1FxSendEQ@@UAA@XZ,default/system/synth/FxSendEQ,16,100.00,100.00,object_memory,stable_divergent,1,"BYTE-IDENTICAL body; divergence is reloc-target mocking only -- 1 object word(s), all cross-region"
TIER3_SUSPECT,??1FxSendDistortion@@UAA@XZ,default/system/synth/FxSendDistortion,16,100.00,100.00,object_memory,stable_divergent,1,"BYTE-IDENTICAL body; divergence is reloc-target mocking only -- 1 object word(s), all cross-region"
TIER3_SUSPECT,??1Cache@@UAA@XZ,default/Cache,16,100.00,100.00,object_memory,stable_divergent,1,"BYTE-IDENTICAL body; divergence is reloc-target mocking only -- 1 object word(s), all cross-region"
TIER3_SUSPECT,??1DOFProc@@UAA@XZ,default/DOFProc,16,100.00,100.00,object_memory,stable_divergent,1,"BYTE-IDENTICAL body; divergence is reloc-target mocking only -- 1 object word(s), all cross-region"
TIER3_SUSPECT,?DebugText@DirUnloader@@UAAPBDXZ,default/DirUnloader,16,100.00,100.00,call_arg,stable_divergent,1,BYTE-IDENTICAL body; divergence is reloc-target mocking only -- arg r3 crosses mock regions (rdata->globals)
TIER3_SUSPECT,??1bad_alloc@std@@UAA@XZ,default/Accomplishment,16,100.00,100.00,object_memory,stable_divergent,1,"BYTE-IDENTICAL body; divergence is reloc-target mocking only -- 1 object word(s), all cross-region"
TIER3_SUSPECT,??0Callback@Leaderboard@@QAA@XZ,default/band3/meta_band/CampaignGoalsLeaderboardPanel,16,100.00,100.00,object_memory,stable_divergent,1,"BYTE-IDENTICAL body; divergence is reloc-target mocking only -- 1 object word(s), all cross-region"
TIER3_SUSPECT,??0TrackerBandDisplay@@QAA@XZ,default/band3/game/TrackerDisplay,16,100.00,100.00,object_memory,stable_divergent,1,"BYTE-IDENTICAL body; divergence is reloc-target mocking only -- 1 object word(s), all cross-region"
TIER3_SUSPECT,??0TrackerBroadcastDisplay@@QAA@XZ,default/band3/game/TrackerDisplay,16,100.00,100.00,object_memory,stable_divergent,1,"BYTE-IDENTICAL body; divergence is reloc-target mocking only -- 1 object word(s), all cross-region"
TIER3_SUSPECT,??1LeafSortNode@@UAA@XZ,default/band3/meta_band/SongSort,16,100.00,100.00,object_memory,stable_divergent,1,"BYTE-IDENTICAL body; divergence is reloc-target mocking only -- 1 object word(s), all cross-region"
TIER3_SUSPECT,??1StatMemberTracker@@UAA@XZ,default/band3/game/StatMemberTracker,16,100.00,100.00,object_memory,stable_divergent,1,"BYTE-IDENTICAL body; divergence is reloc-target mocking only -- 1 object word(s), all cross-region"
TIER3_SUSPECT,??0TrackerDisplay@@QAA@ABV0@@Z,default/band3/game/Tracker,16,100.00,100.00,object_memory,stable_divergent,1,"BYTE-IDENTICAL body; divergence is reloc-target mocking only -- 1 object word(s), all cross-region"
TIER3_SUSPECT,??0TrackWidgetImpBase@@QAA@XZ,default/TrackWidget,16,100.00,100.00,object_memory,stable_divergent,1,"BYTE-IDENTICAL body; divergence is reloc-target mocking only -- 1 object word(s), all cross-region"
TIER3_SUSPECT,??0BeatMatchControllerSink@@QAA@XZ,default/FreestylePanel,16,100.00,100.00,object_memory,stable_divergent,1,"BYTE-IDENTICAL body; divergence is reloc-target mocking only -- 1 object word(s), all cross-region"
TIER3_SUSPECT,??1BaseGuitarTrackWatcherImpl@@UAA@XZ,default/BaseGuitarTrackWatcherImpl,16,100.00,100.00,object_memory,stable_divergent,1,"BYTE-IDENTICAL body; divergence is reloc-target mocking only -- 1 object word(s), all cross-region"
TIER3_SUSPECT,??1FxSendDelay@@UAA@XZ,default/system/synth/FxSendDelay,16,100.00,100.00,object_memory,stable_divergent,1,"BYTE-IDENTICAL body; divergence is reloc-target mocking only -- 1 object word(s), all cross-region"
TIER3_SUSPECT,??0HitSink@@QAA@XZ,default/band3/game/HitTracker,16,100.00,100.00,object_memory,stable_divergent,1,"BYTE-IDENTICAL body; divergence is reloc-target mocking only -- 1 object word(s), all cross-region"
TIER3_SUSPECT,??0SlotChannelMapping@@QAA@XZ,default/system/beatmatch/SlotChannelMapping,16,100.00,100.00,object_memory,stable_divergent,1,"BYTE-IDENTICAL body; divergence is reloc-target mocking only -- 1 object word(s), all cross-region"
TIER3_SUSPECT,?DebugText@FileLoader@@UAAPBDXZ,default/Loader,16,100.00,100.00,call_arg,stable_divergent,1,BYTE-IDENTICAL body; divergence is reloc-target mocking only -- arg r3 crosses mock regions (rdata->globals)
TIER3_SUSPECT,??1TrackerSource@@UAA@XZ,default/TrackerSource,16,100.00,100.00,object_memory,stable_divergent,1,"BYTE-IDENTICAL body; divergence is reloc-target mocking only -- 1 object word(s), all cross-region"
TIER3_SUSPECT,??1TourCondition@@UAA@XZ,default/band3/tour/TourCondition,16,100.00,100.00,object_memory,stable_divergent,1,"BYTE-IDENTICAL body; divergence is reloc-target mocking only -- 1 object word(s), all cross-region"
TIER3_SUSPECT,??1AccomplishmentSongConditional@@UAA@XZ,default/AccomplishmentSongConditional,16,100.00,100.00,object_memory,stable_divergent,1,"BYTE-IDENTICAL body; divergence is reloc-target mocking only -- 1 object word(s), all cross-region"
TIER3_SUSPECT,?Copy@CharSleeve@@$4PPPPPPPM@A@AAXPBVObject@Hmx@@W4CopyType@23@@Z,default/CharSleeve,12,100.00,100.00,call_arg,stable_divergent,1,BYTE-IDENTICAL body; divergence is reloc-target mocking only -- arg r5 crosses mock regions (rdata->globals)
TIER3_SUSPECT,?Copy@CharClipSet@@$4PPPPPPPM@A@AAXPBVObject@Hmx@@W4CopyType@23@@Z,default/CharClipSet,12,100.00,100.00,call_arg,stable_divergent,1,BYTE-IDENTICAL body; divergence is reloc-target mocking only -- arg r5 crosses mock regions (rdata->globals)
TIER3_SUSPECT,?Copy@CharForeTwist@@$4PPPPPPPM@A@AAXPBVObject@Hmx@@W4CopyType@23@@Z,default/CharForeTwist,12,100.00,100.00,call_arg,stable_divergent,1,BYTE-IDENTICAL body; divergence is reloc-target mocking only -- arg r5 crosses mock regions (rdata->globals)
TIER3_SUSPECT,?GetEnabledKeyCheats@@YA_NXZ,default/Cheats,12,100.00,100.00,return_value,stable_divergent,1,BYTE-IDENTICAL body; divergence is reloc-target mocking only -- return value differs
TIER3_SUSPECT,?Name@BinStream@@UBAPBDXZ,default/BinStream,12,100.00,100.00,return_value,stable_divergent,1,BYTE-IDENTICAL body; divergence is reloc-target mocking only -- return value differs
TIER3_SUSPECT,?MidiFile@FakeSongMgr@@SAPBDPBVSongInfo@@@Z,default/FakeSongMgr,12,100.00,100.00,call_arg,stable_divergent,1,BYTE-IDENTICAL body; divergence is reloc-target mocking only -- arg r4 crosses mock regions (rdata->globals)
TIER3_SUSPECT,?Copy@CharGuitarString@@$4PPPPPPPM@A@AAXPBVObject@Hmx@@W4CopyType@23@@Z,default/CharGuitarString,12,100.00,100.00,call_arg,stable_divergent,0,arg r5 crosses mock regions (rdata->globals)
TIER3_SUSPECT,?Load@CharGuitarString@@$4PPPPPPPM@A@AAXAAVBinStream@@@Z,default/CharGuitarString,12,100.00,100.00,error,stable_divergent,1,BYTE-IDENTICAL body; divergence is reloc-target mocking only -- our side errors: 
TIER3_SUSPECT,?Copy@CharIKFoot@@$4PPPPPPPM@A@AAXPBVObject@Hmx@@W4CopyType@23@@Z,default/CharIKFoot,12,100.00,100.00,call_arg,stable_divergent,1,BYTE-IDENTICAL body; divergence is reloc-target mocking only -- arg r5 crosses mock regions (rdata->globals)
TIER3_SUSPECT,?SetName@CharIKFoot@@$4PPPPPPPM@A@AAXPBDPAVObjectDir@@@Z,default/CharIKFoot,12,100.00,100.00,call_arg,stable_divergent,1,BYTE-IDENTICAL body; divergence is reloc-target mocking only -- arg r5 crosses mock regions (rdata->globals)
TIER3_SUSPECT,?Copy@CharNeckTwist@@$4PPPPPPPM@A@AAXPBVObject@Hmx@@W4CopyType@23@@Z,default/CharNeckTwist,12,100.00,100.00,call_arg,stable_divergent,0,arg r5 crosses mock regions (rdata->globals)
TIER3_SUSPECT,?StateName@Loader@@UBAPBDXZ,default/DirUnloader,12,100.00,100.00,return_value,stable_divergent,1,BYTE-IDENTICAL body; divergence is reloc-target mocking only -- return value differs
TIER3_SUSPECT,?SetTypeDef@MoviePanel@@$4PPPPPPPM@A@AAXPAVDataArray@@@Z,default/MoviePanel,12,100.00,100.00,call_arg,stable_divergent,0,arg r4 crosses mock regions (rdata->globals)
TIER3_SUSPECT,?GetAlbumArtPath@StoreSongSortNode@@UAAPBDXZ,default/band3/meta_band/StoreSongSortNode,12,100.00,100.00,return_value,stable_divergent,1,BYTE-IDENTICAL body; divergence is reloc-target mocking only -- return value differs
TIER3_SUSPECT,?GetLocalBandUser@LocalBandUser@@$4PPPPPPPM@A@AAPAV1@XZ,default/BandUser,12,100.00,100.00,call_count,stable_divergent,1,BYTE-IDENTICAL body; divergence is reloc-target mocking only -- differing NUMBER of calls
TIER3_SUSPECT,?StateName@BeatMasterLoader@@UBAPBDXZ,default/system/beatmatch/BeatMaster,12,100.00,100.00,return_value,stable_divergent,1,BYTE-IDENTICAL body; divergence is reloc-target mocking only -- return value differs
TIER3_SUSPECT,?Copy@BandHighlight@@$4PPPPPPPM@A@AAXPBVObject@Hmx@@W4CopyType@23@@Z,default/BandHighlight,12,100.00,100.00,call_arg,stable_divergent,1,BYTE-IDENTICAL body; divergence is reloc-target mocking only -- arg r5 crosses mock regions (rdata->globals)
TIER3_SUSPECT,?Begin@StreamChecksumValidator@@QAA_NPBD_N@Z,default/StreamChecksum,12,100.00,100.00,call_arg,stable_divergent,1,BYTE-IDENTICAL body; divergence is reloc-target mocking only -- arg r3 crosses mock regions (rdata->globals)
TIER3_SUSPECT,?Load@RndCamAnim@@$4PPPPPPPM@A@AAXAAVBinStream@@@Z,default/CamAnim,12,100.00,100.00,wild_jump_match,stable_divergent,1,BYTE-IDENTICAL body; divergence is reloc-target mocking only -- wild_jump_match
TIER3_SUSPECT,?Copy@CharIKMidi@@$4PPPPPPPM@A@AAXPBVObject@Hmx@@W4CopyType@23@@Z,default/CharIKMidi,12,100.00,100.00,call_arg,stable_divergent,1,BYTE-IDENTICAL body; divergence is reloc-target mocking only -- arg r5 crosses mock regions (rdata->globals)
TIER3_SUSPECT,?Copy@MicInputArrow@@$4PPPPPPPM@A@AAXPBVObject@Hmx@@W4CopyType@23@@Z,default/MicInputArrow,12,100.00,100.00,call_arg,stable_divergent,1,BYTE-IDENTICAL body; divergence is reloc-target mocking only -- arg r5 crosses mock regions (rdata->globals)
TIER3_SUSPECT,?PreLoad@MiniLeaderboardDisplay@@$4PPPPPPPM@A@AAXAAVBinStream@@@Z,default/system/hamobj/MiniLeaderboardDisplay,12,100.00,100.00,call_count,stable_divergent,1,BYTE-IDENTICAL body; divergence is reloc-target mocking only -- differing NUMBER of calls
TIER3_SUSPECT,?Copy@DialogDisplay@@$4PPPPPPPM@A@AAXPBVObject@Hmx@@W4CopyType@23@@Z,default/system/bandobj/DialogDisplay,12,100.00,100.00,call_arg,stable_divergent,1,BYTE-IDENTICAL body; divergence is reloc-target mocking only -- arg r5 crosses mock regions (rdata->globals)
TIER3_SUSPECT,?Copy@CharBonesBlender@@$4PPPPPPPM@A@AAXPBVObject@Hmx@@W4CopyType@23@@Z,default/CharBonesBlender,12,100.00,100.00,call_arg,stable_divergent,1,BYTE-IDENTICAL body; divergence is reloc-target mocking only -- arg r5 crosses mock regions (rdata->globals)
TIER3_SUSPECT,?Load@CharCuff@@$4PPPPPPPM@A@AAXAAVBinStream@@@Z,default/CharCuff,12,100.00,100.00,wild_jump_match,stable_divergent,1,BYTE-IDENTICAL body; divergence is reloc-target mocking only -- wild_jump_match
TIER3_SUSPECT,?Copy@RndDrawable@@$4PPPPPPPM@A@AAXPBVObject@Hmx@@W4CopyType@23@@Z,default/Draw,12,100.00,100.00,call_arg,stable_divergent,1,BYTE-IDENTICAL body; divergence is reloc-target mocking only -- arg r5 crosses mock regions (rdata->globals)
TIER3_SUSPECT,?Copy@PracticeSection@@$4PPPPPPPM@A@AAXPBVObject@Hmx@@W4CopyType@23@@Z,default/PracticeSection,12,100.00,100.00,error,stable_divergent,1,BYTE-IDENTICAL body; divergence is reloc-target mocking only -- our side errors: 
TIER3_SUSPECT,?Load@PracticeSection@@$4PPPPPPPM@A@AAXAAVBinStream@@@Z,default/PracticeSection,12,100.00,100.00,error,stable_divergent,1,BYTE-IDENTICAL body; divergence is reloc-target mocking only -- our side errors: 
TIER3_SUSPECT,?Save@PracticeSection@@$4PPPPPPPM@A@AAXAAVBinStream@@@Z,default/PracticeSection,12,100.00,100.00,error,stable_divergent,1,BYTE-IDENTICAL body; divergence is reloc-target mocking only -- our side errors: 
TIER3_SUSPECT,?Copy@RndPartLauncher@@$4PPPPPPPM@A@AAXPBVObject@Hmx@@W4CopyType@23@@Z,default/PartLauncher,12,100.00,100.00,call_arg,stable_divergent,1,BYTE-IDENTICAL body; divergence is reloc-target mocking only -- arg r5 crosses mock regions (rdata->globals)
TIER3_SUSPECT,?Copy@CharPosConstraint@@$4PPPPPPPM@A@AAXPBVObject@Hmx@@W4CopyType@23@@Z,default/CharPosConstraint,12,100.00,100.00,call_arg,stable_divergent,1,BYTE-IDENTICAL body; divergence is reloc-target mocking only -- arg r5 crosses mock regions (rdata->globals)
TIER3_SUSPECT,?Copy@CharBoneOffset@@$4PPPPPPPM@A@AAXPBVObject@Hmx@@W4CopyType@23@@Z,default/CharBoneOffset,12,100.00,100.00,call_arg,stable_divergent,1,BYTE-IDENTICAL body; divergence is reloc-target mocking only -- arg r5 crosses mock regions (rdata->globals)
TIER3_SUSPECT,?Load@RndEnvAnim@@$4PPPPPPPM@A@AAXAAVBinStream@@@Z,default/EnvAnim,12,100.00,100.00,wild_jump_match,stable_divergent,1,BYTE-IDENTICAL body; divergence is reloc-target mocking only -- wild_jump_match
TIER3_SUSPECT,?PostLoad@UIProxy@@$4PPPPPPPM@A@AAXAAVBinStream@@@Z,default/system/ui/UIProxy,12,100.00,100.00,wild_jump_match,stable_divergent,1,BYTE-IDENTICAL body; divergence is reloc-target mocking only -- wild_jump_match
TIER3_SUSPECT,??2CriticalSection@@SAPAXI@Z,default/MemMgr,8,100.00,100.00,call_count,stable_divergent,1,BYTE-IDENTICAL body; divergence is reloc-target mocking only -- differing NUMBER of calls
TIER3_SUSPECT,?Handle@GameConfig@@UAA?AVDataNode@@PAVDataArray@@_N@Z,default/GameConfig,1488,100.00,100.00,call_arg,input_sensitive,0,arg r4 crosses mock regions (rdata->globals)
TIER3_SUSPECT,?Handle@StoreSongSortNode@@UAA?AVDataNode@@PAVDataArray@@_N@Z,default/band3/meta_band/StoreSongSortNode,416,100.00,100.00,call_arg,input_sensitive,0,arg r4 crosses mock regions (rdata->globals)
TIER3_SUSPECT,?DelayReturn@Player@@QAAX_N@Z,default/band3/game/Player,392,100.00,100.00,error,input_sensitive,1,BYTE-IDENTICAL body; divergence is reloc-target mocking only -- our side errors: 
TIER3_SUSPECT,?Poll@FadePanel@@UAAXXZ,default/band3/game/FadePanel,320,100.00,100.00,object_memory,input_sensitive,1,"BYTE-IDENTICAL body; divergence is reloc-target mocking only -- 1 object word(s), all cross-region"
TIER3_SUSPECT,?GetFileName@StoreMenuProvider@@QAAPBDH@Z,default/band3/meta_band/StoreMenuProvider,316,100.00,100.00,call_arg,input_sensitive,0,arg r4 crosses mock regions (rdata->globals)
TIER3_SUSPECT,?Handle@RndPartLauncher@@UAA?AVDataNode@@PAVDataArray@@_N@Z,default/PartLauncher,284,100.00,100.00,call_arg,input_sensitive,0,arg r4 crosses mock regions (rdata->globals)
TIER3_SUSPECT,??1BeatMaster@@UAA@XZ,default/system/beatmatch/BeatMaster,272,100.00,100.00,object_memory,input_sensitive,0,"2 object word(s), all cross-region"
TIER3_SUSPECT,?Enter@UIPanel@@UAAXXZ,default/UIPanel,264,100.00,100.00,call_arg,input_sensitive,0,arg r4 crosses mock regions (rdata->globals)
TIER3_SUSPECT,?UpdateDir@UIProxy@@QAAXXZ,default/system/ui/UIProxy,256,100.00,100.00,call_arg,input_sensitive,1,BYTE-IDENTICAL body; divergence is reloc-target mocking only -- arg r4 crosses mock regions (rdata->globals)
TIER3_SUSPECT,?Terminate@BandHeadShaper@@SAXXZ,default/system/bandobj/BandHeadShaper,204,100.00,100.00,call_arg,input_sensitive,1,BYTE-IDENTICAL body; divergence is reloc-target mocking only -- arg r3 crosses mock regions (rdata->globals)
TIER3_SUSPECT,?PreInit@NgRnd@@UAAXXZ,default/Env_NG,200,100.00,100.00,call_arg,input_sensitive,1,BYTE-IDENTICAL body; divergence is reloc-target mocking only -- arg r4 crosses mock regions (rdata->globals)
TIER3_SUSPECT,??1Tracker@@UAA@XZ,default/band3/game/Tracker,192,100.00,100.00,object_memory,input_sensitive,0,"1 object word(s), all cross-region"
TIER3_SUSPECT,?GetAlbum@StoreSongSortNode@@UBAPBDXZ,default/band3/meta_band/StoreSongSortNode,188,100.00,100.00,call_arg,input_sensitive,0,arg r4 crosses mock regions (rdata->globals)
TIER3_SUSPECT,?GetArtist@StoreSongSortNode@@UBAPBDXZ,default/band3/meta_band/StoreSongSortNode,188,100.00,100.00,call_arg,input_sensitive,0,arg r4 crosses mock regions (rdata->globals)
TIER3_SUSPECT,?OnSynchronized@TourPerformerRemote@@UAAXI@Z,default/band3/tour/TourPerformerRemote,188,100.00,100.00,call_arg,input_sensitive,0,arg r4 crosses mock regions (rdata->globals)
TIER3_SUSPECT,??1FreestylePanel@@UAA@XZ,default/FreestylePanel,172,100.00,100.00,object_memory,input_sensitive,0,"2 object word(s), all cross-region"
TIER3_SUSPECT,?UnisonHit@Player@@QAAXXZ,default/band3/game/Player,168,100.00,100.00,call_arg,input_sensitive,1,BYTE-IDENTICAL body; divergence is reloc-target mocking only -- arg r3 crosses mock regions (rdata->globals)
TIER3_SUSPECT,??1PitchShiftEffect@@UAA@XZ,default/PitchShiftEffect,152,100.00,100.00,object_memory,input_sensitive,0,"2 object word(s), all cross-region"
TIER3_SUSPECT,??1FileStream@@UAA@XZ,default/FileStream,152,100.00,100.00,object_memory,input_sensitive,0,"1 object word(s), all cross-region"
TIER3_SUSPECT,?SetEditMode@LoadMgr@@QAAX_N@Z,default/Loader,152,100.00,100.00,call_arg,input_sensitive,0,arg r4 crosses mock regions (rdata->globals)
TIER3_SUSPECT,??1SoundTouch@soundtouch@@UAA@XZ,default/SoundTouch,144,100.00,100.00,object_memory,input_sensitive,1,"BYTE-IDENTICAL body; divergence is reloc-target mocking only -- 1 object word(s), all cross-region"
TIER3_SUSPECT,?FinishLoad@CreditsPanel@@EAAXXZ,default/CreditsPanel,140,100.00,100.00,call_arg,input_sensitive,1,BYTE-IDENTICAL body; divergence is reloc-target mocking only -- arg r4 crosses mock regions (rdata->globals)
TIER3_SUSPECT,??1NetStream@@UAA@XZ,default/JoypadMsgs,136,100.00,100.00,object_memory,input_sensitive,0,"1 object word(s), all cross-region"
TIER3_SUSPECT,??1TextFile@@UAA@XZ,default/DataUtl,132,100.00,100.00,object_memory,input_sensitive,0,"2 object word(s), all cross-region"
TIER3_SUSPECT,??1UIListLabelElement@@UAA@XZ,default/UIListHighlight,128,100.00,100.00,object_memory,input_sensitive,1,"BYTE-IDENTICAL body; divergence is reloc-target mocking only -- 1 object word(s), all cross-region"
TIER3_SUSPECT,??1RndTex@@UAA@XZ,default/Tex,124,100.00,100.00,object_memory,input_sensitive,0,"1 object word(s), all cross-region"
TIER3_SUSPECT,??1UIListSlot@@UAA@XZ,default/UIListSlot,124,100.00,100.00,object_memory,input_sensitive,0,"1 object word(s), all cross-region"
TIER3_SUSPECT,?Replace@?$ObjPtr@VRndAnimatable@@@@UAAXPAVObjRef@@PAVObject@Hmx@@@Z,default/CrowdMeterIcon,120,100.00,100.00,call_arg,input_sensitive,1,BYTE-IDENTICAL body; divergence is reloc-target mocking only -- arg r5 crosses mock regions (rdata->globals)
TIER3_SUSPECT,?Replace@?$ObjPtr@VHamCharacter@@@@UAAXPAVObjRef@@PAVObject@Hmx@@@Z,default/HamIKSkeleton,120,100.00,100.00,call_arg,input_sensitive,1,BYTE-IDENTICAL body; divergence is reloc-target mocking only -- arg r5 crosses mock regions (rdata->globals)
TIER3_SUSPECT,?UpdateCurrentValueLabel@AccuracyTracker@@UBAXAAVUILabel@@@Z,default/AccuracyTracker,120,100.00,100.00,call_arg,input_sensitive,0,arg r4 crosses mock regions (rdata->globals)
TIER3_SUSPECT,?Replace@?$ObjPtr@VRndMultiMesh@@@@UAAXPAVObjRef@@PAVObject@Hmx@@@Z,default/PartLauncher,120,100.00,100.00,call_arg,input_sensitive,1,BYTE-IDENTICAL body; divergence is reloc-target mocking only -- arg r5 crosses mock regions (rdata->globals)
TIER3_SUSPECT,?Replace@?$ObjPtr@VRndParticleSys@@@@UAAXPAVObjRef@@PAVObject@Hmx@@@Z,default/PartLauncher,120,100.00,100.00,call_arg,input_sensitive,1,BYTE-IDENTICAL body; divergence is reloc-target mocking only -- arg r5 crosses mock regions (rdata->globals)
TIER3_SUSPECT,?Replace@?$ObjPtr@VUnisonIcon@@@@UAAXPAVObjRef@@PAVObject@Hmx@@@Z,default/EndingBonus,120,100.00,100.00,call_arg,input_sensitive,1,BYTE-IDENTICAL body; divergence is reloc-target mocking only -- arg r5 crosses mock regions (rdata->globals)
TIER3_SUSPECT,?Replace@?$ObjPtr@VBandList@@@@UAAXPAVObjRef@@PAVObject@Hmx@@@Z,default/ScrollbarDisplay,120,100.00,100.00,call_arg,input_sensitive,1,BYTE-IDENTICAL body; divergence is reloc-target mocking only -- arg r5 crosses mock regions (rdata->globals)
TIER3_SUSPECT,??1NetLoaderXbox@@UAA@XZ,default/NetLoader_Xbox,116,100.00,100.00,object_memory,input_sensitive,0,"1 object word(s), all cross-region"
TIER3_SUSPECT,??1RndSoftParticleBuffer@@UAA@XZ,default/SoftParticleBuffer,112,100.00,100.00,object_memory,input_sensitive,0,"2 object word(s), all cross-region"
TIER3_SUSPECT,??1UIListCustomElement@@UAA@XZ,default/UIListCustom,112,100.00,100.00,object_memory,input_sensitive,1,"BYTE-IDENTICAL body; divergence is reloc-target mocking only -- 1 object word(s), all cross-region"
TIER3_SUSPECT,?UpdateCurrentValueLabel@OverdriveTimeTracker@@UBAXAAVUILabel@@@Z,default/OverdriveTimeTracker,112,100.00,100.00,call_arg,input_sensitive,0,arg r4 crosses mock regions (rdata->globals)
TIER3_SUSPECT,??_DSynthEmitter@@QAAXXZ,default/Emitter,108,100.00,100.00,object_memory,input_sensitive,1,"BYTE-IDENTICAL body; divergence is reloc-target mocking only -- 5 object word(s), all cross-region"
TIER3_SUSPECT,??1MetaMusicManager@@UAA@XZ,default/MoviePanel,108,100.00,100.00,object_memory,input_sensitive,0,"1 object word(s), all cross-region"
TIER3_SUSPECT,??0StoreSongSortNode@@QAA@PAVSongSortCmp@@PAVStoreOffer@@@Z,default/band3/meta_band/StoreSongSortNode,108,100.00,100.00,call_arg,input_sensitive,0,arg r4 crosses mock regions (rdata->globals)
TIER3_SUSPECT,??_DTrackWidget@@QAAXXZ,default/TrackWidget,108,100.00,100.00,object_memory,input_sensitive,1,"BYTE-IDENTICAL body; divergence is reloc-target mocking only -- 3 object word(s), all cross-region"
TIER3_SUSPECT,?ConfigureTrackerSpecificData@PerfectOverdriveTracker@@UAAXPBVDataArray@@@Z,default/band3/game/PerfectOverdriveTracker,108,100.00,100.00,call_arg,input_sensitive,0,arg r4 crosses mock regions (rdata->globals)
TIER3_SUSPECT,??_DBandButton@@QAAXXZ,default/system/bandobj/BandButton,108,100.00,100.00,object_memory,input_sensitive,1,"BYTE-IDENTICAL body; divergence is reloc-target mocking only -- 5 object word(s), all cross-region"
TIER3_SUSPECT,??1SongMetadata@@UAA@XZ,default/SongMetadata,108,100.00,100.00,object_memory,input_sensitive,0,"1 object word(s), all cross-region"
TIER3_SUSPECT,?OnSetEditMode@@YA?AVDataNode@@PAVDataArray@@@Z,default/Loader,100,100.00,100.00,call_arg,input_sensitive,1,BYTE-IDENTICAL body; divergence is reloc-target mocking only -- arg r4 crosses mock regions (rdata->globals)
TIER3_SUSPECT,?Replace@?$ObjPtr@VRndCubeTex@@@@UAAXPAVObjRef@@PAVObject@Hmx@@@Z,default/BaseMaterial,96,100.00,100.00,call_arg,input_sensitive,1,BYTE-IDENTICAL body; divergence is reloc-target mocking only -- arg r5 crosses mock regions (rdata->globals)
TIER3_SUSPECT,?Replace@?$ObjPtr@VRndFur@@@@UAAXPAVObjRef@@PAVObject@Hmx@@@Z,default/BaseMaterial,96,100.00,100.00,call_arg,input_sensitive,1,BYTE-IDENTICAL body; divergence is reloc-target mocking only -- arg r5 crosses mock regions (rdata->globals)
TIER3_SUSPECT,?Replace@?$ObjPtr@VCharLipSync@@@@UAAXPAVObjRef@@PAVObject@Hmx@@@Z,default/CharLipSyncDriver,96,100.00,100.00,call_arg,input_sensitive,1,BYTE-IDENTICAL body; divergence is reloc-target mocking only -- arg r5 crosses mock regions (rdata->globals)
TIER3_SUSPECT,?UserName@Track@@UBAPBDXZ,default/band3/bandtrack/Track,96,100.00,100.00,return_value,input_sensitive,1,BYTE-IDENTICAL body; divergence is reloc-target mocking only -- return value differs
TIER3_SUSPECT,?Replace@?$ObjPtr@VCharEyeDartRuleset@@@@UAAXPAVObjRef@@PAVObject@Hmx@@@Z,default/CharInterest,96,100.00,100.00,call_arg,input_sensitive,1,BYTE-IDENTICAL body; divergence is reloc-target mocking only -- arg r5 crosses mock regions (rdata->globals)
TIER3_SUSPECT,?Replace@?$ObjPtr@VCharBone@@@@UAAXPAVObjRef@@PAVObject@Hmx@@@Z,default/CharBone,96,100.00,100.00,call_arg,input_sensitive,1,BYTE-IDENTICAL body; divergence is reloc-target mocking only -- arg r5 crosses mock regions (rdata->globals)
TIER3_SUSPECT,?Replace@?$ObjPtr@VTask@@@@UAAXPAVObjRef@@PAVObject@Hmx@@@Z,default/EndingBonus,96,100.00,100.00,call_arg,input_sensitive,1,BYTE-IDENTICAL body; divergence is reloc-target mocking only -- arg r5 crosses mock regions (rdata->globals)
TIER3_SUSPECT,??5@YAAAVBinStream@@AAV0@AAVFilePath@@@Z,default/FilePath,92,100.00,100.00,call_arg,input_sensitive,1,BYTE-IDENTICAL body; divergence is reloc-target mocking only -- arg r4 crosses mock regions (rdata->globals)
TIER3_SUSPECT,??_DAppMiniLeaderboardDisplay@@QAAXXZ,default/band3/meta_band/AppMiniLeaderboardDisplay,92,100.00,100.00,call_count,input_sensitive,1,BYTE-IDENTICAL body; divergence is reloc-target mocking only -- differing NUMBER of calls
TIER3_SUSPECT,?GetMatName@TubePlate@@QAA?AVString@@XZ,default/NoteTube,92,100.00,100.00,call_arg,input_sensitive,1,BYTE-IDENTICAL body; divergence is reloc-target mocking only -- arg r4 crosses mock regions (rdata->globals)
TIER3_SUSPECT,??_GFreestylePanel@@UAAPAXI@Z,default/FreestylePanel,84,100.00,100.00,object_memory,input_sensitive,1,"BYTE-IDENTICAL body; divergence is reloc-target mocking only -- 2 object word(s), all cross-region"
TIER3_SUSPECT,??1StreamPlayer@@UAA@XZ,default/StreamPlayer,80,100.00,100.00,object_memory,input_sensitive,0,"1 object word(s), all cross-region"
TIER3_SUSPECT,??_GTrackWidget@@UAAPAXI@Z,default/TrackWidget,80,100.00,100.00,object_memory,input_sensitive,1,"BYTE-IDENTICAL body; divergence is reloc-target mocking only -- 2 object word(s), all cross-region"
TIER3_SUSPECT,??_GPitchShiftEffect@@UAAPAXI@Z,default/PitchShiftEffect,76,100.00,100.00,object_memory,input_sensitive,1,"BYTE-IDENTICAL body; divergence is reloc-target mocking only -- 2 object word(s), all cross-region"
TIER3_SUSPECT,??_GFileStream@@UAAPAXI@Z,default/FileStream,76,100.00,100.00,object_memory,input_sensitive,1,"BYTE-IDENTICAL body; divergence is reloc-target mocking only -- 1 object word(s), all cross-region"
TIER3_SUSPECT,??_GRndSoftParticleBuffer@@UAAPAXI@Z,default/SoftParticleBuffer,76,100.00,100.00,object_memory,input_sensitive,1,"BYTE-IDENTICAL body; divergence is reloc-target mocking only -- 2 object word(s), all cross-region"
TIER3_SUSPECT,??_GStreamPlayer@@UAAPAXI@Z,default/StreamPlayer,76,100.00,100.00,object_memory,input_sensitive,1,"BYTE-IDENTICAL body; divergence is reloc-target mocking only -- 1 object word(s), all cross-region"
TIER3_SUSPECT,??_GTextFile@@UAAPAXI@Z,default/DataUtl,76,100.00,100.00,object_memory,input_sensitive,1,"BYTE-IDENTICAL body; divergence is reloc-target mocking only -- 2 object word(s), all cross-region"
TIER3_SUSPECT,??_GSoundTouch@soundtouch@@UAAPAXI@Z,default/SoundTouch,76,100.00,100.00,object_memory,input_sensitive,1,"BYTE-IDENTICAL body; divergence is reloc-target mocking only -- 1 object word(s), all cross-region"
TIER3_SUSPECT,??_GNetStream@@UAAPAXI@Z,default/JoypadMsgs,76,100.00,100.00,object_memory,input_sensitive,1,"BYTE-IDENTICAL body; divergence is reloc-target mocking only -- 1 object word(s), all cross-region"
TIER3_SUSPECT,??_GMetaMusicManager@@UAAPAXI@Z,default/MoviePanel,76,100.00,100.00,object_memory,input_sensitive,1,"BYTE-IDENTICAL body; divergence is reloc-target mocking only -- 1 object word(s), all cross-region"
TIER3_SUSPECT,??_GBeatMaster@@UAAPAXI@Z,default/system/beatmatch/BeatMaster,76,100.00,100.00,object_memory,input_sensitive,1,"BYTE-IDENTICAL body; divergence is reloc-target mocking only -- 2 object word(s), all cross-region"
TIER3_SUSPECT,??_GSongMetadata@@UAAPAXI@Z,default/SongMetadata,76,100.00,100.00,object_memory,input_sensitive,1,"BYTE-IDENTICAL body; divergence is reloc-target mocking only -- 1 object word(s), all cross-region"
TIER3_SUSPECT,?SetList@ScrollbarDisplay@@QAAXPAVBandList@@@Z,default/ScrollbarDisplay,72,100.00,100.00,call_arg,input_sensitive,1,BYTE-IDENTICAL body; divergence is reloc-target mocking only -- arg r5 crosses mock regions (rdata->globals)
TIER3_SUSPECT,?GetPlayerName@Track@@UBAPBDXZ,default/band3/bandtrack/Track,68,100.00,100.00,return_value,input_sensitive,1,BYTE-IDENTICAL body; divergence is reloc-target mocking only -- return value differs
TIER3_SUSPECT,?Replace@TexMovie@@$4PPPPPPPM@A@AAXPAVObjRef@@PAVObject@Hmx@@@Z,default/TexMovie,12,100.00,100.00,call_arg,input_sensitive,1,BYTE-IDENTICAL body; divergence is reloc-target mocking only -- arg r5 crosses mock regions (rdata->globals)
TIER3_SUSPECT,?ReplaceImpl@TrackWatcher@@QAAXVSymbol@@@Z,default/TrackWatcher,8,100.00,100.00,call_arg,input_sensitive,1,BYTE-IDENTICAL body; divergence is reloc-target mocking only -- arg r4 crosses mock regions (rdata->globals)
