stub_file	symbol	targets_linking	referenced_in	real_compiles_in	reached(count;-1=gdb hit)	verdict
beatmatch_native_support.cpp	TheBeatMatchOutput	crowd,harmony,hit,score,score2,score3,score4,vocal,vocal2	crowd,harmony,hit,score,score2,score3,score4,vocal,vocal2			DRIVER-SUPPORT (unreached)
dta_link_stubs.s	CacheMgrXbox::CacheMgrXbox()	ark,crowd,dta,gem,harmony,hit,midi,milo,render,save,score,score2,score3,score4,song,vocal,vocal2	ark,crowd,dta,gem,harmony,hit,midi,milo,render,save,score,score2,score3,score4,song,vocal,vocal2			UNREACHED: src body in system/utl/CacheMgr_Xbox.cpp (TU not native-compiled)
dta_link_stubs.s	CameraManager::Poll()	ark,crowd,dta,gem,harmony,hit,midi,milo,render,save,score,score2,score3,score4,song,vocal,vocal2	ark,crowd,dta,gem,harmony,hit,midi,save,score,score2,score3,score4,song,vocal,vocal2	milo,render		UNREACHED: real TU compiles natively in milo,render but its closure is not linked here
dta_link_stubs.s	CloseHandle(int)	ark,crowd,dta,gem,harmony,hit,midi,milo,render,save,score,score2,score3,score4,song,vocal,vocal2	ark,crowd,dta,gem,harmony,hit,midi,milo,render,save,score,score2,score3,score4,song,vocal,vocal2			UNREACHED: no src body (decomp gap or platform)
dta_link_stubs.s	DmCaptureStackBackTrace	ark,crowd,dta,gem,harmony,hit,midi,milo,render,save,score,score2,score3,score4,song,vocal,vocal2	ark,crowd,dta,gem,harmony,hit,midi,milo,render,save,score,score2,score3,score4,song,vocal,vocal2			UNREACHED: no src body (decomp gap or platform)
dta_link_stubs.s	DmIsDebuggerPresent	ark,crowd,dta,gem,harmony,hit,midi,milo,render,save,score,score2,score3,score4,song,vocal,vocal2	ark,crowd,dta,gem,harmony,hit,midi,milo,render,save,score,score2,score3,score4,song,vocal,vocal2			UNREACHED: no src body (decomp gap or platform)
dta_link_stubs.s	DmMapDevkitDrive	ark,crowd,dta,gem,harmony,hit,midi,milo,render,save,score,score2,score3,score4,song,vocal,vocal2	ark,crowd,dta,gem,harmony,hit,midi,milo,render,save,score,score2,score3,score4,song,vocal,vocal2			UNREACHED: no src body (decomp gap or platform)
dta_link_stubs.s	FileTimeToSystemTime	ark,crowd,dta,gem,harmony,hit,midi,milo,render,save,score,score2,score3,score4,song,vocal,vocal2	ark,crowd,dta,gem,harmony,hit,midi,milo,render,save,score,score2,score3,score4,song,vocal,vocal2			UNREACHED: no src body (decomp gap or platform)
dta_link_stubs.s	GetLastError	ark,crowd,dta,gem,harmony,hit,midi,milo,render,save,score,score2,score3,score4,song,vocal,vocal2	ark,crowd,dta,gem,harmony,hit,midi,milo,render,save,score,score2,score3,score4,song,vocal,vocal2			UNREACHED: no src body (decomp gap or platform)
dta_link_stubs.s	GetOverlappedResult	ark,crowd,dta,gem,harmony,hit,midi,milo,render,save,score,score2,score3,score4,song,vocal,vocal2	ark,crowd,dta,gem,harmony,hit,midi,milo,render,save,score,score2,score3,score4,song,vocal,vocal2			UNREACHED: src body in network/quazal/Stack/Core/IOCompletionNotifier.cpp (TU not native-compiled)
dta_link_stubs.s	GetTimeZoneInformation	ark,crowd,dta,gem,harmony,hit,midi,milo,render,save,score,score2,score3,score4,song,vocal,vocal2	ark,crowd,dta,gem,harmony,hit,midi,milo,render,save,score,score2,score3,score4,song,vocal,vocal2			UNREACHED: no src body (decomp gap or platform)
dta_link_stubs.s	GetXinputSinceLastFrame(int, _XINPUT_STATE*, unsigned int*)	ark,crowd,dta,gem,harmony,hit,midi,milo,render,save,score,score2,score3,score4,song,vocal,vocal2	ark,crowd,dta,gem,harmony,hit,midi,milo,render,save,score,score2,score3,score4,song,vocal,vocal2			UNREACHED: src body in system/os/Joypad_Xbox.cpp (TU not native-compiled)
dta_link_stubs.s	HamGameData::Player(int) const	ark,crowd,dta,gem,harmony,hit,midi,milo,render,save,score,score2,score3,score4,song,vocal,vocal2	ark,crowd,dta,gem,harmony,hit,midi,milo,render,save,score,score2,score3,score4,song,vocal,vocal2			UNREACHED: src body in system/hamobj/HamGameData.cpp (TU not native-compiled)
dta_link_stubs.s	HamGameData::Venue() const	ark,crowd,dta,gem,harmony,hit,midi,milo,render,save,score,score2,score3,score4,song,vocal,vocal2	ark,crowd,dta,gem,harmony,hit,midi,milo,render,save,score,score2,score3,score4,song,vocal,vocal2			UNREACHED: src body in system/hamobj/HamGameData.cpp (TU not native-compiled)
dta_link_stubs.s	JoypadSendKeepAlive	ark,crowd,dta,gem,harmony,hit,midi,milo,render,save,score,score2,score3,score4,song,vocal,vocal2	ark,crowd,dta,gem,harmony,hit,midi,milo,render,save,score,score2,score3,score4,song,vocal,vocal2			UNREACHED: src body in system/os/Joypad_Xbox.cpp (TU not native-compiled)
dta_link_stubs.s	JoypadSetActuatorsImp	ark,crowd,dta,gem,harmony,hit,midi,milo,render,save,score,score2,score3,score4,song,vocal,vocal2	ark,crowd,dta,gem,harmony,hit,midi,milo,render,save,score,score2,score3,score4,song,vocal,vocal2			UNREACHED: src body in system/os/Joypad_Xbox.cpp (TU not native-compiled)
dta_link_stubs.s	JoypadSetRumble	ark,crowd,dta,gem,harmony,hit,midi,milo,render,save,score,score2,score3,score4,song,vocal,vocal2	ark,crowd,dta,gem,harmony,hit,midi,milo,render,save,score,score2,score3,score4,song,vocal,vocal2			UNREACHED: src body in system/os/Joypad_Xbox.cpp (TU not native-compiled)
dta_link_stubs.s	LightPresetManager::Enter()	ark,crowd,dta,gem,harmony,hit,midi,milo,render,save,score,score2,score3,score4,song,vocal,vocal2	ark,crowd,dta,gem,harmony,hit,midi,save,score,score2,score3,score4,song,vocal,vocal2	milo,render		UNREACHED: real TU compiles natively in milo,render but its closure is not linked here
dta_link_stubs.s	LightPresetManager::Poll()	ark,crowd,dta,gem,harmony,hit,midi,milo,render,save,score,score2,score3,score4,song,vocal,vocal2	ark,crowd,dta,gem,harmony,hit,midi,save,score,score2,score3,score4,song,vocal,vocal2	milo,render		UNREACHED: real TU compiles natively in milo,render but its closure is not linked here
dta_link_stubs.s	MemHeapStack::sDefaultHeap	ark,crowd,dta,gem,harmony,hit,midi,milo,render,save,score,score2,score3,score4,song,vocal,vocal2	ark,crowd,dta,gem,harmony,hit,midi,milo,render,save,score,score2,score3,score4,song,vocal,vocal2			UNREACHED: no src body (decomp gap or platform)
dta_link_stubs.s	MidiParser::Poll()	ark,crowd,dta,gem,harmony,hit,midi,milo,render,save,score,score2,score3,score4,song,vocal,vocal2	ark,dta,save,song	crowd,gem,harmony,hit,midi,milo,render,score,score2,score3,score4,vocal,vocal2		UNREACHED: real TU compiles natively in crowd,gem,harmony,hit,midi,milo,render,score,score2,score3,score4,vocal,vocal2 but its closure is not linked here
dta_link_stubs.s	MidiParser::sParsers[abi:cxx11]	ark,crowd,dta,gem,harmony,hit,midi,milo,render,save,score,score2,score3,score4,song,vocal,vocal2	ark,dta,save,song	crowd,gem,harmony,hit,midi,milo,render,score,score2,score3,score4,vocal,vocal2		UNREACHED: real TU compiles natively in crowd,gem,harmony,hit,midi,milo,render,score,score2,score3,score4,vocal,vocal2 but its closure is not linked here
dta_link_stubs.s	MidiReceiver::MidiReceiver()	ark,crowd,dta,gem,harmony,hit,midi,milo,render,save,score,score2,score3,score4,song,vocal,vocal2	ark,dta,save,song	crowd,gem,harmony,hit,midi,milo,render,score,score2,score3,score4,vocal,vocal2		UNREACHED: real TU compiles natively in crowd,gem,harmony,hit,midi,milo,render,score,score2,score3,score4,vocal,vocal2 but its closure is not linked here
dta_link_stubs.s	NetCacheMgrXbox::NetCacheMgrXbox()	ark,crowd,dta,gem,harmony,hit,midi,milo,render,save,score,score2,score3,score4,song,vocal,vocal2	ark,crowd,dta,gem,harmony,hit,midi,milo,render,save,score,score2,score3,score4,song,vocal,vocal2			UNREACHED: src body in system/utl/NetCacheMgr_Xbox.cpp (TU not native-compiled)
dta_link_stubs.s	NetLoaderXbox::NetLoaderXbox(String const&)	ark,crowd,dta,gem,harmony,hit,midi,milo,render,save,score,score2,score3,score4,song,vocal,vocal2	ark,crowd,dta,gem,harmony,hit,midi,milo,render,save,score,score2,score3,score4,song,vocal,vocal2			UNREACHED: src body in system/utl/NetLoader_Xbox.cpp (TU not native-compiled)
dta_link_stubs.s	OutputDebugStringA	ark,crowd,dta,gem,harmony,hit,midi,milo,render,save,score,score2,score3,score4,song,vocal,vocal2	ark,crowd,dta,gem,harmony,hit,midi,milo,render,save,score,score2,score3,score4,song,vocal,vocal2		ark:-1 crowd:-1 gem:-1 harmony:-1 hit:-1 midi:-1 milo:-1 render:-1 score:-1 score3:-1 score4:-1 song:-1 vocal:-1 vocal2:-1	REACHED/PLATFORM: Win32 debug-string sink; no-op swallows engine debug strings (gdb: hit in 14 targets)
dta_link_stubs.s	ReadSingleJoypad	ark,crowd,dta,gem,harmony,hit,midi,milo,render,save,score,score2,score3,score4,song,vocal,vocal2	ark,crowd,dta,gem,harmony,hit,midi,milo,render,save,score,score2,score3,score4,song,vocal,vocal2			UNREACHED: src body in system/os/Joypad_Xbox.cpp (TU not native-compiled)
dta_link_stubs.s	RecursePatternInternal(char const*, void (*)(char const*, char const*), bool, bool)	ark,crowd,dta,gem,harmony,hit,midi,milo,render,save,score,score2,score3,score4,song,vocal,vocal2	ark,crowd,dta,gem,harmony,hit,midi,milo,render,save,score,score2,score3,score4,song,vocal,vocal2			UNREACHED: src body in system/os/File.cpp (TU not native-compiled)
dta_link_stubs.s	Rnd::DrawRectScreen(Hmx::Rect const&, Hmx::Color const&, RndMat*, Hmx::Color const*, Hmx::Color const*)	ark,crowd,dta,gem,harmony,hit,midi,milo,render,save,score,score2,score3,score4,song,vocal,vocal2	ark,crowd,dta,gem,harmony,hit,midi,save,score,score2,score3,score4,song,vocal,vocal2	milo,render		UNREACHED: real TU compiles natively in milo,render but its closure is not linked here
dta_link_stubs.s	Rnd::DrawStringScreen(char const*, Vector2 const&, Hmx::Color const&, bool)	ark,crowd,dta,gem,harmony,hit,midi,milo,render,save,score,score2,score3,score4,song,vocal,vocal2	ark,crowd,dta,gem,harmony,hit,midi,save,score,score2,score3,score4,song,vocal,vocal2	milo,render		UNREACHED: real TU compiles natively in milo,render but its closure is not linked here
dta_link_stubs.s	RndGraph::AddRectFilled2D(Hmx::Rect const&, Hmx::Color const&)	ark,crowd,dta,gem,harmony,hit,midi,milo,render,save,score,score2,score3,score4,song,vocal,vocal2	ark,crowd,dta,gem,harmony,hit,midi,save,score,score2,score3,score4,song,vocal,vocal2	milo,render		UNREACHED: real TU compiles natively in milo,render but its closure is not linked here
dta_link_stubs.s	RndGraph::AddScreenLine(Vector2 const&, Vector2 const&, Hmx::Color const&, bool)	ark,crowd,dta,gem,harmony,hit,midi,milo,render,save,score,score2,score3,score4,song,vocal,vocal2	ark,crowd,dta,gem,harmony,hit,midi,save,score,score2,score3,score4,song,vocal,vocal2	milo,render		UNREACHED: real TU compiles natively in milo,render but its closure is not linked here
dta_link_stubs.s	RndGraph::AddScreenString(char const*, Vector2 const&, Hmx::Color const&)	ark,crowd,dta,gem,harmony,hit,midi,milo,render,save,score,score2,score3,score4,song,vocal,vocal2	ark,crowd,dta,gem,harmony,hit,midi,save,score,score2,score3,score4,song,vocal,vocal2	milo,render		UNREACHED: real TU compiles natively in milo,render but its closure is not linked here
dta_link_stubs.s	RndGraph::GetOneFrame()	ark,crowd,dta,gem,harmony,hit,midi,milo,render,save,score,score2,score3,score4,song,vocal,vocal2	ark,crowd,dta,gem,harmony,hit,midi,save,score,score2,score3,score4,song,vocal,vocal2	milo,render		UNREACHED: real TU compiles natively in milo,render but its closure is not linked here
dta_link_stubs.s	RndGroup::AddObject(Hmx::Object*, Hmx::Object*)	ark,crowd,dta,gem,harmony,hit,midi,milo,render,save,score,score2,score3,score4,song,vocal,vocal2	ark,crowd,dta,gem,harmony,hit,midi,save,score,score2,score3,score4,song,vocal,vocal2	milo,render		UNREACHED: real TU compiles natively in milo,render but its closure is not linked here
dta_link_stubs.s	RndOverlay::Find(Symbol, bool)	ark,crowd,dta,gem,harmony,hit,midi,milo,render,save,score,score2,score3,score4,song,vocal,vocal2	ark,crowd,dta,gem,harmony,hit,midi,save,score,score2,score3,score4,song,vocal,vocal2	milo,render		UNREACHED: real TU compiles natively in milo,render but its closure is not linked here
dta_link_stubs.s	SetupHXDrums(int, _XINPUT_CAPABILITIES const&)	ark,crowd,dta,gem,harmony,hit,midi,milo,render,save,score,score2,score3,score4,song,vocal,vocal2	ark,crowd,dta,gem,harmony,hit,midi,milo,render,save,score,score2,score3,score4,song,vocal,vocal2			UNREACHED: src body in system/os/Joypad_Xbox.cpp (TU not native-compiled)
dta_link_stubs.s	SetupHXGuitar(int, _XINPUT_CAPABILITIES const&)	ark,crowd,dta,gem,harmony,hit,midi,milo,render,save,score,score2,score3,score4,song,vocal,vocal2	ark,crowd,dta,gem,harmony,hit,midi,milo,render,save,score,score2,score3,score4,song,vocal,vocal2			UNREACHED: src body in system/os/Joypad_Xbox.cpp (TU not native-compiled)
dta_link_stubs.s	SetupHXKeytar(int, _XINPUT_CAPABILITIES const&)	ark,crowd,dta,gem,harmony,hit,midi,milo,render,save,score,score2,score3,score4,song,vocal,vocal2	ark,crowd,dta,gem,harmony,hit,midi,milo,render,save,score,score2,score3,score4,song,vocal,vocal2			UNREACHED: src body in system/os/Joypad_Xbox.cpp (TU not native-compiled)
dta_link_stubs.s	SetupHXRealGuitar(int, _XINPUT_CAPABILITIES const&)	ark,crowd,dta,gem,harmony,hit,midi,milo,render,save,score,score2,score3,score4,song,vocal,vocal2	ark,crowd,dta,gem,harmony,hit,midi,milo,render,save,score,score2,score3,score4,song,vocal,vocal2			UNREACHED: src body in system/os/Joypad_Xbox.cpp (TU not native-compiled)
dta_link_stubs.s	Synth::GetMasterVolume()	ark,crowd,dta,gem,harmony,hit,midi,milo,render,save,score,score2,score3,score4,song,vocal,vocal2	ark,crowd,dta,gem,harmony,hit,midi,save,score,score2,score3,score4,song,vocal,vocal2	milo,render		UNREACHED: real TU compiles natively in milo,render but its closure is not linked here
dta_link_stubs.s	Synth::SetMasterVolume(float)	ark,crowd,dta,gem,harmony,hit,midi,milo,render,save,score,score2,score3,score4,song,vocal,vocal2	ark,crowd,dta,gem,harmony,hit,midi,save,score,score2,score3,score4,song,vocal,vocal2	milo,render		UNREACHED: real TU compiles natively in milo,render but its closure is not linked here
dta_link_stubs.s	Synth::StopAllSfx(bool)	ark,crowd,dta,gem,harmony,hit,midi,milo,render,save,score,score2,score3,score4,song,vocal,vocal2	ark,crowd,dta,gem,harmony,hit,midi,save,score,score2,score3,score4,song,vocal,vocal2	milo,render		UNREACHED: real TU compiles natively in milo,render but its closure is not linked here
dta_link_stubs.s	TheContentMgr	ark,crowd,dta,gem,harmony,hit,midi,milo,render,save,score,score2,score3,score4,song,vocal,vocal2	ark,crowd,dta,gem,harmony,hit,midi,milo,render,save,score,score2,score3,score4,song,vocal,vocal2			UNREACHED: src body in system/os/ContentMgr.h (TU not native-compiled)
dta_link_stubs.s	TheDebugNotifyOncePrinter	ark,crowd,dta,gem,harmony,hit,midi,milo,render,save,score,score2,score3,score4,song,vocal,vocal2	ark,crowd,dta,gem,harmony,hit,midi,milo,render,save,score,score2,score3,score4,song,vocal,vocal2			UNREACHED: src body in system/os/Debug.h (TU not native-compiled)
dta_link_stubs.s	TheGameData	ark,crowd,dta,gem,harmony,hit,midi,milo,render,save,score,score2,score3,score4,song,vocal,vocal2	ark,crowd,dta,gem,harmony,hit,midi,milo,render,save,score,score2,score3,score4,song,vocal,vocal2			UNREACHED: src body in system/hamobj/HamGameData.cpp;system/hamobj/HamGameData.h (TU not native-compiled)
dta_link_stubs.s	TheMidiParserMgr	ark,crowd,dta,gem,harmony,hit,midi,milo,render,save,score,score2,score3,score4,song,vocal,vocal2	ark,dta,save,song	crowd,gem,harmony,hit,midi,milo,render,score,score2,score3,score4,vocal,vocal2		UNREACHED: real TU compiles natively in crowd,gem,harmony,hit,midi,milo,render,score,score2,score3,score4,vocal,vocal2 but its closure is not linked here
dta_link_stubs.s	TheRnd	ark,crowd,dta,gem,harmony,hit,midi,milo,render,save,score,score2,score3,score4,song,vocal,vocal2	ark,crowd,dta,gem,harmony,hit,midi,milo,save,score,score2,score3,score4,song,vocal,vocal2			UNREACHED: src body in system/rndobj/Rnd.h (TU not native-compiled)
dta_link_stubs.s	TheSynth	ark,crowd,dta,gem,harmony,hit,midi,milo,render,save,score,score2,score3,score4,song,vocal,vocal2	ark,crowd,dta,gem,harmony,hit,midi,save,score,score2,score3,score4,song,vocal,vocal2	milo,render		UNREACHED: real TU compiles natively in milo,render but its closure is not linked here
dta_link_stubs.s	TheWebSvcMgr	ark,crowd,dta,gem,harmony,hit,midi,milo,render,save,score,score2,score3,score4,song,vocal,vocal2	ark,crowd,dta,gem,harmony,hit,midi,milo,render,save,score,score2,score3,score4,song,vocal,vocal2			UNREACHED: src body in system/net/WebSvcMgr.h;system/net/WebSvcMgrCurl.cpp (TU not native-compiled)
dta_link_stubs.s	ValidateThreadId(unsigned long)	ark,crowd,dta,gem,harmony,hit,midi,milo,render,save,score,score2,score3,score4,song,vocal,vocal2	ark,crowd,dta,gem,harmony,hit,midi,milo,render,save,score,score2,score3,score4,song,vocal,vocal2			UNREACHED: src body in system/utl/MakeString.cpp (TU not native-compiled)
dta_link_stubs.s	WSACreateEvent()	ark,crowd,dta,gem,harmony,hit,midi,milo,render,save,score,score2,score3,score4,song,vocal,vocal2	ark,crowd,dta,gem,harmony,hit,midi,milo,render,save,score,score2,score3,score4,song,vocal,vocal2			UNREACHED: no src body (decomp gap or platform)
dta_link_stubs.s	WaitForSingleObject(int, int)	ark,crowd,dta,gem,harmony,hit,midi,milo,render,save,score,score2,score3,score4,song,vocal,vocal2	ark,crowd,dta,gem,harmony,hit,midi,milo,render,save,score,score2,score3,score4,song,vocal,vocal2			UNREACHED: no src body (decomp gap or platform)
dta_link_stubs.s	XInputGetCapabilities	ark,crowd,dta,gem,harmony,hit,midi,milo,render,save,score,score2,score3,score4,song,vocal,vocal2	ark,crowd,dta,gem,harmony,hit,midi,milo,render,save,score,score2,score3,score4,song,vocal,vocal2			UNREACHED: no src body (decomp gap or platform)
dta_link_stubs.s	XInputSetState	ark,crowd,dta,gem,harmony,hit,midi,milo,render,save,score,score2,score3,score4,song,vocal,vocal2	ark,crowd,dta,gem,harmony,hit,midi,milo,render,save,score,score2,score3,score4,song,vocal,vocal2			UNREACHED: no src body (decomp gap or platform)
dta_link_stubs.s	XNetDnsLookup(int, int, void*)	ark,crowd,dta,gem,harmony,hit,midi,milo,render,save,score,score2,score3,score4,song,vocal,vocal2	ark,crowd,dta,gem,harmony,hit,midi,milo,render,save,score,score2,score3,score4,song,vocal,vocal2			UNREACHED: no src body (decomp gap or platform)
dta_link_stubs.s	XNetDnsRelease(void*)	ark,crowd,dta,gem,harmony,hit,midi,milo,render,save,score,score2,score3,score4,song,vocal,vocal2	ark,crowd,dta,gem,harmony,hit,midi,milo,render,save,score,score2,score3,score4,song,vocal,vocal2			UNREACHED: no src body (decomp gap or platform)
dta_link_stubs.s	XNetRandom	ark,crowd,dta,gem,harmony,hit,midi,milo,render,save,score,score2,score3,score4,song,vocal,vocal2	ark,crowd,dta,gem,harmony,hit,midi,milo,render,save,score,score2,score3,score4,song,vocal,vocal2			UNREACHED: no src body (decomp gap or platform)
dta_link_stubs.s	XboxMapFile::ParseStack(char const*, StackData*, int, char*)	ark,crowd,dta,gem,harmony,hit,midi,milo,render,save,score,score2,score3,score4,song,vocal,vocal2	ark,crowd,dta,gem,harmony,hit,midi,milo,render,save,score,score2,score3,score4,song,vocal,vocal2			UNREACHED: src body in system/os/MapFile_Xbox.cpp (TU not native-compiled)
dta_link_stubs.s	gMemStackLock	ark,crowd,dta,gem,harmony,hit,midi,milo,render,save,score,score2,score3,score4,song,vocal,vocal2	ark,crowd,dta,gem,harmony,hit,midi,milo,render,save,score,score2,score3,score4,song,vocal,vocal2			UNREACHED: src body in system/utl/MemMgr.cpp;system/utl/MemMgr.h (TU not native-compiled)
dta_link_stubs.s	requestBreedWrite	ark,crowd,dta,gem,harmony,hit,midi,milo,render,save,score,score2,score3,score4,song,vocal,vocal2	ark,crowd,dta,gem,harmony,hit,midi,milo,render,save,score,score2,score3,score4,song,vocal,vocal2			UNREACHED: src body in system/os/Joypad_Xbox.cpp (TU not native-compiled)
dta_link_stubs.s	typeinfo for RndAnimFilter	ark,crowd,dta,gem,harmony,hit,midi,milo,render,save,score,score2,score3,score4,song,vocal,vocal2	ark,crowd,dta,gem,harmony,hit,midi,save,score,score2,score3,score4,song,vocal,vocal2	milo,render		RTTI/VTABLE emitted for a stubbed class (unreached)
dta_link_stubs.s	typeinfo for RndGroup	ark,crowd,dta,gem,harmony,hit,midi,milo,render,save,score,score2,score3,score4,song,vocal,vocal2	ark,crowd,dta,gem,harmony,hit,midi,save,score,score2,score3,score4,song,vocal,vocal2	milo,render		RTTI/VTABLE emitted for a stubbed class (unreached)
dta_link_stubs.s	typeinfo for RndPollable	ark,crowd,dta,gem,harmony,hit,midi,milo,render,save,score,score2,score3,score4,song,vocal,vocal2	ark,crowd,dta,gem,harmony,hit,midi,save,score,score2,score3,score4,song,vocal,vocal2	milo,render		RTTI/VTABLE emitted for a stubbed class (unreached)
dta_link_stubs.s	typeinfo for WorldDir	ark,crowd,dta,gem,harmony,hit,midi,milo,render,save,score,score2,score3,score4,song,vocal,vocal2	ark,crowd,dta,gem,harmony,hit,midi,save,score,score2,score3,score4,song,vocal,vocal2	milo,render		RTTI/VTABLE emitted for a stubbed class (unreached)
m10_leaf_stubs.cpp	BandTrack::CodaFail(bool)	harmony,vocal2	harmony,vocal2			UNREACHED: src body in system/bandobj/BandTrack.cpp (TU not native-compiled)
m10_leaf_stubs.cpp	BandTrack::ShowOverdriveMeter(bool)	harmony,vocal2	harmony,vocal2			UNREACHED: src body in system/bandobj/BandTrack.cpp (TU not native-compiled)
m10_leaf_stubs.cpp	BandTrack::SoloHit(int)	harmony,vocal2	harmony,vocal2			UNREACHED: src body in system/bandobj/BandTrack.cpp (TU not native-compiled)
m10_leaf_stubs.cpp	BandTrack::SoloStart()	harmony,vocal2	harmony,vocal2			UNREACHED: src body in system/bandobj/BandTrack.cpp (TU not native-compiled)
m10_leaf_stubs.cpp	BandUser::GetGameplayOptions()	harmony,vocal2	harmony,vocal2			UNREACHED: src body in band3/game/BandUser.cpp (TU not native-compiled)
m10_leaf_stubs.cpp	Fader::DoFade(float, float)	harmony,vocal2	harmony,vocal2			UNREACHED: src body in system/synth/Faders.cpp (TU not native-compiled)
m10_leaf_stubs.cpp	Game::AddBonusPoints(BandUser*, int, int)	harmony,vocal2	harmony,vocal2	milo,render		UNREACHED: real TU compiles natively in milo,render but its closure is not linked here
m10_leaf_stubs.cpp	Game::AdjustForVocalPhrases(float&, float&) const	harmony,vocal2	harmony,vocal2	milo,render		UNREACHED: real TU compiles natively in milo,render but its closure is not linked here
m10_leaf_stubs.cpp	GameConfig::GetPracticeSections(int&, int&) const	harmony,vocal2	harmony,vocal2			UNREACHED: src body in band3/game/GameConfig.cpp (TU not native-compiled)
m10_leaf_stubs.cpp	GameConfig::GetSectionBounds(int, float&, float&) const	harmony,vocal2	harmony,vocal2			UNREACHED: src body in band3/game/GameConfig.cpp (TU not native-compiled)
m10_leaf_stubs.cpp	MasterAudio::ResetTrack(int, bool)	harmony,vocal2	harmony,vocal2			UNREACHED: src body in system/beatmatch/MasterAudio.cpp (TU not native-compiled)
m10_leaf_stubs.cpp	MasterAudio::SetNonmutable(int)	harmony,vocal2	harmony,vocal2			UNREACHED: src body in system/beatmatch/MasterAudio.cpp (TU not native-compiled)
m10_leaf_stubs.cpp	MasterAudio::SetVocalDuckFader(float)	harmony,vocal2	harmony,vocal2			UNREACHED: src body in system/beatmatch/MasterAudio.cpp (TU not native-compiled)
m10_leaf_stubs.cpp	MasterAudio::SetVocalFailFader(float)	harmony,vocal2	harmony,vocal2			UNREACHED: src body in system/beatmatch/MasterAudio.cpp (TU not native-compiled)
m10_leaf_stubs.cpp	MasterAudio::SetVocalState(bool)	harmony,vocal2	harmony,vocal2			UNREACHED: src body in system/beatmatch/MasterAudio.cpp (TU not native-compiled)
m10_leaf_stubs.cpp	MetaPerformer::IsNoFailActive() const	harmony,vocal2	harmony,vocal2			UNREACHED: src body in band3/meta_band/MetaPerformer.cpp (TU not native-compiled)
m10_leaf_stubs.cpp	RndOverlay::Clear()	harmony,vocal2	harmony,vocal2	milo,render		UNREACHED: real TU compiles natively in milo,render but its closure is not linked here
m10_leaf_stubs.cpp	SongDB::ChangeDifficulty(int, Difficulty)	harmony,vocal2	harmony,vocal2			UNREACHED: src body in band3/game/SongDB.cpp (TU not native-compiled)
m10_leaf_stubs.cpp	TheSynth	harmony,vocal2	harmony,vocal2	milo,render		SYMBOL/GLOBAL link satisfier (unreached)
m10_leaf_stubs.cpp	VocalOverlay::AddPossiblePart(int, VocalPart*)	harmony,vocal2	harmony,vocal2			UNREACHED: no src body (decomp gap or platform)
m10_leaf_stubs.cpp	VocalOverlay::AppendAssignedPart(Singer const*, std::vector<VocalPart*, std::allocator<VocalPart*> > const&)	harmony,vocal2	harmony,vocal2			UNREACHED: no src body (decomp gap or platform)
m10_leaf_stubs.cpp	VocalOverlay::AppendDeploymentMarker(int)	harmony,vocal2	harmony,vocal2			UNREACHED: no src body (decomp gap or platform)
m10_leaf_stubs.cpp	VocalOverlay::AppendDeploymentTime(int, float)	harmony,vocal2	harmony,vocal2			UNREACHED: no src body (decomp gap or platform)
m10_leaf_stubs.cpp	VocalOverlay::AppendEnergy(int, float, float)	harmony,vocal2	harmony,vocal2			UNREACHED: no src body (decomp gap or platform)
m10_leaf_stubs.cpp	VocalOverlay::AppendPartData(std::vector<VocalPart*, std::allocator<VocalPart*> > const&)	harmony,vocal2	harmony,vocal2			UNREACHED: no src body (decomp gap or platform)
m10_leaf_stubs.cpp	VocalOverlay::AppendPhraseMeter(float)	harmony,vocal2	harmony,vocal2			UNREACHED: no src body (decomp gap or platform)
m10_leaf_stubs.cpp	VocalOverlay::AppendSingerPitch(int, float)	harmony,vocal2	harmony,vocal2			UNREACHED: no src body (decomp gap or platform)
m10_leaf_stubs.cpp	VocalOverlay::AppendTalkyData(int, bool, bool, float)	harmony,vocal2	harmony,vocal2			UNREACHED: no src body (decomp gap or platform)
m10_leaf_stubs.cpp	VocalOverlay::EqualizeSingerStrings()	harmony,vocal2	harmony,vocal2			UNREACHED: no src body (decomp gap or platform)
m10_leaf_stubs.cpp	VocalOverlay::FinalizeDisplayString()	harmony,vocal2	harmony,vocal2			UNREACHED: no src body (decomp gap or platform)
m10_leaf_stubs.cpp	VocalOverlay::Reset(int)	harmony,vocal2	harmony,vocal2			UNREACHED: no src body (decomp gap or platform)
m10_leaf_stubs.cpp	VocalPlayer::InTambourinePhrase() const	harmony,vocal2	harmony,vocal2		harmony:37203 vocal2:25203	REACHED/WRITTEN: real body (VocalTrack.cpp:2827) copied; VocalTrack.cpp closure cannot link
m10_leaf_stubs.cpp	VocalTrack::HideCoda()	harmony,vocal2	harmony,vocal2			UNREACHED: src body in band3/bandtrack/VocalTrack.cpp (TU not native-compiled)
m10_leaf_stubs.cpp	VocalTrack::HitTambourineGem(int)	harmony,vocal2	harmony,vocal2			UNREACHED: src body in band3/bandtrack/VocalTrack.cpp (TU not native-compiled)
m10_leaf_stubs.cpp	VocalTrack::JumpReset()	harmony,vocal2	harmony,vocal2			UNREACHED: src body in band3/bandtrack/VocalTrack.cpp (TU not native-compiled)
m10_leaf_stubs.cpp	VocalTrack::MissTambourineGem(int, bool)	harmony,vocal2	harmony,vocal2			UNREACHED: src body in band3/bandtrack/VocalTrack.cpp (TU not native-compiled)
m10_leaf_stubs.cpp	VocalTrack::RebuildHUD()	harmony,vocal2	harmony,vocal2			UNREACHED: src body in band3/bandtrack/VocalTrack.cpp (TU not native-compiled)
m10_leaf_stubs.cpp	VocalTrackDir::DeactivateVolume(VocalParam)	harmony,vocal2	harmony,vocal2			UNREACHED: src body in system/bandobj/VocalTrackDir.cpp (TU not native-compiled)
m10_leaf_stubs.cpp	VocalTrackDir::ShowPhraseFeedback(int, int, int, bool)	harmony,vocal2	harmony,vocal2			UNREACHED: src body in system/bandobj/VocalTrackDir.cpp (TU not native-compiled)
m10_leaf_stubs.cpp	VocalTrackDir::TambourineNote()	harmony,vocal2	harmony,vocal2			UNREACHED: src body in system/bandobj/VocalTrackDir.cpp (TU not native-compiled)
m10_leaf_stubs.cpp	VocalTrackDir::UpdateVocalMeters(bool, bool, bool, bool)	harmony,vocal2	harmony,vocal2			UNREACHED: src body in system/bandobj/VocalTrackDir.cpp (TU not native-compiled)
m10_leaf_stubs.cpp	auto_play	harmony,vocal2	harmony,vocal2			SYMBOL/GLOBAL link satisfier (unreached)
m10_leaf_stubs.cpp	disable_controller	harmony,vocal2	harmony,vocal2			SYMBOL/GLOBAL link satisfier (unreached)
m10_leaf_stubs.cpp	empty_star_power	harmony,vocal2	harmony,vocal2			SYMBOL/GLOBAL link satisfier (unreached)
m10_leaf_stubs.cpp	enable_part_scoring	harmony,vocal2	harmony,vocal2			SYMBOL/GLOBAL link satisfier (unreached)
m10_leaf_stubs.cpp	fill_star_power	harmony,vocal2	harmony,vocal2			SYMBOL/GLOBAL link satisfier (unreached)
m10_leaf_stubs.cpp	get_autoplay_offset	harmony,vocal2	harmony,vocal2			SYMBOL/GLOBAL link satisfier (unreached)
m10_leaf_stubs.cpp	get_best_percentage	harmony,vocal2	harmony,vocal2			SYMBOL/GLOBAL link satisfier (unreached)
m10_leaf_stubs.cpp	get_hit_percentage	harmony,vocal2	harmony,vocal2			SYMBOL/GLOBAL link satisfier (unreached)
m10_leaf_stubs.cpp	get_num_phrases	harmony,vocal2	harmony,vocal2			SYMBOL/GLOBAL link satisfier (unreached)
m10_leaf_stubs.cpp	get_practice_hit_percentage	harmony,vocal2	harmony,vocal2			SYMBOL/GLOBAL link satisfier (unreached)
m10_leaf_stubs.cpp	get_singer_autoplay_part	harmony,vocal2	harmony,vocal2			SYMBOL/GLOBAL link satisfier (unreached)
m10_leaf_stubs.cpp	get_singer_autoplay_variation_magnitude	harmony,vocal2	harmony,vocal2			SYMBOL/GLOBAL link satisfier (unreached)
m10_leaf_stubs.cpp	get_vocal_part_bias	harmony,vocal2	harmony,vocal2			SYMBOL/GLOBAL link satisfier (unreached)
m10_leaf_stubs.cpp	in_star_mode	harmony,vocal2	harmony,vocal2			SYMBOL/GLOBAL link satisfier (unreached)
m10_leaf_stubs.cpp	midi_parser	harmony,vocal2	harmony,vocal2			SYMBOL/GLOBAL link satisfier (unreached)
m10_leaf_stubs.cpp	num_stars	harmony,vocal2	harmony,vocal2			SYMBOL/GLOBAL link satisfier (unreached)
m10_leaf_stubs.cpp	on_downbeat	harmony,vocal2	harmony,vocal2			SYMBOL/GLOBAL link satisfier (unreached)
m10_leaf_stubs.cpp	on_game_over	harmony,vocal2	harmony,vocal2			SYMBOL/GLOBAL link satisfier (unreached)
m10_leaf_stubs.cpp	on_new_track	harmony,vocal2	harmony,vocal2			SYMBOL/GLOBAL link satisfier (unreached)
m10_leaf_stubs.cpp	on_start_starpower	harmony,vocal2	harmony,vocal2			SYMBOL/GLOBAL link satisfier (unreached)
m10_leaf_stubs.cpp	on_stop_starpower	harmony,vocal2	harmony,vocal2			SYMBOL/GLOBAL link satisfier (unreached)
m10_leaf_stubs.cpp	percent_hit	harmony,vocal2	harmony,vocal2			SYMBOL/GLOBAL link satisfier (unreached)
m10_leaf_stubs.cpp	play_tambourine	harmony,vocal2	harmony,vocal2			SYMBOL/GLOBAL link satisfier (unreached)
m10_leaf_stubs.cpp	refresh_track_buttons	harmony,vocal2	harmony,vocal2			SYMBOL/GLOBAL link satisfier (unreached)
m10_leaf_stubs.cpp	remote_blow_coda	harmony,vocal2	harmony,vocal2			SYMBOL/GLOBAL link satisfier (unreached)
m10_leaf_stubs.cpp	remote_hit	harmony,vocal2	harmony,vocal2			SYMBOL/GLOBAL link satisfier (unreached)
m10_leaf_stubs.cpp	remote_hit_last_coda_gem	harmony,vocal2	harmony,vocal2			SYMBOL/GLOBAL link satisfier (unreached)
m10_leaf_stubs.cpp	remote_penalize	harmony,vocal2	harmony,vocal2			SYMBOL/GLOBAL link satisfier (unreached)
m10_leaf_stubs.cpp	remote_phrase_over	harmony,vocal2	harmony,vocal2			SYMBOL/GLOBAL link satisfier (unreached)
m10_leaf_stubs.cpp	remote_score_phrase	harmony,vocal2	harmony,vocal2			SYMBOL/GLOBAL link satisfier (unreached)
m10_leaf_stubs.cpp	remote_solo_end	harmony,vocal2	harmony,vocal2			SYMBOL/GLOBAL link satisfier (unreached)
m10_leaf_stubs.cpp	remote_tambourine_succeeding	harmony,vocal2	harmony,vocal2			SYMBOL/GLOBAL link satisfier (unreached)
m10_leaf_stubs.cpp	remote_vocal_energy	harmony,vocal2	harmony,vocal2			SYMBOL/GLOBAL link satisfier (unreached)
m10_leaf_stubs.cpp	remote_vocal_state	harmony,vocal2	harmony,vocal2			SYMBOL/GLOBAL link satisfier (unreached)
m10_leaf_stubs.cpp	reset_scoring	harmony,vocal2	harmony,vocal2			SYMBOL/GLOBAL link satisfier (unreached)
m10_leaf_stubs.cpp	rotate_singer_autoplay_part	harmony,vocal2	harmony,vocal2			SYMBOL/GLOBAL link satisfier (unreached)
m10_leaf_stubs.cpp	rotate_singer_autoplay_variation_magnitude	harmony,vocal2	harmony,vocal2			SYMBOL/GLOBAL link satisfier (unreached)
m10_leaf_stubs.cpp	set_auto_play	harmony,vocal2	harmony,vocal2			SYMBOL/GLOBAL link satisfier (unreached)
m10_leaf_stubs.cpp	set_auto_solo	harmony,vocal2	harmony,vocal2			SYMBOL/GLOBAL link satisfier (unreached)
m10_leaf_stubs.cpp	set_autoplay_offset	harmony,vocal2	harmony,vocal2			SYMBOL/GLOBAL link satisfier (unreached)
m10_leaf_stubs.cpp	set_spoofed	harmony,vocal2	harmony,vocal2			SYMBOL/GLOBAL link satisfier (unreached)
m10_leaf_stubs.cpp	set_star_power	harmony,vocal2	harmony,vocal2			SYMBOL/GLOBAL link satisfier (unreached)
m10_leaf_stubs.cpp	set_star_power_deploy_rate	harmony,vocal2	harmony,vocal2			SYMBOL/GLOBAL link satisfier (unreached)
m10_leaf_stubs.cpp	set_star_power_phrase_boost	harmony,vocal2	harmony,vocal2			SYMBOL/GLOBAL link satisfier (unreached)
m10_leaf_stubs.cpp	set_vocal_part_bias	harmony,vocal2	harmony,vocal2			SYMBOL/GLOBAL link satisfier (unreached)
m10_leaf_stubs.cpp	star_rating	harmony,vocal2	harmony,vocal2			SYMBOL/GLOBAL link satisfier (unreached)
m10_leaf_stubs.cpp	toggle_frame_spew	harmony,vocal2	harmony,vocal2			SYMBOL/GLOBAL link satisfier (unreached)
m10_leaf_stubs.cpp	toggle_overlay	harmony,vocal2	harmony,vocal2			SYMBOL/GLOBAL link satisfier (unreached)
m10_leaf_stubs.cpp	toggle_solo_quantize	harmony,vocal2	harmony,vocal2			SYMBOL/GLOBAL link satisfier (unreached)
m10_link_stubs.cpp	BandTrack::DropIn()	harmony,vocal2	harmony,vocal2			UNREACHED: src body in system/bandobj/BandTrack.cpp (TU not native-compiled)
m10_link_stubs.cpp	BandTrack::DropOut()	harmony,vocal2	harmony,vocal2			UNREACHED: src body in system/bandobj/BandTrack.cpp (TU not native-compiled)
m10_link_stubs.cpp	BandTrack::PlayerDisabled()	harmony,vocal2	harmony,vocal2			UNREACHED: src body in system/bandobj/BandTrack.cpp (TU not native-compiled)
m10_link_stubs.cpp	BandTrack::PlayerSaved()	harmony,vocal2	harmony,vocal2			UNREACHED: src body in system/bandobj/BandTrack.cpp (TU not native-compiled)
m10_link_stubs.cpp	BandTrack::PopupHelp(Symbol, bool)	harmony,vocal2	harmony,vocal2			UNREACHED: src body in system/bandobj/BandTrack.cpp (TU not native-compiled)
m10_link_stubs.cpp	BandTrack::SetControllerType(Symbol const&)	harmony,vocal2	harmony,vocal2			UNREACHED: src body in system/bandobj/BandTrack.cpp (TU not native-compiled)
m10_link_stubs.cpp	BandTrack::SetNetTalking(bool)	harmony,vocal2	harmony,vocal2			UNREACHED: src body in system/bandobj/BandTrack.cpp (TU not native-compiled)
m10_link_stubs.cpp	BandTrack::SetQuarantined(bool)	harmony,vocal2	harmony,vocal2			UNREACHED: src body in system/bandobj/BandTrack.cpp (TU not native-compiled)
m10_link_stubs.cpp	BandUser::GetControllerSym() const	harmony,vocal2	harmony,vocal2			UNREACHED: src body in band3/game/BandUser.cpp (TU not native-compiled)
m10_link_stubs.cpp	BandUser::GetDifficulty() const	harmony,vocal2	harmony,vocal2		harmony:8 vocal2:25	REACHED/KEPT: real (BandUser.cpp:78) reads mDifficulty; vocal drivers run with no BandUser; BandUser.cpp needs net/session
m10_link_stubs.cpp	BandUser::GetSlot() const	harmony,vocal2	harmony,vocal2			UNREACHED: src body in band3/game/BandUser.cpp (TU not native-compiled)
m10_link_stubs.cpp	BandUser::GetTrackSym() const	harmony,vocal2	harmony,vocal2			UNREACHED: src body in band3/game/BandUser.cpp (TU not native-compiled)
m10_link_stubs.cpp	BandUser::Handle(DataArray*, bool)	harmony,vocal2				UNREFERENCED by other objects (kept: intra-TU/vtable use)
m10_link_stubs.cpp	BandUser::Reset()	harmony,vocal2				UNREFERENCED by other objects (kept: intra-TU/vtable use)
m10_link_stubs.cpp	BandUser::SyncProperty(DataNode&, DataArray*, int, PropOp)	harmony,vocal2				UNREFERENCED by other objects (kept: intra-TU/vtable use)
m10_link_stubs.cpp	BandUser::SyncSave(BinStream&, unsigned int) const	harmony,vocal2				UNREFERENCED by other objects (kept: intra-TU/vtable use)
m10_link_stubs.cpp	BandUser::~BandUser()	harmony,vocal2				UNREFERENCED by other objects (kept: intra-TU/vtable use)
m10_link_stubs.cpp	BandUser::~BandUser()	harmony,vocal2				UNREFERENCED by other objects (kept: intra-TU/vtable use)
m10_link_stubs.cpp	BandUser::~BandUser()	harmony,vocal2				UNREFERENCED by other objects (kept: intra-TU/vtable use)
m10_link_stubs.cpp	BandUserMgr::GetNullUser() const	harmony,vocal2	harmony,vocal2			UNREACHED: src body in band3/game/BandUserMgr.cpp (TU not native-compiled)
m10_link_stubs.cpp	BandUserMgr::GetParticipatingBandUsers(std::vector<BandUser*, std::allocator<BandUser*> >&) const	harmony,vocal2	harmony,vocal2			UNREACHED: src body in band3/game/BandUserMgr.cpp (TU not native-compiled)
m10_link_stubs.cpp	BandUserMgr::GetUserFromSlot(int) const	harmony,vocal2	harmony,vocal2			UNREACHED: src body in band3/game/BandUserMgr.cpp (TU not native-compiled)
m10_link_stubs.cpp	BandUserMgr::IsMultiplayerGame() const	harmony,vocal2	harmony,vocal2			UNREACHED: src body in band3/game/BandUserMgr.cpp (TU not native-compiled)
m10_link_stubs.cpp	Game::ForceTrackerStars(int)	harmony,vocal2	harmony,vocal2	milo,render		UNREACHED: real TU compiles natively in milo,render but its closure is not linked here
m10_link_stubs.cpp	Game::NumActivePlayers() const	harmony,vocal2	harmony,vocal2	milo,render		UNREACHED: real TU compiles natively in milo,render but its closure is not linked here
m10_link_stubs.cpp	Game::OnPlayerAddEnergy(Player*, float)	harmony,vocal2	harmony,vocal2	milo,render	crowd:15 score3:2 score4:8	REACHED/KEPT: real (Game.cpp:1348) forwards to mTrackerManager, null in the drivers' calloc'd Game; Game.cpp links only in milo/render
m10_link_stubs.cpp	Game::OnPlayerQuarantined(Player*)	harmony,vocal2	harmony,vocal2	milo,render		UNREACHED: real TU compiles natively in milo,render but its closure is not linked here
m10_link_stubs.cpp	Game::OnPlayerSaved(Player*)	harmony,vocal2	harmony,vocal2	milo,render		UNREACHED: real TU compiles natively in milo,render but its closure is not linked here
m10_link_stubs.cpp	Game::OnRemoteTrackerDeploy(Player*)	harmony,vocal2	harmony,vocal2	milo,render		UNREACHED: real TU compiles natively in milo,render but its closure is not linked here
m10_link_stubs.cpp	Game::OnRemoteTrackerEndDeployStreak(Player*, int)	harmony,vocal2	harmony,vocal2	milo,render		UNREACHED: real TU compiles natively in milo,render but its closure is not linked here
m10_link_stubs.cpp	Game::OnRemoteTrackerEndStreak(Player*, int, int)	harmony,vocal2	harmony,vocal2	milo,render		UNREACHED: real TU compiles natively in milo,render but its closure is not linked here
m10_link_stubs.cpp	Game::OnRemoteTrackerFocus(Player*, int, int, int)	harmony,vocal2	harmony,vocal2	milo,render		UNREACHED: real TU compiles natively in milo,render but its closure is not linked here
m10_link_stubs.cpp	Game::OnRemoteTrackerPlayerDisplay(Player*, int, int, int)	harmony,vocal2	harmony,vocal2	milo,render		UNREACHED: real TU compiles natively in milo,render but its closure is not linked here
m10_link_stubs.cpp	Game::OnRemoteTrackerPlayerProgress(Player*, float)	harmony,vocal2	harmony,vocal2	milo,render		UNREACHED: real TU compiles natively in milo,render but its closure is not linked here
m10_link_stubs.cpp	Game::OnRemoteTrackerSectionComplete(Player*, int, int, int)	harmony,vocal2	harmony,vocal2	milo,render		UNREACHED: real TU compiles natively in milo,render but its closure is not linked here
m10_link_stubs.cpp	Game::ResumedNoScore() const	harmony,vocal2	harmony,vocal2	milo,render		UNREACHED: real TU compiles natively in milo,render but its closure is not linked here
m10_link_stubs.cpp	Game::SetGameOver(bool)	harmony,vocal2	harmony,vocal2	milo,render		UNREACHED: real TU compiles natively in milo,render but its closure is not linked here
m10_link_stubs.cpp	GameConfig::CanEndGame() const	harmony,vocal2	harmony,vocal2			UNREACHED: src body in band3/game/GameConfig.cpp (TU not native-compiled)
m10_link_stubs.cpp	GameConfig::ChangeDifficulty(BandUser*, int)	harmony,vocal2	harmony,vocal2			UNREACHED: src body in band3/game/GameConfig.cpp (TU not native-compiled)
m10_link_stubs.cpp	GetTrackPanel()	harmony,vocal2	harmony,vocal2	milo,render	crowd:15 score4:16	REACHED/KEPT: behaviour-identical; real (TrackPanel.cpp:78) returns TheTrackPanel, null headless
m10_link_stubs.cpp	GetTrackPanelDir()	harmony,vocal2	harmony,vocal2	milo,render		UNREACHED: real TU compiles natively in milo,render but its closure is not linked here
m10_link_stubs.cpp	LocalBandUser::HasShownIntroHelp(TrackType) const	harmony,vocal2	harmony,vocal2			UNREACHED: src body in band3/game/BandUser.cpp (TU not native-compiled)
m10_link_stubs.cpp	LocalBandUser::SetShownIntroHelp(TrackType, bool)	harmony,vocal2	harmony,vocal2			UNREACHED: src body in band3/game/BandUser.cpp (TU not native-compiled)
m10_link_stubs.cpp	MetaPerformer::Current()	harmony,vocal2	harmony,vocal2		crowd:3971 harmony:56 score3:19 score4:2039 vocal2:63	REACHED/KEPT: behaviour-identical; real (MetaPerformer.cpp:199) returns sMetaPerformer, null headless
m10_link_stubs.cpp	Net::Handle(DataArray*, bool)	harmony,vocal2				UNREFERENCED by other objects (kept: intra-TU/vtable use)
m10_link_stubs.cpp	Net::Net()	harmony,vocal2	harmony,vocal2		crowd:1 harmony:1 score2:1 score3:1 score4:1 vocal:1 vocal2:1	REACHED/OUT-OF-SCOPE: src/network
m10_link_stubs.cpp	Net::Net()	harmony,vocal2			crowd:1 harmony:1 score2:1 score3:1 score4:1 vocal:1 vocal2:1	REACHED/OUT-OF-SCOPE: src/network
m10_link_stubs.cpp	NetMessageFactory::GetNetMessageByteCode(String) const	harmony,vocal2				UNREFERENCED by other objects (kept: intra-TU/vtable use)
m10_link_stubs.cpp	NetSession::SendMsg(User*, NetMessage&, PacketType)	harmony,vocal2	harmony,vocal2			UNREACHED: src body in network/net/NetSession.cpp (TU not native-compiled)
m10_link_stubs.cpp	NetSession::SendMsgToAll(NetMessage&, PacketType)	harmony,vocal2	harmony,vocal2			UNREACHED: src body in network/net/NetSession.cpp (TU not native-compiled)
m10_link_stubs.cpp	OverdriveMeter::SetEnergy(float, OverdriveMeter::State, Symbol, float, bool)	harmony,vocal2	harmony,vocal2			UNREACHED: src body in system/bandobj/OverdriveMeter.cpp (TU not native-compiled)
m10_link_stubs.cpp	Performer::CodaScore() const	harmony,vocal2	harmony,vocal2	milo,render		UNREACHED: real TU compiles natively in milo,render but its closure is not linked here
m10_link_stubs.cpp	Performer::GetAccumulatedScore() const	harmony,vocal2	harmony,vocal2	milo,render		UNREACHED: real TU compiles natively in milo,render but its closure is not linked here
m10_link_stubs.cpp	Performer::GetTotalStars() const	harmony,vocal2	harmony,vocal2	milo,render		UNREACHED: real TU compiles natively in milo,render but its closure is not linked here
m10_link_stubs.cpp	Performer::IsNet() const	harmony,vocal2	harmony,vocal2			UNREACHED: src body in band3/bandtrack/VocalTrack.cpp (TU not native-compiled)
m10_link_stubs.cpp	Player::AllowWarningState() const	harmony,vocal2	harmony,vocal2			UNREACHED: src body in band3/bandtrack/Track.cpp (TU not native-compiled)
m10_link_stubs.cpp	Player::InFill() const	harmony,vocal2	harmony,vocal2			UNREACHED: src body in band3/bandtrack/Track.cpp (TU not native-compiled)
m10_link_stubs.cpp	Player::InFreestyleSection() const	harmony,vocal2	harmony,vocal2			UNREACHED: src body in band3/bandtrack/Track.cpp (TU not native-compiled)
m10_link_stubs.cpp	Player::InTambourinePhrase() const	harmony,vocal2	harmony,vocal2			UNREACHED: src body in band3/bandtrack/VocalTrack.cpp (TU not native-compiled)
m10_link_stubs.cpp	PlayerGameplayMsg::Dispatch()	harmony,vocal2		milo,render		UNREFERENCED by other objects (kept: intra-TU/vtable use)
m10_link_stubs.cpp	PlayerGameplayMsg::Load(BinStream&)	harmony,vocal2		milo,render		UNREFERENCED by other objects (kept: intra-TU/vtable use)
m10_link_stubs.cpp	PlayerGameplayMsg::PlayerGameplayMsg(User*, int, int, int, int)	harmony,vocal2	harmony,vocal2	milo,render		UNREACHED: real TU compiles natively in milo,render but its closure is not linked here
m10_link_stubs.cpp	PlayerGameplayMsg::PlayerGameplayMsg(User*, int, int, int, int)	harmony,vocal2		milo,render		UNREFERENCED by other objects (kept: intra-TU/vtable use)
m10_link_stubs.cpp	PlayerGameplayMsg::Save(BinStream&) const	harmony,vocal2		milo,render		UNREFERENCED by other objects (kept: intra-TU/vtable use)
m10_link_stubs.cpp	PlayerStatsMsg::Dispatch()	harmony,vocal2		milo,render		UNREFERENCED by other objects (kept: intra-TU/vtable use)
m10_link_stubs.cpp	PlayerStatsMsg::Load(BinStream&)	harmony,vocal2		milo,render		UNREFERENCED by other objects (kept: intra-TU/vtable use)
m10_link_stubs.cpp	PlayerStatsMsg::PlayerStatsMsg(User*, int, Stats const&)	harmony,vocal2	harmony,vocal2	milo,render		UNREACHED: real TU compiles natively in milo,render but its closure is not linked here
m10_link_stubs.cpp	PlayerStatsMsg::PlayerStatsMsg(User*, int, Stats const&)	harmony,vocal2		milo,render		UNREFERENCED by other objects (kept: intra-TU/vtable use)
m10_link_stubs.cpp	PlayerStatsMsg::Save(BinStream&) const	harmony,vocal2		milo,render		UNREFERENCED by other objects (kept: intra-TU/vtable use)
m10_link_stubs.cpp	SongDB::AddPhrase(BeatmatchPhraseType, int, Phrase const&)	harmony,vocal2	harmony,vocal2			UNREACHED: src body in band3/game/SongDB.cpp (TU not native-compiled)
m10_link_stubs.cpp	SongDB::AddTrack(int, Symbol, SongInfoAudioType, TrackType, bool)	harmony,vocal2	harmony,vocal2			UNREACHED: src body in band3/game/SongDB.cpp (TU not native-compiled)
m10_link_stubs.cpp	SongDB::ClearTrackPhrases(int)	harmony,vocal2	harmony,vocal2			UNREACHED: src body in band3/game/SongDB.cpp (TU not native-compiled)
m10_link_stubs.cpp	SongDB::GetCommonPhraseExtent(int, int, Extent&)	harmony,vocal2	harmony,vocal2			UNREACHED: src body in band3/game/SongDB.cpp (TU not native-compiled)
m10_link_stubs.cpp	SongDB::GetGemList(int) const	harmony,vocal2	harmony,vocal2			UNREACHED: src body in band3/game/SongDB.cpp (TU not native-compiled)
m10_link_stubs.cpp	SongDB::GetNumOverdrivePhrases(int) const	harmony,vocal2	harmony,vocal2			UNREACHED: src body in band3/game/SongDB.cpp (TU not native-compiled)
m10_link_stubs.cpp	SongDB::GetNumUnisonPhrases(int) const	harmony,vocal2	harmony,vocal2			UNREACHED: src body in band3/game/SongDB.cpp (TU not native-compiled)
m10_link_stubs.cpp	SongDB::RebuildPhrases(int)	harmony,vocal2	harmony,vocal2			UNREACHED: src body in band3/game/SongDB.cpp (TU not native-compiled)
m10_link_stubs.cpp	SongDB::SetNumTracks(int)	harmony,vocal2	harmony,vocal2			UNREACHED: src body in band3/game/SongDB.cpp (TU not native-compiled)
m10_link_stubs.cpp	TheNetMessageFactory	harmony,vocal2				SYMBOL/GLOBAL link satisfier (unreached)
m10_link_stubs.cpp	TrackPanel::PlaySequence(char const*, float, float, float)	harmony,vocal2	harmony,vocal2	milo,render		UNREACHED: real TU compiles natively in milo,render but its closure is not linked here
m10_link_stubs.cpp	TrackPanel::UnisonPlayerFailure(Player*)	harmony,vocal2	harmony,vocal2	milo,render		UNREACHED: real TU compiles natively in milo,render but its closure is not linked here
m10_link_stubs.cpp	TrackPanel::UnisonPlayerSuccess(Player*)	harmony,vocal2	harmony,vocal2	milo,render		UNREACHED: real TU compiles natively in milo,render but its closure is not linked here
m10_link_stubs.cpp	TrackPanel::UnisonStart(int)	harmony,vocal2	harmony,vocal2	milo,render		UNREACHED: real TU compiles natively in milo,render but its closure is not linked here
m10_link_stubs.cpp	VTT for BandUser	harmony,vocal2				RTTI/VTABLE emitted for a stubbed class (unreached)
m10_link_stubs.cpp	typeinfo for BandUser	harmony,vocal2	harmony,vocal2			RTTI/VTABLE emitted for a stubbed class (unreached)
m10_link_stubs.cpp	typeinfo for Net	harmony,vocal2				RTTI/VTABLE emitted for a stubbed class (unreached)
m10_link_stubs.cpp	typeinfo for PlayerGameplayMsg	harmony,vocal2		milo,render		RTTI/VTABLE emitted for a stubbed class (unreached)
m10_link_stubs.cpp	typeinfo for PlayerStatsMsg	harmony,vocal2		milo,render		RTTI/VTABLE emitted for a stubbed class (unreached)
m10_link_stubs.cpp	typeinfo name for BandUser	harmony,vocal2				RTTI/VTABLE emitted for a stubbed class (unreached)
m10_link_stubs.cpp	typeinfo name for Net	harmony,vocal2				RTTI/VTABLE emitted for a stubbed class (unreached)
m10_link_stubs.cpp	typeinfo name for PlayerGameplayMsg	harmony,vocal2		milo,render		RTTI/VTABLE emitted for a stubbed class (unreached)
m10_link_stubs.cpp	typeinfo name for PlayerStatsMsg	harmony,vocal2		milo,render		RTTI/VTABLE emitted for a stubbed class (unreached)
m10_link_stubs.cpp	virtual thunk to BandUser::Handle(DataArray*, bool)	harmony,vocal2				RTTI/VTABLE emitted for a stubbed class (unreached)
m10_link_stubs.cpp	virtual thunk to BandUser::Reset()	harmony,vocal2				RTTI/VTABLE emitted for a stubbed class (unreached)
m10_link_stubs.cpp	virtual thunk to BandUser::SyncProperty(DataNode&, DataArray*, int, PropOp)	harmony,vocal2				RTTI/VTABLE emitted for a stubbed class (unreached)
m10_link_stubs.cpp	virtual thunk to BandUser::SyncSave(BinStream&, unsigned int) const	harmony,vocal2				RTTI/VTABLE emitted for a stubbed class (unreached)
m10_link_stubs.cpp	virtual thunk to BandUser::~BandUser()	harmony,vocal2				RTTI/VTABLE emitted for a stubbed class (unreached)
m10_link_stubs.cpp	virtual thunk to BandUser::~BandUser()	harmony,vocal2				RTTI/VTABLE emitted for a stubbed class (unreached)
m10_link_stubs.cpp	vtable for BandUser	harmony,vocal2				RTTI/VTABLE emitted for a stubbed class (unreached)
m10_link_stubs.cpp	vtable for Net	harmony,vocal2				RTTI/VTABLE emitted for a stubbed class (unreached)
m10_link_stubs.cpp	vtable for PlayerGameplayMsg	harmony,vocal2		milo,render		RTTI/VTABLE emitted for a stubbed class (unreached)
m10_link_stubs.cpp	vtable for PlayerStatsMsg	harmony,vocal2	harmony,vocal2	milo,render		RTTI/VTABLE emitted for a stubbed class (unreached)
m10_support.cpp	GameMic::AccessContinuousSamples(short const*&, int&) const	harmony,vocal2	harmony,vocal2		harmony:24802 vocal2:25203	REACHED/DRIVER-SUPPORT: synthetic headless substitute by design (see doc)
m10_support.cpp	GameMic::GameMic(int)	harmony,vocal2			harmony:2 vocal2:1	REACHED/DRIVER-SUPPORT: synthetic headless substitute by design (see doc)
m10_support.cpp	GameMic::GameMic(int)	harmony,vocal2			harmony:2 vocal2:1	REACHED/DRIVER-SUPPORT: synthetic headless substitute by design (see doc)
m10_support.cpp	GameMic::GetDataSampleRate()	harmony,vocal2				DRIVER-SUPPORT (unreached)
m10_support.cpp	GameMic::GetMyMic()	harmony,vocal2	harmony,vocal2		harmony:24802 vocal2:25203	REACHED/DRIVER-SUPPORT: synthetic headless substitute by design (see doc)
m10_support.cpp	GameMic::SetEnablePitchDetection(bool)	harmony,vocal2	harmony,vocal2		harmony:24802 vocal2:25203	REACHED/DRIVER-SUPPORT: synthetic headless substitute by design (see doc)
m10_support.cpp	GameMic::SetInputFile(char const*)	harmony,vocal2				DRIVER-SUPPORT (unreached)
m10_support.cpp	GameMic::Update()	harmony,vocal2	harmony,vocal2		harmony:24802 vocal2:25203	REACHED/DRIVER-SUPPORT: synthetic headless substitute by design (see doc)
m10_support.cpp	GameMic::~GameMic()	harmony,vocal2				DRIVER-SUPPORT (unreached)
m10_support.cpp	GameMic::~GameMic()	harmony,vocal2				DRIVER-SUPPORT (unreached)
m10_support.cpp	GameMicManager::GetEnergyForMic(MicClientID const&)	harmony,vocal2				DRIVER-SUPPORT (unreached)
m10_support.cpp	GameMicManager::GetMic(MicClientID const&)	harmony,vocal2	harmony,vocal2		harmony:74406 vocal2:75609	REACHED/DRIVER-SUPPORT: synthetic headless substitute by design (see doc)
m10_support.cpp	GameMicManager::GetMicCount() const	harmony,vocal2	harmony,vocal2		harmony:12401 vocal2:25203	REACHED/DRIVER-SUPPORT: synthetic headless substitute by design (see doc)
m10_support.cpp	GameMicManager::HandleMicsChanged()	harmony,vocal2				DRIVER-SUPPORT (unreached)
m10_support.cpp	GameMicManager::HasMic(MicClientID const&) const	harmony,vocal2	harmony,vocal2			DRIVER-SUPPORT (unreached)
m10_support.cpp	GameMicManager::Poll(float)	harmony,vocal2	harmony,vocal2			DRIVER-SUPPORT (unreached)
m10_support.cpp	GameMicManager::SetOverdriveEffectEnable(bool)	harmony,vocal2	harmony,vocal2		harmony:12401 vocal2:25203	REACHED/DRIVER-SUPPORT: synthetic headless substitute by design (see doc)
m10_support.cpp	GameMicManager::SetPitchCorrectionTarget(bool, bool, float, float, float, float, float)	harmony,vocal2	harmony,vocal2		harmony:12401 vocal2:25203	REACHED/DRIVER-SUPPORT: synthetic headless substitute by design (see doc)
m10_support.cpp	GameMicManager::SetPlayback(bool)	harmony,vocal2				DRIVER-SUPPORT (unreached)
m10_support.cpp	NativeMakeGameMicManager(int)	harmony,vocal2	harmony,vocal2		harmony:1 vocal2:1	REACHED/DRIVER-SUPPORT: synthetic headless substitute by design (see doc)
m10_support.cpp	NativeMakeNetSession()	harmony,vocal2	harmony,vocal2		harmony:1 vocal2:1	REACHED/DRIVER-SUPPORT: synthetic headless substitute by design (see doc)
m10_support.cpp	NativeSetMicFrame(int, float, float)	harmony,vocal2	harmony,vocal2		harmony:24802 vocal2:25203	REACHED/DRIVER-SUPPORT: synthetic headless substitute by design (see doc)
m10_support.cpp	NativeSetMicSamples(int, short const*, int)	harmony,vocal2	harmony		harmony:24802	REACHED/DRIVER-SUPPORT: synthetic headless substitute by design (see doc)
m10_support.cpp	SongDB::GetPitchOffsetForTick(int) const	harmony,vocal2	harmony,vocal2		harmony:12401 vocal2:25203	REACHED/DRIVER-SUPPORT: synthetic headless substitute by design (see doc)
m10_support.cpp	SongDB::GetVocalNoteList(int) const	harmony,vocal2	harmony,vocal2		harmony:3 vocal2:1	REACHED/DRIVER-SUPPORT: synthetic headless substitute by design (see doc)
m10_support.cpp	SongDB::GetVocalNoteListCount() const	harmony,vocal2	harmony,vocal2		harmony:1 vocal2:1	REACHED/DRIVER-SUPPORT: synthetic headless substitute by design (see doc)
m10_support.cpp	SongDB::OverrideBasePoints(int, TrackType, UserGuid const&, int, int, int)	harmony,vocal2	harmony,vocal2			DRIVER-SUPPORT (unreached)
m10_support.cpp	TheGameMicManager	harmony,vocal2	harmony,vocal2			DRIVER-SUPPORT (unreached)
m10_support.cpp	gNativeMicCount	harmony,vocal2				DRIVER-SUPPORT (unreached)
m10_support.cpp	gNativeMics	harmony,vocal2				DRIVER-SUPPORT (unreached)
m1_link_stubs.s	AllowedToAccessContent(int)	song	song	milo,render		UNREACHED: real TU compiles natively in milo,render but its closure is not linked here
m1_link_stubs.s	BandMachineMgr::GetLocalMachine() const	song	song			UNREACHED: src body in band3/meta_band/BandMachineMgr.cpp (TU not native-compiled)
m1_link_stubs.s	BandMachineMgr::IsSongAllowedToHavePart(int, Symbol) const	song	song			UNREACHED: src body in band3/meta_band/BandMachineMgr.cpp (TU not native-compiled)
m1_link_stubs.s	BandMachineMgr::IsSongShared(int) const	song	song			UNREACHED: src body in band3/meta_band/BandMachineMgr.cpp (TU not native-compiled)
m1_link_stubs.s	BandUser::GetControllerSym() const	song	song			UNREACHED: src body in band3/game/BandUser.cpp (TU not native-compiled)
m1_link_stubs.s	BandUserMgr::GetParticipatingBandUsers(std::vector<BandUser*, std::allocator<BandUser*> >&) const	song	song			UNREACHED: src body in band3/game/BandUserMgr.cpp (TU not native-compiled)
m1_link_stubs.s	LicenseMgr::ClearCachedContent()	song	song			UNREACHED: src body in band3/meta_band/LicenseMgr.cpp (TU not native-compiled)
m1_link_stubs.s	LicenseMgr::ClearLicenseCacheNeedsWrite()	song	song			UNREACHED: src body in band3/meta_band/LicenseMgr.cpp (TU not native-compiled)
m1_link_stubs.s	LicenseMgr::HasLicense(Symbol) const	song	song			UNREACHED: src body in band3/meta_band/LicenseMgr.cpp;band3/meta_band/SongUpgradeMgr.cpp (TU not native-compiled)
m1_link_stubs.s	LicenseMgr::LicenseCacheNeedsWrite() const	song	song			UNREACHED: src body in band3/meta_band/LicenseMgr.cpp (TU not native-compiled)
m1_link_stubs.s	LicenseMgr::LicenseMgr()	song	song			UNREACHED: src body in band3/meta_band/LicenseMgr.cpp (TU not native-compiled)
m1_link_stubs.s	LicenseMgr::ReadCachedMetadataFromStream(BinStream&, int)	song	song			UNREACHED: src body in band3/meta_band/LicenseMgr.cpp (TU not native-compiled)
m1_link_stubs.s	LicenseMgr::WriteCachedMetadataToStream(BinStream&) const	song	song			UNREACHED: src body in band3/meta_band/LicenseMgr.cpp (TU not native-compiled)
m1_link_stubs.s	LocalBandMachine::SetAvailableSongs(std::set<int, std::less<int>, std::allocator<int> > const&)	song	song			UNREACHED: src body in band3/meta_band/BandMachine.cpp (TU not native-compiled)
m1_link_stubs.s	LocalBandMachine::SetProGuitarOrBassSongs(std::set<int, std::less<int>, std::allocator<int> > const&)	song	song			UNREACHED: src body in band3/meta_band/BandMachine.cpp (TU not native-compiled)
m1_link_stubs.s	ProfileMgr::GetSignedInProfiles()	song	song			UNREACHED: src body in band3/meta_band/ProfileMgr.cpp (TU not native-compiled)
m1_link_stubs.s	RockCentral::SyncAvailableSongs(std::vector<BandProfile*, std::allocator<BandProfile*> > const&, std::vector<int, std::allocator<int> > const&, std::vector<int, std::allocator<int> > const&, Hmx::Object*)	song	song			UNREACHED: src body in band3/net_band/RockCentral.cpp (TU not native-compiled)
m1_link_stubs.s	SaveLoadManager::AutoSave()	song	song			UNREACHED: src body in band3/meta_band/SaveLoadManager.cpp (TU not native-compiled)
m1_link_stubs.s	TheGameMode	song	song			UNREACHED: src body in band3/game/GameMode.cpp;band3/game/GameMode.h (TU not native-compiled)
m1_link_stubs.s	TheProfileMgr	song	song			UNREACHED: src body in band3/meta_band/ProfileMgr.cpp;band3/meta_band/ProfileMgr.h (TU not native-compiled)
m1_link_stubs.s	TheRockCentral	song	song			UNREACHED: src body in band3/net_band/RockCentral.cpp;band3/net_band/RockCentral.h (TU not native-compiled)
m1_link_stubs.s	TheSaveLoadMgr	song	song			UNREACHED: src body in band3/meta_band/SaveLoadManager.cpp;band3/meta_band/SaveLoadManager.h (TU not native-compiled)
m1_link_stubs.s	TheSessionMgr	song	song			UNREACHED: src body in band3/meta_band/OvershellPanel.cpp;band3/meta_band/SessionMgr.cpp;band3/meta_band/SessionMgr.h (TU not native-compiled)
m1_link_stubs.s	TheUIEventMgr	song	song			UNREACHED: src body in band3/meta_band/UIEventMgr.cpp;band3/meta_band/UIEventMgr.h (TU not native-compiled)
m1_link_stubs.s	UIEventMgr::TriggerEvent(Symbol, DataArray*)	song	song			UNREACHED: src body in band3/meta_band/UIEventMgr.cpp (TU not native-compiled)
m1_symbols.cpp	InitM1Symbols()	song	song			UNREACHED: no src body (decomp gap or platform)
m1_symbols.cpp	add_recent_song	song	song			SYMBOL/GLOBAL link satisfier (unreached)
m1_symbols.cpp	album_art	song				SYMBOL/GLOBAL link satisfier (unreached)
m1_symbols.cpp	album_name	song				SYMBOL/GLOBAL link satisfier (unreached)
m1_symbols.cpp	album_track_number	song				SYMBOL/GLOBAL link satisfier (unreached)
m1_symbols.cpp	alt_dirs	song				SYMBOL/GLOBAL link satisfier (unreached)
m1_symbols.cpp	alternate_path	song				SYMBOL/GLOBAL link satisfier (unreached)
m1_symbols.cpp	anim_tempo	song	song			SYMBOL/GLOBAL link satisfier (unreached)
m1_symbols.cpp	artist	song				SYMBOL/GLOBAL link satisfier (unreached)
m1_symbols.cpp	band	song				SYMBOL/GLOBAL link satisfier (unreached)
m1_symbols.cpp	band_fail_cue	song				SYMBOL/GLOBAL link satisfier (unreached)
m1_symbols.cpp	bank	song				SYMBOL/GLOBAL link satisfier (unreached)
m1_symbols.cpp	base_points	song				SYMBOL/GLOBAL link satisfier (unreached)
m1_symbols.cpp	bass	song				SYMBOL/GLOBAL link satisfier (unreached)
m1_symbols.cpp	bonus	song				SYMBOL/GLOBAL link satisfier (unreached)
m1_symbols.cpp	cheat_toggle_max_song_count	song	song			SYMBOL/GLOBAL link satisfier (unreached)
m1_symbols.cpp	disc_update	song				SYMBOL/GLOBAL link satisfier (unreached)
m1_symbols.cpp	dlc	song				SYMBOL/GLOBAL link satisfier (unreached)
m1_symbols.cpp	drum	song				SYMBOL/GLOBAL link satisfier (unreached)
m1_symbols.cpp	drum_bank	song				SYMBOL/GLOBAL link satisfier (unreached)
m1_symbols.cpp	encoding	song				SYMBOL/GLOBAL link satisfier (unreached)
m1_symbols.cpp	extra_authoring	song				SYMBOL/GLOBAL link satisfier (unreached)
m1_symbols.cpp	fake	song				SYMBOL/GLOBAL link satisfier (unreached)
m1_symbols.cpp	genre	song	song			SYMBOL/GLOBAL link satisfier (unreached)
m1_symbols.cpp	get_fake_songs_allowed	song	song			SYMBOL/GLOBAL link satisfier (unreached)
m1_symbols.cpp	get_max_song_count	song	song			SYMBOL/GLOBAL link satisfier (unreached)
m1_symbols.cpp	get_meta_data	song	song			SYMBOL/GLOBAL link satisfier (unreached)
m1_symbols.cpp	guide_pitch_volume	song				SYMBOL/GLOBAL link satisfier (unreached)
m1_symbols.cpp	guitar	song				SYMBOL/GLOBAL link satisfier (unreached)
m1_symbols.cpp	has_license	song	song			SYMBOL/GLOBAL link satisfier (unreached)
m1_symbols.cpp	has_part	song	song			SYMBOL/GLOBAL link satisfier (unreached)
m1_symbols.cpp	has_song	song	song			SYMBOL/GLOBAL link satisfier (unreached)
m1_symbols.cpp	has_upgrade	song	song			SYMBOL/GLOBAL link satisfier (unreached)
m1_symbols.cpp	id	song	song			SYMBOL/GLOBAL link satisfier (unreached)
m1_symbols.cpp	init_msg	song				SYMBOL/GLOBAL link satisfier (unreached)
m1_symbols.cpp	is_demo	song	song			SYMBOL/GLOBAL link satisfier (unreached)
m1_symbols.cpp	is_download	song	song			SYMBOL/GLOBAL link satisfier (unreached)
m1_symbols.cpp	is_ugc	song	song			SYMBOL/GLOBAL link satisfier (unreached)
m1_symbols.cpp	is_ugc_plus	song	song			SYMBOL/GLOBAL link satisfier (unreached)
m1_symbols.cpp	keys	song				SYMBOL/GLOBAL link satisfier (unreached)
m1_symbols.cpp	latin1	song				SYMBOL/GLOBAL link satisfier (unreached)
m1_symbols.cpp	length_ms	song	song			SYMBOL/GLOBAL link satisfier (unreached)
m1_symbols.cpp	master	song				SYMBOL/GLOBAL link satisfier (unreached)
m1_symbols.cpp	max_song_count	song	song			SYMBOL/GLOBAL link satisfier (unreached)
m1_symbols.cpp	max_song_count_debug	song	song			SYMBOL/GLOBAL link satisfier (unreached)
m1_symbols.cpp	midi_file	song	song			SYMBOL/GLOBAL link satisfier (unreached)
m1_symbols.cpp	mute_win_cues	song	song			SYMBOL/GLOBAL link satisfier (unreached)
m1_symbols.cpp	name	song				SYMBOL/GLOBAL link satisfier (unreached)
m1_symbols.cpp	none	song				SYMBOL/GLOBAL link satisfier (unreached)
m1_symbols.cpp	num_rank_tiers	song	song			SYMBOL/GLOBAL link satisfier (unreached)
m1_symbols.cpp	num_vocal_parts	song	song			SYMBOL/GLOBAL link satisfier (unreached)
m1_symbols.cpp	part_plays_in_song	song	song			SYMBOL/GLOBAL link satisfier (unreached)
m1_symbols.cpp	rank	song				SYMBOL/GLOBAL link satisfier (unreached)
m1_symbols.cpp	rank_tier	song	song			SYMBOL/GLOBAL link satisfier (unreached)
m1_symbols.cpp	rank_tier_for_song	song	song			SYMBOL/GLOBAL link satisfier (unreached)
m1_symbols.cpp	rank_tier_token	song	song			SYMBOL/GLOBAL link satisfier (unreached)
m1_symbols.cpp	rating	song	song			SYMBOL/GLOBAL link satisfier (unreached)
m1_symbols.cpp	rb1_dlc	song				SYMBOL/GLOBAL link satisfier (unreached)
m1_symbols.cpp	rb3_dlc	song				SYMBOL/GLOBAL link satisfier (unreached)
m1_symbols.cpp	real_bass	song				SYMBOL/GLOBAL link satisfier (unreached)
m1_symbols.cpp	real_bass_tuning	song				SYMBOL/GLOBAL link satisfier (unreached)
m1_symbols.cpp	real_guitar	song				SYMBOL/GLOBAL link satisfier (unreached)
m1_symbols.cpp	real_guitar_tuning	song				SYMBOL/GLOBAL link satisfier (unreached)
m1_symbols.cpp	set_fake_songs_allowed	song	song			SYMBOL/GLOBAL link satisfier (unreached)
m1_symbols.cpp	solo	song				SYMBOL/GLOBAL link satisfier (unreached)
m1_symbols.cpp	song_file_path	song	song			SYMBOL/GLOBAL link satisfier (unreached)
m1_symbols.cpp	song_groupings	song				SYMBOL/GLOBAL link satisfier (unreached)
m1_symbols.cpp	song_key	song				SYMBOL/GLOBAL link satisfier (unreached)
m1_symbols.cpp	song_length	song				SYMBOL/GLOBAL link satisfier (unreached)
m1_symbols.cpp	song_lengths	song				SYMBOL/GLOBAL link satisfier (unreached)
m1_symbols.cpp	song_mgr	song	song			SYMBOL/GLOBAL link satisfier (unreached)
m1_symbols.cpp	song_mgr_full	song				SYMBOL/GLOBAL link satisfier (unreached)
m1_symbols.cpp	song_name	song	song			SYMBOL/GLOBAL link satisfier (unreached)
m1_symbols.cpp	song_path	song	song			SYMBOL/GLOBAL link satisfier (unreached)
m1_symbols.cpp	song_scroll_speed	song				SYMBOL/GLOBAL link satisfier (unreached)
m1_symbols.cpp	song_select	song				SYMBOL/GLOBAL link satisfier (unreached)
m1_symbols.cpp	song_tonality	song				SYMBOL/GLOBAL link satisfier (unreached)
m1_symbols.cpp	sync_shared_songs	song	song			SYMBOL/GLOBAL link satisfier (unreached)
m1_symbols.cpp	title	song	song			SYMBOL/GLOBAL link satisfier (unreached)
m1_symbols.cpp	tuning_offset_cents	song				SYMBOL/GLOBAL link satisfier (unreached)
m1_symbols.cpp	tutorial	song				SYMBOL/GLOBAL link satisfier (unreached)
m1_symbols.cpp	ugc	song				SYMBOL/GLOBAL link satisfier (unreached)
m1_symbols.cpp	ugc_plus	song				SYMBOL/GLOBAL link satisfier (unreached)
m1_symbols.cpp	upgrade_midi_file	song	song			SYMBOL/GLOBAL link satisfier (unreached)
m1_symbols.cpp	vocal_gender	song	song			SYMBOL/GLOBAL link satisfier (unreached)
m1_symbols.cpp	vocal_percussion	song				SYMBOL/GLOBAL link satisfier (unreached)
m1_symbols.cpp	vocal_tonic_note	song				SYMBOL/GLOBAL link satisfier (unreached)
m1_symbols.cpp	vocals	song				SYMBOL/GLOBAL link satisfier (unreached)
m1_symbols.cpp	year_recorded	song	song			SYMBOL/GLOBAL link satisfier (unreached)
m1_symbols.cpp	year_released	song	song			SYMBOL/GLOBAL link satisfier (unreached)
m2_link_stubs.s	DisplayEvents(DataEventList*, float, float)	crowd,gem,harmony,hit,midi,score,score2,score3,score4,vocal,vocal2	crowd,gem,harmony,hit,midi,score,score2,score3,score4,vocal,vocal2			UNREACHED: src body in system/midi/DisplayEvents.cpp (TU not native-compiled)
m4_save_link_stubs.cpp	ProfileMgr::GetSliderStepCount() const	save	save			UNREACHED: src body in band3/meta_band/ProfileMgr.cpp (TU not native-compiled)
m4_save_link_stubs.cpp	TheProfileMgr	save	save			SYMBOL/GLOBAL link satisfier (unreached)
m4_save_link_stubs.cpp	get_lefty	save	save			SYMBOL/GLOBAL link satisfier (unreached)
m4_save_link_stubs.cpp	get_vocal_style	save	save			SYMBOL/GLOBAL link satisfier (unreached)
m4_save_link_stubs.cpp	get_vocal_volume	save	save			SYMBOL/GLOBAL link satisfier (unreached)
m4_save_link_stubs.cpp	set_lefty	save	save			SYMBOL/GLOBAL link satisfier (unreached)
m4_save_link_stubs.cpp	set_vocal_style	save	save			SYMBOL/GLOBAL link satisfier (unreached)
m4_save_link_stubs.cpp	set_vocal_volume	save	save			SYMBOL/GLOBAL link satisfier (unreached)
m6_link_stubs.cpp	BandTrack::DropIn()	score2,score3	score2,score3			UNREACHED: src body in system/bandobj/BandTrack.cpp (TU not native-compiled)
m6_link_stubs.cpp	BandTrack::DropOut()	score2,score3	score2,score3			UNREACHED: src body in system/bandobj/BandTrack.cpp (TU not native-compiled)
m6_link_stubs.cpp	BandTrack::PlayerDisabled()	score2,score3	score2,score3			UNREACHED: src body in system/bandobj/BandTrack.cpp (TU not native-compiled)
m6_link_stubs.cpp	BandTrack::PlayerSaved()	score2,score3	score2,score3			UNREACHED: src body in system/bandobj/BandTrack.cpp (TU not native-compiled)
m6_link_stubs.cpp	BandTrack::PopupHelp(Symbol, bool)	score2,score3	score2,score3			UNREACHED: src body in system/bandobj/BandTrack.cpp (TU not native-compiled)
m6_link_stubs.cpp	BandTrack::SetControllerType(Symbol const&)	score2,score3	score2,score3			UNREACHED: src body in system/bandobj/BandTrack.cpp (TU not native-compiled)
m6_link_stubs.cpp	BandTrack::SetNetTalking(bool)	score2,score3	score2,score3			UNREACHED: src body in system/bandobj/BandTrack.cpp (TU not native-compiled)
m6_link_stubs.cpp	BandTrack::SetQuarantined(bool)	score2,score3	score2,score3			UNREACHED: src body in system/bandobj/BandTrack.cpp (TU not native-compiled)
m6_link_stubs.cpp	BandUser::GetControllerSym() const	score2,score3	score2,score3			UNREACHED: src body in band3/game/BandUser.cpp (TU not native-compiled)
m6_link_stubs.cpp	BandUser::GetDifficulty() const	score2,score3	score2,score3		harmony:8 vocal2:25	REACHED/KEPT: real (BandUser.cpp:78) reads mDifficulty; vocal drivers run with no BandUser; BandUser.cpp needs net/session
m6_link_stubs.cpp	BandUser::GetSlot() const	score2,score3	score2,score3			UNREACHED: src body in band3/game/BandUser.cpp (TU not native-compiled)
m6_link_stubs.cpp	BandUser::GetTrackSym() const	score2,score3	score2,score3			UNREACHED: src body in band3/game/BandUser.cpp (TU not native-compiled)
m6_link_stubs.cpp	BandUser::Handle(DataArray*, bool)	score2,score3				UNREFERENCED by other objects (kept: intra-TU/vtable use)
m6_link_stubs.cpp	BandUser::Reset()	score2,score3				UNREFERENCED by other objects (kept: intra-TU/vtable use)
m6_link_stubs.cpp	BandUser::SyncProperty(DataNode&, DataArray*, int, PropOp)	score2,score3				UNREFERENCED by other objects (kept: intra-TU/vtable use)
m6_link_stubs.cpp	BandUser::SyncSave(BinStream&, unsigned int) const	score2,score3				UNREFERENCED by other objects (kept: intra-TU/vtable use)
m6_link_stubs.cpp	BandUser::~BandUser()	score2,score3				UNREFERENCED by other objects (kept: intra-TU/vtable use)
m6_link_stubs.cpp	BandUser::~BandUser()	score2,score3				UNREFERENCED by other objects (kept: intra-TU/vtable use)
m6_link_stubs.cpp	BandUser::~BandUser()	score2,score3				UNREFERENCED by other objects (kept: intra-TU/vtable use)
m6_link_stubs.cpp	BandUserMgr::GetNullUser() const	score2,score3	score2,score3			UNREACHED: src body in band3/game/BandUserMgr.cpp (TU not native-compiled)
m6_link_stubs.cpp	BandUserMgr::GetParticipatingBandUsers(std::vector<BandUser*, std::allocator<BandUser*> >&) const	score2,score3	score2,score3			UNREACHED: src body in band3/game/BandUserMgr.cpp (TU not native-compiled)
m6_link_stubs.cpp	BandUserMgr::GetUserFromSlot(int) const	score2,score3	score2,score3			UNREACHED: src body in band3/game/BandUserMgr.cpp (TU not native-compiled)
m6_link_stubs.cpp	BandUserMgr::IsMultiplayerGame() const	score2,score3	score2,score3			UNREACHED: src body in band3/game/BandUserMgr.cpp (TU not native-compiled)
m6_link_stubs.cpp	CommonPhraseCapturer::Enabled(Player*, int, int, bool)	score2,score3	score2,score3	crowd,harmony,score4,vocal,vocal2		UNREACHED: real TU compiles natively in crowd,harmony,score4,vocal,vocal2 but its closure is not linked here
m6_link_stubs.cpp	CommonPhraseCapturer::LocalFail(Player*, int, int)	score2,score3	score2,score3	crowd,harmony,score4,vocal,vocal2		UNREACHED: real TU compiles natively in crowd,harmony,score4,vocal,vocal2 but its closure is not linked here
m6_link_stubs.cpp	CommonPhraseCapturer::LocalHitLastGem(Player*, int, int)	score2,score3	score2,score3	crowd,harmony,score4,vocal,vocal2		UNREACHED: real TU compiles natively in crowd,harmony,score4,vocal,vocal2 but its closure is not linked here
m6_link_stubs.cpp	Game::ForceTrackerStars(int)	score2,score3	score2,score3	milo,render		UNREACHED: real TU compiles natively in milo,render but its closure is not linked here
m6_link_stubs.cpp	Game::GetActivePlayers()	score2,score3	score2,score3	milo,render	crowd:2 score4:1	REACHED/DRIVER-SUPPORT
m6_link_stubs.cpp	Game::NumActivePlayers() const	score2,score3	score2,score3	milo,render		UNREACHED: real TU compiles natively in milo,render but its closure is not linked here
m6_link_stubs.cpp	Game::OnPlayerAddEnergy(Player*, float)	score2,score3	score2,score3	milo,render	crowd:15 score3:2 score4:8	REACHED/KEPT: real (Game.cpp:1348) forwards to mTrackerManager, null in the drivers' calloc'd Game; Game.cpp links only in milo/render
m6_link_stubs.cpp	Game::OnPlayerQuarantined(Player*)	score2,score3	score2,score3	milo,render		UNREACHED: real TU compiles natively in milo,render but its closure is not linked here
m6_link_stubs.cpp	Game::OnPlayerSaved(Player*)	score2,score3	score2,score3	milo,render		UNREACHED: real TU compiles natively in milo,render but its closure is not linked here
m6_link_stubs.cpp	Game::OnRemoteTrackerDeploy(Player*)	score2,score3	score2,score3	milo,render		UNREACHED: real TU compiles natively in milo,render but its closure is not linked here
m6_link_stubs.cpp	Game::OnRemoteTrackerEndDeployStreak(Player*, int)	score2,score3	score2,score3	milo,render		UNREACHED: real TU compiles natively in milo,render but its closure is not linked here
m6_link_stubs.cpp	Game::OnRemoteTrackerEndStreak(Player*, int, int)	score2,score3	score2,score3	milo,render		UNREACHED: real TU compiles natively in milo,render but its closure is not linked here
m6_link_stubs.cpp	Game::OnRemoteTrackerFocus(Player*, int, int, int)	score2,score3	score2,score3	milo,render		UNREACHED: real TU compiles natively in milo,render but its closure is not linked here
m6_link_stubs.cpp	Game::OnRemoteTrackerPlayerDisplay(Player*, int, int, int)	score2,score3	score2,score3	milo,render		UNREACHED: real TU compiles natively in milo,render but its closure is not linked here
m6_link_stubs.cpp	Game::OnRemoteTrackerPlayerProgress(Player*, float)	score2,score3	score2,score3	milo,render		UNREACHED: real TU compiles natively in milo,render but its closure is not linked here
m6_link_stubs.cpp	Game::OnRemoteTrackerSectionComplete(Player*, int, int, int)	score2,score3	score2,score3	milo,render		UNREACHED: real TU compiles natively in milo,render but its closure is not linked here
m6_link_stubs.cpp	Game::ResumedNoScore() const	score2,score3	score2,score3	milo,render		UNREACHED: real TU compiles natively in milo,render but its closure is not linked here
m6_link_stubs.cpp	Game::SetGameOver(bool)	score2,score3	score2,score3	milo,render		UNREACHED: real TU compiles natively in milo,render but its closure is not linked here
m6_link_stubs.cpp	GameConfig::CanEndGame() const	score2,score3	score2,score3			UNREACHED: src body in band3/game/GameConfig.cpp (TU not native-compiled)
m6_link_stubs.cpp	GameConfig::ChangeDifficulty(BandUser*, int)	score2,score3	score2,score3			UNREACHED: src body in band3/game/GameConfig.cpp (TU not native-compiled)
m6_link_stubs.cpp	GetTrackPanel()	score2,score3	score2,score3	milo,render	crowd:15 score4:16	REACHED/KEPT: behaviour-identical; real (TrackPanel.cpp:78) returns TheTrackPanel, null headless
m6_link_stubs.cpp	GetTrackPanelDir()	score2,score3	score2,score3	milo,render		UNREACHED: real TU compiles natively in milo,render but its closure is not linked here
m6_link_stubs.cpp	LocalBandUser::HasShownIntroHelp(TrackType) const	score2,score3	score2,score3			UNREACHED: src body in band3/game/BandUser.cpp (TU not native-compiled)
m6_link_stubs.cpp	LocalBandUser::SetShownIntroHelp(TrackType, bool)	score2,score3	score2,score3			UNREACHED: src body in band3/game/BandUser.cpp (TU not native-compiled)
m6_link_stubs.cpp	MetaPerformer::Current()	score2,score3	score2,score3		crowd:3971 harmony:56 score3:19 score4:2039 vocal2:63	REACHED/KEPT: behaviour-identical; real (MetaPerformer.cpp:199) returns sMetaPerformer, null headless
m6_link_stubs.cpp	Net::Handle(DataArray*, bool)	score2,score3				UNREFERENCED by other objects (kept: intra-TU/vtable use)
m6_link_stubs.cpp	Net::Net()	score2,score3	score2,score3		crowd:1 harmony:1 score2:1 score3:1 score4:1 vocal:1 vocal2:1	REACHED/OUT-OF-SCOPE: src/network
m6_link_stubs.cpp	Net::Net()	score2,score3			crowd:1 harmony:1 score2:1 score3:1 score4:1 vocal:1 vocal2:1	REACHED/OUT-OF-SCOPE: src/network
m6_link_stubs.cpp	NetMessageFactory::GetNetMessageByteCode(String) const	score2,score3				UNREFERENCED by other objects (kept: intra-TU/vtable use)
m6_link_stubs.cpp	NetSession::SendMsg(User*, NetMessage&, PacketType)	score2,score3	score2,score3			UNREACHED: src body in network/net/NetSession.cpp (TU not native-compiled)
m6_link_stubs.cpp	NetSession::SendMsgToAll(NetMessage&, PacketType)	score2,score3	score2,score3			UNREACHED: src body in network/net/NetSession.cpp (TU not native-compiled)
m6_link_stubs.cpp	OverdriveMeter::SetEnergy(float, OverdriveMeter::State, Symbol, float, bool)	score2,score3	score2,score3			UNREACHED: src body in system/bandobj/OverdriveMeter.cpp (TU not native-compiled)
m6_link_stubs.cpp	Performer::CodaScore() const	score2,score3	score2,score3	milo,render		UNREACHED: real TU compiles natively in milo,render but its closure is not linked here
m6_link_stubs.cpp	Performer::GetAccumulatedScore() const	score2,score3	score2,score3	milo,render		UNREACHED: real TU compiles natively in milo,render but its closure is not linked here
m6_link_stubs.cpp	Performer::GetTotalStars() const	score2,score3	score2,score3	milo,render		UNREACHED: real TU compiles natively in milo,render but its closure is not linked here
m6_link_stubs.cpp	Performer::IsNet() const	score2,score3	score2,score3			UNREACHED: src body in band3/bandtrack/VocalTrack.cpp (TU not native-compiled)
m6_link_stubs.cpp	Player::AllowWarningState() const	score2,score3	score2,score3			UNREACHED: src body in band3/bandtrack/Track.cpp (TU not native-compiled)
m6_link_stubs.cpp	Player::InFill() const	score2,score3	score2,score3			UNREACHED: src body in band3/bandtrack/Track.cpp (TU not native-compiled)
m6_link_stubs.cpp	Player::InFreestyleSection() const	score2,score3	score2,score3			UNREACHED: src body in band3/bandtrack/Track.cpp (TU not native-compiled)
m6_link_stubs.cpp	Player::InTambourinePhrase() const	score2,score3	score2,score3			UNREACHED: src body in band3/bandtrack/VocalTrack.cpp (TU not native-compiled)
m6_link_stubs.cpp	PlayerGameplayMsg::Dispatch()	score2,score3		milo,render		UNREFERENCED by other objects (kept: intra-TU/vtable use)
m6_link_stubs.cpp	PlayerGameplayMsg::Load(BinStream&)	score2,score3		milo,render		UNREFERENCED by other objects (kept: intra-TU/vtable use)
m6_link_stubs.cpp	PlayerGameplayMsg::PlayerGameplayMsg(User*, int, int, int, int)	score2,score3	score2,score3	milo,render		UNREACHED: real TU compiles natively in milo,render but its closure is not linked here
m6_link_stubs.cpp	PlayerGameplayMsg::PlayerGameplayMsg(User*, int, int, int, int)	score2,score3		milo,render		UNREFERENCED by other objects (kept: intra-TU/vtable use)
m6_link_stubs.cpp	PlayerGameplayMsg::Save(BinStream&) const	score2,score3		milo,render		UNREFERENCED by other objects (kept: intra-TU/vtable use)
m6_link_stubs.cpp	PlayerStatsMsg::Dispatch()	score2,score3		milo,render		UNREFERENCED by other objects (kept: intra-TU/vtable use)
m6_link_stubs.cpp	PlayerStatsMsg::Load(BinStream&)	score2,score3		milo,render		UNREFERENCED by other objects (kept: intra-TU/vtable use)
m6_link_stubs.cpp	PlayerStatsMsg::PlayerStatsMsg(User*, int, Stats const&)	score2,score3	score2,score3	milo,render		UNREACHED: real TU compiles natively in milo,render but its closure is not linked here
m6_link_stubs.cpp	PlayerStatsMsg::PlayerStatsMsg(User*, int, Stats const&)	score2,score3		milo,render		UNREFERENCED by other objects (kept: intra-TU/vtable use)
m6_link_stubs.cpp	PlayerStatsMsg::Save(BinStream&) const	score2,score3		milo,render		UNREFERENCED by other objects (kept: intra-TU/vtable use)
m6_link_stubs.cpp	SongDB::ClearTrackPhrases(int)	score2,score3	score2,score3			UNREACHED: src body in band3/game/SongDB.cpp (TU not native-compiled)
m6_link_stubs.cpp	SongDB::GetBaseScores()	score2,score3	score2,score3		crowd:1 harmony:9 score4:3 vocal2:2	REACHED/DRIVER-SUPPORT
m6_link_stubs.cpp	SongDB::GetCommonPhraseExtent(int, int, Extent&)	score2,score3	score2,score3			UNREACHED: src body in band3/game/SongDB.cpp (TU not native-compiled)
m6_link_stubs.cpp	SongDB::GetCommonPhraseID(int, int) const	score2,score3	score2,score3			UNREACHED: src body in band3/game/SongDB.cpp (TU not native-compiled)
m6_link_stubs.cpp	SongDB::GetGemList(int) const	score2,score3	score2,score3			UNREACHED: src body in band3/game/SongDB.cpp (TU not native-compiled)
m6_link_stubs.cpp	SongDB::GetNumOverdrivePhrases(int) const	score2,score3	score2,score3			UNREACHED: src body in band3/game/SongDB.cpp (TU not native-compiled)
m6_link_stubs.cpp	SongDB::GetNumUnisonPhrases(int) const	score2,score3	score2,score3			UNREACHED: src body in band3/game/SongDB.cpp (TU not native-compiled)
m6_link_stubs.cpp	SongDB::GetSongDurationMs() const	score2,score3	score2,score3		crowd:103620 harmony:24811 score4:51810 vocal2:50409	REACHED/DRIVER-SUPPORT
m6_link_stubs.cpp	SongDB::GetVocalNoteListCount() const	score2,score3	score2,score3		harmony:1 vocal2:1	REACHED/DRIVER-SUPPORT
m6_link_stubs.cpp	SongDB::RebuildPhrases(int)	score2,score3	score2,score3			UNREACHED: src body in band3/game/SongDB.cpp (TU not native-compiled)
m6_link_stubs.cpp	TheNetMessageFactory	score2,score3				SYMBOL/GLOBAL link satisfier (unreached)
m6_link_stubs.cpp	TrackPanel::PlaySequence(char const*, float, float, float)	score2,score3	score2,score3	milo,render		UNREACHED: real TU compiles natively in milo,render but its closure is not linked here
m6_link_stubs.cpp	VTT for BandUser	score2,score3				RTTI/VTABLE emitted for a stubbed class (unreached)
m6_link_stubs.cpp	typeinfo for BandUser	score2,score3	score2,score3			RTTI/VTABLE emitted for a stubbed class (unreached)
m6_link_stubs.cpp	typeinfo for Net	score2,score3				RTTI/VTABLE emitted for a stubbed class (unreached)
m6_link_stubs.cpp	typeinfo for PlayerGameplayMsg	score2,score3		milo,render		RTTI/VTABLE emitted for a stubbed class (unreached)
m6_link_stubs.cpp	typeinfo for PlayerStatsMsg	score2,score3		milo,render		RTTI/VTABLE emitted for a stubbed class (unreached)
m6_link_stubs.cpp	typeinfo name for BandUser	score2,score3				RTTI/VTABLE emitted for a stubbed class (unreached)
m6_link_stubs.cpp	typeinfo name for Net	score2,score3				RTTI/VTABLE emitted for a stubbed class (unreached)
m6_link_stubs.cpp	typeinfo name for PlayerGameplayMsg	score2,score3		milo,render		RTTI/VTABLE emitted for a stubbed class (unreached)
m6_link_stubs.cpp	typeinfo name for PlayerStatsMsg	score2,score3		milo,render		RTTI/VTABLE emitted for a stubbed class (unreached)
m6_link_stubs.cpp	virtual thunk to BandUser::Handle(DataArray*, bool)	score2,score3				RTTI/VTABLE emitted for a stubbed class (unreached)
m6_link_stubs.cpp	virtual thunk to BandUser::Reset()	score2,score3				RTTI/VTABLE emitted for a stubbed class (unreached)
m6_link_stubs.cpp	virtual thunk to BandUser::SyncProperty(DataNode&, DataArray*, int, PropOp)	score2,score3				RTTI/VTABLE emitted for a stubbed class (unreached)
m6_link_stubs.cpp	virtual thunk to BandUser::SyncSave(BinStream&, unsigned int) const	score2,score3				RTTI/VTABLE emitted for a stubbed class (unreached)
m6_link_stubs.cpp	virtual thunk to BandUser::~BandUser()	score2,score3				RTTI/VTABLE emitted for a stubbed class (unreached)
m6_link_stubs.cpp	virtual thunk to BandUser::~BandUser()	score2,score3				RTTI/VTABLE emitted for a stubbed class (unreached)
m6_link_stubs.cpp	vtable for BandUser	score2,score3				RTTI/VTABLE emitted for a stubbed class (unreached)
m6_link_stubs.cpp	vtable for Net	score2,score3				RTTI/VTABLE emitted for a stubbed class (unreached)
m6_link_stubs.cpp	vtable for PlayerGameplayMsg	score2,score3		milo,render		RTTI/VTABLE emitted for a stubbed class (unreached)
m6_link_stubs.cpp	vtable for PlayerStatsMsg	score2,score3	score2,score3	milo,render		RTTI/VTABLE emitted for a stubbed class (unreached)
m6_symbols.cpp	InternSymbolGlobals_M6Symbols()	crowd,harmony,score2,score3,score4,vocal,vocal2				UNREFERENCED by other objects (kept: intra-TU/vtable use)
m6_symbols.cpp	TheBandDirector	crowd,harmony,score2,score3,score4,vocal,vocal2	crowd,harmony,score2,score3,score4,vocal,vocal2	milo,render		SYMBOL/GLOBAL link satisfier (unreached)
m6_symbols.cpp	TheBandUserMgr	crowd,harmony,score2,score3,score4,vocal,vocal2	crowd,harmony,score2,score3,score4,vocal,vocal2			SYMBOL/GLOBAL link satisfier (unreached)
m6_symbols.cpp	TheGame	crowd,harmony,score2,score3,score4,vocal,vocal2	crowd,harmony,score2,score3,score4,vocal,vocal2	milo,render		SYMBOL/GLOBAL link satisfier (unreached)
m6_symbols.cpp	TheGameConfig	crowd,harmony,score2,score3,score4,vocal,vocal2	crowd,harmony,score2,score3,score4,vocal,vocal2			SYMBOL/GLOBAL link satisfier (unreached)
m6_symbols.cpp	TheGamePanel	crowd,harmony,score2,score3,score4,vocal,vocal2	crowd,harmony,score2,score3,score4,vocal,vocal2			SYMBOL/GLOBAL link satisfier (unreached)
m6_symbols.cpp	TheNet	crowd,harmony,score2,score3,score4,vocal,vocal2	crowd,harmony,score2,score3,score4,vocal,vocal2			SYMBOL/GLOBAL link satisfier (unreached)
m6_symbols.cpp	TheNetSession	crowd,harmony,score2,score3,score4,vocal,vocal2	crowd,harmony,score2,score3,score4,vocal,vocal2			SYMBOL/GLOBAL link satisfier (unreached)
m6_symbols.cpp	TheSongDB	crowd,harmony,score2,score3,score4,vocal,vocal2	crowd,harmony,score2,score3,score4,vocal,vocal2			SYMBOL/GLOBAL link satisfier (unreached)
m6_symbols.cpp	accumulated_score	crowd,harmony,score2,score3,score4,vocal,vocal2	crowd,harmony,score2,score3,score4,vocal,vocal2			SYMBOL/GLOBAL link satisfier (unreached)
m6_symbols.cpp	active_player	crowd,harmony,score2,score3,score4,vocal,vocal2	crowd,harmony,score2,score3,score4,vocal,vocal2			SYMBOL/GLOBAL link satisfier (unreached)
m6_symbols.cpp	band	crowd,harmony,score2,score3,score4,vocal,vocal2	crowd,harmony,score2,score3,score4,vocal,vocal2			SYMBOL/GLOBAL link satisfier (unreached)
m6_symbols.cpp	band_energy	crowd,harmony,score2,score3,score4,vocal,vocal2	crowd,harmony,score2,score3,score4,vocal,vocal2			SYMBOL/GLOBAL link satisfier (unreached)
m6_symbols.cpp	band_performer	crowd,harmony,score2,score3,score4,vocal,vocal2	crowd,harmony,score2,score3,score4,vocal,vocal2			SYMBOL/GLOBAL link satisfier (unreached)
m6_symbols.cpp	can_deploy	crowd,harmony,score2,score3,score4,vocal,vocal2	crowd,harmony,score2,score3,score4,vocal,vocal2			SYMBOL/GLOBAL link satisfier (unreached)
m6_symbols.cpp	change_difficulty	crowd,harmony,score2,score3,score4,vocal,vocal2	crowd,harmony,score2,score3,score4,vocal,vocal2			SYMBOL/GLOBAL link satisfier (unreached)
m6_symbols.cpp	clear_score_histories	crowd,harmony,score2,score3,score4,vocal,vocal2	crowd,harmony,score2,score3,score4,vocal,vocal2			SYMBOL/GLOBAL link satisfier (unreached)
m6_symbols.cpp	crowd_rating	crowd,harmony,score2,score3,score4,vocal,vocal2	crowd,harmony,score2,score3,score4,vocal,vocal2			SYMBOL/GLOBAL link satisfier (unreached)
m6_symbols.cpp	crowd_rating_active	crowd,harmony,score2,score3,score4,vocal,vocal2	crowd,harmony,score2,score3,score4,vocal,vocal2			SYMBOL/GLOBAL link satisfier (unreached)
m6_symbols.cpp	current_notes_hit_fraction	crowd,harmony,score2,score3,score4,vocal,vocal2	crowd,harmony,score2,score3,score4,vocal,vocal2			SYMBOL/GLOBAL link satisfier (unreached)
m6_symbols.cpp	current_streak	crowd,harmony,score2,score3,score4,vocal,vocal2	crowd,harmony,score2,score3,score4,vocal,vocal2			SYMBOL/GLOBAL link satisfier (unreached)
m6_symbols.cpp	deploy	crowd,harmony,score2,score3,score4,vocal,vocal2				SYMBOL/GLOBAL link satisfier (unreached)
m6_symbols.cpp	deploy_count	crowd,harmony,score2,score3,score4,vocal,vocal2	crowd,harmony,score2,score3,score4,vocal,vocal2			SYMBOL/GLOBAL link satisfier (unreached)
m6_symbols.cpp	deploy_if_possible	crowd,harmony,score2,score3,score4,vocal,vocal2	crowd,harmony,score2,score3,score4,vocal,vocal2			SYMBOL/GLOBAL link satisfier (unreached)
m6_symbols.cpp	deploy_msg	crowd,harmony,score2,score3,score4,vocal,vocal2				SYMBOL/GLOBAL link satisfier (unreached)
m6_symbols.cpp	difficulty	crowd,harmony,score2,score3,score4,vocal,vocal2	crowd,harmony,score2,score3,score4,vocal,vocal2			SYMBOL/GLOBAL link satisfier (unreached)
m6_symbols.cpp	disable_phrase_bonus	crowd,harmony,score2,score3,score4,vocal,vocal2	crowd,harmony,score2,score3,score4,vocal,vocal2			SYMBOL/GLOBAL link satisfier (unreached)
m6_symbols.cpp	disconnected_at_start	crowd,harmony,score2,score3,score4,vocal,vocal2	crowd,harmony,score2,score3,score4,vocal,vocal2			SYMBOL/GLOBAL link satisfier (unreached)
m6_symbols.cpp	display_crowd_rating	crowd,harmony,score2,score3,score4,vocal,vocal2	crowd,harmony,score2,score3,score4,vocal,vocal2			SYMBOL/GLOBAL link satisfier (unreached)
m6_symbols.cpp	empty_band_energy	crowd,harmony,score2,score3,score4,vocal,vocal2	crowd,harmony,score2,score3,score4,vocal,vocal2			SYMBOL/GLOBAL link satisfier (unreached)
m6_symbols.cpp	enable_phrase_bonus	crowd,harmony,score2,score3,score4,vocal,vocal2	crowd,harmony,score2,score3,score4,vocal,vocal2			SYMBOL/GLOBAL link satisfier (unreached)
m6_symbols.cpp	enable_player_msg	crowd,harmony,score2,score3,score4,vocal,vocal2				SYMBOL/GLOBAL link satisfier (unreached)
m6_symbols.cpp	enable_swings	crowd,harmony,score2,score3,score4,vocal,vocal2	crowd,harmony,score2,score3,score4,vocal,vocal2			SYMBOL/GLOBAL link satisfier (unreached)
m6_symbols.cpp	enable_time	crowd,harmony,score2,score3,score4,vocal,vocal2	crowd,harmony,score2,score3,score4,vocal,vocal2			SYMBOL/GLOBAL link satisfier (unreached)
m6_symbols.cpp	enabled_state	crowd,harmony,score2,score3,score4,vocal,vocal2	crowd,harmony,score2,score3,score4,vocal,vocal2			SYMBOL/GLOBAL link satisfier (unreached)
m6_symbols.cpp	enter_coda	crowd,harmony,score2,score3,score4,vocal,vocal2	crowd,harmony,score2,score3,score4,vocal,vocal2			SYMBOL/GLOBAL link satisfier (unreached)
m6_symbols.cpp	fail	crowd,harmony,score2,score3,score4,vocal,vocal2	crowd,harmony,score2,score3,score4,vocal,vocal2			SYMBOL/GLOBAL link satisfier (unreached)
m6_symbols.cpp	failed_deploy	crowd,harmony,score2,score3,score4,vocal,vocal2	crowd,harmony,score2,score3,score4,vocal,vocal2			SYMBOL/GLOBAL link satisfier (unreached)
m6_symbols.cpp	fill_band_energy	crowd,harmony,score2,score3,score4,vocal,vocal2	crowd,harmony,score2,score3,score4,vocal,vocal2			SYMBOL/GLOBAL link satisfier (unreached)
m6_symbols.cpp	fill_hit_count	crowd,harmony,score2,score3,score4,vocal,vocal2	crowd,harmony,score2,score3,score4,vocal,vocal2			SYMBOL/GLOBAL link satisfier (unreached)
m6_symbols.cpp	finalize_stats	crowd,harmony,score2,score3,score4,vocal,vocal2	crowd,harmony,score2,score3,score4,vocal,vocal2			SYMBOL/GLOBAL link satisfier (unreached)
m6_symbols.cpp	force_deploy	crowd,harmony,score2,score3,score4,vocal,vocal2	crowd,harmony,score2,score3,score4,vocal,vocal2			SYMBOL/GLOBAL link satisfier (unreached)
m6_symbols.cpp	get_deploy_failed	crowd,harmony,score2,score3,score4,vocal,vocal2	crowd,harmony,score2,score3,score4,vocal,vocal2			SYMBOL/GLOBAL link satisfier (unreached)
m6_symbols.cpp	get_double_harmony_hit	crowd,harmony,score2,score3,score4,vocal,vocal2	crowd,harmony,score2,score3,score4,vocal,vocal2			SYMBOL/GLOBAL link satisfier (unreached)
m6_symbols.cpp	get_double_harmony_total	crowd,harmony,score2,score3,score4,vocal,vocal2	crowd,harmony,score2,score3,score4,vocal,vocal2			SYMBOL/GLOBAL link satisfier (unreached)
m6_symbols.cpp	get_multiplier_active	crowd,harmony,score2,score3,score4,vocal,vocal2	crowd,harmony,score2,score3,score4,vocal,vocal2			SYMBOL/GLOBAL link satisfier (unreached)
m6_symbols.cpp	get_saved_count	crowd,harmony,score2,score3,score4,vocal,vocal2	crowd,harmony,score2,score3,score4,vocal,vocal2			SYMBOL/GLOBAL link satisfier (unreached)
m6_symbols.cpp	get_singer_count	crowd,harmony,score2,score3,score4,vocal,vocal2	crowd,harmony,score2,score3,score4,vocal,vocal2			SYMBOL/GLOBAL link satisfier (unreached)
m6_symbols.cpp	get_singer_ranked_part	crowd,harmony,score2,score3,score4,vocal,vocal2	crowd,harmony,score2,score3,score4,vocal,vocal2			SYMBOL/GLOBAL link satisfier (unreached)
m6_symbols.cpp	get_singer_ranked_percentage	crowd,harmony,score2,score3,score4,vocal,vocal2	crowd,harmony,score2,score3,score4,vocal,vocal2			SYMBOL/GLOBAL link satisfier (unreached)
m6_symbols.cpp	get_song_num_vocal_parts	crowd,harmony,score2,score3,score4,vocal,vocal2	crowd,harmony,score2,score3,score4,vocal,vocal2			SYMBOL/GLOBAL link satisfier (unreached)
m6_symbols.cpp	get_times_failed	crowd,harmony,score2,score3,score4,vocal,vocal2	crowd,harmony,score2,score3,score4,vocal,vocal2			SYMBOL/GLOBAL link satisfier (unreached)
m6_symbols.cpp	get_triple_harmony_hit	crowd,harmony,score2,score3,score4,vocal,vocal2	crowd,harmony,score2,score3,score4,vocal,vocal2			SYMBOL/GLOBAL link satisfier (unreached)
m6_symbols.cpp	get_triple_harmony_total	crowd,harmony,score2,score3,score4,vocal,vocal2	crowd,harmony,score2,score3,score4,vocal,vocal2			SYMBOL/GLOBAL link satisfier (unreached)
m6_symbols.cpp	get_user	crowd,harmony,score2,score3,score4,vocal,vocal2	crowd,harmony,score2,score3,score4,vocal,vocal2			SYMBOL/GLOBAL link satisfier (unreached)
m6_symbols.cpp	get_vocal_part_percentage	crowd,harmony,score2,score3,score4,vocal,vocal2	crowd,harmony,score2,score3,score4,vocal,vocal2			SYMBOL/GLOBAL link satisfier (unreached)
m6_symbols.cpp	in_freestyle_section	crowd,harmony,score2,score3,score4,vocal,vocal2	crowd,harmony,score2,score3,score4,vocal,vocal2			SYMBOL/GLOBAL link satisfier (unreached)
m6_symbols.cpp	instrument	crowd,harmony,score2,score3,score4,vocal,vocal2	crowd,harmony,score2,score3,score4,vocal,vocal2			SYMBOL/GLOBAL link satisfier (unreached)
m6_symbols.cpp	intro	crowd,harmony,score2,score3,score4,vocal,vocal2				SYMBOL/GLOBAL link satisfier (unreached)
m6_symbols.cpp	is_deploying	crowd,harmony,score2,score3,score4,vocal,vocal2	crowd,harmony,score2,score3,score4,vocal,vocal2			SYMBOL/GLOBAL link satisfier (unreached)
m6_symbols.cpp	is_net	crowd,harmony,score2,score3,score4,vocal,vocal2	crowd,harmony,score2,score3,score4,vocal,vocal2			SYMBOL/GLOBAL link satisfier (unreached)
m6_symbols.cpp	longest_multiplier_ms	crowd,harmony,score2,score3,score4,vocal,vocal2	crowd,harmony,score2,score3,score4,vocal,vocal2			SYMBOL/GLOBAL link satisfier (unreached)
m6_symbols.cpp	longest_streak	crowd,harmony,score2,score3,score4,vocal,vocal2	crowd,harmony,score2,score3,score4,vocal,vocal2			SYMBOL/GLOBAL link satisfier (unreached)
m6_symbols.cpp	lose	crowd,harmony,score2,score3,score4,vocal,vocal2	crowd,harmony,score2,score3,score4,vocal,vocal2			SYMBOL/GLOBAL link satisfier (unreached)
m6_symbols.cpp	main_performer	crowd,harmony,score2,score3,score4,vocal,vocal2	crowd,harmony,score2,score3,score4,vocal,vocal2			SYMBOL/GLOBAL link satisfier (unreached)
m6_symbols.cpp	max_multiplier	crowd,harmony,score2,score3,score4,vocal,vocal2	crowd,harmony,score2,score3,score4,vocal,vocal2			SYMBOL/GLOBAL link satisfier (unreached)
m6_symbols.cpp	multiplier	crowd,harmony,score2,score3,score4,vocal,vocal2	crowd,harmony,score2,score3,score4,vocal,vocal2			SYMBOL/GLOBAL link satisfier (unreached)
m6_symbols.cpp	notes_hit	crowd,harmony,score2,score3,score4,vocal,vocal2	crowd,harmony,score2,score3,score4,vocal,vocal2			SYMBOL/GLOBAL link satisfier (unreached)
m6_symbols.cpp	notes_hit_fraction	crowd,harmony,score2,score3,score4,vocal,vocal2	crowd,harmony,score2,score3,score4,vocal,vocal2			SYMBOL/GLOBAL link satisfier (unreached)
m6_symbols.cpp	notes_per_streak	crowd,harmony,score2,score3,score4,vocal,vocal2	crowd,harmony,score2,score3,score4,vocal,vocal2			SYMBOL/GLOBAL link satisfier (unreached)
m6_symbols.cpp	num_active_players	crowd,harmony,score2,score3,score4,vocal,vocal2	crowd,harmony,score2,score3,score4,vocal,vocal2			SYMBOL/GLOBAL link satisfier (unreached)
m6_symbols.cpp	on_game_lost	crowd,harmony,score2,score3,score4,vocal,vocal2	crowd,harmony,score2,score3,score4,vocal,vocal2			SYMBOL/GLOBAL link satisfier (unreached)
m6_symbols.cpp	percent_complete	crowd,harmony,score2,score3,score4,vocal,vocal2	crowd,harmony,score2,score3,score4,vocal,vocal2			SYMBOL/GLOBAL link satisfier (unreached)
m6_symbols.cpp	perfect_solo_with_solo_buttons	crowd,harmony,score2,score3,score4,vocal,vocal2	crowd,harmony,score2,score3,score4,vocal,vocal2			SYMBOL/GLOBAL link satisfier (unreached)
m6_symbols.cpp	player_name	crowd,harmony,score2,score3,score4,vocal,vocal2	crowd,harmony,score2,score3,score4,vocal,vocal2			SYMBOL/GLOBAL link satisfier (unreached)
m6_symbols.cpp	popup_help	crowd,harmony,score2,score3,score4,vocal,vocal2	crowd,harmony,score2,score3,score4,vocal,vocal2			SYMBOL/GLOBAL link satisfier (unreached)
m6_symbols.cpp	progress_ms	crowd,harmony,score2,score3,score4,vocal,vocal2	crowd,harmony,score2,score3,score4,vocal,vocal2			SYMBOL/GLOBAL link satisfier (unreached)
m6_symbols.cpp	raw_crowd_rating	crowd,harmony,score2,score3,score4,vocal,vocal2	crowd,harmony,score2,score3,score4,vocal,vocal2			SYMBOL/GLOBAL link satisfier (unreached)
m6_symbols.cpp	remote_already_saved	crowd,harmony,score2,score3,score4,vocal,vocal2	crowd,harmony,score2,score3,score4,vocal,vocal2			SYMBOL/GLOBAL link satisfier (unreached)
m6_symbols.cpp	remote_deploy	crowd,harmony,score2,score3,score4,vocal,vocal2	crowd,harmony,score2,score3,score4,vocal,vocal2			SYMBOL/GLOBAL link satisfier (unreached)
m6_symbols.cpp	remote_enabled_state	crowd,harmony,score2,score3,score4,vocal,vocal2	crowd,harmony,score2,score3,score4,vocal,vocal2			SYMBOL/GLOBAL link satisfier (unreached)
m6_symbols.cpp	remote_fail_unison_phrase	crowd,harmony,score2,score3,score4,vocal,vocal2	crowd,harmony,score2,score3,score4,vocal,vocal2			SYMBOL/GLOBAL link satisfier (unreached)
m6_symbols.cpp	remote_finished_song	crowd,harmony,score2,score3,score4,vocal,vocal2	crowd,harmony,score2,score3,score4,vocal,vocal2			SYMBOL/GLOBAL link satisfier (unreached)
m6_symbols.cpp	remote_hit_last_unison_gem	crowd,harmony,score2,score3,score4,vocal,vocal2	crowd,harmony,score2,score3,score4,vocal,vocal2			SYMBOL/GLOBAL link satisfier (unreached)
m6_symbols.cpp	remote_streak	crowd,harmony,score2,score3,score4,vocal,vocal2	crowd,harmony,score2,score3,score4,vocal,vocal2			SYMBOL/GLOBAL link satisfier (unreached)
m6_symbols.cpp	remote_tracker_deploy	crowd,harmony,score2,score3,score4,vocal,vocal2	crowd,harmony,score2,score3,score4,vocal,vocal2			SYMBOL/GLOBAL link satisfier (unreached)
m6_symbols.cpp	remote_tracker_end_deploy_streak	crowd,harmony,score2,score3,score4,vocal,vocal2	crowd,harmony,score2,score3,score4,vocal,vocal2			SYMBOL/GLOBAL link satisfier (unreached)
m6_symbols.cpp	remote_tracker_end_streak	crowd,harmony,score2,score3,score4,vocal,vocal2	crowd,harmony,score2,score3,score4,vocal,vocal2			SYMBOL/GLOBAL link satisfier (unreached)
m6_symbols.cpp	remote_tracker_focus	crowd,harmony,score2,score3,score4,vocal,vocal2	crowd,harmony,score2,score3,score4,vocal,vocal2			SYMBOL/GLOBAL link satisfier (unreached)
m6_symbols.cpp	remote_tracker_player_display	crowd,harmony,score2,score3,score4,vocal,vocal2	crowd,harmony,score2,score3,score4,vocal,vocal2			SYMBOL/GLOBAL link satisfier (unreached)
m6_symbols.cpp	remote_tracker_player_progress	crowd,harmony,score2,score3,score4,vocal,vocal2	crowd,harmony,score2,score3,score4,vocal,vocal2			SYMBOL/GLOBAL link satisfier (unreached)
m6_symbols.cpp	remote_tracker_section_complete	crowd,harmony,score2,score3,score4,vocal,vocal2	crowd,harmony,score2,score3,score4,vocal,vocal2			SYMBOL/GLOBAL link satisfier (unreached)
m6_symbols.cpp	remote_update_crowd	crowd,harmony,score2,score3,score4,vocal,vocal2	crowd,harmony,score2,score3,score4,vocal,vocal2			SYMBOL/GLOBAL link satisfier (unreached)
m6_symbols.cpp	remote_update_energy	crowd,harmony,score2,score3,score4,vocal,vocal2	crowd,harmony,score2,score3,score4,vocal,vocal2			SYMBOL/GLOBAL link satisfier (unreached)
m6_symbols.cpp	remote_update_score	crowd,harmony,score2,score3,score4,vocal,vocal2	crowd,harmony,score2,score3,score4,vocal,vocal2			SYMBOL/GLOBAL link satisfier (unreached)
m6_symbols.cpp	reset_controller	crowd,harmony,score2,score3,score4,vocal,vocal2	crowd,harmony,score2,score3,score4,vocal,vocal2			SYMBOL/GLOBAL link satisfier (unreached)
m6_symbols.cpp	save_all	crowd,harmony,score2,score3,score4,vocal,vocal2	crowd,harmony,score2,score3,score4,vocal,vocal2			SYMBOL/GLOBAL link satisfier (unreached)
m6_symbols.cpp	saved_count	crowd,harmony,score2,score3,score4,vocal,vocal2	crowd,harmony,score2,score3,score4,vocal,vocal2			SYMBOL/GLOBAL link satisfier (unreached)
m6_symbols.cpp	score	crowd,harmony,score2,score3,score4,vocal,vocal2	crowd,harmony,score2,score3,score4,vocal,vocal2			SYMBOL/GLOBAL link satisfier (unreached)
m6_symbols.cpp	send_finished_song_msg	crowd,harmony,score2,score3,score4,vocal,vocal2				SYMBOL/GLOBAL link satisfier (unreached)
m6_symbols.cpp	send_net_gameplay_msg	crowd,harmony,score2,score3,score4,vocal,vocal2	crowd,harmony,score2,score3,score4,vocal,vocal2			SYMBOL/GLOBAL link satisfier (unreached)
m6_symbols.cpp	send_net_gameplay_msg_to_player	crowd,harmony,score2,score3,score4,vocal,vocal2	crowd,harmony,score2,score3,score4,vocal,vocal2			SYMBOL/GLOBAL link satisfier (unreached)
m6_symbols.cpp	send_remote_stats	crowd,harmony,score2,score3,score4,vocal,vocal2	crowd,harmony,score2,score3,score4,vocal,vocal2			SYMBOL/GLOBAL link satisfier (unreached)
m6_symbols.cpp	send_streak_msg	crowd,harmony,score2,score3,score4,vocal,vocal2				SYMBOL/GLOBAL link satisfier (unreached)
m6_symbols.cpp	send_update_energy_msg	crowd,harmony,score2,score3,score4,vocal,vocal2				SYMBOL/GLOBAL link satisfier (unreached)
m6_symbols.cpp	send_update_score_msg	crowd,harmony,score2,score3,score4,vocal,vocal2				SYMBOL/GLOBAL link satisfier (unreached)
m6_symbols.cpp	set_band_energy	crowd,harmony,score2,score3,score4,vocal,vocal2	crowd,harmony,score2,score3,score4,vocal,vocal2			SYMBOL/GLOBAL link satisfier (unreached)
m6_symbols.cpp	set_crowd_meter_active	crowd,harmony,score2,score3,score4,vocal,vocal2	crowd,harmony,score2,score3,score4,vocal,vocal2			SYMBOL/GLOBAL link satisfier (unreached)
m6_symbols.cpp	set_crowd_rating	crowd,harmony,score2,score3,score4,vocal,vocal2	crowd,harmony,score2,score3,score4,vocal,vocal2			SYMBOL/GLOBAL link satisfier (unreached)
m6_symbols.cpp	set_crowd_rating_active	crowd,harmony,score2,score3,score4,vocal,vocal2	crowd,harmony,score2,score3,score4,vocal,vocal2			SYMBOL/GLOBAL link satisfier (unreached)
m6_symbols.cpp	set_energy_automatically	crowd,harmony,score2,score3,score4,vocal,vocal2	crowd,harmony,score2,score3,score4,vocal,vocal2			SYMBOL/GLOBAL link satisfier (unreached)
m6_symbols.cpp	set_multiplier_active	crowd,harmony,score2,score3,score4,vocal,vocal2	crowd,harmony,score2,score3,score4,vocal,vocal2			SYMBOL/GLOBAL link satisfier (unreached)
m6_symbols.cpp	set_permanent_overdrive	crowd,harmony,score2,score3,score4,vocal,vocal2	crowd,harmony,score2,score3,score4,vocal,vocal2			SYMBOL/GLOBAL link satisfier (unreached)
m6_symbols.cpp	solo_percentage	crowd,harmony,score2,score3,score4,vocal,vocal2	crowd,harmony,score2,score3,score4,vocal,vocal2			SYMBOL/GLOBAL link satisfier (unreached)
m6_symbols.cpp	star_power_meter	crowd,harmony,score2,score3,score4,vocal,vocal2	crowd,harmony,score2,score3,score4,vocal,vocal2			SYMBOL/GLOBAL link satisfier (unreached)
m6_symbols.cpp	stats_finalized	crowd,harmony,score2,score3,score4,vocal,vocal2	crowd,harmony,score2,score3,score4,vocal,vocal2			SYMBOL/GLOBAL link satisfier (unreached)
m6_symbols.cpp	strummed_down	crowd,harmony,score2,score3,score4,vocal,vocal2	crowd,harmony,score2,score3,score4,vocal,vocal2			SYMBOL/GLOBAL link satisfier (unreached)
m6_symbols.cpp	strummed_up	crowd,harmony,score2,score3,score4,vocal,vocal2	crowd,harmony,score2,score3,score4,vocal,vocal2			SYMBOL/GLOBAL link satisfier (unreached)
m6_symbols.cpp	total_stars	crowd,harmony,score2,score3,score4,vocal,vocal2	crowd,harmony,score2,score3,score4,vocal,vocal2			SYMBOL/GLOBAL link satisfier (unreached)
m6_symbols.cpp	track	crowd,harmony,score2,score3,score4,vocal,vocal2	crowd,harmony,score2,score3,score4,vocal,vocal2			SYMBOL/GLOBAL link satisfier (unreached)
m6_symbols.cpp	update_lefty_flip	crowd,harmony,score2,score3,score4,vocal,vocal2	crowd,harmony,score2,score3,score4,vocal,vocal2			SYMBOL/GLOBAL link satisfier (unreached)
m6_symbols.cpp	update_vocal_style	crowd,harmony,score2,score3,score4,vocal,vocal2	crowd,harmony,score2,score3,score4,vocal,vocal2			SYMBOL/GLOBAL link satisfier (unreached)
m6_symbols.cpp	was_never_bad	crowd,harmony,score2,score3,score4,vocal,vocal2	crowd,harmony,score2,score3,score4,vocal,vocal2			SYMBOL/GLOBAL link satisfier (unreached)
m6_symbols.cpp	win	crowd,harmony,score2,score3,score4,vocal,vocal2	crowd,harmony,score2,score3,score4,vocal,vocal2			SYMBOL/GLOBAL link satisfier (unreached)
m8_link_stubs.cpp	BandTrack::DropIn()	crowd,score4,vocal	crowd,score4,vocal			UNREACHED: src body in system/bandobj/BandTrack.cpp (TU not native-compiled)
m8_link_stubs.cpp	BandTrack::DropOut()	crowd,score4,vocal	crowd,score4,vocal			UNREACHED: src body in system/bandobj/BandTrack.cpp (TU not native-compiled)
m8_link_stubs.cpp	BandTrack::PlayerDisabled()	crowd,score4,vocal	crowd,score4,vocal			UNREACHED: src body in system/bandobj/BandTrack.cpp (TU not native-compiled)
m8_link_stubs.cpp	BandTrack::PlayerSaved()	crowd,score4,vocal	crowd,score4,vocal			UNREACHED: src body in system/bandobj/BandTrack.cpp (TU not native-compiled)
m8_link_stubs.cpp	BandTrack::PopupHelp(Symbol, bool)	crowd,score4,vocal	crowd,score4,vocal			UNREACHED: src body in system/bandobj/BandTrack.cpp (TU not native-compiled)
m8_link_stubs.cpp	BandTrack::SetControllerType(Symbol const&)	crowd,score4,vocal	crowd,score4,vocal			UNREACHED: src body in system/bandobj/BandTrack.cpp (TU not native-compiled)
m8_link_stubs.cpp	BandTrack::SetNetTalking(bool)	crowd,score4,vocal	crowd,score4,vocal			UNREACHED: src body in system/bandobj/BandTrack.cpp (TU not native-compiled)
m8_link_stubs.cpp	BandTrack::SetQuarantined(bool)	crowd,score4,vocal	crowd,score4,vocal			UNREACHED: src body in system/bandobj/BandTrack.cpp (TU not native-compiled)
m8_link_stubs.cpp	BandUser::GetControllerSym() const	crowd,score4,vocal	crowd,score4,vocal			UNREACHED: src body in band3/game/BandUser.cpp (TU not native-compiled)
m8_link_stubs.cpp	BandUser::GetDifficulty() const	crowd,score4,vocal	crowd,score4,vocal		harmony:8 vocal2:25	REACHED/KEPT: real (BandUser.cpp:78) reads mDifficulty; vocal drivers run with no BandUser; BandUser.cpp needs net/session
m8_link_stubs.cpp	BandUser::GetSlot() const	crowd,score4,vocal	crowd,score4,vocal			UNREACHED: src body in band3/game/BandUser.cpp (TU not native-compiled)
m8_link_stubs.cpp	BandUser::GetTrackSym() const	crowd,score4,vocal	crowd,score4,vocal			UNREACHED: src body in band3/game/BandUser.cpp (TU not native-compiled)
m8_link_stubs.cpp	BandUser::Handle(DataArray*, bool)	crowd,score4,vocal				UNREFERENCED by other objects (kept: intra-TU/vtable use)
m8_link_stubs.cpp	BandUser::Reset()	crowd,score4,vocal				UNREFERENCED by other objects (kept: intra-TU/vtable use)
m8_link_stubs.cpp	BandUser::SyncProperty(DataNode&, DataArray*, int, PropOp)	crowd,score4,vocal				UNREFERENCED by other objects (kept: intra-TU/vtable use)
m8_link_stubs.cpp	BandUser::SyncSave(BinStream&, unsigned int) const	crowd,score4,vocal				UNREFERENCED by other objects (kept: intra-TU/vtable use)
m8_link_stubs.cpp	BandUser::~BandUser()	crowd,score4,vocal				UNREFERENCED by other objects (kept: intra-TU/vtable use)
m8_link_stubs.cpp	BandUser::~BandUser()	crowd,score4,vocal				UNREFERENCED by other objects (kept: intra-TU/vtable use)
m8_link_stubs.cpp	BandUser::~BandUser()	crowd,score4,vocal				UNREFERENCED by other objects (kept: intra-TU/vtable use)
m8_link_stubs.cpp	BandUserMgr::GetNullUser() const	crowd,score4,vocal	crowd,score4,vocal			UNREACHED: src body in band3/game/BandUserMgr.cpp (TU not native-compiled)
m8_link_stubs.cpp	BandUserMgr::GetParticipatingBandUsers(std::vector<BandUser*, std::allocator<BandUser*> >&) const	crowd,score4,vocal	crowd,score4,vocal			UNREACHED: src body in band3/game/BandUserMgr.cpp (TU not native-compiled)
m8_link_stubs.cpp	BandUserMgr::GetUserFromSlot(int) const	crowd,score4,vocal	crowd,score4,vocal			UNREACHED: src body in band3/game/BandUserMgr.cpp (TU not native-compiled)
m8_link_stubs.cpp	BandUserMgr::IsMultiplayerGame() const	crowd,score4,vocal	crowd,score4,vocal			UNREACHED: src body in band3/game/BandUserMgr.cpp (TU not native-compiled)
m8_link_stubs.cpp	Game::ForceTrackerStars(int)	crowd,score4,vocal	crowd,score4,vocal	milo,render		UNREACHED: real TU compiles natively in milo,render but its closure is not linked here
m8_link_stubs.cpp	Game::NumActivePlayers() const	crowd,score4,vocal	crowd,score4,vocal	milo,render		UNREACHED: real TU compiles natively in milo,render but its closure is not linked here
m8_link_stubs.cpp	Game::OnPlayerAddEnergy(Player*, float)	crowd,score4,vocal	crowd,score4,vocal	milo,render	crowd:15 score3:2 score4:8	REACHED/KEPT: real (Game.cpp:1348) forwards to mTrackerManager, null in the drivers' calloc'd Game; Game.cpp links only in milo/render
m8_link_stubs.cpp	Game::OnPlayerQuarantined(Player*)	crowd,score4,vocal	crowd,score4,vocal	milo,render		UNREACHED: real TU compiles natively in milo,render but its closure is not linked here
m8_link_stubs.cpp	Game::OnPlayerSaved(Player*)	crowd,score4,vocal	crowd,score4,vocal	milo,render		UNREACHED: real TU compiles natively in milo,render but its closure is not linked here
m8_link_stubs.cpp	Game::OnRemoteTrackerDeploy(Player*)	crowd,score4,vocal	crowd,score4,vocal	milo,render		UNREACHED: real TU compiles natively in milo,render but its closure is not linked here
m8_link_stubs.cpp	Game::OnRemoteTrackerEndDeployStreak(Player*, int)	crowd,score4,vocal	crowd,score4,vocal	milo,render		UNREACHED: real TU compiles natively in milo,render but its closure is not linked here
m8_link_stubs.cpp	Game::OnRemoteTrackerEndStreak(Player*, int, int)	crowd,score4,vocal	crowd,score4,vocal	milo,render		UNREACHED: real TU compiles natively in milo,render but its closure is not linked here
m8_link_stubs.cpp	Game::OnRemoteTrackerFocus(Player*, int, int, int)	crowd,score4,vocal	crowd,score4,vocal	milo,render		UNREACHED: real TU compiles natively in milo,render but its closure is not linked here
m8_link_stubs.cpp	Game::OnRemoteTrackerPlayerDisplay(Player*, int, int, int)	crowd,score4,vocal	crowd,score4,vocal	milo,render		UNREACHED: real TU compiles natively in milo,render but its closure is not linked here
m8_link_stubs.cpp	Game::OnRemoteTrackerPlayerProgress(Player*, float)	crowd,score4,vocal	crowd,score4,vocal	milo,render		UNREACHED: real TU compiles natively in milo,render but its closure is not linked here
m8_link_stubs.cpp	Game::OnRemoteTrackerSectionComplete(Player*, int, int, int)	crowd,score4,vocal	crowd,score4,vocal	milo,render		UNREACHED: real TU compiles natively in milo,render but its closure is not linked here
m8_link_stubs.cpp	Game::ResumedNoScore() const	crowd,score4,vocal	crowd,score4,vocal	milo,render		UNREACHED: real TU compiles natively in milo,render but its closure is not linked here
m8_link_stubs.cpp	Game::SetGameOver(bool)	crowd,score4,vocal	crowd,score4,vocal	milo,render		UNREACHED: real TU compiles natively in milo,render but its closure is not linked here
m8_link_stubs.cpp	GameConfig::CanEndGame() const	crowd,score4,vocal	crowd,score4,vocal			UNREACHED: src body in band3/game/GameConfig.cpp (TU not native-compiled)
m8_link_stubs.cpp	GameConfig::ChangeDifficulty(BandUser*, int)	crowd,score4,vocal	crowd,score4,vocal			UNREACHED: src body in band3/game/GameConfig.cpp (TU not native-compiled)
m8_link_stubs.cpp	GetTrackPanel()	crowd,score4,vocal	crowd,score4,vocal	milo,render	crowd:15 score4:16	REACHED/KEPT: behaviour-identical; real (TrackPanel.cpp:78) returns TheTrackPanel, null headless
m8_link_stubs.cpp	GetTrackPanelDir()	crowd,score4,vocal	crowd,score4,vocal	milo,render		UNREACHED: real TU compiles natively in milo,render but its closure is not linked here
m8_link_stubs.cpp	LocalBandUser::HasShownIntroHelp(TrackType) const	crowd,score4,vocal	crowd,score4,vocal			UNREACHED: src body in band3/game/BandUser.cpp (TU not native-compiled)
m8_link_stubs.cpp	LocalBandUser::SetShownIntroHelp(TrackType, bool)	crowd,score4,vocal	crowd,score4,vocal			UNREACHED: src body in band3/game/BandUser.cpp (TU not native-compiled)
m8_link_stubs.cpp	MetaPerformer::Current()	crowd,score4,vocal	crowd,score4,vocal		crowd:3971 harmony:56 score3:19 score4:2039 vocal2:63	REACHED/KEPT: behaviour-identical; real (MetaPerformer.cpp:199) returns sMetaPerformer, null headless
m8_link_stubs.cpp	Net::Handle(DataArray*, bool)	crowd,score4,vocal				UNREFERENCED by other objects (kept: intra-TU/vtable use)
m8_link_stubs.cpp	Net::Net()	crowd,score4,vocal	crowd,score4,vocal		crowd:1 harmony:1 score2:1 score3:1 score4:1 vocal:1 vocal2:1	REACHED/OUT-OF-SCOPE: src/network
m8_link_stubs.cpp	Net::Net()	crowd,score4,vocal			crowd:1 harmony:1 score2:1 score3:1 score4:1 vocal:1 vocal2:1	REACHED/OUT-OF-SCOPE: src/network
m8_link_stubs.cpp	NetMessageFactory::GetNetMessageByteCode(String) const	crowd,score4,vocal				UNREFERENCED by other objects (kept: intra-TU/vtable use)
m8_link_stubs.cpp	NetSession::SendMsg(User*, NetMessage&, PacketType)	crowd,score4,vocal	crowd,score4,vocal			UNREACHED: src body in network/net/NetSession.cpp (TU not native-compiled)
m8_link_stubs.cpp	NetSession::SendMsgToAll(NetMessage&, PacketType)	crowd,score4,vocal	crowd,score4,vocal			UNREACHED: src body in network/net/NetSession.cpp (TU not native-compiled)
m8_link_stubs.cpp	OverdriveMeter::SetEnergy(float, OverdriveMeter::State, Symbol, float, bool)	crowd,score4,vocal	crowd,score4,vocal			UNREACHED: src body in system/bandobj/OverdriveMeter.cpp (TU not native-compiled)
m8_link_stubs.cpp	Performer::CodaScore() const	crowd,score4,vocal	crowd,score4,vocal	milo,render		UNREACHED: real TU compiles natively in milo,render but its closure is not linked here
m8_link_stubs.cpp	Performer::GetAccumulatedScore() const	crowd,score4,vocal	crowd,score4,vocal	milo,render		UNREACHED: real TU compiles natively in milo,render but its closure is not linked here
m8_link_stubs.cpp	Performer::GetTotalStars() const	crowd,score4,vocal	crowd,score4,vocal	milo,render		UNREACHED: real TU compiles natively in milo,render but its closure is not linked here
m8_link_stubs.cpp	Performer::IsNet() const	crowd,score4,vocal	crowd,score4,vocal			UNREACHED: src body in band3/bandtrack/VocalTrack.cpp (TU not native-compiled)
m8_link_stubs.cpp	Player::AllowWarningState() const	crowd,score4,vocal	crowd,score4,vocal			UNREACHED: src body in band3/bandtrack/Track.cpp (TU not native-compiled)
m8_link_stubs.cpp	Player::InFill() const	crowd,score4,vocal	crowd,score4,vocal			UNREACHED: src body in band3/bandtrack/Track.cpp (TU not native-compiled)
m8_link_stubs.cpp	Player::InFreestyleSection() const	crowd,score4,vocal	crowd,score4,vocal			UNREACHED: src body in band3/bandtrack/Track.cpp (TU not native-compiled)
m8_link_stubs.cpp	Player::InTambourinePhrase() const	crowd,score4,vocal	crowd,score4,vocal			UNREACHED: src body in band3/bandtrack/VocalTrack.cpp (TU not native-compiled)
m8_link_stubs.cpp	PlayerGameplayMsg::Dispatch()	crowd,score4,vocal		milo,render		UNREFERENCED by other objects (kept: intra-TU/vtable use)
m8_link_stubs.cpp	PlayerGameplayMsg::Load(BinStream&)	crowd,score4,vocal		milo,render		UNREFERENCED by other objects (kept: intra-TU/vtable use)
m8_link_stubs.cpp	PlayerGameplayMsg::PlayerGameplayMsg(User*, int, int, int, int)	crowd,score4,vocal	crowd,score4,vocal	milo,render		UNREACHED: real TU compiles natively in milo,render but its closure is not linked here
m8_link_stubs.cpp	PlayerGameplayMsg::PlayerGameplayMsg(User*, int, int, int, int)	crowd,score4,vocal		milo,render		UNREFERENCED by other objects (kept: intra-TU/vtable use)
m8_link_stubs.cpp	PlayerGameplayMsg::Save(BinStream&) const	crowd,score4,vocal		milo,render		UNREFERENCED by other objects (kept: intra-TU/vtable use)
m8_link_stubs.cpp	PlayerStatsMsg::Dispatch()	crowd,score4,vocal		milo,render		UNREFERENCED by other objects (kept: intra-TU/vtable use)
m8_link_stubs.cpp	PlayerStatsMsg::Load(BinStream&)	crowd,score4,vocal		milo,render		UNREFERENCED by other objects (kept: intra-TU/vtable use)
m8_link_stubs.cpp	PlayerStatsMsg::PlayerStatsMsg(User*, int, Stats const&)	crowd,score4,vocal	crowd,score4,vocal	milo,render		UNREACHED: real TU compiles natively in milo,render but its closure is not linked here
m8_link_stubs.cpp	PlayerStatsMsg::PlayerStatsMsg(User*, int, Stats const&)	crowd,score4,vocal		milo,render		UNREFERENCED by other objects (kept: intra-TU/vtable use)
m8_link_stubs.cpp	PlayerStatsMsg::Save(BinStream&) const	crowd,score4,vocal		milo,render		UNREFERENCED by other objects (kept: intra-TU/vtable use)
m8_link_stubs.cpp	SongDB::AddPhrase(BeatmatchPhraseType, int, Phrase const&)	crowd,score4,vocal	crowd,score4,vocal			UNREACHED: src body in band3/game/SongDB.cpp (TU not native-compiled)
m8_link_stubs.cpp	SongDB::AddTrack(int, Symbol, SongInfoAudioType, TrackType, bool)	crowd,score4,vocal	crowd,score4,vocal			UNREACHED: src body in band3/game/SongDB.cpp (TU not native-compiled)
m8_link_stubs.cpp	SongDB::ClearTrackPhrases(int)	crowd,score4,vocal	crowd,score4,vocal			UNREACHED: src body in band3/game/SongDB.cpp (TU not native-compiled)
m8_link_stubs.cpp	SongDB::GetCommonPhraseExtent(int, int, Extent&)	crowd,score4,vocal	crowd,score4,vocal			UNREACHED: src body in band3/game/SongDB.cpp (TU not native-compiled)
m8_link_stubs.cpp	SongDB::GetGemList(int) const	crowd,score4,vocal	crowd,score4,vocal			UNREACHED: src body in band3/game/SongDB.cpp (TU not native-compiled)
m8_link_stubs.cpp	SongDB::GetNumOverdrivePhrases(int) const	crowd,score4,vocal	crowd,score4,vocal			UNREACHED: src body in band3/game/SongDB.cpp (TU not native-compiled)
m8_link_stubs.cpp	SongDB::GetNumUnisonPhrases(int) const	crowd,score4,vocal	crowd,score4,vocal			UNREACHED: src body in band3/game/SongDB.cpp (TU not native-compiled)
m8_link_stubs.cpp	SongDB::GetVocalNoteListCount() const	crowd,score4,vocal	crowd,score4,vocal		harmony:1 vocal2:1	REACHED/DRIVER-SUPPORT
m8_link_stubs.cpp	SongDB::RebuildPhrases(int)	crowd,score4,vocal	crowd,score4,vocal			UNREACHED: src body in band3/game/SongDB.cpp (TU not native-compiled)
m8_link_stubs.cpp	SongDB::SetNumTracks(int)	crowd,score4,vocal	crowd,score4,vocal			UNREACHED: src body in band3/game/SongDB.cpp (TU not native-compiled)
m8_link_stubs.cpp	TheNetMessageFactory	crowd,score4,vocal				SYMBOL/GLOBAL link satisfier (unreached)
m8_link_stubs.cpp	TrackPanel::PlaySequence(char const*, float, float, float)	crowd,score4,vocal	crowd,score4,vocal	milo,render		UNREACHED: real TU compiles natively in milo,render but its closure is not linked here
m8_link_stubs.cpp	TrackPanel::UnisonPlayerFailure(Player*)	crowd,score4,vocal	crowd,score4,vocal	milo,render		UNREACHED: real TU compiles natively in milo,render but its closure is not linked here
m8_link_stubs.cpp	TrackPanel::UnisonPlayerSuccess(Player*)	crowd,score4,vocal	crowd,score4,vocal	milo,render		UNREACHED: real TU compiles natively in milo,render but its closure is not linked here
m8_link_stubs.cpp	TrackPanel::UnisonStart(int)	crowd,score4,vocal	crowd,score4,vocal	milo,render		UNREACHED: real TU compiles natively in milo,render but its closure is not linked here
m8_link_stubs.cpp	VTT for BandUser	crowd,score4,vocal				RTTI/VTABLE emitted for a stubbed class (unreached)
m8_link_stubs.cpp	typeinfo for BandUser	crowd,score4,vocal	crowd,score4,vocal			RTTI/VTABLE emitted for a stubbed class (unreached)
m8_link_stubs.cpp	typeinfo for Net	crowd,score4,vocal				RTTI/VTABLE emitted for a stubbed class (unreached)
m8_link_stubs.cpp	typeinfo for PlayerGameplayMsg	crowd,score4,vocal		milo,render		RTTI/VTABLE emitted for a stubbed class (unreached)
m8_link_stubs.cpp	typeinfo for PlayerStatsMsg	crowd,score4,vocal		milo,render		RTTI/VTABLE emitted for a stubbed class (unreached)
m8_link_stubs.cpp	typeinfo name for BandUser	crowd,score4,vocal				RTTI/VTABLE emitted for a stubbed class (unreached)
m8_link_stubs.cpp	typeinfo name for Net	crowd,score4,vocal				RTTI/VTABLE emitted for a stubbed class (unreached)
m8_link_stubs.cpp	typeinfo name for PlayerGameplayMsg	crowd,score4,vocal		milo,render		RTTI/VTABLE emitted for a stubbed class (unreached)
m8_link_stubs.cpp	typeinfo name for PlayerStatsMsg	crowd,score4,vocal		milo,render		RTTI/VTABLE emitted for a stubbed class (unreached)
m8_link_stubs.cpp	virtual thunk to BandUser::Handle(DataArray*, bool)	crowd,score4,vocal				RTTI/VTABLE emitted for a stubbed class (unreached)
m8_link_stubs.cpp	virtual thunk to BandUser::Reset()	crowd,score4,vocal				RTTI/VTABLE emitted for a stubbed class (unreached)
m8_link_stubs.cpp	virtual thunk to BandUser::SyncProperty(DataNode&, DataArray*, int, PropOp)	crowd,score4,vocal				RTTI/VTABLE emitted for a stubbed class (unreached)
m8_link_stubs.cpp	virtual thunk to BandUser::SyncSave(BinStream&, unsigned int) const	crowd,score4,vocal				RTTI/VTABLE emitted for a stubbed class (unreached)
m8_link_stubs.cpp	virtual thunk to BandUser::~BandUser()	crowd,score4,vocal				RTTI/VTABLE emitted for a stubbed class (unreached)
m8_link_stubs.cpp	virtual thunk to BandUser::~BandUser()	crowd,score4,vocal				RTTI/VTABLE emitted for a stubbed class (unreached)
m8_link_stubs.cpp	vtable for BandUser	crowd,score4,vocal				RTTI/VTABLE emitted for a stubbed class (unreached)
m8_link_stubs.cpp	vtable for Net	crowd,score4,vocal				RTTI/VTABLE emitted for a stubbed class (unreached)
m8_link_stubs.cpp	vtable for PlayerGameplayMsg	crowd,score4,vocal		milo,render		RTTI/VTABLE emitted for a stubbed class (unreached)
m8_link_stubs.cpp	vtable for PlayerStatsMsg	crowd,score4,vocal	crowd,score4,vocal	milo,render		RTTI/VTABLE emitted for a stubbed class (unreached)
m8_support.cpp	Game::GetActivePlayers()	crowd,harmony,score4,vocal,vocal2	crowd,harmony,score4,vocal,vocal2	milo,render	crowd:2 score4:1	REACHED/DRIVER-SUPPORT: synthetic headless substitute by design (see doc)
m8_support.cpp	Game::GetPlayerFromTrack(int, bool) const	crowd,harmony,score4,vocal,vocal2	crowd,harmony,score4,vocal,vocal2	milo,render	crowd:15 score4:8	REACHED/DRIVER-SUPPORT: synthetic headless substitute by design (see doc)
m8_support.cpp	GemPlayer::HasDealtWithGem(int)	crowd,harmony,score4,vocal,vocal2	crowd,harmony,score4,vocal,vocal2	milo,render	crowd:333 score4:194	REACHED/DRIVER-SUPPORT: synthetic headless substitute by design (see doc)
m8_support.cpp	SongDB::GetBaseScores()	crowd,harmony,score4,vocal,vocal2	crowd,harmony,score4,vocal,vocal2		crowd:1 harmony:9 score4:3 vocal2:2	REACHED/DRIVER-SUPPORT: synthetic headless substitute by design (see doc)
m8_support.cpp	SongDB::GetCommonPhraseID(int, int) const	crowd,harmony,score4,vocal,vocal2	crowd,harmony,score4,vocal,vocal2			DRIVER-SUPPORT (unreached)
m8_support.cpp	SongDB::GetCommonPhraseTracks(int) const	crowd,harmony,score4,vocal,vocal2	crowd,harmony,score4,vocal,vocal2		crowd:458 score4:182	REACHED/DRIVER-SUPPORT: synthetic headless substitute by design (see doc)
m8_support.cpp	SongDB::GetGems(int) const	crowd,harmony,score4,vocal,vocal2	crowd,harmony,score4,vocal,vocal2		crowd:176 score4:124	REACHED/DRIVER-SUPPORT: synthetic headless substitute by design (see doc)
m8_support.cpp	SongDB::GetNumTracks() const	crowd,harmony,score4,vocal,vocal2	crowd,harmony,score4,vocal,vocal2			DRIVER-SUPPORT (unreached)
m8_support.cpp	SongDB::GetPhraseID(int, int) const	crowd,harmony,score4,vocal,vocal2	crowd,harmony,score4,vocal,vocal2		crowd:2238 score4:1468	REACHED/DRIVER-SUPPORT: synthetic headless substitute by design (see doc)
m8_support.cpp	SongDB::GetSongDurationMs() const	crowd,harmony,score4,vocal,vocal2	crowd,harmony,score4,vocal,vocal2		crowd:103620 harmony:24811 score4:51810 vocal2:50409	REACHED/DRIVER-SUPPORT: synthetic headless substitute by design (see doc)
m8_support.cpp	SongDB::IsUnisonPhrase(int) const	crowd,harmony,score4,vocal,vocal2	crowd,harmony,score4,vocal,vocal2		crowd:473 score4:190	REACHED/DRIVER-SUPPORT: synthetic headless substitute by design (see doc)
m8_support.cpp	SongDB::SongDB()	crowd,harmony,score4,vocal,vocal2	crowd,harmony,score4,vocal2		crowd:1 harmony:1 score4:1 vocal2:1	REACHED/DRIVER-SUPPORT: synthetic headless substitute by design (see doc)
m8_support.cpp	SongDB::SongDB()	crowd,harmony,score4,vocal,vocal2			crowd:1 harmony:1 score4:1 vocal2:1	REACHED/DRIVER-SUPPORT: synthetic headless substitute by design (see doc)
m8_support.cpp	SongDB::~SongDB()	crowd,harmony,score4,vocal,vocal2				DRIVER-SUPPORT (unreached)
m8_support.cpp	SongDB::~SongDB()	crowd,harmony,score4,vocal,vocal2				DRIVER-SUPPORT (unreached)
m8_support.cpp	SongDB::~SongDB()	crowd,harmony,score4,vocal,vocal2				DRIVER-SUPPORT (unreached)
m8_support.cpp	gM8ActivePlayers	crowd,harmony,score4,vocal,vocal2	crowd,score4			DRIVER-SUPPORT (unreached)
m8_support.cpp	gM8BaseScores	crowd,harmony,score4,vocal,vocal2	crowd,score4			DRIVER-SUPPORT (unreached)
m8_support.cpp	gM8Dealt	crowd,harmony,score4,vocal,vocal2	crowd,score4			DRIVER-SUPPORT (unreached)
m8_support.cpp	gM8DurationMs	crowd,harmony,score4,vocal,vocal2	crowd,score4			DRIVER-SUPPORT (unreached)
m8_support.cpp	gM8GemPhrase	crowd,harmony,score4,vocal,vocal2	crowd,score4			DRIVER-SUPPORT (unreached)
m8_support.cpp	gM8Player	crowd,harmony,score4,vocal,vocal2	crowd,score4			DRIVER-SUPPORT (unreached)
m8_support.cpp	gM8SongData	crowd,harmony,score4,vocal,vocal2	crowd,score4			DRIVER-SUPPORT (unreached)
m8_support.cpp	gM8TrackNum	crowd,harmony,score4,vocal,vocal2	crowd,score4			DRIVER-SUPPORT (unreached)
m8_support.cpp	gNativeSongMs	crowd,harmony,score4,vocal,vocal2		crowd,harmony,score2,score3,score4,vocal,vocal2		DRIVER-SUPPORT (unreached)
m8_support.cpp	typeinfo for SongDB	crowd,harmony,score4,vocal,vocal2				DRIVER-SUPPORT (unreached)
m8_support.cpp	typeinfo name for SongDB	crowd,harmony,score4,vocal,vocal2				DRIVER-SUPPORT (unreached)
m8_support.cpp	vtable for SongDB	crowd,harmony,score4,vocal,vocal2				DRIVER-SUPPORT (unreached)
milo_link_stubs.cpp	CleanupGpuMesh(RndMesh*)	milo	milo			UNREACHED: no src body (decomp gap or platform)
milo_link_stubs.cpp	DrawParticlesBillboard(RndParticleSys*)	milo	milo			UNREACHED: no src body (decomp gap or platform)
milo_link_stubs.cpp	FlushPostProcessingForOverlay()	milo	milo			UNREACHED: no src body (decomp gap or platform)
milo_link_stubs.cpp	FlushTransparentDraws()	milo	milo			UNREACHED: no src body (decomp gap or platform)
milo_link_stubs.cpp	InternSymbolGlobals_MiloLinkStubs()	milo,render	render		render:1	REACHED/INIT: interns this file's Symbol globals
milo_link_stubs.cpp	RndMesh::DrawShowing()	milo	milo			UNREACHED: no src body (decomp gap or platform)
milo_link_stubs.cpp	RndMesh::OnSync(int)	milo	milo		milo:130	REACHED/PLATFORM: X360 body is #ifndef HX_NATIVE (rndobj/Mesh.cpp:1267); render gets the engine MeshGpuCache
milo_link_stubs.cpp	RndRenderState::SetAlphaFunc(RndRenderState::TestFunc, unsigned int)	milo,render	milo,render			UNREACHED: src body in system/rnddx9/RenderState.cpp (TU not native-compiled)
milo_link_stubs.cpp	RndRenderState::SetAlphaTestEnable(bool)	milo,render	milo,render			UNREACHED: src body in system/rnddx9/RenderState.cpp (TU not native-compiled)
milo_link_stubs.cpp	RndRenderState::SetBlend(RndRenderState::Blend, RndRenderState::Blend, RndRenderState::Blend, RndRenderState::Blend)	milo,render	milo,render			UNREACHED: src body in system/rnddx9/RenderState.cpp (TU not native-compiled)
milo_link_stubs.cpp	RndRenderState::SetBlendEnable(bool)	milo,render	milo,render			UNREACHED: src body in system/rnddx9/RenderState.cpp (TU not native-compiled)
milo_link_stubs.cpp	RndRenderState::SetBlendOp(RndRenderState::BlendOp)	milo,render	milo,render			UNREACHED: src body in system/rnddx9/RenderState.cpp (TU not native-compiled)
milo_link_stubs.cpp	RndRenderState::SetBorderColor(unsigned int, bool)	milo,render	milo,render			UNREACHED: src body in system/rnddx9/RenderState.cpp (TU not native-compiled)
milo_link_stubs.cpp	RndRenderState::SetColorWriteMask(unsigned int)	milo,render	milo,render			UNREACHED: src body in system/rnddx9/RenderState.cpp (TU not native-compiled)
milo_link_stubs.cpp	RndRenderState::SetCullMode(RndRenderState::CullMode)	milo,render	milo,render			UNREACHED: src body in system/rnddx9/RenderState.cpp (TU not native-compiled)
milo_link_stubs.cpp	RndRenderState::SetDepthFunc(RndRenderState::TestFunc)	milo,render	milo,render			UNREACHED: src body in system/rnddx9/RenderState.cpp (TU not native-compiled)
milo_link_stubs.cpp	RndRenderState::SetDepthTestEnable(bool)	milo,render	milo,render			UNREACHED: src body in system/rnddx9/RenderState.cpp (TU not native-compiled)
milo_link_stubs.cpp	RndRenderState::SetDepthWriteEnable(bool)	milo,render	milo,render			UNREACHED: src body in system/rnddx9/RenderState.cpp (TU not native-compiled)
milo_link_stubs.cpp	RndRenderState::SetFillMode(RndRenderState::FillMode)	milo,render	milo,render			UNREACHED: src body in system/rnddx9/RenderState.cpp (TU not native-compiled)
milo_link_stubs.cpp	RndRenderState::SetStencilFunc(RndRenderState::TestFunc, unsigned char)	milo,render	milo,render			UNREACHED: src body in system/rnddx9/RenderState.cpp (TU not native-compiled)
milo_link_stubs.cpp	RndRenderState::SetStencilOp(RndRenderState::StencilOp, RndRenderState::StencilOp, RndRenderState::StencilOp)	milo,render	milo,render			UNREACHED: src body in system/rnddx9/RenderState.cpp (TU not native-compiled)
milo_link_stubs.cpp	RndRenderState::SetStencilTestEnable(bool)	milo,render	milo,render			UNREACHED: src body in system/rnddx9/RenderState.cpp (TU not native-compiled)
milo_link_stubs.cpp	RndRenderState::SetTextureClamp(unsigned int, RndRenderState::ClampMode)	milo,render	milo,render			UNREACHED: src body in system/rnddx9/RenderState.cpp (TU not native-compiled)
milo_link_stubs.cpp	RndRenderState::SetTextureFilter(unsigned int, RndRenderState::FilterMode, bool)	milo,render	milo,render			UNREACHED: src body in system/rnddx9/RenderState.cpp (TU not native-compiled)
milo_link_stubs.cpp	RndTex::FinishDrawTarget()	milo	milo			UNREACHED: no src body (decomp gap or platform)
milo_link_stubs.cpp	RndTex::MakeDrawTarget()	milo	milo			UNREACHED: no src body (decomp gap or platform)
milo_link_stubs.cpp	RndTex::PresyncBitmap()	milo	milo			UNREACHED: no src body (decomp gap or platform)
milo_link_stubs.cpp	RndTex::SyncBitmap()	milo	milo			UNREACHED: no src body (decomp gap or platform)
milo_link_stubs.cpp	SpotlightDrawer::DeSelect()	milo,render	milo,render			UNREACHED: src body in system/world/SpotlightDrawer.cpp (TU not native-compiled)
milo_link_stubs.cpp	TheHamDirector	milo,render	milo,render			SYMBOL/GLOBAL link satisfier (unreached)
milo_link_stubs.cpp	TheNgRnd	milo	milo			UNREACHED: src body in system/rndobj/Rnd_NG.h (TU not native-compiled)
milo_link_stubs.cpp	TheRenderState	milo,render	milo,render			SYMBOL/GLOBAL link satisfier (unreached)
milo_link_stubs.cpp	TheShaderMgr	milo	milo			UNREACHED: src body in system/rnddx9/Mesh.cpp;system/rnddx9/Rnd.cpp;system/rnddx9/Rnd_Xbox.cpp (TU not native-compiled)
milo_link_stubs.cpp	TheUI	milo	milo			SYMBOL/GLOBAL link satisfier (unreached)
milo_link_stubs.cpp	bass	milo,render	milo,render			SYMBOL/GLOBAL link satisfier (unreached)
milo_link_stubs.cpp	brow_height	milo,render	milo,render			SYMBOL/GLOBAL link satisfier (unreached)
milo_link_stubs.cpp	brow_separation	milo,render	milo,render			SYMBOL/GLOBAL link satisfier (unreached)
milo_link_stubs.cpp	cam_teleport	milo,render	milo,render			SYMBOL/GLOBAL link satisfier (unreached)
milo_link_stubs.cpp	category	milo,render	milo,render			SYMBOL/GLOBAL link satisfier (unreached)
milo_link_stubs.cpp	change_face_group	milo,render	milo,render			SYMBOL/GLOBAL link satisfier (unreached)
milo_link_stubs.cpp	chars_dir	milo,render	milo,render			SYMBOL/GLOBAL link satisfier (unreached)
milo_link_stubs.cpp	chin	milo,render	milo,render			SYMBOL/GLOBAL link satisfier (unreached)
milo_link_stubs.cpp	chin_height	milo,render	milo,render			SYMBOL/GLOBAL link satisfier (unreached)
milo_link_stubs.cpp	chin_num	milo,render	milo,render			SYMBOL/GLOBAL link satisfier (unreached)
milo_link_stubs.cpp	chin_width	milo,render	milo,render			SYMBOL/GLOBAL link satisfier (unreached)
milo_link_stubs.cpp	clear_group	milo,render	milo,render			SYMBOL/GLOBAL link satisfier (unreached)
milo_link_stubs.cpp	closet_teleport	milo,render	milo,render			SYMBOL/GLOBAL link satisfier (unreached)
milo_link_stubs.cpp	color0	milo,render	milo,render			SYMBOL/GLOBAL link satisfier (unreached)
milo_link_stubs.cpp	color1	milo,render	milo,render			SYMBOL/GLOBAL link satisfier (unreached)
milo_link_stubs.cpp	color2	milo,render	milo,render			SYMBOL/GLOBAL link satisfier (unreached)
milo_link_stubs.cpp	coop_bk	milo,render				SYMBOL/GLOBAL link satisfier (unreached)
milo_link_stubs.cpp	coop_gk	milo,render				SYMBOL/GLOBAL link satisfier (unreached)
milo_link_stubs.cpp	copy_prefab	milo,render	milo,render			SYMBOL/GLOBAL link satisfier (unreached)
milo_link_stubs.cpp	dir	milo,render	milo,render			SYMBOL/GLOBAL link satisfier (unreached)
milo_link_stubs.cpp	drum	milo,render	milo,render			SYMBOL/GLOBAL link satisfier (unreached)
milo_link_stubs.cpp	drum_venue	milo,render	milo,render			SYMBOL/GLOBAL link satisfier (unreached)
milo_link_stubs.cpp	earrings	milo,render	milo,render			SYMBOL/GLOBAL link satisfier (unreached)
milo_link_stubs.cpp	enable_debug_interests	milo,render	milo,render			SYMBOL/GLOBAL link satisfier (unreached)
milo_link_stubs.cpp	enter_closet	milo,render	milo,render			SYMBOL/GLOBAL link satisfier (unreached)
milo_link_stubs.cpp	enter_venue	milo,render	milo,render			SYMBOL/GLOBAL link satisfier (unreached)
milo_link_stubs.cpp	enter_vignette	milo,render	milo,render			SYMBOL/GLOBAL link satisfier (unreached)
milo_link_stubs.cpp	event	milo,render	milo,render			SYMBOL/GLOBAL link satisfier (unreached)
milo_link_stubs.cpp	events	milo,render	milo,render			SYMBOL/GLOBAL link satisfier (unreached)
milo_link_stubs.cpp	extras	milo,render				SYMBOL/GLOBAL link satisfier (unreached)
milo_link_stubs.cpp	eye	milo,render	milo,render			SYMBOL/GLOBAL link satisfier (unreached)
milo_link_stubs.cpp	eye_color	milo,render	milo,render			SYMBOL/GLOBAL link satisfier (unreached)
milo_link_stubs.cpp	eye_height	milo,render	milo,render			SYMBOL/GLOBAL link satisfier (unreached)
milo_link_stubs.cpp	eye_num	milo,render	milo,render			SYMBOL/GLOBAL link satisfier (unreached)
milo_link_stubs.cpp	eye_rotation	milo,render	milo,render			SYMBOL/GLOBAL link satisfier (unreached)
milo_link_stubs.cpp	eye_separation	milo,render	milo,render			SYMBOL/GLOBAL link satisfier (unreached)
milo_link_stubs.cpp	eyebrows	milo,render	milo,render			SYMBOL/GLOBAL link satisfier (unreached)
milo_link_stubs.cpp	eyes	milo,render				SYMBOL/GLOBAL link satisfier (unreached)
milo_link_stubs.cpp	facehair	milo,render	milo,render			SYMBOL/GLOBAL link satisfier (unreached)
milo_link_stubs.cpp	feet	milo,render	milo,render			SYMBOL/GLOBAL link satisfier (unreached)
milo_link_stubs.cpp	find_target	milo,render	milo,render			SYMBOL/GLOBAL link satisfier (unreached)
milo_link_stubs.cpp	flag_string	milo,render	milo,render			SYMBOL/GLOBAL link satisfier (unreached)
milo_link_stubs.cpp	force_vertical	milo,render	milo,render			SYMBOL/GLOBAL link satisfier (unreached)
milo_link_stubs.cpp	gCharHighlightY	milo,render	milo,render			UNREACHED: src body in system/char/Char.cpp;system/char/Char.h;system/char/CharDriver.cpp (TU not native-compiled)
milo_link_stubs.cpp	game_over	milo,render	milo,render			SYMBOL/GLOBAL link satisfier (unreached)
milo_link_stubs.cpp	gender	milo,render	milo,render			SYMBOL/GLOBAL link satisfier (unreached)
milo_link_stubs.cpp	genre	milo,render	milo,render			SYMBOL/GLOBAL link satisfier (unreached)
milo_link_stubs.cpp	get_character	milo,render	milo,render			SYMBOL/GLOBAL link satisfier (unreached)
milo_link_stubs.cpp	get_customize_slot_msg	milo,render				SYMBOL/GLOBAL link satisfier (unreached)
milo_link_stubs.cpp	get_matching_dude	milo,render	milo,render			SYMBOL/GLOBAL link satisfier (unreached)
milo_link_stubs.cpp	get_play_flags	milo,render	milo,render			SYMBOL/GLOBAL link satisfier (unreached)
milo_link_stubs.cpp	glasses	milo,render	milo,render			SYMBOL/GLOBAL link satisfier (unreached)
milo_link_stubs.cpp	group_override	milo,render	milo,render			SYMBOL/GLOBAL link satisfier (unreached)
milo_link_stubs.cpp	guitar	milo,render	milo,render			SYMBOL/GLOBAL link satisfier (unreached)
milo_link_stubs.cpp	hack_fix_clips_pre_merge	milo,render	milo,render			SYMBOL/GLOBAL link satisfier (unreached)
milo_link_stubs.cpp	hair	milo,render	milo,render			SYMBOL/GLOBAL link satisfier (unreached)
milo_link_stubs.cpp	hands	milo,render	milo,render			SYMBOL/GLOBAL link satisfier (unreached)
milo_link_stubs.cpp	head	milo,render	milo,render			SYMBOL/GLOBAL link satisfier (unreached)
milo_link_stubs.cpp	head_lookat_weight	milo,render	milo,render			SYMBOL/GLOBAL link satisfier (unreached)
milo_link_stubs.cpp	heads	milo,render				SYMBOL/GLOBAL link satisfier (unreached)
milo_link_stubs.cpp	height	milo,render	milo,render			SYMBOL/GLOBAL link satisfier (unreached)
milo_link_stubs.cpp	hide	milo,render	milo,render			SYMBOL/GLOBAL link satisfier (unreached)
milo_link_stubs.cpp	hide_categories	milo,render	milo,render			SYMBOL/GLOBAL link satisfier (unreached)
milo_link_stubs.cpp	in_closet	milo,render	milo,render			SYMBOL/GLOBAL link satisfier (unreached)
milo_link_stubs.cpp	in_tour_ending	milo,render	milo,render			SYMBOL/GLOBAL link satisfier (unreached)
milo_link_stubs.cpp	install_filter	milo,render	milo,render			SYMBOL/GLOBAL link satisfier (unreached)
milo_link_stubs.cpp	instrument_type	milo,render	milo,render			SYMBOL/GLOBAL link satisfier (unreached)
milo_link_stubs.cpp	instruments	milo,render	milo,render			SYMBOL/GLOBAL link satisfier (unreached)
milo_link_stubs.cpp	is_loading	milo,render	milo,render			SYMBOL/GLOBAL link satisfier (unreached)
milo_link_stubs.cpp	jaw_height	milo,render	milo,render			SYMBOL/GLOBAL link satisfier (unreached)
milo_link_stubs.cpp	jaw_width	milo,render	milo,render			SYMBOL/GLOBAL link satisfier (unreached)
milo_link_stubs.cpp	keyboard	milo,render	milo,render			SYMBOL/GLOBAL link satisfier (unreached)
milo_link_stubs.cpp	keys	milo,render	milo,render			SYMBOL/GLOBAL link satisfier (unreached)
milo_link_stubs.cpp	lbl_82F14008	milo,render	milo,render			SYMBOL/GLOBAL link satisfier (unreached)
milo_link_stubs.cpp	legs	milo,render	milo,render			SYMBOL/GLOBAL link satisfier (unreached)
milo_link_stubs.cpp	list_dircuts	milo,render	milo,render			SYMBOL/GLOBAL link satisfier (unreached)
milo_link_stubs.cpp	list_drum_venues	milo,render	milo,render			SYMBOL/GLOBAL link satisfier (unreached)
milo_link_stubs.cpp	list_interest_objects	milo,render	milo,render			SYMBOL/GLOBAL link satisfier (unreached)
milo_link_stubs.cpp	list_outfits	milo,render	milo,render			SYMBOL/GLOBAL link satisfier (unreached)
milo_link_stubs.cpp	list_venue_anim_groups	milo,render	milo,render			SYMBOL/GLOBAL link satisfier (unreached)
milo_link_stubs.cpp	load_dircut	milo,render	milo,render			SYMBOL/GLOBAL link satisfier (unreached)
milo_link_stubs.cpp	load_prefab_prefs	milo,render	milo,render			SYMBOL/GLOBAL link satisfier (unreached)
milo_link_stubs.cpp	mesh_name	milo,render	milo,render			SYMBOL/GLOBAL link satisfier (unreached)
milo_link_stubs.cpp	mic	milo,render	milo,render			SYMBOL/GLOBAL link satisfier (unreached)
milo_link_stubs.cpp	milo_reload	milo,render	milo,render			SYMBOL/GLOBAL link satisfier (unreached)
milo_link_stubs.cpp	mouth	milo,render	milo,render			SYMBOL/GLOBAL link satisfier (unreached)
milo_link_stubs.cpp	mouth_height	milo,render	milo,render			SYMBOL/GLOBAL link satisfier (unreached)
milo_link_stubs.cpp	mouth_num	milo,render	milo,render			SYMBOL/GLOBAL link satisfier (unreached)
milo_link_stubs.cpp	mouth_width	milo,render	milo,render			SYMBOL/GLOBAL link satisfier (unreached)
milo_link_stubs.cpp	muscle	milo,render	milo,render			SYMBOL/GLOBAL link satisfier (unreached)
milo_link_stubs.cpp	name	milo,render	milo,render			SYMBOL/GLOBAL link satisfier (unreached)
milo_link_stubs.cpp	none	milo,render				SYMBOL/GLOBAL link satisfier (unreached)
milo_link_stubs.cpp	nose	milo,render	milo,render			SYMBOL/GLOBAL link satisfier (unreached)
milo_link_stubs.cpp	nose_height	milo,render	milo,render			SYMBOL/GLOBAL link satisfier (unreached)
milo_link_stubs.cpp	nose_num	milo,render	milo,render			SYMBOL/GLOBAL link satisfier (unreached)
milo_link_stubs.cpp	nose_width	milo,render	milo,render			SYMBOL/GLOBAL link satisfier (unreached)
milo_link_stubs.cpp	on_extra_loaded	milo,render	milo,render			SYMBOL/GLOBAL link satisfier (unreached)
milo_link_stubs.cpp	on_post_merge	milo,render	milo,render			SYMBOL/GLOBAL link satisfier (unreached)
milo_link_stubs.cpp	outfit	milo,render	milo,render			SYMBOL/GLOBAL link satisfier (unreached)
milo_link_stubs.cpp	patches	milo,render	milo,render			SYMBOL/GLOBAL link satisfier (unreached)
milo_link_stubs.cpp	piercings	milo,render	milo,render			SYMBOL/GLOBAL link satisfier (unreached)
milo_link_stubs.cpp	play_group	milo,render	milo,render			SYMBOL/GLOBAL link satisfier (unreached)
milo_link_stubs.cpp	portrait_begin	milo,render	milo,render			SYMBOL/GLOBAL link satisfier (unreached)
milo_link_stubs.cpp	portrait_end	milo,render	milo,render			SYMBOL/GLOBAL link satisfier (unreached)
milo_link_stubs.cpp	pre_clear	milo,render	milo,render			SYMBOL/GLOBAL link satisfier (unreached)
milo_link_stubs.cpp	prefab	milo,render	milo,render			SYMBOL/GLOBAL link satisfier (unreached)
milo_link_stubs.cpp	prefabs_list	milo,render	milo,render			SYMBOL/GLOBAL link satisfier (unreached)
milo_link_stubs.cpp	proxies	milo,render				SYMBOL/GLOBAL link satisfier (unreached)
milo_link_stubs.cpp	release_configuration	milo,render	milo,render			SYMBOL/GLOBAL link satisfier (unreached)
milo_link_stubs.cpp	reset_on_end	milo,render	milo,render			SYMBOL/GLOBAL link satisfier (unreached)
milo_link_stubs.cpp	restore_categories	milo,render	milo,render			SYMBOL/GLOBAL link satisfier (unreached)
milo_link_stubs.cpp	rings	milo,render	milo,render			SYMBOL/GLOBAL link satisfier (unreached)
milo_link_stubs.cpp	rotation	milo,render	milo,render			SYMBOL/GLOBAL link satisfier (unreached)
milo_link_stubs.cpp	save_from_closet	milo,render	milo,render			SYMBOL/GLOBAL link satisfier (unreached)
milo_link_stubs.cpp	save_prefab	milo,render	milo,render			SYMBOL/GLOBAL link satisfier (unreached)
milo_link_stubs.cpp	scale	milo,render	milo,render			SYMBOL/GLOBAL link satisfier (unreached)
milo_link_stubs.cpp	select_extras	milo,render	milo,render			SYMBOL/GLOBAL link satisfier (unreached)
milo_link_stubs.cpp	set_context	milo,render	milo,render			SYMBOL/GLOBAL link satisfier (unreached)
milo_link_stubs.cpp	set_file_merger	milo,render	milo,render			SYMBOL/GLOBAL link satisfier (unreached)
milo_link_stubs.cpp	set_play	milo,render	milo,render			SYMBOL/GLOBAL link satisfier (unreached)
milo_link_stubs.cpp	set_singalong	milo,render	milo,render			SYMBOL/GLOBAL link satisfier (unreached)
milo_link_stubs.cpp	shape	milo,render	milo,render			SYMBOL/GLOBAL link satisfier (unreached)
milo_link_stubs.cpp	shape_num	milo,render	milo,render			SYMBOL/GLOBAL link satisfier (unreached)
milo_link_stubs.cpp	skin	milo,render				SYMBOL/GLOBAL link satisfier (unreached)
milo_link_stubs.cpp	skin_color	milo,render	milo,render			SYMBOL/GLOBAL link satisfier (unreached)
milo_link_stubs.cpp	sort_targets	milo,render	milo,render			SYMBOL/GLOBAL link satisfier (unreached)
milo_link_stubs.cpp	start	milo,render	milo,render			SYMBOL/GLOBAL link satisfier (unreached)
milo_link_stubs.cpp	start_load	milo,render	milo,render			SYMBOL/GLOBAL link satisfier (unreached)
milo_link_stubs.cpp	start_venue_shot	milo,render	milo,render			SYMBOL/GLOBAL link satisfier (unreached)
milo_link_stubs.cpp	store_configuration	milo,render	milo,render			SYMBOL/GLOBAL link satisfier (unreached)
milo_link_stubs.cpp	sync_interests	milo,render	milo,render			SYMBOL/GLOBAL link satisfier (unreached)
milo_link_stubs.cpp	sync_play_mode	milo,render	milo,render			SYMBOL/GLOBAL link satisfier (unreached)
milo_link_stubs.cpp	tempo	milo,render	milo,render			SYMBOL/GLOBAL link satisfier (unreached)
milo_link_stubs.cpp	test_prefab	milo,render	milo,render			SYMBOL/GLOBAL link satisfier (unreached)
milo_link_stubs.cpp	test_tour_ending_venue	milo,render	milo,render			SYMBOL/GLOBAL link satisfier (unreached)
milo_link_stubs.cpp	texture	milo,render	milo,render			SYMBOL/GLOBAL link satisfier (unreached)
milo_link_stubs.cpp	toggle_interests_overlay	milo,render	milo,render			SYMBOL/GLOBAL link satisfier (unreached)
milo_link_stubs.cpp	torso	milo,render	milo,render			SYMBOL/GLOBAL link satisfier (unreached)
milo_link_stubs.cpp	unload_venue	milo,render	milo,render			SYMBOL/GLOBAL link satisfier (unreached)
milo_link_stubs.cpp	use_mic_stand_clips	milo,render	milo,render			SYMBOL/GLOBAL link satisfier (unreached)
milo_link_stubs.cpp	uv	milo,render	milo,render			SYMBOL/GLOBAL link satisfier (unreached)
milo_link_stubs.cpp	weight	milo,render	milo,render			SYMBOL/GLOBAL link satisfier (unreached)
milo_link_stubs.cpp	wrist	milo,render	milo,render			SYMBOL/GLOBAL link satisfier (unreached)
milo_object_factories.cpp	RegisterMiloObjectFactories()	milo,render	milo,render			DRIVER-SUPPORT (unreached)
native_link_glue.cpp	BinStream& operator<< <CamShot>(BinStream&, ObjPtrList<CamShot, ObjectDir> const&)	ark,crowd,dta,gem,harmony,hit,midi,milo,render,save,score,score2,score3,score4,song,vocal,vocal2				UNREFERENCED by other objects (kept: intra-TU/vtable use)
native_link_glue.cpp	BinStream& operator<< <CharBone>(BinStream&, ObjPtrList<CharBone, ObjectDir> const&)	ark,crowd,dta,gem,harmony,hit,midi,milo,render,save,score,score2,score3,score4,song,vocal,vocal2				UNREFERENCED by other objects (kept: intra-TU/vtable use)
native_link_glue.cpp	BinStream& operator<< <CharClip>(BinStream&, ObjPtrVec<CharClip, ObjectDir> const&)	ark,crowd,dta,gem,harmony,hit,midi,milo,render,save,score,score2,score3,score4,song,vocal,vocal2				UNREFERENCED by other objects (kept: intra-TU/vtable use)
native_link_glue.cpp	BinStream& operator<< <CharInterest>(BinStream&, ObjOwnerPtr<CharInterest> const&)	ark,crowd,dta,gem,harmony,hit,midi,milo,render,save,score,score2,score3,score4,song,vocal,vocal2	milo,render			UNREACHED: no src body (decomp gap or platform)
native_link_glue.cpp	BinStream& operator<< <CharLookAt>(BinStream&, ObjOwnerPtr<CharLookAt> const&)	ark,crowd,dta,gem,harmony,hit,midi,milo,render,save,score,score2,score3,score4,song,vocal,vocal2	milo,render			UNREACHED: no src body (decomp gap or platform)
native_link_glue.cpp	BinStream& operator<< <CharPollable>(BinStream&, ObjPtrList<CharPollable, ObjectDir> const&)	ark,crowd,dta,gem,harmony,hit,midi,milo,render,save,score,score2,score3,score4,song,vocal,vocal2				UNREFERENCED by other objects (kept: intra-TU/vtable use)
native_link_glue.cpp	BinStream& operator<< <CharWeightSetter>(BinStream&, ObjPtrList<CharWeightSetter, ObjectDir> const&)	ark,crowd,dta,gem,harmony,hit,midi,milo,render,save,score,score2,score3,score4,song,vocal,vocal2				UNREFERENCED by other objects (kept: intra-TU/vtable use)
native_link_glue.cpp	BinStream& operator<< <CharWeightable>(BinStream&, ObjOwnerPtr<CharWeightable> const&)	ark,crowd,dta,gem,harmony,hit,midi,milo,render,save,score,score2,score3,score4,song,vocal,vocal2	milo,render			UNREACHED: no src body (decomp gap or platform)
native_link_glue.cpp	BinStream& operator<< <Character>(BinStream&, ObjPtrList<Character, ObjectDir> const&)	ark,crowd,dta,gem,harmony,hit,midi,milo,render,save,score,score2,score3,score4,song,vocal,vocal2				UNREFERENCED by other objects (kept: intra-TU/vtable use)
native_link_glue.cpp	BinStream& operator<< <EventTrigger>(BinStream&, ObjOwnerPtr<EventTrigger> const&)	ark,crowd,dta,gem,harmony,hit,midi,milo,render,save,score,score2,score3,score4,song,vocal,vocal2	milo,render			UNREACHED: no src body (decomp gap or platform)
native_link_glue.cpp	BinStream& operator<< <EventTrigger>(BinStream&, ObjPtrList<EventTrigger, ObjectDir> const&)	ark,crowd,dta,gem,harmony,hit,midi,milo,render,save,score,score2,score3,score4,song,vocal,vocal2				UNREFERENCED by other objects (kept: intra-TU/vtable use)
native_link_glue.cpp	BinStream& operator<< <Fader>(BinStream&, ObjPtrList<Fader, ObjectDir> const&)	ark,crowd,dta,gem,harmony,hit,midi,milo,render,save,score,score2,score3,score4,song,vocal,vocal2				UNREFERENCED by other objects (kept: intra-TU/vtable use)
native_link_glue.cpp	BinStream& operator<< <Flow>(BinStream&, ObjPtrVec<Flow, ObjectDir> const&)	ark,crowd,dta,gem,harmony,hit,midi,milo,render,save,score,score2,score3,score4,song,vocal,vocal2				UNREFERENCED by other objects (kept: intra-TU/vtable use)
native_link_glue.cpp	BinStream& operator<< <FxSend>(BinStream&, ObjOwnerPtr<FxSend> const&)	ark,crowd,dta,gem,harmony,hit,midi,milo,render,save,score,score2,score3,score4,song,vocal,vocal2	milo,render			UNREACHED: no src body (decomp gap or platform)
native_link_glue.cpp	BinStream& operator<< <HamCamShot>(BinStream&, ObjPtrList<HamCamShot, ObjectDir> const&)	ark,crowd,dta,gem,harmony,hit,midi,milo,render,save,score,score2,score3,score4,song,vocal,vocal2				UNREFERENCED by other objects (kept: intra-TU/vtable use)
native_link_glue.cpp	BinStream& operator<< <HamListRibbon>(BinStream&, ObjDirPtr<HamListRibbon> const&)	ark,crowd,dta,gem,harmony,hit,midi,milo,render,save,score,score2,score3,score4,song,vocal,vocal2				UNREFERENCED by other objects (kept: intra-TU/vtable use)
native_link_glue.cpp	BinStream& operator<< <HamScrollSpeedIndicator>(BinStream&, ObjDirPtr<HamScrollSpeedIndicator> const&)	ark,crowd,dta,gem,harmony,hit,midi,milo,render,save,score,score2,score3,score4,song,vocal,vocal2				UNREFERENCED by other objects (kept: intra-TU/vtable use)
native_link_glue.cpp	BinStream& operator<< <Hmx::Object>(BinStream&, ObjOwnerPtr<Hmx::Object> const&)	ark,crowd,dta,gem,harmony,hit,midi,milo,render,save,score,score2,score3,score4,song,vocal,vocal2	milo,render			UNREACHED: no src body (decomp gap or platform)
native_link_glue.cpp	BinStream& operator<< <Hmx::Object>(BinStream&, ObjPtrList<Hmx::Object, ObjectDir> const&)	ark,crowd,dta,gem,harmony,hit,midi,milo,render,save,score,score2,score3,score4,song,vocal,vocal2				UNREFERENCED by other objects (kept: intra-TU/vtable use)
native_link_glue.cpp	BinStream& operator<< <Hmx::Object>(BinStream&, ObjPtrVec<Hmx::Object, ObjectDir> const&)	ark,crowd,dta,gem,harmony,hit,midi,milo,render,save,score,score2,score3,score4,song,vocal,vocal2				UNREFERENCED by other objects (kept: intra-TU/vtable use)
native_link_glue.cpp	BinStream& operator<< <ObjectDir>(BinStream&, ObjDirPtr<ObjectDir> const&)	ark,crowd,dta,gem,harmony,hit,midi,milo,render,save,score,score2,score3,score4,song,vocal,vocal2				UNREFERENCED by other objects (kept: intra-TU/vtable use)
native_link_glue.cpp	BinStream& operator<< <ObjectDir>(BinStream&, ObjOwnerPtr<ObjectDir> const&)	ark,crowd,dta,gem,harmony,hit,midi,milo,render,save,score,score2,score3,score4,song,vocal,vocal2	milo,render			UNREACHED: no src body (decomp gap or platform)
native_link_glue.cpp	BinStream& operator<< <RndAnimatable>(BinStream&, ObjOwnerPtr<RndAnimatable> const&)	ark,crowd,dta,gem,harmony,hit,midi,milo,render,save,score,score2,score3,score4,song,vocal,vocal2	milo,render			UNREACHED: no src body (decomp gap or platform)
native_link_glue.cpp	BinStream& operator<< <RndAnimatable>(BinStream&, ObjPtrList<RndAnimatable, ObjectDir> const&)	ark,crowd,dta,gem,harmony,hit,midi,milo,render,save,score,score2,score3,score4,song,vocal,vocal2				UNREFERENCED by other objects (kept: intra-TU/vtable use)
native_link_glue.cpp	BinStream& operator<< <RndCamAnim>(BinStream&, ObjOwnerPtr<RndCamAnim> const&)	ark,crowd,dta,gem,harmony,hit,midi,milo,render,save,score,score2,score3,score4,song,vocal,vocal2	milo,render			UNREACHED: no src body (decomp gap or platform)
native_link_glue.cpp	BinStream& operator<< <RndDir>(BinStream&, ObjDirPtr<RndDir> const&)	ark,crowd,dta,gem,harmony,hit,midi,milo,render,save,score,score2,score3,score4,song,vocal,vocal2				UNREFERENCED by other objects (kept: intra-TU/vtable use)
native_link_glue.cpp	BinStream& operator<< <RndDrawable>(BinStream&, ObjOwnerPtr<RndDrawable> const&)	ark,crowd,dta,gem,harmony,hit,midi,milo,render,save,score,score2,score3,score4,song,vocal,vocal2	milo,render			UNREACHED: no src body (decomp gap or platform)
native_link_glue.cpp	BinStream& operator<< <RndDrawable>(BinStream&, ObjPtrList<RndDrawable, ObjectDir> const&)	ark,crowd,dta,gem,harmony,hit,midi,milo,render,save,score,score2,score3,score4,song,vocal,vocal2				UNREFERENCED by other objects (kept: intra-TU/vtable use)
native_link_glue.cpp	BinStream& operator<< <RndDrawable>(BinStream&, ObjPtrVec<RndDrawable, ObjectDir> const&)	ark,crowd,dta,gem,harmony,hit,midi,milo,render,save,score,score2,score3,score4,song,vocal,vocal2				UNREFERENCED by other objects (kept: intra-TU/vtable use)
native_link_glue.cpp	BinStream& operator<< <RndEnviron>(BinStream&, ObjOwnerPtr<RndEnviron> const&)	ark,crowd,dta,gem,harmony,hit,midi,milo,render,save,score,score2,score3,score4,song,vocal,vocal2	milo,render			UNREACHED: no src body (decomp gap or platform)
native_link_glue.cpp	BinStream& operator<< <RndEnviron>(BinStream&, ObjPtrVec<RndEnviron, ObjectDir> const&)	ark,crowd,dta,gem,harmony,hit,midi,milo,render,save,score,score2,score3,score4,song,vocal,vocal2				UNREFERENCED by other objects (kept: intra-TU/vtable use)
native_link_glue.cpp	BinStream& operator<< <RndFont3d>(BinStream&, ObjOwnerPtr<RndFont3d> const&)	ark,crowd,dta,gem,harmony,hit,midi,milo,render,save,score,score2,score3,score4,song,vocal,vocal2	milo,render			UNREACHED: no src body (decomp gap or platform)
native_link_glue.cpp	BinStream& operator<< <RndFont>(BinStream&, ObjOwnerPtr<RndFont> const&)	ark,crowd,dta,gem,harmony,hit,midi,milo,render,save,score,score2,score3,score4,song,vocal,vocal2	milo,render			UNREACHED: no src body (decomp gap or platform)
native_link_glue.cpp	BinStream& operator<< <RndFontBase>(BinStream&, ObjPtrList<RndFontBase, ObjectDir> const&)	ark,crowd,dta,gem,harmony,hit,midi,milo,render,save,score,score2,score3,score4,song,vocal,vocal2				UNREFERENCED by other objects (kept: intra-TU/vtable use)
native_link_glue.cpp	BinStream& operator<< <RndLight>(BinStream&, ObjOwnerPtr<RndLight> const&)	ark,crowd,dta,gem,harmony,hit,midi,milo,render,save,score,score2,score3,score4,song,vocal,vocal2	milo,render			UNREACHED: no src body (decomp gap or platform)
native_link_glue.cpp	BinStream& operator<< <RndLight>(BinStream&, ObjPtrList<RndLight, ObjectDir> const&)	ark,crowd,dta,gem,harmony,hit,midi,milo,render,save,score,score2,score3,score4,song,vocal,vocal2				UNREFERENCED by other objects (kept: intra-TU/vtable use)
native_link_glue.cpp	BinStream& operator<< <RndLight>(BinStream&, ObjPtrVec<RndLight, ObjectDir> const&)	ark,crowd,dta,gem,harmony,hit,midi,milo,render,save,score,score2,score3,score4,song,vocal,vocal2				UNREFERENCED by other objects (kept: intra-TU/vtable use)
native_link_glue.cpp	BinStream& operator<< <RndLightAnim>(BinStream&, ObjOwnerPtr<RndLightAnim> const&)	ark,crowd,dta,gem,harmony,hit,midi,milo,render,save,score,score2,score3,score4,song,vocal,vocal2	milo,render			UNREACHED: no src body (decomp gap or platform)
native_link_glue.cpp	BinStream& operator<< <RndMat>(BinStream&, ObjPtrList<RndMat, ObjectDir> const&)	ark,crowd,dta,gem,harmony,hit,midi,milo,render,save,score,score2,score3,score4,song,vocal,vocal2				UNREFERENCED by other objects (kept: intra-TU/vtable use)
native_link_glue.cpp	BinStream& operator<< <RndMatAnim>(BinStream&, ObjOwnerPtr<RndMatAnim> const&)	ark,crowd,dta,gem,harmony,hit,midi,milo,render,save,score,score2,score3,score4,song,vocal,vocal2	milo,render			UNREACHED: no src body (decomp gap or platform)
native_link_glue.cpp	BinStream& operator<< <RndMesh>(BinStream&, ObjOwnerPtr<RndMesh> const&)	ark,crowd,dta,gem,harmony,hit,midi,milo,render,save,score,score2,score3,score4,song,vocal,vocal2	milo,render			UNREACHED: no src body (decomp gap or platform)
native_link_glue.cpp	BinStream& operator<< <RndMesh>(BinStream&, ObjPtrList<RndMesh, ObjectDir> const&)	ark,crowd,dta,gem,harmony,hit,midi,milo,render,save,score,score2,score3,score4,song,vocal,vocal2				UNREFERENCED by other objects (kept: intra-TU/vtable use)
native_link_glue.cpp	BinStream& operator<< <RndMeshAnim>(BinStream&, ObjOwnerPtr<RndMeshAnim> const&)	ark,crowd,dta,gem,harmony,hit,midi,milo,render,save,score,score2,score3,score4,song,vocal,vocal2	milo,render			UNREACHED: no src body (decomp gap or platform)
native_link_glue.cpp	BinStream& operator<< <RndPartLauncher>(BinStream&, ObjPtrList<RndPartLauncher, ObjectDir> const&)	ark,crowd,dta,gem,harmony,hit,midi,milo,render,save,score,score2,score3,score4,song,vocal,vocal2				UNREFERENCED by other objects (kept: intra-TU/vtable use)
native_link_glue.cpp	BinStream& operator<< <RndParticleSysAnim>(BinStream&, ObjOwnerPtr<RndParticleSysAnim> const&)	ark,crowd,dta,gem,harmony,hit,midi,milo,render,save,score,score2,score3,score4,song,vocal,vocal2	milo,render			UNREACHED: no src body (decomp gap or platform)
native_link_glue.cpp	BinStream& operator<< <RndTex>(BinStream&, ObjOwnerPtr<RndTex> const&)	ark,crowd,dta,gem,harmony,hit,midi,milo,render,save,score,score2,score3,score4,song,vocal,vocal2	milo,render			UNREACHED: no src body (decomp gap or platform)
native_link_glue.cpp	BinStream& operator<< <RndTexBlendController>(BinStream&, ObjPtrList<RndTexBlendController, ObjectDir> const&)	ark,crowd,dta,gem,harmony,hit,midi,milo,render,save,score,score2,score3,score4,song,vocal,vocal2				UNREFERENCED by other objects (kept: intra-TU/vtable use)
native_link_glue.cpp	BinStream& operator<< <RndTransAnim>(BinStream&, ObjOwnerPtr<RndTransAnim> const&)	ark,crowd,dta,gem,harmony,hit,midi,milo,render,save,score,score2,score3,score4,song,vocal,vocal2	milo,render			UNREACHED: no src body (decomp gap or platform)
native_link_glue.cpp	BinStream& operator<< <RndTransformable>(BinStream&, ObjOwnerPtr<RndTransformable> const&)	ark,crowd,dta,gem,harmony,hit,midi,milo,render,save,score,score2,score3,score4,song,vocal,vocal2	milo,render			UNREACHED: no src body (decomp gap or platform)
native_link_glue.cpp	BinStream& operator<< <RndTransformable>(BinStream&, ObjPtrList<RndTransformable, ObjectDir> const&)	ark,crowd,dta,gem,harmony,hit,midi,milo,render,save,score,score2,score3,score4,song,vocal,vocal2				UNREFERENCED by other objects (kept: intra-TU/vtable use)
native_link_glue.cpp	BinStream& operator<< <RndWind>(BinStream&, ObjOwnerPtr<RndWind> const&)	ark,crowd,dta,gem,harmony,hit,midi,milo,render,save,score,score2,score3,score4,song,vocal,vocal2	milo,render			UNREACHED: no src body (decomp gap or platform)
native_link_glue.cpp	BinStream& operator<< <Sequence>(BinStream&, ObjPtrList<Sequence, ObjectDir> const&)	ark,crowd,dta,gem,harmony,hit,midi,milo,render,save,score,score2,score3,score4,song,vocal,vocal2				UNREFERENCED by other objects (kept: intra-TU/vtable use)
native_link_glue.cpp	BinStream& operator<< <Spotlight>(BinStream&, ObjOwnerPtr<Spotlight> const&)	ark,crowd,dta,gem,harmony,hit,midi,milo,render,save,score,score2,score3,score4,song,vocal,vocal2	milo,render			UNREACHED: no src body (decomp gap or platform)
native_link_glue.cpp	BinStream& operator<< <Spotlight>(BinStream&, ObjPtrVec<Spotlight, ObjectDir> const&)	ark,crowd,dta,gem,harmony,hit,midi,milo,render,save,score,score2,score3,score4,song,vocal,vocal2				UNREFERENCED by other objects (kept: intra-TU/vtable use)
native_link_glue.cpp	BinStream& operator<< <SpotlightDrawer>(BinStream&, ObjPtrVec<SpotlightDrawer, ObjectDir> const&)	ark,crowd,dta,gem,harmony,hit,midi,milo,render,save,score,score2,score3,score4,song,vocal,vocal2				UNREFERENCED by other objects (kept: intra-TU/vtable use)
native_link_glue.cpp	BinStream& operator<< <UILabel>(BinStream&, ObjPtrList<UILabel, ObjectDir> const&)	ark,crowd,dta,gem,harmony,hit,midi,milo,render,save,score,score2,score3,score4,song,vocal,vocal2				UNREFERENCED by other objects (kept: intra-TU/vtable use)
native_link_glue.cpp	BinStream& operator<< <UILabelDir>(BinStream&, ObjDirPtr<UILabelDir> const&)	ark,crowd,dta,gem,harmony,hit,midi,milo,render,save,score,score2,score3,score4,song,vocal,vocal2				UNREFERENCED by other objects (kept: intra-TU/vtable use)
native_link_glue.cpp	BinStream& operator<< <UIListDir>(BinStream&, ObjDirPtr<UIListDir> const&)	ark,crowd,dta,gem,harmony,hit,midi,milo,render,save,score,score2,score3,score4,song,vocal,vocal2				UNREFERENCED by other objects (kept: intra-TU/vtable use)
native_link_glue.cpp	BinStream& operator<< <Waypoint>(BinStream&, ObjPtrList<Waypoint, ObjectDir> const&)	ark,crowd,dta,gem,harmony,hit,midi,milo,render,save,score,score2,score3,score4,song,vocal,vocal2				UNREFERENCED by other objects (kept: intra-TU/vtable use)
native_link_glue.cpp	HDCache::Flush()	ark,crowd,dta,gem,harmony,hit,midi,milo,render,save,score,score2,score3,score4,song,vocal,vocal2	ark,crowd,dta,gem,harmony,hit,midi,milo,render,save,score,score2,score3,score4,song,vocal,vocal2		ark:1 midi:1 milo:1 render:1 song:1	REACHED/FAITHFUL: retail body is an empty blr (0x826C3888, ICF fold); home TU unknowable
native_link_glue.cpp	ObjRefConcrete<ADSR, ObjectDir>::CopyRef(ObjRefConcrete<ADSR, ObjectDir> const&)	ark,crowd,dta,gem,harmony,hit,midi,milo,render,save,score,score2,score3,score4,song,vocal,vocal2				UNREFERENCED by other objects (kept: intra-TU/vtable use)
native_link_glue.cpp	ObjRefConcrete<CamShot, ObjectDir>::CopyRef(ObjRefConcrete<CamShot, ObjectDir> const&)	ark,crowd,dta,gem,harmony,hit,midi,milo,render,save,score,score2,score3,score4,song,vocal,vocal2				UNREFERENCED by other objects (kept: intra-TU/vtable use)
native_link_glue.cpp	ObjRefConcrete<CharBone, ObjectDir>::CopyRef(ObjRefConcrete<CharBone, ObjectDir> const&)	ark,crowd,dta,gem,harmony,hit,midi,milo,render,save,score,score2,score3,score4,song,vocal,vocal2				UNREFERENCED by other objects (kept: intra-TU/vtable use)
native_link_glue.cpp	ObjRefConcrete<CharBonesObject, ObjectDir>::CopyRef(ObjRefConcrete<CharBonesObject, ObjectDir> const&)	ark,crowd,dta,gem,harmony,hit,midi,milo,render,save,score,score2,score3,score4,song,vocal,vocal2				UNREFERENCED by other objects (kept: intra-TU/vtable use)
native_link_glue.cpp	ObjRefConcrete<CharClip, ObjectDir>::CopyRef(ObjRefConcrete<CharClip, ObjectDir> const&)	ark,crowd,dta,gem,harmony,hit,midi,milo,render,save,score,score2,score3,score4,song,vocal,vocal2				UNREFERENCED by other objects (kept: intra-TU/vtable use)
native_link_glue.cpp	ObjRefConcrete<CharCollide, ObjectDir>::CopyRef(ObjRefConcrete<CharCollide, ObjectDir> const&)	ark,crowd,dta,gem,harmony,hit,midi,milo,render,save,score,score2,score3,score4,song,vocal,vocal2				UNREFERENCED by other objects (kept: intra-TU/vtable use)
native_link_glue.cpp	ObjRefConcrete<CharDriver, ObjectDir>::CopyRef(ObjRefConcrete<CharDriver, ObjectDir> const&)	ark,crowd,dta,gem,harmony,hit,midi,milo,render,save,score,score2,score3,score4,song,vocal,vocal2				UNREFERENCED by other objects (kept: intra-TU/vtable use)
native_link_glue.cpp	ObjRefConcrete<CharEyeDartRuleset, ObjectDir>::CopyRef(ObjRefConcrete<CharEyeDartRuleset, ObjectDir> const&)	ark,crowd,dta,gem,harmony,hit,midi,milo,render,save,score,score2,score3,score4,song,vocal,vocal2				UNREFERENCED by other objects (kept: intra-TU/vtable use)
native_link_glue.cpp	ObjRefConcrete<CharFaceServo, ObjectDir>::CopyRef(ObjRefConcrete<CharFaceServo, ObjectDir> const&)	ark,crowd,dta,gem,harmony,hit,midi,milo,render,save,score,score2,score3,score4,song,vocal,vocal2				UNREFERENCED by other objects (kept: intra-TU/vtable use)
native_link_glue.cpp	ObjRefConcrete<CharIKFoot, ObjectDir>::CopyRef(ObjRefConcrete<CharIKFoot, ObjectDir> const&)	ark,crowd,dta,gem,harmony,hit,midi,milo,render,save,score,score2,score3,score4,song,vocal,vocal2				UNREFERENCED by other objects (kept: intra-TU/vtable use)
native_link_glue.cpp	ObjRefConcrete<CharInterest, ObjectDir>::CopyRef(ObjRefConcrete<CharInterest, ObjectDir> const&)	ark,crowd,dta,gem,harmony,hit,midi,milo,render,save,score,score2,score3,score4,song,vocal,vocal2				UNREFERENCED by other objects (kept: intra-TU/vtable use)
native_link_glue.cpp	ObjRefConcrete<CharLipSync, ObjectDir>::CopyRef(ObjRefConcrete<CharLipSync, ObjectDir> const&)	ark,crowd,dta,gem,harmony,hit,midi,milo,render,save,score,score2,score3,score4,song,vocal,vocal2				UNREFERENCED by other objects (kept: intra-TU/vtable use)
native_link_glue.cpp	ObjRefConcrete<CharLipSyncDriver, ObjectDir>::CopyRef(ObjRefConcrete<CharLipSyncDriver, ObjectDir> const&)	ark,crowd,dta,gem,harmony,hit,midi,milo,render,save,score,score2,score3,score4,song,vocal,vocal2				UNREFERENCED by other objects (kept: intra-TU/vtable use)
native_link_glue.cpp	ObjRefConcrete<CharLookAt, ObjectDir>::CopyRef(ObjRefConcrete<CharLookAt, ObjectDir> const&)	ark,crowd,dta,gem,harmony,hit,midi,milo,render,save,score,score2,score3,score4,song,vocal,vocal2				UNREFERENCED by other objects (kept: intra-TU/vtable use)
native_link_glue.cpp	ObjRefConcrete<CharPollable, ObjectDir>::CopyRef(ObjRefConcrete<CharPollable, ObjectDir> const&)	ark,crowd,dta,gem,harmony,hit,midi,milo,render,save,score,score2,score3,score4,song,vocal,vocal2				UNREFERENCED by other objects (kept: intra-TU/vtable use)
native_link_glue.cpp	ObjRefConcrete<CharWeightSetter, ObjectDir>::CopyRef(ObjRefConcrete<CharWeightSetter, ObjectDir> const&)	ark,crowd,dta,gem,harmony,hit,midi,milo,render,save,score,score2,score3,score4,song,vocal,vocal2				UNREFERENCED by other objects (kept: intra-TU/vtable use)
native_link_glue.cpp	ObjRefConcrete<CharWeightable, ObjectDir>::CopyRef(ObjRefConcrete<CharWeightable, ObjectDir> const&)	ark,crowd,dta,gem,harmony,hit,midi,milo,render,save,score,score2,score3,score4,song,vocal,vocal2				UNREFERENCED by other objects (kept: intra-TU/vtable use)
native_link_glue.cpp	ObjRefConcrete<Character, ObjectDir>::CopyRef(ObjRefConcrete<Character, ObjectDir> const&)	ark,crowd,dta,gem,harmony,hit,midi,milo,render,save,score,score2,score3,score4,song,vocal,vocal2				UNREFERENCED by other objects (kept: intra-TU/vtable use)
native_link_glue.cpp	ObjRefConcrete<DancerSequence, ObjectDir>::CopyRef(ObjRefConcrete<DancerSequence, ObjectDir> const&)	ark,crowd,dta,gem,harmony,hit,midi,milo,render,save,score,score2,score3,score4,song,vocal,vocal2				UNREFERENCED by other objects (kept: intra-TU/vtable use)
native_link_glue.cpp	ObjRefConcrete<EventTrigger, ObjectDir>::CopyRef(ObjRefConcrete<EventTrigger, ObjectDir> const&)	ark,crowd,dta,gem,harmony,hit,midi,milo,render,save,score,score2,score3,score4,song,vocal,vocal2				UNREFERENCED by other objects (kept: intra-TU/vtable use)
native_link_glue.cpp	ObjRefConcrete<Fader, ObjectDir>::CopyRef(ObjRefConcrete<Fader, ObjectDir> const&)	ark,crowd,dta,gem,harmony,hit,midi,milo,render,save,score,score2,score3,score4,song,vocal,vocal2				UNREFERENCED by other objects (kept: intra-TU/vtable use)
native_link_glue.cpp	ObjRefConcrete<Flow, ObjectDir>::CopyRef(ObjRefConcrete<Flow, ObjectDir> const&)	ark,crowd,dta,gem,harmony,hit,midi,milo,render,save,score,score2,score3,score4,song,vocal,vocal2				UNREFERENCED by other objects (kept: intra-TU/vtable use)
native_link_glue.cpp	ObjRefConcrete<FlowLabel, ObjectDir>::CopyRef(ObjRefConcrete<FlowLabel, ObjectDir> const&)	ark,crowd,dta,gem,harmony,hit,midi,milo,render,save,score,score2,score3,score4,song,vocal,vocal2				UNREFERENCED by other objects (kept: intra-TU/vtable use)
native_link_glue.cpp	ObjRefConcrete<FlowNode, ObjectDir>::CopyRef(ObjRefConcrete<FlowNode, ObjectDir> const&)	ark,crowd,dta,gem,harmony,hit,midi,milo,render,save,score,score2,score3,score4,song,vocal,vocal2				UNREFERENCED by other objects (kept: intra-TU/vtable use)
native_link_glue.cpp	ObjRefConcrete<FlowOutPort, ObjectDir>::CopyRef(ObjRefConcrete<FlowOutPort, ObjectDir> const&)	ark,crowd,dta,gem,harmony,hit,midi,milo,render,save,score,score2,score3,score4,song,vocal,vocal2				UNREFERENCED by other objects (kept: intra-TU/vtable use)
native_link_glue.cpp	ObjRefConcrete<FxSend, ObjectDir>::CopyRef(ObjRefConcrete<FxSend, ObjectDir> const&)	ark,crowd,dta,gem,harmony,hit,midi,milo,render,save,score,score2,score3,score4,song,vocal,vocal2				UNREFERENCED by other objects (kept: intra-TU/vtable use)
native_link_glue.cpp	ObjRefConcrete<FxSendMeterEffect, ObjectDir>::CopyRef(ObjRefConcrete<FxSendMeterEffect, ObjectDir> const&)	ark,crowd,dta,gem,harmony,hit,midi,milo,render,save,score,score2,score3,score4,song,vocal,vocal2				UNREFERENCED by other objects (kept: intra-TU/vtable use)
native_link_glue.cpp	ObjRefConcrete<HamCamShot, ObjectDir>::CopyRef(ObjRefConcrete<HamCamShot, ObjectDir> const&)	ark,crowd,dta,gem,harmony,hit,midi,milo,render,save,score,score2,score3,score4,song,vocal,vocal2				UNREFERENCED by other objects (kept: intra-TU/vtable use)
native_link_glue.cpp	ObjRefConcrete<HamCharacter, ObjectDir>::CopyRef(ObjRefConcrete<HamCharacter, ObjectDir> const&)	ark,crowd,dta,gem,harmony,hit,midi,milo,render,save,score,score2,score3,score4,song,vocal,vocal2				UNREFERENCED by other objects (kept: intra-TU/vtable use)
native_link_glue.cpp	ObjRefConcrete<HamIKEffector, ObjectDir>::CopyRef(ObjRefConcrete<HamIKEffector, ObjectDir> const&)	ark,crowd,dta,gem,harmony,hit,midi,milo,render,save,score,score2,score3,score4,song,vocal,vocal2				UNREFERENCED by other objects (kept: intra-TU/vtable use)
native_link_glue.cpp	ObjRefConcrete<HamIKSkeleton, ObjectDir>::CopyRef(ObjRefConcrete<HamIKSkeleton, ObjectDir> const&)	ark,crowd,dta,gem,harmony,hit,midi,milo,render,save,score,score2,score3,score4,song,vocal,vocal2				UNREFERENCED by other objects (kept: intra-TU/vtable use)
native_link_glue.cpp	ObjRefConcrete<HamLabel, ObjectDir>::CopyRef(ObjRefConcrete<HamLabel, ObjectDir> const&)	ark,crowd,dta,gem,harmony,hit,midi,milo,render,save,score,score2,score3,score4,song,vocal,vocal2				UNREFERENCED by other objects (kept: intra-TU/vtable use)
native_link_glue.cpp	ObjRefConcrete<HamMove, ObjectDir>::CopyRef(ObjRefConcrete<HamMove, ObjectDir> const&)	ark,crowd,dta,gem,harmony,hit,midi,milo,render,save,score,score2,score3,score4,song,vocal,vocal2				UNREFERENCED by other objects (kept: intra-TU/vtable use)
native_link_glue.cpp	ObjRefConcrete<HamNavProvider, ObjectDir>::CopyRef(ObjRefConcrete<HamNavProvider, ObjectDir> const&)	ark,crowd,dta,gem,harmony,hit,midi,milo,render,save,score,score2,score3,score4,song,vocal,vocal2				UNREFERENCED by other objects (kept: intra-TU/vtable use)
native_link_glue.cpp	ObjRefConcrete<HamPhraseMeter, ObjectDir>::CopyRef(ObjRefConcrete<HamPhraseMeter, ObjectDir> const&)	ark,crowd,dta,gem,harmony,hit,midi,milo,render,save,score,score2,score3,score4,song,vocal,vocal2				UNREFERENCED by other objects (kept: intra-TU/vtable use)
native_link_glue.cpp	ObjRefConcrete<Hmx::Object, ObjectDir>::CopyRef(ObjRefConcrete<Hmx::Object, ObjectDir> const&)	ark,crowd,dta,gem,harmony,hit,midi,milo,render,save,score,score2,score3,score4,song,vocal,vocal2				UNREFERENCED by other objects (kept: intra-TU/vtable use)
native_link_glue.cpp	ObjRefConcrete<LightHue, ObjectDir>::CopyRef(ObjRefConcrete<LightHue, ObjectDir> const&)	ark,crowd,dta,gem,harmony,hit,midi,milo,render,save,score,score2,score3,score4,song,vocal,vocal2				UNREFERENCED by other objects (kept: intra-TU/vtable use)
native_link_glue.cpp	ObjRefConcrete<LightPreset, ObjectDir>::CopyRef(ObjRefConcrete<LightPreset, ObjectDir> const&)	ark,crowd,dta,gem,harmony,hit,midi,milo,render,save,score,score2,score3,score4,song,vocal,vocal2				UNREFERENCED by other objects (kept: intra-TU/vtable use)
native_link_glue.cpp	ObjRefConcrete<MoggClip, ObjectDir>::CopyRef(ObjRefConcrete<MoggClip, ObjectDir> const&)	ark,crowd,dta,gem,harmony,hit,midi,milo,render,save,score,score2,score3,score4,song,vocal,vocal2				UNREFERENCED by other objects (kept: intra-TU/vtable use)
native_link_glue.cpp	ObjRefConcrete<ObjectDir, ObjectDir>::CopyRef(ObjRefConcrete<ObjectDir, ObjectDir> const&)	ark,crowd,dta,gem,harmony,hit,midi,milo,render,save,score,score2,score3,score4,song,vocal,vocal2			render:2	REACHED/GLUE: explicit instantiation of a real header template
native_link_glue.cpp	ObjRefConcrete<RhythmBattlePlayer, ObjectDir>::CopyRef(ObjRefConcrete<RhythmBattlePlayer, ObjectDir> const&)	ark,crowd,dta,gem,harmony,hit,midi,milo,render,save,score,score2,score3,score4,song,vocal,vocal2				UNREFERENCED by other objects (kept: intra-TU/vtable use)
native_link_glue.cpp	ObjRefConcrete<RhythmDetector, ObjectDir>::CopyRef(ObjRefConcrete<RhythmDetector, ObjectDir> const&)	ark,crowd,dta,gem,harmony,hit,midi,milo,render,save,score,score2,score3,score4,song,vocal,vocal2				UNREFERENCED by other objects (kept: intra-TU/vtable use)
native_link_glue.cpp	ObjRefConcrete<RndAnimatable, ObjectDir>::CopyRef(ObjRefConcrete<RndAnimatable, ObjectDir> const&)	ark,crowd,dta,gem,harmony,hit,midi,milo,render,save,score,score2,score3,score4,song,vocal,vocal2				UNREFERENCED by other objects (kept: intra-TU/vtable use)
native_link_glue.cpp	ObjRefConcrete<RndCam, ObjectDir>::CopyRef(ObjRefConcrete<RndCam, ObjectDir> const&)	ark,crowd,dta,gem,harmony,hit,midi,milo,render,save,score,score2,score3,score4,song,vocal,vocal2				UNREFERENCED by other objects (kept: intra-TU/vtable use)
native_link_glue.cpp	ObjRefConcrete<RndCubeTex, ObjectDir>::CopyRef(ObjRefConcrete<RndCubeTex, ObjectDir> const&)	ark,crowd,dta,gem,harmony,hit,midi,milo,render,save,score,score2,score3,score4,song,vocal,vocal2				UNREFERENCED by other objects (kept: intra-TU/vtable use)
native_link_glue.cpp	ObjRefConcrete<RndDir, ObjectDir>::CopyRef(ObjRefConcrete<RndDir, ObjectDir> const&)	ark,crowd,dta,gem,harmony,hit,midi,milo,render,save,score,score2,score3,score4,song,vocal,vocal2				UNREFERENCED by other objects (kept: intra-TU/vtable use)
native_link_glue.cpp	ObjRefConcrete<RndDrawable, ObjectDir>::CopyRef(ObjRefConcrete<RndDrawable, ObjectDir> const&)	ark,crowd,dta,gem,harmony,hit,midi,milo,render,save,score,score2,score3,score4,song,vocal,vocal2				UNREFERENCED by other objects (kept: intra-TU/vtable use)
native_link_glue.cpp	ObjRefConcrete<RndEnviron, ObjectDir>::CopyRef(ObjRefConcrete<RndEnviron, ObjectDir> const&)	ark,crowd,dta,gem,harmony,hit,midi,milo,render,save,score,score2,score3,score4,song,vocal,vocal2				UNREFERENCED by other objects (kept: intra-TU/vtable use)
native_link_glue.cpp	ObjRefConcrete<RndFontBase, ObjectDir>::CopyRef(ObjRefConcrete<RndFontBase, ObjectDir> const&)	ark,crowd,dta,gem,harmony,hit,midi,milo,render,save,score,score2,score3,score4,song,vocal,vocal2				UNREFERENCED by other objects (kept: intra-TU/vtable use)
native_link_glue.cpp	ObjRefConcrete<RndFur, ObjectDir>::CopyRef(ObjRefConcrete<RndFur, ObjectDir> const&)	ark,crowd,dta,gem,harmony,hit,midi,milo,render,save,score,score2,score3,score4,song,vocal,vocal2				UNREFERENCED by other objects (kept: intra-TU/vtable use)
native_link_glue.cpp	ObjRefConcrete<RndGroup, ObjectDir>::CopyRef(ObjRefConcrete<RndGroup, ObjectDir> const&)	ark,crowd,dta,gem,harmony,hit,midi,milo,render,save,score,score2,score3,score4,song,vocal,vocal2				UNREFERENCED by other objects (kept: intra-TU/vtable use)
native_link_glue.cpp	ObjRefConcrete<RndLight, ObjectDir>::CopyRef(ObjRefConcrete<RndLight, ObjectDir> const&)	ark,crowd,dta,gem,harmony,hit,midi,milo,render,save,score,score2,score3,score4,song,vocal,vocal2				UNREFERENCED by other objects (kept: intra-TU/vtable use)
native_link_glue.cpp	ObjRefConcrete<RndMat, ObjectDir>::CopyRef(ObjRefConcrete<RndMat, ObjectDir> const&)	ark,crowd,dta,gem,harmony,hit,midi,milo,render,save,score,score2,score3,score4,song,vocal,vocal2				UNREFERENCED by other objects (kept: intra-TU/vtable use)
native_link_glue.cpp	ObjRefConcrete<RndMesh, ObjectDir>::CopyRef(ObjRefConcrete<RndMesh, ObjectDir> const&)	ark,crowd,dta,gem,harmony,hit,midi,milo,render,save,score,score2,score3,score4,song,vocal,vocal2				UNREFERENCED by other objects (kept: intra-TU/vtable use)
native_link_glue.cpp	ObjRefConcrete<RndMultiMesh, ObjectDir>::CopyRef(ObjRefConcrete<RndMultiMesh, ObjectDir> const&)	ark,crowd,dta,gem,harmony,hit,midi,milo,render,save,score,score2,score3,score4,song,vocal,vocal2				UNREFERENCED by other objects (kept: intra-TU/vtable use)
native_link_glue.cpp	ObjRefConcrete<RndParticleSys, ObjectDir>::CopyRef(ObjRefConcrete<RndParticleSys, ObjectDir> const&)	ark,crowd,dta,gem,harmony,hit,midi,milo,render,save,score,score2,score3,score4,song,vocal,vocal2				UNREFERENCED by other objects (kept: intra-TU/vtable use)
native_link_glue.cpp	ObjRefConcrete<RndPostProc, ObjectDir>::CopyRef(ObjRefConcrete<RndPostProc, ObjectDir> const&)	ark,crowd,dta,gem,harmony,hit,midi,milo,render,save,score,score2,score3,score4,song,vocal,vocal2				UNREFERENCED by other objects (kept: intra-TU/vtable use)
native_link_glue.cpp	ObjRefConcrete<RndPropAnim, ObjectDir>::CopyRef(ObjRefConcrete<RndPropAnim, ObjectDir> const&)	ark,crowd,dta,gem,harmony,hit,midi,milo,render,save,score,score2,score3,score4,song,vocal,vocal2				UNREFERENCED by other objects (kept: intra-TU/vtable use)
native_link_glue.cpp	ObjRefConcrete<RndTex, ObjectDir>::CopyRef(ObjRefConcrete<RndTex, ObjectDir> const&)	ark,crowd,dta,gem,harmony,hit,midi,milo,render,save,score,score2,score3,score4,song,vocal,vocal2				UNREFERENCED by other objects (kept: intra-TU/vtable use)
native_link_glue.cpp	ObjRefConcrete<RndTransAnim, ObjectDir>::CopyRef(ObjRefConcrete<RndTransAnim, ObjectDir> const&)	ark,crowd,dta,gem,harmony,hit,midi,milo,render,save,score,score2,score3,score4,song,vocal,vocal2				UNREFERENCED by other objects (kept: intra-TU/vtable use)
native_link_glue.cpp	ObjRefConcrete<RndTransformable, ObjectDir>::CopyRef(ObjRefConcrete<RndTransformable, ObjectDir> const&)	ark,crowd,dta,gem,harmony,hit,midi,milo,render,save,score,score2,score3,score4,song,vocal,vocal2				UNREFERENCED by other objects (kept: intra-TU/vtable use)
native_link_glue.cpp	ObjRefConcrete<RndWind, ObjectDir>::CopyRef(ObjRefConcrete<RndWind, ObjectDir> const&)	ark,crowd,dta,gem,harmony,hit,midi,milo,render,save,score,score2,score3,score4,song,vocal,vocal2				UNREFERENCED by other objects (kept: intra-TU/vtable use)
native_link_glue.cpp	ObjRefConcrete<SeqInst, ObjectDir>::CopyRef(ObjRefConcrete<SeqInst, ObjectDir> const&)	ark,crowd,dta,gem,harmony,hit,midi,milo,render,save,score,score2,score3,score4,song,vocal,vocal2				UNREFERENCED by other objects (kept: intra-TU/vtable use)
native_link_glue.cpp	ObjRefConcrete<Sfx, ObjectDir>::CopyRef(ObjRefConcrete<Sfx, ObjectDir> const&)	ark,crowd,dta,gem,harmony,hit,midi,milo,render,save,score,score2,score3,score4,song,vocal,vocal2				UNREFERENCED by other objects (kept: intra-TU/vtable use)
native_link_glue.cpp	ObjRefConcrete<SkeletonClip, ObjectDir>::CopyRef(ObjRefConcrete<SkeletonClip, ObjectDir> const&)	ark,crowd,dta,gem,harmony,hit,midi,milo,render,save,score,score2,score3,score4,song,vocal,vocal2				UNREFERENCED by other objects (kept: intra-TU/vtable use)
native_link_glue.cpp	ObjRefConcrete<Sound, ObjectDir>::CopyRef(ObjRefConcrete<Sound, ObjectDir> const&)	ark,crowd,dta,gem,harmony,hit,midi,milo,render,save,score,score2,score3,score4,song,vocal,vocal2				UNREFERENCED by other objects (kept: intra-TU/vtable use)
native_link_glue.cpp	ObjRefConcrete<Spotlight, ObjectDir>::CopyRef(ObjRefConcrete<Spotlight, ObjectDir> const&)	ark,crowd,dta,gem,harmony,hit,midi,milo,render,save,score,score2,score3,score4,song,vocal,vocal2				UNREFERENCED by other objects (kept: intra-TU/vtable use)
native_link_glue.cpp	ObjRefConcrete<SpotlightDrawer, ObjectDir>::CopyRef(ObjRefConcrete<SpotlightDrawer, ObjectDir> const&)	ark,crowd,dta,gem,harmony,hit,midi,milo,render,save,score,score2,score3,score4,song,vocal,vocal2				UNREFERENCED by other objects (kept: intra-TU/vtable use)
native_link_glue.cpp	ObjRefConcrete<SynthSample, ObjectDir>::CopyRef(ObjRefConcrete<SynthSample, ObjectDir> const&)	ark,crowd,dta,gem,harmony,hit,midi,milo,render,save,score,score2,score3,score4,song,vocal,vocal2				UNREFERENCED by other objects (kept: intra-TU/vtable use)
native_link_glue.cpp	ObjRefConcrete<UIColor, ObjectDir>::CopyRef(ObjRefConcrete<UIColor, ObjectDir> const&)	ark,crowd,dta,gem,harmony,hit,midi,milo,render,save,score,score2,score3,score4,song,vocal,vocal2				UNREFERENCED by other objects (kept: intra-TU/vtable use)
native_link_glue.cpp	ObjRefConcrete<UIComponent, ObjectDir>::CopyRef(ObjRefConcrete<UIComponent, ObjectDir> const&)	ark,crowd,dta,gem,harmony,hit,midi,milo,render,save,score,score2,score3,score4,song,vocal,vocal2				UNREFERENCED by other objects (kept: intra-TU/vtable use)
native_link_glue.cpp	ObjRefConcrete<UILabel, ObjectDir>::CopyRef(ObjRefConcrete<UILabel, ObjectDir> const&)	ark,crowd,dta,gem,harmony,hit,midi,milo,render,save,score,score2,score3,score4,song,vocal,vocal2				UNREFERENCED by other objects (kept: intra-TU/vtable use)
native_link_glue.cpp	ObjRefConcrete<UILabelDir, ObjectDir>::CopyRef(ObjRefConcrete<UILabelDir, ObjectDir> const&)	ark,crowd,dta,gem,harmony,hit,midi,milo,render,save,score,score2,score3,score4,song,vocal,vocal2				UNREFERENCED by other objects (kept: intra-TU/vtable use)
native_link_glue.cpp	ObjRefConcrete<UIList, ObjectDir>::CopyRef(ObjRefConcrete<UIList, ObjectDir> const&)	ark,crowd,dta,gem,harmony,hit,midi,milo,render,save,score,score2,score3,score4,song,vocal,vocal2				UNREFERENCED by other objects (kept: intra-TU/vtable use)
native_link_glue.cpp	ObjRefConcrete<Waypoint, ObjectDir>::CopyRef(ObjRefConcrete<Waypoint, ObjectDir> const&)	ark,crowd,dta,gem,harmony,hit,midi,milo,render,save,score,score2,score3,score4,song,vocal,vocal2				UNREFERENCED by other objects (kept: intra-TU/vtable use)
native_link_glue.cpp	ObjRefConcrete<WorldCrowd, ObjectDir>::CopyRef(ObjRefConcrete<WorldCrowd, ObjectDir> const&)	ark,crowd,dta,gem,harmony,hit,midi,milo,render,save,score,score2,score3,score4,song,vocal,vocal2				UNREFERENCED by other objects (kept: intra-TU/vtable use)
native_link_glue.cpp	OggCalloc	ark,crowd,dta,gem,harmony,hit,midi,milo,render,save,score,score2,score3,score4,song,vocal,vocal2				UNREFERENCED by other objects (kept: intra-TU/vtable use)
native_link_glue.cpp	OggFree	ark,crowd,dta,gem,harmony,hit,midi,milo,render,save,score,score2,score3,score4,song,vocal,vocal2				UNREFERENCED by other objects (kept: intra-TU/vtable use)
native_link_glue.cpp	OggMalloc	ark,crowd,dta,gem,harmony,hit,midi,milo,render,save,score,score2,score3,score4,song,vocal,vocal2				UNREFERENCED by other objects (kept: intra-TU/vtable use)
native_link_glue.cpp	OggRealloc	ark,crowd,dta,gem,harmony,hit,midi,milo,render,save,score,score2,score3,score4,song,vocal,vocal2				UNREFERENCED by other objects (kept: intra-TU/vtable use)
native_link_glue.cpp	operator<<(BinStream&, ObjPtr<RndFont> const&)	ark,crowd,dta,gem,harmony,hit,midi,milo,render,save,score,score2,score3,score4,song,vocal,vocal2				UNREFERENCED by other objects (kept: intra-TU/vtable use)
native_link_glue.cpp	operator<<(BinStream&, ObjPtr<RndMat> const&)	ark,crowd,dta,gem,harmony,hit,midi,milo,render,save,score,score2,score3,score4,song,vocal,vocal2				UNREFERENCED by other objects (kept: intra-TU/vtable use)
native_undecomp_stubs.cpp	CacheResource(char const*, Hmx::Object const*)	ark,crowd,dta,gem,harmony,hit,midi,milo,render,save,score,score2,score3,score4,song,vocal,vocal2	ark,crowd,dta,gem,harmony,hit,midi,save,score,score2,score3,score4,song,vocal,vocal2	milo,render		UNREACHED: real TU compiles natively in milo,render but its closure is not linked here
native_undecomp_stubs.cpp	CacheWav(char const*, CacheResourceResult&)	ark,crowd,dta,gem,harmony,hit,midi,milo,render,save,score,score2,score3,score4,song,vocal,vocal2	ark,crowd,dta,gem,harmony,hit,midi,milo,render,save,score,score2,score3,score4,song,vocal,vocal2			UNREACHED: src body in system/synth/Utl.cpp (TU not native-compiled)
native_undecomp_stubs.cpp	SongInfoCopy::GetTracks() const	ark,crowd,dta,gem,harmony,hit,midi,milo,render,save,score,score2,score3,score4,song,vocal,vocal2	ark,crowd,dta,gem,harmony,hit,midi,save,score,score2,score3,score4,song,vocal,vocal2	milo,render		UNREACHED: real TU compiles natively in milo,render but its closure is not linked here
rb3_render_glue.cpp	DebugPanel::Draw()	render				DRIVER-SUPPORT (unreached)
rb3_render_glue.cpp	DebugPanel::Init()	render				DRIVER-SUPPORT (unreached)
rb3_render_glue.cpp	DebugPanel::IsVisible()	render				DRIVER-SUPPORT (unreached)
rb3_render_glue.cpp	DebugPanel::SetVisible(bool)	render				DRIVER-SUPPORT (unreached)
rb3_render_glue.cpp	DebugPanel::Toggle()	render	render			DRIVER-SUPPORT (unreached)
rb3_render_glue.cpp	ShouldSkipMesh(char const*, RndMat*)	render	render			DRIVER-SUPPORT (unreached)
x20_bandpatchmesh_link.cpp	gRB3OutfitComposeActive	milo,render	milo,render			UNREACHED: src body in system/bandobj/OutfitConfig.cpp (TU not native-compiled)
x7_band_stubs.cpp	Character::RemoveFromPoll(RndPollable*)	milo,render	milo,render			UNREACHED: no src body (decomp gap or platform)
xdk_shims.cpp	CancelWaitableTimer	ark,crowd,dta,gem,harmony,hit,midi,milo,render,save,score,score2,score3,score4,song,vocal,vocal2				PLATFORM: XDK/Win32 API shim
xdk_shims.cpp	CloseHandle	ark,crowd,dta,gem,harmony,hit,midi,milo,render,save,score,score2,score3,score4,song,vocal,vocal2	ark,crowd,dta,gem,harmony,hit,midi,milo,render,save,score,score2,score3,score4,song,vocal,vocal2		ark:3 crowd:3 dta:3 gem:3 harmony:3 hit:3 midi:3 milo:3 save:3 score:3 score2:3 score3:3 score4:3 song:3 vocal:3 vocal2:3	REACHED/PLATFORM: XDK/Win32 API, POSIX-backed implementation
xdk_shims.cpp	CreateDirectoryA	ark,crowd,dta,gem,harmony,hit,midi,milo,render,save,score,score2,score3,score4,song,vocal,vocal2				PLATFORM: XDK/Win32 API shim
xdk_shims.cpp	CreateEventA	ark,crowd,dta,gem,harmony,hit,midi,milo,render,save,score,score2,score3,score4,song,vocal,vocal2	ark,crowd,dta,gem,harmony,hit,midi,milo,render,save,score,score2,score3,score4,song,vocal,vocal2		ark:3 crowd:3 dta:3 gem:3 harmony:3 hit:3 midi:3 milo:3 render:3 save:3 score:3 score2:3 score3:3 score4:3 song:3 vocal:3 vocal2:3	REACHED/PLATFORM: XDK/Win32 API, POSIX-backed implementation
xdk_shims.cpp	CreateFileA	ark,crowd,dta,gem,harmony,hit,midi,milo,render,save,score,score2,score3,score4,song,vocal,vocal2	ark,crowd,dta,gem,harmony,hit,midi,milo,render,save,score,score2,score3,score4,song,vocal,vocal2			PLATFORM: XDK/Win32 API shim
xdk_shims.cpp	CreateMutexA	ark,crowd,dta,gem,harmony,hit,midi,milo,render,save,score,score2,score3,score4,song,vocal,vocal2				PLATFORM: XDK/Win32 API shim
xdk_shims.cpp	CreateSemaphoreA	ark,crowd,dta,gem,harmony,hit,midi,milo,render,save,score,score2,score3,score4,song,vocal,vocal2	ark,crowd,dta,gem,harmony,hit,midi,milo,render,save,score,score2,score3,score4,song,vocal,vocal2			PLATFORM: XDK/Win32 API shim
xdk_shims.cpp	CreateThread	ark,crowd,dta,gem,harmony,hit,midi,milo,render,save,score,score2,score3,score4,song,vocal,vocal2	ark,crowd,dta,gem,harmony,hit,midi,milo,render,save,score,score2,score3,score4,song,vocal,vocal2			PLATFORM: XDK/Win32 API shim
xdk_shims.cpp	DeleteFileA	ark,crowd,dta,gem,harmony,hit,midi,milo,render,save,score,score2,score3,score4,song,vocal,vocal2				PLATFORM: XDK/Win32 API shim
xdk_shims.cpp	DuplicateHandle	ark,crowd,dta,gem,harmony,hit,midi,milo,render,save,score,score2,score3,score4,song,vocal,vocal2				PLATFORM: XDK/Win32 API shim
xdk_shims.cpp	ExitThread	ark,crowd,dta,gem,harmony,hit,midi,milo,render,save,score,score2,score3,score4,song,vocal,vocal2				PLATFORM: XDK/Win32 API shim
xdk_shims.cpp	FileTimeToLocalFileTime	ark,crowd,dta,gem,harmony,hit,midi,milo,render,save,score,score2,score3,score4,song,vocal,vocal2				PLATFORM: XDK/Win32 API shim
xdk_shims.cpp	FindFirstFileA	ark,crowd,dta,gem,harmony,hit,midi,milo,render,save,score,score2,score3,score4,song,vocal,vocal2				PLATFORM: XDK/Win32 API shim
xdk_shims.cpp	FindNextFileA	ark,crowd,dta,gem,harmony,hit,midi,milo,render,save,score,score2,score3,score4,song,vocal,vocal2				PLATFORM: XDK/Win32 API shim
xdk_shims.cpp	GetCurrentThreadId	ark,crowd,dta,gem,harmony,hit,midi,milo,render,save,score,score2,score3,score4,song,vocal,vocal2	ark,crowd,dta,gem,harmony,hit,midi,milo,render,save,score,score2,score3,score4,song,vocal,vocal2		ark:5 crowd:222 gem:55 harmony:192 hit:55 midi:4 milo:2651 render:5199 score:55 score3:208 score4:222 song:1091 vocal:208 vocal2:208	REACHED/PLATFORM: XDK/Win32 API, POSIX-backed implementation
xdk_shims.cpp	GetDiskFreeSpaceExA	ark,crowd,dta,gem,harmony,hit,midi,milo,render,save,score,score2,score3,score4,song,vocal,vocal2				PLATFORM: XDK/Win32 API shim
xdk_shims.cpp	GetExitCodeThread	ark,crowd,dta,gem,harmony,hit,midi,milo,render,save,score,score2,score3,score4,song,vocal,vocal2				PLATFORM: XDK/Win32 API shim
xdk_shims.cpp	GetFileAttributesA	ark,crowd,dta,gem,harmony,hit,midi,milo,render,save,score,score2,score3,score4,song,vocal,vocal2				PLATFORM: XDK/Win32 API shim
xdk_shims.cpp	GetFileAttributesExA	ark,crowd,dta,gem,harmony,hit,midi,milo,render,save,score,score2,score3,score4,song,vocal,vocal2	ark,crowd,dta,gem,harmony,hit,midi,milo,render,save,score,score2,score3,score4,song,vocal,vocal2			PLATFORM: XDK/Win32 API shim
xdk_shims.cpp	GetFileInformationByHandle	ark,crowd,dta,gem,harmony,hit,midi,milo,render,save,score,score2,score3,score4,song,vocal,vocal2				PLATFORM: XDK/Win32 API shim
xdk_shims.cpp	GetFileSize	ark,crowd,dta,gem,harmony,hit,midi,milo,render,save,score,score2,score3,score4,song,vocal,vocal2				PLATFORM: XDK/Win32 API shim
xdk_shims.cpp	GetFileSizeEx	ark,crowd,dta,gem,harmony,hit,midi,milo,render,save,score,score2,score3,score4,song,vocal,vocal2				PLATFORM: XDK/Win32 API shim
xdk_shims.cpp	GetLocalTime	ark,crowd,dta,gem,harmony,hit,midi,milo,render,save,score,score2,score3,score4,song,vocal,vocal2	ark,crowd,dta,gem,harmony,hit,midi,milo,render,save,score,score2,score3,score4,song,vocal,vocal2			PLATFORM: XDK/Win32 API shim
xdk_shims.cpp	GetSystemTime	ark,crowd,dta,gem,harmony,hit,midi,milo,render,save,score,score2,score3,score4,song,vocal,vocal2	ark,crowd,dta,gem,harmony,hit,midi,milo,render,save,score,score2,score3,score4,song,vocal,vocal2			PLATFORM: XDK/Win32 API shim
xdk_shims.cpp	GetSystemTimeAsFileTime	ark,crowd,dta,gem,harmony,hit,midi,milo,render,save,score,score2,score3,score4,song,vocal,vocal2				PLATFORM: XDK/Win32 API shim
xdk_shims.cpp	GetThreadPriority	ark,crowd,dta,gem,harmony,hit,midi,milo,render,save,score,score2,score3,score4,song,vocal,vocal2				PLATFORM: XDK/Win32 API shim
xdk_shims.cpp	GetTickCount	ark,crowd,dta,gem,harmony,hit,midi,milo,render,save,score,score2,score3,score4,song,vocal,vocal2				PLATFORM: XDK/Win32 API shim
xdk_shims.cpp	GlobalMemoryStatus	ark,crowd,dta,gem,harmony,hit,midi,milo,render,save,score,score2,score3,score4,song,vocal,vocal2	ark,crowd,dta,gem,harmony,hit,midi,milo,render,save,score,score2,score3,score4,song,vocal,vocal2			PLATFORM: XDK/Win32 API shim
xdk_shims.cpp	OpenThread	ark,crowd,dta,gem,harmony,hit,midi,milo,render,save,score,score2,score3,score4,song,vocal,vocal2				PLATFORM: XDK/Win32 API shim
xdk_shims.cpp	ReadFile	ark,crowd,dta,gem,harmony,hit,midi,milo,render,save,score,score2,score3,score4,song,vocal,vocal2	ark,crowd,dta,gem,harmony,hit,midi,milo,render,save,score,score2,score3,score4,song,vocal,vocal2			PLATFORM: XDK/Win32 API shim
xdk_shims.cpp	ReleaseMutex	ark,crowd,dta,gem,harmony,hit,midi,milo,render,save,score,score2,score3,score4,song,vocal,vocal2				PLATFORM: XDK/Win32 API shim
xdk_shims.cpp	ReleaseSemaphore	ark,crowd,dta,gem,harmony,hit,midi,milo,render,save,score,score2,score3,score4,song,vocal,vocal2	ark,crowd,dta,gem,harmony,hit,midi,milo,render,save,score,score2,score3,score4,song,vocal,vocal2			PLATFORM: XDK/Win32 API shim
xdk_shims.cpp	RemoveDirectoryA	ark,crowd,dta,gem,harmony,hit,midi,milo,render,save,score,score2,score3,score4,song,vocal,vocal2				PLATFORM: XDK/Win32 API shim
xdk_shims.cpp	ResetEvent	ark,crowd,dta,gem,harmony,hit,midi,milo,render,save,score,score2,score3,score4,song,vocal,vocal2				PLATFORM: XDK/Win32 API shim
xdk_shims.cpp	ResumeThread	ark,crowd,dta,gem,harmony,hit,midi,milo,render,save,score,score2,score3,score4,song,vocal,vocal2				PLATFORM: XDK/Win32 API shim
xdk_shims.cpp	RtlDeleteCriticalSection	ark,crowd,dta,gem,harmony,hit,midi,milo,render,save,score,score2,score3,score4,song,vocal,vocal2	ark,crowd,dta,gem,harmony,hit,midi,milo,render,save,score,score2,score3,score4,song,vocal,vocal2		ark:8 crowd:8 dta:8 gem:8 harmony:8 hit:8 midi:8 milo:8 save:8 score:8 score2:8 score3:8 score4:8 song:8 vocal:8 vocal2:8	REACHED/PLATFORM: XDK/Win32 API, POSIX-backed implementation
xdk_shims.cpp	RtlEnterCriticalSection	ark,crowd,dta,gem,harmony,hit,midi,milo,render,save,score,score2,score3,score4,song,vocal,vocal2	ark,crowd,dta,gem,harmony,hit,midi,milo,render,save,score,score2,score3,score4,song,vocal,vocal2		ark:8 crowd:226 dta:3 gem:68 harmony:196 hit:59 midi:211 milo:2689 render:5256 save:2 score:59 score2:4 score3:212 score4:226 song:1094 vocal:211 vocal2:212	REACHED/PLATFORM: XDK/Win32 API, POSIX-backed implementation
xdk_shims.cpp	RtlInitializeCriticalSection	ark,crowd,dta,gem,harmony,hit,midi,milo,render,save,score,score2,score3,score4,song,vocal,vocal2	ark,crowd,dta,gem,harmony,hit,midi,milo,render,save,score,score2,score3,score4,song,vocal,vocal2		ark:10 crowd:9 dta:9 gem:9 harmony:9 hit:9 midi:10 milo:10 render:10 save:9 score:9 score2:9 score3:9 score4:9 song:10 vocal:9 vocal2:9	REACHED/PLATFORM: XDK/Win32 API, POSIX-backed implementation
xdk_shims.cpp	RtlLeaveCriticalSection	ark,crowd,dta,gem,harmony,hit,midi,milo,render,save,score,score2,score3,score4,song,vocal,vocal2	ark,crowd,dta,gem,harmony,hit,midi,milo,render,save,score,score2,score3,score4,song,vocal,vocal2		ark:8 crowd:226 dta:3 gem:68 harmony:196 hit:59 midi:211 milo:2689 render:5256 save:2 score:59 score2:4 score3:212 score4:226 song:1094 vocal:211 vocal2:212	REACHED/PLATFORM: XDK/Win32 API, POSIX-backed implementation
xdk_shims.cpp	RtlTryEnterCriticalSection	ark,crowd,dta,gem,harmony,hit,midi,milo,render,save,score,score2,score3,score4,song,vocal,vocal2	ark,crowd,dta,gem,harmony,hit,midi,milo,render,save,score,score2,score3,score4,song,vocal,vocal2			PLATFORM: XDK/Win32 API shim
xdk_shims.cpp	SetEndOfFile	ark,crowd,dta,gem,harmony,hit,midi,milo,render,save,score,score2,score3,score4,song,vocal,vocal2				PLATFORM: XDK/Win32 API shim
xdk_shims.cpp	SetEvent	ark,crowd,dta,gem,harmony,hit,midi,milo,render,save,score,score2,score3,score4,song,vocal,vocal2	ark,crowd,dta,gem,harmony,hit,midi,milo,render,save,score,score2,score3,score4,song,vocal,vocal2			PLATFORM: XDK/Win32 API shim
xdk_shims.cpp	SetFileAttributesA	ark,crowd,dta,gem,harmony,hit,midi,milo,render,save,score,score2,score3,score4,song,vocal,vocal2				PLATFORM: XDK/Win32 API shim
xdk_shims.cpp	SetFilePointer	ark,crowd,dta,gem,harmony,hit,midi,milo,render,save,score,score2,score3,score4,song,vocal,vocal2	ark,crowd,dta,gem,harmony,hit,midi,milo,render,save,score,score2,score3,score4,song,vocal,vocal2			PLATFORM: XDK/Win32 API shim
xdk_shims.cpp	SetThreadPriority	ark,crowd,dta,gem,harmony,hit,midi,milo,render,save,score,score2,score3,score4,song,vocal,vocal2				PLATFORM: XDK/Win32 API shim
xdk_shims.cpp	SetWaitableTimer	ark,crowd,dta,gem,harmony,hit,midi,milo,render,save,score,score2,score3,score4,song,vocal,vocal2				PLATFORM: XDK/Win32 API shim
xdk_shims.cpp	Sleep	ark,crowd,dta,gem,harmony,hit,midi,milo,render,save,score,score2,score3,score4,song,vocal,vocal2	ark,crowd,dta,gem,harmony,hit,midi,milo,render,save,score,score2,score3,score4,song,vocal,vocal2			PLATFORM: XDK/Win32 API shim
xdk_shims.cpp	SleepEx	ark,crowd,dta,gem,harmony,hit,midi,milo,render,save,score,score2,score3,score4,song,vocal,vocal2				PLATFORM: XDK/Win32 API shim
xdk_shims.cpp	SwitchToThread	ark,crowd,dta,gem,harmony,hit,midi,milo,render,save,score,score2,score3,score4,song,vocal,vocal2				PLATFORM: XDK/Win32 API shim
xdk_shims.cpp	TlsAlloc	ark,crowd,dta,gem,harmony,hit,midi,milo,render,save,score,score2,score3,score4,song,vocal,vocal2				PLATFORM: XDK/Win32 API shim
xdk_shims.cpp	TlsFree	ark,crowd,dta,gem,harmony,hit,midi,milo,render,save,score,score2,score3,score4,song,vocal,vocal2				PLATFORM: XDK/Win32 API shim
xdk_shims.cpp	TlsGetValue	ark,crowd,dta,gem,harmony,hit,midi,milo,render,save,score,score2,score3,score4,song,vocal,vocal2				PLATFORM: XDK/Win32 API shim
xdk_shims.cpp	TlsSetValue	ark,crowd,dta,gem,harmony,hit,midi,milo,render,save,score,score2,score3,score4,song,vocal,vocal2				PLATFORM: XDK/Win32 API shim
xdk_shims.cpp	WaitForMultipleObjects	ark,crowd,dta,gem,harmony,hit,midi,milo,render,save,score,score2,score3,score4,song,vocal,vocal2				PLATFORM: XDK/Win32 API shim
xdk_shims.cpp	WaitForMultipleObjectsEx	ark,crowd,dta,gem,harmony,hit,midi,milo,render,save,score,score2,score3,score4,song,vocal,vocal2				PLATFORM: XDK/Win32 API shim
xdk_shims.cpp	WaitForSingleObject	ark,crowd,dta,gem,harmony,hit,midi,milo,render,save,score,score2,score3,score4,song,vocal,vocal2	ark,crowd,dta,gem,harmony,hit,midi,milo,render,save,score,score2,score3,score4,song,vocal,vocal2			PLATFORM: XDK/Win32 API shim
xdk_shims.cpp	WaitForSingleObjectEx	ark,crowd,dta,gem,harmony,hit,midi,milo,render,save,score,score2,score3,score4,song,vocal,vocal2				PLATFORM: XDK/Win32 API shim
xdk_shims.cpp	WriteFile	ark,crowd,dta,gem,harmony,hit,midi,milo,render,save,score,score2,score3,score4,song,vocal,vocal2				PLATFORM: XDK/Win32 API shim
xdk_shims.cpp	XAudioGetSpeakerConfig()	ark,crowd,dta,gem,harmony,hit,midi,milo,render,save,score,score2,score3,score4,song,vocal,vocal2				PLATFORM: XDK/Win32 API shim
xdk_shims.cpp	XBackgroundDownloadSetMode(unsigned int)	ark,crowd,dta,gem,harmony,hit,midi,milo,render,save,score,score2,score3,score4,song,vocal,vocal2				PLATFORM: XDK/Win32 API shim
xdk_shims.cpp	XCancelOverlapped	ark,crowd,dta,gem,harmony,hit,midi,milo,render,save,score,score2,score3,score4,song,vocal,vocal2	milo,render			PLATFORM: XDK/Win32 API shim
xdk_shims.cpp	XContentCalculateSize	ark,crowd,dta,gem,harmony,hit,midi,milo,render,save,score,score2,score3,score4,song,vocal,vocal2				PLATFORM: XDK/Win32 API shim
xdk_shims.cpp	XContentClose	ark,crowd,dta,gem,harmony,hit,midi,milo,render,save,score,score2,score3,score4,song,vocal,vocal2				PLATFORM: XDK/Win32 API shim
xdk_shims.cpp	XContentCreateEnumerator	ark,crowd,dta,gem,harmony,hit,midi,milo,render,save,score,score2,score3,score4,song,vocal,vocal2				PLATFORM: XDK/Win32 API shim
xdk_shims.cpp	XContentCreateEx	ark,crowd,dta,gem,harmony,hit,midi,milo,render,save,score,score2,score3,score4,song,vocal,vocal2				PLATFORM: XDK/Win32 API shim
xdk_shims.cpp	XContentCrossTitleCreate	ark,crowd,dta,gem,harmony,hit,midi,milo,render,save,score,score2,score3,score4,song,vocal,vocal2				PLATFORM: XDK/Win32 API shim
xdk_shims.cpp	XContentCrossTitleDelete	ark,crowd,dta,gem,harmony,hit,midi,milo,render,save,score,score2,score3,score4,song,vocal,vocal2				PLATFORM: XDK/Win32 API shim
xdk_shims.cpp	XContentDelete	ark,crowd,dta,gem,harmony,hit,midi,milo,render,save,score,score2,score3,score4,song,vocal,vocal2				PLATFORM: XDK/Win32 API shim
xdk_shims.cpp	XContentFlush	ark,crowd,dta,gem,harmony,hit,midi,milo,render,save,score,score2,score3,score4,song,vocal,vocal2				PLATFORM: XDK/Win32 API shim
xdk_shims.cpp	XContentGetCreator	ark,crowd,dta,gem,harmony,hit,midi,milo,render,save,score,score2,score3,score4,song,vocal,vocal2				PLATFORM: XDK/Win32 API shim
xdk_shims.cpp	XContentGetDeviceData	ark,crowd,dta,gem,harmony,hit,midi,milo,render,save,score,score2,score3,score4,song,vocal,vocal2				PLATFORM: XDK/Win32 API shim
xdk_shims.cpp	XContentGetDeviceState	ark,crowd,dta,gem,harmony,hit,midi,milo,render,save,score,score2,score3,score4,song,vocal,vocal2				PLATFORM: XDK/Win32 API shim
xdk_shims.cpp	XContentRatingLimit	ark,crowd,dta,gem,harmony,hit,midi,milo,render,save,score,score2,score3,score4,song,vocal,vocal2	milo,render			PLATFORM: XDK/Win32 API shim
xdk_shims.cpp	XContentRestrictionFlags	ark,crowd,dta,gem,harmony,hit,midi,milo,render,save,score,score2,score3,score4,song,vocal,vocal2	milo,render			PLATFORM: XDK/Win32 API shim
xdk_shims.cpp	XEnableScreenSaver	ark,crowd,dta,gem,harmony,hit,midi,milo,render,save,score,score2,score3,score4,song,vocal,vocal2				PLATFORM: XDK/Win32 API shim
xdk_shims.cpp	XEnumerate	ark,crowd,dta,gem,harmony,hit,midi,milo,render,save,score,score2,score3,score4,song,vocal,vocal2				PLATFORM: XDK/Win32 API shim
xdk_shims.cpp	XGSurfaceSize(int, int, int, unsigned int)	ark,crowd,dta,gem,harmony,hit,midi,milo,render,save,score,score2,score3,score4,song,vocal,vocal2				PLATFORM: XDK/Win32 API shim
xdk_shims.cpp	XGetGameRegion	ark,crowd,dta,gem,harmony,hit,midi,milo,render,save,score,score2,score3,score4,song,vocal,vocal2				PLATFORM: XDK/Win32 API shim
xdk_shims.cpp	XGetLocale	ark,crowd,dta,gem,harmony,hit,midi,milo,render,save,score,score2,score3,score4,song,vocal,vocal2				PLATFORM: XDK/Win32 API shim
xdk_shims.cpp	XGetOverlappedExtendedError	ark,crowd,dta,gem,harmony,hit,midi,milo,render,save,score,score2,score3,score4,song,vocal,vocal2				PLATFORM: XDK/Win32 API shim
xdk_shims.cpp	XGetOverlappedResult	ark,crowd,dta,gem,harmony,hit,midi,milo,render,save,score,score2,score3,score4,song,vocal,vocal2	milo,render			PLATFORM: XDK/Win32 API shim
xdk_shims.cpp	XGetVideoMode	ark,crowd,dta,gem,harmony,hit,midi,milo,render,save,score,score2,score3,score4,song,vocal,vocal2				PLATFORM: XDK/Win32 API shim
xdk_shims.cpp	XLaunchNewImage	ark,crowd,dta,gem,harmony,hit,midi,milo,render,save,score,score2,score3,score4,song,vocal,vocal2	ark,crowd,dta,gem,harmony,hit,midi,milo,render,save,score,score2,score3,score4,song,vocal,vocal2			PLATFORM: XDK/Win32 API shim
xdk_shims.cpp	XMarketplaceCreateOfferEnumerator	ark,crowd,dta,gem,harmony,hit,midi,milo,render,save,score,score2,score3,score4,song,vocal,vocal2				PLATFORM: XDK/Win32 API shim
xdk_shims.cpp	XMarketplaceCreateOfferEnumeratorByOffering	ark,crowd,dta,gem,harmony,hit,midi,milo,render,save,score,score2,score3,score4,song,vocal,vocal2				PLATFORM: XDK/Win32 API shim
xdk_shims.cpp	XMemAlloc	ark,crowd,dta,gem,harmony,hit,midi,milo,render,save,score,score2,score3,score4,song,vocal,vocal2				PLATFORM: XDK/Win32 API shim
xdk_shims.cpp	XMemFree	ark,crowd,dta,gem,harmony,hit,midi,milo,render,save,score,score2,score3,score4,song,vocal,vocal2				PLATFORM: XDK/Win32 API shim
xdk_shims.cpp	XMemSet	ark,crowd,dta,gem,harmony,hit,midi,milo,render,save,score,score2,score3,score4,song,vocal,vocal2				PLATFORM: XDK/Win32 API shim
xdk_shims.cpp	XMemSize	ark,crowd,dta,gem,harmony,hit,midi,milo,render,save,score,score2,score3,score4,song,vocal,vocal2				PLATFORM: XDK/Win32 API shim
xdk_shims.cpp	XNotifyCreateListener(unsigned int)	ark,crowd,dta,gem,harmony,hit,midi,milo,render,save,score,score2,score3,score4,song,vocal,vocal2				PLATFORM: XDK/Win32 API shim
xdk_shims.cpp	XNotifyGetNext	ark,crowd,dta,gem,harmony,hit,midi,milo,render,save,score,score2,score3,score4,song,vocal,vocal2				PLATFORM: XDK/Win32 API shim
xdk_shims.cpp	XNuiDelayUI	ark,crowd,dta,gem,harmony,hit,midi,milo,render,save,score,score2,score3,score4,song,vocal,vocal2				PLATFORM: XDK/Win32 API shim
xdk_shims.cpp	XPhysicalAlloc	ark,crowd,dta,gem,harmony,hit,midi,milo,render,save,score,score2,score3,score4,song,vocal,vocal2	ark,crowd,dta,gem,harmony,hit,midi,milo,render,save,score,score2,score3,score4,song,vocal,vocal2			PLATFORM: XDK/Win32 API shim
xdk_shims.cpp	XPhysicalFree	ark,crowd,dta,gem,harmony,hit,midi,milo,render,save,score,score2,score3,score4,song,vocal,vocal2	ark,crowd,dta,gem,harmony,hit,midi,milo,render,save,score,score2,score3,score4,song,vocal,vocal2			PLATFORM: XDK/Win32 API shim
xdk_shims.cpp	XPhysicalSize	ark,crowd,dta,gem,harmony,hit,midi,milo,render,save,score,score2,score3,score4,song,vocal,vocal2				PLATFORM: XDK/Win32 API shim
xdk_shims.cpp	XSetThreadProcessor	ark,crowd,dta,gem,harmony,hit,midi,milo,render,save,score,score2,score3,score4,song,vocal,vocal2				PLATFORM: XDK/Win32 API shim
xdk_shims.cpp	XShowDeviceSelectorUI	ark,crowd,dta,gem,harmony,hit,midi,milo,render,save,score,score2,score3,score4,song,vocal,vocal2				PLATFORM: XDK/Win32 API shim
xdk_shims.cpp	XShowDirtyDiscErrorUI	ark,crowd,dta,gem,harmony,hit,midi,milo,render,save,score,score2,score3,score4,song,vocal,vocal2				PLATFORM: XDK/Win32 API shim
xdk_shims.cpp	XShowFriendsUI	ark,crowd,dta,gem,harmony,hit,midi,milo,render,save,score,score2,score3,score4,song,vocal,vocal2				PLATFORM: XDK/Win32 API shim
xdk_shims.cpp	XShowKeyboardUI	ark,crowd,dta,gem,harmony,hit,midi,milo,render,save,score,score2,score3,score4,song,vocal,vocal2				PLATFORM: XDK/Win32 API shim
xdk_shims.cpp	XShowMarketplaceUI	ark,crowd,dta,gem,harmony,hit,midi,milo,render,save,score,score2,score3,score4,song,vocal,vocal2				PLATFORM: XDK/Win32 API shim
xdk_shims.cpp	XShowNuiDeviceSelectorUI	ark,crowd,dta,gem,harmony,hit,midi,milo,render,save,score,score2,score3,score4,song,vocal,vocal2				PLATFORM: XDK/Win32 API shim
xdk_shims.cpp	XShowNuiDirtyDiscErrorUI	ark,crowd,dta,gem,harmony,hit,midi,milo,render,save,score,score2,score3,score4,song,vocal,vocal2				PLATFORM: XDK/Win32 API shim
xdk_shims.cpp	XShowNuiFriendsUI	ark,crowd,dta,gem,harmony,hit,midi,milo,render,save,score,score2,score3,score4,song,vocal,vocal2				PLATFORM: XDK/Win32 API shim
xdk_shims.cpp	XShowNuiGuideUI	ark,crowd,dta,gem,harmony,hit,midi,milo,render,save,score,score2,score3,score4,song,vocal,vocal2				PLATFORM: XDK/Win32 API shim
xdk_shims.cpp	XShowNuiMarketplaceUI	ark,crowd,dta,gem,harmony,hit,midi,milo,render,save,score,score2,score3,score4,song,vocal,vocal2				PLATFORM: XDK/Win32 API shim
xdk_shims.cpp	XShowNuiPartyUI	ark,crowd,dta,gem,harmony,hit,midi,milo,render,save,score,score2,score3,score4,song,vocal,vocal2				PLATFORM: XDK/Win32 API shim
xdk_shims.cpp	XShowPartyUI	ark,crowd,dta,gem,harmony,hit,midi,milo,render,save,score,score2,score3,score4,song,vocal,vocal2				PLATFORM: XDK/Win32 API shim
xdk_shims.cpp	XShowTokenRedemptionUI	ark,crowd,dta,gem,harmony,hit,midi,milo,render,save,score,score2,score3,score4,song,vocal,vocal2				PLATFORM: XDK/Win32 API shim
xdk_shims.cpp	XTLGetLanguage	ark,crowd,dta,gem,harmony,hit,midi,milo,render,save,score,score2,score3,score4,song,vocal,vocal2				PLATFORM: XDK/Win32 API shim
xdk_shims.cpp	XUserAreUsersFriends	ark,crowd,dta,gem,harmony,hit,midi,milo,render,save,score,score2,score3,score4,song,vocal,vocal2				PLATFORM: XDK/Win32 API shim
xdk_shims.cpp	XUserAwardAvatarAssets	ark,crowd,dta,gem,harmony,hit,midi,milo,render,save,score,score2,score3,score4,song,vocal,vocal2	milo,render			PLATFORM: XDK/Win32 API shim
xdk_shims.cpp	XUserAwardGamerPicture	ark,crowd,dta,gem,harmony,hit,midi,milo,render,save,score,score2,score3,score4,song,vocal,vocal2	milo,render			PLATFORM: XDK/Win32 API shim
xdk_shims.cpp	XUserCheckPrivilege(unsigned int, unsigned int, int*)	ark,crowd,dta,gem,harmony,hit,midi,milo,render,save,score,score2,score3,score4,song,vocal,vocal2				PLATFORM: XDK/Win32 API shim
xdk_shims.cpp	XUserGetName	ark,crowd,dta,gem,harmony,hit,midi,milo,render,save,score,score2,score3,score4,song,vocal,vocal2				PLATFORM: XDK/Win32 API shim
xdk_shims.cpp	XUserGetSigninInfo	ark,crowd,dta,gem,harmony,hit,midi,milo,render,save,score,score2,score3,score4,song,vocal,vocal2				PLATFORM: XDK/Win32 API shim
xdk_shims.cpp	XUserGetSigninState	ark,crowd,dta,gem,harmony,hit,midi,milo,render,save,score,score2,score3,score4,song,vocal,vocal2				PLATFORM: XDK/Win32 API shim
xdk_shims.cpp	XUserGetXUID	ark,crowd,dta,gem,harmony,hit,midi,milo,render,save,score,score2,score3,score4,song,vocal,vocal2	ark,crowd,dta,gem,harmony,hit,midi,milo,render,save,score,score2,score3,score4,song,vocal,vocal2			PLATFORM: XDK/Win32 API shim
xdk_shims.cpp	XUserSetContext	ark,crowd,dta,gem,harmony,hit,midi,milo,render,save,score,score2,score3,score4,song,vocal,vocal2				PLATFORM: XDK/Win32 API shim
xdk_shims.cpp	XUserWriteAchievements	ark,crowd,dta,gem,harmony,hit,midi,milo,render,save,score,score2,score3,score4,song,vocal,vocal2				PLATFORM: XDK/Win32 API shim
