i> 002A4B40 Xenia Headless Mode - Starting
i> 002A4B40 Storage root: /home/free/.local/share/Xenia
i> 002A4B40 Loaded config: /home/free/.local/share/Xenia/xenia.config.toml
i> 002A4B40 Content root: /home/free/.local/share/Xenia/content
i> 002A4B40 Cache root: /home/free/.local/share/Xenia/cache
i> 002A4B40 Mapped zero page 0x0-0x10000 as R/W (all zeros); protect_zero=false
i> 002A4B40 Mapped null-deref guard page at 0xffff0000 (64KB below virtual_membase 0x100000000)
i> 002A4B40 Using posix (frame-pointer) stack walker for guest debugging
i> 002A4B40 GPU backend: null
i> 002A4B40 Added handle:F8000004 for N2xe6kernel7XObjectE
i> 002A4B40 XThreadF8000004 (1) Stack: 70010000-70030000
i> 002A4B40 Added handle:F8000008 for N2xe6kernel7XObjectE
K> F8000004 XThread::Execute thid 1 (handle=F8000004, 'GPU Commands (F8000004)', native=3F27F6C0, <host>)
i> 002A4B40 XThreadF8000008 (2) Stack: 70050000-70070000
K> F8000008 XThread::Execute thid 2 (handle=F8000008, 'GPU VSync (F8000008)', native=3E27E6C0, <host>)
i> 002A4B40 Added handle:F800000C for N2xe6kernel7XObjectE
i> 002A4B40 XThreadF800000C (3) Stack: 70090000-700B0000
i> 002A4B40 Added handle:F8000010 for N2xe6kernel7XObjectE
K> F800000C XThread::Execute thid 3 (handle=F800000C, 'XMA Decoder (F800000C)', native=3D27D6C0, <host>)
i> 002A4B40 XThreadF8000010 (4) Stack: 700D0000-700F0000
i> 002A4B40 Added handle:F8000014 for N2xe6kernel7XObjectE
K> F8000010 XThread::Execute thid 4 (handle=F8000010, 'Audio Worker (F8000010)', native=2FFFF6C0, <host>)
i> 002A4B40 Added handle:F8000018 for N2xe6kernel7XObjectE
i> 002A4B40 Added handle:F800001C for N2xe6kernel7XObjectE
i> 002A4B40 Emulator initialized with headless backends
i> 002A4B40   GPU: null
i> 002A4B40   APU: nop
i> 002A4B40   HID: nop
i> 002A4B40 Launching: /tmp/rb3dxboot/default.xex
i> 002A4B40 Running with 75000ms timeout...
i> 002A4B4E Emulator thread started, launching: /tmp/rb3dxboot/default.xex
i> 002A4B4E Launching module game:\default.xex
i> 002A4B4E Added handle:F8000020 for N2xe6kernel7XObjectE
F> 002A4B4E HostPathDevice::ResolvePath(\default.xex)
F> 002A4B4E HostPathDevice::ResolvePath(\default.xexp)
i> 002A4B4E Module \Device\Harddisk0\Partition1\default.xex:
    Module Flags: 00000001
Security Header:
     Image Flags: 00000008
    Load Address: 82000000
      Image Size: 00EF0000
    Export Table: 00000000
Optional Header Count: 18
  XEX_HEADER_RESOURCE_INFO:
    45410914 82E60000-82EEF405, 586757b
  XEX_HEADER_FILE_FORMAT_INFO (TODO):
  XEX_HEADER_ENTRY_POINT: 8283CD20
  XEX_HEADER_IMAGE_BASE_ADDRESS: 82000000
  XEX_HEADER_IMPORT_LIBRARIES:
    xam.xex - 244 imports
      Version: 0.0.11164.32
      Min Version: 0.0.1861.32
    xboxkrnl.exe - 343 imports
      Version: 0.0.11164.32
      Min Version: 0.0.1861.32
  XEX_HEADER_CHECKSUM_TIMESTAMP (TODO):
  XEX_HEADER_ORIGINAL_PE_NAME: band.exe
  XEX_HEADER_STATIC_LIBRARIES:
    LIBCMT   : 2.0.11164.0
    XAPILIB  : 2.0.11164.0
    XBOXKRNL : 2.0.11164.0
    XNET     : 2.0.11164.0
    XINP2    : 2.0.11626.0
    D3D9     : 2.0.11164.0
    D3DX9    : 2.0.11164.0
    XGRAPHC  : 2.0.11164.0
    XONLINE  : 2.0.11164.0
    XMP      : 2.0.11164.0
    XPARTY   : 2.0.11164.0
    XIREMAP  : 2.0.11164.0
    PRNTCTL  : 2.0.11164.0
    XAPOBA   : 2.0.11164.3
    XAUDIO2  : 2.0.11164.3
    XMCORE   : 2.0.11164.0
    XAUD     : 2.0.11164.0
    XHV2     : 2.0.11164.0
    XMIC     : 2.0.11164.0
    LINK     : 10.0.10224.0
    C2       : 16.0.10224.0
    C1       : 16.0.10224.0
  XEX_HEADER_TLS_INFO:
          Slot Count: 64
    Raw Data Address: 00000000
           Data Size: 0
       Raw Data Size: 0
  XEX_HEADER_DEFAULT_STACK_SIZE: 262144
  XEX_HEADER_SYSTEM_FLAGS: 40004200
  Unknown Header 00030100
  XEX_HEADER_EXECUTION_INFO:
       Media ID: 4FC9256F
       Title ID: 45410914
    Savegame ID: 45410914
    Disc Number / Total: 0 / 0
  XEX_HEADER_TITLE_WORKSPACE_SIZE: 2621440
  XEX_HEADER_GAME_RATINGS (TODO):
  XEX_HEADER_LAN_KEY: 2D 1F 1F C0 0E 01 21 CE D2 65 00 F3 AA 1C C1 66
  XEX_HEADER_XBOX360_LOGO (TODO):
  XEX_HEADER_ALTERNATE_TITLE_IDS (TODO):
Sections:
    0 RODATA    1 pages    82000000 - 82010000 (65536 bytes)
    1 RODATA    1 pages    82010000 - 82020000 (65536 bytes)
    2 RODATA    1 pages    82020000 - 82030000 (65536 bytes)
    3 RODATA    1 pages    82030000 - 82040000 (65536 bytes)
    4 RODATA    1 pages    82040000 - 82050000 (65536 bytes)
    5 RODATA    1 pages    82050000 - 82060000 (65536 bytes)
    6 RODATA    1 pages    82060000 - 82070000 (65536 bytes)
    7 RODATA    1 pages    82070000 - 82080000 (65536 bytes)
    8 RODATA    1 pages    82080000 - 82090000 (65536 bytes)
    9 RODATA    1 pages    82090000 - 820A0000 (65536 bytes)
   10 RODATA    1 pages    820A0000 - 820B0000 (65536 bytes)
   11 RODATA    1 pages    820B0000 - 820C0000 (65536 bytes)
   12 RODATA    1 pages    820C0000 - 820D0000 (65536 bytes)
   13 RODATA    1 pages    820D0000 - 820E0000 (65536 bytes)
   14 RODATA    1 pages    820E0000 - 820F0000 (65536 bytes)
   15 RODATA    1 pages    820F0000 - 82100000 (65536 bytes)
   16 RODATA    1 pages    82100000 - 82110000 (65536 bytes)
   17 RODATA    1 pages    82110000 - 82120000 (65536 bytes)
   18 RODATA    1 pages    82120000 - 82130000 (65536 bytes)
   19 RODATA    1 pages    82130000 - 82140000 (65536 bytes)
   20 RODATA    1 pages    82140000 - 82150000 (65536 bytes)
   21 RODATA    1 pages    82150000 - 82160000 (65536 bytes)
   22 RODATA    1 pages    82160000 - 82170000 (65536 bytes)
   23 RODATA    1 pages    82170000 - 82180000 (65536 bytes)
   24 RODATA    1 pages    82180000 - 82190000 (65536 bytes)
   25 RODATA    1 pages    82190000 - 821A0000 (65536 bytes)
   26 RODATA    1 pages    821A0000 - 821B0000 (65536 bytes)
   27 RODATA    1 pages    821B0000 - 821C0000 (65536 bytes)
   28 RODATA    1 pages    821C0000 - 821D0000 (65536 bytes)
   29 RODATA    1 pages    821D0000 - 821E0000 (65536 bytes)
   30 RODATA    1 pages    821E0000 - 821F0000 (65536 bytes)
   31 RODATA    1 pages    821F0000 - 82200000 (65536 bytes)
   32 RODATA    1 pages    82200000 - 82210000 (65536 bytes)
   33 RODATA    1 pages    82210000 - 82220000 (65536 bytes)
   34 RODATA    1 pages    82220000 - 82230000 (65536 bytes)
   35 RODATA    1 pages    82230000 - 82240000 (65536 bytes)
   36 RODATA    1 pages    82240000 - 82250000 (65536 bytes)
   37 RODATA    1 pages    82250000 - 82260000 (65536 bytes)
   38 RODATA    1 pages    82260000 - 82270000 (65536 bytes)
   39 CODE      1 pages    82270000 - 82280000 (65536 bytes)
   40 CODE      1 pages    82280000 - 82290000 (65536 bytes)
   41 CODE      1 pages    82290000 - 822A0000 (65536 bytes)
   42 CODE      1 pages    822A0000 - 822B0000 (65536 bytes)
   43 CODE      1 pages    822B0000 - 822C0000 (65536 bytes)
   44 CODE      1 pages    822C0000 - 822D0000 (65536 bytes)
   45 CODE      1 pages    822D0000 - 822E0000 (65536 bytes)
   46 CODE      1 pages    822E0000 - 822F0000 (65536 bytes)
   47 CODE      1 pages    822F0000 - 82300000 (65536 bytes)
   48 CODE      1 pages    82300000 - 82310000 (65536 bytes)
   49 CODE      1 pages    82310000 - 82320000 (65536 bytes)
   50 CODE      1 pages    82320000 - 82330000 (65536 bytes)
   51 CODE      1 pages    82330000 - 82340000 (65536 bytes)
   52 CODE      1 pages    82340000 - 82350000 (65536 bytes)
   53 CODE      1 pages    82350000 - 82360000 (65536 bytes)
   54 CODE      1 pages    82360000 - 82370000 (65536 bytes)
   55 CODE      1 pages    82370000 - 82380000 (65536 bytes)
   56 CODE      1 pages    82380000 - 82390000 (65536 bytes)
   57 CODE      1 pages    82390000 - 823A0000 (65536 bytes)
   58 CODE      1 pages    823A0000 - 823B0000 (65536 bytes)
   59 CODE      1 pages    823B0000 - 823C0000 (65536 bytes)
   60 CODE      1 pages    823C0000 - 823D0000 (65536 bytes)
   61 CODE      1 pages    823D0000 - 823E0000 (65536 bytes)
   62 CODE      1 pages    823E0000 - 823F0000 (65536 bytes)
   63 CODE      1 pages    823F0000 - 82400000 (65536 bytes)
   64 CODE      1 pages    82400000 - 82410000 (65536 bytes)
   65 CODE      1 pages    82410000 - 82420000 (65536 bytes)
   66 CODE      1 pages    82420000 - 82430000 (65536 bytes)
   67 CODE      1 pages    82430000 - 82440000 (65536 bytes)
   68 CODE      1 pages    82440000 - 82450000 (65536 bytes)
   69 CODE      1 pages    82450000 - 82460000 (65536 bytes)
   70 CODE      1 pages    82460000 - 82470000 (65536 bytes)
   71 CODE      1 pages    82470000 - 82480000 (65536 bytes)
   72 CODE      1 pages    82480000 - 82490000 (65536 bytes)
   73 CODE      1 pages    82490000 - 824A0000 (65536 bytes)
   74 CODE      1 pages    824A0000 - 824B0000 (65536 bytes)
   75 CODE      1 pages    824B0000 - 824C0000 (65536 bytes)
   76 CODE      1 pages    824C0000 - 824D0000 (65536 bytes)
   77 CODE      1 pages    824D0000 - 824E0000 (65536 bytes)
   78 CODE      1 pages    824E0000 - 824F0000 (65536 bytes)
   79 CODE      1 pages    824F0000 - 82500000 (65536 bytes)
   80 CODE      1 pages    82500000 - 82510000 (65536 bytes)
   81 CODE      1 pages    82510000 - 82520000 (65536 bytes)
   82 CODE      1 pages    82520000 - 82530000 (65536 bytes)
   83 CODE      1 pages    82530000 - 82540000 (65536 bytes)
   84 CODE      1 pages    82540000 - 82550000 (65536 bytes)
   85 CODE      1 pages    82550000 - 82560000 (65536 bytes)
   86 CODE      1 pages    82560000 - 82570000 (65536 bytes)
   87 CODE      1 pages    82570000 - 82580000 (65536 bytes)
   88 CODE      1 pages    82580000 - 82590000 (65536 bytes)
   89 CODE      1 pages    82590000 - 825A0000 (65536 bytes)
   90 CODE      1 pages    825A0000 - 825B0000 (65536 bytes)
   91 CODE      1 pages    825B0000 - 825C0000 (65536 bytes)
   92 CODE      1 pages    825C0000 - 825D0000 (65536 bytes)
   93 CODE      1 pages    825D0000 - 825E0000 (65536 bytes)
   94 CODE      1 pages    825E0000 - 825F0000 (65536 bytes)
   95 CODE      1 pages    825F0000 - 82600000 (65536 bytes)
   96 CODE      1 pages    82600000 - 82610000 (65536 bytes)
   97 CODE      1 pages    82610000 - 82620000 (65536 bytes)
   98 CODE      1 pages    82620000 - 82630000 (65536 bytes)
   99 CODE      1 pages    82630000 - 82640000 (65536 bytes)
  100 CODE      1 pages    82640000 - 82650000 (65536 bytes)
  101 CODE      1 pages    82650000 - 82660000 (65536 bytes)
  102 CODE      1 pages    82660000 - 82670000 (65536 bytes)
  103 CODE      1 pages    82670000 - 82680000 (65536 bytes)
  104 CODE      1 pages    82680000 - 82690000 (65536 bytes)
  105 CODE      1 pages    82690000 - 826A0000 (65536 bytes)
  106 CODE      1 pages    826A0000 - 826B0000 (65536 bytes)
  107 CODE      1 pages    826B0000 - 826C0000 (65536 bytes)
  108 CODE      1 pages    826C0000 - 826D0000 (65536 bytes)
  109 CODE      1 pages    826D0000 - 826E0000 (65536 bytes)
  110 CODE      1 pages    826E0000 - 826F0000 (65536 bytes)
  111 CODE      1 pages    826F0000 - 82700000 (65536 bytes)
  112 CODE      1 pages    82700000 - 82710000 (65536 bytes)
  113 CODE      1 pages    82710000 - 82720000 (65536 bytes)
  114 CODE      1 pages    82720000 - 82730000 (65536 bytes)
  115 CODE      1 pages    82730000 - 82740000 (65536 bytes)
  116 CODE      1 pages    82740000 - 82750000 (65536 bytes)
  117 CODE      1 pages    82750000 - 82760000 (65536 bytes)
  118 CODE      1 pages    82760000 - 82770000 (65536 bytes)
  119 CODE      1 pages    82770000 - 82780000 (65536 bytes)
  120 CODE      1 pages    82780000 - 82790000 (65536 bytes)
  121 CODE      1 pages    82790000 - 827A0000 (65536 bytes)
  122 CODE      1 pages    827A0000 - 827B0000 (65536 bytes)
  123 CODE      1 pages    827B0000 - 827C0000 (65536 bytes)
  124 CODE      1 pages    827C0000 - 827D0000 (65536 bytes)
  125 CODE      1 pages    827D0000 - 827E0000 (65536 bytes)
  126 CODE      1 pages    827E0000 - 827F0000 (65536 bytes)
  127 CODE      1 pages    827F0000 - 82800000 (65536 bytes)
  128 CODE      1 pages    82800000 - 82810000 (65536 bytes)
  129 CODE      1 pages    82810000 - 82820000 (65536 bytes)
  130 CODE      1 pages    82820000 - 82830000 (65536 bytes)
  131 CODE      1 pages    82830000 - 82840000 (65536 bytes)
  132 CODE      1 pages    82840000 - 82850000 (65536 bytes)
  133 CODE      1 pages    82850000 - 82860000 (65536 bytes)
  134 CODE      1 pages    82860000 - 82870000 (65536 bytes)
  135 CODE      1 pages    82870000 - 82880000 (65536 bytes)
  136 CODE      1 pages    82880000 - 82890000 (65536 bytes)
  137 CODE      1 pages    82890000 - 828A0000 (65536 bytes)
  138 CODE      1 pages    828A0000 - 828B0000 (65536 bytes)
  139 CODE      1 pages    828B0000 - 828C0000 (65536 bytes)
  140 CODE      1 pages    828C0000 - 828D0000 (65536 bytes)
  141 CODE      1 pages    828D0000 - 828E0000 (65536 bytes)
  142 CODE      1 pages    828E0000 - 828F0000 (65536 bytes)
  143 CODE      1 pages    828F0000 - 82900000 (65536 bytes)
  144 CODE      1 pages    82900000 - 82910000 (65536 bytes)
  145 CODE      1 pages    82910000 - 82920000 (65536 bytes)
  146 CODE      1 pages    82920000 - 82930000 (65536 bytes)
  147 CODE      1 pages    82930000 - 82940000 (65536 bytes)
  148 CODE      1 pages    82940000 - 82950000 (65536 bytes)
  149 CODE      1 pages    82950000 - 82960000 (65536 bytes)
  150 CODE      1 pages    82960000 - 82970000 (65536 bytes)
  151 CODE      1 pages    82970000 - 82980000 (65536 bytes)
  152 CODE      1 pages    82980000 - 82990000 (65536 bytes)
  153 CODE      1 pages    82990000 - 829A0000 (65536 bytes)
  154 CODE      1 pages    829A0000 - 829B0000 (65536 bytes)
  155 CODE      1 pages    829B0000 - 829C0000 (65536 bytes)
  156 CODE      1 pages    829C0000 - 829D0000 (65536 bytes)
  157 CODE      1 pages    829D0000 - 829E0000 (65536 bytes)
  158 CODE      1 pages    829E0000 - 829F0000 (65536 bytes)
  159 CODE      1 pages    829F0000 - 82A00000 (65536 bytes)
  160 CODE      1 pages    82A00000 - 82A10000 (65536 bytes)
  161 CODE      1 pages    82A10000 - 82A20000 (65536 bytes)
  162 CODE      1 pages    82A20000 - 82A30000 (65536 bytes)
  163 CODE      1 pages    82A30000 - 82A40000 (65536 bytes)
  164 CODE      1 pages    82A40000 - 82A50000 (65536 bytes)
  165 CODE      1 pages    82A50000 - 82A60000 (65536 bytes)
  166 CODE      1 pages    82A60000 - 82A70000 (65536 bytes)
  167 CODE      1 pages    82A70000 - 82A80000 (65536 bytes)
  168 CODE      1 pages    82A80000 - 82A90000 (65536 bytes)
  169 CODE      1 pages    82A90000 - 82AA0000 (65536 bytes)
  170 CODE      1 pages    82AA0000 - 82AB0000 (65536 bytes)
  171 CODE      1 pages    82AB0000 - 82AC0000 (65536 bytes)
  172 CODE      1 pages    82AC0000 - 82AD0000 (65536 bytes)
  173 CODE      1 pages    82AD0000 - 82AE0000 (65536 bytes)
  174 CODE      1 pages    82AE0000 - 82AF0000 (65536 bytes)
  175 CODE      1 pages    82AF0000 - 82B00000 (65536 bytes)
  176 CODE      1 pages    82B00000 - 82B10000 (65536 bytes)
  177 CODE      1 pages    82B10000 - 82B20000 (65536 bytes)
  178 CODE      1 pages    82B20000 - 82B30000 (65536 bytes)
  179 CODE      1 pages    82B30000 - 82B40000 (65536 bytes)
  180 CODE      1 pages    82B40000 - 82B50000 (65536 bytes)
  181 CODE      1 pages    82B50000 - 82B60000 (65536 bytes)
  182 CODE      1 pages    82B60000 - 82B70000 (65536 bytes)
  183 CODE      1 pages    82B70000 - 82B80000 (65536 bytes)
  184 CODE      1 pages    82B80000 - 82B90000 (65536 bytes)
  185 CODE      1 pages    82B90000 - 82BA0000 (65536 bytes)
  186 CODE      1 pages    82BA0000 - 82BB0000 (65536 bytes)
  187 CODE      1 pages    82BB0000 - 82BC0000 (65536 bytes)
  188 CODE      1 pages    82BC0000 - 82BD0000 (65536 bytes)
  189 CODE      1 pages    82BD0000 - 82BE0000 (65536 bytes)
  190 CODE      1 pages    82BE0000 - 82BF0000 (65536 bytes)
  191 CODE      1 pages    82BF0000 - 82C00000 (65536 bytes)
  192 CODE      1 pages    82C00000 - 82C10000 (65536 bytes)
  193 CODE      1 pages    82C10000 - 82C20000 (65536 bytes)
  194 CODE      1 pages    82C20000 - 82C30000 (65536 bytes)
  195 CODE      1 pages    82C30000 - 82C40000 (65536 bytes)
  196 CODE      1 pages    82C40000 - 82C50000 (65536 bytes)
  197 CODE      1 pages    82C50000 - 82C60000 (65536 bytes)
  198 RWDATA    1 pages    82C60000 - 82C70000 (65536 bytes)
  199 RWDATA    1 pages    82C70000 - 82C80000 (65536 bytes)
  200 RWDATA    1 pages    82C80000 - 82C90000 (65536 bytes)
  201 RWDATA    1 pages    82C90000 - 82CA0000 (65536 bytes)
  202 RWDATA    1 pages    82CA0000 - 82CB0000 (65536 bytes)
  203 RWDATA    1 pages    82CB0000 - 82CC0000 (65536 bytes)
  204 RWDATA    1 pages    82CC0000 - 82CD0000 (65536 bytes)
  205 RWDATA    1 pages    82CD0000 - 82CE0000 (65536 bytes)
  206 RWDATA    1 pages    82CE0000 - 82CF0000 (65536 bytes)
  207 RWDATA    1 pages    82CF0000 - 82D00000 (65536 bytes)
  208 RWDATA    1 pages    82D00000 - 82D10000 (65536 bytes)
  209 RWDATA    1 pages    82D10000 - 82D20000 (65536 bytes)
  210 RWDATA    1 pages    82D20000 - 82D30000 (65536 bytes)
  211 RWDATA    1 pages    82D30000 - 82D40000 (65536 bytes)
  212 RWDATA    1 pages    82D40000 - 82D50000 (65536 bytes)
  213 RWDATA    1 pages    82D50000 - 82D60000 (65536 bytes)
  214 RWDATA    1 pages    82D60000 - 82D70000 (65536 bytes)
  215 RWDATA    1 pages    82D70000 - 82D80000 (65536 bytes)
  216 RWDATA    1 pages    82D80000 - 82D90000 (65536 bytes)
  217 RWDATA    1 pages    82D90000 - 82DA0000 (65536 bytes)
  218 RWDATA    1 pages    82DA0000 - 82DB0000 (65536 bytes)
  219 RWDATA    1 pages    82DB0000 - 82DC0000 (65536 bytes)
  220 RWDATA    1 pages    82DC0000 - 82DD0000 (65536 bytes)
  221 RWDATA    1 pages    82DD0000 - 82DE0000 (65536 bytes)
  222 RWDATA    1 pages    82DE0000 - 82DF0000 (65536 bytes)
  223 RWDATA    1 pages    82DF0000 - 82E00000 (65536 bytes)
  224 RWDATA    1 pages    82E00000 - 82E10000 (65536 bytes)
  225 RWDATA    1 pages    82E10000 - 82E20000 (65536 bytes)
  226 RWDATA    1 pages    82E20000 - 82E30000 (65536 bytes)
  227 RWDATA    1 pages    82E30000 - 82E40000 (65536 bytes)
  228 RWDATA    1 pages    82E40000 - 82E50000 (65536 bytes)
  229 RWDATA    1 pages    82E50000 - 82E60000 (65536 bytes)
  230 RODATA    1 pages    82E60000 - 82E70000 (65536 bytes)
  231 RODATA    1 pages    82E70000 - 82E80000 (65536 bytes)
  232 RODATA    1 pages    82E80000 - 82E90000 (65536 bytes)
  233 RODATA    1 pages    82E90000 - 82EA0000 (65536 bytes)
  234 RODATA    1 pages    82EA0000 - 82EB0000 (65536 bytes)
  235 RODATA    1 pages    82EB0000 - 82EC0000 (65536 bytes)
  236 RODATA    1 pages    82EC0000 - 82ED0000 (65536 bytes)
  237 RODATA    1 pages    82ED0000 - 82EE0000 (65536 bytes)
  238 RODATA    1 pages    82EE0000 - 82EF0000 (65536 bytes)
Imports:
 xam - 122 imports
   Version: 0.0.11164.32
   Min Version: 0.0.1861.32

         Total:  122
         Known:  100% (122 known, 0 unknown)
   Implemented:   91% (112 implemented, 10 unimplemented)

   F 82000400 82C4BC4C 3CC ( 972)    XGetGameRegion
   F 82000404 82C4BC5C 28C ( 652)    XNotifyPositionUI
   F 82000408 82C4BC6C 28B ( 651)    XNotifyGetNext
   F 8200040C 82C4BC7C 1B9 ( 441)    XamInputSendStayAliveRequest
   F 82000410 82C4BC8C 3D1 ( 977)    XGetVideoMode
   F 82000414 82C4BC9C 2DC ( 732)    XamShowMessageBoxUIEx
   F 82000418 82C4BCAC 3CD ( 973)    XGetLanguage
   F 8200041C 82C4BCBC 3CB ( 971)    XGetAVPack
   F 82000420 82C4BCCC 1A9 ( 425)    XamLoaderTerminateTitle
   F 82000424 82C4BCDC 1F7 ( 503)    XMsgStartIORequest
   F 82000428 82C4BCEC 20E ( 526)    XamUserGetName
   F 8200042C 82C4BCFC 210 ( 528)    XamUserGetSigninState
   F 82000430 82C4BD0C 213 ( 531)    XamUserAreUsersFriends
   F 82000434 82C4BD1C 212 ( 530)    XamUserCheckPrivilege
   F 82000438 82C4BD2C 282 ( 642)    XamGetSystemVersion
   F 8200043C 82C4BD3C 2F5 ( 757)    XamReadTileToTexture
   F 82000440 82C4BD4C 2F0 ( 752)    XamWriteGamerTile
   F 82000444 82C4BD5C 20A ( 522)    XamUserGetXUID
   F 82000448 82C4BD6C 1F8 ( 504)    XMsgCancelIORequest
   F 8200044C 82C4BD7C 1A4 ( 420)    XamLoaderLaunchTitle
   F 82000450 82C4BD8C 2BC ( 700)    XamShowSigninUI
   F 82000454 82C4BD9C 2BF ( 703)    XamShowFriendsUI
   F 82000458 82C4BDAC 2C1 ( 705)    XamShowKeyboardUI
   F 8200045C 82C4BDBC 2D5 ( 725)    XamShowGamerCardUIForXUID
   F 82000460 82C4BDCC 2C7 ( 711)    XamShowMarketplaceUI
   F 82000464 82C4BDDC 2CB ( 715)    XamShowDeviceSelectorUI
   F 82000468 82C4BDEC 2D9 ( 729)    XamShowDirtyDiscErrorUI
   F 8200046C 82C4BDFC 1A0 ( 416)    XamEnableInactivityProcessing
   F 82000470 82C4BE0C 1A1 ( 417)    XamResetInactivity
   F 82000474 82C4BE1C 227 ( 551)    XamUserGetSigninInfo
   F 82000478 82C4BE2C 28A ( 650)    XamNotifyCreateListener
   F 8200047C 82C4BE3C 1B3 ( 435)    XamTaskShouldExit
   F 82000480 82C4BE4C 1B1 ( 433) !! XamTaskCloseHandle
   F 82000484 82C4BE5C 1AF ( 431)    XamTaskSchedule
   F 82000488 82C4BE6C 250 ( 592)    XamEnumerate
   F 8200048C 82C4BE7C 280 ( 640)    XamGetExecutionId
   F 82000490 82C4BE8C 1EA ( 490)    XamAlloc
   F 82000494 82C4BE9C 1EC ( 492)    XamFree
   F 82000498 82C4BEAC 1FB ( 507)    XamGetOverlappedResult
   F 8200049C 82C4BEBC 1F5 ( 501)    XMsgCompleteIORequest
   F 820004A0 82C4BECC 1F4 ( 500)    XMsgInProcessCall
   F 820004A4 82C4BEDC 24F ( 591)    XamGetPrivateEnumStructureFromHandle
   F 820004A8 82C4BEEC 259 ( 601)    XamContentCreateEx
   F 820004AC 82C4BEFC 25B ( 603)    XamContentDelete
   F 820004B0 82C4BF0C 25A ( 602)    XamContentClose
   F 820004B4 82C4BF1C 267 ( 615)    XamContentFlush
   F 820004B8 82C4BF2C 262 ( 610)    XamContentGetCreator
   F 820004BC 82C4BF3C 25C ( 604)    XamContentCreateEnumerator
   F 820004C0 82C4BF4C 265 ( 613)    XamContentGetDeviceState
   F 820004C4 82C4BF5C 25E ( 606)    XamContentGetDeviceData
   F 820004C8 82C4BF6C 190 ( 400)    XamInputGetCapabilities
   F 820004CC 82C4BF7C 191 ( 401)    XamInputGetState
   F 820004D0 82C4BF8C 192 ( 402)    XamInputSetState
   F 820004D4 82C4BF9C 9C4 (2500)    XamBackgroundDownloadSetMode
   F 820004D8 82C4BFAC 9D1 (2513) !! XamBackgroundDownloadItemGetHistoryStatus
   F 820004DC 82C4BFBC 9CF (2511) !! XamBackgroundDownloadItemGetStatus
   F 820004E0 82C4BFCC 2E7 ( 743)    XamShowMarketplaceDownloadItemsUI
   F 820004E4 82C4CD4C 30E ( 782)    XamVoiceSubmitPacket
   F 820004E8 82C4CD3C 30F ( 783)    XamVoiceClose
   F 820004EC 82C4CD2C 30D ( 781)    XamVoiceHeadsetPresent
   F 820004F0 82C4CD1C 219 ( 537)    XamUserReadProfileSettings
   F 820004F4 82C4CD0C 208 ( 520)    XamUserGetDeviceContext
   F 820004F8 82C4CCFC 054 (  84)    NetDll_XNetSetSystemLinkPort
   F 820004FC 82C4CCEC 053 (  83) !! NetDll_XNetGetSystemLinkPort
   F 82000500 82C4CA8C 1F1 ( 497) !! XamDeviceRemap
   F 82000504 82C4CA7C 1FC ( 508)    XMsgStartIORequestEx
   F 82000508 82C4CA6C 218 ( 536)    XamUserGetOnlineCountryFromXUID
   F 8200050C 82C4CA5C 217 ( 535)    XamUserGetMembershipTierFromXUID
   F 82000510 82C4CA4C 24E ( 590)    XamCreateEnumeratorHandle
   F 82000514 82C4CA3C 136 ( 310)    XNetLogonGetTitleID
   F 82000518 82C4CA2C 316 ( 790)    XamSessionCreateHandle
   F 8200051C 82C4CA1C 317 ( 791)    XamSessionRefObjByHandle
   F 82000520 82C4CA0C 3DE ( 990)    XamInputControl
   F 82000524 82C4C9FC 195 ( 405)    XamInputRawState
   F 82000528 82C4C9EC 022 (  34)    NetDll___WSAFDIsSet
   F 8200052C 82C4C9DC 021 (  33)    NetDll_WSAWaitForMultipleEvents
   F 82000530 82C4C9CC 020 (  32)    NetDll_WSAResetEvent
   F 82000534 82C4C9BC 01E (  30)    NetDll_WSACloseEvent
   F 82000538 82C4C9AC 01D (  29)    NetDll_WSACreateEvent
   F 8200053C 82C4C99C 01B (  27)    NetDll_WSAGetLastError
   F 82000540 82C4C98C 01A (  26)    NetDll_inet_addr
   F 82000544 82C4C97C 019 (  25)    NetDll_WSASendTo
   F 82000548 82C4C96C 018 (  24)    NetDll_sendto
   F 8200054C 82C4C95C 016 (  22)    NetDll_send
   F 82000550 82C4C94C 015 (  21)    NetDll_WSARecvFrom
   F 82000554 82C4C93C 014 (  20)    NetDll_recvfrom
   F 82000558 82C4C92C 012 (  18)    NetDll_recv
   F 8200055C 82C4C91C 010 (  16) !! NetDll_WSAGetOverlappedResult
   F 82000560 82C4C90C 00F (  15)    NetDll_select
   F 82000564 82C4C8FC 00E (  14)    NetDll_accept
   F 82000568 82C4C8EC 00D (  13)    NetDll_listen
   F 8200056C 82C4C8DC 00C (  12)    NetDll_connect
   F 82000570 82C4C8CC 00B (  11)    NetDll_bind
   F 82000574 82C4C8BC 00A (  10)    NetDll_getpeername
   F 82000578 82C4C8AC 009 (   9)    NetDll_getsockname
   F 8200057C 82C4C89C 007 (   7)    NetDll_setsockopt
   F 82000580 82C4C88C 006 (   6)    NetDll_ioctlsocket
   F 82000584 82C4C87C 005 (   5)    NetDll_shutdown
   F 82000588 82C4C86C 004 (   4)    NetDll_closesocket
   F 8200058C 82C4C85C 003 (   3)    NetDll_socket
   F 82000590 82C4C84C 002 (   2)    NetDll_WSACleanup
   F 82000594 82C4C83C 001 (   1)    NetDll_WSAStartup
   F 82000598 82C4C82C 04B (  75)    NetDll_XNetGetEthernetLinkStatus
   F 8200059C 82C4C81C 049 (  73)    NetDll_XNetGetTitleXnAddr
   F 820005A0 82C4C80C 048 (  72)    NetDll_XNetQosRelease
   F 820005A4 82C4C7FC 046 (  70) !! NetDll_XNetQosLookup
   F 820005A8 82C4C7EC 045 (  69)    NetDll_XNetQosListen
   F 820005AC 82C4C7DC 044 (  68)    NetDll_XNetDnsRelease
   F 820005B0 82C4C7CC 043 (  67)    NetDll_XNetDnsLookup
   F 820005B4 82C4C7BC 042 (  66)    NetDll_XNetGetConnectStatus
   F 820005B8 82C4C7AC 041 (  65)    NetDll_XNetConnect
   F 820005BC 82C4C79C 040 (  64)    NetDll_XNetXnAddrToMachineId
   F 820005C0 82C4C78C 03F (  63)    NetDll_XNetUnregisterInAddr
   F 820005C4 82C4C77C 03A (  58)    NetDll_XNetServerToInAddr
   F 820005C8 82C4C76C 039 (  57)    NetDll_XNetXnAddrToInAddr
   F 820005CC 82C4CD5C 30C ( 780)    XamVoiceCreate
   F 820005D0 82C4C75C 038 (  56) !! NetDll_XNetUnregisterKey
   F 820005D4 82C4C74C 037 (  55) !! NetDll_XNetRegisterKey
   F 820005D8 82C4C73C 036 (  54) !! NetDll_XNetCreateKey
   F 820005DC 82C4C72C 035 (  53)    NetDll_XNetRandom
   F 820005E0 82C4C71C 034 (  52)    NetDll_XNetCleanup
   F 820005E4 82C4C70C 033 (  51)    NetDll_XNetStartup

 xboxkrnl - 178 imports
   Version: 0.0.11164.32
   Min Version: 0.0.1861.32

         Total:  178
         Known:  100% (178 known, 0 unknown)
   Implemented:   93% (167 implemented, 11 unimplemented)

   F 820005EC 82C4C58C 1A1 ( 417)    XexUnloadImage
   F 820005F0 82C4C59C 199 ( 409)    XexLoadImage
   F 820005F4 82C4C5AC 0E4 ( 228)    NtQueryDirectoryFile
   F 820005F8 82C4C5BC 0F1 ( 241)    NtReadFileScatter
   F 820005FC 82C4C5CC 0DA ( 218)    NtDuplicateObject
   F 82000600 82C4C5DC 00D (  13)    ExCreateThread
   F 82000604 82C4C5EC 05A (  90)    KeDelayExecutionThread
   F 82000608 82C4C5FC 041 (  65) !! IoInvalidDeviceRequest
   F 8200060C 82C4C60C 10F ( 271)    ObReferenceObject
   F 82000610 82C4C61C 037 (  55)    IoCreateDevice
   F 82000614 82C4C62C 039 (  57) !! IoDeleteDevice
   F 82000618 82C4C63C 00B (  11)    ExAllocatePoolTypeWithTag
   F 8200061C 82C4C64C 00F (  15)    ExFreePool
   F 82000620 82C4C65C 11D ( 285)    RtlCompareStringN
   F 82000624 82C4C66C 035 (  53) !! IoCompleteRequest
   F 82000628 82C4C67C 0B4 ( 180)    KfReleaseSpinLock
   F 8200062C 82C4C68C 0B1 ( 177)    KfAcquireSpinLock
   F 82000630 82C4C69C 149 ( 329)    RtlUpcaseUnicodeChar
   F 82000634 82C4C6AC 109 ( 265) !! ObIsTitleObject
   F 82000638 82C4C6BC 034 (  52) !! IoCheckShareAccess
   F 8200063C 82C4C6CC 047 (  71) !! IoSetShareAccess
   F 82000640 82C4C6DC 045 (  69) !! IoRemoveShareAccess
   F 82000644 82C4C6EC 03C (  60)    IoDismountVolumeByFileHandle
   F 82000648 82C4C6FC 0D9 ( 217)    NtDeviceIoControlFile
   V 8200064C          156 ( 342)    XboxHardwareInfo
   F 82000650 82C4C57C 028 (  40)    HalReturnToFirmware
   F 82000654 82C4C56C 12D ( 301)    RtlInitUnicodeString
   F 82000658 82C4C55C 142 ( 322)    RtlUnicodeStringToAnsiString
   F 8200065C 82C4C54C 127 ( 295)    RtlFreeAnsiString
   F 82000660 82C4C53C 019 (  25)    ExTerminateThread
   F 82000664 82C4C51C 053 (  83)    KeBugCheckEx
   F 82000668 82C4C50C 126 ( 294)    RtlFillMemoryUlong
   F 8200066C 82C4C4FC 136 ( 310)    RtlRaiseException
   V 82000670          0AD ( 173)    KeTimeStampBundle
   F 82000674 82C4C4EC 0D4 ( 212)    NtCreateMutant
   F 82000678 82C4C4DC 0F2 ( 242)    NtReleaseMutant
   F 8200067C 82C4C4CC 001 (   1)    DbgBreakPoint
   F 82000680 82C4C4BC 0E7 ( 231)    NtQueryFullAttributesFile
   F 82000684 82C4C4AC 133 ( 307)    RtlMultiByteToUnicodeN
   F 82000688 82C4C49C 14D ( 333)    _vsnprintf
   F 8200068C 82C4C48C 15B ( 347)    XeCryptAesCbc
   F 82000690 82C4C47C 159 ( 345)    XeCryptAesKey
   F 82000694 82C4C46C 0E8 ( 232)    NtQueryInformationFile
   F 82000698 82C4C45C 143 ( 323)    RtlUnicodeToMultiByteN
   F 8200069C 82C4C44C 0FD ( 253)    NtWaitForSingleObjectEx
   V 820006A0          158 ( 344)    XboxKrnlVersion
   F 820006A4 82C4C43C 0CE ( 206)    NtClearEvent
   F 820006A8 82C4C42C 0FE ( 254)    NtWaitForMultipleObjectsEx
   F 820006AC 82C4C41C 0F3 ( 243)    NtReleaseSemaphore
   F 820006B0 82C4C40C 0D5 ( 213)    NtCreateSemaphore
   F 820006B4 82C4C3FC 13F ( 319)    RtlTimeFieldsToTime
   F 820006B8 82C4C3EC 0F7 ( 247)    NtSetInformationFile
   F 820006BC 82C4C3DC 066 ( 102)    KeGetCurrentProcessType
   V 820006C0          00E (  14)    ExEventObjectType
   F 820006C4 82C4C3CC 195 ( 405)    XexGetModuleHandle
   F 820006C8 82C4C3BC 197 ( 407)    XexGetProcedureAddress
   F 820006CC 82C4C3AC 015 (  21)    ExRegisterTitleTerminateNotification
   F 820006D0 82C4C39C 09D ( 157)    KeSetEvent
   F 820006D4 82C4C38C 0B0 ( 176)    KeWaitForSingleObject
   F 820006D8 82C4C37C 08F ( 143)    KeResetEvent
   F 820006DC 82C4C36C 104 ( 260)    ObDeleteSymbolicLink
   F 820006E0 82C4C35C 103 ( 259)    ObCreateSymbolicLink
   F 820006E4 82C4C34C 135 ( 309)    RtlNtStatusToDosError
   F 820006E8 82C4C33C 03B (  59) !! IoDismountVolume
   F 820006EC 82C4C32C 05F (  95)    KeEnterCriticalRegion
   F 820006F0 82C4C31C 0DB ( 219)    NtFlushBuffersFile
   F 820006F4 82C4C30C 07D ( 125)    KeLeaveCriticalRegion
   F 820006F8 82C4C2FC 13A ( 314)    _snprintf
   F 820006FC 82C4C2EC 0CC ( 204)    NtAllocateVirtualMemory
   F 82000700 82C4C2DC 0DC ( 220)    NtFreeVirtualMemory
   F 82000704 82C4C2CC 0D2 ( 210)    NtCreateFile
   F 82000708 82C4C2BC 256 ( 598)    XeKeysConsolePrivateKeySign
   F 8200070C 82C4C2AC 0F0 ( 240)    NtReadFile
   F 82000710 82C4C29C 0FF ( 255)    NtWriteFile
   F 82000714 82C4C28C 192 ( 402)    XeCryptSha
   F 82000718 82C4C27C 257 ( 599) !! XeKeysConsoleSignatureVerification
   V 8200071C          193 ( 403)    XexExecutableModuleHandle
   F 82000720 82C4C26C 12B ( 299)    RtlImageXexHeaderField
   F 82000724 82C4C25C 12C ( 300)    RtlInitAnsiString
   F 82000728 82C4C24C 0DF ( 223)    NtOpenFile
   F 8200072C 82C4C23C 0EF ( 239)    NtQueryVolumeInformationFile
   F 82000730 82C4C22C 259 ( 601) !! StfsCreateDevice
   F 82000734 82C4C21C 25A ( 602) !! StfsControlDevice
   V 82000738          1AE ( 430)    ExLoadedCommandLine
   F 8200073C 82C4C20C 084 ( 132)    KeQuerySystemTime
   F 82000740 82C4C1FC 140 ( 320)    RtlTimeToTimeFields
   F 82000744 82C4C1EC 0F5 ( 245)    NtResumeThread
   F 82000748 82C4C1DC 0F6 ( 246)    NtSetEvent
   F 8200074C 82C4C1CC 003 (   3)    DbgPrint
   F 82000750 82C4C1BC 194 ( 404)    XexCheckExecutablePrivilege
   F 82000754 82C4C1AC 010 (  16)    ExGetXConfigSetting
   F 82000758 82C4C19C 0D1 ( 209)    NtCreateEvent
   F 8200075C 82C4C18C 0CF ( 207)    NtClose
   F 82000760 82C4C17C 0C6 ( 198)    MmQueryStatistics
   F 82000764 82C4C16C 0EE ( 238)    NtQueryVirtualMemory
   F 82000768 82C4C15C 0C4 ( 196)    MmQueryAddressProtect
   F 8200076C 82C4C14C 0BD ( 189)    MmFreePhysicalMemory
   F 82000770 82C4C13C 0C5 ( 197)    MmQueryAllocationSize
   F 82000774 82C4C12C 0BA ( 186)    MmAllocatePhysicalMemoryEx
   V 82000778          059 (  89)    KeDebugMonitorData
   F 8200077C 82C4C11C 097 ( 151)    KeSetAffinityThread
   F 82000780 82C4C10C 081 ( 129)    KeQueryBasePriorityThread
   V 82000784          01B (  27)    ExThreadObjectType
   F 82000788 82C4C0FC 110 ( 272)    ObReferenceObjectByHandle
   F 8200078C 82C4C0EC 099 ( 153)    KeSetBasePriorityThread
   F 82000790 82C4C0DC 10B ( 267)    ObLookupThreadByThreadId
   F 82000794 82C4C0CC 10E ( 270)    ObOpenObjectByPointer
   F 82000798 82C4C0BC 105 ( 261)    ObDereferenceObject
   F 8200079C 82C4C0AC 05D (  93)    KeEnableFpuExceptions
   F 820007A0 82C4C09C 12F ( 303)    RtlInitializeCriticalSectionAndSpinCount
   F 820007A4 82C4C08C 119 ( 281)    RtlCaptureContext
   F 820007A8 82C4C07C 147 ( 327)    RtlUnwind
   F 820007AC 82C4C06C 152 ( 338)    KeTlsAlloc
   F 820007B0 82C4CA9C 06D ( 109)    KeInitializeApc
   F 820007B4 82C4CAAC 00A (  10)    ExAllocatePoolWithTag
   F 820007B8 82C4CABC 07A ( 122)    KeInsertQueueApc
   V 820007BC          1BE ( 446)    VdGlobalDevice
   V 820007C0          1BF ( 447)    VdGlobalXamDevice
   F 820007C4 82C4CACC 1B4 ( 436)    VdEnableDisableClockGating
   V 820007C8          266 ( 614)    KeCertMonitorData
   F 820007CC 82C4CADC 083 ( 131)    KeQueryPerformanceFrequency
   F 820007D0 82C4CAEC 1C7 ( 455)    VdPersistDisplay
   F 820007D4 82C4CAFC 25B ( 603)    VdSwap
   F 820007D8 82C4CB0C 1BD ( 445)    VdGetSystemCommandBuffer
   F 820007DC 82C4CB1C 089 ( 137)    KeReleaseSpinLockFromRaisedIrql
   F 820007E0 82C4CB2C 04D (  77)    KeAcquireSpinLockAtRaisedIrql
   F 820007E4 82C4CB3C 1DF ( 479)    KiApcNormalRoutineNop
   F 820007E8 82C4CB4C 1B6 ( 438)    VdEnableRingBufferRPtrWriteBack
   F 820007EC 82C4CB5C 1C3 ( 451)    VdInitializeRingBuffer
   F 820007F0 82C4CB6C 0BE ( 190)    MmGetPhysicalAddress
   F 820007F4 82C4CB7C 1D9 ( 473)    VdSetSystemCommandBufferGpuIdentifierAddress
   F 820007F8 82C4CB8C 13B ( 315)    sprintf
   F 820007FC 82C4CB9C 1B9 ( 441)    VdGetCurrentDisplayGamma
   F 82000800 82C4CBAC 06B ( 107)    KeLockL2
   F 82000804 82C4CBBC 06C ( 108)    KeUnlockL2
   F 82000808 82C4CBCC 06F ( 111)    KeInitializeDpc
   F 8200080C 82C4CBDC 1DC ( 476)    VdShutdownEngines
   F 82000810 82C4CBEC 1CA ( 458)    VdQueryVideoMode
   F 82000814 82C4CBFC 1BA ( 442)    VdGetCurrentDisplayInformation
   F 82000818 82C4CC0C 1D3 ( 467)    VdSetDisplayMode
   F 8200081C 82C4CC1C 1D5 ( 469)    VdSetGraphicsInterruptCallback
   F 82000820 82C4CC2C 1C2 ( 450)    VdInitializeEngines
   F 82000824 82C4CC3C 1C6 ( 454)    VdIsHSIOTrainingSucceeded
   F 82000828 82C4CC4C 1C9 ( 457)    VdQueryVideoFlags
   F 8200082C 82C4CC5C 1B1 ( 433)    VdCallGraphicsNotificationRoutines
   V 82000830          1C0 ( 448)    VdGpuClockInMHz
   F 82000834 82C4CC6C 1C5 ( 453)    VdInitializeScalerCommandBuffer
   F 82000838 82C4CC7C 269 ( 617)    VdRetrainEDRAM
   F 8200083C 82C4CC8C 26A ( 618)    VdRetrainEDRAMWorker
   V 82000840          1C1 ( 449)    VdHSIOCalibrationLock
   F 82000844 82C4CC9C 276 ( 630)    XAudioOverrideSpeakerConfig
   F 82000848 82C4CCAC 1FF ( 511)    XAudioGetSpeakerConfig
   F 8200084C 82C4CCBC 18F ( 399)    XeCryptShaInit
   F 82000850 82C4CCCC 190 ( 400)    XeCryptShaUpdate
   F 82000854 82C4CCDC 191 ( 401)    XeCryptShaFinal
   F 82000858 82C4C05C 153 ( 339)    KeTlsFree
   F 8200085C 82C4C04C 155 ( 341)    KeTlsSetValue
   F 82000860 82C4C03C 154 ( 340)    KeTlsGetValue
   F 82000864 82C4C02C 052 (  82)    KeBugCheck
   F 82000868 82C4C01C 1A5 ( 421)    __C_specific_handler
   F 8200086C 82C4C00C 141 ( 321)    RtlTryEnterCriticalSection
   F 82000870 82C4BFFC 130 ( 304)    RtlLeaveCriticalSection
   F 82000874 82C4BFEC 125 ( 293)    RtlEnterCriticalSection
   F 82000878 82C4BFDC 12E ( 302)    RtlInitializeCriticalSection
   F 8200087C 82C4C52C 11B ( 283)    RtlCompareMemoryUlong
   F 82000880 82C4CD6C 1F8 ( 504)    XAudioGetVoiceCategoryVolume
   F 82000884 82C4CD7C 0C2 ( 194)    MmMapIoSpace
   F 82000888 82C4CD8C 224 ( 548)    XMACreateContext
   F 8200088C 82C4CD9C 226 ( 550)    XMAReleaseContext
   F 82000890 82C4CDAC 0AF ( 175)    KeWaitForMultipleObjects
   F 82000894 82C4CDBC 1F5 ( 501)    XAudioSubmitRenderDriverFrame
   F 82000898 82C4CDCC 1F4 ( 500)    XAudioUnregisterRenderDriverClient
   F 8200089C 82C4CDDC 1F3 ( 499)    XAudioRegisterRenderDriverClient
   F 820008A0 82C4CDEC 2E1 ( 737)    RmcDeviceRequest
   F 820008A4 82C4CDFC 2B1 ( 689)    MicDeviceRequest
   F 820008A8 82C4CE0C 0CD ( 205)    NtCancelTimer
   F 820008AC 82C4CE1C 0FA ( 250)    NtSetTimerEx
   F 820008B0 82C4CE2C 0D7 ( 215)    NtCreateTimer

i> 002A4B4E -------------------- ACHIEVEMENTS --------------------
i> 002A4B4E 1 - Tune Up - Calibrated your audio/video setup for the optimal Rock Band 3 experience. - 4
i> 002A4B4E 2 - Self-Made Dude or Lady - Created a Character. - 5
i> 002A4B4E 5 - Best. Name. Ever. - Renamed your band. - 5
i> 002A4B4E 6 - Well Connected - Connected your Rock Band 3 Band with rockband.com. - 6
i> 002A4B4E 8 - You Ain't Seen Nothing Yet - Maintained overdrive for 60 seconds. - 20
i> 002A4B4E 9 - Millionaire Club - Got 1,000,000 on one song. - 25
i> 002A4B4E 10 - Rock Band Master - 5 Starred on Medium (or 3 Starred on a higher difficulty) 50 Rock Band 3 songs. - 25
i> 002A4B4E 11 - Rock Band Legend - 5 Star every song in Rock Band 3 on Hard - 30
i> 002A4B4E 12 - Rock Band Immortal - 5 Starred the Rock Band 3 disc on Expert. - 50
i> 002A4B4E 13 - Alex's Luggage Combination - Beat a Rock Band 3 score of 12,345,678. - 30
i> 002A4B4E 14 - Hometown Threwdown - Completed the "Hometown Throwdown" Road Challenge. - 20
i> 002A4B4E 15 - Real Nor'easter - Completed "The Wicked Awesome Tour". - 20
i> 002A4B4E 16 - Hell Defrosted - Won all rewards on the "Hell Freezes Over" Road Challenge. - 25
i> 002A4B4E 17 - Wilderness Survival - Complete the "Through the Wilderness, Eh?" Road Challenge. - 20
i> 002A4B4E 18 - Major Mileage - Got 90 or more spades on "The Long Drive South" Road Challenge. - 25
i> 002A4B4E 19 - Party Animal - Completed the "Total Debauchery" Road Challenge. - 20
i> 002A4B4E 20 - The Connoisseur's Connoisseur - Got 90 or more spades on "The European Connoisseur" Road Challenge. - 25
i> 002A4B4E 21 - Mile High Club - Completed the "Really Frequent Flyers" Road Challenge. - 25
i> 002A4B4E 22 - Ultimate Road Warrior - Won all awards on the "Really Frequent Flyers" Road Challenge. - 30
i> 002A4B4E 23 - HOPO-cidal Maniac - Killed 53,596 Hammer-ons and Pull-offs. - 25
i> 002A4B4E 24 - Bleeding Fingers - Get 85% on all Guitar Solos in Rock Band 3 on Hard or Expert. - 30
i> 002A4B4E 25 - Guitar Perfectionist - Got 100% accuracy on Expert Guitar.  - 25
i> 002A4B4E 26 - Guitar Apprentice - 5 Starred on Easy Guitar (or 3 Starred on a higher difficulty) 25 Rock Band 3 songs. - 20
i> 002A4B4E 27 - Bass Streaker - Get a streak of 500 notes on Bass. - 10
i> 002A4B4E 28 - Most Authentic Strummer - Hit 100% of the notes, only strumming up, on Hard Bass.  - 10
i> 002A4B4E 29 - Bass Apprentice - 5 Starred on Easy (or 3 Starred on a higher difficulty) 25 Rock Band 3 songs.
 - 20
i> 002A4B4E 30 - Drum Roll, Please! - Nailed a drum roll. - 10
i> 002A4B4E 31 - Fastest Feet - Hit 90% of the Kick notes in a song on Hard Drums. - 15
i> 002A4B4E 32 - Drums Apprentice - 5 Starred on Easy Drums (or 3 Starred on a higher difficulty) 25 Rock Band 3 songs. - 20
i> 002A4B4E 33 - Keys Streaker - Got a streak of 350 notes on Keys. - 15
i> 002A4B4E 34 - Keys Apprentice - 5 Starred on Easy Keys (or 3 Starred on a higher difficulty) 25 Rock Band 3 songs. - 20
i> 002A4B4E 35 - Pro Bass Apprentice - 5 Starred on Easy Pro Bass (or 3 Starred on a higher difficulty) 25 Rock Band 3 songs. - 20
i> 002A4B4E 36 - Drum Trainer Initiate - Completed the introductory Pro Drum Trainer lessons. - 15
i> 002A4B4E 37 - Drum Trainer Graduate - Completed the final Pro Drum Trainer lessons. - 30
i> 002A4B4E 38 - Play a Real Guitar Already! - Played "The Hardest Button to Button" on Pro Guitar. - 15
i> 002A4B4E 39 - Pro Guitar to the Max - Maxed out your Score Multiplier meter on Pro Guitar. - 15
i> 002A4B4E 40 - Power Chords - Completed the "Power Chords" lessons in the Pro Guitar trainer. - 15
i> 002A4B4E 41 - Complex Chords - Completed the "More Chord Holding and Arpeggiation" Pro Guitar lessons. - 25
i> 002A4B4E 42 - Pro Guitar Apprentice - 5 Starred on Easy Pro Guitar (or 3 Starred on a higher difficulty) 25 Rock Band 3 songs. - 20
i> 002A4B4E 43 - Pro Keyboardist - Hit at least 90% of the notes in 3 songs on Expert Pro Keys. - 15
i> 002A4B4E 44 - Pro Keys Graduate - Completed the final Pro Keys trainers. - 25
i> 002A4B4E 45 - Pro Keys to the Max - Max out your Score Multiplier meter on Pro Keys.  - 15
i> 002A4B4E 46 - Pro Keys Apprentice - 5 Starred on Easy Pro Keys (or 3 Starred on a higher difficulty) 25 Rock Band 3 songs. - 20
i> 002A4B4E 47 - Triple Awesome - Got a Triple Awesome while playing with Vocal Harmonies. - 10
i> 002A4B4E 48 - Is This Just Fantasy? - Nailed all triple awesomes in "Bohemian Rhapsody".  - 25
i> 002A4B4E 49 - Vocals Showmanship - Deployed overdrive four times in a single song as a vocalist. - 10
i> 002A4B4E 50 - Tambourine Master - Hit 100% of the notes in a percussion section. - 10
i> 002A4B4E 51 - Vocal Virtuoso - Earn an Awesome rating on at least 90% of the phrases in 6 songs on Hard Vocals. - 15
i> 002A4B4E 52 - Vocal Apprentice - 5 Starred on Easy Vocals (or 3 Starred on a higher difficulty) 25 Rock Band 3 songs. - 20
i> 002A4B4E 53 - The Endless Setlist III - Sucessfully completed "The Endless Setlist III!" - 50
i> 002A4B4E 54 - Downloader - Played a downloaded song. - 20
i> 002A4B4E 55 - Mercurial Vocalist - Earned 5 stars on Vocals on a downloaded Queen song. - 30
i> 002A4B4E 56 - Live Free or Die - Beat all of the free downloadable songs for Rock Band. - 25
i> 002A4B4E 57 - Fistful of Awesome - Beat 5 downloaded songs. - 15
i> 002A4B4E 58 - Accountant's Dozen - Beat 12 downloaded songs. - 15
i> 002A4B4E 59 - Decent Collection - Beat 20 downloaded songs. - 15
i> 002A4B4E 60 - I Want It All - Play a downloaded Queen song. - 15
i> 002A4B4E 61 - Shameless Self-Promotion - Downloaded and played three songs from a band that has Harmonix team members in it.  - 15
i> 002A4B4E 62 - Just Another Band Out of Boston - 5 Star any Boston song. - 15
i> 002A4B4E 63 - Face Melter - Melted faces by beating three '80s Metal songs. - 25
i> 002A4B4E 64 - Dave Grohl Band - Beat 5 songs from any band that has had Dave Grohl as a member. - 30
i> 002A4B4E 65 - The Perfect Drug - Somehow managed a 200 note streak on "The Perfect Drug". - 30
i> 002A4B4E ----------------- END OF ACHIEVEMENTS ----------------
i> 002A4B4E RB3DX: MemAlloc probe installed via __savegprlr_23 override at 0x82829244 (filter lr=0x827BCD40)
i> 002A4B4E RB3DX: SI DLL-hook verify thread started (--si_hook_verify)
i> 002A4B4F SI HOOKVERIFY[0]: DLL-base word@0x84000000=0xEEEEEEEE (unmapped -- DLL NOT loaded)
w> 002A4B4F SI HOOKVERIFY H1 @0x8276FA08: word=0x7D8802A6 [STOCK mflr r12 -- NOT hooked (DLL not loaded / init skipped)]
w> 002A4B4F SI HOOKVERIFY H2 @0x82794740: word=0x7D8802A6 [STOCK mflr r12 -- NOT hooked (DLL not loaded / init skipped)]
i> 002A4B4E RB3DX: first-boot calibration skip thread started (--rb3dx_skip_calibration)
i> 002A4B4E Added handle:F8000024 for N2xe6kernel7XObjectE
F> 002A4B4E HostPathDevice::ResolvePath(\RB3Enhanced.dll)
F> 002A4B4E HostPathDevice::ResolvePath(\RB3Enhanced.dllp)
i> 002A4B4E Module \Device\Harddisk0\Partition1\RB3Enhanced.dll:
    Module Flags: 00000009
Security Header:
     Image Flags: 00000000
    Load Address: 84000000
      Image Size: 00850000
    Export Table: 00000000
Optional Header Count: 5
  XEX_HEADER_FILE_FORMAT_INFO (TODO):
  XEX_HEADER_ENTRY_POINT: 8401CF90
  XEX_HEADER_IMAGE_BASE_ADDRESS: 84000000
  XEX_HEADER_IMPORT_LIBRARIES:
    xam.xex - 84 imports
      Version: 0.0.21256.32
      Min Version: 0.0.1861.32
    xboxkrnl.exe - 52 imports
      Version: 0.0.21256.32
      Min Version: 0.0.1861.32
  XEX_HEADER_ORIGINAL_PE_NAME: RB3Enhanced.exe
Sections:
    0 RODATA    1 pages    84000000 - 84010000 (65536 bytes)
    1 CODE      1 pages    84010000 - 84020000 (65536 bytes)
    2 RWDATA    1 pages    84020000 - 84030000 (65536 bytes)
    3 RWDATA    1 pages    84030000 - 84040000 (65536 bytes)
    4 RWDATA    1 pages    84040000 - 84050000 (65536 bytes)
    5 RWDATA    1 pages    84050000 - 84060000 (65536 bytes)
    6 RWDATA    1 pages    84060000 - 84070000 (65536 bytes)
    7 RWDATA    1 pages    84070000 - 84080000 (65536 bytes)
    8 RWDATA    1 pages    84080000 - 84090000 (65536 bytes)
    9 RWDATA    1 pages    84090000 - 840A0000 (65536 bytes)
   10 RWDATA    1 pages    840A0000 - 840B0000 (65536 bytes)
   11 RWDATA    1 pages    840B0000 - 840C0000 (65536 bytes)
   12 RWDATA    1 pages    840C0000 - 840D0000 (65536 bytes)
   13 RWDATA    1 pages    840D0000 - 840E0000 (65536 bytes)
   14 RWDATA    1 pages    840E0000 - 840F0000 (65536 bytes)
   15 RWDATA    1 pages    840F0000 - 84100000 (65536 bytes)
   16 RWDATA    1 pages    84100000 - 84110000 (65536 bytes)
   17 RWDATA    1 pages    84110000 - 84120000 (65536 bytes)
   18 RWDATA    1 pages    84120000 - 84130000 (65536 bytes)
   19 RWDATA    1 pages    84130000 - 84140000 (65536 bytes)
   20 RWDATA    1 pages    84140000 - 84150000 (65536 bytes)
   21 RWDATA    1 pages    84150000 - 84160000 (65536 bytes)
   22 RWDATA    1 pages    84160000 - 84170000 (65536 bytes)
   23 RWDATA    1 pages    84170000 - 84180000 (65536 bytes)
   24 RWDATA    1 pages    84180000 - 84190000 (65536 bytes)
   25 RWDATA    1 pages    84190000 - 841A0000 (65536 bytes)
   26 RWDATA    1 pages    841A0000 - 841B0000 (65536 bytes)
   27 RWDATA    1 pages    841B0000 - 841C0000 (65536 bytes)
   28 RWDATA    1 pages    841C0000 - 841D0000 (65536 bytes)
   29 RWDATA    1 pages    841D0000 - 841E0000 (65536 bytes)
   30 RWDATA    1 pages    841E0000 - 841F0000 (65536 bytes)
   31 RWDATA    1 pages    841F0000 - 84200000 (65536 bytes)
   32 RWDATA    1 pages    84200000 - 84210000 (65536 bytes)
   33 RWDATA    1 pages    84210000 - 84220000 (65536 bytes)
   34 RWDATA    1 pages    84220000 - 84230000 (65536 bytes)
   35 RWDATA    1 pages    84230000 - 84240000 (65536 bytes)
   36 RWDATA    1 pages    84240000 - 84250000 (65536 bytes)
   37 RWDATA    1 pages    84250000 - 84260000 (65536 bytes)
   38 RWDATA    1 pages    84260000 - 84270000 (65536 bytes)
   39 RWDATA    1 pages    84270000 - 84280000 (65536 bytes)
   40 RWDATA    1 pages    84280000 - 84290000 (65536 bytes)
   41 RWDATA    1 pages    84290000 - 842A0000 (65536 bytes)
   42 RWDATA    1 pages    842A0000 - 842B0000 (65536 bytes)
   43 RWDATA    1 pages    842B0000 - 842C0000 (65536 bytes)
   44 RWDATA    1 pages    842C0000 - 842D0000 (65536 bytes)
   45 RWDATA    1 pages    842D0000 - 842E0000 (65536 bytes)
   46 RWDATA    1 pages    842E0000 - 842F0000 (65536 bytes)
   47 RWDATA    1 pages    842F0000 - 84300000 (65536 bytes)
   48 RWDATA    1 pages    84300000 - 84310000 (65536 bytes)
   49 RWDATA    1 pages    84310000 - 84320000 (65536 bytes)
   50 RWDATA    1 pages    84320000 - 84330000 (65536 bytes)
   51 RWDATA    1 pages    84330000 - 84340000 (65536 bytes)
   52 RWDATA    1 pages    84340000 - 84350000 (65536 bytes)
   53 RWDATA    1 pages    84350000 - 84360000 (65536 bytes)
   54 RWDATA    1 pages    84360000 - 84370000 (65536 bytes)
   55 RWDATA    1 pages    84370000 - 84380000 (65536 bytes)
   56 RWDATA    1 pages    84380000 - 84390000 (65536 bytes)
   57 RWDATA    1 pages    84390000 - 843A0000 (65536 bytes)
   58 RWDATA    1 pages    843A0000 - 843B0000 (65536 bytes)
   59 RWDATA    1 pages    843B0000 - 843C0000 (65536 bytes)
   60 RWDATA    1 pages    843C0000 - 843D0000 (65536 bytes)
   61 RWDATA    1 pages    843D0000 - 843E0000 (65536 bytes)
   62 RWDATA    1 pages    843E0000 - 843F0000 (65536 bytes)
   63 RWDATA    1 pages    843F0000 - 84400000 (65536 bytes)
   64 RWDATA    1 pages    84400000 - 84410000 (65536 bytes)
   65 RWDATA    1 pages    84410000 - 84420000 (65536 bytes)
   66 RWDATA    1 pages    84420000 - 84430000 (65536 bytes)
   67 RWDATA    1 pages    84430000 - 84440000 (65536 bytes)
   68 RWDATA    1 pages    84440000 - 84450000 (65536 bytes)
   69 RWDATA    1 pages    84450000 - 84460000 (65536 bytes)
   70 RWDATA    1 pages    84460000 - 84470000 (65536 bytes)
   71 RWDATA    1 pages    84470000 - 84480000 (65536 bytes)
   72 RWDATA    1 pages    84480000 - 84490000 (65536 bytes)
   73 RWDATA    1 pages    84490000 - 844A0000 (65536 bytes)
   74 RWDATA    1 pages    844A0000 - 844B0000 (65536 bytes)
   75 RWDATA    1 pages    844B0000 - 844C0000 (65536 bytes)
   76 RWDATA    1 pages    844C0000 - 844D0000 (65536 bytes)
   77 RWDATA    1 pages    844D0000 - 844E0000 (65536 bytes)
   78 RWDATA    1 pages    844E0000 - 844F0000 (65536 bytes)
   79 RWDATA    1 pages    844F0000 - 84500000 (65536 bytes)
   80 RWDATA    1 pages    84500000 - 84510000 (65536 bytes)
   81 RWDATA    1 pages    84510000 - 84520000 (65536 bytes)
   82 RWDATA    1 pages    84520000 - 84530000 (65536 bytes)
   83 RWDATA    1 pages    84530000 - 84540000 (65536 bytes)
   84 RWDATA    1 pages    84540000 - 84550000 (65536 bytes)
   85 RWDATA    1 pages    84550000 - 84560000 (65536 bytes)
   86 RWDATA    1 pages    84560000 - 84570000 (65536 bytes)
   87 RWDATA    1 pages    84570000 - 84580000 (65536 bytes)
   88 RWDATA    1 pages    84580000 - 84590000 (65536 bytes)
   89 RWDATA    1 pages    84590000 - 845A0000 (65536 bytes)
   90 RWDATA    1 pages    845A0000 - 845B0000 (65536 bytes)
   91 RWDATA    1 pages    845B0000 - 845C0000 (65536 bytes)
   92 RWDATA    1 pages    845C0000 - 845D0000 (65536 bytes)
   93 RWDATA    1 pages    845D0000 - 845E0000 (65536 bytes)
   94 RWDATA    1 pages    845E0000 - 845F0000 (65536 bytes)
   95 RWDATA    1 pages    845F0000 - 84600000 (65536 bytes)
   96 RWDATA    1 pages    84600000 - 84610000 (65536 bytes)
   97 RWDATA    1 pages    84610000 - 84620000 (65536 bytes)
   98 RWDATA    1 pages    84620000 - 84630000 (65536 bytes)
   99 RWDATA    1 pages    84630000 - 84640000 (65536 bytes)
  100 RWDATA    1 pages    84640000 - 84650000 (65536 bytes)
  101 RWDATA    1 pages    84650000 - 84660000 (65536 bytes)
  102 RWDATA    1 pages    84660000 - 84670000 (65536 bytes)
  103 RWDATA    1 pages    84670000 - 84680000 (65536 bytes)
  104 RWDATA    1 pages    84680000 - 84690000 (65536 bytes)
  105 RWDATA    1 pages    84690000 - 846A0000 (65536 bytes)
  106 RWDATA    1 pages    846A0000 - 846B0000 (65536 bytes)
  107 RWDATA    1 pages    846B0000 - 846C0000 (65536 bytes)
  108 RWDATA    1 pages    846C0000 - 846D0000 (65536 bytes)
  109 RWDATA    1 pages    846D0000 - 846E0000 (65536 bytes)
  110 RWDATA    1 pages    846E0000 - 846F0000 (65536 bytes)
  111 RWDATA    1 pages    846F0000 - 84700000 (65536 bytes)
  112 RWDATA    1 pages    84700000 - 84710000 (65536 bytes)
  113 RWDATA    1 pages    84710000 - 84720000 (65536 bytes)
  114 RWDATA    1 pages    84720000 - 84730000 (65536 bytes)
  115 RWDATA    1 pages    84730000 - 84740000 (65536 bytes)
  116 RWDATA    1 pages    84740000 - 84750000 (65536 bytes)
  117 RWDATA    1 pages    84750000 - 84760000 (65536 bytes)
  118 RWDATA    1 pages    84760000 - 84770000 (65536 bytes)
  119 RWDATA    1 pages    84770000 - 84780000 (65536 bytes)
  120 RWDATA    1 pages    84780000 - 84790000 (65536 bytes)
  121 RWDATA    1 pages    84790000 - 847A0000 (65536 bytes)
  122 RWDATA    1 pages    847A0000 - 847B0000 (65536 bytes)
  123 RWDATA    1 pages    847B0000 - 847C0000 (65536 bytes)
  124 RWDATA    1 pages    847C0000 - 847D0000 (65536 bytes)
  125 RWDATA    1 pages    847D0000 - 847E0000 (65536 bytes)
  126 RWDATA    1 pages    847E0000 - 847F0000 (65536 bytes)
  127 RWDATA    1 pages    847F0000 - 84800000 (65536 bytes)
  128 RWDATA    1 pages    84800000 - 84810000 (65536 bytes)
  129 RWDATA    1 pages    84810000 - 84820000 (65536 bytes)
  130 RWDATA    1 pages    84820000 - 84830000 (65536 bytes)
  131 RWDATA    1 pages    84830000 - 84840000 (65536 bytes)
  132 RWDATA    1 pages    84840000 - 84850000 (65536 bytes)
Imports:
 xam - 42 imports
   Version: 0.0.21256.32
   Min Version: 0.0.1861.32

         Total:   42
         Known:  100% (42 known, 0 unknown)
   Implemented:   73% (31 implemented, 11 unimplemented)

   F 84000400 8401F3B0 049 (  73)    NetDll_XNetGetTitleXnAddr
   F 84000404 8401F3C0 20A ( 522)    XamUserGetXUID
   F 84000408 8401F3D0 20E ( 526)    XamUserGetName
   F 8400040C 8401F3E0 2CA ( 714)    XamShowMessageBoxUI
   F 84000410 8401F3F0 2C1 ( 705)    XamShowKeyboardUI
   F 84000414 8401F400 001 (   1)    NetDll_WSAStartup
   F 84000418 8401F410 103 ( 259) !! NetDll_UpnpActionGetResults
   F 8400041C 8401F420 102 ( 258) !! NetDll_UpnpActionCreate
   F 84000420 8401F430 100 ( 256) !! NetDll_UpnpDescribeGetResults
   F 84000424 8401F440 0FF ( 255) !! NetDll_UpnpDescribeCreate
   F 84000428 8401F450 108 ( 264) !! NetDll_UpnpCloseHandle
   F 8400042C 8401F460 0FE ( 254) !! NetDll_UpnpSearchGetDevices
   F 84000430 8401F470 0FD ( 253) !! NetDll_UpnpSearchCreate
   F 84000434 8401F480 107 ( 263) !! NetDll_UpnpDoWork
   F 84000438 8401F490 0FB ( 251) !! NetDll_UpnpStartup
   F 8400043C 8401F4A0 25E ( 606)    XamContentGetDeviceData
   F 84000440 8401F4B0 25B ( 603)    XamContentDelete
   F 84000444 8401F4C0 003 (   3)    NetDll_socket
   F 84000448 8401F4D0 007 (   7)    NetDll_setsockopt
   F 8400044C 8401F4E0 033 (  51)    NetDll_XNetStartup
   F 84000450 8401F4F0 039 (  57)    NetDll_XNetXnAddrToInAddr
   F 84000454 8401F500 047 (  71)    NetDll_XNetQosServiceLookup
   F 84000458 8401F510 046 (  70) !! NetDll_XNetQosLookup
   F 8400045C 8401F520 210 ( 528)    XamUserGetSigninState
   F 84000460 8401F530 227 ( 551)    XamUserGetSigninInfo
   F 84000464 8401F540 2BF ( 703)    XamShowFriendsUI
   F 84000468 8401F550 13B ( 315) !! XNetLogonGetExtendedStatus
   F 8400046C 8401F560 004 (   4)    NetDll_closesocket
   F 84000470 8401F570 005 (   5)    NetDll_shutdown
   F 84000474 8401F580 00B (  11)    NetDll_bind
   F 84000478 8401F590 00C (  12)    NetDll_connect
   F 8400047C 8401F5A0 00D (  13)    NetDll_listen
   F 84000480 8401F5B0 00E (  14)    NetDll_accept
   F 84000484 8401F5C0 016 (  22)    NetDll_send
   F 84000488 8401F5D0 012 (  18)    NetDll_recv
   F 8400048C 8401F5E0 018 (  24)    NetDll_sendto
   F 84000490 8401F5F0 014 (  20)    NetDll_recvfrom
   F 84000494 8401F600 006 (   6)    NetDll_ioctlsocket
   F 84000498 8401F610 01B (  27)    NetDll_WSAGetLastError
   F 8400049C 8401F620 04E (  78)    NetDll_XNetGetOpt
   F 840004A0 8401F630 1A4 ( 420)    XamLoaderLaunchTitle
   F 840004A4 8401F640 193 ( 403)    XamInputGetKeystroke

 xboxkrnl - 26 imports
   Version: 0.0.21256.32
   Min Version: 0.0.1861.32

         Total:   26
         Known:  100% (26 known, 0 unknown)
   Implemented:   96% (25 implemented, 1 unimplemented)

   F 840004AC 8401F650 003 (   3)    DbgPrint
   F 840004B0 8401F660 256 ( 598)    XeKeysConsolePrivateKeySign
   F 840004B4 8401F670 182 ( 386)    XeCryptHmacSha
   F 840004B8 8401F680 159 ( 345)    XeCryptAesKey
   F 840004BC 8401F690 15B ( 347)    XeCryptAesCbc
   F 840004C0 8401F6A0 0BF ( 191) !! MmIsAddressValid
   F 840004C4 8401F6B0 103 ( 259)    ObCreateSymbolicLink
   F 840004C8 8401F6C0 12C ( 300)    RtlInitAnsiString
   F 840004CC 8401F6D0 197 ( 407)    XexGetProcedureAddress
   F 840004D0 8401F6E0 195 ( 405)    XexGetModuleHandle
   F 840004D4 8401F6F0 135 ( 309)    RtlNtStatusToDosError
   F 840004D8 8401F700 0D2 ( 210)    NtCreateFile
   F 840004DC 8401F710 0F0 ( 240)    NtReadFile
   F 840004E0 8401F720 0FF ( 255)    NtWriteFile
   F 840004E4 8401F730 0CF ( 207)    NtClose
   F 840004E8 8401F740 0E8 ( 232)    NtQueryInformationFile
   F 840004EC 8401F750 0F7 ( 247)    NtSetInformationFile
   F 840004F0 8401F760 0E7 ( 231)    NtQueryFullAttributesFile
   F 840004F4 8401F770 0E4 ( 228)    NtQueryDirectoryFile
   F 840004F8 8401F780 0DF ( 223)    NtOpenFile
   F 840004FC 8401F790 019 (  25)    ExTerminateThread
   F 84000500 8401F7A0 00D (  13)    ExCreateThread
   F 84000504 8401F7B0 05A (  90)    KeDelayExecutionThread
   F 84000508 8401F7C0 084 ( 132)    KeQuerySystemTime
   F 8400050C 8401F7D0 143 ( 323)    RtlUnicodeToMultiByteN
   F 84000510 8401F7E0 151 ( 337)    vswprintf

w> 002A4B4E SI LOADDLL: RB3Enhanced.dll loaded entry=0x8401CF90 is_dll=true head@0x84000000=0x4D5A9000
w> 002A4B4E SI LOADDLL: from-source path (b) armed -- host-emulated detours (map hookVAs) will be written mid-boot from the __savegprlr_23 override.
w> 002A4B4E SI LOADDLL: poked config.AllowSameInstrument @0x84829590 0 -> 1 (--si_force_allow_va; hook bodies armed)
i> 002A4B4E Added handle:F8000028 for N2xe6kernel7XObjectE
BOOT: Title loaded successfully
BOOT: Title ID: 0x45410914
BOOT: Title Name: Rock Band 3
BOOT: Kernel state initialized
i> 002A4B4E XThreadF8000028 (5) Stack: 70110000-70130000
i> 002A4B4E KernelState: Launching module...
i> 002A4B4E Added handle:F800002C for N2xe6kernel7XObjectE
K> F8000028 XThread::Execute thid 5 (handle=F8000028, 'Kernel Dispatch (F8000028)', native=2D7FB6C0, <host>)
i> 002A4B4E XThreadF800002C (6) Stack: 70150000-70190000
K> F800002C XThread::Execute thid 6 (handle=F800002C, 'Main XThread (F800002C)', native=1BBFE6C0)
i> 002A4B4E Title launched, entering main loop...
i> F800002C RB3DX ALLOC PROBE: savegprlr_23 warmup #1 lr=0x8282A318
i> F800002C RB3DX ALLOC PROBE: savegprlr_23 warmup #2 lr=0x8282A318
i> F800002C RB3DX ALLOC PROBE: savegprlr_23 warmup #3 lr=0x8282A318
i> F800002C RB3DX ALLOC PROBE: MemAlloc warmup #1 size=0x00000080 align=0 callerLR(r12)=0x827BB130 sp=0x7018FA50
i> F800002C RB3DX ALLOC PROBE: MemAlloc warmup #2 size=0x0000001C align=0 callerLR(r12)=0x827BAFA4 sp=0x7018F9C0
i> F800002C RB3DX ALLOC PROBE: MemAlloc warmup #3 size=0x0000001C align=0 callerLR(r12)=0x827BAFA4 sp=0x7018F9C0
i> F800002C RB3DX ALLOC PROBE: MemAlloc warmup #4 size=0x0000001C align=0 callerLR(r12)=0x827BAFA4 sp=0x7018F9C0
i> F800002C RB3DX ALLOC PROBE: MemAlloc warmup #5 size=0x0000001C align=0 callerLR(r12)=0x827BAFA4 sp=0x7018F9C0
i> F800002C Added handle:F8000030 for N2xe6kernel7XObjectE
i> F800002C Added handle:F8000034 for N2xe6kernel7XObjectE
i> F800002C Added handle:F8000038 for N2xe6kernel7XObjectE
i> F800002C XexLoadImage: 'xam.xex' flags=0x9 min_version=0
i> F800002C XexLoadImage: 'xam.xex' -> status=0x00000000 hmodule=0x00031000
F> F800002C HostPathDevice::ResolvePath(\gen\main_xbox.hdr)
i> F800002C NtCreateFile: d:\gen\patch_xbox.hdr disp=1
F> F800002C HostPathDevice::ResolvePath(\gen)
i> F800002C Added handle:F800003C for N2xe6kernel7XObjectE
i> F800002C Removed handle:F800003C for N2xe6kernel5XFileE
i> F800002C NtCreateFile: d:\gen\patch_xbox.hdr disp=1
F> F800002C HostPathDevice::ResolvePath(\gen)
i> F800002C Added handle:F800003C for N2xe6kernel7XObjectE
i> F800002C NtReadFile #1 tid=6 handle=0xF800003C len=131072 offset=0
i> F800002C NtReadFile #2 tid=6 handle=0xF800003C len=131072 offset=131072
i> F800002C NtReadFile #3 tid=6 handle=0xF800003C len=131072 offset=262144
i> F800002C NtReadFile #4 tid=6 handle=0xF800003C len=22528 offset=393216
w> F800002C NtReadFile RESULT handle=0xF800003C req_len=22528 offset=393216 -> status=0x00000000 bytes_read=22423
i> F800002C Removed handle:F800003C for N2xe6kernel5XFileE
i> F800002C NtCreateFile: d:\gen\main_xbox.hdr disp=1
F> F800002C HostPathDevice::ResolvePath(\gen)
i> F800002C Added handle:F800003C for N2xe6kernel7XObjectE
i> F800002C NtReadFile #5 tid=6 handle=0xF800003C len=131072 offset=0
i> F800002C NtReadFile #6 tid=6 handle=0xF800003C len=131072 offset=131072
i> F800002C NtReadFile #7 tid=6 handle=0xF800003C len=131072 offset=262144
i> F800002C NtReadFile #8 tid=6 handle=0xF800003C len=118784 offset=393216
w> F800002C NtReadFile RESULT handle=0xF800003C req_len=118784 offset=393216 -> status=0x00000000 bytes_read=118065
i> F800002C Removed handle:F800003C for N2xe6kernel5XFileE
i> F800002C NtCreateFile: d:\gen\main_xbox_0.ark disp=1
F> F800002C HostPathDevice::ResolvePath(\gen)
i> F800002C Added handle:F800003C for N2xe6kernel7XObjectE
i> F800002C NtCreateFile: d:\gen\main_xbox_0.ark disp=1
F> F800002C HostPathDevice::ResolvePath(\gen)
i> F800002C Added handle:F8000040 for N2xe6kernel7XObjectE
i> F800002C NtCreateFile: d:\gen\main_xbox_1.ark disp=1
F> F800002C HostPathDevice::ResolvePath(\gen)
i> F800002C Added handle:F8000044 for N2xe6kernel7XObjectE
i> F800002C NtCreateFile: d:\gen\main_xbox_1.ark disp=1
F> F800002C HostPathDevice::ResolvePath(\gen)
i> F800002C Added handle:F8000048 for N2xe6kernel7XObjectE
i> F800002C NtCreateFile: d:\gen\main_xbox_2.ark disp=1
F> F800002C HostPathDevice::ResolvePath(\gen)
i> F800002C Added handle:F800004C for N2xe6kernel7XObjectE
i> F800002C NtCreateFile: d:\gen\main_xbox_2.ark disp=1
F> F800002C HostPathDevice::ResolvePath(\gen)
i> F800002C Added handle:F8000050 for N2xe6kernel7XObjectE
i> F800002C NtCreateFile: d:\gen\main_xbox_3.ark disp=1
F> F800002C HostPathDevice::ResolvePath(\gen)
i> F800002C Added handle:F8000054 for N2xe6kernel7XObjectE
i> F800002C NtCreateFile: d:\gen\main_xbox_3.ark disp=1
F> F800002C HostPathDevice::ResolvePath(\gen)
i> F800002C Added handle:F8000058 for N2xe6kernel7XObjectE
i> F800002C NtCreateFile: d:\gen\main_xbox_4.ark disp=1
F> F800002C HostPathDevice::ResolvePath(\gen)
i> F800002C Added handle:F800005C for N2xe6kernel7XObjectE
i> F800002C NtCreateFile: d:\gen\main_xbox_4.ark disp=1
F> F800002C HostPathDevice::ResolvePath(\gen)
i> F800002C Added handle:F8000060 for N2xe6kernel7XObjectE
i> F800002C NtCreateFile: d:\gen\main_xbox_5.ark disp=1
F> F800002C HostPathDevice::ResolvePath(\gen)
i> F800002C Added handle:F8000064 for N2xe6kernel7XObjectE
i> F800002C NtCreateFile: d:\gen\main_xbox_5.ark disp=1
F> F800002C HostPathDevice::ResolvePath(\gen)
i> F800002C Added handle:F8000068 for N2xe6kernel7XObjectE
i> F800002C NtCreateFile: d:\gen\main_xbox_6.ark disp=1
F> F800002C HostPathDevice::ResolvePath(\gen)
i> F800002C Added handle:F800006C for N2xe6kernel7XObjectE
i> F800002C NtCreateFile: d:\gen\main_xbox_6.ark disp=1
F> F800002C HostPathDevice::ResolvePath(\gen)
i> F800002C Added handle:F8000070 for N2xe6kernel7XObjectE
i> F800002C NtCreateFile: d:\gen\main_xbox_7.ark disp=1
F> F800002C HostPathDevice::ResolvePath(\gen)
i> F800002C Added handle:F8000074 for N2xe6kernel7XObjectE
i> F800002C NtCreateFile: d:\gen\main_xbox_7.ark disp=1
F> F800002C HostPathDevice::ResolvePath(\gen)
i> F800002C Added handle:F8000078 for N2xe6kernel7XObjectE
i> F800002C NtCreateFile: d:\gen\main_xbox_8.ark disp=1
F> F800002C HostPathDevice::ResolvePath(\gen)
i> F800002C Added handle:F800007C for N2xe6kernel7XObjectE
i> F800002C NtCreateFile: d:\gen\main_xbox_8.ark disp=1
F> F800002C HostPathDevice::ResolvePath(\gen)
i> F800002C Added handle:F8000080 for N2xe6kernel7XObjectE
i> F800002C NtCreateFile: d:\gen\main_xbox_9.ark disp=1
F> F800002C HostPathDevice::ResolvePath(\gen)
i> F800002C Added handle:F8000084 for N2xe6kernel7XObjectE
i> F800002C NtCreateFile: d:\gen\main_xbox_9.ark disp=1
F> F800002C HostPathDevice::ResolvePath(\gen)
i> F800002C Added handle:F8000088 for N2xe6kernel7XObjectE
i> F800002C NtCreateFile: d:\gen\patch_xbox_0.ark disp=1
F> F800002C HostPathDevice::ResolvePath(\gen)
i> F800002C Added handle:F800008C for N2xe6kernel7XObjectE
i> F800002C NtCreateFile: d:\gen\patch_xbox_0.ark disp=1
F> F800002C HostPathDevice::ResolvePath(\gen)
i> F800002C Added handle:F8000090 for N2xe6kernel7XObjectE
i> F800002C NtReadFile #9 tid=6 handle=0xF8000044 len=65536 offset=0
i> F800002C NtReadFile #10 tid=6 handle=0xF800008C len=65536 offset=95682560
i> F800002C NtReadFile #11 tid=6 handle=0xF8000044 len=65536 offset=65536
i> F800002C NtReadFile #12 tid=6 handle=0xF800008C len=65536 offset=95748096
i> F800002C NtReadFile #13 tid=6 handle=0xF800008C len=65536 offset=589824
i> F800002C NtReadFile #14 tid=6 handle=0xF800008C len=65536 offset=655360
i> F800002C NtReadFile #15 tid=6 handle=0xF800008C len=65536 offset=65536
i> F800002C NtReadFile #16 tid=6 handle=0xF800008C len=65536 offset=12255232
i> F800002C NtReadFile #17 tid=6 handle=0xF800008C len=65536 offset=99680256
i> F800002C NtReadFile #18 tid=6 handle=0xF800008C len=65536 offset=0
i> F800002C NtReadFile #19 tid=6 handle=0xF8000044 len=65536 offset=131072
i> F800002C NtReadFile #20 tid=6 handle=0xF800008C len=65536 offset=5242880
i> F800002C NtReadFile #21 tid=6 handle=0xF8000044 len=65536 offset=196608
i> F800002C NtReadFile #22 tid=6 handle=0xF8000044 len=65536 offset=262144
i> 002A4B4F SI HOOKVERIFY[1]: DLL-base word@0x84000000=0x4D5A9000 (mapped)
w> 002A4B4F SI HOOKVERIFY H1 @0x8276FA08: word=0xEEEEEEEE [UNREADABLE (image not loaded here?)]
w> 002A4B4F SI HOOKVERIFY H2 @0x82794740: word=0xEEEEEEEE [UNREADABLE (image not loaded here?)]
i> F800002C NtReadFile #23 tid=6 handle=0xF8000044 len=65536 offset=327680
i> F800002C NtReadFile #24 tid=6 handle=0xF8000044 len=65536 offset=393216
i> F800002C NtReadFile #25 tid=6 handle=0xF8000044 len=65536 offset=458752
i> F800002C NtReadFile #26 tid=6 handle=0xF8000044 len=65536 offset=524288
i> F800002C NtReadFile #27 tid=6 handle=0xF800008C len=65536 offset=259588096
i> F800002C NtReadFile #28 tid=6 handle=0xF800008C len=65536 offset=259653632
i> F800002C NtReadFile #29 tid=6 handle=0xF800008C len=65536 offset=259719168
i> F800002C NtReadFile #30 tid=6 handle=0xF800008C len=65536 offset=104857600
i> F800002C NtReadFile #31 tid=6 handle=0xF800008C len=65536 offset=104923136
i> F800002C NtReadFile #32 tid=6 handle=0xF8000044 len=65536 offset=720896
i> F800002C NtReadFile #33 tid=6 handle=0xF8000074 len=65536 offset=26411008
i> F800002C NtReadFile #34 tid=6 handle=0xF8000074 len=65536 offset=26476544
i> 002A4B4F SI HOOKVERIFY[2]: DLL-base word@0x84000000=0x4D5A9000 (mapped)
w> 002A4B4F SI HOOKVERIFY H1 @0x8276FA08: word=0xEEEEEEEE [UNREADABLE (image not loaded here?)]
w> 002A4B4F SI HOOKVERIFY H2 @0x82794740: word=0xEEEEEEEE [UNREADABLE (image not loaded here?)]
i> F800002C Added handle:F8000094 for N2xe6kernel7XObjectE
i> F800002C XThreadF8000094 (7) Stack: 701B0000-701F0000
i> F800002C ExCreateThread: start=0x8252A3B0 ctx=0x00000000 flags=0x1 stack=262144 -> tid=7
K> F8000094 XThread::Execute thid 7 (handle=F8000094, 'XThread1ABFD6C0 (F8000094)', native=1ABFD6C0)
w> F800002C SI LOADDLL: (b) mid-boot detour IsActive 0x826684C0 -> 0x840191A8 (word=0x499B0CE8, MemAlloc #800)
w> F800002C SI LOADDLL: (b) mid-boot detour ResolveWaitStates 0x825B6488 -> 0x840191E8 (word=0x49A62D60, MemAlloc #800)
w> F800002C SI LOADDLL: (b) mid-boot detour H1 ProcessConfig 0x8276FA08 -> 0x84019780 (word=0x498A9D78, MemAlloc #800)
w> F800002C SI LOADDLL: (b) mid-boot detour H2 RecalcGemList 0x82794740 -> 0x84019450 (word=0x49884D10, MemAlloc #800)
w> F800002C SI LOADDLL: (b) from-source detours installed mid-boot. H1@0x8276FA08=0x498A9D78 H2@0x82794740=0x49884D10 (verify with --si_hook_verify)
i> F8000094 XamInputGetState DIAG: user=0 poll#0 result=0x0000048F
i> F8000094 XamInputGetState DIAG: user=1 poll#0 result=0x0000048F
i> F8000094 XamInputGetState DIAG: user=2 poll#0 result=0x0000048F
i> F8000094 XamInputGetState DIAG: user=3 poll#0 result=0x0000048F
!> F800002C RB3DX ALLOC PROBE: SUSPICIOUS call #814 size=0x0112A880 (18000000) align=0 callerLR=0x827BAF28 sp=0x7018F400
!> F800002C RB3DX ALLOC PROBE:   frame[0] entry_sp=0x7018F480 ret=0x827BAD40
!> F800002C RB3DX ALLOC PROBE:   frame[1] entry_sp=0x7018F4F0 ret=0x827BAE84
!> F800002C RB3DX ALLOC PROBE:   frame[2] entry_sp=0x7018F550 ret=0x827BB164
!> F800002C RB3DX ALLOC PROBE:   frame[3] entry_sp=0x7018F5D0 ret=0x822707EC
!> F800002C RB3DX ALLOC PROBE:   frame[4] entry_sp=0x7018F650 ret=0x82270B48
!> F800002C RB3DX ALLOC PROBE:   frame[5] entry_sp=0x7018F6C0 ret=0x822C6978
!> F800002C RB3DX ALLOC PROBE:   frame[6] entry_sp=0x7018F740 ret=0x824172E0
!> F800002C RB3DX ALLOC PROBE:   frame[7] entry_sp=0x7018F7D0 ret=0x82417444
!> F800002C RB3DX ALLOC PROBE:   frame[8] entry_sp=0x7018F880 ret=0x824176C4
!> F800002C RB3DX ALLOC PROBE:   frame[9] entry_sp=0x7018F920 ret=0x824166E0
!> F800002C RB3DX ALLOC PROBE:   [sp+0x004]=0x82C70000
!> F800002C RB3DX ALLOC PROBE:   [sp+0x018]=0x827BB164
!> F800002C RB3DX ALLOC PROBE:   [sp+0x024]=0x82CC9C4C
!> F800002C RB3DX ALLOC PROBE:   [sp+0x04C]=0x82E00000
!> F800002C RB3DX ALLOC PROBE:   [sp+0x078]=0x827BAD40
!> F800002C RB3DX ALLOC PROBE:   [sp+0x0B8]=0x827BB164
!> F800002C RB3DX ALLOC PROBE:   [sp+0x0DC]=0x82E00000
!> F800002C RB3DX ALLOC PROBE:   [sp+0x0E8]=0x827BAE84
!> F800002C RB3DX ALLOC PROBE:   [sp+0x11C]=0x82E04B78
!> F800002C RB3DX ALLOC PROBE:   [sp+0x148]=0x827BB164
!> F800002C RB3DX ALLOC PROBE:   [sp+0x158]=0x823D3370
!> F800002C RB3DX ALLOC PROBE:   [sp+0x178]=0x827BAD40
!> F800002C RB3DX ALLOC PROBE:   r0 -r7  00000000 7018F400 00000000 0112A880 00000000 7018F714 7018F790 00000000
!> F800002C RB3DX ALLOC PROBE:   r8 -r15 402FC910 82E00000 00000000 82C80000 827BAF28 00044000 00000000 00000000
!> F800002C RB3DX ALLOC PROBE:   r16-r23 00000000 00000000 00000000 00000000 00000000 7018FD40 00000000 00000000
!> F800002C RB3DX ALLOC PROBE:   r24-r31 00000000 4035FCF0 42294938 42294958 00000280 82E00000 82E00000 82C78DE4
!> F800002C RB3DX ALLOC PROBE:   GetFileSize@82840070 UNREADABLE
!> F800002C RB3DX ALLOC PROBE:   QuerySize64@8284BC68 UNREADABLE
!> F800002C RB3DX ALLOC PROBE:   ThreadGetFileSize.store@827DA84C UNREADABLE
!> F800002C RB3DX ALLOC PROBE:   NtQIF.thunk@82C4C46C UNREADABLE
!> F800002C RB3DX ALLOC PROBE:   NtDispatchTbl@82C7AA78+0x1C UNREADABLE
!> F800002C RB3DX ALLOC PROBE:   gNtDispatchPtr@82C7AAA8 UNREADABLE
i> F8000094 XamInputGetState DIAG: user=0 poll#1 result=0x0000048F
i> F8000094 XamInputGetState DIAG: user=1 poll#1 result=0x0000048F
i> F8000094 XamInputGetState DIAG: user=2 poll#1 result=0x0000048F
i> F8000094 XamInputGetState DIAG: user=3 poll#1 result=0x0000048F
i> F8000094 XamInputGetState DIAG: user=0 poll#2 result=0x0000048F
i> F8000094 XamInputGetState DIAG: user=1 poll#2 result=0x0000048F
i> F8000094 XamInputGetState DIAG: user=2 poll#2 result=0x0000048F
i> F8000094 XamInputGetState DIAG: user=3 poll#2 result=0x0000048F
i> F800002C VdInitializeEngines called: unk0=0x2B9C0000, callback=0x8286D468
i> F800002C VdSetGraphicsInterruptCallback: callback=0x82866658, user_data=0x433D8500
G> F800002C SetInterruptCallback(82866658, 433D8500)
i> F800002C VdInitializeRingBuffer: ptr=0x1FC9D000, size_log2=12
i> F800002C Added handle:F8000098 for N2xe6kernel7XObjectE
i> F800002C XThreadF8000098 (8) Stack: 70210000-70220000
i> F800002C ExCreateThread: start=0x8286C520 ctx=0x433DB218 flags=0x0 stack=65536 -> tid=8
K> F8000098 XThread::Execute thid 8 (handle=F8000098, 'XThread193FA6C0 (F8000098)', native=193FA6C0)
i> F800002C Added handle:F800009C for N2xe6kernel7XObjectE
i> F800002C XThreadF800009C (9) Stack: 70240000-70250000
i> F800002C ExCreateThread: start=0x8286C520 ctx=0x433DB284 flags=0x0 stack=65536 -> tid=9
K> F800009C XThread::Execute thid 9 (handle=F800009C, 'XThreadBFFF6C0 (F800009C)', native=0BFFF6C0)
i> F8000098 Added handle:F80000A0 for N2xe6kernel7XObjectE
i> F800009C Added handle:F80000A4 for N2xe6kernel7XObjectE
w> F8000004 GPU: Write to unknown register (0081 = 80010000)
w> F8000004 GPU: Write to unknown register (0082 = 00000000)
i> F8000004 NullGPU: LoadShader #1 type=0 addr=0x1FC97014 dwords=24
i> F8000004 NullGPU: LoadShader #2 type=1 addr=0x1FC97080 dwords=9
i> F8000004 NullGPU: IssueDraw #1 prim=1 indices=1
i> F8000004 NullGPU: IssueDraw #2 prim=1 indices=1
i> F8000004 NullGPU: IssueDraw #3 prim=1 indices=1
i> F8000004 NullGPU: IssueDraw #4 prim=1 indices=1
i> F8000004 NullGPU: IssueDraw #5 prim=1 indices=1
i> F800002C VdSwap(BDC902EC, 7018F790, FFC9B008, 7018F7E0, BEEF0001, 7018F780, 7018F77C, 7018F778, 7018F770, 7018F774)
i> F800002C VdSwap #1 tid=6 1280x720
i> F8000004 NullGPU: LoadShader #3 type=0 addr=0x1FC97014 dwords=24
i> F8000004 NullGPU: LoadShader #4 type=1 addr=0x1FC97080 dwords=9
i> F8000004 XE_SWAP
i> F8000004 NullGPU: IssueSwap #1 fb_ptr=0x1CE30000 1280x720
w> F8000004 GPU: Write to unknown register (1E4E = 00000000)
i> F800002C NtReadFile #35 tid=6 handle=0xF800003C len=65536 offset=14942208
i> F800002C NtReadFile #36 tid=6 handle=0xF800003C len=65536 offset=15007744
i> F800002C NtReadFile #37 tid=6 handle=0xF800003C len=65536 offset=15073280
w> F800002C NtReadFile RESULT handle=0xF800003C req_len=65536 offset=15073280 -> status=0x00000000 bytes_read=42995
i> F8000098 VdSwap(BDD102E4, 7021FCC0, FFC9B008, 7021FD10, BEEF0001, 7021FCB0, 7021FCAC, 7021FCA8, 7021FCA0, 7021FCA4)
i> F8000098 VdSwap #2 tid=8 1280x720
i> F8000004 XE_SWAP
i> F8000004 NullGPU: IssueSwap #2 fb_ptr=0x1CE30000 1280x720
i> F8000098 VdSwap(BDD903A4, 7021FCC0, FFC9B008, 7021FD10, BEEF0001, 7021FCB0, 7021FCAC, 7021FCA8, 7021FCA0, 7021FCA4)
i> F8000098 VdSwap #3 tid=8 1280x720
i> F8000004 XE_SWAP
i> F8000004 NullGPU: IssueSwap #3 fb_ptr=0x1CE30000 1280x720
i> F800002C Added handle:F80000A8 for N2xe6kernel7XObjectE
i> F800002C XThreadF80000A8 (A) Stack: 70270000-702B0000
i> F800002C ExCreateThread: start=0x82BF3B60 ctx=0x433C36D0 flags=0x1 stack=262144 -> tid=10
i> F800002C MainThread KeWait #1 obj_ptr=0x433C3CD4 timeout=-999
i> F800002C Added handle:F80000AC for N2xe6kernel7XObjectE
K> F80000A8 XThread::Execute thid 10 (handle=F80000A8, 'XThreadAFFE6C0 (F80000A8)', native=0AFFE6C0)
i> F800002C MainThread KeWait RETURNED obj_ptr=0x433C3CD4 result=0x0
i> F80000A8 Added handle:F80000B0 for N2xe6kernel7XObjectE
i> F80000A8 Added handle:F80000B4 for N2xe6kernel7XObjectE
i> F80000A8 Added handle:F80000B8 for N2xe6kernel7XObjectE
i> F800002C XAudioRegisterRenderDriverClient: CreateDriver failed (C0000002), returning dummy handle
i> F8000098 VdSwap(BDE10414, 7021FCC0, FFC9B008, 7021FD10, BEEF0001, 7021FCB0, 7021FCAC, 7021FCA8, 7021FCA0, 7021FCA4)
i> F8000098 VdSwap #4 tid=8 1280x720
i> F8000004 XE_SWAP
i> F8000004 NullGPU: IssueSwap #4 fb_ptr=0x1CE30000 1280x720
w> F80000A8 XMA: Write to unknown register (0601): 00000002
w> F80000A8 XMA: Write to unknown register (0601): 00000003
i> F80000A8 Added handle:F80000BC for N2xe6kernel7XObjectE
i> F8000098 VdSwap(BDE90494, 7021FCC0, FFC9B008, 7021FD10, BEEF0001, 7021FCB0, 7021FCAC, 7021FCA8, 7021FCA0, 7021FCA4)
i> F8000098 VdSwap #5 tid=8 1280x720
i> F8000004 XE_SWAP
i> F8000004 NullGPU: IssueSwap #5 fb_ptr=0x1CE30000 1280x720
w> F800002C JIT direct call to executable non-.text target 82C4F8F8 from fn 00000000 (exec_non_text)
w> F800002C JIT direct call to executable non-.text target 82C4FE00 from fn 00000000 (exec_non_text)
w> F800002C JIT direct call to executable non-.text target 82C4FE00 from fn 00000000 (exec_non_text)
w> F800002C ResolveFunction(82C4F8F8) from 827459E0: executable target outside .text (exec_non_text)
w> F800002C JIT direct call to executable non-.text target 82C4D098 from fn 00000000 (exec_non_text)
w> F800002C ResolveFunction(82C4D098) from 827459E4: executable target outside .text (exec_non_text)
w> F800002C ResolveFunction(82C50C20) from 82C4D104: executable target outside .text (exec_non_text)
w> F800002C ResolveFunction(82C4FE00) from 827459F8: executable target outside .text (exec_non_text)
w> F800002C JIT direct call to executable non-.text target 82C57718 from fn 00000000 (exec_non_text)
w> F800002C ResolveFunction(82C57718) from 827459F8: executable target outside .text (exec_non_text)
w> F800002C JIT direct call to executable non-.text target 82C573A0 from fn 00000000 (exec_non_text)
w> F800002C JIT direct call to executable non-.text target 82C573A0 from fn 00000000 (exec_non_text)
w> F800002C JIT direct call to executable non-.text target 82C574A8 from fn 00000000 (exec_non_text)
w> F800002C JIT direct call to executable non-.text target 82C57420 from fn 00000000 (exec_non_text)
w> F800002C ResolveFunction(82C573A0) from 82C5779C: executable target outside .text (exec_non_text)
i> F800002C Added handle:F80000C0 for N2xe6kernel7XObjectE
i> F800002C Added handle:F80000C4 for N2xe6kernel7XObjectE
w> F800002C ResolveFunction(82C574A8) from 82C577D4: executable target outside .text (exec_non_text)
i> F800002C Added handle:F80000C8 for N2xe6kernel7XObjectE
i> F800002C XThreadF80000C8 (B) Stack: 702D0000-70310000
i> F800002C ExCreateThread: start=0x82C57480 ctx=0x00000002 flags=0x0 stack=262144 -> tid=11
K> F80000C8 XThread::Execute thid 11 (handle=F80000C8, 'XThread9FFD6C0 (F80000C8)', native=09FFD6C0)
i> F800002C Added handle:F80000CC for N2xe6kernel7XObjectE
i> F800002C Added handle:F80000D0 for N2xe6kernel7XObjectE
i> F800002C Added handle:F80000D4 for N2xe6kernel7XObjectE
i> F800002C XThreadF80000D4 (C) Stack: 70330000-70370000
i> F800002C ExCreateThread: start=0x82C57480 ctx=0x00000004 flags=0x0 stack=262144 -> tid=12
K> F80000D4 XThread::Execute thid 12 (handle=F80000D4, 'XThreadFBFFF6C0 (F80000D4)', native=FBFFF6C0)
i> F800002C Added handle:F80000D8 for N2xe6kernel7XObjectE
i> F800002C Added handle:F80000DC for N2xe6kernel7XObjectE
i> F800002C NtReadFile #38 tid=6 handle=0xF800008C len=65536 offset=410124288
i> F800002C NtReadFile #39 tid=6 handle=0xF800008C len=65536 offset=410189824
!> F800002C RB3DX ALLOC PROBE: BIG call #1396 size=0x00FFFFFF (16777215) align=0 callerLR=0x827BD028 sp=0x7018F590
!> F800002C RB3DX ALLOC PROBE:   frame[0] entry_sp=0x7018F610 ret=0x827CB440
!> F800002C RB3DX ALLOC PROBE:   frame[1] entry_sp=0x7018F6A0 ret=0x82757178
!> F800002C RB3DX ALLOC PROBE:   frame[2] entry_sp=0x7018F7D0 ret=0x827BF38C
!> F800002C RB3DX ALLOC PROBE:   frame[3] entry_sp=0x7018F850 ret=0x827BF668
!> F800002C RB3DX ALLOC PROBE:   frame[4] entry_sp=0x7018F8E0 ret=0x82757B4C
!> F800002C RB3DX ALLOC PROBE:   frame[5] entry_sp=0x7018F9F0 ret=0x82741D64
!> F800002C RB3DX ALLOC PROBE:   frame[6] entry_sp=0x7018FAA0 ret=0x82270FD0
!> F800002C RB3DX ALLOC PROBE:   frame[7] entry_sp=0x7018FCF0 ret=0x82272E8C
!> F800002C RB3DX ALLOC PROBE:   frame[8] entry_sp=0x7018FD60 ret=0x8283CEB0
!> F800002C RB3DX ALLOC PROBE:   frame[9] entry_sp=0x7018FF50 ret=0xBCBCBCBC
!> F800002C RB3DX ALLOC PROBE:   [sp+0x008]=0x8252E0C8
!> F800002C RB3DX ALLOC PROBE:   [sp+0x014]=0x82CCA4B0
!> F800002C RB3DX ALLOC PROBE:   [sp+0x018]=0x827BE51C
!> F800002C RB3DX ALLOC PROBE:   [sp+0x024]=0x82E4CEF0
!> F800002C RB3DX ALLOC PROBE:   [sp+0x078]=0x827CB440
!> F800002C RB3DX ALLOC PROBE:   [sp+0x07C]=0x82CD0000
!> F800002C RB3DX ALLOC PROBE:   [sp+0x088]=0x82757628
!> F800002C RB3DX ALLOC PROBE:   [sp+0x094]=0x820116D7
!> F800002C RB3DX ALLOC PROBE:   [sp+0x098]=0x8283098C
!> F800002C RB3DX ALLOC PROBE:   [sp+0x09C]=0x82CC9D1C
!> F800002C RB3DX ALLOC PROBE:   [sp+0x0C8]=0x827BB164
!> F800002C RB3DX ALLOC PROBE:   [sp+0x0FC]=0x82E06E38
!> F800002C RB3DX ALLOC PROBE:   [sp+0x108]=0x82757178
!> F800002C RB3DX ALLOC PROBE:   [sp+0x118]=0x827BB8C4
!> F800002C RB3DX ALLOC PROBE:   [sp+0x138]=0x827BB8C4
!> F800002C RB3DX ALLOC PROBE:   [sp+0x148]=0x8252016C
!> F800002C RB3DX ALLOC PROBE:   r0 -r7  00000000 7018F590 00000000 00FFFFFF 00000000 00000013 00028FC9 1C001C00
!> F800002C RB3DX ALLOC PROBE:   r8 -r15 00000078 CABEDEAF 00000000 00000001 827BD028 00044000 00000000 00000000
!> F800002C RB3DX ALLOC PROBE:   r16-r23 00000000 00000000 00000000 00000000 00000000 7018FD40 82CC9D1C 00000000
!> F800002C RB3DX ALLOC PROBE:   r24-r31 00000000 00000000 00000003 00000000 00000002 00000000 00FFFFFF 7018F590
!> F800002C RB3DX ALLOC PROBE:   GetFileSize@82840070 UNREADABLE
!> F800002C RB3DX ALLOC PROBE:   QuerySize64@8284BC68 UNREADABLE
!> F800002C RB3DX ALLOC PROBE:   ThreadGetFileSize.store@827DA84C UNREADABLE
!> F800002C RB3DX ALLOC PROBE:   NtQIF.thunk@82C4C46C UNREADABLE
!> F800002C RB3DX ALLOC PROBE:   NtDispatchTbl@82C7AA78+0x1C UNREADABLE
!> F800002C RB3DX ALLOC PROBE:   gNtDispatchPtr@82C7AAA8 UNREADABLE
!> F800002C RB3DX ALLOC PROBE:   frame1 saved r30 (state-machine this) = 0x82E06E38
i> F800002C NtReadFile #40 tid=6 handle=0xF800008C len=65536 offset=410255360
i> F800002C NtReadFile #41 tid=6 handle=0xF800008C len=65536 offset=410320896
i> F800002C NtReadFile #42 tid=6 handle=0xF800008C len=65536 offset=410386432
i> F800002C NtReadFile #43 tid=6 handle=0xF800008C len=65536 offset=410451968
i> F800002C NtReadFile #44 tid=6 handle=0xF800008C len=65536 offset=410517504
i> F800002C NtReadFile #45 tid=6 handle=0xF800008C len=65536 offset=410583040
i> F800002C NtReadFile #46 tid=6 handle=0xF800008C len=65536 offset=410648576
i> F800002C NtReadFile #47 tid=6 handle=0xF800008C len=65536 offset=410714112
i> F800002C NtReadFile #48 tid=6 handle=0xF800008C len=65536 offset=410779648
i> F800002C NtReadFile #49 tid=6 handle=0xF800008C len=65536 offset=410845184
i> F800002C NtReadFile #50 tid=6 handle=0xF800008C len=65536 offset=410910720
i> F800002C NtReadFile #51 tid=6 handle=0xF800008C len=65536 offset=410976256
i> F800002C NtReadFile #52 tid=6 handle=0xF800008C len=65536 offset=411041792
i> F800002C NtReadFile #53 tid=6 handle=0xF800008C len=65536 offset=411107328
i> F800002C NtReadFile #54 tid=6 handle=0xF800008C len=65536 offset=411172864
i> F800002C NtReadFile #55 tid=6 handle=0xF800008C len=65536 offset=411238400
i> F800002C NtReadFile #56 tid=6 handle=0xF800008C len=65536 offset=411303936
i> F800002C NtReadFile #57 tid=6 handle=0xF800008C len=65536 offset=411369472
i> F800002C NtReadFile #58 tid=6 handle=0xF800008C len=65536 offset=411435008
i> F800002C NtReadFile #59 tid=6 handle=0xF800008C len=65536 offset=411500544
i> F800002C NtReadFile #60 tid=6 handle=0xF800008C len=65536 offset=411566080
i> F800002C NtReadFile #61 tid=6 handle=0xF800008C len=65536 offset=411631616
i> F800002C NtReadFile #62 tid=6 handle=0xF800008C len=65536 offset=411697152
i> F800002C NtReadFile #63 tid=6 handle=0xF800008C len=65536 offset=411762688
i> F800002C NtReadFile #64 tid=6 handle=0xF800008C len=65536 offset=411828224
i> F800002C NtReadFile #65 tid=6 handle=0xF800008C len=65536 offset=411893760
i> F800002C NtReadFile #66 tid=6 handle=0xF800008C len=65536 offset=411959296
w> F80000C8 ResolveFunction(82C57480) from 8284D6D8: executable target outside .text (exec_non_text)
i> F800002C NtReadFile #67 tid=6 handle=0xF800008C len=65536 offset=412024832
w> F80000C8 JIT direct call to executable non-.text target 82C4FE08 from fn 00000000 (exec_non_text)
w> F80000C8 ResolveFunction(82C4FE08) from 82C5748C: executable target outside .text (exec_non_text)
w> F80000C8 JIT direct call to executable non-.text target 82C57898 from fn 00000000 (exec_non_text)
w> F80000C8 JIT direct call to executable non-.text target 82C4F0B0 from fn 00000000 (exec_non_text)
w> F80000D4 ResolveFunction(82C4FE08) from 82C5748C: executable target outside .text (exec_non_text)
w> F80000C8 JIT direct call to executable non-.text target 82C57810 from fn 00000000 (exec_non_text)
w> F80000C8 ResolveFunction(82C57898) from 82C4FE3C: executable target outside .text (exec_non_text)
w> F80000C8 JIT direct call to executable non-.text target 82C57618 from fn 00000000 (exec_non_text)
i> F8000098 VdSwap(BDF10514, 7021FCC0, FFC9B008, 7021FD10, BEEF0001, 7021FCB0, 7021FCAC, 7021FCA8, 7021FCA0, 7021FCA4)
i> F8000098 VdSwap #6 tid=8 1280x720
i> F8000004 XE_SWAP
i> F8000098 VdSwap(BDF90594, 7021FCC0, FFC9B008, 7021FD10, BEEF0001, 7021FCB0, 7021FCAC, 7021FCA8, 7021FCA0, 7021FCA4)
i> F8000098 VdSwap #7 tid=8 1280x720
i> F8000004 XE_SWAP
w> F800002C JIT direct call to executable non-.text target 82C4D638 from fn 00000000 (exec_non_text)
w> F800002C JIT direct call to executable non-.text target 82C4DA40 from fn 00000000 (exec_non_text)
w> F800002C JIT direct call to executable non-.text target 82C50C48 from fn 00000000 (exec_non_text)
w> F800002C JIT direct call to executable non-.text target 82C51858 from fn 00000000 (exec_non_text)
w> F800002C JIT direct call to executable non-.text target 82C50C78 from fn 00000000 (exec_non_text)
w> F800002C JIT direct call to executable non-.text target 82C50C78 from fn 00000000 (exec_non_text)
w> F800002C JIT direct call to executable non-.text target 82C50C78 from fn 00000000 (exec_non_text)
w> F800002C JIT direct call to executable non-.text target 82C50D20 from fn 00000000 (exec_non_text)
w> F800002C JIT direct call to executable non-.text target 82C50D20 from fn 00000000 (exec_non_text)
w> F800002C JIT direct call to executable non-.text target 82C51108 from fn 00000000 (exec_non_text)
w> F800002C ResolveFunction(82C50D20) from 82C4DFA8: executable target outside .text (exec_non_text)
i> F8000098 VdSwap(BE010614, 7021FCC0, FFC9B008, 7021FD10, BEEF0001, 7021FCB0, 7021FCAC, 7021FCA8, 7021FCA0, 7021FCA4)
i> F8000098 VdSwap #8 tid=8 1280x720
i> F8000004 XE_SWAP
i> F800002C Added handle:F80000E0 for N2xe6kernel7XObjectE
i> F800002C XThreadF80000E0 (D) Stack: 70390000-703A0000
i> F800002C ExCreateThread: start=0x82C51060 ctx=0x82C60108 flags=0x1 stack=32768 -> tid=13
i> F800002C Added handle:F80000E4 for N2xe6kernel7XObjectE
i> F800002C Added handle:F80000E8 for N2xe6kernel7XObjectE
K> F80000E0 XThread::Execute thid 13 (handle=F80000E0, 'XThreadFAFFE6C0 (F80000E0)', native=FAFFE6C0)
i> F800002C Added handle:F80000EC for N2xe6kernel7XObjectE
w> F800002C JIT direct call to executable non-.text target 82C4D918 from fn 00000000 (exec_non_text)
w> F800002C ResolveFunction(82C4D918) from 82743FC0: executable target outside .text (exec_non_text)
i> F800002C MainThread NtWait #1 handle=0xF80000EC timeout=-999 obj=0x7fc7140ed970 type=6 guest_lr=82844CF8
i> F800002C MainThread NtWait RETURNED handle=0xF80000EC result=0x0
w> F800002C JIT direct call to executable non-.text target 82C50488 from fn 00000000 (exec_non_text)
w> F800002C JIT direct call to executable non-.text target 82C514E8 from fn 00000000 (exec_non_text)
i> F800002C MainThread NtWait #2 handle=0xF80000EC timeout=-999 obj=0x7fc7140ed970 type=6 guest_lr=82844CF8
i> F800002C MainThread NtWait RETURNED handle=0xF80000EC result=0x0
w> F800002C ResolveFunction(82C4D208) from 82C4F59C: executable target outside .text (exec_non_text)
i> F800002C NtSetEvent #1 tid=6 handle=0xF80000DC obj=0x7fc7141d1da0
i> F800002C Added handle:F80000F0 for N2xe6kernel7XObjectE
i> F800002C XThreadF80000F0 (E) Stack: 703C0000-70400000
i> F800002C ExCreateThread: start=0x82742968 ctx=0x7018FB90 flags=0x1 stack=262144 -> tid=14
K> F80000F0 XThread::Execute thid 14 (handle=F80000F0, 'XThreadF9FFD6C0 (F80000F0)', native=F9FFD6C0)
i> F800002C MainThread NtWait #3 handle=0xF80000D8 timeout=-999 obj=0x7fc714014500 type=2 guest_lr=82844CF8
i> F8000098 VdSwap(BE090694, 7021FCC0, FFC9B008, 7021FD10, BEEF0001, 7021FCB0, 7021FCAC, 7021FCA8, 7021FCA0, 7021FCA4)
i> F8000098 VdSwap #9 tid=8 1280x720
i> F8000004 XE_SWAP
i> F80000F0 NtSetEvent #2 tid=14 handle=0xF80000D8 obj=0x7fc714014500
i> F800002C MainThread NtWait RETURNED handle=0xF80000D8 result=0x0
i> F800002C NtReadFile #68 tid=6 handle=0xF800008C len=65536 offset=626982912
!> F800002C RB3DX ALLOC PROBE: BIG call #1488 size=0x00FFFFFF (16777215) align=0 callerLR=0x827BD028 sp=0x7018F530
!> F800002C RB3DX ALLOC PROBE:   frame[0] entry_sp=0x7018F5B0 ret=0x827CB440
!> F800002C RB3DX ALLOC PROBE:   frame[1] entry_sp=0x7018F640 ret=0x8275712C
!> F800002C RB3DX ALLOC PROBE:   frame[2] entry_sp=0x7018F770 ret=0x827BF38C
!> F800002C RB3DX ALLOC PROBE:   frame[3] entry_sp=0x7018F7F0 ret=0x827BF668
!> F800002C RB3DX ALLOC PROBE:   frame[4] entry_sp=0x7018F880 ret=0x82757B4C
!> F800002C RB3DX ALLOC PROBE:   frame[5] entry_sp=0x7018F990 ret=0x82741D64
!> F800002C RB3DX ALLOC PROBE:   frame[6] entry_sp=0x7018FA40 ret=0x82741EC4
!> F800002C RB3DX ALLOC PROBE:   frame[7] entry_sp=0x7018FAA0 ret=0x8227100C
!> F800002C RB3DX ALLOC PROBE:   frame[8] entry_sp=0x7018FCF0 ret=0x82272E8C
!> F800002C RB3DX ALLOC PROBE:   frame[9] entry_sp=0x7018FD60 ret=0x8283CEB0
!> F800002C RB3DX ALLOC PROBE:   [sp+0x008]=0x8252E0C8
!> F800002C RB3DX ALLOC PROBE:   [sp+0x014]=0x82CCA4B0
!> F800002C RB3DX ALLOC PROBE:   [sp+0x018]=0x827BE51C
!> F800002C RB3DX ALLOC PROBE:   [sp+0x034]=0x82E60000
!> F800002C RB3DX ALLOC PROBE:   [sp+0x078]=0x827CB440
!> F800002C RB3DX ALLOC PROBE:   [sp+0x07C]=0x82CD0000
!> F800002C RB3DX ALLOC PROBE:   [sp+0x088]=0x82757628
!> F800002C RB3DX ALLOC PROBE:   [sp+0x094]=0x820116D7
!> F800002C RB3DX ALLOC PROBE:   [sp+0x098]=0x8283098C
!> F800002C RB3DX ALLOC PROBE:   [sp+0x09C]=0x82CC9D1C
!> F800002C RB3DX ALLOC PROBE:   [sp+0x0C8]=0x827BB164
!> F800002C RB3DX ALLOC PROBE:   [sp+0x0FC]=0x82E06E38
!> F800002C RB3DX ALLOC PROBE:   [sp+0x108]=0x8275712C
!> F800002C RB3DX ALLOC PROBE:   [sp+0x118]=0x827BB8C4
!> F800002C RB3DX ALLOC PROBE:   [sp+0x138]=0x827BB8C4
!> F800002C RB3DX ALLOC PROBE:   [sp+0x148]=0x8252016C
!> F800002C RB3DX ALLOC PROBE:   r0 -r7  00000000 7018F530 00000000 00FFFFFF 00000000 00000013 00029021 DA00DA00
!> F800002C RB3DX ALLOC PROBE:   r8 -r15 00000078 CABEDEAF 00000000 00000001 827BD028 00044000 00000000 00000000
!> F800002C RB3DX ALLOC PROBE:   r16-r23 00000000 00000000 00000000 00000000 00000000 7018FD40 82CC9D1C 82000980
!> F800002C RB3DX ALLOC PROBE:   r24-r31 82CD0000 00000000 00000003 00000000 00000002 00000000 00FFFFFF 7018F530
!> F800002C RB3DX ALLOC PROBE:   GetFileSize@82840070 UNREADABLE
!> F800002C RB3DX ALLOC PROBE:   QuerySize64@8284BC68 UNREADABLE
!> F800002C RB3DX ALLOC PROBE:   ThreadGetFileSize.store@827DA84C UNREADABLE
!> F800002C RB3DX ALLOC PROBE:   NtQIF.thunk@82C4C46C UNREADABLE
!> F800002C RB3DX ALLOC PROBE:   NtDispatchTbl@82C7AA78+0x1C UNREADABLE
!> F800002C RB3DX ALLOC PROBE:   gNtDispatchPtr@82C7AAA8 UNREADABLE
!> F800002C RB3DX ALLOC PROBE:   frame1 saved r30 (state-machine this) = 0x82E06E38
i> F800002C NtReadFile #69 tid=6 handle=0xF800008C len=65536 offset=627048448
i> F800002C NtReadFile #70 tid=6 handle=0xF800008C len=65536 offset=627113984
i> F800002C NtReadFile #71 tid=6 handle=0xF800008C len=65536 offset=627179520
i> F800002C NtReadFile #72 tid=6 handle=0xF800008C len=65536 offset=627245056
i> F800002C NtReadFile #73 tid=6 handle=0xF800008C len=65536 offset=627310592
i> F800002C NtReadFile #74 tid=6 handle=0xF800008C len=65536 offset=627376128
i> F800002C NtReadFile #75 tid=6 handle=0xF800008C len=65536 offset=627441664
i> F800002C NtReadFile #76 tid=6 handle=0xF800008C len=65536 offset=627507200
i> F800002C NtReadFile #77 tid=6 handle=0xF800008C len=65536 offset=627572736
i> F800002C NtReadFile #78 tid=6 handle=0xF800008C len=65536 offset=627638272
i> F800002C NtReadFile #79 tid=6 handle=0xF800008C len=65536 offset=627703808
i> F800002C NtReadFile #80 tid=6 handle=0xF800008C len=65536 offset=627769344
i> F800002C NtReadFile #81 tid=6 handle=0xF800008C len=65536 offset=627834880
i> F800002C NtReadFile #82 tid=6 handle=0xF800008C len=65536 offset=627900416
i> F800002C NtReadFile #83 tid=6 handle=0xF800008C len=65536 offset=627965952
i> F800002C NtReadFile #84 tid=6 handle=0xF800008C len=65536 offset=628031488
i> F800002C NtReadFile #85 tid=6 handle=0xF800008C len=65536 offset=628097024
i> F800002C NtReadFile #86 tid=6 handle=0xF800008C len=65536 offset=628162560
i> F800002C NtReadFile #87 tid=6 handle=0xF800008C len=65536 offset=628228096
i> F800002C NtReadFile #88 tid=6 handle=0xF800008C len=65536 offset=628293632
i> F800002C NtReadFile #89 tid=6 handle=0xF800008C len=65536 offset=628359168
i> F800002C NtReadFile #90 tid=6 handle=0xF800008C len=65536 offset=628424704
i> F800002C NtReadFile #91 tid=6 handle=0xF800008C len=65536 offset=628490240
i> F800002C NtReadFile #92 tid=6 handle=0xF800008C len=65536 offset=628555776
i> F800002C NtReadFile #93 tid=6 handle=0xF800008C len=65536 offset=628621312
i> F800002C NtReadFile #94 tid=6 handle=0xF800008C len=65536 offset=628686848
i> F800002C NtReadFile #95 tid=6 handle=0xF800008C len=65536 offset=628752384
i> F800002C NtReadFile #96 tid=6 handle=0xF800008C len=65536 offset=628817920
i> F800002C NtReadFile #97 tid=6 handle=0xF800008C len=65536 offset=628883456
i> F800002C NtReadFile #98 tid=6 handle=0xF800008C len=65536 offset=628948992
i> F800002C NtReadFile #99 tid=6 handle=0xF800008C len=65536 offset=629014528
i> F800002C NtReadFile #100 tid=6 handle=0xF800008C len=65536 offset=629080064
!> F800002C RB3DX ALLOC PROBE: BIG call #1503 size=0x00DA88FC (14321916) align=0 callerLR=0x827BD028 sp=0x7018F600
!> F800002C RB3DX ALLOC PROBE:   frame[0] entry_sp=0x7018F680 ret=0x827BEAF8
!> F800002C RB3DX ALLOC PROBE:   frame[1] entry_sp=0x7018F6F0 ret=0x827BECC0
!> F800002C RB3DX ALLOC PROBE:   frame[2] entry_sp=0x7018F770 ret=0x827BF38C
!> F800002C RB3DX ALLOC PROBE:   frame[3] entry_sp=0x7018F7F0 ret=0x827BF668
!> F800002C RB3DX ALLOC PROBE:   frame[4] entry_sp=0x7018F880 ret=0x82757B4C
!> F800002C RB3DX ALLOC PROBE:   frame[5] entry_sp=0x7018F990 ret=0x82741D64
!> F800002C RB3DX ALLOC PROBE:   frame[6] entry_sp=0x7018FA40 ret=0x82741EC4
!> F800002C RB3DX ALLOC PROBE:   frame[7] entry_sp=0x7018FAA0 ret=0x8227100C
!> F800002C RB3DX ALLOC PROBE:   frame[8] entry_sp=0x7018FCF0 ret=0x82272E8C
!> F800002C RB3DX ALLOC PROBE:   frame[9] entry_sp=0x7018FD60 ret=0x8283CEB0
!> F800002C RB3DX ALLOC PROBE:   [sp+0x008]=0x827C4F14
!> F800002C RB3DX ALLOC PROBE:   [sp+0x018]=0x82747358
!> F800002C RB3DX ALLOC PROBE:   [sp+0x01C]=0x82E06E38
!> F800002C RB3DX ALLOC PROBE:   [sp+0x04C]=0x82E06E38
!> F800002C RB3DX ALLOC PROBE:   [sp+0x058]=0x827CB4CC
!> F800002C RB3DX ALLOC PROBE:   [sp+0x06C]=0x82E06E38
!> F800002C RB3DX ALLOC PROBE:   [sp+0x078]=0x827BEAF8
!> F800002C RB3DX ALLOC PROBE:   [sp+0x088]=0x82000E8C
!> F800002C RB3DX ALLOC PROBE:   [sp+0x0AC]=0x82E06E38
!> F800002C RB3DX ALLOC PROBE:   [sp+0x0DC]=0x82E06E38
!> F800002C RB3DX ALLOC PROBE:   [sp+0x0E8]=0x827BECC0
!> F800002C RB3DX ALLOC PROBE:   [sp+0x0FC]=0x82E06E38
!> F800002C RB3DX ALLOC PROBE:   [sp+0x108]=0x827BC214
!> F800002C RB3DX ALLOC PROBE:   [sp+0x114]=0x82CCA4B5
!> F800002C RB3DX ALLOC PROBE:   [sp+0x118]=0x82CCA4BD
!> F800002C RB3DX ALLOC PROBE:   [sp+0x124]=0x82000980
!> F800002C RB3DX ALLOC PROBE:   [sp+0x128]=0x82000E8C
!> F800002C RB3DX ALLOC PROBE:   [sp+0x15C]=0x82E06E38
!> F800002C RB3DX ALLOC PROBE:   [sp+0x168]=0x827BF38C
!> F800002C RB3DX ALLOC PROBE:   r0 -r7  00000000 7018F600 00000000 00DA88FC 00000000 00000004 000000FC 00000000
!> F800002C RB3DX ALLOC PROBE:   r8 -r15 00000000 00DA8F95 00000000 00000001 827BD028 00044000 00000000 00000000
!> F800002C RB3DX ALLOC PROBE:   r16-r23 00000000 00000000 00000000 00000000 00000000 7018FD40 82CC9D1C 82000980
!> F800002C RB3DX ALLOC PROBE:   r24-r31 82CD0000 00000000 7018FB90 7018FBA0 82E06E38 00000000 00DA88FC 7018F600
!> F800002C RB3DX ALLOC PROBE:   GetFileSize@82840070 UNREADABLE
!> F800002C RB3DX ALLOC PROBE:   QuerySize64@8284BC68 UNREADABLE
!> F800002C RB3DX ALLOC PROBE:   ThreadGetFileSize.store@827DA84C UNREADABLE
!> F800002C RB3DX ALLOC PROBE:   NtQIF.thunk@82C4C46C UNREADABLE
!> F800002C RB3DX ALLOC PROBE:   NtDispatchTbl@82C7AA78+0x1C UNREADABLE
!> F800002C RB3DX ALLOC PROBE:   gNtDispatchPtr@82C7AAA8 UNREADABLE
!> F800002C RB3DX ALLOC PROBE:   frame1 saved r30 (state-machine this) = 0x82E06E38
w> F80000F0 JIT direct call to executable non-.text target 82C57810 from fn 00000000 (exec_non_text)
w> F80000D4 JIT direct call to executable non-.text target 82C525D8 from fn 00000000 (exec_non_text)
w> F80000D4 ResolveFunction(82C51D20) from 82C52630: executable target outside .text (exec_non_text)
w> F80000D4 JIT direct call to executable non-.text target 82C51A18 from fn 00000000 (exec_non_text)
w> F80000F0 JIT direct call to executable non-.text target 82C4D040 from fn 00000000 (exec_non_text)
w> F80000C8 JIT direct call to executable non-.text target 82C52768 from fn 00000000 (exec_non_text)
w> F80000C8 JIT direct call to executable non-.text target 82C53B90 from fn 00000000 (exec_non_text)
w> F80000D4 ResolveFunction(82C5A7E8) from 82C5ABC8: executable target outside .text (exec_non_text)
w> F80000D4 JIT direct call to executable non-.text target 82C59E68 from fn 00000000 (exec_non_text)
w> F80000C8 JIT direct call to executable non-.text target 82C526D0 from fn 00000000 (exec_non_text)
w> F80000D4 JIT direct call to executable non-.text target 82C5A640 from fn 00000000 (exec_non_text)
w> F80000C8 ResolveFunction(82C53E20) from 82C545EC: executable target outside .text (exec_non_text)
w> F80000D4 JIT direct call to executable non-.text target 82C58F70 from fn 00000000 (exec_non_text)
w> F80000D4 JIT direct call to executable non-.text target 82C59380 from fn 00000000 (exec_non_text)
w> F80000D4 ResolveFunction(82C5A718) from 82C5A858: executable target outside .text (exec_non_text)
w> F80000F0 ResolveFunction(82C4EC00) from 82C4FA78: executable target outside .text (exec_non_text)
i> F80000F0 Added handle:F80000F4 for N2xe6kernel7XObjectE
i> F80000F0 Added handle:F80000F8 for N2xe6kernel7XObjectE
i> F80000F0 VdSwap(BE113134, 703FFA40, FFC9B008, 703FFA90, BEEF0001, 703FFA30, 703FFA2C, 703FFA28, 703FFA20, 703FFA24)
i> F80000F0 VdSwap #10 tid=14 1280x720
i> F8000004 NullGPU: LoadShader #5 type=1 addr=0x1CA7B140 dwords=9
i> F8000004 NullGPU: LoadShader #6 type=0 addr=0x1CA77420 dwords=57
i> F8000004 NullGPU: LoadShader #7 type=0 addr=0x1E112D84 dwords=15
i> F8000004 XE_SWAP
i> F8000004 NullGPU: LoadShader #8 type=1 addr=0x1CA88040 dwords=33
i> F8000004 NullGPU: LoadShader #9 type=0 addr=0x1CA87000 dwords=42
i> F8000004 NullGPU: LoadShader #10 type=0 addr=0x1E192ED4 dwords=15
i> F80000F0 VdSwap(BE1973D0, 703FFA40, FFC9B008, 703FFA90, BEEF0001, 703FFA30, 703FFA2C, 703FFA28, 703FFA20, 703FFA24)
i> F80000F0 VdSwap #11 tid=14 1280x720
i> F8000004 XE_SWAP
i> F80000F0 VdSwap(BE21EF30, 703FFA40, FFC9B008, 703FFA90, BEEF0001, 703FFA30, 703FFA2C, 703FFA28, 703FFA20, 703FFA24)
i> F80000F0 VdSwap #12 tid=14 1280x720
i> F8000004 XE_SWAP
i> F8000004 NullGPU: LoadShader #100 type=0 addr=0x1E2A6380 dwords=15
i> F80000F0 VdSwap(BE2A6990, 703FFA40, FFC9B008, 703FFA90, BEEF0001, 703FFA30, 703FFA2C, 703FFA28, 703FFA20, 703FFA24)
i> F80000F0 VdSwap #13 tid=14 1280x720
i> F8000004 XE_SWAP
i> F80000F0 VdSwap(BE32E490, 703FFA40, FFC9B008, 703FFA90, BEEF0001, 703FFA30, 703FFA2C, 703FFA28, 703FFA20, 703FFA24)
i> F80000F0 VdSwap #14 tid=14 1280x720
i> F8000004 XE_SWAP
i> F80000F0 VdSwap(BE3B5F90, 703FFA40, FFC9B008, 703FFA90, BEEF0001, 703FFA30, 703FFA2C, 703FFA28, 703FFA20, 703FFA24)
i> F80000F0 VdSwap #15 tid=14 1280x720
i> F8000004 XE_SWAP
i> F8000004 NullGPU: LoadShader #200 type=0 addr=0x1FC97014 dwords=24
i> F80000F0 VdSwap(BE43DA90, 703FFA40, FFC9B008, 703FFA90, BEEF0001, 703FFA30, 703FFA2C, 703FFA28, 703FFA20, 703FFA24)
i> F80000F0 VdSwap #16 tid=14 1280x720
i> F8000004 XE_SWAP
i> F80000F0 VdSwap(BE4C5590, 703FFA40, FFC9B008, 703FFA90, BEEF0001, 703FFA30, 703FFA2C, 703FFA28, 703FFA20, 703FFA24)
i> F80000F0 VdSwap #17 tid=14 1280x720
i> F8000004 XE_SWAP
i> F8000004 NullGPU: IssueDraw #1000 prim=1 indices=1
i> F80000F0 VdSwap(BE54D090, 703FFA40, FFC9B008, 703FFA90, BEEF0001, 703FFA30, 703FFA2C, 703FFA28, 703FFA20, 703FFA24)
i> F80000F0 VdSwap #18 tid=14 1280x720
i> F8000004 XE_SWAP
i> F8000004 NullGPU: LoadShader #300 type=1 addr=0x1CA80000 dwords=15
i> F80000F0 VdSwap(BE5D4B90, 703FFA40, FFC9B008, 703FFA90, BEEF0001, 703FFA30, 703FFA2C, 703FFA28, 703FFA20, 703FFA24)
i> F80000F0 VdSwap #19 tid=14 1280x720
i> F8000004 XE_SWAP
i> F80000F0 VdSwap(BE65C690, 703FFA40, FFC9B008, 703FFA90, BEEF0001, 703FFA30, 703FFA2C, 703FFA28, 703FFA20, 703FFA24)
i> F80000F0 VdSwap #20 tid=14 1280x720
i> F8000004 XE_SWAP
i> F80000F0 VdSwap(BE6E4190, 703FFA40, FFC9B008, 703FFA90, BEEF0001, 703FFA30, 703FFA2C, 703FFA28, 703FFA20, 703FFA24)
i> F8000004 XE_SWAP
i> F8000004 NullGPU: LoadShader #400 type=0 addr=0x1E768BC4 dwords=27
i> F80000F0 VdSwap(BE76BC90, 703FFA40, FFC9B008, 703FFA90, BEEF0001, 703FFA30, 703FFA2C, 703FFA28, 703FFA20, 703FFA24)
i> F8000004 XE_SWAP
i> F80000F0 VdSwap(BE7F3790, 703FFA40, FFC9B008, 703FFA90, BEEF0001, 703FFA30, 703FFA2C, 703FFA28, 703FFA20, 703FFA24)
i> F8000004 XE_SWAP
i> F80000F0 VdSwap(BE87B290, 703FFA40, FFC9B008, 703FFA90, BEEF0001, 703FFA30, 703FFA2C, 703FFA28, 703FFA20, 703FFA24)
i> F8000004 XE_SWAP
i> F8000004 NullGPU: LoadShader #500 type=0 addr=0x1CA7F0C0 dwords=42
i> F8000004 NullGPU: IssueDraw #2000 prim=1 indices=1
i> F80000F0 VdSwap(BE902D90, 703FFA40, FFC9B008, 703FFA90, BEEF0001, 703FFA30, 703FFA2C, 703FFA28, 703FFA20, 703FFA24)
i> F8000004 XE_SWAP
i> F80000F0 VdSwap(BE98A890, 703FFA40, FFC9B008, 703FFA90, BEEF0001, 703FFA30, 703FFA2C, 703FFA28, 703FFA20, 703FFA24)
i> F8000004 XE_SWAP
i> F80000F0 VdSwap(BEA12390, 703FFA40, FFC9B008, 703FFA90, BEEF0001, 703FFA30, 703FFA2C, 703FFA28, 703FFA20, 703FFA24)
i> F8000004 XE_SWAP
i> F8000004 NullGPU: LoadShader #600 type=1 addr=0x1EA96708 dwords=9
i> F80000F0 VdSwap(BEA99E90, 703FFA40, FFC9B008, 703FFA90, BEEF0001, 703FFA30, 703FFA2C, 703FFA28, 703FFA20, 703FFA24)
i> F8000004 XE_SWAP
i> F80000F0 VdSwap(BEB21990, 703FFA40, FFC9B008, 703FFA90, BEEF0001, 703FFA30, 703FFA2C, 703FFA28, 703FFA20, 703FFA24)
i> F8000004 XE_SWAP
i> F80000F0 VdSwap(BEBA9490, 703FFA40, FFC9B008, 703FFA90, BEEF0001, 703FFA30, 703FFA2C, 703FFA28, 703FFA20, 703FFA24)
i> F8000004 XE_SWAP
i> F8000004 NullGPU: LoadShader #700 type=1 addr=0x1FC97080 dwords=9
i> F80000F0 VdSwap(BEC30F90, 703FFA40, FFC9B008, 703FFA90, BEEF0001, 703FFA30, 703FFA2C, 703FFA28, 703FFA20, 703FFA24)
i> F8000004 XE_SWAP
i> F80000F0 VdSwap(BECB8A90, 703FFA40, FFC9B008, 703FFA90, BEEF0001, 703FFA30, 703FFA2C, 703FFA28, 703FFA20, 703FFA24)
i> F8000004 XE_SWAP
i> F8000004 NullGPU: IssueDraw #3000 prim=8 indices=3
i> F80000F0 VdSwap(BED40590, 703FFA40, FFC9B008, 703FFA90, BEEF0001, 703FFA30, 703FFA2C, 703FFA28, 703FFA20, 703FFA24)
i> F8000004 XE_SWAP
i> F8000004 NullGPU: LoadShader #800 type=0 addr=0x1EDC4670 dwords=15
i> F80000F0 VdSwap(BEDC8090, 703FFA40, FFC9B008, 703FFA90, BEEF0001, 703FFA30, 703FFA2C, 703FFA28, 703FFA20, 703FFA24)
i> F8000004 XE_SWAP
i> F80000F0 VdSwap(BEE4FB90, 703FFA40, FFC9B008, 703FFA90, BEEF0001, 703FFA30, 703FFA2C, 703FFA28, 703FFA20, 703FFA24)
i> F8000004 XE_SWAP
i> F80000F0 VdSwap(BEED7690, 703FFA40, FFC9B008, 703FFA90, BEEF0001, 703FFA30, 703FFA2C, 703FFA28, 703FFA20, 703FFA24)
i> F8000004 XE_SWAP
i> F8000004 NullGPU: LoadShader #900 type=0 addr=0x1CA77600 dwords=51
i> F80000F0 VdSwap(BEF5F190, 703FFA40, FFC9B008, 703FFA90, BEEF0001, 703FFA30, 703FFA2C, 703FFA28, 703FFA20, 703FFA24)
i> F8000004 XE_SWAP
i> F80000F0 VdSwap(BEFE6C90, 703FFA40, FFC9B008, 703FFA90, BEEF0001, 703FFA30, 703FFA2C, 703FFA28, 703FFA20, 703FFA24)
i> F8000004 XE_SWAP
i> F80000F0 VdSwap(BF06E790, 703FFA40, FFC9B008, 703FFA90, BEEF0001, 703FFA30, 703FFA2C, 703FFA28, 703FFA20, 703FFA24)
i> F8000004 XE_SWAP
i> F8000004 NullGPU: LoadShader #1000 type=1 addr=0x1FC97080 dwords=9
i> F8000004 NullGPU: IssueDraw #4000 prim=1 indices=1
i> F80000F0 VdSwap(BF0F6290, 703FFA40, FFC9B008, 703FFA90, BEEF0001, 703FFA30, 703FFA2C, 703FFA28, 703FFA20, 703FFA24)
i> F8000004 XE_SWAP
i> F80000F0 VdSwap(BF17DD90, 703FFA40, FFC9B008, 703FFA90, BEEF0001, 703FFA30, 703FFA2C, 703FFA28, 703FFA20, 703FFA24)
i> F8000004 XE_SWAP
i> F80000F0 VdSwap(BF205890, 703FFA40, FFC9B008, 703FFA90, BEEF0001, 703FFA30, 703FFA2C, 703FFA28, 703FFA20, 703FFA24)
i> F8000004 XE_SWAP
i> F8000004 NullGPU: LoadShader #1100 type=1 addr=0x1F289104 dwords=9
i> F80000F0 VdSwap(BF28D390, 703FFA40, FFC9B008, 703FFA90, BEEF0001, 703FFA30, 703FFA2C, 703FFA28, 703FFA20, 703FFA24)
i> F8000004 XE_SWAP
i> F80000F0 VdSwap(BF314E90, 703FFA40, FFC9B008, 703FFA90, BEEF0001, 703FFA30, 703FFA2C, 703FFA28, 703FFA20, 703FFA24)
i> F8000004 XE_SWAP
i> F80000F0 VdSwap(BF39C990, 703FFA40, FFC9B008, 703FFA90, BEEF0001, 703FFA30, 703FFA2C, 703FFA28, 703FFA20, 703FFA24)
i> F8000004 XE_SWAP
i> F8000004 NullGPU: LoadShader #1200 type=0 addr=0x1F41FF94 dwords=15
i> F80000F0 VdSwap(BF424490, 703FFA40, FFC9B008, 703FFA90, BEEF0001, 703FFA30, 703FFA2C, 703FFA28, 703FFA20, 703FFA24)
i> F8000004 XE_SWAP
i> F80000F0 VdSwap(BF4ABF90, 703FFA40, FFC9B008, 703FFA90, BEEF0001, 703FFA30, 703FFA2C, 703FFA28, 703FFA20, 703FFA24)
i> F8000004 NullGPU: IssueDraw #5000 prim=1 indices=1
i> F8000004 XE_SWAP
i> F80000F0 VdSwap(BF533A90, 703FFA40, FFC9B008, 703FFA90, BEEF0001, 703FFA30, 703FFA2C, 703FFA28, 703FFA20, 703FFA24)
i> F8000004 XE_SWAP
i> F8000004 NullGPU: LoadShader #1300 type=1 addr=0x1CA88040 dwords=33
i> F80000F0 VdSwap(BF5BB590, 703FFA40, FFC9B008, 703FFA90, BEEF0001, 703FFA30, 703FFA2C, 703FFA28, 703FFA20, 703FFA24)
i> F8000004 XE_SWAP
i> F80000F0 VdSwap(BF643090, 703FFA40, FFC9B008, 703FFA90, BEEF0001, 703FFA30, 703FFA2C, 703FFA28, 703FFA20, 703FFA24)
i> F8000004 XE_SWAP
i> F80000F0 VdSwap(BF6CAB90, 703FFA40, FFC9B008, 703FFA90, BEEF0001, 703FFA30, 703FFA2C, 703FFA28, 703FFA20, 703FFA24)
i> F8000004 NullGPU: LoadShader #1400 type=0 addr=0x1FC97014 dwords=24
i> F8000004 XE_SWAP
i> F80000F0 VdSwap(BF752690, 703FFA40, FFC9B008, 703FFA90, BEEF0001, 703FFA30, 703FFA2C, 703FFA28, 703FFA20, 703FFA24)
i> F8000004 XE_SWAP
i> F80000F0 VdSwap(BF7DA190, 703FFA40, FFC9B008, 703FFA90, BEEF0001, 703FFA30, 703FFA2C, 703FFA28, 703FFA20, 703FFA24)
i> F8000004 XE_SWAP
i> F8000004 NullGPU: LoadShader #1500 type=0 addr=0x1F861680 dwords=15
=== Thread Status Report (3001ms) === 14 threads, SIGSEGV=0 last_fault=0x0 last_rip=0x0
  Thread 1: LR=0x00000000 [?] SP=0x70030000
  Thread 2: LR=0x00000000 [?] SP=0x70070000
  Thread 3: LR=0x00000000 [?] SP=0x700B0000
  Thread 4: LR=0x00000000 [?] SP=0x700F0000
  Thread 5: LR=0x00000000 [?] SP=0x70130000
  Thread 6: LR=0x8252C9A4 [?] SP=0x7018DD90
    Stack frame walk:
      [ 0] sp=0x7018DD90 -> 0x7018DEA0  LR=0x4243EE98 []
      [ 1] sp=0x7018DEA0 -> 0x7018DF10  LR=0x42464076 []
      [ 2] sp=0x7018DF10 -> 0x7018DF80  LR=0x42464076 []
      [ 3] sp=0x7018DF80 -> 0x7018DFF0  LR=0x42464076 []
      [ 4] sp=0x7018DFF0 -> 0x7018E060  LR=0x00000002 []
      [ 5] sp=0x7018E060 -> 0x7018E0D0  LR=0x7018E9D0 []
      [ 6] sp=0x7018E0D0 -> 0x7018E160  LR=0x7018E9D0 []
      [ 7] sp=0x7018E160 -> 0x7018E250  LR=0x7018E9D0 []
      [ 8] sp=0x7018E250 -> 0x7018E2E0  LR=0x7018E9D0 []
      [ 9] sp=0x7018E2E0 -> 0x7018E3D0  LR=0x7018E9D0 []
      [10] sp=0x7018E3D0 -> 0x7018E460  LR=0x7018E9D0 []
      [11] sp=0x7018E460 -> 0x7018E550  LR=0x42457398 []
      [12] sp=0x7018E550 -> 0x7018E5E0  LR=0x7018E9D0 []
      [13] sp=0x7018E5E0 -> 0x7018E6D0  LR=0x42447C18 []
      [14] sp=0x7018E6D0 -> 0x7018E760  LR=0x7018E9D0 []
      [15] sp=0x7018E760 -> 0x7018E850  LR=0x7018E928 []
    regs: r3=0x43629D5C r4=0x42463F5C r5=0x00000004 r8=0x0000000C r9=0x00000000 r10=0x82DFBB38
          r11=0x00000001 r12=0x827C3528 r29=0x42463F5C r30=0x00000004 r31=0x43629D58 CTR=0x8252E0A0
    r12 @0x827C3528: 817F0024 7D6BF214 917F0024 38210070 48065D74 00000000 7D8802A6 9181FFF8
    r31+4 RTL_CS[0x43629D5C]: 0001D315 59F9DC45 0EA7FFFB 95F07A6C 534130A3 3D9AB49F 83B022F6
      type=0 abs=1 lock=-165839251 rec=2000829343 owner=0x83B022F6
i> F80000F0 VdSwap(BF861C90, 703FFA40, FFC9B008, 703FFA90, BEEF0001, 703FFA30, 703FFA2C, 703FFA28, 703FFA20, 703FFA24)
i> F8000004 XE_SWAP
i> F8000004 NullGPU: IssueDraw #6000 prim=1 indices=1
i> F80000F0 VdSwap(BF8E9790, 703FFA40, FFC9B008, 703FFA90, BEEF0001, 703FFA30, 703FFA2C, 703FFA28, 703FFA20, 703FFA24)
i> F8000004 XE_SWAP
i> F80000F0 VdSwap(BF971290, 703FFA40, FFC9B008, 703FFA90, BEEF0001, 703FFA30, 703FFA2C, 703FFA28, 703FFA20, 703FFA24)
i> F8000004 XE_SWAP
i> F8000004 NullGPU: LoadShader #1600 type=0 addr=0x1FC97014 dwords=24
    JIT IP samples (50ms apart):
      [0] guest 0x00000000 []
      [1] guest 0x00000000 []
      [2] guest 0x00000000 []
    IAT[RtlEnterCS @ 0x823996E8] = 0x4BEE4499
    Thunk[0x83A00964]: 00000000 00000000 00000000 00000000 (expect: 44000042 4E800020 60000000 60000000)
    Thunk fn: NOT FOUND by QueryFunction
    Indirection[0x83A00964] = 0x00000000
    RtlEnterCS=303568 RtlInitCS=56 RtlLeaveCS=303563
    Function probes (present pipeline):
      0x8311AC20 mainCRTStartup         NOT COMPILED
      0x82463930 main()                 NOT COMPILED
      0x8300D2EC App::App()             NOT COMPILED
      0x833A3B94 DxRnd::PreInit(HWND)   NOT COMPILED
      0x833A40D0 DxRnd::PreInit(virt)   NOT COMPILED
      0x83184310 Rnd::PreInit           NOT COMPILED
      0x82A4B350 Movie::Init            NOT COMPILED
      0x83438C9C BinkMovieSys::Init     NOT COMPILED
      0x833A404C Rnd::SetClearColor     NOT COMPILED
      0x834E24DC Splash::Splash(ctor)   NOT COMPILED
      0x82B20DD0 OptionBool             NOT COMPILED
      0x83409780 ULSystemLocale         NOT COMPILED
      0x834E2050 Splash::PrepareNext    NOT COMPILED
      0x834E2DEC Splash::BeginSplasher  NOT COMPILED
      0x834E21B8 Splash::PrepareRemaining NOT COMPILED
      0x832AAAFC LiveCameraInput::PreInit NOT COMPILED
      0x832AABE4 LiveCameraInput::Init  NOT COMPILED
      0x832F69BC SynthPreInit           NOT COMPILED
      0x832F6B34 SynthInit              NOT COMPILED
      0x835181F0 SystemInit             NOT COMPILED
      0x82BC2F80 MagnuInit              NOT COMPILED
      0x82AE9FC0 DataInit               NOT COMPILED
      0x83154308 ObjectDir::PreInit     NOT COMPILED
      0x83151AD8 ObjectDir::Init        NOT COMPILED
      0x83413CDC FileInit               NOT COMPILED
      0x8343B8AC LoadMgr::Init          NOT COMPILED
      0x833A3E84 DxRnd::Init(HWND)      NOT COMPILED
      0x833A40D8 DxRnd::Init(virt)      NOT COMPILED
      0x8317EEB0 Rnd::Init(virt)        NOT COMPILED
      0x8356CB88 DingoServer::Init      NOT COMPILED
      0x82B1DE50 RockCentral::Init      NOT COMPILED
      0x82A37CE8 HamUserMgrInit         NOT COMPILED
      0x83085950 FlowInit               NOT COMPILED
      0x83123E60 CharInit               NOT COMPILED
      0x834F7864 SaveLoadManager::Init  NOT COMPILED
      0x82931E38 MidiParser::Init       NOT COMPILED
      0x8342E428 UIManager::Init        NOT COMPILED
      0x8342BEA8 UIManager ctor         NOT COMPILED
      0x83429904 UIManager::GotoFirstScreen NOT COMPILED
      0x8300DB7C App::Run()             NOT COMPILED
      0x8300C1A4 RunWithoutDbg          NOT COMPILED
      0x8300ABE0 App::DrawRegular       NOT COMPILED
      0x8300B0D8 MainThread             NOT COMPILED
      0x8339FBD0 DxRnd::Present         NOT COMPILED
      0x8301BC40 Game::PostUpdate       NOT COMPILED
      0x837EAABC D3DDevice_Swap         NOT COMPILED
      0x83941440 PIXAddPixOpWithData    NOT COMPILED
      0x8256EDC8 NavListSortMgr::ClearHeaders NOT COMPILED
      0x8256EEE8 NavListSortMgr::GetFirstChild NOT COMPILED
    D3D::UnlockResource (0x83779C98) PPC code:
      0x83779C98: 00000000
      0x83779C9C: 00000000
      0x83779CA0: 00000000
      0x83779CA4: 00000000
      0x83779CA8: 00000000
      0x83779CAC: 00000000
      0x83779CB0: 00000000
      0x83779CB4: 00000000
      0x83779CB8: 00000000
      0x83779CBC: 00000000
      0x83779CC0: 00000000
      0x83779CC4: 00000000
      0x83779CC8: 00000000
      0x83779CCC: 00000000
      0x83779CD0: 00000000
      0x83779CD4: 00000000
      0x83779CD8: 00000000
      0x83779CDC: 00000000
      0x83779CE0: 00000000
      0x83779CE4: 00000000
      0x83779CE8: 00000000
      0x83779CEC: 00000000
      0x83779CF0: 00000000
      0x83779CF4: 00000000
      0x83779CF8: 00000000
      0x83779CFC: 00000000
      0x83779D00: 00000000
      0x83779D04: 00000000
      0x83779D08: 00000000
      0x83779D0C: 00000000
      0x83779D10: 00000000
      0x83779D14: 00000000
      0x83779D18: 00000000
      0x83779D1C: 00000000
      0x83779D20: 00000000
      0x83779D24: 00000000
      0x83779D28: 00000000
      0x83779D2C: 00000000
      0x83779D30: 00000000
      0x83779D34: 00000000
      0x83779D38: 00000000
      0x83779D3C: 00000000
      0x83779D40: 00000000
      0x83779D44: 00000000
      0x83779D48: 00000000
      0x83779D4C: 00000000
      0x83779D50: 00000000
      0x83779D54: 00000000
      0x83779D58: 00000000
      0x83779D5C: 00000000
      0x83779D60: 00000000
      0x83779D64: 00000000
      0x83779D68: 00000000
      0x83779D6C: 00000000
      0x83779D70: 00000000
      0x83779D74: 00000000
      0x83779D78: 00000000
      0x83779D7C: 00000000
      0x83779D80: 00000000
      0x83779D84: 00000000
      0x83779D88: 00000000
      0x83779D8C: 00000000
      0x83779D90: 00000000
      0x83779D94: 00000000
      0x83779D98: 00000000
      0x83779D9C: 00000000
      0x83779DA0: 00000000
      0x83779DA4: 00000000
      0x83779DA8: 00000000
      0x83779DAC: 00000000
      0x83779DB0: 00000000
      0x83779DB4: 00000000
      0x83779DB8: 00000000
      0x83779DBC: 00000000
      0x83779DC0: 00000000
      0x83779DC4: 00000000
      0x83779DC8: 00000000
      0x83779DCC: 00000000
      0x83779DD0: 00000000
      0x83779DD4: 00000000
      0x83779DD8: 00000000
      0x83779DDC: 00000000
      0x83779DE0: 00000000
      0x83779DE4: 00000000
      0x83779DE8: 00000000
      0x83779DEC: 00000000
    D3DVertexBuffer_Unlock (0x8377A188) PPC code:
      0x8377A188: 00000000
      0x8377A18C: 00000000
      0x8377A190: 00000000
      0x8377A194: 00000000
      0x8377A198: 00000000
      0x8377A19C: 00000000
      0x8377A1A0: 00000000
      0x8377A1A4: 00000000
      0x8377A1A8: 00000000
      0x8377A1AC: 00000000
      0x8377A1B0: 00000000
      0x8377A1B4: 00000000
      0x8377A1B8: 00000000
      0x8377A1BC: 00000000
      0x8377A1C0: 00000000
      0x8377A1C4: 00000000
      0x8377A1C8: 00000000
      0x8377A1CC: 00000000
      0x8377A1D0: 00000000
      0x8377A1D4: 00000000
      0x8377A1D8: 00000000
      0x8377A1DC: 00000000
    merged_VBLockDtor (0x834B0184) PPC code:
      0x834B0184: 00000000
      0x834B0188: 00000000
      0x834B018C: 00000000
      0x834B0190: 00000000
      0x834B0194: 00000000
      0x834B0198: 00000000
    D3D::FlushCachedMemory (0x8379478C) PPC code:
      0x8379478C: 00000000
      0x83794790: 00000000
      0x83794794: 00000000
      0x83794798: 00000000
      0x8379479C: 00000000
      0x837947A0: 00000000
      0x837947A4: 00000000
      0x837947A8: 00000000
      0x837947AC: 00000000
      0x837947B0: 00000000
      0x837947B4: 00000000
      0x837947B8: 00000000
      0x837947BC: 00000000
      0x837947C0: 00000000
      0x837947C4: 00000000
      0x837947C8: 00000000
      0x837947CC: 00000000
      0x837947D0: 00000000
      0x837947D4: 00000000
      0x837947D8: 00000000
      0x837947DC: 00000000
      0x837947E0: 00000000
      0x837947E4: 00000000
      0x837947E8: 00000000
      0x837947EC: 00000000
      0x837947F0: 00000000
      0x837947F4: 00000000
      0x837947F8: 00000000
      0x837947FC: 00000000
      0x83794800: 00000000
      0x83794804: 00000000
      0x83794808: 00000000
      0x8379480C: 00000000
      0x83794810: 00000000
      0x83794814: 00000000
      0x83794818: 00000000
      0x8379481C: 00000000
      0x83794820: 00000000
      0x83794824: 00000000
      0x83794828: 00000000
      0x8379482C: 00000000
      0x83794830: 00000000
      0x83794834: 00000000
      0x83794838: 00000000
      0x8379483C: 00000000
      0x83794840: 00000000
      0x83794844: 00000000
      0x83794848: 00000000
      0x8379484C: 00000000
      0x83794850: 00000000
      0x83794854: 00000000
      0x83794858: 00000000
      0x8379485C: 00000000
    MainThread (0x82F1A070) PPC code:
      0x82F1A070: 00000000
      0x82F1A074: 00000000
      0x82F1A078: 00000000
      0x82F1A07C: 00000000
      0x82F1A080: 00000000
      0x82F1A084: 00000000
      0x82F1A088: 00000000
      0x82F1A08C: 00000000
      0x82F1A090: 00000000
      0x82F1A094: 00000000
      0x82F1A098: 00000000
      0x82F1A09C: 00000000
      0x82F1A0A0: 00000000
      0x82F1A0A4: 00000000
      0x82F1A0A8: 00000000
      0x82F1A0AC: 00000000
      0x82F1A0B0: 00000000
      0x82F1A0B4: 00000000
      0x82F1A0B8: 00000000
      0x82F1A0BC: 00000000
    App::App() call targets (bl instructions):
    Heap[0x82000000]: type=1 alloc_len=0x0
    Host ptr for 0x82000000: 0x182000000
    Read 0x82000000: 0x4D5A9000 (MZ)
    Guest code near LR=0x8252C9A4:
      0x8252C944: 7FE3FB78
      0x8252C948: 817D0004
      0x8252C94C: 93CB0000
      0x8252C950: 917E0004
      0x8252C954: 4BFFF9DD
      0x8252C958: 7FA4EB78
      0x8252C95C: 3860001C
      0x8252C960: 482900F1
      0x8252C964: 7FDDF378
      0x8252C968: 48000008
      0x8252C96C: 83BD0000
      0x8252C970: 7F1DE040
      0x8252C974: 409AFF28
      0x8252C978: 38210090
      0x8252C97C: 482FC928
      0x8252C980: 7D8802A6
      0x8252C984: 482FC8C9
      0x8252C988: 9421FEF0
      0x8252C98C: 7C7F1B78
      0x8252C990: 4BF78281
      0x8252C994: 3D6082E0
      0x8252C998: 3BCBD13C
      0x8252C99C: 7FC3F378
      0x8252C9A0: 48007A39
      0x8252C9A4: 817F0044  <-- LR
      0x8252C9A8: 3B9F0020
      0x8252C9AC: 2F0B0000
      0x8252C9B0: 40990028
      0x8252C9B4: 7D6C42E6
      0x8252C9B8: 815C0000
      0x8252C9BC: 5569003E
      0x8252C9C0: E97C0008
      0x8252C9C4: 7D4A4850
      0x8252C9C8: 913C0000
      0x8252C9CC: 794A0020
      0x8252C9D0: 7D6A5A14
      0x8252C9D4: F97C0008
      0x8252C9D8: 817F0018
      0x8252C9DC: 3B200000
      0x8252C9E0: 2B0B0000
    Stub@0x8340E198 CX2SourceVoice::Initialize    : 00000000 00000000 *** NOT STUBBED ***
    Stub@0x8340E578 CX2SourceVoice::Start         : 00000000 00000000 *** NOT STUBBED ***
    Stub@0x8340E6CC CX2SourceVoice::Stop          : 00000000 00000000 *** NOT STUBBED ***
    NotifyList[0x83B14C3C] head=0x00000000 (NON-EMPTY)
    [0] sp=0x7018DD90 back=0x7018DE80 lr_sp4=0x7018E600 lr_bc8=0x8274BAB0
    [1] sp=0x7018DE80 back=0x7018DF10 lr_sp4=0x7018E600 lr_bc8=0x8274D4FC
    [2] sp=0x7018DF10 back=0x7018E000 lr_sp4=0x7018E600 lr_bc8=0x8274BAB0
    [3] sp=0x7018E000 back=0x7018E090 lr_sp4=0x7018E600 lr_bc8=0x8274D4FC
    [4] sp=0x7018E090 back=0x7018E180 lr_sp4=0x7018E600 lr_bc8=0x8274BAB0
    [5] sp=0x7018E180 back=0x7018E210 lr_sp4=0x42480698 lr_bc8=0x8274D4FC
    [6] sp=0x7018E210 back=0x7018E300 lr_sp4=0x7018E600 lr_bc8=0x8274BAB0
    [7] sp=0x7018E300 back=0x7018E390 lr_sp4=0x4246E398 lr_bc8=0x8274D680
    [8] sp=0x7018E390 back=0x7018E480 lr_sp4=0x7018E600 lr_bc8=0x8274DD18
    [9] sp=0x7018E480 back=0x7018E500 lr_sp4=0x7018E558 lr_bc8=0x8276A83C
    [10] sp=0x7018E500 back=0x7018E590 lr_sp4=0x40018C40 lr_bc8=0x8276C870
    [11] sp=0x7018E590 back=0x7018E760 lr_sp4=0x00000000 lr_bc8=0x8274D7F0
    [12] sp=0x7018E760 back=0x7018E850 lr_sp4=0x7018E9D0 lr_bc8=0x8274DD18
    [13] sp=0x7018E850 back=0x7018E8D0 lr_sp4=0x7018E928 lr_bc8=0x8276A83C
    [14] sp=0x7018E8D0 back=0x7018E960 lr_sp4=0x40017C20 lr_bc8=0x8276C870
    [15] sp=0x7018E960 back=0x7018EB30 lr_sp4=0x00000000 lr_bc8=0x8274D7F0
    [16] sp=0x7018EB30 back=0x7018EC20 lr_sp4=0x7018EDA0 lr_bc8=0x8274DD18
    [17] sp=0x7018EC20 back=0x7018ECA0 lr_sp4=0x7018ECF8 lr_bc8=0x8276A83C
    [18] sp=0x7018ECA0 back=0x7018ED30 lr_sp4=0x40018C40 lr_bc8=0x8276C870
    [19] sp=0x7018ED30 back=0x7018EF00 lr_sp4=0x00000000 lr_bc8=0x8274D7F0
  Thread 7: LR=0x82845144 [?] SP=0x701EFCC0
    Stack frame walk:
      [ 0] sp=0x701EFCC0 -> 0x701EFD30  LR=0xBEBEBEBE []
      [ 1] sp=0x701EFD30 -> 0x701EFE70  LR=0xBEBEBEBE []
      [ 2] sp=0x701EFE70 -> 0x701EFED0  LR=0xBEBEBEBE []
      [ 3] sp=0x701EFED0 -> 0x701EFF50  LR=0xBEBEBEBE []
      [ 4] sp=0x701EFF50 -> 0xBEBEBEBE  LR=0x00000000 []
    [0] sp=0x701EFCC0 back=0x701EFD30 lr_sp4=0xBEBEBEBE lr_bc8=0x8252A370
    [1] sp=0x701EFD30 back=0x701EFE70 lr_sp4=0xBEBEBEBE lr_bc8=0x8252A3C4
    [2] sp=0x701EFE70 back=0x701EFED0 lr_sp4=0xBEBEBEBE lr_bc8=0x8284D6DC
    [3] sp=0x701EFED0 back=0x701EFF50 lr_sp4=0xBEBEBEBE lr_bc8=0xBCBCBCBC
    [4] sp=0x701EFF50 back=0xBEBEBEBE lr_sp4=0xBEBEBEBE lr_bc8=0x00000000
    [4] END: back=0xBEBEBEBE (zero=0 same=0 valid=0)
  Thread 8: LR=0x8286C5BC [?] SP=0x7021FE20
    Stack frame walk:
      [ 0] sp=0x7021FE20 -> 0x7021FED0  LR=0xBEBEBEBE []
      [ 1] sp=0x7021FED0 -> 0x7021FF50  LR=0xBEBEBEBE []
      [ 2] sp=0x7021FF50 -> 0xBEBEBEBE  LR=0x00000000 []
    [0] sp=0x7021FE20 back=0x7021FED0 lr_sp4=0xBEBEBEBE lr_bc8=0x8284D6DC
    [1] sp=0x7021FED0 back=0x7021FF50 lr_sp4=0xBEBEBEBE lr_bc8=0xBCBCBCBC
    [2] sp=0x7021FF50 back=0xBEBEBEBE lr_sp4=0xBEBEBEBE lr_bc8=0x00000000
    [2] END: back=0xBEBEBEBE (zero=0 same=0 valid=0)
  Thread 9: LR=0x8286C5BC [?] SP=0x7024FE20
    Stack frame walk:
      [ 0] sp=0x7024FE20 -> 0x7024FED0  LR=0xBEBEBEBE []
      [ 1] sp=0x7024FED0 -> 0x7024FF50  LR=0xBEBEBEBE []
      [ 2] sp=0x7024FF50 -> 0xBEBEBEBE  LR=0x00000000 []
    [0] sp=0x7024FE20 back=0x7024FED0 lr_sp4=0xBEBEBEBE lr_bc8=0x8284D6DC
    [1] sp=0x7024FED0 back=0x7024FF50 lr_sp4=0xBEBEBEBE lr_bc8=0xBCBCBCBC
    [2] sp=0x7024FF50 back=0xBEBEBEBE lr_sp4=0xBEBEBEBE lr_bc8=0x00000000
    [2] END: back=0xBEBEBEBE (zero=0 same=0 valid=0)
  Thread 10: LR=0x82BF3B2C [?] SP=0x702AF670
    Stack frame walk:
      [ 0] sp=0x702AF670 -> 0x702AFDE0  LR=0xBEBEBEBE []
      [ 1] sp=0x702AFDE0 -> 0x702AFE70  LR=0xBEBEBEBE []
      [ 2] sp=0x702AFE70 -> 0x702AFED0  LR=0xBEBEBEBE []
      [ 3] sp=0x702AFED0 -> 0x702AFF50  LR=0xBEBEBEBE []
      [ 4] sp=0x702AFF50 -> 0xBEBEBEBE  LR=0x00000000 []
    [0] sp=0x702AF670 back=0x702AFDE0 lr_sp4=0xBEBEBEBE lr_bc8=0x82BF4C1C
    [1] sp=0x702AFDE0 back=0x702AFE70 lr_sp4=0xBEBEBEBE lr_bc8=0x82BF3BAC
    [2] sp=0x702AFE70 back=0x702AFED0 lr_sp4=0xBEBEBEBE lr_bc8=0x8284D6DC
    [3] sp=0x702AFED0 back=0x702AFF50 lr_sp4=0xBEBEBEBE lr_bc8=0xBCBCBCBC
    [4] sp=0x702AFF50 back=0xBEBEBEBE lr_sp4=0xBEBEBEBE lr_bc8=0x00000000
    [4] END: back=0xBEBEBEBE (zero=0 same=0 valid=0)
  Thread 11: LR=0x82844CF8 [?] SP=0x7030FC90
    Stack frame walk:
      [ 0] sp=0x7030FC90 -> 0x7030FD10  LR=0x00000000 []
      [ 1] sp=0x7030FD10 -> 0x7030FD90  LR=0x00000000 []
      [ 2] sp=0x7030FD90 -> 0x7030FDF0  LR=0xBEBEBEBE []
      [ 3] sp=0x7030FDF0 -> 0x7030FE70  LR=0xBEBEBEBE []
      [ 4] sp=0x7030FE70 -> 0x7030FED0  LR=0xBEBEBEBE []
      [ 5] sp=0x7030FED0 -> 0x7030FF50  LR=0xBEBEBEBE []
      [ 6] sp=0x7030FF50 -> 0xBEBEBEBE  LR=0x00000000 []
    [0] sp=0x7030FC90 back=0x7030FD10 lr_sp4=0xBEBEBEBE lr_bc8=0x82C57674
    [1] sp=0x7030FD10 back=0x7030FD90 lr_sp4=0x00000000 lr_bc8=0x82C57908
    [2] sp=0x7030FD90 back=0x7030FDF0 lr_sp4=0x00000000 lr_bc8=0x82C4FE40
    [3] sp=0x7030FDF0 back=0x7030FE70 lr_sp4=0xBEBEBEBE lr_bc8=0x82C57490
    [4] sp=0x7030FE70 back=0x7030FED0 lr_sp4=0xBEBEBEBE lr_bc8=0x8284D6DC
    [5] sp=0x7030FED0 back=0x7030FF50 lr_sp4=0xBEBEBEBE lr_bc8=0xBCBCBCBC
    [6] sp=0x7030FF50 back=0xBEBEBEBE lr_sp4=0xBEBEBEBE lr_bc8=0x00000000
    [6] END: back=0xBEBEBEBE (zero=0 same=0 valid=0)
  Thread 12: LR=0x82844CF8 [?] SP=0x7036FC90
    Stack frame walk:
      [ 0] sp=0x7036FC90 -> 0x7036FD10  LR=0x00000000 []
      [ 1] sp=0x7036FD10 -> 0x7036FD90  LR=0x00000000 []
      [ 2] sp=0x7036FD90 -> 0x7036FDF0  LR=0xBEBEBEBE []
      [ 3] sp=0x7036FDF0 -> 0x7036FE70  LR=0xBEBEBEBE []
      [ 4] sp=0x7036FE70 -> 0x7036FED0  LR=0xBEBEBEBE []
      [ 5] sp=0x7036FED0 -> 0x7036FF50  LR=0xBEBEBEBE []
      [ 6] sp=0x7036FF50 -> 0xBEBEBEBE  LR=0x00000000 []
    [0] sp=0x7036FC90 back=0x7036FD10 lr_sp4=0xBEBEBEBE lr_bc8=0x82C57674
    [1] sp=0x7036FD10 back=0x7036FD90 lr_sp4=0x00000000 lr_bc8=0x82C57908
    [2] sp=0x7036FD90 back=0x7036FDF0 lr_sp4=0x00000000 lr_bc8=0x82C4FE40
    [3] sp=0x7036FDF0 back=0x7036FE70 lr_sp4=0xBEBEBEBE lr_bc8=0x82C57490
    [4] sp=0x7036FE70 back=0x7036FED0 lr_sp4=0xBEBEBEBE lr_bc8=0x8284D6DC
    [5] sp=0x7036FED0 back=0x7036FF50 lr_sp4=0xBEBEBEBE lr_bc8=0xBCBCBCBC
    [6] sp=0x7036FF50 back=0xBEBEBEBE lr_sp4=0xBEBEBEBE lr_bc8=0x00000000
    [6] END: back=0xBEBEBEBE (zero=0 same=0 valid=0)
  Thread 13: LR=0x82844CF8 [?] SP=0x7039FDE0
    Stack frame walk:
      [ 0] sp=0x7039FDE0 -> 0x7039FE60  LR=0xBEBEBEBE []
      [ 1] sp=0x7039FE60 -> 0x7039FED0  LR=0xBEBEBEBE []
      [ 2] sp=0x7039FED0 -> 0x7039FF50  LR=0xBEBEBEBE []
      [ 3] sp=0x7039FF50 -> 0xBEBEBEBE  LR=0x00000000 []
    [0] sp=0x7039FDE0 back=0x7039FE60 lr_sp4=0xBEBEBEBE lr_bc8=0x82C510FC
    [1] sp=0x7039FE60 back=0x7039FED0 lr_sp4=0xBEBEBEBE lr_bc8=0x8284D6DC
    [2] sp=0x7039FED0 back=0x7039FF50 lr_sp4=0xBEBEBEBE lr_bc8=0xBCBCBCBC
    [3] sp=0x7039FF50 back=0xBEBEBEBE lr_sp4=0xBEBEBEBE lr_bc8=0x00000000
    [3] END: back=0xBEBEBEBE (zero=0 same=0 valid=0)
  Thread 14: LR=0x82844CF8 [?] SP=0x703FFBD0
    Stack frame walk:
      [ 0] sp=0x703FFBD0 -> 0x703FFC50  LR=0x00000000 []
      [ 1] sp=0x703FFC50 -> 0x703FFCB0  LR=0x434F1A58 []
      [ 2] sp=0x703FFCB0 -> 0x703FFD40  LR=0xBEBEBEBE []
      [ 3] sp=0x703FFD40 -> 0x703FFDB0  LR=0xBEBEBEBE []
      [ 4] sp=0x703FFDB0 -> 0x703FFE70  LR=0xBEBEBEBE []
      [ 5] sp=0x703FFE70 -> 0x703FFED0  LR=0xBEBEBEBE []
      [ 6] sp=0x703FFED0 -> 0x703FFF50  LR=0xBEBEBEBE []
      [ 7] sp=0x703FFF50 -> 0xBEBEBEBE  LR=0x00000000 []
    [0] sp=0x703FFBD0 back=0x703FFC50 lr_sp4=0x00000000 lr_bc8=0x82527ACC
    [1] sp=0x703FFC50 back=0x703FFCB0 lr_sp4=0x00000000 lr_bc8=0x82741948
    [2] sp=0x703FFCB0 back=0x703FFD40 lr_sp4=0x434F1A58 lr_bc8=0x8274279C
    [3] sp=0x703FFD40 back=0x703FFDB0 lr_sp4=0xBEBEBEBE lr_bc8=0x82742884
    [4] sp=0x703FFDB0 back=0x703FFE70 lr_sp4=0xBEBEBEBE lr_bc8=0x82742978
    [5] sp=0x703FFE70 back=0x703FFED0 lr_sp4=0xBEBEBEBE lr_bc8=0x8284D6DC
    [6] sp=0x703FFED0 back=0x703FFF50 lr_sp4=0xBEBEBEBE lr_bc8=0xBCBCBCBC
    [7] sp=0x703FFF50 back=0xBEBEBEBE lr_sp4=0xBEBEBEBE lr_bc8=0x00000000
    [7] END: back=0xBEBEBEBE (zero=0 same=0 valid=0)
i> F80000F0 VdSwap(BF9F8D90, 703FFA40, FFC9B008, 703FFA90, BEEF0001, 703FFA30, 703FFA2C, 703FFA28, 703FFA20, 703FFA24)
i> F8000004 XE_SWAP
i> F80000F0 VdSwap(BFA80890, 703FFA40, FFC9B008, 703FFA90, BEEF0001, 703FFA30, 703FFA2C, 703FFA28, 703FFA20, 703FFA24)
i> F8000004 XE_SWAP
i> F80000F0 VdSwap(BFB08390, 703FFA40, FFC9B008, 703FFA90, BEEF0001, 703FFA30, 703FFA2C, 703FFA28, 703FFA20, 703FFA24)
i> F8000004 XE_SWAP
i> F8000004 NullGPU: LoadShader #1700 type=1 addr=0x1CA80000 dwords=15
i> F80000F0 VdSwap(BFB8FE90, 703FFA40, FFC9B008, 703FFA90, BEEF0001, 703FFA30, 703FFA2C, 703FFA28, 703FFA20, 703FFA24)
i> F8000004 XE_SWAP
i> F80000F0 VdSwap(BDC96C30, 703FFA40, FFC9B008, 703FFA90, BEEF0001, 703FFA30, 703FFA2C, 703FFA28, 703FFA20, 703FFA24)
i> F8000004 XE_SWAP
i> F80000F0 VdSwap(BDD1E710, 703FFA40, FFC9B008, 703FFA90, BEEF0001, 703FFA30, 703FFA2C, 703FFA28, 703FFA20, 703FFA24)
i> F8000004 NullGPU: IssueDraw #7000 prim=1 indices=1
i> F8000004 XE_SWAP
i> F8000004 NullGPU: LoadShader #1800 type=0 addr=0x1DDA5C00 dwords=15
i> F80000F0 VdSwap(BDDA6210, 703FFA40, FFC9B008, 703FFA90, BEEF0001, 703FFA30, 703FFA2C, 703FFA28, 703FFA20, 703FFA24)
i> F8000004 XE_SWAP
i> F80000F0 VdSwap(BDE2DD10, 703FFA40, FFC9B008, 703FFA90, BEEF0001, 703FFA30, 703FFA2C, 703FFA28, 703FFA20, 703FFA24)
i> F8000004 XE_SWAP
i> F80000F0 VdSwap(BDEB5810, 703FFA40, FFC9B008, 703FFA90, BEEF0001, 703FFA30, 703FFA2C, 703FFA28, 703FFA20, 703FFA24)
i> F8000004 XE_SWAP
i> F8000004 NullGPU: LoadShader #1900 type=0 addr=0x1FC97014 dwords=24
i> F80000F0 VdSwap(BDF3D310, 703FFA40, FFC9B008, 703FFA90, BEEF0001, 703FFA30, 703FFA2C, 703FFA28, 703FFA20, 703FFA24)
i> F8000004 XE_SWAP
i> F80000F0 VdSwap(BDFC4E10, 703FFA40, FFC9B008, 703FFA90, BEEF0001, 703FFA30, 703FFA2C, 703FFA28, 703FFA20, 703FFA24)
i> F8000004 XE_SWAP
i> F80000F0 VdSwap(BE04C910, 703FFA40, FFC9B008, 703FFA90, BEEF0001, 703FFA30, 703FFA2C, 703FFA28, 703FFA20, 703FFA24)
i> F8000004 XE_SWAP
i> F8000004 NullGPU: LoadShader #2000 type=1 addr=0x1CA80000 dwords=15
i> F80000F0 VdSwap(BE0D4410, 703FFA40, FFC9B008, 703FFA90, BEEF0001, 703FFA30, 703FFA2C, 703FFA28, 703FFA20, 703FFA24)
i> F8000004 XE_SWAP
i> F8000004 NullGPU: IssueDraw #8000 prim=1 indices=1
i> F80000F0 VdSwap(BE15BF10, 703FFA40, FFC9B008, 703FFA90, BEEF0001, 703FFA30, 703FFA2C, 703FFA28, 703FFA20, 703FFA24)
i> F8000004 XE_SWAP
i> F80000F0 VdSwap(BE1E3908, 703FFA40, FFC9B008, 703FFA90, BEEF0001, 703FFA30, 703FFA2C, 703FFA28, 703FFA20, 703FFA24)
i> F8000004 XE_SWAP
i> F8000004 NullGPU: LoadShader #2100 type=0 addr=0x1E268444 dwords=27
i> F80000F0 VdSwap(BE26B510, 703FFA40, FFC9B008, 703FFA90, BEEF0001, 703FFA30, 703FFA2C, 703FFA28, 703FFA20, 703FFA24)
i> F8000004 XE_SWAP
i> F80000F0 VdSwap(BE2F3010, 703FFA40, FFC9B008, 703FFA90, BEEF0001, 703FFA30, 703FFA2C, 703FFA28, 703FFA20, 703FFA24)
i> F8000004 XE_SWAP
i> F80000F0 VdSwap(BE37AB10, 703FFA40, FFC9B008, 703FFA90, BEEF0001, 703FFA30, 703FFA2C, 703FFA28, 703FFA20, 703FFA24)
i> F8000004 XE_SWAP
i> F8000004 NullGPU: LoadShader #2200 type=0 addr=0x1CA7F0C0 dwords=42
i> F80000F0 VdSwap(BE402610, 703FFA40, FFC9B008, 703FFA90, BEEF0001, 703FFA30, 703FFA2C, 703FFA28, 703FFA20, 703FFA24)
i> F8000004 XE_SWAP
i> F80000F0 VdSwap(BE48A110, 703FFA40, FFC9B008, 703FFA90, BEEF0001, 703FFA30, 703FFA2C, 703FFA28, 703FFA20, 703FFA24)
i> F8000004 XE_SWAP
i> F8000004 NullGPU: IssueDraw #9000 prim=1 indices=1
i> F80000F0 VdSwap(BE511C10, 703FFA40, FFC9B008, 703FFA90, BEEF0001, 703FFA30, 703FFA2C, 703FFA28, 703FFA20, 703FFA24)
i> F8000004 XE_SWAP
i> F8000004 NullGPU: LoadShader #2300 type=1 addr=0x1E595F88 dwords=9
i> F80000F0 VdSwap(BE599710, 703FFA40, FFC9B008, 703FFA90, BEEF0001, 703FFA30, 703FFA2C, 703FFA28, 703FFA20, 703FFA24)
i> F8000004 XE_SWAP
i> F80000F0 VdSwap(BE621210, 703FFA40, FFC9B008, 703FFA90, BEEF0001, 703FFA30, 703FFA2C, 703FFA28, 703FFA20, 703FFA24)
i> F8000004 XE_SWAP
i> F80000F0 VdSwap(BE6A8D10, 703FFA40, FFC9B008, 703FFA90, BEEF0001, 703FFA30, 703FFA2C, 703FFA28, 703FFA20, 703FFA24)
i> F8000004 XE_SWAP
i> F8000004 NullGPU: LoadShader #2400 type=1 addr=0x1FC97080 dwords=9
i> F80000F0 VdSwap(BE730810, 703FFA40, FFC9B008, 703FFA90, BEEF0001, 703FFA30, 703FFA2C, 703FFA28, 703FFA20, 703FFA24)
i> F8000004 XE_SWAP
i> F80000F0 VdSwap(BE7B8310, 703FFA40, FFC9B008, 703FFA90, BEEF0001, 703FFA30, 703FFA2C, 703FFA28, 703FFA20, 703FFA24)
i> F8000004 XE_SWAP
i> F80000F0 VdSwap(BE83FE10, 703FFA40, FFC9B008, 703FFA90, BEEF0001, 703FFA30, 703FFA2C, 703FFA28, 703FFA20, 703FFA24)
i> F8000004 XE_SWAP
i> F8000004 NullGPU: LoadShader #2500 type=0 addr=0x1E8C3EF0 dwords=15
i> F80000F0 VdSwap(BE8C7910, 703FFA40, FFC9B008, 703FFA90, BEEF0001, 703FFA30, 703FFA2C, 703FFA28, 703FFA20, 703FFA24)
i> F8000004 XE_SWAP
i> F8000004 NullGPU: IssueDraw #10000 prim=1 indices=1
i> F80000F0 VdSwap(BE94F410, 703FFA40, FFC9B008, 703FFA90, BEEF0001, 703FFA30, 703FFA2C, 703FFA28, 703FFA20, 703FFA24)
i> F8000004 XE_SWAP
i> F80000F0 VdSwap(BE9D6F10, 703FFA40, FFC9B008, 703FFA90, BEEF0001, 703FFA30, 703FFA2C, 703FFA28, 703FFA20, 703FFA24)
i> F8000004 XE_SWAP
i> F8000004 NullGPU: LoadShader #2600 type=0 addr=0x1CA77600 dwords=51
i> F80000F0 VdSwap(BEA5EA10, 703FFA40, FFC9B008, 703FFA90, BEEF0001, 703FFA30, 703FFA2C, 703FFA28, 703FFA20, 703FFA24)
i> F8000004 XE_SWAP
i> F80000F0 VdSwap(BEAE6510, 703FFA40, FFC9B008, 703FFA90, BEEF0001, 703FFA30, 703FFA2C, 703FFA28, 703FFA20, 703FFA24)
i> F8000004 XE_SWAP
i> F80000F0 VdSwap(BEB6E010, 703FFA40, FFC9B008, 703FFA90, BEEF0001, 703FFA30, 703FFA2C, 703FFA28, 703FFA20, 703FFA24)
i> F8000004 XE_SWAP
i> F8000004 NullGPU: LoadShader #2700 type=1 addr=0x1FC97080 dwords=9
i> F80000F0 VdSwap(BEBF5B10, 703FFA40, FFC9B008, 703FFA90, BEEF0001, 703FFA30, 703FFA2C, 703FFA28, 703FFA20, 703FFA24)
i> F8000004 XE_SWAP
i> F80000F0 VdSwap(BEC7D610, 703FFA40, FFC9B008, 703FFA90, BEEF0001, 703FFA30, 703FFA2C, 703FFA28, 703FFA20, 703FFA24)
i> F8000004 XE_SWAP
i> F8000004 NullGPU: IssueDraw #11000 prim=1 indices=1
i> F80000F0 VdSwap(BED05110, 703FFA40, FFC9B008, 703FFA90, BEEF0001, 703FFA30, 703FFA2C, 703FFA28, 703FFA20, 703FFA24)
i> F8000004 XE_SWAP
i> F8000004 NullGPU: LoadShader #2800 type=1 addr=0x1ED88984 dwords=9
i> F80000F0 VdSwap(BED8CC10, 703FFA40, FFC9B008, 703FFA90, BEEF0001, 703FFA30, 703FFA2C, 703FFA28, 703FFA20, 703FFA24)
i> F8000004 XE_SWAP
i> F80000F0 VdSwap(BEE14710, 703FFA40, FFC9B008, 703FFA90, BEEF0001, 703FFA30, 703FFA2C, 703FFA28, 703FFA20, 703FFA24)
i> F8000004 XE_SWAP
i> F80000F0 VdSwap(BEE9C210, 703FFA40, FFC9B008, 703FFA90, BEEF0001, 703FFA30, 703FFA2C, 703FFA28, 703FFA20, 703FFA24)
i> F8000004 XE_SWAP
i> F8000004 NullGPU: LoadShader #2900 type=0 addr=0x1EF1F814 dwords=15
i> F80000F0 VdSwap(BEF23D10, 703FFA40, FFC9B008, 703FFA90, BEEF0001, 703FFA30, 703FFA2C, 703FFA28, 703FFA20, 703FFA24)
i> F8000004 XE_SWAP
i> F80000F0 VdSwap(BEFAB810, 703FFA40, FFC9B008, 703FFA90, BEEF0001, 703FFA30, 703FFA2C, 703FFA28, 703FFA20, 703FFA24)
i> F8000004 XE_SWAP
i> F80000F0 VdSwap(BF033310, 703FFA40, FFC9B008, 703FFA90, BEEF0001, 703FFA30, 703FFA2C, 703FFA28, 703FFA20, 703FFA24)
i> F8000004 XE_SWAP
i> F8000004 NullGPU: LoadShader #3000 type=1 addr=0x1CA88040 dwords=33
i> F80000F0 VdSwap(BF0BAE10, 703FFA40, FFC9B008, 703FFA90, BEEF0001, 703FFA30, 703FFA2C, 703FFA28, 703FFA20, 703FFA24)
i> F8000004 XE_SWAP
i> F8000004 NullGPU: IssueDraw #12000 prim=1 indices=1
i> F80000F0 VdSwap(BF142910, 703FFA40, FFC9B008, 703FFA90, BEEF0001, 703FFA30, 703FFA2C, 703FFA28, 703FFA20, 703FFA24)
i> F8000004 XE_SWAP
i> F8000004 NullGPU: IssueSwap #100 fb_ptr=0x1D1C8000 1280x720
i> F80000F0 VdSwap(BF1CA410, 703FFA40, FFC9B008, 703FFA90, BEEF0001, 703FFA30, 703FFA2C, 703FFA28, 703FFA20, 703FFA24)
i> F8000004 NullGPU: LoadShader #3100 type=0 addr=0x1FC97014 dwords=24
i> F8000004 XE_SWAP
i> F80000F0 VdSwap(BF251F10, 703FFA40, FFC9B008, 703FFA90, BEEF0001, 703FFA30, 703FFA2C, 703FFA28, 703FFA20, 703FFA24)
i> F8000004 XE_SWAP
i> F80000F0 VdSwap(BF2D9A10, 703FFA40, FFC9B008, 703FFA90, BEEF0001, 703FFA30, 703FFA2C, 703FFA28, 703FFA20, 703FFA24)
i> F8000004 XE_SWAP
i> F8000004 NullGPU: LoadShader #3200 type=0 addr=0x1F360F00 dwords=15
i> F80000F0 VdSwap(BF361510, 703FFA40, FFC9B008, 703FFA90, BEEF0001, 703FFA30, 703FFA2C, 703FFA28, 703FFA20, 703FFA24)
i> F8000004 XE_SWAP
i> F80000F0 VdSwap(BF3E9010, 703FFA40, FFC9B008, 703FFA90, BEEF0001, 703FFA30, 703FFA2C, 703FFA28, 703FFA20, 703FFA24)
i> F8000004 XE_SWAP
i> F80000F0 VdSwap(BF470A08, 703FFA40, FFC9B008, 703FFA90, BEEF0001, 703FFA30, 703FFA2C, 703FFA28, 703FFA20, 703FFA24)
i> F8000004 XE_SWAP
i> F8000004 NullGPU: LoadShader #3300 type=0 addr=0x1FC97014 dwords=24
i> F8000004 NullGPU: IssueDraw #13000 prim=1 indices=1
i> F80000F0 VdSwap(BF4F8610, 703FFA40, FFC9B008, 703FFA90, BEEF0001, 703FFA30, 703FFA2C, 703FFA28, 703FFA20, 703FFA24)
i> F8000004 XE_SWAP
i> F80000F0 VdSwap(BF580110, 703FFA40, FFC9B008, 703FFA90, BEEF0001, 703FFA30, 703FFA2C, 703FFA28, 703FFA20, 703FFA24)
i> F8000004 XE_SWAP
i> F80000F0 VdSwap(BF607C10, 703FFA40, FFC9B008, 703FFA90, BEEF0001, 703FFA30, 703FFA2C, 703FFA28, 703FFA20, 703FFA24)
i> F8000004 XE_SWAP
i> F8000004 NullGPU: LoadShader #3400 type=1 addr=0x1CA80000 dwords=15
i> F80000F0 VdSwap(BF68F710, 703FFA40, FFC9B008, 703FFA90, BEEF0001, 703FFA30, 703FFA2C, 703FFA28, 703FFA20, 703FFA24)
i> F8000004 XE_SWAP
i> F80000F0 VdSwap(BF717210, 703FFA40, FFC9B008, 703FFA90, BEEF0001, 703FFA30, 703FFA2C, 703FFA28, 703FFA20, 703FFA24)
i> F8000004 XE_SWAP
i> F80000F0 VdSwap(BF79ED10, 703FFA40, FFC9B008, 703FFA90, BEEF0001, 703FFA30, 703FFA2C, 703FFA28, 703FFA20, 703FFA24)
i> F8000004 XE_SWAP
i> F8000004 NullGPU: LoadShader #3500 type=0 addr=0x1F826200 dwords=15
i> F80000F0 VdSwap(BF826810, 703FFA40, FFC9B008, 703FFA90, BEEF0001, 703FFA30, 703FFA2C, 703FFA28, 703FFA20, 703FFA24)
i> F8000004 XE_SWAP
i> F80000F0 VdSwap(BF8AE310, 703FFA40, FFC9B008, 703FFA90, BEEF0001, 703FFA30, 703FFA2C, 703FFA28, 703FFA20, 703FFA24)
i> F8000004 XE_SWAP
i> F8000004 NullGPU: IssueDraw #14000 prim=1 indices=1
i> F80000F0 VdSwap(BF935E10, 703FFA40, FFC9B008, 703FFA90, BEEF0001, 703FFA30, 703FFA2C, 703FFA28, 703FFA20, 703FFA24)
i> F8000004 XE_SWAP
i> F8000004 NullGPU: LoadShader #3600 type=0 addr=0x1FC97014 dwords=24
i> F80000F0 VdSwap(BF9BD910, 703FFA40, FFC9B008, 703FFA90, BEEF0001, 703FFA30, 703FFA2C, 703FFA28, 703FFA20, 703FFA24)
i> F8000004 XE_SWAP
i> F80000F0 VdSwap(BFA45410, 703FFA40, FFC9B008, 703FFA90, BEEF0001, 703FFA30, 703FFA2C, 703FFA28, 703FFA20, 703FFA24)
i> F8000004 XE_SWAP
i> F80000F0 VdSwap(BFACCF10, 703FFA40, FFC9B008, 703FFA90, BEEF0001, 703FFA30, 703FFA2C, 703FFA28, 703FFA20, 703FFA24)
i> F8000004 XE_SWAP
i> F8000004 NullGPU: LoadShader #3700 type=1 addr=0x1CA80000 dwords=15
i> F80000F0 VdSwap(BFB54A10, 703FFA40, FFC9B008, 703FFA90, BEEF0001, 703FFA30, 703FFA2C, 703FFA28, 703FFA20, 703FFA24)
i> F8000004 XE_SWAP
i> F80000F0 VdSwap(BFBDC510, 703FFA40, FFC9B008, 703FFA90, BEEF0001, 703FFA30, 703FFA2C, 703FFA28, 703FFA20, 703FFA24)
i> F8000004 XE_SWAP
i> F80000F0 VdSwap(BDC96C30, 703FFA40, FFC9B008, 703FFA90, BEEF0001, 703FFA30, 703FFA2C, 703FFA28, 703FFA20, 703FFA24)
i> F8000004 XE_SWAP
i> F8000004 NullGPU: LoadShader #3800 type=0 addr=0x1DD1B644 dwords=27
i> F8000004 NullGPU: IssueDraw #15000 prim=1 indices=1
i> F80000F0 VdSwap(BDD1E710, 703FFA40, FFC9B008, 703FFA90, BEEF0001, 703FFA30, 703FFA2C, 703FFA28, 703FFA20, 703FFA24)
i> F8000004 XE_SWAP
i> F80000F0 VdSwap(BDDA6210, 703FFA40, FFC9B008, 703FFA90, BEEF0001, 703FFA30, 703FFA2C, 703FFA28, 703FFA20, 703FFA24)
i> F8000004 XE_SWAP
i> F80000F0 VdSwap(BDE2DD10, 703FFA40, FFC9B008, 703FFA90, BEEF0001, 703FFA30, 703FFA2C, 703FFA28, 703FFA20, 703FFA24)
i> F8000004 XE_SWAP
i> F8000004 NullGPU: LoadShader #3900 type=0 addr=0x1CA7F0C0 dwords=42
i> F80000F0 VdSwap(BDEB5810, 703FFA40, FFC9B008, 703FFA90, BEEF0001, 703FFA30, 703FFA2C, 703FFA28, 703FFA20, 703FFA24)
i> F8000004 XE_SWAP
i> F80000F0 VdSwap(BDF3D310, 703FFA40, FFC9B008, 703FFA90, BEEF0001, 703FFA30, 703FFA2C, 703FFA28, 703FFA20, 703FFA24)
i> F8000004 XE_SWAP
i> F80000F0 VdSwap(BDFC4E10, 703FFA40, FFC9B008, 703FFA90, BEEF0001, 703FFA30, 703FFA2C, 703FFA28, 703FFA20, 703FFA24)
i> F8000004 XE_SWAP
i> F8000004 NullGPU: LoadShader #4000 type=1 addr=0x1E049188 dwords=9
i> F80000F0 VdSwap(BE04C910, 703FFA40, FFC9B008, 703FFA90, BEEF0001, 703FFA30, 703FFA2C, 703FFA28, 703FFA20, 703FFA24)
i> F8000004 XE_SWAP
i> F80000F0 VdSwap(BE0D4410, 703FFA40, FFC9B008, 703FFA90, BEEF0001, 703FFA30, 703FFA2C, 703FFA28, 703FFA20, 703FFA24)
i> F8000004 XE_SWAP
i> F8000004 NullGPU: IssueDraw #16000 prim=1 indices=1
i> F80000F0 VdSwap(BE15BF10, 703FFA40, FFC9B008, 703FFA90, BEEF0001, 703FFA30, 703FFA2C, 703FFA28, 703FFA20, 703FFA24)
i> F8000004 XE_SWAP
i> F8000004 NullGPU: LoadShader #4100 type=1 addr=0x1FC97080 dwords=9
i> F80000F0 VdSwap(BE1E3A10, 703FFA40, FFC9B008, 703FFA90, BEEF0001, 703FFA30, 703FFA2C, 703FFA28, 703FFA20, 703FFA24)
i> F8000004 XE_SWAP
i> F80000F0 VdSwap(BE26B510, 703FFA40, FFC9B008, 703FFA90, BEEF0001, 703FFA30, 703FFA2C, 703FFA28, 703FFA20, 703FFA24)
i> F8000004 XE_SWAP
i> F80000F0 VdSwap(BE2F3010, 703FFA40, FFC9B008, 703FFA90, BEEF0001, 703FFA30, 703FFA2C, 703FFA28, 703FFA20, 703FFA24)
i> F8000004 XE_SWAP
i> F8000004 NullGPU: LoadShader #4200 type=0 addr=0x1E3770F0 dwords=15
i> F80000F0 VdSwap(BE37AB10, 703FFA40, FFC9B008, 703FFA90, BEEF0001, 703FFA30, 703FFA2C, 703FFA28, 703FFA20, 703FFA24)
i> F8000004 XE_SWAP
i> F80000F0 VdSwap(BE402610, 703FFA40, FFC9B008, 703FFA90, BEEF0001, 703FFA30, 703FFA2C, 703FFA28, 703FFA20, 703FFA24)
i> F8000004 XE_SWAP
i> F80000F0 VdSwap(BE48A110, 703FFA40, FFC9B008, 703FFA90, BEEF0001, 703FFA30, 703FFA2C, 703FFA28, 703FFA20, 703FFA24)
i> F8000004 XE_SWAP
i> F8000004 NullGPU: LoadShader #4300 type=0 addr=0x1CA77600 dwords=51
i> F8000004 NullGPU: IssueDraw #17000 prim=1 indices=1
i> F800002C NtReadFile #500 tid=6 handle=0xF800008C len=65536 offset=325124096
i> F80000F0 VdSwap(BE511C10, 703FFA40, FFC9B008, 703FFA90, BEEF0001, 703FFA30, 703FFA2C, 703FFA28, 703FFA20, 703FFA24)
i> F8000004 XE_SWAP
i> F80000F0 VdSwap(BE599608, 703FFA40, FFC9B008, 703FFA90, BEEF0001, 703FFA30, 703FFA2C, 703FFA28, 703FFA20, 703FFA24)
i> F8000004 XE_SWAP
i> F80000F0 VdSwap(BE621210, 703FFA40, FFC9B008, 703FFA90, BEEF0001, 703FFA30, 703FFA2C, 703FFA28, 703FFA20, 703FFA24)
i> F8000004 XE_SWAP
i> F8000004 NullGPU: LoadShader #4400 type=1 addr=0x1FC97080 dwords=9
i> F80000F0 VdSwap(BE6A8D10, 703FFA40, FFC9B008, 703FFA90, BEEF0001, 703FFA30, 703FFA2C, 703FFA28, 703FFA20, 703FFA24)
i> F8000004 XE_SWAP
i> F80000F0 VdSwap(BE730810, 703FFA40, FFC9B008, 703FFA90, BEEF0001, 703FFA30, 703FFA2C, 703FFA28, 703FFA20, 703FFA24)
i> F8000004 XE_SWAP
i> F80000F0 VdSwap(BE7B8A6C, 703FFA40, FFC9B008, 703FFA90, BEEF0001, 703FFA30, 703FFA2C, 703FFA28, 703FFA20, 703FFA24)
i> F8000004 XE_SWAP
i> F8000004 NullGPU: LoadShader #4500 type=0 addr=0x1CA87000 dwords=42
i> F80000F0 VdSwap(BE83FDA8, 703FFA40, FFC9B008, 703FFA90, BEEF0001, 703FFA30, 703FFA2C, 703FFA28, 703FFA20, 703FFA24)
i> F8000004 XE_SWAP
i> F80000F0 VdSwap(BE8C7990, 703FFA40, FFC9B008, 703FFA90, BEEF0001, 703FFA30, 703FFA2C, 703FFA28, 703FFA20, 703FFA24)
i> F8000004 NullGPU: IssueDraw #18000 prim=1 indices=1
i> F8000004 XE_SWAP
i> F80000F0 VdSwap(BE94F490, 703FFA40, FFC9B008, 703FFA90, BEEF0001, 703FFA30, 703FFA2C, 703FFA28, 703FFA20, 703FFA24)
i> F8000004 NullGPU: LoadShader #4600 type=1 addr=0x1FC97080 dwords=9
i> F8000004 XE_SWAP
=== Thread Status Report (6005ms) === 14 threads, SIGSEGV=0 last_fault=0x0 last_rip=0x0
  Thread 1: LR=0x00000000 [?] SP=0x70030000
  Thread 2: LR=0x00000000 [?] SP=0x70070000
  Thread 3: LR=0x00000000 [?] SP=0x700B0000
  Thread 4: LR=0x00000000 [?] SP=0x700F0000
  Thread 5: LR=0x00000000 [?] SP=0x70130000
  Thread 6: LR=0x8252C9A4 [?] SP=0x7018E9D0
    regs: r3=0x436228D4 r4=0x427FCD34 r5=0x00000002 r8=0x00000000 r9=0x00000000 r10=0x82DFBB38
          r11=0x00000001 r12=0x827C3528 r29=0x427FCD34 r30=0x00000002 r31=0x436228D0 CTR=0x8252E0A0
    r12 @0x827C3528: 817F0024 7D6BF214 917F0024 38210070 48065D74 00000000 7D8802A6 9181FFF8
    r31+4 RTL_CS[0x436228D4]: 00001611 444D8929 4FD915DB 79B9AEE6 8B47CD78 5FA41989 5E3C7859
      type=0 abs=0 lock=-731787912 rec=1604589961 owner=0x5E3C7859
i> F80000F0 VdSwap(BE9D6F90, 703FFA40, FFC9B008, 703FFA90, BEEF0001, 703FFA30, 703FFA2C, 703FFA28, 703FFA20, 703FFA24)
i> F8000004 XE_SWAP
i> F80000F0 VdSwap(BEA5EA90, 703FFA40, FFC9B008, 703FFA90, BEEF0001, 703FFA30, 703FFA2C, 703FFA28, 703FFA20, 703FFA24)
i> F8000004 XE_SWAP
i> F8000004 NullGPU: LoadShader #4700 type=0 addr=0x1EAE6170 dwords=15
i> F80000F0 VdSwap(BEAE6590, 703FFA40, FFC9B008, 703FFA90, BEEF0001, 703FFA30, 703FFA2C, 703FFA28, 703FFA20, 703FFA24)
i> F8000004 XE_SWAP
i> F80000F0 VdSwap(BEB6E090, 703FFA40, FFC9B008, 703FFA90, BEEF0001, 703FFA30, 703FFA2C, 703FFA28, 703FFA20, 703FFA24)
i> F8000004 XE_SWAP
    JIT IP samples (50ms apart):
      [0] guest 0x00000000 []
      [1] guest 0x00000000 []
      [2] guest 0x00000000 []
    IAT[RtlEnterCS @ 0x823996E8] = 0x4BEE4499
    Thunk[0x83A00964]: 00000000 00000000 00000000 00000000 (expect: 44000042 4E800020 60000000 60000000)
    Thunk fn: NOT FOUND by QueryFunction
    Indirection[0x83A00964] = 0x00000000
    RtlEnterCS=902166 RtlInitCS=56 RtlLeaveCS=902163
    Function probes (present pipeline):
      0x8311AC20 mainCRTStartup         NOT COMPILED
      0x82463930 main()                 NOT COMPILED
      0x8300D2EC App::App()             NOT COMPILED
      0x833A3B94 DxRnd::PreInit(HWND)   NOT COMPILED
      0x833A40D0 DxRnd::PreInit(virt)   NOT COMPILED
      0x83184310 Rnd::PreInit           NOT COMPILED
      0x82A4B350 Movie::Init            NOT COMPILED
      0x83438C9C BinkMovieSys::Init     NOT COMPILED
      0x833A404C Rnd::SetClearColor     NOT COMPILED
      0x834E24DC Splash::Splash(ctor)   NOT COMPILED
      0x82B20DD0 OptionBool             NOT COMPILED
      0x83409780 ULSystemLocale         NOT COMPILED
      0x834E2050 Splash::PrepareNext    NOT COMPILED
      0x834E2DEC Splash::BeginSplasher  NOT COMPILED
      0x834E21B8 Splash::PrepareRemaining NOT COMPILED
      0x832AAAFC LiveCameraInput::PreInit NOT COMPILED
      0x832AABE4 LiveCameraInput::Init  NOT COMPILED
      0x832F69BC SynthPreInit           NOT COMPILED
      0x832F6B34 SynthInit              NOT COMPILED
      0x835181F0 SystemInit             NOT COMPILED
      0x82BC2F80 MagnuInit              NOT COMPILED
      0x82AE9FC0 DataInit               NOT COMPILED
      0x83154308 ObjectDir::PreInit     NOT COMPILED
      0x83151AD8 ObjectDir::Init        NOT COMPILED
      0x83413CDC FileInit               NOT COMPILED
      0x8343B8AC LoadMgr::Init          NOT COMPILED
      0x833A3E84 DxRnd::Init(HWND)      NOT COMPILED
      0x833A40D8 DxRnd::Init(virt)      NOT COMPILED
      0x8317EEB0 Rnd::Init(virt)        NOT COMPILED
      0x8356CB88 DingoServer::Init      NOT COMPILED
      0x82B1DE50 RockCentral::Init      NOT COMPILED
      0x82A37CE8 HamUserMgrInit         NOT COMPILED
      0x83085950 FlowInit               NOT COMPILED
      0x83123E60 CharInit               NOT COMPILED
      0x834F7864 SaveLoadManager::Init  NOT COMPILED
      0x82931E38 MidiParser::Init       NOT COMPILED
      0x8342E428 UIManager::Init        NOT COMPILED
      0x8342BEA8 UIManager ctor         NOT COMPILED
      0x83429904 UIManager::GotoFirstScreen NOT COMPILED
      0x8300DB7C App::Run()             NOT COMPILED
      0x8300C1A4 RunWithoutDbg          NOT COMPILED
      0x8300ABE0 App::DrawRegular       NOT COMPILED
      0x8300B0D8 MainThread             NOT COMPILED
      0x8339FBD0 DxRnd::Present         NOT COMPILED
      0x8301BC40 Game::PostUpdate       NOT COMPILED
      0x837EAABC D3DDevice_Swap         NOT COMPILED
      0x83941440 PIXAddPixOpWithData    NOT COMPILED
      0x8256EDC8 NavListSortMgr::ClearHeaders NOT COMPILED
      0x8256EEE8 NavListSortMgr::GetFirstChild NOT COMPILED
    Heap[0x82000000]: type=1 alloc_len=0x0
    Host ptr for 0x82000000: 0x182000000
    Read 0x82000000: 0x4D5A9000 (MZ)
    Guest code near LR=0x8252C9A4:
      0x8252C944: 7FE3FB78
      0x8252C948: 817D0004
      0x8252C94C: 93CB0000
      0x8252C950: 917E0004
      0x8252C954: 4BFFF9DD
      0x8252C958: 7FA4EB78
      0x8252C95C: 3860001C
      0x8252C960: 482900F1
      0x8252C964: 7FDDF378
      0x8252C968: 48000008
      0x8252C96C: 83BD0000
      0x8252C970: 7F1DE040
      0x8252C974: 409AFF28
      0x8252C978: 38210090
      0x8252C97C: 482FC928
      0x8252C980: 7D8802A6
      0x8252C984: 482FC8C9
      0x8252C988: 9421FEF0
      0x8252C98C: 7C7F1B78
      0x8252C990: 4BF78281
      0x8252C994: 3D6082E0
      0x8252C998: 3BCBD13C
      0x8252C99C: 7FC3F378
      0x8252C9A0: 48007A39
      0x8252C9A4: 817F0044  <-- LR
      0x8252C9A8: 3B9F0020
      0x8252C9AC: 2F0B0000
      0x8252C9B0: 40990028
      0x8252C9B4: 7D6C42E6
      0x8252C9B8: 815C0000
      0x8252C9BC: 5569003E
      0x8252C9C0: E97C0008
      0x8252C9C4: 7D4A4850
      0x8252C9C8: 913C0000
      0x8252C9CC: 794A0020
      0x8252C9D0: 7D6A5A14
      0x8252C9D4: F97C0008
      0x8252C9D8: 817F0018
      0x8252C9DC: 3B200000
      0x8252C9E0: 2B0B0000
    Stub@0x8340E198 CX2SourceVoice::Initialize    : 00000000 00000000 *** NOT STUBBED ***
    Stub@0x8340E578 CX2SourceVoice::Start         : 00000000 00000000 *** NOT STUBBED ***
    Stub@0x8340E6CC CX2SourceVoice::Stop          : 00000000 00000000 *** NOT STUBBED ***
    NotifyList[0x83B14C3C] head=0x00000000 (NON-EMPTY)
    [0] sp=0x7018E9D0 back=0x00000000 lr_sp4=0x7018EDA0 lr_bc8=0x00000000
    [0] END: back=0x00000000 (zero=1 same=0 valid=0)
  Thread 7: LR=0x82845144 [?] SP=0x701EFCC0
    [0] sp=0x701EFCC0 back=0x701EFD30 lr_sp4=0xBEBEBEBE lr_bc8=0x8252A370
    [1] sp=0x701EFD30 back=0x701EFE70 lr_sp4=0xBEBEBEBE lr_bc8=0x8252A3C4
    [2] sp=0x701EFE70 back=0x701EFED0 lr_sp4=0xBEBEBEBE lr_bc8=0x8284D6DC
    [3] sp=0x701EFED0 back=0x701EFF50 lr_sp4=0xBEBEBEBE lr_bc8=0xBCBCBCBC
    [4] sp=0x701EFF50 back=0xBEBEBEBE lr_sp4=0xBEBEBEBE lr_bc8=0x00000000
    [4] END: back=0xBEBEBEBE (zero=0 same=0 valid=0)
  Thread 8: LR=0x8286C5BC [?] SP=0x7021FE20
    [0] sp=0x7021FE20 back=0x7021FED0 lr_sp4=0xBEBEBEBE lr_bc8=0x8284D6DC
    [1] sp=0x7021FED0 back=0x7021FF50 lr_sp4=0xBEBEBEBE lr_bc8=0xBCBCBCBC
    [2] sp=0x7021FF50 back=0xBEBEBEBE lr_sp4=0xBEBEBEBE lr_bc8=0x00000000
    [2] END: back=0xBEBEBEBE (zero=0 same=0 valid=0)
  Thread 9: LR=0x8286C5BC [?] SP=0x7024FE20
    [0] sp=0x7024FE20 back=0x7024FED0 lr_sp4=0xBEBEBEBE lr_bc8=0x8284D6DC
    [1] sp=0x7024FED0 back=0x7024FF50 lr_sp4=0xBEBEBEBE lr_bc8=0xBCBCBCBC
    [2] sp=0x7024FF50 back=0xBEBEBEBE lr_sp4=0xBEBEBEBE lr_bc8=0x00000000
    [2] END: back=0xBEBEBEBE (zero=0 same=0 valid=0)
  Thread 10: LR=0x82BF3B2C [?] SP=0x702AF670
    [0] sp=0x702AF670 back=0x702AFDE0 lr_sp4=0xBEBEBEBE lr_bc8=0x82BF4C1C
    [1] sp=0x702AFDE0 back=0x702AFE70 lr_sp4=0xBEBEBEBE lr_bc8=0x82BF3BAC
    [2] sp=0x702AFE70 back=0x702AFED0 lr_sp4=0xBEBEBEBE lr_bc8=0x8284D6DC
    [3] sp=0x702AFED0 back=0x702AFF50 lr_sp4=0xBEBEBEBE lr_bc8=0xBCBCBCBC
    [4] sp=0x702AFF50 back=0xBEBEBEBE lr_sp4=0xBEBEBEBE lr_bc8=0x00000000
    [4] END: back=0xBEBEBEBE (zero=0 same=0 valid=0)
  Thread 11: LR=0x82844CF8 [?] SP=0x7030FC90
    [0] sp=0x7030FC90 back=0x7030FD10 lr_sp4=0xBEBEBEBE lr_bc8=0x82C57674
    [1] sp=0x7030FD10 back=0x7030FD90 lr_sp4=0x00000000 lr_bc8=0x82C57908
    [2] sp=0x7030FD90 back=0x7030FDF0 lr_sp4=0x00000000 lr_bc8=0x82C4FE40
    [3] sp=0x7030FDF0 back=0x7030FE70 lr_sp4=0xBEBEBEBE lr_bc8=0x82C57490
    [4] sp=0x7030FE70 back=0x7030FED0 lr_sp4=0xBEBEBEBE lr_bc8=0x8284D6DC
    [5] sp=0x7030FED0 back=0x7030FF50 lr_sp4=0xBEBEBEBE lr_bc8=0xBCBCBCBC
    [6] sp=0x7030FF50 back=0xBEBEBEBE lr_sp4=0xBEBEBEBE lr_bc8=0x00000000
    [6] END: back=0xBEBEBEBE (zero=0 same=0 valid=0)
  Thread 12: LR=0x82844CF8 [?] SP=0x7036FC90
    [0] sp=0x7036FC90 back=0x7036FD10 lr_sp4=0xBEBEBEBE lr_bc8=0x82C57674
    [1] sp=0x7036FD10 back=0x7036FD90 lr_sp4=0x00000000 lr_bc8=0x82C57908
    [2] sp=0x7036FD90 back=0x7036FDF0 lr_sp4=0x00000000 lr_bc8=0x82C4FE40
    [3] sp=0x7036FDF0 back=0x7036FE70 lr_sp4=0xBEBEBEBE lr_bc8=0x82C57490
    [4] sp=0x7036FE70 back=0x7036FED0 lr_sp4=0xBEBEBEBE lr_bc8=0x8284D6DC
    [5] sp=0x7036FED0 back=0x7036FF50 lr_sp4=0xBEBEBEBE lr_bc8=0xBCBCBCBC
    [6] sp=0x7036FF50 back=0xBEBEBEBE lr_sp4=0xBEBEBEBE lr_bc8=0x00000000
    [6] END: back=0xBEBEBEBE (zero=0 same=0 valid=0)
  Thread 13: LR=0x82844CF8 [?] SP=0x7039FDE0
    [0] sp=0x7039FDE0 back=0x7039FE60 lr_sp4=0xBEBEBEBE lr_bc8=0x82C510FC
    [1] sp=0x7039FE60 back=0x7039FED0 lr_sp4=0xBEBEBEBE lr_bc8=0x8284D6DC
    [2] sp=0x7039FED0 back=0x7039FF50 lr_sp4=0xBEBEBEBE lr_bc8=0xBCBCBCBC
    [3] sp=0x7039FF50 back=0xBEBEBEBE lr_sp4=0xBEBEBEBE lr_bc8=0x00000000
    [3] END: back=0xBEBEBEBE (zero=0 same=0 valid=0)
  Thread 14: LR=0x82844CF8 [?] SP=0x703FFBD0
    [0] sp=0x703FFBD0 back=0x703FFC50 lr_sp4=0x00000000 lr_bc8=0x82527ACC
    [1] sp=0x703FFC50 back=0x703FFCB0 lr_sp4=0x00000000 lr_bc8=0x82741948
    [2] sp=0x703FFCB0 back=0x703FFD40 lr_sp4=0x434F1A58 lr_bc8=0x8274279C
    [3] sp=0x703FFD40 back=0x703FFDB0 lr_sp4=0xBEBEBEBE lr_bc8=0x82742884
    [4] sp=0x703FFDB0 back=0x703FFE70 lr_sp4=0xBEBEBEBE lr_bc8=0x82742978
    [5] sp=0x703FFE70 back=0x703FFED0 lr_sp4=0xBEBEBEBE lr_bc8=0x8284D6DC
    [6] sp=0x703FFED0 back=0x703FFF50 lr_sp4=0xBEBEBEBE lr_bc8=0xBCBCBCBC
    [7] sp=0x703FFF50 back=0xBEBEBEBE lr_sp4=0xBEBEBEBE lr_bc8=0x00000000
    [7] END: back=0xBEBEBEBE (zero=0 same=0 valid=0)
i> F80000F0 VdSwap(BEBF5B90, 703FFA40, FFC9B008, 703FFA90, BEEF0001, 703FFA30, 703FFA2C, 703FFA28, 703FFA20, 703FFA24)
i> F8000004 XE_SWAP
i> F8000004 NullGPU: LoadShader #4800 type=1 addr=0x1FC97080 dwords=9
i> F80000F0 VdSwap(BEC7D690, 703FFA40, FFC9B008, 703FFA90, BEEF0001, 703FFA30, 703FFA2C, 703FFA28, 703FFA20, 703FFA24)
i> F8000004 XE_SWAP
i> F8000004 NullGPU: IssueDraw #19000 prim=1 indices=1
i> F80000F0 VdSwap(BED05190, 703FFA40, FFC9B008, 703FFA90, BEEF0001, 703FFA30, 703FFA2C, 703FFA28, 703FFA20, 703FFA24)
i> F8000004 XE_SWAP
i> F80000F0 VdSwap(BED8CC90, 703FFA40, FFC9B008, 703FFA90, BEEF0001, 703FFA30, 703FFA2C, 703FFA28, 703FFA20, 703FFA24)
i> F8000004 XE_SWAP
i> F8000004 NullGPU: LoadShader #4900 type=0 addr=0x1CA7F000 dwords=42
i> F80000F0 VdSwap(BEE14790, 703FFA40, FFC9B008, 703FFA90, BEEF0001, 703FFA30, 703FFA2C, 703FFA28, 703FFA20, 703FFA24)
i> F8000004 XE_SWAP
i> F80000F0 VdSwap(BEE9C290, 703FFA40, FFC9B008, 703FFA90, BEEF0001, 703FFA30, 703FFA2C, 703FFA28, 703FFA20, 703FFA24)
i> F8000004 XE_SWAP
i> F80000F0 VdSwap(BEF23D90, 703FFA40, FFC9B008, 703FFA90, BEEF0001, 703FFA30, 703FFA2C, 703FFA28, 703FFA20, 703FFA24)
i> F8000004 XE_SWAP
i> F8000004 NullGPU: LoadShader #5000 type=0 addr=0x1EFAB470 dwords=15
i> F80000F0 VdSwap(BEFAB890, 703FFA40, FFC9B008, 703FFA90, BEEF0001, 703FFA30, 703FFA2C, 703FFA28, 703FFA20, 703FFA24)
i> F8000004 XE_SWAP
i> F80000F0 VdSwap(BF033390, 703FFA40, FFC9B008, 703FFA90, BEEF0001, 703FFA30, 703FFA2C, 703FFA28, 703FFA20, 703FFA24)
i> F8000004 XE_SWAP
i> F80000F0 VdSwap(BF0BAE90, 703FFA40, FFC9B008, 703FFA90, BEEF0001, 703FFA30, 703FFA2C, 703FFA28, 703FFA20, 703FFA24)
i> F8000004 NullGPU: IssueDraw #20000 prim=1 indices=1
i> F8000004 XE_SWAP
i> F8000004 NullGPU: LoadShader #5100 type=1 addr=0x1FC97080 dwords=9
i> F80000F0 VdSwap(BF142990, 703FFA40, FFC9B008, 703FFA90, BEEF0001, 703FFA30, 703FFA2C, 703FFA28, 703FFA20, 703FFA24)
i> F8000004 XE_SWAP
i> F80000F0 VdSwap(BF1CA490, 703FFA40, FFC9B008, 703FFA90, BEEF0001, 703FFA30, 703FFA2C, 703FFA28, 703FFA20, 703FFA24)
i> F8000004 XE_SWAP
i> F80000F0 VdSwap(BF251F90, 703FFA40, FFC9B008, 703FFA90, BEEF0001, 703FFA30, 703FFA2C, 703FFA28, 703FFA20, 703FFA24)
i> F8000004 XE_SWAP
i> F8000004 NullGPU: LoadShader #5200 type=0 addr=0x1CA7F000 dwords=42
i> F80000F0 VdSwap(BF2D9A90, 703FFA40, FFC9B008, 703FFA90, BEEF0001, 703FFA30, 703FFA2C, 703FFA28, 703FFA20, 703FFA24)
i> F8000004 XE_SWAP
i> F80000F0 VdSwap(BF361590, 703FFA40, FFC9B008, 703FFA90, BEEF0001, 703FFA30, 703FFA2C, 703FFA28, 703FFA20, 703FFA24)
i> F8000004 XE_SWAP
i> F80000F0 VdSwap(BF3E9090, 703FFA40, FFC9B008, 703FFA90, BEEF0001, 703FFA30, 703FFA2C, 703FFA28, 703FFA20, 703FFA24)
i> F8000004 XE_SWAP
i> F8000004 NullGPU: LoadShader #5300 type=1 addr=0x1F46DB3C dwords=9
i> F80000F0 VdSwap(BF470B90, 703FFA40, FFC9B008, 703FFA90, BEEF0001, 703FFA30, 703FFA2C, 703FFA28, 703FFA20, 703FFA24)
i> F8000004 XE_SWAP
i> F8000004 NullGPU: IssueDraw #21000 prim=1 indices=1
i> F80000F0 VdSwap(BF4F8690, 703FFA40, FFC9B008, 703FFA90, BEEF0001, 703FFA30, 703FFA2C, 703FFA28, 703FFA20, 703FFA24)
i> F8000004 XE_SWAP
i> F80000F0 VdSwap(BF580190, 703FFA40, FFC9B008, 703FFA90, BEEF0001, 703FFA30, 703FFA2C, 703FFA28, 703FFA20, 703FFA24)
i> F8000004 XE_SWAP
i> F8000004 NullGPU: LoadShader #5400 type=0 addr=0x1F6049C4 dwords=15
i> F80000F0 VdSwap(BF607C90, 703FFA40, FFC9B008, 703FFA90, BEEF0001, 703FFA30, 703FFA2C, 703FFA28, 703FFA20, 703FFA24)
i> F8000004 XE_SWAP
i> F80000F0 VdSwap(BF68F790, 703FFA40, FFC9B008, 703FFA90, BEEF0001, 703FFA30, 703FFA2C, 703FFA28, 703FFA20, 703FFA24)
i> F8000004 XE_SWAP
i> F80000F0 VdSwap(BF717290, 703FFA40, FFC9B008, 703FFA90, BEEF0001, 703FFA30, 703FFA2C, 703FFA28, 703FFA20, 703FFA24)
i> F8000004 XE_SWAP
i> F8000004 NullGPU: LoadShader #5500 type=1 addr=0x1CA80040 dwords=15
i> F80000F0 VdSwap(BF79ED90, 703FFA40, FFC9B008, 703FFA90, BEEF0001, 703FFA30, 703FFA2C, 703FFA28, 703FFA20, 703FFA24)
i> F8000004 XE_SWAP
i> F80000F0 VdSwap(BF826890, 703FFA40, FFC9B008, 703FFA90, BEEF0001, 703FFA30, 703FFA2C, 703FFA28, 703FFA20, 703FFA24)
i> F8000004 XE_SWAP
i> F8000004 NullGPU: IssueDraw #22000 prim=1 indices=1
i> F80000F0 VdSwap(BF8AE390, 703FFA40, FFC9B008, 703FFA90, BEEF0001, 703FFA30, 703FFA2C, 703FFA28, 703FFA20, 703FFA24)
i> F8000004 XE_SWAP
i> F8000004 NullGPU: LoadShader #5600 type=0 addr=0x1F932690 dwords=27
i> F80000F0 VdSwap(BF935E90, 703FFA40, FFC9B008, 703FFA90, BEEF0001, 703FFA30, 703FFA2C, 703FFA28, 703FFA20, 703FFA24)
i> F8000004 XE_SWAP
i> F80000F0 VdSwap(BF9BD888, 703FFA40, FFC9B008, 703FFA90, BEEF0001, 703FFA30, 703FFA2C, 703FFA28, 703FFA20, 703FFA24)
i> F8000004 XE_SWAP
i> F80000F0 VdSwap(BFA45490, 703FFA40, FFC9B008, 703FFA90, BEEF0001, 703FFA30, 703FFA2C, 703FFA28, 703FFA20, 703FFA24)
i> F8000004 XE_SWAP
i> F8000004 NullGPU: LoadShader #5700 type=0 addr=0x1FC97014 dwords=24
i> F80000F0 VdSwap(BFACCF90, 703FFA40, FFC9B008, 703FFA90, BEEF0001, 703FFA30, 703FFA2C, 703FFA28, 703FFA20, 703FFA24)
i> F8000004 XE_SWAP
i> F80000F0 VdSwap(BFB54A90, 703FFA40, FFC9B008, 703FFA90, BEEF0001, 703FFA30, 703FFA2C, 703FFA28, 703FFA20, 703FFA24)
i> F8000004 XE_SWAP
i> F80000F0 VdSwap(BFBDC590, 703FFA40, FFC9B008, 703FFA90, BEEF0001, 703FFA30, 703FFA2C, 703FFA28, 703FFA20, 703FFA24)
i> F8000004 XE_SWAP
i> F8000004 NullGPU: LoadShader #5800 type=0 addr=0x1DC93058 dwords=15
i> F80000F0 VdSwap(BDC96C30, 703FFA40, FFC9B008, 703FFA90, BEEF0001, 703FFA30, 703FFA2C, 703FFA28, 703FFA20, 703FFA24)
i> F8000004 XE_SWAP
i> F8000004 NullGPU: IssueDraw #23000 prim=1 indices=1
i> F800002C Added handle:F80000FC for N2xe6kernel7XObjectE
i> F800002C Added handle:F8000100 for N2xe6kernel7XObjectE
i> F800002C XThreadF8000100 (F) Stack: 70420000-70430000
i> F800002C ExCreateThread: start=0x8282DA50 ctx=0x40301460 flags=0x0 stack=65536 -> tid=15
K> F8000100 XThread::Execute thid 15 (handle=F8000100, 'XThreadEBFFF6C0 (F8000100)', native=EBFFF6C0)
i> F80000F0 VdSwap(BDD1E710, 703FFA40, FFC9B008, 703FFA90, BEEF0001, 703FFA30, 703FFA2C, 703FFA28, 703FFA20, 703FFA24)
i> F8000004 XE_SWAP
i> F80000F0 VdSwap(BDDA6210, 703FFA40, FFC9B008, 703FFA90, BEEF0001, 703FFA30, 703FFA2C, 703FFA28, 703FFA20, 703FFA24)
i> F8000004 XE_SWAP
i> F8000004 NullGPU: LoadShader #5900 type=1 addr=0x1CA7B1C0 dwords=15
i> F80000F0 VdSwap(BDE2DD10, 703FFA40, FFC9B008, 703FFA90, BEEF0001, 703FFA30, 703FFA2C, 703FFA28, 703FFA20, 703FFA24)
i> F8000004 XE_SWAP
i> F80000F0 VdSwap(BDEB5810, 703FFA40, FFC9B008, 703FFA90, BEEF0001, 703FFA30, 703FFA2C, 703FFA28, 703FFA20, 703FFA24)
i> F8000004 XE_SWAP
i> F80000F0 VdSwap(BDF3D310, 703FFA40, FFC9B008, 703FFA90, BEEF0001, 703FFA30, 703FFA2C, 703FFA28, 703FFA20, 703FFA24)
i> F8000004 XE_SWAP
i> F8000004 NullGPU: LoadShader #6000 type=0 addr=0x1FC97014 dwords=24
i> F80000F0 VdSwap(BDFC4E10, 703FFA40, FFC9B008, 703FFA90, BEEF0001, 703FFA30, 703FFA2C, 703FFA28, 703FFA20, 703FFA24)
i> F8000004 XE_SWAP
i> F80000F0 VdSwap(BE04C910, 703FFA40, FFC9B008, 703FFA90, BEEF0001, 703FFA30, 703FFA2C, 703FFA28, 703FFA20, 703FFA24)
i> F8000004 XE_SWAP
i> F8000004 NullGPU: IssueDraw #24000 prim=1 indices=1
i> F80000F0 VdSwap(BE0D4410, 703FFA40, FFC9B008, 703FFA90, BEEF0001, 703FFA30, 703FFA2C, 703FFA28, 703FFA20, 703FFA24)
i> F8000004 XE_SWAP
i> F8000004 NullGPU: LoadShader #6100 type=0 addr=0x1E157C0C dwords=27
i> F80000F0 VdSwap(BE15BF10, 703FFA40, FFC9B008, 703FFA90, BEEF0001, 703FFA30, 703FFA2C, 703FFA28, 703FFA20, 703FFA24)
i> F8000004 XE_SWAP
i> F80000F0 VdSwap(BE1E3A10, 703FFA40, FFC9B008, 703FFA90, BEEF0001, 703FFA30, 703FFA2C, 703FFA28, 703FFA20, 703FFA24)
i> F8000004 XE_SWAP
i> F80000F0 VdSwap(BE26B510, 703FFA40, FFC9B008, 703FFA90, BEEF0001, 703FFA30, 703FFA2C, 703FFA28, 703FFA20, 703FFA24)
i> F8000004 XE_SWAP
i> F8000004 NullGPU: LoadShader #6200 type=0 addr=0x1CA87000 dwords=42
i> F80000F0 VdSwap(BE2F3010, 703FFA40, FFC9B008, 703FFA90, BEEF0001, 703FFA30, 703FFA2C, 703FFA28, 703FFA20, 703FFA24)
i> F8000004 XE_SWAP
i> F80000F0 VdSwap(BE37AB10, 703FFA40, FFC9B008, 703FFA90, BEEF0001, 703FFA30, 703FFA2C, 703FFA28, 703FFA20, 703FFA24)
i> F8000004 XE_SWAP
i> F80000F0 VdSwap(BE402610, 703FFA40, FFC9B008, 703FFA90, BEEF0001, 703FFA30, 703FFA2C, 703FFA28, 703FFA20, 703FFA24)
i> F8000004 NullGPU: LoadShader #6300 type=1 addr=0x1FC97080 dwords=9
i> F8000004 XE_SWAP
i> F80000F0 VdSwap(BE48A110, 703FFA40, FFC9B008, 703FFA90, BEEF0001, 703FFA30, 703FFA2C, 703FFA28, 703FFA20, 703FFA24)
i> F8000004 XE_SWAP
i> F8000004 NullGPU: IssueDraw #25000 prim=1 indices=1
i> F80000F0 VdSwap(BE511C10, 703FFA40, FFC9B008, 703FFA90, BEEF0001, 703FFA30, 703FFA2C, 703FFA28, 703FFA20, 703FFA24)
i> F8000004 XE_SWAP
i> F8000004 NullGPU: LoadShader #6400 type=0 addr=0x1E5992F0 dwords=15
i> F80000F0 VdSwap(BE599710, 703FFA40, FFC9B008, 703FFA90, BEEF0001, 703FFA30, 703FFA2C, 703FFA28, 703FFA20, 703FFA24)
i> F8000004 XE_SWAP
i> F80000F0 VdSwap(BE621210, 703FFA40, FFC9B008, 703FFA90, BEEF0001, 703FFA30, 703FFA2C, 703FFA28, 703FFA20, 703FFA24)
i> F8000004 XE_SWAP
i> F80000F0 VdSwap(BE6A8D10, 703FFA40, FFC9B008, 703FFA90, BEEF0001, 703FFA30, 703FFA2C, 703FFA28, 703FFA20, 703FFA24)
i> F80000F0 VdSwap #200 tid=14 1280x720
i> F8000004 XE_SWAP
i> F8000004 NullGPU: IssueSwap #200 fb_ptr=0x1D1C8000 1280x720
i> F8000004 NullGPU: LoadShader #6500 type=1 addr=0x1FC97080 dwords=9
i> F80000F0 VdSwap(BE730810, 703FFA40, FFC9B008, 703FFA90, BEEF0001, 703FFA30, 703FFA2C, 703FFA28, 703FFA20, 703FFA24)
i> F8000004 XE_SWAP
i> F80000F0 VdSwap(BE7B8310, 703FFA40, FFC9B008, 703FFA90, BEEF0001, 703FFA30, 703FFA2C, 703FFA28, 703FFA20, 703FFA24)
i> F8000004 XE_SWAP
i> F80000F0 VdSwap(BE83FE10, 703FFA40, FFC9B008, 703FFA90, BEEF0001, 703FFA30, 703FFA2C, 703FFA28, 703FFA20, 703FFA24)
i> F8000004 XE_SWAP
i> F8000004 NullGPU: LoadShader #6600 type=0 addr=0x1CA7F000 dwords=42
i> F8000004 NullGPU: IssueDraw #26000 prim=1 indices=1
i> F80000F0 VdSwap(BE8C7910, 703FFA40, FFC9B008, 703FFA90, BEEF0001, 703FFA30, 703FFA2C, 703FFA28, 703FFA20, 703FFA24)
i> F8000004 XE_SWAP
i> F80000F0 VdSwap(BE94F410, 703FFA40, FFC9B008, 703FFA90, BEEF0001, 703FFA30, 703FFA2C, 703FFA28, 703FFA20, 703FFA24)
i> F8000004 XE_SWAP
i> F80000F0 VdSwap(BE9D6F10, 703FFA40, FFC9B008, 703FFA90, BEEF0001, 703FFA30, 703FFA2C, 703FFA28, 703FFA20, 703FFA24)
i> F8000004 XE_SWAP
i> F8000004 NullGPU: LoadShader #6700 type=0 addr=0x1EA5E5F0 dwords=15
i> F80000F0 VdSwap(BEA5EA10, 703FFA40, FFC9B008, 703FFA90, BEEF0001, 703FFA30, 703FFA2C, 703FFA28, 703FFA20, 703FFA24)
i> F8000004 XE_SWAP
i> F80000F0 VdSwap(BEAE6510, 703FFA40, FFC9B008, 703FFA90, BEEF0001, 703FFA30, 703FFA2C, 703FFA28, 703FFA20, 703FFA24)
i> F8000004 XE_SWAP
i> F80000F0 VdSwap(BEB6E010, 703FFA40, FFC9B008, 703FFA90, BEEF0001, 703FFA30, 703FFA2C, 703FFA28, 703FFA20, 703FFA24)
i> F8000004 XE_SWAP
i> F8000004 NullGPU: LoadShader #6800 type=1 addr=0x1FC97080 dwords=9
i> F80000F0 VdSwap(BEBF5A08, 703FFA40, FFC9B008, 703FFA90, BEEF0001, 703FFA30, 703FFA2C, 703FFA28, 703FFA20, 703FFA24)
i> F8000004 XE_SWAP
i> F800002C NtCreateFile: \Device\Harddisk0\partition0 disp=1
F> F800002C NullDevice::ResolvePath()
i> F800002C Added handle:F8000104 for N2xe6kernel7XObjectE
w> F800002C NtReadFile RESULT handle=0xF8000104 req_len=1024 offset=2048 -> status=0x00000000 bytes_read=0
i> F800002C Removed handle:F8000104 for N2xe6kernel5XFileE
i> F800002C NtCreateFile: \Device\Harddisk0\partition0 disp=1
F> F800002C NullDevice::ResolvePath()
i> F800002C Added handle:F8000104 for N2xe6kernel7XObjectE
w> F800002C NtReadFile RESULT handle=0xF8000104 req_len=1024 offset=2048 -> status=0x00000000 bytes_read=0
i> F800002C Removed handle:F8000104 for N2xe6kernel5XFileE
i> F800002C NtCreateFile: \Device\Harddisk0\Cache1 disp=1
F> F800002C NullDevice::ResolvePath()
i> F800002C Added handle:F8000104 for N2xe6kernel7XObjectE
i> F800002C Removed handle:F8000104 for N2xe6kernel5XFileE
i> F800002C NtCreateFile: \Device\Harddisk0\Cache1\ disp=1
F> F800002C NullDevice::ResolvePath()
i> F800002C Added handle:F8000104 for N2xe6kernel7XObjectE
i> F800002C Removed handle:F8000104 for N2xe6kernel5XFileE
i> F800002C NtCreateFile: \Device\Harddisk0\Cache1 disp=1
F> F800002C NullDevice::ResolvePath()
i> F800002C Added handle:F8000104 for N2xe6kernel7XObjectE
i> F800002C Removed handle:F8000104 for N2xe6kernel5XFileE
i> F800002C NtCreateFile: \Device\Harddisk0\Cache1\ disp=1
F> F800002C NullDevice::ResolvePath()
i> F800002C Added handle:F8000104 for N2xe6kernel7XObjectE
i> F800002C Removed handle:F8000104 for N2xe6kernel5XFileE
i> F800002C xeRtlNtStatusToDosError C000014F => 3ED
i> F800002C XamNotifyCreateListener: mask=0x00000000000000A7 is_system=0 max_version=5
i> F800002C Added handle:F8000104 for N2xe6kernel7XObjectE
i> F800002C XamNotifyCreateListener: -> handle=0xF8000104
i> F800002C XamUserGetSigninState: user 0 -> 1 (local_user_count=2)
i> F800002C XamUserGetSigninState: user 1 -> 1 (local_user_count=2)
i> F800002C XamUserGetSigninState: user 2 -> 0 (local_user_count=2)
i> F800002C XamUserGetSigninState: user 3 -> 0 (local_user_count=2)
i> F800002C NtSetEvent #3 tid=6 handle=0xF80000DC obj=0x7fc7141d1da0
i> F800002C MainThread NtWait #4 handle=0xF80000D8 timeout=-999 obj=0x7fc714014500 type=2 guest_lr=82844CF8
i> F80000F0 NtSetEvent #4 tid=14 handle=0xF80000D8 obj=0x7fc714014500
i> F800002C MainThread NtWait RETURNED handle=0xF80000D8 result=0x0
i> F800002C MainThread NtWait #5 handle=0xF80000C4 timeout=-999 obj=0x7fc7141cd6a0 type=8 guest_lr=82844CF8
i> F800002C MainThread NtWait RETURNED handle=0xF80000C4 result=0x0
i> F800002C MainThread NtWait #6 handle=0xF80000C4 timeout=0 obj=0x7fc7141cd6a0 type=8 guest_lr=82844CF8
i> F800002C MainThread NtWait RETURNED handle=0xF80000C4 result=0x102
i> F800002C MainThread NtWait #7 handle=0xF80000D0 timeout=-999 obj=0x7fc7141cf750 type=8 guest_lr=82844CF8
i> F800002C MainThread NtWait RETURNED handle=0xF80000D0 result=0x0
i> F800002C MainThread NtWait #8 handle=0xF80000D0 timeout=0 obj=0x7fc7141cf750 type=8 guest_lr=82844CF8
i> F800002C MainThread NtWait RETURNED handle=0xF80000D0 result=0x102
i> F800002C VdSwap(BEC7D65C, 7018F740, FFC9B008, 7018F790, BEEF0001, 7018F730, 7018F72C, 7018F728, 7018F720, 7018F724)
i> F8000004 XE_SWAP
i> F8000004 NullGPU: IssueDraw #27000 prim=1 indices=1
i> F800002C NtSetEvent #5 tid=6 handle=0xF80000DC obj=0x7fc7141d1da0
i> F800002C NtSetEvent #6 tid=6 handle=0xF80000DC obj=0x7fc7141d1da0
i> F800002C MainThread NtWait #9 handle=0xF80000D8 timeout=-999 obj=0x7fc714014500 type=2 guest_lr=82844CF8
i> F80000F0 NtSetEvent #7 tid=14 handle=0xF80000D8 obj=0x7fc714014500
i> F80000F0 VdSwap(BED05094, 703FFA10, FFC9B008, 703FFA60, BEEF0001, 703FFA00, 703FF9FC, 703FF9F8, 703FF9F0, 703FF9F4)
i> F800002C MainThread NtWait RETURNED handle=0xF80000D8 result=0x0
i> F800002C NtSetEvent #8 tid=6 handle=0xF80000DC obj=0x7fc7141d1da0
i> F800002C MainThread NtWait #10 handle=0xF80000D8 timeout=-999 obj=0x7fc714014500 type=2 guest_lr=82844CF8
i> F8000004 XE_SWAP
i> F8000004 NullGPU: LoadShader #6900 type=0 addr=0x1CA7F000 dwords=42
i> F80000F0 NtSetEvent #9 tid=14 handle=0xF80000D8 obj=0x7fc714014500
i> F800002C MainThread NtWait RETURNED handle=0xF80000D8 result=0x0
i> F800002C VdSwap(BED8CB94, 7018F430, FFC9B008, 7018F480, BEEF0001, 7018F420, 7018F41C, 7018F418, 7018F410, 7018F414)
i> F800002C VdSwap(BEE14648, 7018F3B0, FFC9B008, 7018F400, BEEF0001, 7018F3A0, 7018F39C, 7018F398, 7018F390, 7018F394)
i> F8000004 XE_SWAP
i> F800002C NtSetEvent #10 tid=6 handle=0xF80000DC obj=0x7fc7141d1da0
i> F8000004 XE_SWAP
i> F800002C NtSetEvent #11 tid=6 handle=0xF80000DC obj=0x7fc7141d1da0
i> F800002C MainThread NtWait #11 handle=0xF80000D8 timeout=-999 obj=0x7fc714014500 type=2 guest_lr=82844CF8
i> F80000F0 NtSetEvent #12 tid=14 handle=0xF80000D8 obj=0x7fc714014500
i> F800002C MainThread NtWait RETURNED handle=0xF80000D8 result=0x0
i> F800002C NtSetEvent #13 tid=6 handle=0xF80000DC obj=0x7fc7141d1da0
i> F800002C MainThread NtWait #12 handle=0xF80000D8 timeout=-999 obj=0x7fc714014500 type=2 guest_lr=82844CF8
i> F80000F0 VdSwap(BEE9C53C, 703FFA10, FFC9B008, 703FFA60, BEEF0001, 703FFA00, 703FF9FC, 703FF9F8, 703FF9F0, 703FF9F4)
i> F8000004 XE_SWAP
i> F8000004 NullGPU: LoadShader #7000 type=1 addr=0x1EF20CFC dwords=9
i> F80000F0 NtSetEvent #14 tid=14 handle=0xF80000D8 obj=0x7fc714014500
i> F800002C MainThread NtWait RETURNED handle=0xF80000D8 result=0x0
i> F800002C MainThread NtWait #13 handle=0xF80000C4 timeout=-999 obj=0x7fc7141cd6a0 type=8 guest_lr=82844CF8
i> F800002C MainThread NtWait RETURNED handle=0xF80000C4 result=0x0
i> F800002C MainThread NtWait #14 handle=0xF80000C4 timeout=0 obj=0x7fc7141cd6a0 type=8 guest_lr=82844CF8
i> F800002C MainThread NtWait RETURNED handle=0xF80000C4 result=0x102
i> F800002C MainThread NtWait #15 handle=0xF80000D0 timeout=-999 obj=0x7fc7141cf750 type=8 guest_lr=82844CF8
i> F800002C MainThread NtWait RETURNED handle=0xF80000D0 result=0x0
i> F800002C MainThread NtWait #16 handle=0xF80000D0 timeout=0 obj=0x7fc7141cf750 type=8 guest_lr=82844CF8
i> F800002C MainThread NtWait RETURNED handle=0xF80000D0 result=0x102
i> F800002C VdSwap(BEF23D9C, 7018F430, FFC9B008, 7018F480, BEEF0001, 7018F420, 7018F41C, 7018F418, 7018F410, 7018F414)
i> F800002C VdSwap(BEFAB748, 7018F3B0, FFC9B008, 7018F400, BEEF0001, 7018F3A0, 7018F39C, 7018F398, 7018F390, 7018F394)
i> F8000004 XE_SWAP
i> F800002C NtSetEvent #15 tid=6 handle=0xF80000DC obj=0x7fc7141d1da0
i> F8000004 XE_SWAP
i> F800002C NtSetEvent #16 tid=6 handle=0xF80000DC obj=0x7fc7141d1da0
i> F800002C MainThread NtWait #17 handle=0xF80000D8 timeout=-999 obj=0x7fc714014500 type=2 guest_lr=82844CF8
i> F80000F0 NtSetEvent #17 tid=14 handle=0xF80000D8 obj=0x7fc714014500
i> F800002C MainThread NtWait RETURNED handle=0xF80000D8 result=0x0
i> F800002C NtSetEvent #18 tid=6 handle=0xF80000DC obj=0x7fc7141d1da0
i> F800002C MainThread NtWait #18 handle=0xF80000D8 timeout=-999 obj=0x7fc714014500 type=2 guest_lr=82844CF8
i> F80000F0 VdSwap(BF03363C, 703FFA10, FFC9B008, 703FFA60, BEEF0001, 703FFA00, 703FF9FC, 703FF9F8, 703FF9F0, 703FF9F4)
i> F8000004 XE_SWAP
i> F8000004 NullGPU: LoadShader #7100 type=0 addr=0x1F0B7B84 dwords=15
i> F8000004 NullGPU: IssueDraw #28000 prim=1 indices=1
i> F80000F0 NtSetEvent #19 tid=14 handle=0xF80000D8 obj=0x7fc714014500
i> F800002C MainThread NtWait RETURNED handle=0xF80000D8 result=0x0
i> F800002C VdSwap(BF0BAD94, 7018F430, FFC9B008, 7018F480, BEEF0001, 7018F420, 7018F41C, 7018F418, 7018F410, 7018F414)
i> F800002C VdSwap(BF142848, 7018F3B0, FFC9B008, 7018F400, BEEF0001, 7018F3A0, 7018F39C, 7018F398, 7018F390, 7018F394)
i> F8000004 XE_SWAP
i> F800002C NtSetEvent #20 tid=6 handle=0xF80000DC obj=0x7fc7141d1da0
i> F8000004 XE_SWAP
i> F800002C NtSetEvent #21 tid=6 handle=0xF80000DC obj=0x7fc7141d1da0
i> F800002C MainThread NtWait #19 handle=0xF80000D8 timeout=-999 obj=0x7fc714014500 type=2 guest_lr=82844CF8
i> F80000F0 NtSetEvent #22 tid=14 handle=0xF80000D8 obj=0x7fc714014500
i> F800002C MainThread NtWait RETURNED handle=0xF80000D8 result=0x0
i> F800002C NtSetEvent #23 tid=6 handle=0xF80000DC obj=0x7fc7141d1da0
i> F800002C MainThread NtWait #20 handle=0xF80000D8 timeout=-999 obj=0x7fc714014500 type=2 guest_lr=82844CF8
i> F80000F0 VdSwap(BF1CA73C, 703FFA10, FFC9B008, 703FFA60, BEEF0001, 703FFA00, 703FF9FC, 703FF9F8, 703FF9F0, 703FF9F4)
i> F8000004 XE_SWAP
i> F8000004 NullGPU: LoadShader #7200 type=1 addr=0x1CA80040 dwords=15
i> F80000F0 NtSetEvent #24 tid=14 handle=0xF80000D8 obj=0x7fc714014500
i> F800002C MainThread NtWait RETURNED handle=0xF80000D8 result=0x0
i> F800002C MainThread NtWait RETURNED handle=0xF80000C4 result=0x0
i> F800002C MainThread NtWait RETURNED handle=0xF80000C4 result=0x102
i> F800002C MainThread NtWait RETURNED handle=0xF80000D0 result=0x0
i> F800002C MainThread NtWait RETURNED handle=0xF80000D0 result=0x102
i> F800002C VdSwap(BF251F9C, 7018F430, FFC9B008, 7018F480, BEEF0001, 7018F420, 7018F41C, 7018F418, 7018F410, 7018F414)
i> F800002C VdSwap(BF2D9948, 7018F3B0, FFC9B008, 7018F400, BEEF0001, 7018F3A0, 7018F39C, 7018F398, 7018F390, 7018F394)
i> F8000004 XE_SWAP
i> F800002C NtSetEvent #25 tid=6 handle=0xF80000DC obj=0x7fc7141d1da0
i> F8000004 XE_SWAP
i> F800002C NtSetEvent #26 tid=6 handle=0xF80000DC obj=0x7fc7141d1da0
i> F80000F0 NtSetEvent #27 tid=14 handle=0xF80000D8 obj=0x7fc714014500
i> F800002C MainThread NtWait RETURNED handle=0xF80000D8 result=0x0
i> F800002C NtSetEvent #28 tid=6 handle=0xF80000DC obj=0x7fc7141d1da0
i> F80000F0 VdSwap(BF36183C, 703FFA10, FFC9B008, 703FFA60, BEEF0001, 703FFA00, 703FF9FC, 703FF9F8, 703FF9F0, 703FF9F4)
i> F8000004 XE_SWAP
i> F8000004 NullGPU: LoadShader #7300 type=0 addr=0x1F3E5850 dwords=27
i> F80000F0 NtSetEvent #29 tid=14 handle=0xF80000D8 obj=0x7fc714014500
i> F800002C MainThread NtWait RETURNED handle=0xF80000D8 result=0x0
i> F800002C VdSwap(BF3E8F94, 7018F430, FFC9B008, 7018F480, BEEF0001, 7018F420, 7018F41C, 7018F418, 7018F410, 7018F414)
i> F800002C VdSwap(BF470A48, 7018F3B0, FFC9B008, 7018F400, BEEF0001, 7018F3A0, 7018F39C, 7018F398, 7018F390, 7018F394)
i> F8000004 XE_SWAP
i> F800002C NtSetEvent #30 tid=6 handle=0xF80000DC obj=0x7fc7141d1da0
i> F8000004 XE_SWAP
i> F8000004 NullGPU: IssueDraw #29000 prim=1 indices=1
i> F800002C MainThread NtWait RETURNED handle=0xF80000D8 result=0x0
i> F80000F0 VdSwap(BF4F893C, 703FFA10, FFC9B008, 703FFA60, BEEF0001, 703FFA00, 703FF9FC, 703FF9F8, 703FF9F0, 703FF9F4)
i> F8000004 XE_SWAP
i> F8000004 NullGPU: LoadShader #7400 type=0 addr=0x1FC97014 dwords=24
i> F800002C MainThread NtWait RETURNED handle=0xF80000D8 result=0x0
i> F800002C MainThread NtWait RETURNED handle=0xF80000C4 result=0x0
i> F800002C MainThread NtWait RETURNED handle=0xF80000C4 result=0x102
i> F800002C MainThread NtWait RETURNED handle=0xF80000D0 result=0x0
i> F800002C MainThread NtWait RETURNED handle=0xF80000D0 result=0x102
i> F800002C VdSwap(BF58019C, 7018F430, FFC9B008, 7018F480, BEEF0001, 7018F420, 7018F41C, 7018F418, 7018F410, 7018F414)
i> F800002C VdSwap(BF607B48, 7018F3B0, FFC9B008, 7018F400, BEEF0001, 7018F3A0, 7018F39C, 7018F398, 7018F390, 7018F394)
i> F8000004 XE_SWAP
i> F8000004 XE_SWAP
i> F800002C MainThread NtWait RETURNED handle=0xF80000D8 result=0x0
i> F80000F0 VdSwap(BF68FA3C, 703FFA10, FFC9B008, 703FFA60, BEEF0001, 703FFA00, 703FF9FC, 703FF9F8, 703FF9F0, 703FF9F4)
i> F8000004 XE_SWAP
i> F8000004 NullGPU: LoadShader #7500 type=0 addr=0x1F713678 dwords=15
i> F800002C MainThread NtWait RETURNED handle=0xF80000D8 result=0x0
i> F800002C MainThread NtWait RETURNED handle=0xF80000C4 result=0x0
i> F800002C MainThread NtWait RETURNED handle=0xF80000C4 result=0x102
i> F800002C MainThread NtWait RETURNED handle=0xF80000D0 result=0x0
i> F800002C MainThread NtWait RETURNED handle=0xF80000D0 result=0x102
i> F800002C VdSwap(BF71729C, 7018F430, FFC9B008, 7018F480, BEEF0001, 7018F420, 7018F41C, 7018F418, 7018F410, 7018F414)
i> F800002C VdSwap(BF79EC48, 7018F3B0, FFC9B008, 7018F400, BEEF0001, 7018F3A0, 7018F39C, 7018F398, 7018F390, 7018F394)
i> F8000004 XE_SWAP
i> F8000004 XE_SWAP
i> F800002C MainThread NtWait RETURNED handle=0xF80000D8 result=0x0
i> F80000F0 VdSwap(BF826A34, 703FFA10, FFC9B008, 703FFA60, BEEF0001, 703FFA00, 703FF9FC, 703FF9F8, 703FF9F0, 703FF9F4)
i> F8000004 XE_SWAP
i> F8000004 NullGPU: LoadShader #7600 type=1 addr=0x1CA7B1C0 dwords=15
i> F8000004 NullGPU: IssueDraw #30000 prim=1 indices=1
i> F800002C MainThread NtWait RETURNED handle=0xF80000D8 result=0x0
i> F800002C MainThread NtWait RETURNED handle=0xF80000C4 result=0x0
i> F800002C MainThread NtWait RETURNED handle=0xF80000C4 result=0x102
i> F800002C MainThread NtWait RETURNED handle=0xF80000D0 result=0x0
i> F800002C MainThread NtWait RETURNED handle=0xF80000D0 result=0x102
i> F800002C VdSwap(BF8AE39C, 7018F430, FFC9B008, 7018F480, BEEF0001, 7018F420, 7018F41C, 7018F418, 7018F410, 7018F414)
i> F800002C VdSwap(BF935D48, 7018F3B0, FFC9B008, 7018F400, BEEF0001, 7018F3A0, 7018F39C, 7018F398, 7018F390, 7018F394)
i> F8000004 XE_SWAP
i> F8000004 XE_SWAP
i> F800002C MainThread NtWait RETURNED handle=0xF80000D8 result=0x0
i> F80000F0 VdSwap(BF9BDC3C, 703FFA10, FFC9B008, 703FFA60, BEEF0001, 703FFA00, 703FF9FC, 703FF9F8, 703FF9F0, 703FF9F4)
i> F8000004 XE_SWAP
i> F8000004 NullGPU: LoadShader #7700 type=0 addr=0x1FC97014 dwords=24
i> F800002C MainThread NtWait RETURNED handle=0xF80000D8 result=0x0
i> F800002C MainThread NtWait RETURNED handle=0xF80000C4 result=0x0
i> F800002C MainThread NtWait RETURNED handle=0xF80000C4 result=0x102
i> F800002C MainThread NtWait RETURNED handle=0xF80000D0 result=0x0
i> F800002C MainThread NtWait RETURNED handle=0xF80000D0 result=0x102
i> F800002C VdSwap(BFA4549C, 7018F430, FFC9B008, 7018F480, BEEF0001, 7018F420, 7018F41C, 7018F418, 7018F410, 7018F414)
i> F800002C VdSwap(BFACCE48, 7018F3B0, FFC9B008, 7018F400, BEEF0001, 7018F3A0, 7018F39C, 7018F398, 7018F390, 7018F394)
i> F8000004 XE_SWAP
i> F8000004 XE_SWAP
i> F800002C MainThread NtWait RETURNED handle=0xF80000D8 result=0x0
i> F80000F0 VdSwap(BFB54D3C, 703FFA10, FFC9B008, 703FFA60, BEEF0001, 703FFA00, 703FF9FC, 703FF9F8, 703FF9F0, 703FF9F4)
i> F8000004 XE_SWAP
i> F8000004 NullGPU: LoadShader #7800 type=0 addr=0x1FBD824C dwords=27
i> F800002C MainThread NtWait RETURNED handle=0xF80000D8 result=0x0
i> F800002C VdSwap(BFBDC494, 7018F430, FFC9B008, 7018F480, BEEF0001, 7018F420, 7018F41C, 7018F418, 7018F410, 7018F414)
i> F800002C VdSwap(BDC96B28, 7018F3B0, FFC9B008, 7018F400, BEEF0001, 7018F3A0, 7018F39C, 7018F398, 7018F390, 7018F394)
i> F8000004 XE_SWAP
i> F8000004 NullGPU: IssueDraw #31000 prim=1 indices=1
i> F8000004 XE_SWAP
i> F800002C MainThread NtWait RETURNED handle=0xF80000D8 result=0x0
i> F80000F0 VdSwap(BDD1EA3C, 703FFA10, FFC9B008, 703FFA60, BEEF0001, 703FFA00, 703FF9FC, 703FF9F8, 703FF9F0, 703FF9F4)
i> F8000004 XE_SWAP
i> F8000004 NullGPU: LoadShader #7900 type=0 addr=0x1CA87000 dwords=42
i> F800002C MainThread NtWait RETURNED handle=0xF80000D8 result=0x0
i> F800002C MainThread NtWait RETURNED handle=0xF80000C4 result=0x0
i> F800002C MainThread NtWait RETURNED handle=0xF80000C4 result=0x102
i> F800002C MainThread NtWait RETURNED handle=0xF80000D0 result=0x0
i> F800002C MainThread NtWait RETURNED handle=0xF80000D0 result=0x102
i> F800002C VdSwap(BDDA629C, 7018F430, FFC9B008, 7018F480, BEEF0001, 7018F420, 7018F41C, 7018F418, 7018F410, 7018F414)
i> F800002C VdSwap(BDE2DC48, 7018F3B0, FFC9B008, 7018F400, BEEF0001, 7018F3A0, 7018F39C, 7018F398, 7018F390, 7018F394)
i> F8000004 XE_SWAP
i> F8000004 XE_SWAP
i> F8000004 NullGPU: LoadShader #8000 type=1 addr=0x1FC97080 dwords=9
i> F800002C MainThread NtWait RETURNED handle=0xF80000D8 result=0x0
i> F80000F0 VdSwap(BDEB5B3C, 703FFA10, FFC9B008, 703FFA60, BEEF0001, 703FFA00, 703FF9FC, 703FF9F8, 703FF9F0, 703FF9F4)
i> F8000004 XE_SWAP
i> F800002C MainThread NtWait RETURNED handle=0xF80000D8 result=0x0
i> F800002C VdSwap(BDF3D294, 7018F430, FFC9B008, 7018F480, BEEF0001, 7018F420, 7018F41C, 7018F418, 7018F410, 7018F414)
i> F800002C VdSwap(BDFC4D48, 7018F3B0, FFC9B008, 7018F400, BEEF0001, 7018F3A0, 7018F39C, 7018F398, 7018F390, 7018F394)
i> F8000004 XE_SWAP
i> F8000004 XE_SWAP
i> F8000004 NullGPU: LoadShader #8100 type=0 addr=0x1E04C7E0 dwords=15
i> F800002C MainThread NtWait RETURNED handle=0xF80000D8 result=0x0
i> F80000F0 VdSwap(BE04CC3C, 703FFA10, FFC9B008, 703FFA60, BEEF0001, 703FFA00, 703FF9FC, 703FF9F8, 703FF9F0, 703FF9F4)
i> F8000004 XE_SWAP
i> F8000004 NullGPU: IssueDraw #32000 prim=6 indices=4
i> F800002C MainThread NtWait RETURNED handle=0xF80000D8 result=0x0
i> F800002C MainThread NtWait RETURNED handle=0xF80000C4 result=0x0
i> F800002C MainThread NtWait RETURNED handle=0xF80000C4 result=0x102
i> F800002C MainThread NtWait RETURNED handle=0xF80000D0 result=0x0
i> F800002C MainThread NtWait RETURNED handle=0xF80000D0 result=0x102
i> F800002C VdSwap(BE0D449C, 7018F430, FFC9B008, 7018F480, BEEF0001, 7018F420, 7018F41C, 7018F418, 7018F410, 7018F414)
i> F800002C VdSwap(BE15BE48, 7018F3B0, FFC9B008, 7018F400, BEEF0001, 7018F3A0, 7018F39C, 7018F398, 7018F390, 7018F394)
i> F8000004 XE_SWAP
i> F8000004 XE_SWAP
i> F8000004 NullGPU: LoadShader #8200 type=1 addr=0x1FC97080 dwords=9
i> F800002C MainThread NtWait RETURNED handle=0xF80000D8 result=0x0
i> F80000F0 VdSwap(BE1E3D3C, 703FFA10, FFC9B008, 703FFA60, BEEF0001, 703FFA00, 703FF9FC, 703FF9F8, 703FF9F0, 703FF9F4)
i> F8000004 XE_SWAP
i> F800002C MainThread NtWait RETURNED handle=0xF80000D8 result=0x0
i> F800002C VdSwap(BE26B494, 7018F430, FFC9B008, 7018F480, BEEF0001, 7018F420, 7018F41C, 7018F418, 7018F410, 7018F414)
i> F800002C VdSwap(BE2F2F48, 7018F3B0, FFC9B008, 7018F400, BEEF0001, 7018F3A0, 7018F39C, 7018F398, 7018F390, 7018F394)
i> F8000004 XE_SWAP
i> F800002C MainThread NtWait RETURNED handle=0xF80000C4 result=0x0
i> F800002C MainThread NtWait RETURNED handle=0xF80000C4 result=0x102
i> F800002C MainThread NtWait RETURNED handle=0xF80000D0 result=0x0
i> F800002C MainThread NtWait RETURNED handle=0xF80000D0 result=0x102
i> F800002C VdSwap(BE37ADF0, 7018F3B0, FFC9B008, 7018F400, BEEF0001, 7018F3A0, 7018F39C, 7018F398, 7018F390, 7018F394)
i> F8000004 XE_SWAP
i> F8000004 NullGPU: LoadShader #8300 type=0 addr=0x1E379F50 dwords=42
i> F8000004 XE_SWAP
i> F800002C MainThread NtWait RETURNED handle=0xF80000D8 result=0x0
i> F80000F0 VdSwap(BE40265C, 703FFA10, FFC9B008, 703FFA60, BEEF0001, 703FFA00, 703FF9FC, 703FF9F8, 703FF9F0, 703FF9F4)
i> F8000004 XE_SWAP
i> F8000004 NullGPU: IssueDraw #33000 prim=1 indices=1
i> F800002C MainThread NtWait RETURNED handle=0xF80000D8 result=0x0
i> F800002C VdSwap(BE48A094, 7018F430, FFC9B008, 7018F480, BEEF0001, 7018F420, 7018F41C, 7018F418, 7018F410, 7018F414)
i> F800002C VdSwap(BE511B48, 7018F3B0, FFC9B008, 7018F400, BEEF0001, 7018F3A0, 7018F39C, 7018F398, 7018F390, 7018F394)
i> F8000004 XE_SWAP
i> F8000004 NullGPU: LoadShader #8400 type=0 addr=0x1E511830 dwords=15
i> F8000004 XE_SWAP
i> F800002C MainThread NtWait RETURNED handle=0xF80000D8 result=0x0
i> F80000F0 VdSwap(BE599A3C, 703FFA10, FFC9B008, 703FFA60, BEEF0001, 703FFA00, 703FF9FC, 703FF9F8, 703FF9F0, 703FF9F4)
!> F800002C RB3DX ALLOC PROBE: BIG call #12614 size=0x0040D640 (4249152) align=16 callerLR=0x822735F0 sp=0x7018F700
!> F800002C RB3DX ALLOC PROBE:   frame[0] entry_sp=0x7018F790 ret=0x82736804
!> F800002C RB3DX ALLOC PROBE:   frame[1] entry_sp=0x7018F8A0 ret=0x8246B8D4
!> F800002C RB3DX ALLOC PROBE:   frame[2] entry_sp=0x7018F980 ret=0x8246BAD4
!> F800002C RB3DX ALLOC PROBE:   frame[3] entry_sp=0x7018F9E0 ret=0x82B87D8C
!> F800002C RB3DX ALLOC PROBE:   frame[4] entry_sp=0x7018FA40 ret=0x8273C888
!> F800002C RB3DX ALLOC PROBE:   frame[5] entry_sp=0x7018FAA0 ret=0x82271048
!> F800002C RB3DX ALLOC PROBE:   frame[6] entry_sp=0x7018FCF0 ret=0x82272E8C
!> F800002C RB3DX ALLOC PROBE:   frame[7] entry_sp=0x7018FD60 ret=0x8283CEB0
!> F800002C RB3DX ALLOC PROBE:   frame[8] entry_sp=0x7018FF50 ret=0xBCBCBCBC
!> F800002C RB3DX ALLOC PROBE:   [sp+0x018]=0x827C5074
!> F800002C RB3DX ALLOC PROBE:   [sp+0x028]=0x82741BB0
!> F800002C RB3DX ALLOC PROBE:   [sp+0x088]=0x82736804
!> F800002C RB3DX ALLOC PROBE:   [sp+0x08C]=0x82CD0000
!> F800002C RB3DX ALLOC PROBE:   [sp+0x0A8]=0x827BE51C
!> F800002C RB3DX ALLOC PROBE:   [sp+0x0AC]=0x82101840
!> F800002C RB3DX ALLOC PROBE:   [sp+0x0B8]=0x827BE51C
!> F800002C RB3DX ALLOC PROBE:   [sp+0x0C8]=0x82741130
!> F800002C RB3DX ALLOC PROBE:   [sp+0x134]=0x82E04EF8
!> F800002C RB3DX ALLOC PROBE:   [sp+0x14C]=0x82CC9D1C
!> F800002C RB3DX ALLOC PROBE:   [sp+0x154]=0x82000980
!> F800002C RB3DX ALLOC PROBE:   [sp+0x15C]=0x82CD0000
!> F800002C RB3DX ALLOC PROBE:   [sp+0x164]=0x82E00000
!> F800002C RB3DX ALLOC PROBE:   r0 -r7  00000000 7018F700 00000000 0040D640 00000010 00000004 00000000 00000000
!> F800002C RB3DX ALLOC PROBE:   r8 -r15 00000004 2A002A00 00000000 00000000 822735F0 00044000 00000000 00000000
!> F800002C RB3DX ALLOC PROBE:   r16-r23 00000000 00000000 00000000 00000000 0000000F 82C70000 82E04EF8 00000012
!> F800002C RB3DX ALLOC PROBE:   r24-r31 00000002 00000000 43658240 FA11C000 4393EAE0 0040D640 7018F930 20800000
!> F800002C RB3DX ALLOC PROBE:   GetFileSize@82840070 UNREADABLE
!> F800002C RB3DX ALLOC PROBE:   QuerySize64@8284BC68 UNREADABLE
!> F800002C RB3DX ALLOC PROBE:   ThreadGetFileSize.store@827DA84C UNREADABLE
!> F800002C RB3DX ALLOC PROBE:   NtQIF.thunk@82C4C46C UNREADABLE
!> F800002C RB3DX ALLOC PROBE:   NtDispatchTbl@82C7AA78+0x1C UNREADABLE
!> F800002C RB3DX ALLOC PROBE:   gNtDispatchPtr@82C7AAA8 UNREADABLE
i> F8000004 XE_SWAP
i> F800002C MainThread NtWait RETURNED handle=0xF80000D8 result=0x0
i> F800002C MainThread NtWait RETURNED handle=0xF80000C4 result=0x0
i> F800002C MainThread NtWait RETURNED handle=0xF80000C4 result=0x102
i> F800002C MainThread NtWait RETURNED handle=0xF80000D0 result=0x0
i> F800002C MainThread NtWait RETURNED handle=0xF80000D0 result=0x102
i> F800002C VdSwap(BE62129C, 7018F430, FFC9B008, 7018F480, BEEF0001, 7018F420, 7018F41C, 7018F418, 7018F410, 7018F414)
i> F800002C VdSwap(BE6A8C48, 7018F3B0, FFC9B008, 7018F400, BEEF0001, 7018F3A0, 7018F39C, 7018F398, 7018F390, 7018F394)
i> F8000004 XE_SWAP
i> F8000004 NullGPU: LoadShader #8500 type=1 addr=0x1FC97080 dwords=9
i> F800002C MainThread NtWait RETURNED handle=0xF80000C4 result=0x0
i> F800002C MainThread NtWait RETURNED handle=0xF80000C4 result=0x102
i> F800002C MainThread NtWait RETURNED handle=0xF80000D0 result=0x0
i> F800002C MainThread NtWait RETURNED handle=0xF80000D0 result=0x102
i> F800002C VdSwap(BE730AF0, 7018F3B0, FFC9B008, 7018F400, BEEF0001, 7018F3A0, 7018F39C, 7018F398, 7018F390, 7018F394)
i> F8000004 XE_SWAP
i> F8000004 XE_SWAP
i> F800002C MainThread NtWait RETURNED handle=0xF80000C4 result=0x0
i> F800002C MainThread NtWait RETURNED handle=0xF80000C4 result=0x102
i> F800002C MainThread NtWait RETURNED handle=0xF80000D0 result=0x0
i> F800002C MainThread NtWait RETURNED handle=0xF80000D0 result=0x102
i> F800002C VdSwap(BE7B8310, 7018F3B0, FFC9B008, 7018F400, BEEF0001, 7018F3A0, 7018F39C, 7018F398, 7018F390, 7018F394)
i> F8000004 XE_SWAP
i> F8000004 NullGPU: LoadShader #8600 type=0 addr=0x1CA7F000 dwords=42
i> F800002C MainThread NtWait RETURNED handle=0xF80000D8 result=0x0
i> F80000F0 VdSwap(BE83FD54, 703FFA10, FFC9B008, 703FFA60, BEEF0001, 703FFA00, 703FF9FC, 703FF9F8, 703FF9F0, 703FF9F4)
i> F8000004 XE_SWAP
i> F8000004 NullGPU: IssueDraw #34000 prim=1 indices=1
i> F800002C MainThread NtWait RETURNED handle=0xF80000D8 result=0x0
i> F800002C VdSwap(BE8C7894, 7018F3B0, FFC9B008, 7018F400, BEEF0001, 7018F3A0, 7018F39C, 7018F398, 7018F390, 7018F394)
i> F8000004 XE_SWAP
i> F800002C MainThread NtWait RETURNED handle=0xF80000D8 result=0x0
i> F80000F0 VdSwap(BE94F49C, 703FFA10, FFC9B008, 703FFA60, BEEF0001, 703FFA00, 703FF9FC, 703FF9F8, 703FF9F0, 703FF9F4)
=== Thread Status Report (9009ms) === 15 threads, SIGSEGV=0 last_fault=0x0 last_rip=0x0
  Thread 1: LR=0x00000000 [?] SP=0x70030000
  Thread 2: LR=0x00000000 [?] SP=0x70070000
  Thread 3: LR=0x00000000 [?] SP=0x700B0000
  Thread 4: LR=0x00000000 [?] SP=0x700F0000
  Thread 5: LR=0x00000000 [?] SP=0x70130000
  Thread 6: LR=0x82844CF8 [?] SP=0x7018F5E0
    regs: r3=0xF80000D8 r4=0x00000001 r5=0x00000000 r8=0xFFFFFFFF r9=0x00000000 r10=0x00000000
          r11=0x00000001 r12=0x82527ACC r29=0x00000000 r30=0x00000000 r31=0xF80000D8 CTR=0x82741C28
    r12 @0x82527ACC: 3963FEFE 314BFFFF 7C6A5910 38210060 8181FFF8 7D8803A6 4E800020 82829530
i> F8000004 XE_SWAP
i> F8000004 NullGPU: LoadShader #8700 type=1 addr=0x1E9D3EFC dwords=9
i> F800002C MainThread NtWait RETURNED handle=0xF80000D8 result=0x0
i> F800002C VdSwap(BE9D6E94, 7018F3B0, FFC9B008, 7018F400, BEEF0001, 7018F3A0, 7018F39C, 7018F398, 7018F390, 7018F394)
i> F8000004 XE_SWAP
i> F800002C MainThread NtWait RETURNED handle=0xF80000D8 result=0x0
i> F80000F0 VdSwap(BEA5EA9C, 703FFA10, FFC9B008, 703FFA60, BEEF0001, 703FFA00, 703FF9FC, 703FF9F8, 703FF9F0, 703FF9F4)
i> F8000004 XE_SWAP
i> F800002C MainThread NtWait RETURNED handle=0xF80000D8 result=0x0
i> F800002C VdSwap(BEAE6494, 7018F430, FFC9B008, 7018F480, BEEF0001, 7018F420, 7018F41C, 7018F418, 7018F410, 7018F414)
i> F800002C VdSwap(BEB6DF48, 7018F3B0, FFC9B008, 7018F400, BEEF0001, 7018F3A0, 7018F39C, 7018F398, 7018F390, 7018F394)
i> F8000004 XE_SWAP
i> F8000004 NullGPU: LoadShader #8800 type=0 addr=0x1EB6AD84 dwords=15
i> F8000004 XE_SWAP
i> F800002C MainThread NtWait RETURNED handle=0xF80000D8 result=0x0
i> F80000F0 VdSwap(BEBF5D7C, 703FFA10, FFC9B008, 703FFA60, BEEF0001, 703FFA00, 703FF9FC, 703FF9F8, 703FF9F0, 703FF9F4)
i> F8000004 XE_SWAP
i> F8000004 NullGPU: IssueDraw #35000 prim=1 indices=1
i> F800002C MainThread NtWait RETURNED handle=0xF80000D8 result=0x0
i> F800002C MainThread NtWait RETURNED handle=0xF80000C4 result=0x0
i> F800002C MainThread NtWait RETURNED handle=0xF80000C4 result=0x102
i> F800002C MainThread NtWait RETURNED handle=0xF80000D0 result=0x0
i> F800002C MainThread NtWait RETURNED handle=0xF80000D0 result=0x102
i> F800002C VdSwap(BEC7D69C, 7018F430, FFC9B008, 7018F480, BEEF0001, 7018F420, 7018F41C, 7018F418, 7018F410, 7018F414)
i> F800002C VdSwap(BED05048, 7018F3B0, FFC9B008, 7018F400, BEEF0001, 7018F3A0, 7018F39C, 7018F398, 7018F390, 7018F394)
    JIT IP samples (50ms apart):
      [0] guest 0x00000000 []
      [1] guest 0x8282926C [__savegprlr_29]
      [2] guest 0x82829264 [__savegprlr_29]
    IAT[RtlEnterCS @ 0x823996E8] = 0x4BEE4499
    Thunk[0x83A00964]: 00000000 00000000 00000000 00000000 (expect: 44000042 4E800020 60000000 60000000)
    Thunk fn: NOT FOUND by QueryFunction
    Indirection[0x83A00964] = 0x00000000
    RtlEnterCS=1464822 RtlInitCS=56 RtlLeaveCS=1464822
    Function probes (present pipeline):
      0x8311AC20 mainCRTStartup         NOT COMPILED
      0x82463930 main()                 NOT COMPILED
      0x8300D2EC App::App()             NOT COMPILED
      0x833A3B94 DxRnd::PreInit(HWND)   NOT COMPILED
      0x833A40D0 DxRnd::PreInit(virt)   NOT COMPILED
      0x83184310 Rnd::PreInit           NOT COMPILED
      0x82A4B350 Movie::Init            NOT COMPILED
      0x83438C9C BinkMovieSys::Init     NOT COMPILED
      0x833A404C Rnd::SetClearColor     NOT COMPILED
      0x834E24DC Splash::Splash(ctor)   NOT COMPILED
      0x82B20DD0 OptionBool             NOT COMPILED
      0x83409780 ULSystemLocale         NOT COMPILED
      0x834E2050 Splash::PrepareNext    NOT COMPILED
      0x834E2DEC Splash::BeginSplasher  NOT COMPILED
      0x834E21B8 Splash::PrepareRemaining NOT COMPILED
      0x832AAAFC LiveCameraInput::PreInit NOT COMPILED
      0x832AABE4 LiveCameraInput::Init  NOT COMPILED
      0x832F69BC SynthPreInit           NOT COMPILED
      0x832F6B34 SynthInit              NOT COMPILED
      0x835181F0 SystemInit             NOT COMPILED
      0x82BC2F80 MagnuInit              NOT COMPILED
      0x82AE9FC0 DataInit               NOT COMPILED
      0x83154308 ObjectDir::PreInit     NOT COMPILED
      0x83151AD8 ObjectDir::Init        NOT COMPILED
      0x83413CDC FileInit               NOT COMPILED
      0x8343B8AC LoadMgr::Init          NOT COMPILED
      0x833A3E84 DxRnd::Init(HWND)      NOT COMPILED
      0x833A40D8 DxRnd::Init(virt)      NOT COMPILED
      0x8317EEB0 Rnd::Init(virt)        NOT COMPILED
      0x8356CB88 DingoServer::Init      NOT COMPILED
      0x82B1DE50 RockCentral::Init      NOT COMPILED
      0x82A37CE8 HamUserMgrInit         NOT COMPILED
      0x83085950 FlowInit               NOT COMPILED
      0x83123E60 CharInit               NOT COMPILED
      0x834F7864 SaveLoadManager::Init  NOT COMPILED
      0x82931E38 MidiParser::Init       NOT COMPILED
      0x8342E428 UIManager::Init        NOT COMPILED
      0x8342BEA8 UIManager ctor         NOT COMPILED
      0x83429904 UIManager::GotoFirstScreen NOT COMPILED
      0x8300DB7C App::Run()             NOT COMPILED
      0x8300C1A4 RunWithoutDbg          NOT COMPILED
      0x8300ABE0 App::DrawRegular       NOT COMPILED
      0x8300B0D8 MainThread             NOT COMPILED
      0x8339FBD0 DxRnd::Present         NOT COMPILED
      0x8301BC40 Game::PostUpdate       NOT COMPILED
      0x837EAABC D3DDevice_Swap         NOT COMPILED
      0x83941440 PIXAddPixOpWithData    NOT COMPILED
      0x8256EDC8 NavListSortMgr::ClearHeaders NOT COMPILED
      0x8256EEE8 NavListSortMgr::GetFirstChild NOT COMPILED
    Heap[0x82000000]: type=1 alloc_len=0x0
    Host ptr for 0x82000000: 0x182000000
    Read 0x82000000: 0x4D5A9000 (MZ)
    Guest code near LR=0x82844CF8:
      0x82844C98: 40800010
      0x82844C9C: 4BFFFB9D
      0x82844CA0: 38600000
      0x82844CA4: 48000008
      0x82844CA8: 80610050
      0x82844CAC: 38210060
      0x82844CB0: 8181FFF8
      0x82844CB4: 7D8803A6
      0x82844CB8: 4E800020
      0x82844CBC: 00000000
      0x82844CC0: 7D8802A6
      0x82844CC4: 4BFE4595
      0x82844CC8: 9421FF80
      0x82844CCC: 7C7F1B78
      0x82844CD0: 38610050
      0x82844CD4: 7CBC2B78
      0x82844CD8: 48006F71
      0x82844CDC: 7C7E1B78
      0x82844CE0: 579D063E
      0x82844CE4: 7FC6F378
      0x82844CE8: 7FA5EB78
      0x82844CEC: 38800001
      0x82844CF0: 7FE3FB78
      0x82844CF4: 48407759
      0x82844CF8: 2C030000  <-- LR
      0x82844CFC: 41800018
      0x82844D00: 2F1C0000
      0x82844D04: 419A0018
      0x82844D08: 2F030101
      0x82844D0C: 419AFFD8
      0x82844D10: 4800000C
      0x82844D14: 4BFFFE95
      0x82844D18: 3860FFFF
      0x82844D1C: 38210080
      0x82844D20: 4BFE4588
      0x82844D24: 00000000
      0x82844D28: 7D8802A6
      0x82844D2C: 9181FFF8
      0x82844D30: 9421FFA0
      0x82844D34: 7CAB2B78
    Stub@0x8340E198 CX2SourceVoice::Initialize    : 00000000 00000000 *** NOT STUBBED ***
    Stub@0x8340E578 CX2SourceVoice::Start         : 00000000 00000000 *** NOT STUBBED ***
    Stub@0x8340E6CC CX2SourceVoice::Stop          : 00000000 00000000 *** NOT STUBBED ***
    NotifyList[0x83B14C3C] head=0x00000000 (NON-EMPTY)
    [0] sp=0x7018F5E0 back=0x00000000 lr_sp4=0x3F800000 lr_bc8=0x00000000
    [0] END: back=0x00000000 (zero=1 same=0 valid=0)
  Thread 7: LR=0x82845144 [?] SP=0x701EFCC0
    [0] sp=0x701EFCC0 back=0x701EFD30 lr_sp4=0xBEBEBEBE lr_bc8=0x8252A370
    [1] sp=0x701EFD30 back=0x701EFE70 lr_sp4=0xBEBEBEBE lr_bc8=0x8252A3C4
    [2] sp=0x701EFE70 back=0x701EFED0 lr_sp4=0xBEBEBEBE lr_bc8=0x8284D6DC
    [3] sp=0x701EFED0 back=0x701EFF50 lr_sp4=0xBEBEBEBE lr_bc8=0xBCBCBCBC
    [4] sp=0x701EFF50 back=0xBEBEBEBE lr_sp4=0xBEBEBEBE lr_bc8=0x00000000
    [4] END: back=0xBEBEBEBE (zero=0 same=0 valid=0)
  Thread 8: LR=0x8286C5BC [?] SP=0x7021FE20
    [0] sp=0x7021FE20 back=0x7021FED0 lr_sp4=0xBEBEBEBE lr_bc8=0x8284D6DC
    [1] sp=0x7021FED0 back=0x7021FF50 lr_sp4=0xBEBEBEBE lr_bc8=0xBCBCBCBC
    [2] sp=0x7021FF50 back=0xBEBEBEBE lr_sp4=0xBEBEBEBE lr_bc8=0x00000000
    [2] END: back=0xBEBEBEBE (zero=0 same=0 valid=0)
  Thread 9: LR=0x8286C5BC [?] SP=0x7024FE20
    [0] sp=0x7024FE20 back=0x7024FED0 lr_sp4=0xBEBEBEBE lr_bc8=0x8284D6DC
    [1] sp=0x7024FED0 back=0x7024FF50 lr_sp4=0xBEBEBEBE lr_bc8=0xBCBCBCBC
    [2] sp=0x7024FF50 back=0xBEBEBEBE lr_sp4=0xBEBEBEBE lr_bc8=0x00000000
    [2] END: back=0xBEBEBEBE (zero=0 same=0 valid=0)
  Thread 10: LR=0x82BF3B2C [?] SP=0x702AF670
    [0] sp=0x702AF670 back=0x702AFDE0 lr_sp4=0xBEBEBEBE lr_bc8=0x82BF4C1C
    [1] sp=0x702AFDE0 back=0x702AFE70 lr_sp4=0xBEBEBEBE lr_bc8=0x82BF3BAC
    [2] sp=0x702AFE70 back=0x702AFED0 lr_sp4=0xBEBEBEBE lr_bc8=0x8284D6DC
    [3] sp=0x702AFED0 back=0x702AFF50 lr_sp4=0xBEBEBEBE lr_bc8=0xBCBCBCBC
    [4] sp=0x702AFF50 back=0xBEBEBEBE lr_sp4=0xBEBEBEBE lr_bc8=0x00000000
    [4] END: back=0xBEBEBEBE (zero=0 same=0 valid=0)
  Thread 11: LR=0x82844CF8 [?] SP=0x7030FC90
    [0] sp=0x7030FC90 back=0x7030FD10 lr_sp4=0xBEBEBEBE lr_bc8=0x82C57674
    [1] sp=0x7030FD10 back=0x7030FD90 lr_sp4=0x00000000 lr_bc8=0x82C57908
    [2] sp=0x7030FD90 back=0x7030FDF0 lr_sp4=0x00000000 lr_bc8=0x82C4FE40
    [3] sp=0x7030FDF0 back=0x7030FE70 lr_sp4=0xBEBEBEBE lr_bc8=0x82C57490
    [4] sp=0x7030FE70 back=0x7030FED0 lr_sp4=0xBEBEBEBE lr_bc8=0x8284D6DC
    [5] sp=0x7030FED0 back=0x7030FF50 lr_sp4=0xBEBEBEBE lr_bc8=0xBCBCBCBC
    [6] sp=0x7030FF50 back=0xBEBEBEBE lr_sp4=0xBEBEBEBE lr_bc8=0x00000000
    [6] END: back=0xBEBEBEBE (zero=0 same=0 valid=0)
  Thread 12: LR=0x82844CF8 [?] SP=0x7036FC90
    [0] sp=0x7036FC90 back=0x7036FD10 lr_sp4=0xBEBEBEBE lr_bc8=0x82C57674
    [1] sp=0x7036FD10 back=0x7036FD90 lr_sp4=0x00000000 lr_bc8=0x82C57908
    [2] sp=0x7036FD90 back=0x7036FDF0 lr_sp4=0x00000000 lr_bc8=0x82C4FE40
    [3] sp=0x7036FDF0 back=0x7036FE70 lr_sp4=0xBEBEBEBE lr_bc8=0x82C57490
    [4] sp=0x7036FE70 back=0x7036FED0 lr_sp4=0xBEBEBEBE lr_bc8=0x8284D6DC
    [5] sp=0x7036FED0 back=0x7036FF50 lr_sp4=0xBEBEBEBE lr_bc8=0xBCBCBCBC
    [6] sp=0x7036FF50 back=0xBEBEBEBE lr_sp4=0xBEBEBEBE lr_bc8=0x00000000
    [6] END: back=0xBEBEBEBE (zero=0 same=0 valid=0)
  Thread 13: LR=0x82844CF8 [?] SP=0x7039FDE0
    [0] sp=0x7039FDE0 back=0x7039FE60 lr_sp4=0xBEBEBEBE lr_bc8=0x82C510FC
    [1] sp=0x7039FE60 back=0x7039FED0 lr_sp4=0xBEBEBEBE lr_bc8=0x8284D6DC
    [2] sp=0x7039FED0 back=0x7039FF50 lr_sp4=0xBEBEBEBE lr_bc8=0xBCBCBCBC
    [3] sp=0x7039FF50 back=0xBEBEBEBE lr_sp4=0xBEBEBEBE lr_bc8=0x00000000
    [3] END: back=0xBEBEBEBE (zero=0 same=0 valid=0)
  Thread 14: LR=0x82844CF8 [?] SP=0x703FFBC0
    [0] sp=0x703FFBC0 back=0x703FFC40 lr_sp4=0x7018FBFC lr_bc8=0x82527ACC
    [1] sp=0x703FFC40 back=0x703FFCA0 lr_sp4=0x00000000 lr_bc8=0x82741530
    [2] sp=0x703FFCA0 back=0x703FFD10 lr_sp4=0x82E04B38 lr_bc8=0x82741614
    [3] sp=0x703FFD10 back=0x703FFDB0 lr_sp4=0x00000000 lr_bc8=0x8274287C
    [4] sp=0x703FFDB0 back=0x703FFE70 lr_sp4=0xBEBEBEBE lr_bc8=0x82742978
    [5] sp=0x703FFE70 back=0x703FFED0 lr_sp4=0xBEBEBEBE lr_bc8=0x8284D6DC
    [6] sp=0x703FFED0 back=0x703FFF50 lr_sp4=0xBEBEBEBE lr_bc8=0xBCBCBCBC
    [7] sp=0x703FFF50 back=0xBEBEBEBE lr_sp4=0xBEBEBEBE lr_bc8=0x00000000
    [7] END: back=0xBEBEBEBE (zero=0 same=0 valid=0)
  Thread 15: LR=0x82844CF8 [?] SP=0x7042FD00
    Stack frame walk:
      [ 0] sp=0x7042FD00 -> 0x7042FD80  LR=0xBEBEBEBE []
      [ 1] sp=0x7042FD80 -> 0x7042FE10  LR=0xBEBEBEBE []
      [ 2] sp=0x7042FE10 -> 0x7042FE70  LR=0xBEBEBEBE []
      [ 3] sp=0x7042FE70 -> 0x7042FED0  LR=0xBEBEBEBE []
      [ 4] sp=0x7042FED0 -> 0x7042FF50  LR=0xBEBEBEBE []
      [ 5] sp=0x7042FF50 -> 0xBEBEBEBE  LR=0x00000000 []
    [0] sp=0x7042FD00 back=0x7042FD80 lr_sp4=0xBEBEBEBE lr_bc8=0x825278E8
    [1] sp=0x7042FD80 back=0x7042FE10 lr_sp4=0xBEBEBEBE lr_bc8=0x8282DA00
    [2] sp=0x7042FE10 back=0x7042FE70 lr_sp4=0xBEBEBEBE lr_bc8=0x8282DAC4
    [3] sp=0x7042FE70 back=0x7042FED0 lr_sp4=0xBEBEBEBE lr_bc8=0x8284D6DC
    [4] sp=0x7042FED0 back=0x7042FF50 lr_sp4=0xBEBEBEBE lr_bc8=0xBCBCBCBC
    [5] sp=0x7042FF50 back=0xBEBEBEBE lr_sp4=0xBEBEBEBE lr_bc8=0x00000000
    [5] END: back=0xBEBEBEBE (zero=0 same=0 valid=0)
i> F8000004 XE_SWAP
i> F8000004 NullGPU: LoadShader #8900 type=1 addr=0x1CA80040 dwords=15
i> F8000004 XE_SWAP
i> F800002C MainThread NtWait RETURNED handle=0xF80000D8 result=0x0
i> F80000F0 VdSwap(BED8CE7C, 703FFA10, FFC9B008, 703FFA60, BEEF0001, 703FFA00, 703FF9FC, 703FF9F8, 703FF9F0, 703FF9F4)
i> F8000004 XE_SWAP
i> F800002C MainThread NtWait RETURNED handle=0xF80000D8 result=0x0
i> F800002C VdSwap(BEE14694, 7018F430, FFC9B008, 7018F480, BEEF0001, 7018F420, 7018F41C, 7018F418, 7018F410, 7018F414)
i> F800002C VdSwap(BEE9C148, 7018F3B0, FFC9B008, 7018F400, BEEF0001, 7018F3A0, 7018F39C, 7018F398, 7018F390, 7018F394)
i> F8000004 XE_SWAP
i> F8000004 NullGPU: LoadShader #9000 type=0 addr=0x1EE98A50 dwords=27
i> F8000004 XE_SWAP
i> F800002C MainThread NtWait RETURNED handle=0xF80000D8 result=0x0
i> F80000F0 VdSwap(BEF2403C, 703FFA10, FFC9B008, 703FFA60, BEEF0001, 703FFA00, 703FF9FC, 703FF9F8, 703FF9F0, 703FF9F4)
i> F8000004 XE_SWAP
i> F800002C MainThread NtWait RETURNED handle=0xF80000D8 result=0x0
i> F800002C MainThread NtWait RETURNED handle=0xF80000C4 result=0x0
i> F800002C MainThread NtWait RETURNED handle=0xF80000C4 result=0x102
i> F800002C MainThread NtWait RETURNED handle=0xF80000D0 result=0x0
i> F800002C MainThread NtWait RETURNED handle=0xF80000D0 result=0x102
i> F800002C VdSwap(BEFAB89C, 7018F430, FFC9B008, 7018F480, BEEF0001, 7018F420, 7018F41C, 7018F418, 7018F410, 7018F414)
i> F800002C VdSwap(BF033248, 7018F3B0, FFC9B008, 7018F400, BEEF0001, 7018F3A0, 7018F39C, 7018F398, 7018F390, 7018F394)
i> F8000004 XE_SWAP
i> F8000004 NullGPU: LoadShader #9100 type=0 addr=0x1FC97014 dwords=24
i> F8000004 XE_SWAP
i> F8000004 NullGPU: IssueDraw #36000 prim=1 indices=1
i> F800002C MainThread NtWait RETURNED handle=0xF80000D8 result=0x0
i> F80000F0 VdSwap(BF0BB07C, 703FFA10, FFC9B008, 703FFA60, BEEF0001, 703FFA00, 703FF9FC, 703FF9F8, 703FF9F0, 703FF9F4)
i> F8000004 XE_SWAP
i> F800002C MainThread NtWait RETURNED handle=0xF80000D8 result=0x0
i> F800002C VdSwap(BF142894, 7018F430, FFC9B008, 7018F480, BEEF0001, 7018F420, 7018F41C, 7018F418, 7018F410, 7018F414)
i> F800002C Added handle:F8000108 for N2xe6kernel7XObjectE
i> F800002C Added handle:F800010C for N2xe6kernel7XObjectE
i> F800002C XThreadF800010C (10) Stack: 70450000-70490000
i> F800002C ExCreateThread: start=0x8240EC30 ctx=0x00000000 flags=0x1 stack=262144 -> tid=16
K> F800010C XThread::Execute thid 16 (handle=F800010C, 'XThreadEAFFE6C0 (F800010C)', native=EAFFE6C0)
i> F8000004 XE_SWAP
i> F8000004 NullGPU: LoadShader #9200 type=0 addr=0x1F1C6878 dwords=15
i> F800002C MainThread NtWait RETURNED handle=0xF80000D8 result=0x0
i> F80000F0 VdSwap(BF1CA49C, 703FFA10, FFC9B008, 703FFA60, BEEF0001, 703FFA00, 703FF9FC, 703FF9F8, 703FF9F0, 703FF9F4)
i> F8000004 XE_SWAP
i> F800002C Added handle:F8000110 for N2xe6kernel7XObjectE
i> F800002C Added handle:F8000114 for N2xe6kernel7XObjectE
i> F800002C XThreadF8000114 (11) Stack: 704B0000-704C0000
i> F800002C ExCreateThread: start=0x82AAC068 ctx=0x42A0F140 flags=0x0 stack=65536 -> tid=17
K> F8000114 XThread::Execute thid 17 (handle=F8000114, 'XThreadE9FFD6C0 (F8000114)', native=E9FFD6C0)
i> F800002C MainThread KeDelay #1 interval=-100000 guest_lr=82845144 guest_sp=7018F530
i> F800002C   frame[0] sp=7018F530 back=7018F5A0 saved_lr=82AABE80
i> F800002C   frame[1] sp=7018F5A0 back=7018F600 saved_lr=82AAC244
i> F800002C   frame[2] sp=7018F600 back=7018F660 saved_lr=82B003FC
i> F800002C   frame[3] sp=7018F660 back=7018F710 saved_lr=82AC5F00
i> F800002C   frame[4] sp=7018F710 back=7018F770 saved_lr=82ADA4B8
i> F800002C   frame[5] sp=7018F770 back=7018F830 saved_lr=82ADAA18
i> F800002C   frame[6] sp=7018F830 back=7018F8E0 saved_lr=82A88894
i> F800002C   frame[7] sp=7018F8E0 back=7018F940 saved_lr=82A87F38
i> F800002C   frame[8] sp=7018F940 back=7018F9A0 saved_lr=823ECA50
i> F800002C   frame[9] sp=7018F9A0 back=7018FA20 saved_lr=823E06F8
i> F800002C   frame[10] sp=7018FA20 back=7018FAA0 saved_lr=82271118
i> F800002C   frame[11] sp=7018FAA0 back=7018FCF0 saved_lr=82272E8C
i> F80000F0 VdSwap(BF251F50, 703FFA40, FFC9B008, 703FFA90, BEEF0001, 703FFA30, 703FFA2C, 703FFA28, 703FFA20, 703FFA24)
i> F8000004 XE_SWAP
i> F800002C MainThread KeDelay #2 interval=-100000 guest_lr=82845144 guest_sp=7018F530
i> F800002C   frame[0] sp=7018F530 back=7018F5A0 saved_lr=82AABE80
i> F800002C   frame[1] sp=7018F5A0 back=7018F600 saved_lr=82AAC244
i> F800002C   frame[2] sp=7018F600 back=7018F660 saved_lr=82B003FC
i> F800002C   frame[3] sp=7018F660 back=7018F710 saved_lr=82AC5F00
i> F800002C   frame[4] sp=7018F710 back=7018F770 saved_lr=82ADA4B8
i> F800002C   frame[5] sp=7018F770 back=7018F830 saved_lr=82ADAA18
i> F800002C   frame[6] sp=7018F830 back=7018F8E0 saved_lr=82A88894
i> F800002C   frame[7] sp=7018F8E0 back=7018F940 saved_lr=82A87F38
i> F800002C   frame[8] sp=7018F940 back=7018F9A0 saved_lr=823ECA50
i> F800002C   frame[9] sp=7018F9A0 back=7018FA20 saved_lr=823E06F8
i> F800002C   frame[10] sp=7018FA20 back=7018FAA0 saved_lr=82271118
i> F800002C   frame[11] sp=7018FAA0 back=7018FCF0 saved_lr=82272E8C
i> F80000F0 VdSwap(BF2D9A10, 703FFA40, FFC9B008, 703FFA90, BEEF0001, 703FFA30, 703FFA2C, 703FFA28, 703FFA20, 703FFA24)
i> F8000004 XE_SWAP
i> F8000004 NullGPU: LoadShader #9300 type=1 addr=0x1CA7B1C0 dwords=15
i> F800002C Added handle:F8000118 for N2xe6kernel7XObjectE
i> F800002C Added handle:F800011C for N2xe6kernel7XObjectE
i> F800002C Added handle:F8000120 for N2xe6kernel7XObjectE
i> F800002C Added handle:F8000124 for N2xe6kernel7XObjectE
i> F800002C Added handle:F8000128 for N2xe6kernel7XObjectE
i> F800002C Added handle:F800012C for N2xe6kernel7XObjectE
i> F800002C Added handle:F8000130 for N2xe6kernel7XObjectE
i> F800002C Added handle:F8000134 for N2xe6kernel7XObjectE
i> F800002C Added handle:F8000138 for N2xe6kernel7XObjectE
i> F800002C XThreadF8000138 (12) Stack: 704E0000-704F0000
i> F800002C ExCreateThread: start=0x82AAC068 ctx=0x42A0EDC0 flags=0x0 stack=65536 -> tid=18
i> F800002C MainThread KeDelay #3 interval=-100000 guest_lr=82845144 guest_sp=7018F530
i> F800002C   frame[0] sp=7018F530 back=7018F5A0 saved_lr=82AABE80
i> F800002C   frame[1] sp=7018F5A0 back=7018F600 saved_lr=82AAC244
i> F800002C   frame[2] sp=7018F600 back=7018F660 saved_lr=82B16120
i> F800002C   frame[3] sp=7018F660 back=7018F720 saved_lr=82B15F6C
i> F800002C   frame[4] sp=7018F720 back=7018F780 saved_lr=82AD8B48
K> F8000138 XThread::Execute thid 18 (handle=F8000138, 'XThreadDBFFF6C0 (F8000138)', native=DBFFF6C0)
i> F800002C   frame[5] sp=7018F780 back=7018F830 saved_lr=82AD91FC
i> F800002C   frame[6] sp=7018F830 back=7018F8E0 saved_lr=82A88898
i> F800002C   frame[7] sp=7018F8E0 back=7018F940 saved_lr=82A87F38
i> F800002C   frame[8] sp=7018F940 back=7018F9A0 saved_lr=823ECA50
i> F800002C   frame[9] sp=7018F9A0 back=7018FA20 saved_lr=823E06F8
i> F800002C   frame[10] sp=7018FA20 back=7018FAA0 saved_lr=82271118
i> F800002C   frame[11] sp=7018FAA0 back=7018FCF0 saved_lr=82272E8C
i> F80000F0 VdSwap(BF361510, 703FFA40, FFC9B008, 703FFA90, BEEF0001, 703FFA30, 703FFA2C, 703FFA28, 703FFA20, 703FFA24)
i> F8000004 XE_SWAP
i> F80000F0 VdSwap(BF3E9010, 703FFA40, FFC9B008, 703FFA90, BEEF0001, 703FFA30, 703FFA2C, 703FFA28, 703FFA20, 703FFA24)
i> F8000004 XE_SWAP
i> F8000004 NullGPU: IssueDraw #37000 prim=1 indices=1
i> F800002C Added handle:F800013C for N2xe6kernel7XObjectE
i> F800002C XamNotifyCreateListener: mask=0x0000000000000005 is_system=0 max_version=5
i> F800002C Added handle:F8000140 for N2xe6kernel7XObjectE
i> F800002C XamNotifyCreateListener: -> handle=0xF8000140
i> F800002C Added handle:F8000144 for N2xe6kernel7XObjectE
i> F800002C XThreadF8000144 (13) Stack: 70510000-70520000
i> F800002C ExCreateThread: start=0x82C1A170 ctx=0x4365BDD0 flags=0x2000000 stack=65536 -> tid=19
K> F8000144 XThread::Execute thid 19 (handle=F8000144, 'XThreadDAFFE6C0 (F8000144)', native=DAFFE6C0)
i> F8000144 Added handle:F8000148 for N2xe6kernel7XObjectE
i> F800002C MainThread NtWait RETURNED handle=0xF800013C result=0x0
i> F800002C Added handle:F800014C for N2xe6kernel7XThreadE
i> F800002C Added handle:F8000150 for N2xe6kernel7XObjectE
i> F800002C XThreadF8000150 (14) Stack: 70540000-70580000
i> F800002C ExCreateThread: start=0x82B677C0 ctx=0x43F02D68 flags=0x1 stack=262144 -> tid=20
i> F800002C Added handle:F8000154 for N2xe6kernel7XObjectE
K> F8000150 XThread::Execute thid 20 (handle=F8000150, 'XThreadD9FFD6C0 (F8000150)', native=D9FFD6C0)
i> F800002C XThreadF8000154 (15) Stack: 705A0000-705E0000
i> F800002C ExCreateThread: start=0x82B677C0 ctx=0x43F02D88 flags=0x1 stack=262144 -> tid=21
i> F800002C Added handle:F8000158 for N2xe6kernel7XObjectE
K> F8000154 XThread::Execute thid 21 (handle=F8000154, 'XThreadCBFFF6C0 (F8000154)', native=CBFFF6C0)
i> F800002C XThreadF8000158 (16) Stack: 70600000-70640000
i> F800002C ExCreateThread: start=0x82B677C0 ctx=0x43F02DA8 flags=0x1 stack=262144 -> tid=22
i> F800002C Added handle:F800015C for N2xe6kernel7XObjectE
K> F8000158 XThread::Execute thid 22 (handle=F8000158, 'XThreadCAFFE6C0 (F8000158)', native=CAFFE6C0)
i> F800002C XThreadF800015C (17) Stack: 70660000-706A0000
i> F800002C ExCreateThread: start=0x82B677C0 ctx=0x43F02DC8 flags=0x1 stack=262144 -> tid=23
K> F800015C XThread::Execute thid 23 (handle=F800015C, 'XThreadC9FFD6C0 (F800015C)', native=C9FFD6C0)
i> F80000F0 VdSwap(BF470B10, 703FFA40, FFC9B008, 703FFA90, BEEF0001, 703FFA30, 703FFA2C, 703FFA28, 703FFA20, 703FFA24)
i> F8000004 XE_SWAP
i> F8000004 NullGPU: LoadShader #9400 type=0 addr=0x1FC97014 dwords=24
i> F8000144 XNotifyGetNext: handle=0xF8000140 match_id=0x00000000 (call #0)
i> F8000144 XNotifyGetNext: handle=0xF8000140 match_id=0x00000000 (call #1)
i> F8000144 XNotifyGetNext: handle=0xF8000140 match_id=0x00000000 (call #2)
i> F800002C Added handle:F8000160 for N2xe6kernel7XObjectE
i> F800002C XThreadF8000160 (18) Stack: 706C0000-70700000
i> F800002C ExCreateThread: start=0x827CAF80 ctx=0x00000000 flags=0x1 stack=262144 -> tid=24
K> F8000160 XThread::Execute thid 24 (handle=F8000160, 'XThreadBBFFF6C0 (F8000160)', native=BBFFF6C0)
i> F8000144 XNotifyGetNext: handle=0xF8000140 match_id=0x00000000 (call #3)
i> F80000F0 VdSwap(BF4F8610, 703FFA40, FFC9B008, 703FFA90, BEEF0001, 703FFA30, 703FFA2C, 703FFA28, 703FFA20, 703FFA24)
i> F8000004 XE_SWAP
i> F8000144 XNotifyGetNext: handle=0xF8000140 match_id=0x00000000 (call #4)
i> F80000F0 VdSwap(BF580110, 703FFA40, FFC9B008, 703FFA90, BEEF0001, 703FFA30, 703FFA2C, 703FFA28, 703FFA20, 703FFA24)
i> F8000004 XE_SWAP
i> F80000F0 VdSwap(BF607C10, 703FFA40, FFC9B008, 703FFA90, BEEF0001, 703FFA30, 703FFA2C, 703FFA28, 703FFA20, 703FFA24)
i> F8000004 XE_SWAP
i> F8000004 NullGPU: LoadShader #9500 type=0 addr=0x1F68B40C dwords=27
i> F80000F0 VdSwap(BF68F710, 703FFA40, FFC9B008, 703FFA90, BEEF0001, 703FFA30, 703FFA2C, 703FFA28, 703FFA20, 703FFA24)
i> F8000004 XE_SWAP
i> F80000F0 VdSwap(BF717210, 703FFA40, FFC9B008, 703FFA90, BEEF0001, 703FFA30, 703FFA2C, 703FFA28, 703FFA20, 703FFA24)
i> F8000004 XE_SWAP
i> F80000F0 VdSwap(BF79ED10, 703FFA40, FFC9B008, 703FFA90, BEEF0001, 703FFA30, 703FFA2C, 703FFA28, 703FFA20, 703FFA24)
i> F8000004 XE_SWAP
i> F8000004 NullGPU: LoadShader #9600 type=0 addr=0x1CA87000 dwords=42
i> F800002C Added handle:F8000164 for N2xe6kernel7XObjectE
i> F80000F0 VdSwap(BF826810, 703FFA40, FFC9B008, 703FFA90, BEEF0001, 703FFA30, 703FFA2C, 703FFA28, 703FFA20, 703FFA24)
i> F8000004 XE_SWAP
i> F8000004 NullGPU: IssueDraw #38000 prim=1 indices=1
i> F80000F0 VdSwap(BF8AE310, 703FFA40, FFC9B008, 703FFA90, BEEF0001, 703FFA30, 703FFA2C, 703FFA28, 703FFA20, 703FFA24)
i> F8000004 XE_SWAP
!> F800002C RB3DX ALLOC PROBE: BIG call #18242 size=0x00FFFFFF (16777215) align=0 callerLR=0x827BD028 sp=0x7018F470
!> F800002C RB3DX ALLOC PROBE:   frame[0] entry_sp=0x7018F4F0 ret=0x827CB440
!> F800002C RB3DX ALLOC PROBE:   frame[1] entry_sp=0x7018F580 ret=0x8275712C
!> F800002C RB3DX ALLOC PROBE:   frame[2] entry_sp=0x7018F6B0 ret=0x827BF38C
!> F800002C RB3DX ALLOC PROBE:   frame[3] entry_sp=0x7018F730 ret=0x827BF668
!> F800002C RB3DX ALLOC PROBE:   frame[4] entry_sp=0x7018F7C0 ret=0x82757B4C
!> F800002C RB3DX ALLOC PROBE:   frame[5] entry_sp=0x7018F8D0 ret=0x8233913C
!> F800002C RB3DX ALLOC PROBE:   frame[6] entry_sp=0x7018F980 ret=0x82339DEC
!> F800002C RB3DX ALLOC PROBE:   frame[7] entry_sp=0x7018FA20 ret=0x8227C328
!> F800002C RB3DX ALLOC PROBE:   frame[8] entry_sp=0x7018FAA0 ret=0x822712C0
!> F800002C RB3DX ALLOC PROBE:   frame[9] entry_sp=0x7018FCF0 ret=0x82272E8C
!> F800002C RB3DX ALLOC PROBE:   [sp+0x008]=0x8252E0C8
!> F800002C RB3DX ALLOC PROBE:   [sp+0x014]=0x82CCA4B0
!> F800002C RB3DX ALLOC PROBE:   [sp+0x018]=0x827BE51C
!> F800002C RB3DX ALLOC PROBE:   [sp+0x01C]=0x82DFD2B0
!> F800002C RB3DX ALLOC PROBE:   [sp+0x024]=0x82E078A0
!> F800002C RB3DX ALLOC PROBE:   [sp+0x03C]=0x82CCA4B0
!> F800002C RB3DX ALLOC PROBE:   [sp+0x078]=0x827CB440
!> F800002C RB3DX ALLOC PROBE:   [sp+0x07C]=0x82CD0000
!> F800002C RB3DX ALLOC PROBE:   [sp+0x088]=0x82757628
!> F800002C RB3DX ALLOC PROBE:   [sp+0x094]=0x820116D7
!> F800002C RB3DX ALLOC PROBE:   [sp+0x098]=0x8283098C
!> F800002C RB3DX ALLOC PROBE:   [sp+0x09C]=0x82CC9D1C
!> F800002C RB3DX ALLOC PROBE:   [sp+0x0C8]=0x827BB164
!> F800002C RB3DX ALLOC PROBE:   [sp+0x0FC]=0x82E06E38
!> F800002C RB3DX ALLOC PROBE:   [sp+0x108]=0x8275712C
!> F800002C RB3DX ALLOC PROBE:   [sp+0x118]=0x827BB8C4
!> F800002C RB3DX ALLOC PROBE:   [sp+0x138]=0x827BB8C4
!> F800002C RB3DX ALLOC PROBE:   [sp+0x148]=0x8252016C
!> F800002C RB3DX ALLOC PROBE:   [sp+0x14C]=0x82CD0000
!> F800002C RB3DX ALLOC PROBE:   r0 -r7  00000000 7018F470 00000000 00FFFFFF 00000000 00000013 001C91E4 01000100
!> F800002C RB3DX ALLOC PROBE:   r8 -r15 00000078 CABEDEAF 00000000 00000001 827BD028 00044000 00000000 00000000
!> F800002C RB3DX ALLOC PROBE:   r16-r23 00000000 00000000 00000000 00000000 00000000 7018FD40 82CC9D1C 82000980
!> F800002C RB3DX ALLOC PROBE:   r24-r31 82CD0000 82E00000 00000003 00000000 00000002 00000000 00FFFFFF 7018F470
!> F800002C RB3DX ALLOC PROBE:   GetFileSize@82840070 UNREADABLE
!> F800002C RB3DX ALLOC PROBE:   QuerySize64@8284BC68 UNREADABLE
!> F800002C RB3DX ALLOC PROBE:   ThreadGetFileSize.store@827DA84C UNREADABLE
!> F800002C RB3DX ALLOC PROBE:   NtQIF.thunk@82C4C46C UNREADABLE
!> F800002C RB3DX ALLOC PROBE:   NtDispatchTbl@82C7AA78+0x1C UNREADABLE
!> F800002C RB3DX ALLOC PROBE:   gNtDispatchPtr@82C7AAA8 UNREADABLE
!> F800002C RB3DX ALLOC PROBE:   frame1 saved r30 (state-machine this) = 0x82E06E38
!> F800002C RB3DX ALLOC PROBE: BIG call #18243 size=0x00FFFFFF (16777215) align=0 callerLR=0x827BCE84 sp=0x7018F3C0
!> F800002C RB3DX ALLOC PROBE:   frame[0] entry_sp=0x7018F470 ret=0x827BD028
!> F800002C RB3DX ALLOC PROBE:   frame[1] entry_sp=0x7018F4F0 ret=0x827CB440
!> F800002C RB3DX ALLOC PROBE:   frame[2] entry_sp=0x7018F580 ret=0x8275712C
!> F800002C RB3DX ALLOC PROBE:   frame[3] entry_sp=0x7018F6B0 ret=0x827BF38C
!> F800002C RB3DX ALLOC PROBE:   frame[4] entry_sp=0x7018F730 ret=0x827BF668
!> F800002C RB3DX ALLOC PROBE:   frame[5] entry_sp=0x7018F7C0 ret=0x82757B4C
!> F800002C RB3DX ALLOC PROBE:   frame[6] entry_sp=0x7018F8D0 ret=0x8233913C
!> F800002C RB3DX ALLOC PROBE:   frame[7] entry_sp=0x7018F980 ret=0x82339DEC
!> F800002C RB3DX ALLOC PROBE:   frame[8] entry_sp=0x7018FA20 ret=0x8227C328
!> F800002C RB3DX ALLOC PROBE:   frame[9] entry_sp=0x7018FAA0 ret=0x822712C0
!> F800002C RB3DX ALLOC PROBE:   [sp+0x008]=0x827BB8C4
!> F800002C RB3DX ALLOC PROBE:   [sp+0x03C]=0x82CC9D1C
!> F800002C RB3DX ALLOC PROBE:   [sp+0x064]=0x82000980
!> F800002C RB3DX ALLOC PROBE:   [sp+0x06C]=0x82CD0000
!> F800002C RB3DX ALLOC PROBE:   [sp+0x074]=0x82E00000
!> F800002C RB3DX ALLOC PROBE:   [sp+0x0A8]=0x827BD028
!> F800002C RB3DX ALLOC PROBE:   [sp+0x0B8]=0x8252E0C8
!> F800002C RB3DX ALLOC PROBE:   [sp+0x0C4]=0x82CCA4B0
!> F800002C RB3DX ALLOC PROBE:   [sp+0x0C8]=0x827BE51C
!> F800002C RB3DX ALLOC PROBE:   [sp+0x0CC]=0x82DFD2B0
!> F800002C RB3DX ALLOC PROBE:   [sp+0x0D4]=0x82E078A0
!> F800002C RB3DX ALLOC PROBE:   [sp+0x0EC]=0x82CCA4B0
!> F800002C RB3DX ALLOC PROBE:   [sp+0x128]=0x827CB440
!> F800002C RB3DX ALLOC PROBE:   [sp+0x12C]=0x82CD0000
!> F800002C RB3DX ALLOC PROBE:   [sp+0x138]=0x82757628
!> F800002C RB3DX ALLOC PROBE:   [sp+0x144]=0x820116D7
!> F800002C RB3DX ALLOC PROBE:   [sp+0x148]=0x8283098C
!> F800002C RB3DX ALLOC PROBE:   [sp+0x14C]=0x82CC9D1C
!> F800002C RB3DX ALLOC PROBE:   [sp+0x178]=0x827BB164
!> F800002C RB3DX ALLOC PROBE:   r0 -r7  00000000 7018F3C0 00000000 00FFFFFF 00000000 00000013 001C91E4 00000001
!> F800002C RB3DX ALLOC PROBE:   r8 -r15 00000000 00000002 00000000 00000002 827BCE84 00044000 00000000 00000000
!> F800002C RB3DX ALLOC PROBE:   r16-r23 00000000 00000000 00000000 00000000 00000000 7018FD40 82CC9D1C 40302170
!> F800002C RB3DX ALLOC PROBE:   r24-r31 00000000 00FFFFFF 82C80000 82E06BA8 00000002 82E06BCC 82E069F0 7018F3C0
!> F800002C RB3DX ALLOC PROBE:   GetFileSize@82840070 UNREADABLE
!> F800002C RB3DX ALLOC PROBE:   QuerySize64@8284BC68 UNREADABLE
!> F800002C RB3DX ALLOC PROBE:   ThreadGetFileSize.store@827DA84C UNREADABLE
!> F800002C RB3DX ALLOC PROBE:   NtQIF.thunk@82C4C46C UNREADABLE
!> F800002C RB3DX ALLOC PROBE:   NtDispatchTbl@82C7AA78+0x1C UNREADABLE
!> F800002C RB3DX ALLOC PROBE:   gNtDispatchPtr@82C7AAA8 UNREADABLE
i> F80000F0 VdSwap(BF935E50, 703FFA40, FFC9B008, 703FFA90, BEEF0001, 703FFA30, 703FFA2C, 703FFA28, 703FFA20, 703FFA24)
i> F8000004 NullGPU: LoadShader #9700 type=1 addr=0x1FC97080 dwords=9
i> F8000004 XE_SWAP
i> F80000F0 VdSwap(BF9BD910, 703FFA40, FFC9B008, 703FFA90, BEEF0001, 703FFA30, 703FFA2C, 703FFA28, 703FFA20, 703FFA24)
i> F8000004 XE_SWAP
i> F80000F0 VdSwap(BFA45450, 703FFA40, FFC9B008, 703FFA90, BEEF0001, 703FFA30, 703FFA2C, 703FFA28, 703FFA20, 703FFA24)
i> F8000004 XE_SWAP
i> F8000004 NullGPU: LoadShader #9800 type=0 addr=0x1FACCB30 dwords=15
i> F800002C NtReadFile #1000 tid=6 handle=0xF800004C len=65536 offset=33816576
i> F80000F0 VdSwap(BFACCF50, 703FFA40, FFC9B008, 703FFA90, BEEF0001, 703FFA30, 703FFA2C, 703FFA28, 703FFA20, 703FFA24)
i> F8000004 XE_SWAP
i> F80000F0 VdSwap(BFB54A50, 703FFA40, FFC9B008, 703FFA90, BEEF0001, 703FFA30, 703FFA2C, 703FFA28, 703FFA20, 703FFA24)
i> F8000004 XE_SWAP
i> F80000F0 VdSwap(BFBDC550, 703FFA40, FFC9B008, 703FFA90, BEEF0001, 703FFA30, 703FFA2C, 703FFA28, 703FFA20, 703FFA24)
i> F8000004 XE_SWAP
i> F8000004 NullGPU: IssueSwap #300 fb_ptr=0x1D1C8000 1280x720
i> F8000004 NullGPU: LoadShader #9900 type=1 addr=0x1FC97080 dwords=9
i> F8000004 NullGPU: IssueDraw #39000 prim=1 indices=1
i> F80000F0 VdSwap(BDC96C30, 703FFA40, FFC9B008, 703FFA90, BEEF0001, 703FFA30, 703FFA2C, 703FFA28, 703FFA20, 703FFA24)
i> F8000004 XE_SWAP
i> F80000F0 VdSwap(BDD1E750, 703FFA40, FFC9B008, 703FFA90, BEEF0001, 703FFA30, 703FFA2C, 703FFA28, 703FFA20, 703FFA24)
i> F8000004 XE_SWAP
i> F80000F0 VdSwap(BDDA61C8, 703FFA40, FFC9B008, 703FFA90, BEEF0001, 703FFA30, 703FFA2C, 703FFA28, 703FFA20, 703FFA24)
i> F8000004 XE_SWAP
i> F8000004 NullGPU: LoadShader #10000 type=0 addr=0x1CA7F000 dwords=42
i> F80000F0 VdSwap(BDE2DDD0, 703FFA40, FFC9B008, 703FFA90, BEEF0001, 703FFA30, 703FFA2C, 703FFA28, 703FFA20, 703FFA24)
i> F8000004 XE_SWAP
i> 002A4B4F SI HOOKVERIFY[20]: DLL-base word@0x84000000=0x4D5A9000 (mapped)
w> 002A4B4F SI HOOKVERIFY H1 @0x8276FA08: word=0xEEEEEEEE [UNREADABLE (image not loaded here?)]
w> 002A4B4F SI HOOKVERIFY H2 @0x82794740: word=0xEEEEEEEE [UNREADABLE (image not loaded here?)]
i> F80000F0 VdSwap(BDEB5890, 703FFA40, FFC9B008, 703FFA90, BEEF0001, 703FFA30, 703FFA2C, 703FFA28, 703FFA20, 703FFA24)
i> F8000004 XE_SWAP
i> F80000F0 VdSwap(BDF3D3D0, 703FFA40, FFC9B008, 703FFA90, BEEF0001, 703FFA30, 703FFA2C, 703FFA28, 703FFA20, 703FFA24)
i> F8000004 XE_SWAP
i> F8000004 NullGPU: LoadShader #10100 type=0 addr=0x1DFC4B30 dwords=15
i> F80000F0 VdSwap(BDFC4F50, 703FFA40, FFC9B008, 703FFA90, BEEF0001, 703FFA30, 703FFA2C, 703FFA28, 703FFA20, 703FFA24)
i> F8000004 XE_SWAP
i> F80000F0 VdSwap(BE04CAD0, 703FFA40, FFC9B008, 703FFA90, BEEF0001, 703FFA30, 703FFA2C, 703FFA28, 703FFA20, 703FFA24)
i> F8000004 XE_SWAP
i> F8000004 NullGPU: IssueDraw #40000 prim=1 indices=1
i> F80000F0 VdSwap(BE0D45D0, 703FFA40, FFC9B008, 703FFA90, BEEF0001, 703FFA30, 703FFA2C, 703FFA28, 703FFA20, 703FFA24)
i> F8000004 XE_SWAP
i> F8000004 NullGPU: LoadShader #10200 type=1 addr=0x1FC97080 dwords=9
i> F80000F0 VdSwap(BE15C170, 703FFA40, FFC9B008, 703FFA90, BEEF0001, 703FFA30, 703FFA2C, 703FFA28, 703FFA20, 703FFA24)
i> F8000004 XE_SWAP
i> F80000F0 VdSwap(BE1E3C50, 703FFA40, FFC9B008, 703FFA90, BEEF0001, 703FFA30, 703FFA2C, 703FFA28, 703FFA20, 703FFA24)
i> F8000004 XE_SWAP
i> F80000F0 VdSwap(BE26B750, 703FFA40, FFC9B008, 703FFA90, BEEF0001, 703FFA30, 703FFA2C, 703FFA28, 703FFA20, 703FFA24)
i> F8000004 XE_SWAP
i> F8000004 NullGPU: LoadShader #10300 type=0 addr=0x1CA7F000 dwords=42
i> F80000F0 VdSwap(BE2F32D0, 703FFA40, FFC9B008, 703FFA90, BEEF0001, 703FFA30, 703FFA2C, 703FFA28, 703FFA20, 703FFA24)
i> F8000004 XE_SWAP
i> F80000F0 VdSwap(BE37ADD0, 703FFA40, FFC9B008, 703FFA90, BEEF0001, 703FFA30, 703FFA2C, 703FFA28, 703FFA20, 703FFA24)
i> F8000004 XE_SWAP
i> F80000F0 VdSwap(BE4028D0, 703FFA40, FFC9B008, 703FFA90, BEEF0001, 703FFA30, 703FFA2C, 703FFA28, 703FFA20, 703FFA24)
i> F8000004 XE_SWAP
i> F8000004 NullGPU: LoadShader #10400 type=1 addr=0x1E48737C dwords=9
i> F8000004 NullGPU: IssueDraw #41000 prim=1 indices=1
i> F80000F0 VdSwap(BE48A3D0, 703FFA40, FFC9B008, 703FFA90, BEEF0001, 703FFA30, 703FFA2C, 703FFA28, 703FFA20, 703FFA24)
i> F8000004 XE_SWAP
i> F80000F0 VdSwap(BE511EF0, 703FFA40, FFC9B008, 703FFA90, BEEF0001, 703FFA30, 703FFA2C, 703FFA28, 703FFA20, 703FFA24)
i> F8000004 XE_SWAP
i> F80000F0 VdSwap(BE5999D0, 703FFA40, FFC9B008, 703FFA90, BEEF0001, 703FFA30, 703FFA2C, 703FFA28, 703FFA20, 703FFA24)
i> F8000004 XE_SWAP
i> F8000004 NullGPU: LoadShader #10500 type=0 addr=0x1E61E204 dwords=15
i> F80000F0 VdSwap(BE6214D0, 703FFA40, FFC9B008, 703FFA90, BEEF0001, 703FFA30, 703FFA2C, 703FFA28, 703FFA20, 703FFA24)
i> F8000004 XE_SWAP
i> F80000F0 VdSwap(BE6A8FD0, 703FFA40, FFC9B008, 703FFA90, BEEF0001, 703FFA30, 703FFA2C, 703FFA28, 703FFA20, 703FFA24)
i> F8000004 XE_SWAP
i> F80000F0 VdSwap(BE730AD0, 703FFA40, FFC9B008, 703FFA90, BEEF0001, 703FFA30, 703FFA2C, 703FFA28, 703FFA20, 703FFA24)
i> F8000004 XE_SWAP
i> F8000004 NullGPU: LoadShader #10600 type=1 addr=0x1CA80040 dwords=15
i> F80000F0 VdSwap(BE7B8590, 703FFA40, FFC9B008, 703FFA90, BEEF0001, 703FFA30, 703FFA2C, 703FFA28, 703FFA20, 703FFA24)
i> F8000004 XE_SWAP
i> F80000F0 VdSwap(BE840090, 703FFA40, FFC9B008, 703FFA90, BEEF0001, 703FFA30, 703FFA2C, 703FFA28, 703FFA20, 703FFA24)
i> F8000004 XE_SWAP
i> F8000004 NullGPU: IssueDraw #42000 prim=1 indices=1
i> F800002C NtCreateFile: gd:\dev_hdd0\game\blus30463\usrdir\dx_high_memory.dta disp=1
!> F800002C ResolvePath(gd:\dev_hdd0\game\blus30463\usrdir) failed - device not found
i> F800002C NtCreateFile FAILED: gd:\dev_hdd0\game\blus30463\usrdir\dx_high_memory.dta -> 0xC000000F
i> F800002C xeRtlNtStatusToDosError C000000F => 2
i> F80000F0 VdSwap(BE8C7B90, 703FFA40, FFC9B008, 703FFA90, BEEF0001, 703FFA30, 703FFA2C, 703FFA28, 703FFA20, 703FFA24)
i> F8000004 XE_SWAP
i> F8000004 NullGPU: LoadShader #10700 type=0 addr=0x1E94BE90 dwords=27
!> F800002C RB3DX ALLOC PROBE: BIG call #32159 size=0x0043A929 (4434217) align=0 callerLR=0x82548608 sp=0x7018F990
!> F800002C RB3DX ALLOC PROBE:   frame[0] entry_sp=0x7018FA20 ret=0x82575384
!> F800002C RB3DX ALLOC PROBE:   frame[1] entry_sp=0x7018FAA0 ret=0x822712EC
!> F800002C RB3DX ALLOC PROBE:   frame[2] entry_sp=0x7018FCF0 ret=0x82272E8C
!> F800002C RB3DX ALLOC PROBE:   frame[3] entry_sp=0x7018FD60 ret=0x8283CEB0
!> F800002C RB3DX ALLOC PROBE:   frame[4] entry_sp=0x7018FF50 ret=0xBCBCBCBC
!> F800002C RB3DX ALLOC PROBE:   [sp+0x018]=0x82587828
!> F800002C RB3DX ALLOC PROBE:   [sp+0x01C]=0x82092450
!> F800002C RB3DX ALLOC PROBE:   [sp+0x028]=0x8275CDA8
!> F800002C RB3DX ALLOC PROBE:   [sp+0x03C]=0x8209C568
!> F800002C RB3DX ALLOC PROBE:   [sp+0x044]=0x82000980
!> F800002C RB3DX ALLOC PROBE:   [sp+0x04C]=0x82CD0000
!> F800002C RB3DX ALLOC PROBE:   [sp+0x054]=0x82E00000
!> F800002C RB3DX ALLOC PROBE:   [sp+0x07C]=0x82E00000
!> F800002C RB3DX ALLOC PROBE:   [sp+0x088]=0x82575384
!> F800002C RB3DX ALLOC PROBE:   [sp+0x09C]=0x82E00000
!> F800002C RB3DX ALLOC PROBE:   [sp+0x0A8]=0x824AACA0
!> F800002C RB3DX ALLOC PROBE:   [sp+0x0AC]=0x82010B00
!> F800002C RB3DX ALLOC PROBE:   [sp+0x0BC]=0x8201B83C
!> F800002C RB3DX ALLOC PROBE:   [sp+0x0C0]=0x824F70A0
!> F800002C RB3DX ALLOC PROBE:   [sp+0x0CC]=0x820010A0
!> F800002C RB3DX ALLOC PROBE:   [sp+0x0D4]=0x82E00000
!> F800002C RB3DX ALLOC PROBE:   [sp+0x0FC]=0x82E00000
!> F800002C RB3DX ALLOC PROBE:   [sp+0x108]=0x822712EC
!> F800002C RB3DX ALLOC PROBE:   [sp+0x11C]=0x82C648F4
!> F800002C RB3DX ALLOC PROBE:   [sp+0x128]=0x82AD226C
!> F800002C RB3DX ALLOC PROBE:   [sp+0x12C]=0x82000C70
!> F800002C RB3DX ALLOC PROBE:   [sp+0x138]=0x82831F5C
!> F800002C RB3DX ALLOC PROBE:   [sp+0x144]=0x82E112D0
!> F800002C RB3DX ALLOC PROBE:   [sp+0x158]=0x82831F5C
!> F800002C RB3DX ALLOC PROBE:   [sp+0x178]=0x820009EC
!> F800002C RB3DX ALLOC PROBE:   r0 -r7  00000000 7018F990 00000000 0043A929 00000000 00000001 00000000 00000000
!> F800002C RB3DX ALLOC PROBE:   r8 -r15 400ACBDB 427F48A8 00000003 00000118 82548608 00044000 00000000 00000000
!> F800002C RB3DX ALLOC PROBE:   r16-r23 00000000 00000000 00000000 00000000 00000000 7018FD40 82CC9D1C 82000980
!> F800002C RB3DX ALLOC PROBE:   r24-r31 82CD0000 82E00000 00000000 82C70000 82DFD8E0 0043A929 82DFD818 7018F990
!> F800002C RB3DX ALLOC PROBE:   GetFileSize@82840070 UNREADABLE
!> F800002C RB3DX ALLOC PROBE:   QuerySize64@8284BC68 UNREADABLE
!> F800002C RB3DX ALLOC PROBE:   ThreadGetFileSize.store@827DA84C UNREADABLE
!> F800002C RB3DX ALLOC PROBE:   NtQIF.thunk@82C4C46C UNREADABLE
!> F800002C RB3DX ALLOC PROBE:   NtDispatchTbl@82C7AA78+0x1C UNREADABLE
!> F800002C RB3DX ALLOC PROBE:   gNtDispatchPtr@82C7AAA8 UNREADABLE
i> F80000F0 VdSwap(BE94F690, 703FFA40, FFC9B008, 703FFA90, BEEF0001, 703FFA30, 703FFA2C, 703FFA28, 703FFA20, 703FFA24)
i> F8000004 XE_SWAP
i> F800002C NtReadFile #1500 tid=6 handle=0xF800004C len=65536 offset=43778048
i> F80000F0 VdSwap(BE9D7190, 703FFA40, FFC9B008, 703FFA90, BEEF0001, 703FFA30, 703FFA2C, 703FFA28, 703FFA20, 703FFA24)
i> F8000004 XE_SWAP
i> F80000F0 VdSwap(BEA5EC90, 703FFA40, FFC9B008, 703FFA90, BEEF0001, 703FFA30, 703FFA2C, 703FFA28, 703FFA20, 703FFA24)
i> F8000004 XE_SWAP
i> F8000004 NullGPU: LoadShader #10800 type=0 addr=0x1FC97014 dwords=24
i> F80000F0 VdSwap(BEAE67D0, 703FFA40, FFC9B008, 703FFA90, BEEF0001, 703FFA30, 703FFA2C, 703FFA28, 703FFA20, 703FFA24)
i> F8000004 XE_SWAP
i> F80000F0 VdSwap(BEB6E2D0, 703FFA40, FFC9B008, 703FFA90, BEEF0001, 703FFA30, 703FFA2C, 703FFA28, 703FFA20, 703FFA24)
i> F8000004 XE_SWAP
i> F80000F0 VdSwap(BEBF5DD0, 703FFA40, FFC9B008, 703FFA90, BEEF0001, 703FFA30, 703FFA2C, 703FFA28, 703FFA20, 703FFA24)
i> F8000004 XE_SWAP
i> F8000004 NullGPU: LoadShader #10900 type=0 addr=0x1EC79CF8 dwords=15
i> F8000004 NullGPU: IssueDraw #43000 prim=1 indices=1
i> F80000F0 VdSwap(BEC7D8D0, 703FFA40, FFC9B008, 703FFA90, BEEF0001, 703FFA30, 703FFA2C, 703FFA28, 703FFA20, 703FFA24)
i> F8000004 XE_SWAP
!> F800002C RB3DX ALLOC PROBE: BIG call #35975 size=0x00A7CCAD (10996909) align=0 callerLR=0x827BD028 sp=0x7018F3C0
!> F800002C RB3DX ALLOC PROBE:   frame[0] entry_sp=0x7018F440 ret=0x827CB440
!> F800002C RB3DX ALLOC PROBE:   frame[1] entry_sp=0x7018F4D0 ret=0x8275712C
!> F800002C RB3DX ALLOC PROBE:   frame[2] entry_sp=0x7018F600 ret=0x827BF38C
!> F800002C RB3DX ALLOC PROBE:   frame[3] entry_sp=0x7018F680 ret=0x827BF668
!> F800002C RB3DX ALLOC PROBE:   frame[4] entry_sp=0x7018F710 ret=0x82270374
!> F800002C RB3DX ALLOC PROBE:   frame[5] entry_sp=0x7018F770 ret=0x8227096C
!> F800002C RB3DX ALLOC PROBE:   frame[6] entry_sp=0x7018F820 ret=0x827500BC
!> F800002C RB3DX ALLOC PROBE:   frame[7] entry_sp=0x7018F8E0 ret=0x8280628C
!> F800002C RB3DX ALLOC PROBE:   frame[8] entry_sp=0x7018FA10 ret=0x82536A58
!> F800002C RB3DX ALLOC PROBE:   frame[9] entry_sp=0x7018FAA0 ret=0x82271488
!> F800002C RB3DX ALLOC PROBE:   [sp+0x008]=0x8252E0C8
!> F800002C RB3DX ALLOC PROBE:   [sp+0x014]=0x82CCA4B0
!> F800002C RB3DX ALLOC PROBE:   [sp+0x018]=0x827BE51C
!> F800002C RB3DX ALLOC PROBE:   [sp+0x038]=0x827BADEC
!> F800002C RB3DX ALLOC PROBE:   [sp+0x078]=0x827CB440
!> F800002C RB3DX ALLOC PROBE:   [sp+0x07C]=0x82CD0000
!> F800002C RB3DX ALLOC PROBE:   [sp+0x088]=0x82757628
!> F800002C RB3DX ALLOC PROBE:   [sp+0x094]=0x820116D7
!> F800002C RB3DX ALLOC PROBE:   [sp+0x098]=0x8283098C
!> F800002C RB3DX ALLOC PROBE:   [sp+0x09C]=0x82CC9D1C
!> F800002C RB3DX ALLOC PROBE:   [sp+0x0A8]=0x827BB164
!> F800002C RB3DX ALLOC PROBE:   [sp+0x0AC]=0x82E054C0
!> F800002C RB3DX ALLOC PROBE:   [sp+0x0BC]=0x82E00000
!> F800002C RB3DX ALLOC PROBE:   [sp+0x0CC]=0x82CCA4B0
!> F800002C RB3DX ALLOC PROBE:   [sp+0x0DC]=0x82E055E0
!> F800002C RB3DX ALLOC PROBE:   [sp+0x0FC]=0x82E06E38
!> F800002C RB3DX ALLOC PROBE:   [sp+0x108]=0x8275712C
!> F800002C RB3DX ALLOC PROBE:   [sp+0x128]=0x827BB164
!> F800002C RB3DX ALLOC PROBE:   [sp+0x138]=0x827BB8C4
!> F800002C RB3DX ALLOC PROBE:   [sp+0x14C]=0x82CC9D1C
!> F800002C RB3DX ALLOC PROBE:   [sp+0x178]=0x827BB8C4
!> F800002C RB3DX ALLOC PROBE:   r0 -r7  00000000 7018F3C0 00000000 00A7CCAD 00000000 00000013 001C9C3F 39003900
!> F800002C RB3DX ALLOC PROBE:   r8 -r15 00000078 CDBEDEAF 00000000 00000001 827BD028 00044000 00000000 00000000
!> F800002C RB3DX ALLOC PROBE:   r16-r23 00000000 00000000 00000000 00000000 00000000 7018FD40 82CC9D1C 00000008
!> F800002C RB3DX ALLOC PROBE:   r24-r31 82E054C0 00000000 00000003 00000000 00000002 00000000 00A7CCAD 7018F3C0
!> F800002C RB3DX ALLOC PROBE:   GetFileSize@82840070 UNREADABLE
!> F800002C RB3DX ALLOC PROBE:   QuerySize64@8284BC68 UNREADABLE
!> F800002C RB3DX ALLOC PROBE:   ThreadGetFileSize.store@827DA84C UNREADABLE
!> F800002C RB3DX ALLOC PROBE:   NtQIF.thunk@82C4C46C UNREADABLE
!> F800002C RB3DX ALLOC PROBE:   NtDispatchTbl@82C7AA78+0x1C UNREADABLE
!> F800002C RB3DX ALLOC PROBE:   gNtDispatchPtr@82C7AAA8 UNREADABLE
!> F800002C RB3DX ALLOC PROBE:   frame1 saved r30 (state-machine this) = 0x82E06E38
i> F80000F0 VdSwap(BED05450, 703FFA40, FFC9B008, 703FFA90, BEEF0001, 703FFA30, 703FFA2C, 703FFA28, 703FFA20, 703FFA24)
i> F8000004 XE_SWAP
i> F80000F0 VdSwap(BED8CF50, 703FFA40, FFC9B008, 703FFA90, BEEF0001, 703FFA30, 703FFA2C, 703FFA28, 703FFA20, 703FFA24)
i> F8000004 XE_SWAP
i> F8000004 NullGPU: LoadShader #11000 type=1 addr=0x1CA7B1C0 dwords=15
i> F80000F0 VdSwap(BEE14A10, 703FFA40, FFC9B008, 703FFA90, BEEF0001, 703FFA30, 703FFA2C, 703FFA28, 703FFA20, 703FFA24)
i> F8000004 XE_SWAP
i> F80000F0 VdSwap(BEE9C550, 703FFA40, FFC9B008, 703FFA90, BEEF0001, 703FFA30, 703FFA2C, 703FFA28, 703FFA20, 703FFA24)
i> F8000004 XE_SWAP
i> F80000F0 VdSwap(BEF240D0, 703FFA40, FFC9B008, 703FFA90, BEEF0001, 703FFA30, 703FFA2C, 703FFA28, 703FFA20, 703FFA24)
i> F8000004 XE_SWAP
i> F8000004 NullGPU: LoadShader #11100 type=0 addr=0x1FC97014 dwords=24
i> F80000F0 VdSwap(BEFABC50, 703FFA40, FFC9B008, 703FFA90, BEEF0001, 703FFA30, 703FFA2C, 703FFA28, 703FFA20, 703FFA24)
i> F8000004 XE_SWAP
i> F80000F0 VdSwap(BF0337D0, 703FFA40, FFC9B008, 703FFA90, BEEF0001, 703FFA30, 703FFA2C, 703FFA28, 703FFA20, 703FFA24)
i> F8000004 NullGPU: IssueDraw #44000 prim=1 indices=1
i> F8000004 XE_SWAP
i> F80000F0 VdSwap(BF0BB2D0, 703FFA40, FFC9B008, 703FFA90, BEEF0001, 703FFA30, 703FFA2C, 703FFA28, 703FFA20, 703FFA24)
i> F8000004 XE_SWAP
i> F8000004 NullGPU: LoadShader #11200 type=0 addr=0x1F13EACC dwords=27
i> F80000F0 VdSwap(BF142DD0, 703FFA40, FFC9B008, 703FFA90, BEEF0001, 703FFA30, 703FFA2C, 703FFA28, 703FFA20, 703FFA24)
i> F8000004 XE_SWAP
i> F80000F0 VdSwap(BF1CA8D0, 703FFA40, FFC9B008, 703FFA90, BEEF0001, 703FFA30, 703FFA2C, 703FFA28, 703FFA20, 703FFA24)
i> F8000004 XE_SWAP
i> F80000F0 VdSwap(BF2523D0, 703FFA40, FFC9B008, 703FFA90, BEEF0001, 703FFA30, 703FFA2C, 703FFA28, 703FFA20, 703FFA24)
i> F8000004 XE_SWAP
i> F8000004 NullGPU: LoadShader #11300 type=0 addr=0x1CA87000 dwords=42
i> F80000F0 VdSwap(BF2D9ED0, 703FFA40, FFC9B008, 703FFA90, BEEF0001, 703FFA30, 703FFA2C, 703FFA28, 703FFA20, 703FFA24)
i> F8000004 XE_SWAP
i> F80000F0 VdSwap(BF361A50, 703FFA40, FFC9B008, 703FFA90, BEEF0001, 703FFA30, 703FFA2C, 703FFA28, 703FFA20, 703FFA24)
i> F8000004 XE_SWAP
i> F80000F0 VdSwap(BF3E95D0, 703FFA40, FFC9B008, 703FFA90, BEEF0001, 703FFA30, 703FFA2C, 703FFA28, 703FFA20, 703FFA24)
i> F8000004 NullGPU: LoadShader #11400 type=1 addr=0x1FC97080 dwords=9
i> F8000004 XE_SWAP
i> F8000004 NullGPU: IssueDraw #45000 prim=8 indices=3
i> F80000F0 VdSwap(BF471170, 703FFA40, FFC9B008, 703FFA90, BEEF0001, 703FFA30, 703FFA2C, 703FFA28, 703FFA20, 703FFA24)
i> F8000004 XE_SWAP
i> F80000F0 VdSwap(BF4F8C50, 703FFA40, FFC9B008, 703FFA90, BEEF0001, 703FFA30, 703FFA2C, 703FFA28, 703FFA20, 703FFA24)
i> F8000004 XE_SWAP
i> F8000004 NullGPU: LoadShader #11500 type=0 addr=0x1F5803B0 dwords=15
i> F80000F0 VdSwap(BF5807D0, 703FFA40, FFC9B008, 703FFA90, BEEF0001, 703FFA30, 703FFA2C, 703FFA28, 703FFA20, 703FFA24)
i> F8000004 XE_SWAP
i> F80000F0 VdSwap(BF6082D0, 703FFA40, FFC9B008, 703FFA90, BEEF0001, 703FFA30, 703FFA2C, 703FFA28, 703FFA20, 703FFA24)
i> F8000004 XE_SWAP
i> F80000F0 VdSwap(BF68FDD0, 703FFA40, FFC9B008, 703FFA90, BEEF0001, 703FFA30, 703FFA2C, 703FFA28, 703FFA20, 703FFA24)
i> F8000004 XE_SWAP
i> F8000004 NullGPU: LoadShader #11600 type=1 addr=0x1FC97080 dwords=9
i> F800002C NtCreateFile: game:\dx_event_config.dta disp=1
F> F800002C HostPathDevice::ResolvePath()
i> F800002C NtCreateFile FAILED: game:\dx_event_config.dta -> 0xC000000F
i> F800002C xeRtlNtStatusToDosError C000000F => 2
i> F800002C NtCreateFile: game:\log.dta disp=1
F> F800002C HostPathDevice::ResolvePath()
i> F800002C NtCreateFile FAILED: game:\log.dta -> 0xC000000F
i> F800002C xeRtlNtStatusToDosError C000000F => 2
i> F800002C NtCreateFile: game:\dx_playlist.dta disp=5
F> F800002C HostPathDevice::ResolvePath()
w> F800002C Downgrading write open of read-only file/dir to read-only: game:\dx_playlist.dta
F> F800002C HostPathDevice::ResolvePath()
i> F800002C NtCreateFile FAILED: game:\dx_playlist.dta -> 0xC0000022
i> F800002C xeRtlNtStatusToDosError C0000022 => 5
i> F800002C NtCreateFile: game:\dx_track_theme_default.dta disp=5
F> F800002C HostPathDevice::ResolvePath()
w> F800002C Downgrading write open of read-only file/dir to read-only: game:\dx_track_theme_default.dta
F> F800002C HostPathDevice::ResolvePath()
i> F800002C NtCreateFile FAILED: game:\dx_track_theme_default.dta -> 0xC0000022
i> F800002C xeRtlNtStatusToDosError C0000022 => 5
i> F800002C NtCreateFile: game:\dx_track_theme_default.dta disp=1
F> F800002C HostPathDevice::ResolvePath()
i> F800002C NtCreateFile FAILED: game:\dx_track_theme_default.dta -> 0xC000000F
i> F800002C xeRtlNtStatusToDosError C000000F => 2
i> F800002C NtCreateFile: game:\dx_settings.dta disp=1
F> F800002C HostPathDevice::ResolvePath()
i> F800002C NtCreateFile FAILED: game:\dx_settings.dta -> 0xC000000F
i> F800002C xeRtlNtStatusToDosError C000000F => 2
i> F800002C NtCreateFile: game:\dx_modifiers.dta disp=1
F> F800002C HostPathDevice::ResolvePath()
i> F800002C NtCreateFile FAILED: game:\dx_modifiers.dta -> 0xC000000F
i> F800002C xeRtlNtStatusToDosError C000000F => 2
i> F800002C NtCreateFile: game:\dx_values.dta disp=1
F> F800002C HostPathDevice::ResolvePath()
i> F800002C NtCreateFile FAILED: game:\dx_values.dta -> 0xC000000F
i> F800002C xeRtlNtStatusToDosError C000000F => 2
i> F800002C NtCreateFile: game:\dx_track_theme_default.dta disp=1
F> F800002C HostPathDevice::ResolvePath()
i> F800002C NtCreateFile FAILED: game:\dx_track_theme_default.dta -> 0xC000000F
i> F800002C xeRtlNtStatusToDosError C000000F => 2
i> F800002C NtCreateFile: gd:\dev_hdd0\game\blus30463\usrdir\dx_high_memory.dta disp=1
!> F800002C ResolvePath(gd:\dev_hdd0\game\blus30463\usrdir) failed - device not found
i> F800002C NtCreateFile FAILED: gd:\dev_hdd0\game\blus30463\usrdir\dx_high_memory.dta -> 0xC000000F
i> F800002C xeRtlNtStatusToDosError C000000F => 2
i> F80000F0 VdSwap(BF7178D0, 703FFA40, FFC9B008, 703FFA90, BEEF0001, 703FFA30, 703FFA2C, 703FFA28, 703FFA20, 703FFA24)
i> F8000004 XE_SWAP
i> F800002C NtCreateFile: game:\dx_settings.dta disp=1
F> F800002C HostPathDevice::ResolvePath()
i> F800002C NtCreateFile FAILED: game:\dx_settings.dta -> 0xC000000F
i> F800002C xeRtlNtStatusToDosError C000000F => 2
i> F80000F0 VdSwap(BF79F3D0, 703FFA40, FFC9B008, 703FFA90, BEEF0001, 703FFA30, 703FFA2C, 703FFA28, 703FFA20, 703FFA24)
i> F8000004 XE_SWAP
i> F80000F0 VdSwap(BF826E90, 703FFA40, FFC9B008, 703FFA90, BEEF0001, 703FFA30, 703FFA2C, 703FFA28, 703FFA20, 703FFA24)
i> F8000004 NullGPU: IssueDraw #46000 prim=1 indices=1
i> F8000004 XE_SWAP
i> F8000004 NullGPU: LoadShader #11700 type=0 addr=0x1CA7F000 dwords=42
i> F800002C NtCreateFile: game:\main_background.bik disp=1
F> F800002C HostPathDevice::ResolvePath()
i> F800002C NtCreateFile FAILED: game:\main_background.bik -> 0xC000000F
i> F800002C xeRtlNtStatusToDosError C000000F => 2
i> F800002C NtCreateFile: game:\main_background.bik disp=1
F> F800002C HostPathDevice::ResolvePath()
i> F800002C NtCreateFile FAILED: game:\main_background.bik -> 0xC000000F
i> F800002C xeRtlNtStatusToDosError C000000F => 2
i> F800002C NtCreateFile: game:\main_background.bik disp=1
F> F800002C HostPathDevice::ResolvePath()
i> F800002C NtCreateFile FAILED: game:\main_background.bik -> 0xC000000F
i> F800002C xeRtlNtStatusToDosError C000000F => 2
i> F80000F0 VdSwap(BF8AE990, 703FFA40, FFC9B008, 703FFA90, BEEF0001, 703FFA30, 703FFA2C, 703FFA28, 703FFA20, 703FFA24)
i> F8000004 XE_SWAP
i> F80000F0 VdSwap(BF936490, 703FFA40, FFC9B008, 703FFA90, BEEF0001, 703FFA30, 703FFA2C, 703FFA28, 703FFA20, 703FFA24)
i> F8000004 XE_SWAP
i> F80000F0 VdSwap(BF9BDFD0, 703FFA40, FFC9B008, 703FFA90, BEEF0001, 703FFA30, 703FFA2C, 703FFA28, 703FFA20, 703FFA24)
i> F8000004 XE_SWAP
i> F8000004 NullGPU: LoadShader #11800 type=0 addr=0x1FA456B0 dwords=15
i> F80000F0 VdSwap(BFA45AD0, 703FFA40, FFC9B008, 703FFA90, BEEF0001, 703FFA30, 703FFA2C, 703FFA28, 703FFA20, 703FFA24)
i> F8000004 XE_SWAP
i> F80000F0 VdSwap(BFACD5D0, 703FFA40, FFC9B008, 703FFA90, BEEF0001, 703FFA30, 703FFA2C, 703FFA28, 703FFA20, 703FFA24)
i> F8000004 XE_SWAP
i> F80000F0 VdSwap(BFB550F0, 703FFA40, FFC9B008, 703FFA90, BEEF0001, 703FFA30, 703FFA2C, 703FFA28, 703FFA20, 703FFA24)
i> F8000004 XE_SWAP
i> F8000004 NullGPU: LoadShader #11900 type=1 addr=0x1FC97080 dwords=9
i> F80000F0 VdSwap(BFBDCBD0, 703FFA40, FFC9B008, 703FFA90, BEEF0001, 703FFA30, 703FFA2C, 703FFA28, 703FFA20, 703FFA24)
i> F8000004 XE_SWAP
i> F8000004 NullGPU: IssueDraw #47000 prim=1 indices=1
i> F80000F0 VdSwap(BDC96C30, 703FFA40, FFC9B008, 703FFA90, BEEF0001, 703FFA30, 703FFA2C, 703FFA28, 703FFA20, 703FFA24)
i> F8000004 XE_SWAP
i> F80000F0 VdSwap(BDD1E750, 703FFA40, FFC9B008, 703FFA90, BEEF0001, 703FFA30, 703FFA2C, 703FFA28, 703FFA20, 703FFA24)
i> F8000004 XE_SWAP
i> F8000004 NullGPU: LoadShader #12000 type=0 addr=0x1CA7F000 dwords=42
i> F80000F0 VdSwap(BDDA6250, 703FFA40, FFC9B008, 703FFA90, BEEF0001, 703FFA30, 703FFA2C, 703FFA28, 703FFA20, 703FFA24)
i> F8000004 XE_SWAP
=== Thread Status Report (12012ms) === 25 threads, SIGSEGV=0 last_fault=0x0 last_rip=0x0
  Thread 1: LR=0x00000000 [?] SP=0x70030000
  Thread 2: LR=0x00000000 [?] SP=0x70070000
  Thread 3: LR=0x00000000 [?] SP=0x700B0000
  Thread 4: LR=0x00000000 [?] SP=0x700F0000
  Thread 5: LR=0x00000000 [?] SP=0x70130000
  Thread 6: LR=0x8282E400 [?] SP=0x7018E4C0
    regs: r3=0x00000000 r4=0x7018EB30 r5=0x7018E5F0 r8=0x00000073 r9=0x00000000 r10=0x82CCA4B7
          r11=0x00040018 r12=0x8282E400 r29=0x00000002 r30=0x82C80000 r31=0x7018E5F0 CTR=0x828365CC
    r30 @0x82C80000: 00000005 00000000 00000010 00000000 00000004 82145CF8 FFFF0000 00000000
    r12 @0x8282E400: 28030000 40820010 3D6082C8 386B99F8 48000008 38630008 38210060 8181FFF8
i> F80000F0 VdSwap(BDE2DD50, 703FFA40, FFC9B008, 703FFA90, BEEF0001, 703FFA30, 703FFA2C, 703FFA28, 703FFA20, 703FFA24)
i> F8000004 XE_SWAP
i> F80000F0 VdSwap(BDEB58F0, 703FFA40, FFC9B008, 703FFA90, BEEF0001, 703FFA30, 703FFA2C, 703FFA28, 703FFA20, 703FFA24)
i> F8000004 XE_SWAP
i> F8000004 NullGPU: LoadShader #12100 type=1 addr=0x1DF3A37C dwords=9
i> F80000F0 VdSwap(BDF3D3D0, 703FFA40, FFC9B008, 703FFA90, BEEF0001, 703FFA30, 703FFA2C, 703FFA28, 703FFA20, 703FFA24)
i> F8000004 XE_SWAP
i> F80000F0 VdSwap(BDFC4ED0, 703FFA40, FFC9B008, 703FFA90, BEEF0001, 703FFA30, 703FFA2C, 703FFA28, 703FFA20, 703FFA24)
i> F8000004 XE_SWAP
i> F8000004 NullGPU: IssueDraw #48000 prim=8 indices=3
    JIT IP samples (50ms apart):
      [0] guest 0x00000000 []
      [1] guest 0x827BB46C []
      [2] guest 0x8282A900 []
    IAT[RtlEnterCS @ 0x823996E8] = 0x4BEE4499
    Thunk[0x83A00964]: 00000000 00000000 00000000 00000000 (expect: 44000042 4E800020 60000000 60000000)
    Thunk fn: NOT FOUND by QueryFunction
    Indirection[0x83A00964] = 0x00000000
    RtlEnterCS=1958484 RtlInitCS=103 RtlLeaveCS=1958485
    Function probes (present pipeline):
      0x8311AC20 mainCRTStartup         NOT COMPILED
      0x82463930 main()                 NOT COMPILED
      0x8300D2EC App::App()             NOT COMPILED
      0x833A3B94 DxRnd::PreInit(HWND)   NOT COMPILED
      0x833A40D0 DxRnd::PreInit(virt)   NOT COMPILED
      0x83184310 Rnd::PreInit           NOT COMPILED
      0x82A4B350 Movie::Init            NOT COMPILED
      0x83438C9C BinkMovieSys::Init     NOT COMPILED
      0x833A404C Rnd::SetClearColor     NOT COMPILED
      0x834E24DC Splash::Splash(ctor)   NOT COMPILED
      0x82B20DD0 OptionBool             NOT COMPILED
      0x83409780 ULSystemLocale         NOT COMPILED
      0x834E2050 Splash::PrepareNext    NOT COMPILED
      0x834E2DEC Splash::BeginSplasher  NOT COMPILED
      0x834E21B8 Splash::PrepareRemaining NOT COMPILED
      0x832AAAFC LiveCameraInput::PreInit NOT COMPILED
      0x832AABE4 LiveCameraInput::Init  NOT COMPILED
      0x832F69BC SynthPreInit           NOT COMPILED
      0x832F6B34 SynthInit              NOT COMPILED
      0x835181F0 SystemInit             NOT COMPILED
      0x82BC2F80 MagnuInit              NOT COMPILED
      0x82AE9FC0 DataInit               NOT COMPILED
      0x83154308 ObjectDir::PreInit     NOT COMPILED
      0x83151AD8 ObjectDir::Init        NOT COMPILED
      0x83413CDC FileInit               NOT COMPILED
      0x8343B8AC LoadMgr::Init          NOT COMPILED
      0x833A3E84 DxRnd::Init(HWND)      NOT COMPILED
      0x833A40D8 DxRnd::Init(virt)      NOT COMPILED
      0x8317EEB0 Rnd::Init(virt)        NOT COMPILED
      0x8356CB88 DingoServer::Init      NOT COMPILED
      0x82B1DE50 RockCentral::Init      NOT COMPILED
      0x82A37CE8 HamUserMgrInit         NOT COMPILED
      0x83085950 FlowInit               NOT COMPILED
      0x83123E60 CharInit               NOT COMPILED
      0x834F7864 SaveLoadManager::Init  NOT COMPILED
      0x82931E38 MidiParser::Init       NOT COMPILED
      0x8342E428 UIManager::Init        NOT COMPILED
      0x8342BEA8 UIManager ctor         NOT COMPILED
      0x83429904 UIManager::GotoFirstScreen NOT COMPILED
      0x8300DB7C App::Run()             NOT COMPILED
      0x8300C1A4 RunWithoutDbg          NOT COMPILED
      0x8300ABE0 App::DrawRegular       NOT COMPILED
      0x8300B0D8 MainThread             NOT COMPILED
      0x8339FBD0 DxRnd::Present         NOT COMPILED
      0x8301BC40 Game::PostUpdate       NOT COMPILED
      0x837EAABC D3DDevice_Swap         NOT COMPILED
      0x83941440 PIXAddPixOpWithData    NOT COMPILED
      0x8256EDC8 NavListSortMgr::ClearHeaders NOT COMPILED
      0x8256EEE8 NavListSortMgr::GetFirstChild NOT COMPILED
    Heap[0x82000000]: type=1 alloc_len=0x0
    Host ptr for 0x82000000: 0x182000000
    Read 0x82000000: 0x4D5A9000 (MZ)
    Guest code near LR=0x8282E400:
      0x8282E3A0: 394A0008
      0x8282E3A4: 2B0B002D
      0x8282E3A8: 4198FFE8
      0x8282E3AC: 2B030013
      0x8282E3B0: 41980024
      0x8282E3B4: 2B030024
      0x8282E3B8: 4199001C
      0x8282E3BC: 3860000D
      0x8282E3C0: 4E800020
      0x8282E3C4: 556B1838
      0x8282E3C8: 39490004
      0x8282E3CC: 7C6B502E
      0x8282E3D0: 4E800020
      0x8282E3D4: 2B0300BC
      0x8282E3D8: 41980010
      0x8282E3DC: 2B0300CA
      0x8282E3E0: 38600008
      0x8282E3E4: 4C990020
      0x8282E3E8: 38600016
      0x8282E3EC: 4E800020
      0x8282E3F0: 7D8802A6
      0x8282E3F4: 9181FFF8
      0x8282E3F8: 9421FFA0
      0x8282E3FC: 480024A5
      0x8282E400: 28030000  <-- LR
      0x8282E404: 40820010
      0x8282E408: 3D6082C8
      0x8282E40C: 386B99F8
      0x8282E410: 48000008
      0x8282E414: 38630008
      0x8282E418: 38210060
      0x8282E41C: 8181FFF8
      0x8282E420: 7D8803A6
      0x8282E424: 4E800020
      0x8282E428: 7D8802A6
      0x8282E42C: 9181FFF8
      0x8282E430: 9421FFA0
      0x8282E434: 4800246D
      0x8282E438: 28030000
      0x8282E43C: 40820010
    Stub@0x8340E198 CX2SourceVoice::Initialize    : 00000000 00000000 *** NOT STUBBED ***
    Stub@0x8340E578 CX2SourceVoice::Start         : 00000000 00000000 *** NOT STUBBED ***
    Stub@0x8340E6CC CX2SourceVoice::Stop          : 00000000 00000000 *** NOT STUBBED ***
    NotifyList[0x83B14C3C] head=0x00000000 (NON-EMPTY)
    [0] sp=0x7018E4C0 back=0xFFFFFFFF lr_sp4=0xFFFFFFFF lr_bc8=0x00000000
    [0] END: back=0xFFFFFFFF (zero=0 same=0 valid=0)
  Thread 7: LR=0x82845144 [?] SP=0x701EFCC0
    [0] sp=0x701EFCC0 back=0x701EFD30 lr_sp4=0xBEBEBEBE lr_bc8=0x8252A370
    [1] sp=0x701EFD30 back=0x701EFE70 lr_sp4=0xBEBEBEBE lr_bc8=0x8252A3C4
    [2] sp=0x701EFE70 back=0x701EFED0 lr_sp4=0xBEBEBEBE lr_bc8=0x8284D6DC
    [3] sp=0x701EFED0 back=0x701EFF50 lr_sp4=0xBEBEBEBE lr_bc8=0xBCBCBCBC
    [4] sp=0x701EFF50 back=0xBEBEBEBE lr_sp4=0xBEBEBEBE lr_bc8=0x00000000
    [4] END: back=0xBEBEBEBE (zero=0 same=0 valid=0)
  Thread 8: LR=0x8286C5BC [?] SP=0x7021FE20
    [0] sp=0x7021FE20 back=0x7021FED0 lr_sp4=0xBEBEBEBE lr_bc8=0x8284D6DC
    [1] sp=0x7021FED0 back=0x7021FF50 lr_sp4=0xBEBEBEBE lr_bc8=0xBCBCBCBC
    [2] sp=0x7021FF50 back=0xBEBEBEBE lr_sp4=0xBEBEBEBE lr_bc8=0x00000000
    [2] END: back=0xBEBEBEBE (zero=0 same=0 valid=0)
  Thread 9: LR=0x8286C5BC [?] SP=0x7024FE20
    [0] sp=0x7024FE20 back=0x7024FED0 lr_sp4=0xBEBEBEBE lr_bc8=0x8284D6DC
    [1] sp=0x7024FED0 back=0x7024FF50 lr_sp4=0xBEBEBEBE lr_bc8=0xBCBCBCBC
    [2] sp=0x7024FF50 back=0xBEBEBEBE lr_sp4=0xBEBEBEBE lr_bc8=0x00000000
    [2] END: back=0xBEBEBEBE (zero=0 same=0 valid=0)
  Thread 10: LR=0x82BF3B2C [?] SP=0x702AF670
    [0] sp=0x702AF670 back=0x702AFDE0 lr_sp4=0xBEBEBEBE lr_bc8=0x82BF4C1C
    [1] sp=0x702AFDE0 back=0x702AFE70 lr_sp4=0xBEBEBEBE lr_bc8=0x82BF3BAC
    [2] sp=0x702AFE70 back=0x702AFED0 lr_sp4=0xBEBEBEBE lr_bc8=0x8284D6DC
    [3] sp=0x702AFED0 back=0x702AFF50 lr_sp4=0xBEBEBEBE lr_bc8=0xBCBCBCBC
    [4] sp=0x702AFF50 back=0xBEBEBEBE lr_sp4=0xBEBEBEBE lr_bc8=0x00000000
    [4] END: back=0xBEBEBEBE (zero=0 same=0 valid=0)
  Thread 11: LR=0x82844CF8 [?] SP=0x7030FC90
    [0] sp=0x7030FC90 back=0x7030FD10 lr_sp4=0xBEBEBEBE lr_bc8=0x82C57674
    [1] sp=0x7030FD10 back=0x7030FD90 lr_sp4=0x00000000 lr_bc8=0x82C57908
    [2] sp=0x7030FD90 back=0x7030FDF0 lr_sp4=0x00000000 lr_bc8=0x82C4FE40
    [3] sp=0x7030FDF0 back=0x7030FE70 lr_sp4=0xBEBEBEBE lr_bc8=0x82C57490
    [4] sp=0x7030FE70 back=0x7030FED0 lr_sp4=0xBEBEBEBE lr_bc8=0x8284D6DC
    [5] sp=0x7030FED0 back=0x7030FF50 lr_sp4=0xBEBEBEBE lr_bc8=0xBCBCBCBC
    [6] sp=0x7030FF50 back=0xBEBEBEBE lr_sp4=0xBEBEBEBE lr_bc8=0x00000000
    [6] END: back=0xBEBEBEBE (zero=0 same=0 valid=0)
  Thread 12: LR=0x82844CF8 [?] SP=0x7036FC90
    [0] sp=0x7036FC90 back=0x7036FD10 lr_sp4=0xBEBEBEBE lr_bc8=0x82C57674
    [1] sp=0x7036FD10 back=0x7036FD90 lr_sp4=0x00000000 lr_bc8=0x82C57908
    [2] sp=0x7036FD90 back=0x7036FDF0 lr_sp4=0x00000000 lr_bc8=0x82C4FE40
    [3] sp=0x7036FDF0 back=0x7036FE70 lr_sp4=0xBEBEBEBE lr_bc8=0x82C57490
    [4] sp=0x7036FE70 back=0x7036FED0 lr_sp4=0xBEBEBEBE lr_bc8=0x8284D6DC
    [5] sp=0x7036FED0 back=0x7036FF50 lr_sp4=0xBEBEBEBE lr_bc8=0xBCBCBCBC
    [6] sp=0x7036FF50 back=0xBEBEBEBE lr_sp4=0xBEBEBEBE lr_bc8=0x00000000
    [6] END: back=0xBEBEBEBE (zero=0 same=0 valid=0)
  Thread 13: LR=0x82844CF8 [?] SP=0x7039FDE0
    [0] sp=0x7039FDE0 back=0x7039FE60 lr_sp4=0xBEBEBEBE lr_bc8=0x82C510FC
    [1] sp=0x7039FE60 back=0x7039FED0 lr_sp4=0xBEBEBEBE lr_bc8=0x8284D6DC
    [2] sp=0x7039FED0 back=0x7039FF50 lr_sp4=0xBEBEBEBE lr_bc8=0xBCBCBCBC
    [3] sp=0x7039FF50 back=0xBEBEBEBE lr_sp4=0xBEBEBEBE lr_bc8=0x00000000
    [3] END: back=0xBEBEBEBE (zero=0 same=0 valid=0)
  Thread 14: LR=0x82844CF8 [?] SP=0x703FFBD0
    [0] sp=0x703FFBD0 back=0x703FFC50 lr_sp4=0x00000000 lr_bc8=0x82527ACC
    [1] sp=0x703FFC50 back=0x703FFCB0 lr_sp4=0x00000000 lr_bc8=0x82741948
    [2] sp=0x703FFCB0 back=0x703FFD40 lr_sp4=0x434F1A58 lr_bc8=0x8274279C
    [3] sp=0x703FFD40 back=0x703FFDB0 lr_sp4=0xBEBEBEBE lr_bc8=0x82742884
    [4] sp=0x703FFDB0 back=0x703FFE70 lr_sp4=0xBEBEBEBE lr_bc8=0x82742978
    [5] sp=0x703FFE70 back=0x703FFED0 lr_sp4=0xBEBEBEBE lr_bc8=0x8284D6DC
    [6] sp=0x703FFED0 back=0x703FFF50 lr_sp4=0xBEBEBEBE lr_bc8=0xBCBCBCBC
    [7] sp=0x703FFF50 back=0xBEBEBEBE lr_sp4=0xBEBEBEBE lr_bc8=0x00000000
    [7] END: back=0xBEBEBEBE (zero=0 same=0 valid=0)
  Thread 15: LR=0x82844CF8 [?] SP=0x7042FD00
    [0] sp=0x7042FD00 back=0x7042FD80 lr_sp4=0xBEBEBEBE lr_bc8=0x825278E8
    [1] sp=0x7042FD80 back=0x7042FE10 lr_sp4=0xBEBEBEBE lr_bc8=0x8282DA00
    [2] sp=0x7042FE10 back=0x7042FE70 lr_sp4=0xBEBEBEBE lr_bc8=0x8282DAC4
    [3] sp=0x7042FE70 back=0x7042FED0 lr_sp4=0xBEBEBEBE lr_bc8=0x8284D6DC
    [4] sp=0x7042FED0 back=0x7042FF50 lr_sp4=0xBEBEBEBE lr_bc8=0xBCBCBCBC
    [5] sp=0x7042FF50 back=0xBEBEBEBE lr_sp4=0xBEBEBEBE lr_bc8=0x00000000
    [5] END: back=0xBEBEBEBE (zero=0 same=0 valid=0)
  Thread 16: LR=0x82844CF8 [?] SP=0x7048FDE0
    Stack frame walk:
      [ 0] sp=0x7048FDE0 -> 0x7048FE60  LR=0xBEBEBEBE []
      [ 1] sp=0x7048FE60 -> 0x7048FED0  LR=0xBEBEBEBE []
      [ 2] sp=0x7048FED0 -> 0x7048FF50  LR=0xBEBEBEBE []
      [ 3] sp=0x7048FF50 -> 0xBEBEBEBE  LR=0x00000000 []
    [0] sp=0x7048FDE0 back=0x7048FE60 lr_sp4=0xBEBEBEBE lr_bc8=0x8240EC70
    [1] sp=0x7048FE60 back=0x7048FED0 lr_sp4=0xBEBEBEBE lr_bc8=0x8284D6DC
    [2] sp=0x7048FED0 back=0x7048FF50 lr_sp4=0xBEBEBEBE lr_bc8=0xBCBCBCBC
    [3] sp=0x7048FF50 back=0xBEBEBEBE lr_sp4=0xBEBEBEBE lr_bc8=0x00000000
    [3] END: back=0xBEBEBEBE (zero=0 same=0 valid=0)
  Thread 17: LR=0x8283FB04 [?] SP=0x704BF860
    Stack frame walk:
      [ 0] sp=0x704BF860 -> 0x704BF9F0  LR=0x704BFA90 []
      [ 1] sp=0x704BF9F0 -> 0x704BFA70  LR=0x704BFB10 []
      [ 2] sp=0x704BFA70 -> 0x704BFAD0  LR=0x704BFB68 []
      [ 3] sp=0x704BFAD0 -> 0x704BFB50  LR=0xBEBEBEBE []
      [ 4] sp=0x704BFB50 -> 0x704BFC20  LR=0xBEBEBEBE []
      [ 5] sp=0x704BFC20 -> 0x704BFC80  LR=0xBEBEBEBE []
      [ 6] sp=0x704BFC80 -> 0x704BFCE0  LR=0xBEBEBEBE []
      [ 7] sp=0x704BFCE0 -> 0x704BFD50  LR=0xBEBEBEBE []
      [ 8] sp=0x704BFD50 -> 0x704BFDB0  LR=0xBEBEBEBE []
      [ 9] sp=0x704BFDB0 -> 0x704BFE10  LR=0xBEBEBEBE []
      [10] sp=0x704BFE10 -> 0x704BFED0  LR=0xBEBEBEBE []
      [11] sp=0x704BFED0 -> 0x704BFF50  LR=0xBEBEBEBE []
      [12] sp=0x704BFF50 -> 0xBEBEBEBE  LR=0x00000000 []
    [0] sp=0x704BF860 back=0x704BF9F0 lr_sp4=0xFFFFFF45 lr_bc8=0x82AF2C2C
    [1] sp=0x704BF9F0 back=0x704BFA70 lr_sp4=0x704BFA90 lr_bc8=0x82AF2BC8
    [2] sp=0x704BFA70 back=0x704BFAD0 lr_sp4=0x704BFB10 lr_bc8=0x82AC6BB8
    [3] sp=0x704BFAD0 back=0x704BFB50 lr_sp4=0x704BFB68 lr_bc8=0x82AC6E00
    [4] sp=0x704BFB50 back=0x704BFC20 lr_sp4=0xBEBEBEBE lr_bc8=0x82AC5C04
    [5] sp=0x704BFC20 back=0x704BFC80 lr_sp4=0xBEBEBEBE lr_bc8=0x82B0074C
    [6] sp=0x704BFC80 back=0x704BFCE0 lr_sp4=0xBEBEBEBE lr_bc8=0x82B19148
    [7] sp=0x704BFCE0 back=0x704BFD50 lr_sp4=0xBEBEBEBE lr_bc8=0x82AAC3A8
    [8] sp=0x704BFD50 back=0x704BFDB0 lr_sp4=0xBEBEBEBE lr_bc8=0x82AAC358
    [9] sp=0x704BFDB0 back=0x704BFE10 lr_sp4=0xBEBEBEBE lr_bc8=0x82AAC098
    [10] sp=0x704BFE10 back=0x704BFED0 lr_sp4=0xBEBEBEBE lr_bc8=0x8284D6DC
    [11] sp=0x704BFED0 back=0x704BFF50 lr_sp4=0xBEBEBEBE lr_bc8=0xBCBCBCBC
    [12] sp=0x704BFF50 back=0xBEBEBEBE lr_sp4=0xBEBEBEBE lr_bc8=0x00000000
    [12] END: back=0xBEBEBEBE (zero=0 same=0 valid=0)
  Thread 18: LR=0x82845144 [?] SP=0x704EFBA0
    Stack frame walk:
      [ 0] sp=0x704EFBA0 -> 0x704EFC10  LR=0xBEBEBEBE []
      [ 1] sp=0x704EFC10 -> 0x704EFC70  LR=0xBEBEBEBE []
      [ 2] sp=0x704EFC70 -> 0x704EFCE0  LR=0xBEBEBEBE []
      [ 3] sp=0x704EFCE0 -> 0x704EFD50  LR=0xBEBEBEBE []
      [ 4] sp=0x704EFD50 -> 0x704EFDB0  LR=0xBEBEBEBE []
      [ 5] sp=0x704EFDB0 -> 0x704EFE10  LR=0xBEBEBEBE []
      [ 6] sp=0x704EFE10 -> 0x704EFED0  LR=0xBEBEBEBE []
      [ 7] sp=0x704EFED0 -> 0x704EFF50  LR=0xBEBEBEBE []
      [ 8] sp=0x704EFF50 -> 0xBEBEBEBE  LR=0x00000000 []
    [0] sp=0x704EFBA0 back=0x704EFC10 lr_sp4=0x42561800 lr_bc8=0x82AABE80
    [1] sp=0x704EFC10 back=0x704EFC70 lr_sp4=0xBEBEBEBE lr_bc8=0x82B17CF0
    [2] sp=0x704EFC70 back=0x704EFCE0 lr_sp4=0xBEBEBEBE lr_bc8=0x82B19148
    [3] sp=0x704EFCE0 back=0x704EFD50 lr_sp4=0xBEBEBEBE lr_bc8=0x82AAC3A8
    [4] sp=0x704EFD50 back=0x704EFDB0 lr_sp4=0xBEBEBEBE lr_bc8=0x82AAC358
    [5] sp=0x704EFDB0 back=0x704EFE10 lr_sp4=0xBEBEBEBE lr_bc8=0x82AAC098
    [6] sp=0x704EFE10 back=0x704EFED0 lr_sp4=0xBEBEBEBE lr_bc8=0x8284D6DC
    [7] sp=0x704EFED0 back=0x704EFF50 lr_sp4=0xBEBEBEBE lr_bc8=0xBCBCBCBC
    [8] sp=0x704EFF50 back=0xBEBEBEBE lr_sp4=0xBEBEBEBE lr_bc8=0x00000000
    [8] END: back=0xBEBEBEBE (zero=0 same=0 valid=0)
  Thread 19: LR=0x82844CF8 [?] SP=0x7051FDE0
    Stack frame walk:
      [ 0] sp=0x7051FDE0 -> 0x7051FE60  LR=0xBEBEBEBE []
      [ 1] sp=0x7051FE60 -> 0x7051FED0  LR=0xBEBEBEBE []
      [ 2] sp=0x7051FED0 -> 0x7051FF50  LR=0xBEBEBEBE []
      [ 3] sp=0x7051FF50 -> 0xBEBEBEBE  LR=0x00000000 []
    [0] sp=0x7051FDE0 back=0x7051FE60 lr_sp4=0xBEBEBEBE lr_bc8=0x82C1A1F4
    [1] sp=0x7051FE60 back=0x7051FED0 lr_sp4=0xBEBEBEBE lr_bc8=0x8284D6DC
    [2] sp=0x7051FED0 back=0x7051FF50 lr_sp4=0xBEBEBEBE lr_bc8=0xBCBCBCBC
    [3] sp=0x7051FF50 back=0xBEBEBEBE lr_sp4=0xBEBEBEBE lr_bc8=0x00000000
    [3] END: back=0xBEBEBEBE (zero=0 same=0 valid=0)
  Thread 19: LR=0x82844CF8 [?] SP=0x7051FDE0
    [0] sp=0x7051FDE0 back=0x7051FE60 lr_sp4=0xBEBEBEBE lr_bc8=0x82C1A1F4
    [1] sp=0x7051FE60 back=0x7051FED0 lr_sp4=0xBEBEBEBE lr_bc8=0x8284D6DC
    [2] sp=0x7051FED0 back=0x7051FF50 lr_sp4=0xBEBEBEBE lr_bc8=0xBCBCBCBC
    [3] sp=0x7051FF50 back=0xBEBEBEBE lr_sp4=0xBEBEBEBE lr_bc8=0x00000000
    [3] END: back=0xBEBEBEBE (zero=0 same=0 valid=0)
  Thread 20: LR=0x82845144 [?] SP=0x7057FC80
    Stack frame walk:
      [ 0] sp=0x7057FC80 -> 0x7057FCF0  LR=0xBEBEBEBE []
      [ 1] sp=0x7057FCF0 -> 0x7057FED0  LR=0xBEBEBEBE []
      [ 2] sp=0x7057FED0 -> 0x7057FF50  LR=0xBEBEBEBE []
      [ 3] sp=0x7057FF50 -> 0xBEBEBEBE  LR=0x00000000 []
    [0] sp=0x7057FC80 back=0x7057FCF0 lr_sp4=0xBEBEBEBE lr_bc8=0x82B6734C
    [1] sp=0x7057FCF0 back=0x7057FED0 lr_sp4=0xBEBEBEBE lr_bc8=0x8284D6DC
    [2] sp=0x7057FED0 back=0x7057FF50 lr_sp4=0xBEBEBEBE lr_bc8=0xBCBCBCBC
    [3] sp=0x7057FF50 back=0xBEBEBEBE lr_sp4=0xBEBEBEBE lr_bc8=0x00000000
    [3] END: back=0xBEBEBEBE (zero=0 same=0 valid=0)
  Thread 21: LR=0x82845144 [?] SP=0x705DFC80
    Stack frame walk:
      [ 0] sp=0x705DFC80 -> 0x705DFCF0  LR=0xBEBEBEBE []
      [ 1] sp=0x705DFCF0 -> 0x705DFED0  LR=0xBEBEBEBE []
      [ 2] sp=0x705DFED0 -> 0x705DFF50  LR=0xBEBEBEBE []
      [ 3] sp=0x705DFF50 -> 0xBEBEBEBE  LR=0x00000000 []
    [0] sp=0x705DFC80 back=0x705DFCF0 lr_sp4=0xBEBEBEBE lr_bc8=0x82B6734C
    [1] sp=0x705DFCF0 back=0x705DFED0 lr_sp4=0xBEBEBEBE lr_bc8=0x8284D6DC
    [2] sp=0x705DFED0 back=0x705DFF50 lr_sp4=0xBEBEBEBE lr_bc8=0xBCBCBCBC
    [3] sp=0x705DFF50 back=0xBEBEBEBE lr_sp4=0xBEBEBEBE lr_bc8=0x00000000
    [3] END: back=0xBEBEBEBE (zero=0 same=0 valid=0)
  Thread 22: LR=0x82845144 [?] SP=0x7063FC80
    Stack frame walk:
      [ 0] sp=0x7063FC80 -> 0x7063FCF0  LR=0xBEBEBEBE []
      [ 1] sp=0x7063FCF0 -> 0x7063FED0  LR=0xBEBEBEBE []
      [ 2] sp=0x7063FED0 -> 0x7063FF50  LR=0xBEBEBEBE []
      [ 3] sp=0x7063FF50 -> 0xBEBEBEBE  LR=0x00000000 []
    [0] sp=0x7063FC80 back=0x7063FCF0 lr_sp4=0xBEBEBEBE lr_bc8=0x82B6734C
    [1] sp=0x7063FCF0 back=0x7063FED0 lr_sp4=0xBEBEBEBE lr_bc8=0x8284D6DC
    [2] sp=0x7063FED0 back=0x7063FF50 lr_sp4=0xBEBEBEBE lr_bc8=0xBCBCBCBC
    [3] sp=0x7063FF50 back=0xBEBEBEBE lr_sp4=0xBEBEBEBE lr_bc8=0x00000000
    [3] END: back=0xBEBEBEBE (zero=0 same=0 valid=0)
  Thread 23: LR=0x82845144 [?] SP=0x7069FC80
    Stack frame walk:
      [ 0] sp=0x7069FC80 -> 0x7069FCF0  LR=0xBEBEBEBE []
      [ 1] sp=0x7069FCF0 -> 0x7069FED0  LR=0xBEBEBEBE []
      [ 2] sp=0x7069FED0 -> 0x7069FF50  LR=0xBEBEBEBE []
      [ 3] sp=0x7069FF50 -> 0xBEBEBEBE  LR=0x00000000 []
    [0] sp=0x7069FC80 back=0x7069FCF0 lr_sp4=0xBEBEBEBE lr_bc8=0x82B6734C
    [1] sp=0x7069FCF0 back=0x7069FED0 lr_sp4=0xBEBEBEBE lr_bc8=0x8284D6DC
    [2] sp=0x7069FED0 back=0x7069FF50 lr_sp4=0xBEBEBEBE lr_bc8=0xBCBCBCBC
    [3] sp=0x7069FF50 back=0xBEBEBEBE lr_sp4=0xBEBEBEBE lr_bc8=0x00000000
    [3] END: back=0xBEBEBEBE (zero=0 same=0 valid=0)
  Thread 24: LR=0x82844CF8 [?] SP=0x706FFD80
    Stack frame walk:
      [ 0] sp=0x706FFD80 -> 0x706FFE00  LR=0xBEBEBEBE []
      [ 1] sp=0x706FFE00 -> 0x706FFE60  LR=0xBEBEBEBE []
      [ 2] sp=0x706FFE60 -> 0x706FFED0  LR=0xBEBEBEBE []
      [ 3] sp=0x706FFED0 -> 0x706FFF50  LR=0xBEBEBEBE []
      [ 4] sp=0x706FFF50 -> 0xBEBEBEBE  LR=0x00000000 []
    [0] sp=0x706FFD80 back=0x706FFE00 lr_sp4=0xBEBEBEBE lr_bc8=0x82527ACC
    [1] sp=0x706FFE00 back=0x706FFE60 lr_sp4=0xBEBEBEBE lr_bc8=0x827CAFD0
    [2] sp=0x706FFE60 back=0x706FFED0 lr_sp4=0xBEBEBEBE lr_bc8=0x8284D6DC
    [3] sp=0x706FFED0 back=0x706FFF50 lr_sp4=0xBEBEBEBE lr_bc8=0xBCBCBCBC
    [4] sp=0x706FFF50 back=0xBEBEBEBE lr_sp4=0xBEBEBEBE lr_bc8=0x00000000
    [4] END: back=0xBEBEBEBE (zero=0 same=0 valid=0)
i> F80000F0 VdSwap(BE04C990, 703FFA40, FFC9B008, 703FFA90, BEEF0001, 703FFA30, 703FFA2C, 703FFA28, 703FFA20, 703FFA24)
i> F8000004 XE_SWAP
i> F8000004 NullGPU: LoadShader #12200 type=0 addr=0x1E0D1204 dwords=15
i> F80000F0 VdSwap(BE0D44D0, 703FFA40, FFC9B008, 703FFA90, BEEF0001, 703FFA30, 703FFA2C, 703FFA28, 703FFA20, 703FFA24)
i> F8000004 XE_SWAP
i> F80000F0 VdSwap(BE15BFD0, 703FFA40, FFC9B008, 703FFA90, BEEF0001, 703FFA30, 703FFA2C, 703FFA28, 703FFA20, 703FFA24)
i> F8000004 XE_SWAP
i> F80000F0 VdSwap(BE1E3AD0, 703FFA40, FFC9B008, 703FFA90, BEEF0001, 703FFA30, 703FFA2C, 703FFA28, 703FFA20, 703FFA24)
i> F8000004 XE_SWAP
i> F8000004 NullGPU: LoadShader #12300 type=1 addr=0x1CA80040 dwords=15
i> F80000F0 VdSwap(BE26B650, 703FFA40, FFC9B008, 703FFA90, BEEF0001, 703FFA30, 703FFA2C, 703FFA28, 703FFA20, 703FFA24)
i> F8000004 XE_SWAP
i> F80000F0 VdSwap(BE2F3150, 703FFA40, FFC9B008, 703FFA90, BEEF0001, 703FFA30, 703FFA2C, 703FFA28, 703FFA20, 703FFA24)
i> F8000004 XE_SWAP
i> F80000F0 VdSwap(BE37AC50, 703FFA40, FFC9B008, 703FFA90, BEEF0001, 703FFA30, 703FFA2C, 703FFA28, 703FFA20, 703FFA24)
i> F8000004 XE_SWAP
i> F8000004 NullGPU: LoadShader #12400 type=0 addr=0x1E3FEF50 dwords=27
i> F80000F0 VdSwap(BE402750, 703FFA40, FFC9B008, 703FFA90, BEEF0001, 703FFA30, 703FFA2C, 703FFA28, 703FFA20, 703FFA24)
i> F8000004 XE_SWAP
i> F8000004 NullGPU: IssueDraw #49000 prim=1 indices=1
i> F80000F0 VdSwap(BE48A2F0, 703FFA40, FFC9B008, 703FFA90, BEEF0001, 703FFA30, 703FFA2C, 703FFA28, 703FFA20, 703FFA24)
i> F8000004 XE_SWAP
i> F80000F0 VdSwap(BE511DD0, 703FFA40, FFC9B008, 703FFA90, BEEF0001, 703FFA30, 703FFA2C, 703FFA28, 703FFA20, 703FFA24)
i> F8000004 XE_SWAP
i> F8000004 NullGPU: LoadShader #12500 type=0 addr=0x1FC97014 dwords=24
i> F80000F0 VdSwap(BE5998D0, 703FFA40, FFC9B008, 703FFA90, BEEF0001, 703FFA30, 703FFA2C, 703FFA28, 703FFA20, 703FFA24)
i> F8000004 XE_SWAP
i> F80000F0 VdSwap(BE621450, 703FFA40, FFC9B008, 703FFA90, BEEF0001, 703FFA30, 703FFA2C, 703FFA28, 703FFA20, 703FFA24)
i> F8000004 XE_SWAP
i> F80000F0 VdSwap(BE6A8FD0, 703FFA40, FFC9B008, 703FFA90, BEEF0001, 703FFA30, 703FFA2C, 703FFA28, 703FFA20, 703FFA24)
i> F8000004 XE_SWAP
i> F8000004 NullGPU: LoadShader #12600 type=0 addr=0x1E72CF78 dwords=15
i> F80000F0 VdSwap(BE730B50, 703FFA40, FFC9B008, 703FFA90, BEEF0001, 703FFA30, 703FFA2C, 703FFA28, 703FFA20, 703FFA24)
i> F8000004 XE_SWAP
i> F80000F0 VdSwap(BE7B8650, 703FFA40, FFC9B008, 703FFA90, BEEF0001, 703FFA30, 703FFA2C, 703FFA28, 703FFA20, 703FFA24)
i> F8000004 XE_SWAP
i> F8000004 NullGPU: IssueDraw #50000 prim=1 indices=1
i> F80000F0 VdSwap(BE840150, 703FFA40, FFC9B008, 703FFA90, BEEF0001, 703FFA30, 703FFA2C, 703FFA28, 703FFA20, 703FFA24)
i> F8000004 XE_SWAP
i> F8000004 NullGPU: LoadShader #12700 type=1 addr=0x1CA7B1C0 dwords=15
i> F80000F0 VdSwap(BE8C7CD0, 703FFA40, FFC9B008, 703FFA90, BEEF0001, 703FFA30, 703FFA2C, 703FFA28, 703FFA20, 703FFA24)
i> F8000004 XE_SWAP
i> F80000F0 VdSwap(BE94F7D0, 703FFA40, FFC9B008, 703FFA90, BEEF0001, 703FFA30, 703FFA2C, 703FFA28, 703FFA20, 703FFA24)
i> F8000004 XE_SWAP
i> F80000F0 VdSwap(BE9D72D0, 703FFA40, FFC9B008, 703FFA90, BEEF0001, 703FFA30, 703FFA2C, 703FFA28, 703FFA20, 703FFA24)
i> F8000004 XE_SWAP
i> F8000004 NullGPU: LoadShader #12800 type=0 addr=0x1FC97014 dwords=24
i> F80000F0 VdSwap(BEA5EDD0, 703FFA40, FFC9B008, 703FFA90, BEEF0001, 703FFA30, 703FFA2C, 703FFA28, 703FFA20, 703FFA24)
i> F8000004 XE_SWAP
i> F80000F0 VdSwap(BEAE68D0, 703FFA40, FFC9B008, 703FFA90, BEEF0001, 703FFA30, 703FFA2C, 703FFA28, 703FFA20, 703FFA24)
i> F8000004 XE_SWAP
i> F80000F0 VdSwap(BEB6E3D0, 703FFA40, FFC9B008, 703FFA90, BEEF0001, 703FFA30, 703FFA2C, 703FFA28, 703FFA20, 703FFA24)
i> F8000004 XE_SWAP
i> F8000004 NullGPU: LoadShader #12900 type=0 addr=0x1EBF1BCC dwords=27
i> F800002C NtReadFile #2000 tid=6 handle=0xF800008C len=65536 offset=613548032
i> F80000F0 VdSwap(BEBF5ED0, 703FFA40, FFC9B008, 703FFA90, BEEF0001, 703FFA30, 703FFA2C, 703FFA28, 703FFA20, 703FFA24)
i> F8000004 XE_SWAP
i> F8000004 NullGPU: IssueDraw #51000 prim=6 indices=4
i> F80000F0 VdSwap(BEC7D9D0, 703FFA40, FFC9B008, 703FFA90, BEEF0001, 703FFA30, 703FFA2C, 703FFA28, 703FFA20, 703FFA24)
i> F8000004 XE_SWAP
i> F80000F0 VdSwap(BED054D0, 703FFA40, FFC9B008, 703FFA90, BEEF0001, 703FFA30, 703FFA2C, 703FFA28, 703FFA20, 703FFA24)
i> F8000004 XE_SWAP
i> F8000004 NullGPU: LoadShader #13000 type=0 addr=0x1CA87000 dwords=42
i> F80000F0 VdSwap(BED8CFD0, 703FFA40, FFC9B008, 703FFA90, BEEF0001, 703FFA30, 703FFA2C, 703FFA28, 703FFA20, 703FFA24)
i> F8000004 XE_SWAP
i> F80000F0 VdSwap(BEE14AD0, 703FFA40, FFC9B008, 703FFA90, BEEF0001, 703FFA30, 703FFA2C, 703FFA28, 703FFA20, 703FFA24)
i> F8000004 XE_SWAP
i> F80000F0 VdSwap(BEE9C670, 703FFA40, FFC9B008, 703FFA90, BEEF0001, 703FFA30, 703FFA2C, 703FFA28, 703FFA20, 703FFA24)
i> F8000004 NullGPU: LoadShader #13100 type=1 addr=0x1FC97080 dwords=9
i> F8000004 XE_SWAP
i> F80000F0 VdSwap(BEF24150, 703FFA40, FFC9B008, 703FFA90, BEEF0001, 703FFA30, 703FFA2C, 703FFA28, 703FFA20, 703FFA24)
i> F8000004 XE_SWAP
i> F80000F0 VdSwap(BEFABC10, 703FFA40, FFC9B008, 703FFA90, BEEF0001, 703FFA30, 703FFA2C, 703FFA28, 703FFA20, 703FFA24)
i> F8000004 XE_SWAP
i> F8000004 NullGPU: IssueDraw #52000 prim=1 indices=1
i> F8000004 NullGPU: LoadShader #13200 type=0 addr=0x1F0332F0 dwords=15
i> F80000F0 VdSwap(BF033710, 703FFA40, FFC9B008, 703FFA90, BEEF0001, 703FFA30, 703FFA2C, 703FFA28, 703FFA20, 703FFA24)
i> F8000004 XE_SWAP
i> F80000F0 VdSwap(BF0BB210, 703FFA40, FFC9B008, 703FFA90, BEEF0001, 703FFA30, 703FFA2C, 703FFA28, 703FFA20, 703FFA24)
i> F8000004 XE_SWAP
i> F80000F0 VdSwap(BF142D50, 703FFA40, FFC9B008, 703FFA90, BEEF0001, 703FFA30, 703FFA2C, 703FFA28, 703FFA20, 703FFA24)
i> F80000F0 VdSwap #400 tid=14 1280x720
i> F8000004 XE_SWAP
i> F8000004 NullGPU: IssueSwap #400 fb_ptr=0x1D1C8000 1280x720
i> F8000004 NullGPU: LoadShader #13300 type=1 addr=0x1FC97080 dwords=9
i> F80000F0 VdSwap(BF1CA8D0, 703FFA40, FFC9B008, 703FFA90, BEEF0001, 703FFA30, 703FFA2C, 703FFA28, 703FFA20, 703FFA24)
i> F8000004 XE_SWAP
i> F80000F0 VdSwap(BF2523D0, 703FFA40, FFC9B008, 703FFA90, BEEF0001, 703FFA30, 703FFA2C, 703FFA28, 703FFA20, 703FFA24)
i> F8000004 XE_SWAP
i> F80000F0 VdSwap(BF2D9F70, 703FFA40, FFC9B008, 703FFA90, BEEF0001, 703FFA30, 703FFA2C, 703FFA28, 703FFA20, 703FFA24)
i> F8000004 XE_SWAP
i> F8000004 NullGPU: LoadShader #13400 type=0 addr=0x1CA7F000 dwords=42
i> F80000F0 VdSwap(BF361A50, 703FFA40, FFC9B008, 703FFA90, BEEF0001, 703FFA30, 703FFA2C, 703FFA28, 703FFA20, 703FFA24)
i> F8000004 XE_SWAP
i> F80000F0 VdSwap(BF3E95D0, 703FFA40, FFC9B008, 703FFA90, BEEF0001, 703FFA30, 703FFA2C, 703FFA28, 703FFA20, 703FFA24)
i> F8000004 XE_SWAP
i> F8000004 NullGPU: IssueDraw #53000 prim=1 indices=1
i> F80000F0 VdSwap(BF4710D0, 703FFA40, FFC9B008, 703FFA90, BEEF0001, 703FFA30, 703FFA2C, 703FFA28, 703FFA20, 703FFA24)
i> F8000004 XE_SWAP
i> F8000004 NullGPU: LoadShader #13500 type=0 addr=0x1F4F87B0 dwords=15
i> F80000F0 VdSwap(BF4F8BD0, 703FFA40, FFC9B008, 703FFA90, BEEF0001, 703FFA30, 703FFA2C, 703FFA28, 703FFA20, 703FFA24)
i> F8000004 XE_SWAP
i> F80000F0 VdSwap(BF5806D0, 703FFA40, FFC9B008, 703FFA90, BEEF0001, 703FFA30, 703FFA2C, 703FFA28, 703FFA20, 703FFA24)
i> F8000004 XE_SWAP
timeout: the monitored command dumped core
